"date","book","game","game_id","prop_type","bet_level_1","bet_level_2","bet_level_3","bet_location","bet_status","prob_model","line_model","prob_book","line_book","edge","kelly","units","units_standardized","run_timestamp_utc","timestamp_id","play","result","units_bet","units_net","units_standardized_bet","units_standardized_net","unique_play"
2024-06-07,"FanDuel","DAL @ LAS",1022400058,"FPTS","First Points","Player","Game","Home/Away","Favorite/Underdog",0.0968,933,0.0714,1300,0.0254,0.0137,1.3668,1.43873684210526,2024-06-07 22:41:22,1,"Kia Nurse","Loss",1.3668,-1.3668,1.43873684210526,-1.43873684210526,"FPTS_Kia Nurse_2024-06-07"
2024-06-07,"Caesars","DAL @ LAS",1022400058,"FPTS","First Points","Player","Game","Home/Away","Favorite/Underdog",0.1089,818,0.0952,950,0.0137,0.0076,0.7574,0.797263157894737,2024-06-07 22:41:22,1,"Monique Billings","Win",0.7574,7.1953,0.797263157894737,7.574,"FPTS_Monique Billings_2024-06-07"
2024-06-07,"Caesars","DAL @ LAS",1022400058,"FPTS","First Points","Player","Game","Home/Away","Favorite/Underdog",0.0966,935,0.0769,1200,0.0197,0.0107,1.068,1.12421052631579,2024-06-07 22:41:22,1,"Rickea Jackson","Loss",1.068,-1.068,1.12421052631579,-1.12421052631579,"FPTS_Rickea Jackson_2024-06-07"
2024-06-07,"Draft Kings","DAL @ LAS",1022400058,"FPTS","First FGM","Player","Game","Home/Away","Favorite/Underdog",0.0749,1234,0.0556,1700,0.0194,0.0103,1.0268,1.08084210526316,2024-06-07 22:41:22,1,"Sevgi Uzun","Loss",1.0268,-1.0268,1.08084210526316,-1.08084210526316,"FPTS_Sevgi Uzun_2024-06-07"
2024-06-07,"FanDuel","DAL @ LAS",1022400058,"FPTS Team","First Points","Player","Team","Home/Away","Favorite/Underdog",0.191,424,0.1538,550,0.0372,0.022,2.1966,1.44513157894737,2024-06-07 22:41:22,1,"Kia Nurse","Loss",2.1966,-2.1966,1.44513157894737,-1.44513157894737,"FPTS Team_Kia Nurse_2024-06-07"
2024-06-07,"FanDuel","DAL @ LAS",1022400058,"FPTS Team","First Points","Player","Team","Home/Away","Favorite/Underdog",0.1907,424,0.1786,460,0.0121,0.0074,0.737,0.484868421052632,2024-06-07 22:41:22,1,"Rickea Jackson","Loss",0.737,-0.737,0.484868421052632,-0.484868421052632,"FPTS Team_Rickea Jackson_2024-06-07"
2024-06-07,"FanDuel","DAL @ LAS",1022400058,"FPTS Team","First Points","Player","Team","Home/Away","Favorite/Underdog",0.1396,616,0.1053,850,0.0344,0.0192,1.9199,1.26309210526316,2024-06-07 22:41:22,1,"Sevgi Uzun","Loss",1.9199,-1.9199,1.26309210526316,-1.26309210526316,"FPTS Team_Sevgi Uzun_2024-06-07"
2024-06-07,"Caesars","IND @ WAS",1022400056,"FPTS","First Points","Player","Game","Home/Away","Favorite/Underdog",0.1439,595,0.1,900,0.0439,0.0244,2.4412,2.56968421052632,2024-06-07 22:41:22,1,"Aaliyah Edwards","Loss",2.4412,-2.4412,2.56968421052632,-2.56968421052632,"FPTS_Aaliyah Edwards_2024-06-07"
2024-06-07,"BetRivers","IND @ WAS",1022400056,"FPTS","First FGM","Player","Game","Home/Away","Favorite/Underdog",0.0787,1170,0.0667,1400,0.012,0.0065,0.6454,0.679368421052632,2024-06-07 22:41:22,1,"Kristy Wallace","Loss",0.6454,-0.6454,0.679368421052632,-0.679368421052632,"FPTS_Kristy Wallace_2024-06-07"
2024-06-07,"FanDuel","IND @ WAS",1022400056,"FPTS Team","First Points","Player","Team","Home/Away","Favorite/Underdog",0.288,247,0.2,400,0.088,0.055,5.4975,3.61677631578947,2024-06-07 22:41:22,1,"Aaliyah Edwards","Win",5.4975,21.99,3.61677631578947,14.4671052631579,"FPTS Team_Aaliyah Edwards_2024-06-07"
2024-06-07,"FanDuel","IND @ WAS",1022400056,"FPTS Team","First Points","Player","Team","Home/Away","Favorite/Underdog",0.2394,318,0.2222,350,0.0172,0.011,1.1034,0.725921052631579,2024-06-07 22:41:22,1,"Aliyah Boston","Loss",1.1034,-1.1034,0.725921052631579,-0.725921052631579,"FPTS Team_Aliyah Boston_2024-06-07"
2024-06-07,"FanDuel","IND @ WAS",1022400056,"FPTS Team","First Points","Player","Team","Home/Away","Favorite/Underdog",0.1485,573,0.1176,750,0.0309,0.0175,1.7505,1.15164473684211,2024-06-07 22:41:22,1,"Kristy Wallace","Loss",1.7505,-1.7505,1.15164473684211,-1.15164473684211,"FPTS Team_Kristy Wallace_2024-06-07"
2024-06-07,"Draft Kings","MIN @ PHO",1022400059,"FPTS","First FGM","Player","Game","Home/Away","Favorite/Underdog",0.0694,1340,0.0556,1700,0.0139,0.0073,0.7345,0.773157894736842,2024-06-07 22:41:22,1,"Bridget Carleton","Loss",0.7345,-0.7345,0.773157894736842,-0.773157894736842,"FPTS_Bridget Carleton_2024-06-07"
2024-06-07,"BetRivers","MIN @ PHO",1022400059,"FPTS","First FGM","Player","Game","Home/Away","Favorite/Underdog",0.0847,1080,0.0667,1400,0.0181,0.0097,0.9671,1.018,2024-06-07 22:41:22,1,"Natasha Cloud","Loss",0.9671,-0.9671,1.018,-1.018,"FPTS_Natasha Cloud_2024-06-07"
2024-06-07,"FanDuel","MIN @ PHO",1022400059,"FPTS Team","First Points","Player","Team","Home/Away","Favorite/Underdog",0.1566,538,0.1333,650,0.0233,0.0134,1.3441,0.884276315789474,2024-06-08 01:39:37,1,"Natasha Cloud","Loss",1.3441,-1.3441,0.884276315789474,-0.884276315789474,"FPTS Team_Natasha Cloud_2024-06-07"
2024-06-07,"Caesars","SEA @ LVA",1022400057,"FPTS","First Points","Player","Game","Home/Away","Favorite/Underdog",0.0949,953,0.0833,1100,0.0116,0.0063,0.6332,0.666526315789474,2024-06-07 22:41:22,1,"Skylar Diggins-Smith","Loss",0.3166,-0.3166,0.333263157894737,-0.333263157894737,"FPTS_Skylar Diggins-Smith_2024-06-07"
2024-06-07,"FanDuel","SEA @ LVA",1022400057,"FPTS","First Points","Player","Game","Home/Away","Favorite/Underdog",0.0949,953,0.0833,1100,0.0116,0.0063,0.6332,0.666526315789474,2024-06-07 22:41:22,1,"Skylar Diggins-Smith","Loss",0.3166,-0.3166,0.333263157894737,-0.333263157894737,"FPTS_Skylar Diggins-Smith_2024-06-07"
2024-06-07,"Draft Kings","SEA @ LVA",1022400057,"FPTS","First FGM","Player","Game","Home/Away","Favorite/Underdog",0.0824,1113,0.0588,1600,0.0236,0.0125,1.2538,1.31978947368421,2024-06-07 22:41:22,1,"Victoria Vivians","Loss",1.2538,-1.2538,1.31978947368421,-1.31978947368421,"FPTS_Victoria Vivians_2024-06-07"
2024-06-07,"FanDuel","SEA @ LVA",1022400057,"FPTS Team","First Points","Player","Team","Home/Away","Favorite/Underdog",0.1382,624,0.1053,850,0.0329,0.0184,1.8386,1.20960526315789,2024-06-07 22:41:22,1,"Alysha Clark","Win",1.8386,15.6281,1.20960526315789,10.2816447368421,"FPTS Team_Alysha Clark_2024-06-07"
2024-06-07,"FanDuel","SEA @ LVA",1022400057,"FPTS Team","First Points","Player","Team","Home/Away","Favorite/Underdog",0.2009,398,0.1887,430,0.0123,0.0076,0.756,0.497368421052632,2024-06-07 22:41:22,1,"Ezi Magbegor","Win",0.756,3.2508,0.497368421052632,2.13868421052632,"FPTS Team_Ezi Magbegor_2024-06-07"
2024-06-07,"FanDuel","SEA @ LVA",1022400057,"FPTS Team","First Points","Player","Team","Home/Away","Favorite/Underdog",0.188,432,0.1667,500,0.0213,0.0128,1.2798,0.841973684210526,2024-06-07 22:41:22,1,"Skylar Diggins-Smith","Loss",1.2798,-1.2798,0.841973684210526,-0.841973684210526,"FPTS Team_Skylar Diggins-Smith_2024-06-07"
2024-06-07,"FanDuel","SEA @ LVA",1022400057,"FPTS Team","First Points","Player","Team","Home/Away","Favorite/Underdog",0.1491,571,0.1333,650,0.0158,0.0091,0.9105,0.599013157894737,2024-06-07 22:41:22,1,"Victoria Vivians","Loss",0.9105,-0.9105,0.599013157894737,-0.599013157894737,"FPTS Team_Victoria Vivians_2024-06-07"
2024-06-08,"Caesars","ATL @ CHI",1022400061,"FPTS","First Points","Player","Game","Home/Away","Favorite/Underdog",0.1228,714,0.0909,1000,0.0319,0.0175,1.7548,1.84715789473684,2024-06-08 15:07:43,1,"Cheyenne Parker-Tyus","Loss",0.8774,-0.8774,0.923578947368421,-0.923578947368421,"FPTS_Cheyenne Parker-Tyus_2024-06-08"
2024-06-08,"FanDuel","ATL @ CHI",1022400061,"FPTS","First Points","Player","Game","Home/Away","Favorite/Underdog",0.1228,714,0.0909,1000,0.0319,0.0175,1.7548,1.84715789473684,2024-06-08 15:07:43,1,"Cheyenne Parker-Tyus","Loss",0.8774,-0.8774,0.923578947368421,-0.923578947368421,"FPTS_Cheyenne Parker-Tyus_2024-06-08"
2024-06-08,"Caesars","ATL @ CHI",1022400061,"FPTS","First Points","Player","Game","Home/Away","Favorite/Underdog",0.1245,703,0.1111,800,0.0134,0.0075,0.7548,0.794526315789474,2024-06-08 20:17:36,1,"Diamond DeShields","Loss",0.7548,-0.7548,0.794526315789474,-0.794526315789474,"FPTS_Diamond DeShields_2024-06-08"
2024-06-08,"FanDuel","ATL @ CHI",1022400061,"FPTS Team","First Points","Player","Team","Home/Away","Favorite/Underdog",0.2456,307,0.1667,500,0.079,0.0474,4.7377,3.11690789473684,2024-06-08 15:07:43,1,"Cheyenne Parker-Tyus","Loss",4.7377,-4.7377,3.11690789473684,-3.11690789473684,"FPTS Team_Cheyenne Parker-Tyus_2024-06-08"
2024-06-08,"FanDuel","ATL @ CHI",1022400061,"FPTS Team","First Points","Player","Team","Home/Away","Favorite/Underdog",0.2414,314,0.2222,350,0.0192,0.0124,1.2352,0.812631578947368,2024-06-08 15:07:43,1,"Diamond DeShields","Loss",1.2352,-1.2352,0.812631578947368,-0.812631578947368,"FPTS Team_Diamond DeShields_2024-06-08"
2024-06-08,"FanDuel","ATL @ CHI",1022400061,"FPTS Team","First Points","Player","Team","Home/Away","Favorite/Underdog",0.183,446,0.1667,500,0.0163,0.0098,0.9797,0.64453947368421,2024-06-08 20:17:36,1,"Kamilla Cardoso","Loss",0.9797,-0.9797,0.64453947368421,-0.64453947368421,"FPTS Team_Kamilla Cardoso_2024-06-08"
2024-06-08,"Draft Kings","NYL @ CON",1022400060,"FPTS","First FGM","Player","Game","Home/Away","Favorite/Underdog",0.0934,970,0.0833,1100,0.0101,0.0055,0.5503,0.579263157894737,2024-06-08 15:07:43,1,"DiJonai Carrington","Loss",0.27515,-0.27515,0.289631578947368,-0.289631578947368,"FPTS_DiJonai Carrington_2024-06-08"
2024-06-08,"MGM","NYL @ CON",1022400060,"FPTS","First FGM","Player","Game","Home/Away","Favorite/Underdog",0.0934,970,0.0833,1100,0.0101,0.0055,0.5503,0.579263157894737,2024-06-08 15:07:43,1,"DiJonai Carrington","Loss",0.27515,-0.27515,0.289631578947368,-0.289631578947368,"FPTS_DiJonai Carrington_2024-06-08"
2024-06-08,"Caesars","NYL @ CON",1022400060,"FPTS","First Points","Player","Game","Home/Away","Favorite/Underdog",0.0951,951,0.0769,1200,0.0182,0.0098,0.9849,1.03673684210526,2024-06-08 15:07:43,1,"Kayla Thornton","Loss",0.9849,-0.9849,1.03673684210526,-1.03673684210526,"FPTS_Kayla Thornton_2024-06-08"
2024-06-08,"MGM","NYL @ CON",1022400060,"FPTS Team","First FGM","Player","Team","Home/Away","Favorite/Underdog",0.2068,383,0.1739,475,0.0329,0.0199,1.9925,1.31085526315789,2024-06-08 15:07:43,1,"DiJonai Carrington","Win",1.9925,9.464375,1.31085526315789,6.2265625,"FPTS Team_DiJonai Carrington_2024-06-08"
2024-06-08,"FanDuel","NYL @ CON",1022400060,"FPTS Team","First Points","Player","Team","Home/Away","Favorite/Underdog",0.1747,472,0.125,700,0.0497,0.0284,2.8391,1.86782894736842,2024-06-08 15:07:43,1,"Kayla Thornton","Loss",2.8391,-2.8391,1.86782894736842,-1.86782894736842,"FPTS Team_Kayla Thornton_2024-06-08"
2024-06-09,"BetRivers","LVA @ LAS",1022400065,"FPTS","First FGM","Player","Game","Home/Away","Favorite/Underdog",0.0772,1196,0.0625,1500,0.0147,0.0078,0.7815,0.822631578947368,2024-06-09 17:47:40,1,"Alysha Clark","Loss",0.39075,-0.39075,0.411315789473684,-0.411315789473684,"FPTS_Alysha Clark_2024-06-09"
2024-06-09,"MGM","LVA @ LAS",1022400065,"FPTS","First FGM","Player","Game","Home/Away","Favorite/Underdog",0.0772,1196,0.0625,1500,0.0147,0.0078,0.7815,0.822631578947368,2024-06-09 17:47:40,1,"Alysha Clark","Loss",0.39075,-0.39075,0.411315789473684,-0.411315789473684,"FPTS_Alysha Clark_2024-06-09"
2024-06-09,"Caesars","LVA @ LAS",1022400065,"FPTS","First Points","Player","Game","Home/Away","Favorite/Underdog",0.0937,967,0.0625,1500,0.0312,0.0166,1.6648,1.75242105263158,2024-06-09 17:47:40,1,"Rickea Jackson","Loss",0.8324,-0.8324,0.87621052631579,-0.87621052631579,"FPTS_Rickea Jackson_2024-06-09"
2024-06-09,"FanDuel","LVA @ LAS",1022400065,"FPTS","First Points","Player","Game","Home/Away","Favorite/Underdog",0.0937,967,0.0625,1500,0.0312,0.0166,1.6648,1.75242105263158,2024-06-09 17:47:40,1,"Rickea Jackson","Loss",0.8324,-0.8324,0.87621052631579,-0.87621052631579,"FPTS_Rickea Jackson_2024-06-09"
2024-06-09,"MGM","LVA @ LAS",1022400065,"FPTS Team","First FGM","Player","Team","Home/Away","Favorite/Underdog",0.1551,545,0.1111,800,0.044,0.0247,2.4724,1.62657894736842,2024-06-09 17:47:40,1,"Alysha Clark","Loss",2.4724,-2.4724,1.62657894736842,-1.62657894736842,"FPTS Team_Alysha Clark_2024-06-09"
2024-06-09,"FanDuel","LVA @ LAS",1022400065,"FPTS Team","First Points","Player","Team","Home/Away","Favorite/Underdog",0.1863,437,0.1333,650,0.053,0.0306,3.0565,2.0108552631579,2024-06-09 17:47:40,1,"Rickea Jackson","Loss",3.0565,-3.0565,2.0108552631579,-2.0108552631579,"FPTS Team_Rickea Jackson_2024-06-09"
2024-06-09,"Draft Kings","PHO @ DAL",1022400063,"FPTS","First FGM","Player","Game","Home/Away","Favorite/Underdog",0.0838,1093,0.0667,1400,0.0172,0.0092,0.92,0.968421052631579,2024-06-09 17:47:40,1,"Natasha Cloud","Loss",0.92,-0.92,0.968421052631579,-0.968421052631579,"FPTS_Natasha Cloud_2024-06-09"
2024-06-09,"Draft Kings","PHO @ DAL",1022400063,"FPTS","First FGM","Player","Game","Home/Away","Favorite/Underdog",0.0691,1348,0.0476,2000,0.0215,0.0113,1.1269,1.18621052631579,2024-06-09 17:47:40,1,"Sevgi Uzun","Loss",0.56345,-0.56345,0.593105263157895,-0.593105263157895,"FPTS_Sevgi Uzun_2024-06-09"
2024-06-09,"MGM","PHO @ DAL",1022400063,"FPTS","First FGM","Player","Game","Home/Away","Favorite/Underdog",0.0691,1348,0.0476,2000,0.0215,0.0113,1.1269,1.18621052631579,2024-06-09 17:47:40,1,"Sevgi Uzun","Loss",0.56345,-0.56345,0.593105263157895,-0.593105263157895,"FPTS_Sevgi Uzun_2024-06-09"
2024-06-09,"MGM","PHO @ DAL",1022400063,"FPTS Team","First FGM","Player","Team","Home/Away","Favorite/Underdog",0.215,365,0.2,400,0.015,0.0094,0.9379,0.61703947368421,2024-06-09 17:47:40,1,"Monique Billings","Win",0.9379,3.7516,0.61703947368421,2.46815789473684,"FPTS Team_Monique Billings_2024-06-09"
2024-06-09,"MGM","PHO @ DAL",1022400063,"FPTS Team","First FGM","Player","Team","Home/Away","Favorite/Underdog",0.1528,554,0.1333,650,0.0195,0.0112,1.1239,0.739407894736842,2024-06-09 17:47:40,1,"Natasha Cloud","Loss",1.1239,-1.1239,0.739407894736842,-0.739407894736842,"FPTS Team_Natasha Cloud_2024-06-09"
2024-06-09,"FanDuel","PHO @ DAL",1022400063,"FPTS Team","First Points","Player","Team","Home/Away","Favorite/Underdog",0.1473,579,0.1333,650,0.0139,0.008,0.8047,0.529407894736842,2024-06-09 17:47:40,1,"Rebecca Allen","Loss",0.8047,-0.8047,0.529407894736842,-0.529407894736842,"FPTS Team_Rebecca Allen_2024-06-09"
2024-06-09,"MGM","PHO @ DAL",1022400063,"FPTS Team","First FGM","Player","Team","Home/Away","Favorite/Underdog",0.1531,553,0.1,900,0.0531,0.0295,2.9477,1.93927631578947,2024-06-09 17:47:40,1,"Sevgi Uzun","Loss",2.9477,-2.9477,1.93927631578947,-1.93927631578947,"FPTS Team_Sevgi Uzun_2024-06-09"
2024-06-09,"Draft Kings","SEA @ MIN",1022400064,"FPTS","First FGM","Player","Game","Home/Away","Favorite/Underdog",0.0966,935,0.0833,1100,0.0132,0.0072,0.7224,0.760421052631579,2024-06-09 17:47:40,1,"Alanna Smith","Loss",0.7224,-0.7224,0.760421052631579,-0.760421052631579,"FPTS_Alanna Smith_2024-06-09"
2024-06-09,"Draft Kings","SEA @ MIN",1022400064,"FPTS","First FGM","Player","Game","Home/Away","Favorite/Underdog",0.0726,1277,0.0476,2000,0.025,0.0131,1.312,1.38105263157895,2024-06-09 17:47:40,1,"Bridget Carleton","Win",1.312,26.24,1.38105263157895,27.621052631579,"FPTS_Bridget Carleton_2024-06-09"
2024-06-09,"Draft Kings","SEA @ MIN",1022400064,"FPTS","First FGM","Player","Game","Home/Away","Favorite/Underdog",0.0863,1059,0.0714,1300,0.0148,0.008,0.7986,0.840631578947368,2024-06-09 17:47:40,1,"Victoria Vivians","Loss",0.7986,-0.7986,0.840631578947368,-0.840631578947368,"FPTS_Victoria Vivians_2024-06-09"
2024-06-09,"FanDuel","SEA @ MIN",1022400064,"FPTS Team","First Points","Player","Team","Home/Away","Favorite/Underdog",0.2033,392,0.1887,430,0.0146,0.009,0.902,0.593421052631579,2024-06-09 17:47:40,1,"Ezi Magbegor","Loss",0.902,-0.902,0.593421052631579,-0.593421052631579,"FPTS Team_Ezi Magbegor_2024-06-09"
2024-06-09,"FanDuel","SEA @ MIN",1022400064,"FPTS Team","First Points","Player","Team","Home/Away","Favorite/Underdog",0.1853,440,0.1667,500,0.0186,0.0112,1.116,0.73421052631579,2024-06-09 17:47:40,1,"Skylar Diggins-Smith","Loss",1.116,-1.116,0.73421052631579,-0.73421052631579,"FPTS Team_Skylar Diggins-Smith_2024-06-09"
2024-06-09,"MGM","SEA @ MIN",1022400064,"FPTS Team","First FGM","Player","Team","Home/Away","Favorite/Underdog",0.1647,507,0.1333,650,0.0313,0.0181,1.8084,1.18973684210526,2024-06-09 17:47:40,1,"Victoria Vivians","Loss",1.8084,-1.8084,1.18973684210526,-1.18973684210526,"FPTS Team_Victoria Vivians_2024-06-09"
2024-06-09,"Caesars","WAS @ NYL",1022400062,"FPTS","First Points","Player","Game","Home/Away","Favorite/Underdog",0.1371,629,0.0769,1200,0.0602,0.0326,3.2601,3.43168421052632,2024-06-09 17:47:40,1,"Aaliyah Edwards","Loss",1.63005,-1.63005,1.71584210526316,-1.71584210526316,"FPTS_Aaliyah Edwards_2024-06-09"
2024-06-09,"FanDuel","WAS @ NYL",1022400062,"FPTS","First Points","Player","Game","Home/Away","Favorite/Underdog",0.1371,629,0.0769,1200,0.0602,0.0326,3.2601,3.43168421052632,2024-06-09 17:47:40,1,"Aaliyah Edwards","Loss",1.63005,-1.63005,1.71584210526316,-1.71584210526316,"FPTS_Aaliyah Edwards_2024-06-09"
2024-06-09,"BetRivers","WAS @ NYL",1022400062,"FPTS","First FGM","Player","Game","Home/Away","Favorite/Underdog",0.074,1252,0.0556,1700,0.0184,0.0098,0.975,1.02631578947368,2024-06-09 17:47:40,1,"Karlie Samuelson","Loss",0.975,-0.975,1.02631578947368,-1.02631578947368,"FPTS_Karlie Samuelson_2024-06-09"
2024-06-09,"Caesars","WAS @ NYL",1022400062,"FPTS","First Points","Player","Game","Home/Away","Favorite/Underdog",0.0938,966,0.0769,1200,0.0169,0.0091,0.9139,0.962,2024-06-09 17:47:40,1,"Kayla Thornton","Loss",0.9139,-0.9139,0.962,-0.962,"FPTS_Kayla Thornton_2024-06-09"
2024-06-09,"FanDuel","WAS @ NYL",1022400062,"FPTS Team","First Points","Player","Team","Home/Away","Favorite/Underdog",0.3115,221,0.2,400,0.1115,0.0697,6.9667,4.5833552631579,2024-06-09 17:47:40,1,"Aaliyah Edwards","Loss",6.9667,-6.9667,4.5833552631579,-4.5833552631579,"FPTS Team_Aaliyah Edwards_2024-06-09"
2024-06-09,"MGM","WAS @ NYL",1022400062,"FPTS Team","First FGM","Player","Team","Home/Away","Favorite/Underdog",0.2347,326,0.2222,350,0.0125,0.008,0.8049,0.52953947368421,2024-06-09 17:47:40,1,"Jonquel Jones","Loss",0.8049,-0.8049,0.52953947368421,-0.52953947368421,"FPTS Team_Jonquel Jones_2024-06-09"
2024-06-09,"FanDuel","WAS @ NYL",1022400062,"FPTS Team","First Points","Player","Team","Home/Away","Favorite/Underdog",0.1676,497,0.125,700,0.0426,0.0243,2.4316,1.59973684210526,2024-06-09 17:47:40,1,"Kayla Thornton","Loss",2.4316,-2.4316,1.59973684210526,-1.59973684210526,"FPTS Team_Kayla Thornton_2024-06-09"
2024-06-10,"BetRivers","IND @ CON",1022400066,"FPTS","First FGM","Player","Game","Home/Away","Favorite/Underdog",0.1231,713,0.1111,800,0.0119,0.0067,0.672,0.707368421052632,2024-06-10 21:33:24,1,"Aliyah Boston","Loss",0.672,-0.672,0.707368421052632,-0.707368421052632,"FPTS_Aliyah Boston_2024-06-10"
2024-06-10,"Draft Kings","IND @ CON",1022400066,"FPTS","First FGM","Player","Game","Home/Away","Favorite/Underdog",0.083,1105,0.0667,1400,0.0163,0.0088,0.875,0.921052631578948,2024-06-10 21:33:24,1,"Kristy Wallace","Win",0.4375,6.125,0.460526315789474,6.44736842105263,"FPTS_Kristy Wallace_2024-06-10"
2024-06-10,"MGM","IND @ CON",1022400066,"FPTS","First FGM","Player","Game","Home/Away","Favorite/Underdog",0.083,1105,0.0667,1400,0.0163,0.0088,0.875,0.921052631578948,2024-06-10 21:33:24,1,"Kristy Wallace","Win",0.4375,6.125,0.460526315789474,6.44736842105263,"FPTS_Kristy Wallace_2024-06-10"
2024-06-10,"MGM","IND @ CON",1022400066,"FPTS Team","First FGM","Player","Team","Home/Away","Favorite/Underdog",0.2058,386,0.1905,425,0.0153,0.0095,0.9466,0.622763157894737,2024-06-10 21:33:24,1,"DiJonai Carrington","Loss",0.9466,-0.9466,0.622763157894737,-0.622763157894737,"FPTS Team_DiJonai Carrington_2024-06-10"
2024-06-10,"FanDuel","IND @ CON",1022400066,"FPTS Team","First Points","Player","Team","Home/Away","Favorite/Underdog",0.1484,574,0.0909,1000,0.0575,0.0316,3.1638,2.08144736842105,2024-06-10 21:33:24,1,"Kristy Wallace","Win",3.1638,31.638,2.08144736842105,20.8144736842105,"FPTS Team_Kristy Wallace_2024-06-10"
2024-06-10,"MGM","IND @ CON",1022400066,"FPTS Team","First FGM","Player","Team","Home/Away","Favorite/Underdog",0.1544,548,0.1333,650,0.021,0.0121,1.2141,0.79875,2024-06-10 21:33:24,1,"Tyasha Harris","Loss",1.2141,-1.2141,0.79875,-0.79875,"FPTS Team_Tyasha Harris_2024-06-10"
2024-06-11,"ESPN","LAS @ SEA",1022400069,"FPTS","First Points","Player","Game","Home/Away","Favorite/Underdog",0.0949,954,0.0667,1400,0.0282,0.0151,1.5132,1.59284210526316,2024-06-11 14:26:53,1,"Rickea Jackson","Loss",0.7566,-0.7566,0.796421052631579,-0.796421052631579,"FPTS_Rickea Jackson_2024-06-11"
2024-06-11,"FanDuel","LAS @ SEA",1022400069,"FPTS","First Points","Player","Game","Home/Away","Favorite/Underdog",0.0949,954,0.0667,1400,0.0282,0.0151,1.5132,1.59284210526316,2024-06-11 14:26:53,1,"Rickea Jackson","Loss",0.7566,-0.7566,0.796421052631579,-0.796421052631579,"FPTS_Rickea Jackson_2024-06-11"
2024-06-11,"Draft Kings","LAS @ SEA",1022400069,"FPTS","First FGM","Player","Game","Home/Away","Favorite/Underdog",0.0836,1096,0.0588,1600,0.0248,0.0132,1.3182,1.38757894736842,2024-06-11 14:26:53,1,"Victoria Vivians","Loss",1.3182,-1.3182,1.38757894736842,-1.38757894736842,"FPTS_Victoria Vivians_2024-06-11"
2024-06-11,"MGM","LAS @ SEA",1022400069,"FPTS Team","First FGM","Player","Team","Home/Away","Favorite/Underdog",0.1793,458,0.1667,500,0.0127,0.0076,0.7601,0.500065789473684,2024-06-11 15:31:04,1,"Kia Nurse","Loss",0.7601,-0.7601,0.500065789473684,-0.500065789473684,"FPTS Team_Kia Nurse_2024-06-11"
2024-06-11,"FanDuel","LAS @ SEA",1022400069,"FPTS Team","First Points","Player","Team","Home/Away","Favorite/Underdog",0.1879,432,0.1333,650,0.0546,0.0315,3.149,2.07171052631579,2024-06-11 14:26:53,1,"Rickea Jackson","Loss",3.149,-3.149,2.07171052631579,-2.07171052631579,"FPTS Team_Rickea Jackson_2024-06-11"
2024-06-11,"FanDuel","LAS @ SEA",1022400069,"FPTS Team","First Points","Player","Team","Home/Away","Favorite/Underdog",0.1847,442,0.1667,500,0.018,0.0108,1.0792,0.71,2024-06-11 14:26:53,1,"Skylar Diggins-Smith","Loss",1.0792,-1.0792,0.71,-0.71,"FPTS Team_Skylar Diggins-Smith_2024-06-11"
2024-06-11,"FanDuel","LAS @ SEA",1022400069,"FPTS Team","First Points","Player","Team","Home/Away","Favorite/Underdog",0.1602,524,0.1333,650,0.0269,0.0155,1.551,1.02039473684211,2024-06-11 14:26:53,1,"Victoria Vivians","Loss",1.551,-1.551,1.02039473684211,-1.02039473684211,"FPTS Team_Victoria Vivians_2024-06-11"
2024-06-11,"MGM","LAS @ SEA",1022400069,"FPTS Team","First FGM","Player","Team","Home/Away","Favorite/Underdog",0.169,492,0.1333,650,0.0356,0.0206,2.056,1.35263157894737,2024-06-11 15:31:04,2,"Victoria Vivians","Loss",0.505,-0.505,0.332236842105263,-0.332236842105263,"FPTS Team_Victoria Vivians_2024-06-11"
2024-06-11,"BetRivers","MIN @ LVA",1022400068,"FPTS","First FGM","Player","Game","Home/Away","Favorite/Underdog",0.0826,1111,0.0667,1400,0.0159,0.0085,0.8509,0.895684210526316,2024-06-11 17:31:14,3,"Alysha Clark","Loss",0.8509,-0.8509,0.895684210526316,-0.895684210526316,"FPTS_Alysha Clark_2024-06-11"
2024-06-11,"Draft Kings","MIN @ LVA",1022400068,"FPTS","First FGM","Player","Game","Home/Away","Favorite/Underdog",0.0713,1303,0.0526,1800,0.0187,0.0098,0.9843,1.03610526315789,2024-06-11 14:26:53,1,"Bridget Carleton","Loss",0.9843,-0.9843,1.03610526315789,-1.03610526315789,"FPTS_Bridget Carleton_2024-06-11"
2024-06-11,"FanDuel","MIN @ LVA",1022400068,"FPTS Team","First Points","Player","Team","Home/Away","Favorite/Underdog",0.1426,601,0.1053,850,0.0373,0.0209,2.0867,1.37282894736842,2024-06-11 14:26:53,1,"Alysha Clark","Loss",2.0867,-2.0867,1.37282894736842,-1.37282894736842,"FPTS Team_Alysha Clark_2024-06-11"
2024-06-11,"MGM","MIN @ LVA",1022400068,"FPTS Team","First FGM","Player","Team","Home/Away","Favorite/Underdog",0.1786,460,0.1667,500,0.0119,0.0072,0.7161,0.471118421052632,2024-06-11 15:31:04,1,"Jackie Young","Loss",0.7161,-0.7161,0.471118421052632,-0.471118421052632,"FPTS Team_Jackie Young_2024-06-11"
2024-06-11,"BetRivers","MIN @ LVA",1022400068,"FTTS","First Points","Team","Quarter","Home/Away","Favorite/Underdog",0.4635,116,0.4444,125,0.019,0.0171,0.8555,0.624452554744525,2024-06-11 14:26:53,1,"1Q_MIN","Loss",0.8555,-0.8555,0.624452554744525,-0.624452554744525,"FTTS_1Q_MIN_2024-06-11"
2024-06-11,"ESPN","WAS @ ATL",1022400067,"FPTS","First Points","Player","Game","Home/Away","Favorite/Underdog",0.1347,642,0.0909,1000,0.0438,0.0241,2.4088,2.53557894736842,2024-06-11 14:26:53,1,"Aaliyah Edwards","Loss",1.2044,-1.2044,1.26778947368421,-1.26778947368421,"FPTS_Aaliyah Edwards_2024-06-11"
2024-06-11,"FanDuel","WAS @ ATL",1022400067,"FPTS","First Points","Player","Game","Home/Away","Favorite/Underdog",0.1347,642,0.0909,1000,0.0438,0.0241,2.4088,2.53557894736842,2024-06-11 14:26:53,1,"Aaliyah Edwards","Loss",1.2044,-1.2044,1.26778947368421,-1.26778947368421,"FPTS_Aaliyah Edwards_2024-06-11"
2024-06-11,"FanDuel","WAS @ ATL",1022400067,"FPTS","First Points","Player","Game","Home/Away","Favorite/Underdog",0.1141,777,0.1,900,0.0141,0.0078,0.7824,0.823578947368421,2024-06-11 23:31:16,1,"Brittney Sykes","Loss",0.7824,-0.7824,0.823578947368421,-0.823578947368421,"FPTS_Brittney Sykes_2024-06-11"
2024-06-11,"ESPN","WAS @ ATL",1022400067,"FPTS","First Points","Player","Game","Home/Away","Favorite/Underdog",0.1201,733,0.1,900,0.0201,0.0112,1.1159,1.17463157894737,2024-06-11 17:31:14,3,"Cheyenne Parker-Tyus","Win",0.55795,5.02155,0.587315789473684,5.28584210526316,"FPTS_Cheyenne Parker-Tyus_2024-06-11"
2024-06-11,"FanDuel","WAS @ ATL",1022400067,"FPTS","First Points","Player","Game","Home/Away","Favorite/Underdog",0.1201,733,0.0909,1000,0.0292,0.016,1.6048,1.68926315789474,2024-06-11 23:31:16,9,"Cheyenne Parker-Tyus","Win",0.4889,4.889,0.514631578947369,5.14631578947369,"FPTS_Cheyenne Parker-Tyus_2024-06-11"
2024-06-11,"FanDuel","WAS @ ATL",1022400067,"FPTS","First Points","Player","Game","Home/Away","Favorite/Underdog",0.1201,733,0.1,900,0.0201,0.0112,1.1159,1.17463157894737,2024-06-11 17:31:14,3,"Cheyenne Parker-Tyus","Win",0.55795,5.02155,0.587315789473684,5.28584210526316,"FPTS_Cheyenne Parker-Tyus_2024-06-11"
2024-06-11,"FanDuel","WAS @ ATL",1022400067,"FPTS Team","First Points","Player","Team","Home/Away","Favorite/Underdog",0.2573,289,0.2,400,0.0573,0.0358,3.5794,2.35486842105263,2024-06-11 14:26:53,1,"Aaliyah Edwards","Loss",3.5794,-3.5794,2.35486842105263,-2.35486842105263,"FPTS Team_Aaliyah Edwards_2024-06-11"
2024-06-11,"FanDuel","WAS @ ATL",1022400067,"FPTS Team","First Points","Player","Team","Home/Away","Favorite/Underdog",0.252,297,0.1667,500,0.0854,0.0512,5.1221,3.36980263157895,2024-06-11 14:26:53,1,"Cheyenne Parker-Tyus","Win",5.1221,25.6105,3.36980263157895,16.8490131578947,"FPTS Team_Cheyenne Parker-Tyus_2024-06-11"
2024-06-11,"FanDuel","WAS @ ATL",1022400067,"FPTS Team","First Points","Player","Team","Home/Away","Favorite/Underdog",0.252,297,0.1538,550,0.0982,0.058,5.802,3.81710526315789,2024-06-11 23:31:16,9,"Cheyenne Parker-Tyus","Win",0.679899999999999,3.73945,0.447302631578946,2.4601644736842,"FPTS Team_Cheyenne Parker-Tyus_2024-06-11"
2024-06-11,"BetRivers","WAS @ ATL",1022400067,"FTTS","First Points","Team","Quarter","Home/Away","Favorite/Underdog",0.5236,-110,0.4762,110,0.0474,0.0452,2.2625,1.6514598540146,2024-06-11 14:26:53,1,"1Q_WAS","Loss",2.2625,-2.2625,1.6514598540146,-1.6514598540146,"FTTS_1Q_WAS_2024-06-11"
2024-06-12,"ESPN","CON @ CHI",1022400070,"FPTS","First Points","Player","Game","Home/Away","Favorite/Underdog",0.1206,729,0.1053,850,0.0153,0.0086,0.8551,0.900105263157895,2024-06-12 12:31:27,1,"Diamond DeShields","Loss",0.42755,-0.42755,0.450052631578947,-0.450052631578947,"FPTS_Diamond DeShields_2024-06-12"
2024-06-12,"FanDuel","CON @ CHI",1022400070,"FPTS","First Points","Player","Game","Home/Away","Favorite/Underdog",0.1206,729,0.1053,850,0.0153,0.0086,0.8551,0.900105263157895,2024-06-12 12:31:27,1,"Diamond DeShields","Loss",0.42755,-0.42755,0.450052631578947,-0.450052631578947,"FPTS_Diamond DeShields_2024-06-12"
2024-06-12,"FanDuel","CON @ CHI",1022400070,"FPTS","First Points","Player","Game","Home/Away","Favorite/Underdog",0.1206,729,0.0909,1000,0.0297,0.0163,1.6311,1.71694736842105,2024-06-12 23:26:38,12,"Diamond DeShields","Loss",0.776,-0.776,0.816842105263158,-0.816842105263158,"FPTS_Diamond DeShields_2024-06-12"
2024-06-12,"FanDuel","CON @ CHI",1022400070,"FPTS","First Points","Player","Game","Home/Away","Favorite/Underdog",0.1111,800,0.0952,950,0.0159,0.0088,0.8773,0.923473684210526,2024-06-12 12:31:27,1,"Kamilla Cardoso","Loss",0.8773,-0.8773,0.923473684210526,-0.923473684210526,"FPTS_Kamilla Cardoso_2024-06-12"
2024-06-12,"MGM","CON @ CHI",1022400070,"FPTS Team","First FGM","Player","Team","Home/Away","Favorite/Underdog",0.2031,392,0.1905,425,0.0127,0.0078,0.7822,0.514605263157895,2024-06-12 15:31:12,1,"DiJonai Carrington","Loss",0.7822,-0.7822,0.514605263157895,-0.514605263157895,"FPTS Team_DiJonai Carrington_2024-06-12"
2024-06-12,"FanDuel","CON @ CHI",1022400070,"FPTS Team","First Points","Player","Team","Home/Away","Favorite/Underdog",0.2213,352,0.1887,430,0.0326,0.0201,2.01,1.32236842105263,2024-06-12 23:26:38,1,"Diamond DeShields","Loss",2.01,-2.01,1.32236842105263,-1.32236842105263,"FPTS Team_Diamond DeShields_2024-06-12"
2024-06-12,"FanDuel","CON @ CHI",1022400070,"FPTS Team","First Points","Player","Team","Home/Away","Favorite/Underdog",0.2039,390,0.1887,430,0.0153,0.0094,0.9409,0.619013157894737,2024-06-12 12:31:27,1,"Kamilla Cardoso","Loss",0.9409,-0.9409,0.619013157894737,-0.619013157894737,"FPTS Team_Kamilla Cardoso_2024-06-12"
2024-06-12,"MGM","CON @ CHI",1022400070,"FPTS Team","First FGM","Player","Team","Home/Away","Favorite/Underdog",0.1687,493,0.1429,600,0.0258,0.0151,1.5057,0.990592105263158,2024-06-12 15:31:12,1,"Tyasha Harris","Loss",1.5057,-1.5057,0.990592105263158,-0.990592105263158,"FPTS Team_Tyasha Harris_2024-06-12"
2024-06-12,"BetRivers","CON @ CHI",1022400070,"FTTS","First Points","Team","Quarter","Home/Away","Favorite/Underdog",0.5448,-120,0.5098,-104,0.035,0.0357,1.7856,1.30335766423358,2024-06-12 12:31:27,1,"1Q_CHI","Win",1.7856,1.71692307692308,1.30335766423358,1.25322852330152,"FTTS_1Q_CHI_2024-06-12"
2024-06-13,"FanDuel","ATL @ IND",1022400071,"FPTS","First Points","Player","Game","Home/Away","Favorite/Underdog",0.1259,694,0.1111,800,0.0148,0.0083,0.8339,0.877789473684211,2024-06-13 12:27:00,1,"Aliyah Boston","Win",0.8339,6.6712,0.877789473684211,7.02231578947368,"FPTS_Aliyah Boston_2024-06-13"
2024-06-13,"Caesars","ATL @ IND",1022400071,"FPTS","First Points","Player","Game","Home/Away","Favorite/Underdog",0.096,942,0.0769,1200,0.0191,0.0103,1.0341,1.08852631578947,2024-06-13 12:27:00,1,"Kelsey Mitchell","Loss",1.0341,-1.0341,1.08852631578947,-1.08852631578947,"FPTS_Kelsey Mitchell_2024-06-13"
2024-06-13,"MGM","ATL @ IND",1022400071,"FPTS Team","First FGM","Player","Team","Home/Away","Favorite/Underdog",0.2334,328,0.2222,350,0.0112,0.0072,0.7216,0.474736842105263,2024-06-13 14:26:22,1,"Aliyah Boston","Win",0.7216,2.5256,0.474736842105263,1.66157894736842,"FPTS Team_Aliyah Boston_2024-06-13"
2024-06-13,"BetRivers","ATL @ IND",1022400071,"FTTS","First Points","Team","Quarter","Home/Away","Favorite/Underdog",0.5248,-110,0.5,100,0.0248,0.0248,1.2383,0.903868613138686,2024-06-13 12:27:00,1,"1Q_IND","Win",1.2383,1.2383,0.903868613138686,0.903868613138686,"FTTS_1Q_IND_2024-06-13"
2024-06-13,"BetRivers","LVA @ PHO",1022400073,"FPTS","First FGM","Player","Game","Home/Away","Favorite/Underdog",0.1351,640,0.125,700,0.0101,0.0057,0.5746,0.604842105263158,2024-06-13 12:27:00,1,"Kahleah Copper","Loss",0.5746,-0.5746,0.604842105263158,-0.604842105263158,"FPTS_Kahleah Copper_2024-06-13"
2024-06-13,"Draft Kings","LVA @ PHO",1022400073,"FPTS","First FGM","Player","Game","Home/Away","Favorite/Underdog",0.0577,1633,0.0476,2000,0.0101,0.0053,0.529,0.556842105263158,2024-06-13 12:27:00,1,"Kiah Stokes","Loss",0.529,-0.529,0.556842105263158,-0.556842105263158,"FPTS_Kiah Stokes_2024-06-13"
2024-06-13,"FanDuel","LVA @ PHO",1022400073,"FPTS","First Points","Player","Game","Home/Away","Favorite/Underdog",0.0816,1125,0.0625,1500,0.0191,0.0102,1.0208,1.07452631578947,2024-06-13 12:27:00,1,"Natasha Cloud","Loss",1.0208,-1.0208,1.07452631578947,-1.07452631578947,"FPTS_Natasha Cloud_2024-06-13"
2024-06-13,"MGM","LVA @ PHO",1022400073,"FPTS Team","First FGM","Player","Team","Home/Away","Favorite/Underdog",0.1818,450,0.1538,550,0.028,0.0165,1.6525,1.08717105263158,2024-06-13 15:26:35,1,"Diana Taurasi","Loss",1.6525,-1.6525,1.08717105263158,-1.08717105263158,"FPTS Team_Diana Taurasi_2024-06-13"
2024-06-13,"FanDuel","LVA @ PHO",1022400073,"FPTS Team","First Points","Player","Team","Home/Away","Favorite/Underdog",0.1711,485,0.1538,550,0.0172,0.0102,1.018,0.669736842105263,2024-06-13 12:27:00,1,"Jackie Young","Loss",1.018,-1.018,0.669736842105263,-0.669736842105263,"FPTS Team_Jackie Young_2024-06-13"
2024-06-13,"FanDuel","LVA @ PHO",1022400073,"FPTS Team","First Points","Player","Team","Home/Away","Favorite/Underdog",0.2475,304,0.2128,370,0.0348,0.0221,2.2079,1.45256578947368,2024-06-13 12:27:00,1,"Kahleah Copper","Loss",2.2079,-2.2079,1.45256578947368,-1.45256578947368,"FPTS Team_Kahleah Copper_2024-06-13"
2024-06-13,"MGM","LVA @ PHO",1022400073,"FPTS Team","First FGM","Player","Team","Home/Away","Favorite/Underdog",0.2486,302,0.2,400,0.0486,0.0304,3.0388,1.99921052631579,2024-06-13 15:26:35,4,"Kahleah Copper","Loss",0.8309,-0.8309,0.546644736842105,-0.546644736842105,"FPTS Team_Kahleah Copper_2024-06-13"
2024-06-13,"FanDuel","LVA @ PHO",1022400073,"FPTS Team","First Points","Player","Team","Home/Away","Favorite/Underdog",0.1512,561,0.1176,750,0.0336,0.019,1.9025,1.25164473684211,2024-06-13 12:27:00,1,"Natasha Cloud","Loss",1.9025,-1.9025,1.25164473684211,-1.25164473684211,"FPTS Team_Natasha Cloud_2024-06-13"
2024-06-13,"MGM","LVA @ PHO",1022400073,"FPTS Team","First FGM","Player","Team","Home/Away","Favorite/Underdog",0.1563,540,0.1,900,0.0563,0.0313,3.1286,2.05828947368421,2024-06-13 15:26:35,4,"Natasha Cloud","Loss",1.2261,-1.2261,0.806644736842105,-0.806644736842105,"FPTS Team_Natasha Cloud_2024-06-13"
2024-06-13,"FanDuel","LVA @ PHO",1022400073,"FPTS Team","First Points","Player","Team","Home/Away","Favorite/Underdog",0.156,541,0.1333,650,0.0227,0.0131,1.3087,0.860986842105263,2024-06-13 12:27:00,1,"Rebecca Allen","Loss",1.3087,-1.3087,0.860986842105263,-0.860986842105263,"FPTS Team_Rebecca Allen_2024-06-13"
2024-06-13,"MGM","LVA @ PHO",1022400073,"FPTS Team","First FGM","Player","Team","Home/Away","Favorite/Underdog",0.1593,528,0.1333,650,0.026,0.015,1.4991,0.98625,2024-06-13 15:26:35,4,"Rebecca Allen","Loss",0.1904,-0.1904,0.125263157894737,-0.125263157894737,"FPTS Team_Rebecca Allen_2024-06-13"
2024-06-13,"Draft Kings","SEA @ DAL",1022400072,"FPTS","First FGM","Player","Game","Home/Away","Favorite/Underdog",0.0774,1192,0.0625,1500,0.0149,0.008,0.7958,0.837684210526316,2024-06-13 12:27:00,1,"Sevgi Uzun","Loss",0.7958,-0.7958,0.837684210526316,-0.837684210526316,"FPTS_Sevgi Uzun_2024-06-13"
2024-06-13,"Draft Kings","SEA @ DAL",1022400072,"FPTS","First FGM","Player","Game","Home/Away","Favorite/Underdog",0.0806,1141,0.0588,1600,0.0218,0.0116,1.1571,1.218,2024-06-13 12:27:00,1,"Victoria Vivians","Loss",1.1571,-1.1571,1.218,-1.218,"FPTS_Victoria Vivians_2024-06-13"
2024-06-13,"FanDuel","SEA @ DAL",1022400072,"FPTS Team","First Points","Player","Team","Home/Away","Favorite/Underdog",0.2164,362,0.2,400,0.0164,0.0102,1.0241,0.67375,2024-06-13 12:27:00,1,"Jewell Loyd","Loss",1.0241,-1.0241,0.67375,-0.67375,"FPTS Team_Jewell Loyd_2024-06-13"
2024-06-13,"MGM","SEA @ DAL",1022400072,"FPTS Team","First FGM","Player","Team","Home/Away","Favorite/Underdog",0.1557,542,0.1429,600,0.0128,0.0075,0.7478,0.491973684210526,2024-06-13 14:26:22,1,"Sevgi Uzun","Loss",0.7478,-0.7478,0.491973684210526,-0.491973684210526,"FPTS Team_Sevgi Uzun_2024-06-13"
2024-06-13,"FanDuel","SEA @ DAL",1022400072,"FPTS Team","First Points","Player","Team","Home/Away","Favorite/Underdog",0.1548,546,0.1333,650,0.0215,0.0124,1.2389,0.815065789473684,2024-06-13 12:27:00,1,"Victoria Vivians","Loss",1.2389,-1.2389,0.815065789473684,-0.815065789473684,"FPTS Team_Victoria Vivians_2024-06-13"
2024-06-13,"MGM","SEA @ DAL",1022400072,"FPTS Team","First FGM","Player","Team","Home/Away","Favorite/Underdog",0.1603,524,0.125,700,0.0353,0.0202,2.02,1.32894736842105,2024-06-13 14:26:22,3,"Victoria Vivians","Loss",0.7811,-0.7811,0.513881578947369,-0.513881578947369,"FPTS Team_Victoria Vivians_2024-06-13"
2024-06-14,"Caesars","CHI @ WAS",1022400074,"FPTS","First Points","Player","Game","Home/Away","Favorite/Underdog",0.128,681,0.1,900,0.028,0.0156,1.5581,1.6401052631579,2024-06-14 12:26:49,1,"Aaliyah Edwards","Win",0.77905,7.01145,0.820052631578947,7.38047368421053,"FPTS_Aaliyah Edwards_2024-06-14"
2024-06-14,"FanDuel","CHI @ WAS",1022400074,"FPTS","First Points","Player","Game","Home/Away","Favorite/Underdog",0.128,681,0.1,900,0.028,0.0156,1.5581,1.6401052631579,2024-06-14 12:26:49,1,"Aaliyah Edwards","Win",0.77905,7.01145,0.820052631578947,7.38047368421053,"FPTS_Aaliyah Edwards_2024-06-14"
2024-06-14,"FanDuel","CHI @ WAS",1022400074,"FPTS","First Points","Player","Game","Home/Away","Favorite/Underdog",0.1099,810,0.0952,950,0.0146,0.0081,0.8084,0.850947368421053,2024-06-14 15:26:40,1,"Diamond DeShields","Loss",0.8084,-0.8084,0.850947368421053,-0.850947368421053,"FPTS_Diamond DeShields_2024-06-14"
2024-06-14,"FanDuel","CHI @ WAS",1022400074,"FPTS Team","First Points","Player","Team","Home/Away","Favorite/Underdog",0.258,288,0.2,400,0.058,0.0363,3.6279,2.38677631578947,2024-06-14 12:26:49,1,"Aaliyah Edwards","Win",3.6279,14.5116,2.38677631578947,9.54710526315789,"FPTS Team_Aaliyah Edwards_2024-06-14"
2024-06-14,"FanDuel","CHI @ WAS",1022400074,"FPTS Team","First Points","Player","Team","Home/Away","Favorite/Underdog",0.166,503,0.1538,550,0.0121,0.0072,0.7165,0.471381578947368,2024-06-14 15:26:40,1,"Dana Evans","Loss",0.7165,-0.7165,0.471381578947368,-0.471381578947368,"FPTS Team_Dana Evans_2024-06-14"
2024-06-14,"FanDuel","CHI @ WAS",1022400074,"FPTS Team","First Points","Player","Team","Home/Away","Favorite/Underdog",0.2181,359,0.1887,430,0.0294,0.0181,1.812,1.19210526315789,2024-06-14 12:26:49,1,"Diamond DeShields","Loss",1.812,-1.812,1.19210526315789,-1.19210526315789,"FPTS Team_Diamond DeShields_2024-06-14"
2024-06-14,"FanDuel","CHI @ WAS",1022400074,"FPTS Team","First Points","Player","Team","Home/Away","Favorite/Underdog",0.2181,359,0.1786,460,0.0395,0.024,2.405,1.58223684210526,2024-06-14 15:26:40,4,"Diamond DeShields","Loss",0.593,-0.593,0.390131578947368,-0.390131578947368,"FPTS Team_Diamond DeShields_2024-06-14"
2024-06-14,"FanDuel","CHI @ WAS",1022400074,"FPTS Team","First Points","Player","Team","Home/Away","Favorite/Underdog",0.1951,413,0.1786,460,0.0165,0.0101,1.0053,0.661381578947368,2024-06-14 12:26:49,1,"Kamilla Cardoso","Loss",1.0053,-1.0053,0.661381578947368,-0.661381578947368,"FPTS Team_Kamilla Cardoso_2024-06-14"
2024-06-14,"FanDuel","CHI @ WAS",1022400074,"FPTS Team","First Points","Player","Team","Home/Away","Favorite/Underdog",0.1951,413,0.1667,500,0.0284,0.0171,1.7053,1.12190789473684,2024-06-14 15:26:40,3,"Kamilla Cardoso","Loss",0.7,-0.7,0.460526315789474,-0.460526315789474,"FPTS Team_Kamilla Cardoso_2024-06-14"
2024-06-14,"Draft Kings","LAS @ MIN",1022400075,"FPTS","First FGM","Player","Game","Home/Away","Favorite/Underdog",0.0752,1230,0.0526,1800,0.0226,0.0119,1.1909,1.25357894736842,2024-06-14 12:26:49,1,"Bridget Carleton","Loss",1.1909,-1.1909,1.25357894736842,-1.25357894736842,"FPTS_Bridget Carleton_2024-06-14"
2024-06-14,"FanDuel","LAS @ MIN",1022400075,"FPTS","First Points","Player","Game","Home/Away","Favorite/Underdog",0.095,952,0.0769,1200,0.0181,0.0098,0.9808,1.03242105263158,2024-06-14 23:26:48,1,"Kia Nurse","Loss",0.9808,-0.9808,1.03242105263158,-1.03242105263158,"FPTS_Kia Nurse_2024-06-14"
2024-06-14,"BetRivers","LAS @ MIN",1022400075,"FPTS","First FGM","Player","Game","Home/Away","Favorite/Underdog",0.0937,968,0.0667,1400,0.027,0.0145,1.4456,1.52168421052632,2024-06-14 12:26:49,1,"Rickea Jackson","Win",1.4456,20.2384,1.52168421052632,21.3035789473684,"FPTS_Rickea Jackson_2024-06-14"
2024-06-14,"FanDuel","LAS @ MIN",1022400075,"FPTS Team","First Points","Player","Team","Home/Away","Favorite/Underdog",0.1813,452,0.1667,500,0.0146,0.0088,0.8762,0.576447368421053,2024-06-14 23:26:48,1,"Kia Nurse","Loss",0.8762,-0.8762,0.576447368421053,-0.576447368421053,"FPTS Team_Kia Nurse_2024-06-14"
2024-06-14,"FanDuel","LAS @ MIN",1022400075,"FPTS Team","First Points","Player","Team","Home/Away","Favorite/Underdog",0.1718,482,0.1333,650,0.0385,0.0222,2.2199,1.46046052631579,2024-06-14 12:26:49,1,"Rickea Jackson","Win",2.2199,14.42935,1.46046052631579,9.49299342105263,"FPTS Team_Rickea Jackson_2024-06-14"
2024-06-15,"Draft Kings","CON @ DAL",1022400076,"FPTS","First FGM","Player","Game","Home/Away","Favorite/Underdog",0.1194,737,0.1,900,0.0194,0.0108,1.0801,1.13694736842105,2024-06-15 12:27:05,1,"Monique Billings","Loss",1.0801,-1.0801,1.13694736842105,-1.13694736842105,"FPTS_Monique Billings_2024-06-15"
2024-06-15,"Draft Kings","CON @ DAL",1022400076,"FPTS","First FGM","Player","Game","Home/Away","Favorite/Underdog",0.0775,1190,0.0588,1600,0.0187,0.0099,0.994,1.04631578947368,2024-06-15 12:27:05,1,"Sevgi Uzun","Loss",0.994,-0.994,1.04631578947368,-1.04631578947368,"FPTS_Sevgi Uzun_2024-06-15"
2024-06-15,"BetRivers","CON @ DAL",1022400076,"FPTS","First FGM","Player","Game","Home/Away","Favorite/Underdog",0.1379,625,0.1176,750,0.0202,0.0115,1.1462,1.20652631578947,2024-06-15 12:27:05,1,"Teaira McCowan","Loss",1.1462,-1.1462,1.20652631578947,-1.20652631578947,"FPTS_Teaira McCowan_2024-06-15"
2024-06-15,"FanDuel","CON @ DAL",1022400076,"FPTS Team","First Points","Player","Team","Home/Away","Favorite/Underdog",0.1916,422,0.1786,460,0.0131,0.0079,0.7947,0.522828947368421,2024-06-15 12:27:05,1,"DiJonai Carrington","Loss",0.7947,-0.7947,0.522828947368421,-0.522828947368421,"FPTS Team_DiJonai Carrington_2024-06-15"
2024-06-15,"FanDuel","CON @ DAL",1022400076,"FPTS Team","First Points","Player","Team","Home/Away","Favorite/Underdog",0.1916,422,0.1667,500,0.025,0.015,1.4976,0.985263157894737,2024-06-15 14:26:24,3,"DiJonai Carrington","Loss",0.7029,-0.7029,0.462434210526316,-0.462434210526316,"FPTS Team_DiJonai Carrington_2024-06-15"
2024-06-15,"MGM","CON @ DAL",1022400076,"FPTS Team","First FGM","Player","Team","Home/Away","Favorite/Underdog",0.2213,352,0.2,400,0.0213,0.0133,1.331,0.875657894736842,2024-06-15 13:26:27,1,"Monique Billings","Loss",1.331,-1.331,0.875657894736842,-0.875657894736842,"FPTS Team_Monique Billings_2024-06-15"
2024-06-15,"FanDuel","CON @ DAL",1022400076,"FPTS Team","First Points","Player","Team","Home/Away","Favorite/Underdog",0.1382,623,0.1176,750,0.0206,0.0117,1.1673,0.76796052631579,2024-06-15 12:27:05,1,"Sevgi Uzun","Loss",1.1673,-1.1673,0.76796052631579,-0.76796052631579,"FPTS Team_Sevgi Uzun_2024-06-15"
2024-06-15,"FanDuel","CON @ DAL",1022400076,"FPTS Team","First Points","Player","Team","Home/Away","Favorite/Underdog",0.1382,623,0.1053,850,0.033,0.0184,1.8431,1.21256578947368,2024-06-15 14:26:24,3,"Sevgi Uzun","Loss",0.6758,-0.6758,0.444605263157895,-0.444605263157895,"FPTS Team_Sevgi Uzun_2024-06-15"
2024-06-15,"FanDuel","CON @ DAL",1022400076,"FPTS Team","First Points","Player","Team","Home/Away","Favorite/Underdog",0.2492,301,0.2222,350,0.0269,0.0173,1.7313,1.13901315789474,2024-06-15 12:27:05,1,"Teaira McCowan","Win",1.7313,6.05955,1.13901315789474,3.98654605263158,"FPTS Team_Teaira McCowan_2024-06-15"
2024-06-15,"BetRivers","NYL @ LVA",1022400077,"FPTS","First FGM","Player","Game","Home/Away","Favorite/Underdog",0.1284,679,0.1176,750,0.0107,0.0061,0.6076,0.639578947368421,2024-06-15 12:27:05,1,"Jonquel Jones","Loss",0.6076,-0.6076,0.639578947368421,-0.639578947368421,"FPTS_Jonquel Jones_2024-06-15"
2024-06-15,"BetRivers","NYL @ LVA",1022400077,"FPTS","First FGM","Player","Game","Home/Away","Favorite/Underdog",0.087,1049,0.0625,1500,0.0245,0.0131,1.3077,1.37652631578947,2024-06-15 12:27:05,1,"Kayla Thornton","Loss",1.3077,-1.3077,1.37652631578947,-1.37652631578947,"FPTS_Kayla Thornton_2024-06-15"
2024-06-15,"FanDuel","NYL @ LVA",1022400077,"FPTS Team","First Points","Player","Team","Home/Away","Favorite/Underdog",0.1649,506,0.125,700,0.0399,0.0228,2.282,1.50131578947368,2024-06-15 12:27:05,1,"Kayla Thornton","Loss",2.282,-2.282,1.50131578947368,-1.50131578947368,"FPTS Team_Kayla Thornton_2024-06-15"
2024-06-16,"FanDuel","CHI @ IND",1022400079,"FPTS Team","First Points","Player","Team","Home/Away","Favorite/Underdog",0.2497,300,0.2326,330,0.0172,0.0112,1.1186,0.735921052631579,2024-06-16 12:26:43,1,"Aliyah Boston","Loss",1.1186,-1.1186,0.735921052631579,-0.735921052631579,"FPTS Team_Aliyah Boston_2024-06-16"
2024-06-16,"FanDuel","CHI @ IND",1022400079,"FPTS Team","First Points","Player","Team","Home/Away","Favorite/Underdog",0.2026,394,0.1667,500,0.0359,0.0216,2.1554,1.41802631578947,2024-06-16 12:26:43,1,"Kamilla Cardoso","Win",2.1554,10.777,1.41802631578947,7.09013157894737,"FPTS Team_Kamilla Cardoso_2024-06-16"
2024-06-16,"Draft Kings","LAS @ ATL",1022400080,"FPTS","First FGM","Player","Game","Home/Away","Favorite/Underdog",0.0964,938,0.0833,1100,0.013,0.0071,0.7103,0.747684210526316,2024-06-16 12:26:43,1,"Kia Nurse","Win",0.7103,7.8133,0.747684210526316,8.22452631578947,"FPTS_Kia Nurse_2024-06-16"
2024-06-16,"ESPN","LAS @ ATL",1022400080,"FPTS","First Points","Player","Game","Home/Away","Favorite/Underdog",0.0873,1045,0.0769,1200,0.0104,0.0056,0.5624,0.592,2024-06-16 18:26:22,1,"Nia Coffey","Loss",0.2812,-0.2812,0.296,-0.296,"FPTS_Nia Coffey_2024-06-16"
2024-06-16,"FanDuel","LAS @ ATL",1022400080,"FPTS","First Points","Player","Game","Home/Away","Favorite/Underdog",0.0873,1045,0.0769,1200,0.0104,0.0056,0.5624,0.592,2024-06-16 18:26:22,1,"Nia Coffey","Loss",0.2812,-0.2812,0.296,-0.296,"FPTS_Nia Coffey_2024-06-16"
2024-06-16,"ESPN","LAS @ ATL",1022400080,"FPTS","First Points","Player","Game","Home/Away","Favorite/Underdog",0.106,843,0.0909,1000,0.0151,0.0083,0.8302,0.873894736842105,2024-06-16 12:26:43,1,"Rickea Jackson","Loss",0.4151,-0.4151,0.436947368421053,-0.436947368421053,"FPTS_Rickea Jackson_2024-06-16"
2024-06-16,"FanDuel","LAS @ ATL",1022400080,"FPTS","First Points","Player","Game","Home/Away","Favorite/Underdog",0.106,843,0.0909,1000,0.0151,0.0083,0.8302,0.873894736842105,2024-06-16 12:26:43,1,"Rickea Jackson","Loss",0.4151,-0.4151,0.436947368421053,-0.436947368421053,"FPTS_Rickea Jackson_2024-06-16"
2024-06-16,"Caesars","LAS @ ATL",1022400080,"FPTS","First Points","Player","Game","Home/Away","Favorite/Underdog",0.1255,697,0.1111,800,0.0143,0.0081,0.8066,0.849052631578947,2024-06-16 18:26:22,1,"Tina Charles","Loss",0.8066,-0.8066,0.849052631578947,-0.849052631578947,"FPTS_Tina Charles_2024-06-16"
2024-06-16,"FanDuel","LAS @ ATL",1022400080,"FPTS Team","First Points","Player","Team","Home/Away","Favorite/Underdog",0.1814,451,0.1667,500,0.0148,0.0089,0.8863,0.583092105263158,2024-06-16 12:26:43,1,"Kia Nurse","Win",0.8863,4.4315,0.583092105263158,2.91546052631579,"FPTS Team_Kia Nurse_2024-06-16"
2024-06-16,"MGM","LAS @ ATL",1022400080,"FPTS Team","First FGM","Player","Team","Home/Away","Favorite/Underdog",0.1823,448,0.1667,500,0.0157,0.0094,0.9392,0.617894736842105,2024-06-16 13:26:26,2,"Kia Nurse","Win",0.0529000000000001,0.2645,0.0348026315789474,0.174013157894737,"FPTS Team_Kia Nurse_2024-06-16"
2024-06-16,"FanDuel","LAS @ ATL",1022400080,"FPTS Team","First Points","Player","Team","Home/Away","Favorite/Underdog",0.1746,473,0.1538,550,0.0208,0.0123,1.2271,0.807302631578947,2024-06-16 18:26:22,1,"Nia Coffey","Loss",1.2271,-1.2271,0.807302631578947,-0.807302631578947,"FPTS Team_Nia Coffey_2024-06-16"
2024-06-16,"FanDuel","LAS @ ATL",1022400080,"FPTS Team","First Points","Player","Team","Home/Away","Favorite/Underdog",0.2014,396,0.1667,500,0.0348,0.0209,2.0864,1.37263157894737,2024-06-16 12:26:43,1,"Rickea Jackson","Loss",2.0864,-2.0864,1.37263157894737,-1.37263157894737,"FPTS Team_Rickea Jackson_2024-06-16"
2024-06-16,"FanDuel","LAS @ ATL",1022400080,"FPTS Team","First Points","Player","Team","Home/Away","Favorite/Underdog",0.2509,299,0.2222,350,0.0287,0.0184,1.8437,1.21296052631579,2024-06-16 18:26:22,1,"Tina Charles","Win",1.8437,6.45295,1.21296052631579,4.24536184210526,"FPTS Team_Tina Charles_2024-06-16"
2024-06-16,"BetRivers","SEA @ PHO",1022400078,"FPTS","First FGM","Player","Game","Home/Away","Favorite/Underdog",0.1411,609,0.125,700,0.0161,0.0092,0.9196,0.968,2024-06-16 12:26:43,1,"Kahleah Copper","Win",0.9196,6.4372,0.968,6.776,"FPTS_Kahleah Copper_2024-06-16"
2024-06-16,"ESPN","SEA @ PHO",1022400078,"FPTS","First Points","Player","Game","Home/Away","Favorite/Underdog",0.0806,1140,0.0556,1700,0.0251,0.0133,1.328,1.39789473684211,2024-06-16 12:26:43,1,"Natasha Cloud","Loss",0.664,-0.664,0.698947368421053,-0.698947368421053,"FPTS_Natasha Cloud_2024-06-16"
2024-06-16,"FanDuel","SEA @ PHO",1022400078,"FPTS","First Points","Player","Game","Home/Away","Favorite/Underdog",0.0806,1140,0.0556,1700,0.0251,0.0133,1.328,1.39789473684211,2024-06-16 12:26:43,1,"Natasha Cloud","Loss",0.664,-0.664,0.698947368421053,-0.698947368421053,"FPTS_Natasha Cloud_2024-06-16"
2024-06-16,"Draft Kings","SEA @ PHO",1022400078,"FPTS","First FGM","Player","Game","Home/Away","Favorite/Underdog",0.0723,1283,0.0588,1600,0.0135,0.0071,0.715,0.752631578947368,2024-06-16 12:26:43,1,"Victoria Vivians","Loss",0.715,-0.715,0.752631578947368,-0.752631578947368,"FPTS_Victoria Vivians_2024-06-16"
2024-06-16,"FanDuel","SEA @ PHO",1022400078,"FPTS Team","First Points","Player","Team","Home/Away","Favorite/Underdog",0.2153,364,0.2,400,0.0153,0.0096,0.9563,0.629144736842105,2024-06-16 12:26:43,1,"Jewell Loyd","Loss",0.9563,-0.9563,0.629144736842105,-0.629144736842105,"FPTS Team_Jewell Loyd_2024-06-16"
2024-06-16,"FanDuel","SEA @ PHO",1022400078,"FPTS Team","First Points","Player","Team","Home/Away","Favorite/Underdog",0.2422,313,0.2,400,0.0422,0.0264,2.6392,1.73631578947368,2024-06-16 12:26:43,1,"Kahleah Copper","Win",2.6392,10.5568,1.73631578947368,6.94526315789474,"FPTS Team_Kahleah Copper_2024-06-16"
2024-06-16,"MGM","SEA @ PHO",1022400078,"FPTS Team","First FGM","Player","Team","Home/Away","Favorite/Underdog",0.2561,291,0.2105,375,0.0456,0.0288,2.8849,1.89796052631579,2024-06-16 14:26:26,3,"Kahleah Copper","Win",0.2457,0.921374999999999,0.161644736842105,0.606167763157895,"FPTS Team_Kahleah Copper_2024-06-16"
2024-06-16,"FanDuel","SEA @ PHO",1022400078,"FPTS Team","First Points","Player","Team","Home/Away","Favorite/Underdog",0.1474,578,0.1053,850,0.0422,0.0236,2.3566,1.55039473684211,2024-06-16 12:26:43,1,"Natasha Cloud","Loss",2.3566,-2.3566,1.55039473684211,-1.55039473684211,"FPTS Team_Natasha Cloud_2024-06-16"
2024-06-16,"MGM","SEA @ PHO",1022400078,"FPTS Team","First FGM","Player","Team","Home/Away","Favorite/Underdog",0.1535,552,0.1429,600,0.0106,0.0062,0.6188,0.407105263157895,2024-06-16 14:26:26,1,"Rebecca Allen","Loss",0.6188,-0.6188,0.407105263157895,-0.407105263157895,"FPTS Team_Rebecca Allen_2024-06-16"
2024-06-16,"FanDuel","SEA @ PHO",1022400078,"FPTS Team","First Points","Player","Team","Home/Away","Favorite/Underdog",0.1523,557,0.1333,650,0.019,0.0109,1.0945,0.720065789473684,2024-06-16 12:26:43,1,"Victoria Vivians","Win",1.0945,7.11425,0.720065789473684,4.68042763157895,"FPTS Team_Victoria Vivians_2024-06-16"
2024-06-17,"FanDuel","DAL @ MIN",1022400081,"FPTS","First Points","Player","Game","Home/Away","Favorite/Underdog",0.0898,1014,0.0769,1200,0.0128,0.007,0.6957,0.732315789473684,2024-06-17 14:26:47,1,"Courtney Williams","Loss",0.6957,-0.6957,0.732315789473684,-0.732315789473684,"FPTS_Courtney Williams_2024-06-17"
2024-06-17,"FanDuel","DAL @ MIN",1022400081,"FPTS","First Points","Player","Game","Home/Away","Favorite/Underdog",0.1156,765,0.1053,850,0.0103,0.0058,0.5779,0.608315789473684,2024-06-17 14:26:47,1,"Monique Billings","Loss",0.5779,-0.5779,0.608315789473684,-0.608315789473684,"FPTS_Monique Billings_2024-06-17"
2024-06-17,"BetRivers","DAL @ MIN",1022400081,"FPTS","First FGM","Player","Game","Home/Away","Favorite/Underdog",0.0955,947,0.0833,1100,0.0122,0.0066,0.6636,0.698526315789474,2024-06-17 18:26:45,1,"Sevgi Uzun","Loss",0.3318,-0.3318,0.349263157894737,-0.349263157894737,"FPTS_Sevgi Uzun_2024-06-17"
2024-06-17,"Draft Kings","DAL @ MIN",1022400081,"FPTS","First FGM","Player","Game","Home/Away","Favorite/Underdog",0.0955,947,0.0833,1100,0.0122,0.0066,0.6636,0.698526315789474,2024-06-17 18:26:45,1,"Sevgi Uzun","Loss",0.3318,-0.3318,0.349263157894737,-0.349263157894737,"FPTS_Sevgi Uzun_2024-06-17"
2024-06-17,"FanDuel","DAL @ MIN",1022400081,"FPTS Team","First Points","Player","Team","Home/Away","Favorite/Underdog",0.1961,410,0.1538,550,0.0423,0.025,2.498,1.64342105263158,2024-06-17 14:26:47,1,"Courtney Williams","Loss",2.498,-2.498,1.64342105263158,-1.64342105263158,"FPTS Team_Courtney Williams_2024-06-17"
2024-06-17,"FanDuel","DAL @ MIN",1022400081,"FPTS Team","First Points","Player","Team","Home/Away","Favorite/Underdog",0.2132,369,0.1887,430,0.0245,0.0151,1.5101,0.993486842105263,2024-06-17 14:26:47,1,"Monique Billings","Loss",1.5101,-1.5101,0.993486842105263,-0.993486842105263,"FPTS Team_Monique Billings_2024-06-17"
2024-06-17,"FanDuel","DAL @ MIN",1022400081,"FPTS Team","First Points","Player","Team","Home/Away","Favorite/Underdog",0.2846,251,0.2564,290,0.0281,0.0189,1.8925,1.24506578947368,2024-06-17 12:27:02,1,"Napheesa Collier","Loss",1.8925,-1.8925,1.24506578947368,-1.24506578947368,"FPTS Team_Napheesa Collier_2024-06-17"
2024-06-17,"FanDuel","DAL @ MIN",1022400081,"FPTS Team","First Points","Player","Team","Home/Away","Favorite/Underdog",0.147,580,0.0909,1000,0.0561,0.0309,3.0877,2.03138157894737,2024-06-17 14:26:47,1,"Sevgi Uzun","Loss",3.0877,-3.0877,2.03138157894737,-2.03138157894737,"FPTS Team_Sevgi Uzun_2024-06-17"
2024-06-18,"FanDuel","LAS @ CON",1022400082,"FPTS","First Points","Player","Game","Home/Away","Favorite/Underdog",0.1108,802,0.0952,950,0.0156,0.0086,0.8603,0.905578947368421,2024-06-18 12:26:29,1,"Cameron Brink","Loss",0.8603,-0.8603,0.905578947368421,-0.905578947368421,"FPTS_Cameron Brink_2024-06-18"
2024-06-18,"MGM","LAS @ CON",1022400082,"FPTS","First FGM","Player","Game","Home/Away","Favorite/Underdog",0.1131,785,0.0952,950,0.0178,0.0098,0.9846,1.03642105263158,2024-06-18 13:26:19,2,"Cameron Brink","Loss",0.1243,-0.1243,0.130842105263158,-0.130842105263158,"FPTS_Cameron Brink_2024-06-18"
2024-06-18,"Draft Kings","LAS @ CON",1022400082,"FPTS","First FGM","Player","Game","Home/Away","Favorite/Underdog",0.1131,785,0.0909,1000,0.0221,0.0122,1.218,1.28210526315789,2024-06-18 18:26:20,7,"Cameron Brink","Loss",0.2334,-0.2334,0.245684210526316,-0.245684210526316,"FPTS_Cameron Brink_2024-06-18"
2024-06-18,"FanDuel","LAS @ CON",1022400082,"FPTS","First Points","Player","Game","Home/Away","Favorite/Underdog",0.0956,946,0.0769,1200,0.0187,0.0101,1.0122,1.06547368421053,2024-06-18 12:26:29,1,"Kia Nurse","Loss",1.0122,-1.0122,1.06547368421053,-1.06547368421053,"FPTS_Kia Nurse_2024-06-18"
2024-06-18,"MGM","LAS @ CON",1022400082,"FPTS","First FGM","Player","Game","Home/Away","Favorite/Underdog",0.0946,958,0.0667,1400,0.0279,0.0149,1.4942,1.57284210526316,2024-06-18 13:26:19,2,"Kia Nurse","Loss",0.482,-0.482,0.507368421052632,-0.507368421052632,"FPTS_Kia Nurse_2024-06-18"
2024-06-18,"FanDuel","LAS @ CON",1022400082,"FPTS","First Points","Player","Game","Home/Away","Favorite/Underdog",0.1048,854,0.0909,1000,0.0139,0.0076,0.7646,0.804842105263158,2024-06-18 22:26:20,1,"Rickea Jackson","Loss",0.7646,-0.7646,0.804842105263158,-0.804842105263158,"FPTS_Rickea Jackson_2024-06-18"
2024-06-18,"FanDuel","LAS @ CON",1022400082,"FPTS Team","First Points","Player","Team","Home/Away","Favorite/Underdog",0.2108,374,0.1786,460,0.0322,0.0196,1.9593,1.28901315789474,2024-06-18 22:26:20,11,"Cameron Brink","Loss",0.5985,-0.5985,0.39375,-0.39375,"FPTS Team_Cameron Brink_2024-06-18"
2024-06-18,"FanDuel","LAS @ CON",1022400082,"FPTS Team","First Points","Player","Team","Home/Away","Favorite/Underdog",0.2108,374,0.1887,430,0.0221,0.0136,1.3608,0.895263157894737,2024-06-18 14:26:20,3,"Cameron Brink","Loss",0.6883,-0.6883,0.452828947368421,-0.452828947368421,"FPTS Team_Cameron Brink_2024-06-18"
2024-06-18,"FanDuel","LAS @ CON",1022400082,"FPTS Team","First Points","Player","Team","Home/Away","Favorite/Underdog",0.2108,374,0.2,400,0.0108,0.0067,0.6725,0.442434210526316,2024-06-18 12:26:29,1,"Cameron Brink","Loss",0.6725,-0.6725,0.442434210526316,-0.442434210526316,"FPTS Team_Cameron Brink_2024-06-18"
2024-06-18,"FanDuel","LAS @ CON",1022400082,"FPTS Team","First Points","Player","Team","Home/Away","Favorite/Underdog",0.1959,410,0.1667,500,0.0293,0.0176,1.7563,1.15546052631579,2024-06-18 12:26:29,1,"DiJonai Carrington","Win",1.7563,8.7815,1.15546052631579,5.77730263157895,"FPTS Team_DiJonai Carrington_2024-06-18"
2024-06-18,"FanDuel","LAS @ CON",1022400082,"FPTS Team","First Points","Player","Team","Home/Away","Favorite/Underdog",0.1819,450,0.1667,500,0.0152,0.0091,0.9115,0.599671052631579,2024-06-18 12:26:29,1,"Kia Nurse","Loss",0.9115,-0.9115,0.599671052631579,-0.599671052631579,"FPTS Team_Kia Nurse_2024-06-18"
2024-06-18,"FanDuel","LAS @ CON",1022400082,"FPTS Team","First Points","Player","Team","Home/Away","Favorite/Underdog",0.1994,402,0.1887,430,0.0107,0.0066,0.6581,0.432960526315789,2024-06-18 22:26:20,1,"Rickea Jackson","Loss",0.6581,-0.6581,0.432960526315789,-0.432960526315789,"FPTS Team_Rickea Jackson_2024-06-18"
2024-06-18,"BetRivers","LAS @ CON",1022400082,"FTTS","First Points","Team","Quarter","Home/Away","Favorite/Underdog",0.5257,-111,0.4651,115,0.0606,0.0567,2.8337,2.06839416058394,2024-06-18 12:26:29,1,"1Q_LAS","Loss",2.8337,-2.8337,2.06839416058394,-2.06839416058394,"FTTS_1Q_LAS_2024-06-18"
2024-06-18,"BetRivers","NYL @ PHO",1022400083,"FPTS","First FGM","Player","Game","Home/Away","Favorite/Underdog",0.0833,1100,0.0625,1500,0.0208,0.0111,1.1115,1.17,2024-06-18 12:26:29,1,"Natasha Cloud","Loss",1.1115,-1.1115,1.17,-1.17,"FPTS_Natasha Cloud_2024-06-18"
2024-06-18,"FanDuel","NYL @ PHO",1022400083,"FPTS","First Points","Player","Game","Home/Away","Favorite/Underdog",0.0895,1018,0.0769,1200,0.0126,0.0068,0.6803,0.716105263157895,2024-06-18 12:26:29,1,"Sabrina Ionescu","Loss",0.6803,-0.6803,0.716105263157895,-0.716105263157895,"FPTS_Sabrina Ionescu_2024-06-18"
2024-06-18,"FanDuel","NYL @ PHO",1022400083,"FPTS Team","First Points","Player","Team","Home/Away","Favorite/Underdog",0.2428,312,0.2222,350,0.0206,0.0133,1.3253,0.871907894736842,2024-06-18 12:26:29,1,"Kahleah Copper","Loss",1.3253,-1.3253,0.871907894736842,-0.871907894736842,"FPTS Team_Kahleah Copper_2024-06-18"
2024-06-18,"MGM","NYL @ PHO",1022400083,"FPTS Team","First FGM","Player","Team","Home/Away","Favorite/Underdog",0.2544,293,0.2222,350,0.0321,0.0207,2.0659,1.35914473684211,2024-06-18 13:26:19,2,"Kahleah Copper","Loss",0.7406,-0.7406,0.487236842105263,-0.487236842105263,"FPTS Team_Kahleah Copper_2024-06-18"
2024-06-18,"FanDuel","NYL @ PHO",1022400083,"FPTS Team","First Points","Player","Team","Home/Away","Favorite/Underdog",0.1483,574,0.1176,750,0.0307,0.0174,1.7379,1.14335526315789,2024-06-18 12:26:29,1,"Natasha Cloud","Loss",1.7379,-1.7379,1.14335526315789,-1.14335526315789,"FPTS Team_Natasha Cloud_2024-06-18"
2024-06-18,"MGM","NYL @ PHO",1022400083,"FPTS Team","First FGM","Player","Team","Home/Away","Favorite/Underdog",0.1622,516,0.1111,800,0.0511,0.0288,2.8764,1.89236842105263,2024-06-18 13:26:19,2,"Natasha Cloud","Loss",1.1385,-1.1385,0.749013157894737,-0.749013157894737,"FPTS Team_Natasha Cloud_2024-06-18"
2024-06-18,"FanDuel","NYL @ PHO",1022400083,"FPTS Team","First Points","Player","Team","Home/Away","Favorite/Underdog",0.1583,532,0.1333,650,0.025,0.0144,1.442,0.948684210526316,2024-06-18 12:26:29,1,"Rebecca Allen","Loss",1.442,-1.442,0.948684210526316,-0.948684210526316,"FPTS Team_Rebecca Allen_2024-06-18"
2024-06-18,"FanDuel","NYL @ PHO",1022400083,"FPTS Team","First Points","Player","Team","Home/Away","Favorite/Underdog",0.1836,445,0.1667,500,0.0169,0.0102,1.0152,0.667894736842105,2024-06-18 12:26:29,1,"Sabrina Ionescu","Win",1.0152,5.076,0.667894736842105,3.33947368421053,"FPTS Team_Sabrina Ionescu_2024-06-18"
2024-06-19,"Draft Kings","ATL @ MIN",1022400085,"FPTS","First FGM","Player","Game","Home/Away","Favorite/Underdog",0.0826,1110,0.0667,1400,0.016,0.0086,0.8555,0.900526315789474,2024-06-19 12:26:25,1,"Bridget Carleton","Win",0.8555,11.977,0.900526315789474,12.6073684210526,"FPTS_Bridget Carleton_2024-06-19"
2024-06-19,"ESPN","ATL @ MIN",1022400085,"FPTS","First Points","Player","Game","Home/Away","Favorite/Underdog",0.0821,1117,0.0625,1500,0.0196,0.0105,1.0474,1.10252631578947,2024-06-19 15:26:17,1,"Haley Jones","Loss",1.0474,-1.0474,1.10252631578947,-1.10252631578947,"FPTS_Haley Jones_2024-06-19"
2024-06-19,"FanDuel","ATL @ MIN",1022400085,"FPTS","First Points","Player","Game","Home/Away","Favorite/Underdog",0.0873,1045,0.0556,1700,0.0318,0.0168,1.682,1.77052631578947,2024-06-19 23:56:18,17,"Nia Coffey","Loss",0.1677,-0.1677,0.176526315789473,-0.176526315789473,"FPTS_Nia Coffey_2024-06-19"
2024-06-19,"FanDuel","ATL @ MIN",1022400085,"FPTS","First Points","Player","Game","Home/Away","Favorite/Underdog",0.0873,1045,0.0588,1600,0.0285,0.0151,1.5143,1.594,2024-06-19 22:56:17,15,"Nia Coffey","Loss",0.1902,-0.1902,0.200210526315789,-0.200210526315789,"FPTS_Nia Coffey_2024-06-19"
2024-06-19,"FanDuel","ATL @ MIN",1022400085,"FPTS","First Points","Player","Game","Home/Away","Favorite/Underdog",0.0873,1045,0.0625,1500,0.0248,0.0132,1.3241,1.39378947368421,2024-06-19 12:26:25,1,"Nia Coffey","Loss",1.3241,-1.3241,1.39378947368421,-1.39378947368421,"FPTS_Nia Coffey_2024-06-19"
2024-06-19,"Caesars","ATL @ MIN",1022400085,"FPTS","First Points","Player","Game","Home/Away","Favorite/Underdog",0.1276,683,0.1176,750,0.01,0.0057,0.5667,0.596526315789474,2024-06-19 15:26:17,1,"Tina Charles","Loss",0.5667,-0.5667,0.596526315789474,-0.596526315789474,"FPTS_Tina Charles_2024-06-19"
2024-06-19,"MGM","ATL @ MIN",1022400085,"FPTS Team","First FGM","Player","Team","Home/Away","Favorite/Underdog",0.1653,505,0.1333,650,0.032,0.0185,1.8456,1.21421052631579,2024-06-19 14:26:17,1,"Bridget Carleton","Win",1.8456,11.9964,1.21421052631579,7.89236842105263,"FPTS Team_Bridget Carleton_2024-06-19"
2024-06-19,"FanDuel","ATL @ MIN",1022400085,"FPTS Team","First Points","Player","Team","Home/Away","Favorite/Underdog",0.1982,404,0.1786,460,0.0197,0.012,1.1973,0.787697368421053,2024-06-19 12:26:25,1,"Courtney Williams","Loss",1.1973,-1.1973,0.787697368421053,-0.787697368421053,"FPTS Team_Courtney Williams_2024-06-19"
2024-06-19,"MGM","ATL @ MIN",1022400085,"FPTS Team","First FGM","Player","Team","Home/Away","Favorite/Underdog",0.1793,458,0.1667,500,0.0126,0.0076,0.7551,0.496776315789474,2024-06-19 14:26:17,1,"Haley Jones","Loss",0.7551,-0.7551,0.496776315789474,-0.496776315789474,"FPTS Team_Haley Jones_2024-06-19"
2024-06-19,"FanDuel","ATL @ MIN",1022400085,"FPTS Team","First Points","Player","Team","Home/Away","Favorite/Underdog",0.1747,473,0.125,700,0.0497,0.0284,2.8374,1.86671052631579,2024-06-19 12:26:25,1,"Nia Coffey","Loss",2.8374,-2.8374,1.86671052631579,-1.86671052631579,"FPTS Team_Nia Coffey_2024-06-19"
2024-06-19,"FanDuel","ATL @ MIN",1022400085,"FPTS Team","First Points","Player","Team","Home/Away","Favorite/Underdog",0.1747,473,0.1176,750,0.057,0.0323,3.2304,2.12526315789474,2024-06-19 22:56:17,15,"Nia Coffey","Loss",0.393,-0.393,0.258552631578947,-0.258552631578947,"FPTS Team_Nia Coffey_2024-06-19"
2024-06-19,"FanDuel","ATL @ MIN",1022400085,"FPTS Team","First Points","Player","Team","Home/Away","Favorite/Underdog",0.2553,292,0.2439,310,0.0114,0.0075,0.7535,0.495723684210526,2024-06-19 12:26:25,1,"Tina Charles","Win",0.7535,2.33585,0.495723684210526,1.53674342105263,"FPTS Team_Tina Charles_2024-06-19"
2024-06-19,"FanDuel","SEA @ LVA",1022400086,"FPTS","First Points","Player","Game","Home/Away","Favorite/Underdog",0.1059,845,0.0909,1000,0.015,0.0082,0.8232,0.866526315789474,2024-06-19 12:26:25,1,"Jewell Loyd","Loss",0.8232,-0.8232,0.866526315789474,-0.866526315789474,"FPTS_Jewell Loyd_2024-06-19"
2024-06-19,"Draft Kings","SEA @ LVA",1022400086,"FPTS","First FGM","Player","Game","Home/Away","Favorite/Underdog",0.0711,1306,0.0476,2000,0.0235,0.0123,1.2348,1.29978947368421,2024-06-19 12:26:25,1,"Kiah Stokes","Loss",1.2348,-1.2348,1.29978947368421,-1.29978947368421,"FPTS_Kiah Stokes_2024-06-19"
2024-06-19,"FanDuel","SEA @ LVA",1022400086,"FPTS Team","First Points","Player","Team","Home/Away","Favorite/Underdog",0.2163,362,0.1887,430,0.0276,0.017,1.7026,1.12013157894737,2024-06-19 12:26:25,1,"Jewell Loyd","Loss",1.7026,-1.7026,1.12013157894737,-1.12013157894737,"FPTS Team_Jewell Loyd_2024-06-19"
2024-06-19,"FanDuel","SEA @ LVA",1022400086,"FPTS Team","First Points","Player","Team","Home/Away","Favorite/Underdog",0.1724,480,0.1538,550,0.0185,0.011,1.096,0.721052631578947,2024-06-20 01:56:39,1,"Tiffany Hayes","Loss",1.096,-1.096,0.721052631578947,-0.721052631578947,"FPTS Team_Tiffany Hayes_2024-06-19"
2024-06-19,"ESPN","WAS @ IND",1022400084,"FPTS","First Points","Player","Game","Home/Away","Favorite/Underdog",0.0831,1104,0.0714,1300,0.0116,0.0063,0.6271,0.660105263157895,2024-06-19 15:26:17,1,"Julie Vanloo","Loss",0.6271,-0.6271,0.660105263157895,-0.660105263157895,"FPTS_Julie Vanloo_2024-06-19"
2024-06-19,"BetRivers","WAS @ IND",1022400084,"FPTS","First FGM","Player","Game","Home/Away","Favorite/Underdog",0.0844,1085,0.0714,1300,0.0129,0.007,0.6959,0.732526315789474,2024-06-19 17:26:19,2,"Julie Vanloo","Loss",0.0688,-0.0688,0.0724210526315789,-0.0724210526315789,"FPTS_Julie Vanloo_2024-06-19"
2024-06-19,"ESPN","WAS @ IND",1022400084,"FPTS","First Points","Player","Game","Home/Away","Favorite/Underdog",0.0833,1100,0.0714,1300,0.0119,0.0064,0.641,0.674736842105263,2024-06-19 15:26:17,1,"Karlie Samuelson","Loss",0.641,-0.641,0.674736842105263,-0.674736842105263,"FPTS_Karlie Samuelson_2024-06-19"
2024-06-19,"Draft Kings","WAS @ IND",1022400084,"FPTS","First FGM","Player","Game","Home/Away","Favorite/Underdog",0.0819,1121,0.0667,1400,0.0152,0.0082,0.8163,0.859263157894737,2024-06-19 12:26:25,1,"Kristy Wallace","Loss",0.8163,-0.8163,0.859263157894737,-0.859263157894737,"FPTS_Kristy Wallace_2024-06-19"
2024-06-19,"ESPN","WAS @ IND",1022400084,"FPTS","First Points","Player","Game","Home/Away","Favorite/Underdog",0.1132,783,0.0909,1000,0.0223,0.0123,1.2274,1.292,2024-06-19 15:26:17,1,"NaLyssa Smith","Loss",1.2274,-1.2274,1.292,-1.292,"FPTS_NaLyssa Smith_2024-06-19"
2024-06-19,"Draft Kings","WAS @ IND",1022400084,"FPTS","First FGM","Player","Game","Home/Away","Favorite/Underdog",0.0922,985,0.0769,1200,0.0153,0.0083,0.8273,0.870842105263158,2024-06-19 12:26:25,1,"Stefanie Dolson","Loss",0.8273,-0.8273,0.870842105263158,-0.870842105263158,"FPTS_Stefanie Dolson_2024-06-19"
2024-06-19,"ESPN","WAS @ IND",1022400084,"FPTS","First Points","Player","Game","Home/Away","Favorite/Underdog",0.0902,1009,0.0714,1300,0.0187,0.0101,1.0087,1.06178947368421,2024-06-19 15:26:17,4,"Stefanie Dolson","Loss",0.1814,-0.1814,0.190947368421052,-0.190947368421052,"FPTS_Stefanie Dolson_2024-06-19"
2024-06-19,"FanDuel","WAS @ IND",1022400084,"FPTS Team","First Points","Player","Team","Home/Away","Favorite/Underdog",0.1492,570,0.1333,650,0.0159,0.0092,0.9152,0.602105263157895,2024-06-19 12:26:25,1,"Kristy Wallace","Loss",0.9152,-0.9152,0.602105263157895,-0.602105263157895,"FPTS Team_Kristy Wallace_2024-06-19"
2024-06-19,"MGM","WAS @ IND",1022400084,"FPTS Team","First FGM","Player","Team","Home/Away","Favorite/Underdog",0.1637,511,0.1429,600,0.0209,0.0122,1.2172,0.800789473684211,2024-06-19 14:26:17,3,"Kristy Wallace","Loss",0.302,-0.302,0.198684210526316,-0.198684210526316,"FPTS Team_Kristy Wallace_2024-06-19"
2024-06-19,"FanDuel","WAS @ IND",1022400084,"FPTS Team","First Points","Player","Team","Home/Away","Favorite/Underdog",0.226,342,0.1887,430,0.0373,0.023,2.2996,1.5128947368421,2024-06-19 12:26:25,1,"NaLyssa Smith","Loss",2.2996,-2.2996,1.5128947368421,-1.5128947368421,"FPTS Team_NaLyssa Smith_2024-06-19"
2024-06-19,"BetRivers","WAS @ IND",1022400084,"FTTS","First Points","Team","Quarter","Home/Away","Favorite/Underdog",0.499,100,0.4878,105,0.0112,0.0109,0.546,0.398540145985401,2024-06-19 12:26:25,1,"1Q_WAS","Loss",0.546,-0.546,0.398540145985401,-0.398540145985401,"FTTS_1Q_WAS_2024-06-19"
2024-06-20,"Draft Kings","DAL @ CHI",1022400087,"FPTS","First FGM","Player","Game","Home/Away","Favorite/Underdog",0.1111,800,0.1,900,0.0111,0.0061,0.615,0.647368421052632,2024-06-20 15:56:14,1,"Chennedy Carter","Loss",0.615,-0.615,0.647368421052632,-0.647368421052632,"FPTS_Chennedy Carter_2024-06-20"
2024-06-20,"Draft Kings","DAL @ CHI",1022400087,"FPTS","First FGM","Player","Game","Home/Away","Favorite/Underdog",0.1012,888,0.0909,1000,0.0103,0.0057,0.5673,0.597157894736842,2024-06-20 15:56:14,1,"Monique Billings","Loss",0.5673,-0.5673,0.597157894736842,-0.597157894736842,"FPTS_Monique Billings_2024-06-20"
2024-06-20,"Draft Kings","DAL @ CHI",1022400087,"FPTS","First FGM","Player","Game","Home/Away","Favorite/Underdog",0.0771,1197,0.0667,1400,0.0104,0.0056,0.5592,0.588631578947369,2024-06-20 15:56:14,1,"Sevgi Uzun","Loss",0.2796,-0.2796,0.294315789473684,-0.294315789473684,"FPTS_Sevgi Uzun_2024-06-20"
2024-06-20,"Fanatics","DAL @ CHI",1022400087,"FPTS","First FGM","Player","Game","Home/Away","Favorite/Underdog",0.0771,1197,0.0667,1400,0.0104,0.0056,0.5592,0.588631578947369,2024-06-20 15:56:14,1,"Sevgi Uzun","Loss",0.2796,-0.2796,0.294315789473684,-0.294315789473684,"FPTS_Sevgi Uzun_2024-06-20"
2024-06-20,"MGM","DAL @ CHI",1022400087,"FPTS Team","First FGM","Player","Team","Home/Away","Favorite/Underdog",0.1586,530,0.1429,600,0.0158,0.0092,0.9201,0.605328947368421,2024-06-20 13:26:17,1,"Lindsay Allen","Win",0.9201,5.5206,0.605328947368421,3.63197368421053,"FPTS Team_Lindsay Allen_2024-06-20"
2024-06-20,"ESPN","LAS @ NYL",1022400088,"FPTS","First Points","Player","Game","Home/Away","Favorite/Underdog",0.0916,992,0.0769,1200,0.0147,0.0079,0.7945,0.836315789473684,2024-06-20 12:56:22,1,"Kia Nurse","Win",0.7945,9.534,0.836315789473684,10.0357894736842,"FPTS_Kia Nurse_2024-06-20"
2024-06-20,"Fanatics","LAS @ NYL",1022400088,"FPTS","First FGM","Player","Game","Home/Away","Favorite/Underdog",0.0923,983,0.0769,1200,0.0154,0.0083,0.8329,0.876736842105263,2024-06-20 16:26:13,2,"Kia Nurse","Win",0.0384,0.4608,0.0404210526315789,0.485052631578947,"FPTS_Kia Nurse_2024-06-20"
2024-06-20,"Draft Kings","LAS @ NYL",1022400088,"FPTS","First FGM","Player","Game","Home/Away","Favorite/Underdog",0.0753,1228,0.0476,2000,0.0277,0.0145,1.4542,1.53073684210526,2024-06-20 22:56:09,1,"Leonie Fiebich","Loss",1.4542,-1.4542,1.53073684210526,-1.53073684210526,"FPTS_Leonie Fiebich_2024-06-20"
2024-06-20,"FanDuel","LAS @ NYL",1022400088,"FPTS","First Points","Player","Game","Home/Away","Favorite/Underdog",0.0977,923,0.05,1900,0.0477,0.0251,2.5127,2.64494736842105,2024-06-20 12:26:23,1,"Li Yueru","Loss",2.5127,-2.5127,2.64494736842105,-2.64494736842105,"FPTS_Li Yueru_2024-06-20"
2024-06-20,"ESPN","LAS @ NYL",1022400088,"FPTS","First Points","Player","Game","Home/Away","Favorite/Underdog",0.1043,859,0.0909,1000,0.0134,0.0074,0.7366,0.775368421052632,2024-06-20 16:26:13,1,"Rickea Jackson","Loss",0.7366,-0.7366,0.775368421052632,-0.775368421052632,"FPTS_Rickea Jackson_2024-06-20"
2024-06-20,"MGM","LAS @ NYL",1022400088,"FPTS Team","First FGM","Player","Team","Home/Away","Favorite/Underdog",0.2543,293,0.2353,325,0.019,0.0124,1.2407,0.81625,2024-06-20 22:56:09,20,"Breanna Stewart","Loss",1.2407,-1.2407,0.81625,-0.81625,"FPTS Team_Breanna Stewart_2024-06-20"
2024-06-20,"FanDuel","LAS @ NYL",1022400088,"FPTS Team","First Points","Player","Team","Home/Away","Favorite/Underdog",0.1512,561,0.1333,650,0.0179,0.0103,1.0333,0.679802631578947,2024-06-20 22:56:09,1,"Leonie Fiebich","Loss",1.0333,-1.0333,0.679802631578947,-0.679802631578947,"FPTS Team_Leonie Fiebich_2024-06-20"
2024-06-20,"FanDuel","LAS @ NYL",1022400088,"FPTS Team","First Points","Player","Team","Home/Away","Favorite/Underdog",0.1955,412,0.125,700,0.0705,0.0403,4.0277,2.64980263157895,2024-06-20 12:26:23,1,"Li Yueru","Loss",4.0277,-4.0277,2.64980263157895,-2.64980263157895,"FPTS Team_Li Yueru_2024-06-20"
2024-06-20,"BetRivers","LAS @ NYL",1022400088,"FTTS","First Points","Team","Quarter","Home/Away","Favorite/Underdog",0.5,100,0.4545,120,0.0455,0.0417,2.0833,1.52065693430657,2024-06-20 12:56:22,1,"1Q_LAS","Win",2.0833,2.49996,1.52065693430657,1.82478832116788,"FTTS_1Q_LAS_2024-06-20"
2024-06-21,"ESPN","CON @ LVA",1022400090,"FPTS","First Points","Player","Game","Home/Away","Favorite/Underdog",0.0957,945,0.0833,1100,0.0124,0.0068,0.676,0.711578947368421,2024-06-21 17:26:22,1,"Jackie Young","Loss",0.676,-0.676,0.711578947368421,-0.711578947368421,"FPTS_Jackie Young_2024-06-21"
2024-06-21,"Draft Kings","CON @ LVA",1022400090,"FPTS","First FGM","Player","Game","Home/Away","Favorite/Underdog",0.0711,1306,0.0476,2000,0.0235,0.0124,1.235,1.3,2024-06-21 14:56:33,6,"Kiah Stokes","Loss",1.235,-1.235,1.3,-1.3,"FPTS_Kiah Stokes_2024-06-21"
2024-06-21,"FanDuel","CON @ LVA",1022400090,"FPTS","First Points","Player","Game","Home/Away","Favorite/Underdog",0.0682,1367,0.0556,1700,0.0126,0.0067,0.6682,0.703368421052632,2024-06-21 12:26:18,1,"Tyasha Harris","Loss",0.6682,-0.6682,0.703368421052632,-0.703368421052632,"FPTS_Tyasha Harris_2024-06-21"
2024-06-21,"FanDuel","CON @ LVA",1022400090,"FPTS","First Points","Player","Game","Home/Away","Favorite/Underdog",0.0682,1367,0.0526,1800,0.0155,0.0082,0.8204,0.863578947368421,2024-06-21 13:26:24,3,"Tyasha Harris","Loss",0.1522,-0.1522,0.160210526315789,-0.160210526315789,"FPTS_Tyasha Harris_2024-06-21"
2024-06-21,"FanDuel","CON @ LVA",1022400090,"FPTS Team","First Points","Player","Team","Home/Away","Favorite/Underdog",0.1814,451,0.1538,550,0.0276,0.0163,1.6299,1.07230263157895,2024-06-21 13:56:30,4,"Jackie Young","Loss",1.6299,-1.6299,1.07230263157895,-1.07230263157895,"FPTS Team_Jackie Young_2024-06-21"
2024-06-21,"FanDuel","CON @ LVA",1022400090,"FPTS Team","First Points","Player","Team","Home/Away","Favorite/Underdog",0.1473,579,0.1176,750,0.0296,0.0168,1.678,1.10394736842105,2024-06-21 12:26:18,1,"Tyasha Harris","Loss",1.678,-1.678,1.10394736842105,-1.10394736842105,"FPTS Team_Tyasha Harris_2024-06-21"
2024-06-21,"Caesars","IND @ ATL",1022400089,"FPTS","First Points","Player","Game","Home/Away","Favorite/Underdog",0.1241,706,0.1111,800,0.013,0.0073,0.733,0.771578947368421,2024-06-21 22:56:14,1,"Cheyenne Parker-Tyus","Loss",0.733,-0.733,0.771578947368421,-0.771578947368421,"FPTS_Cheyenne Parker-Tyus_2024-06-21"
2024-06-21,"MGM","IND @ ATL",1022400089,"FPTS","First FGM","Player","Game","Home/Away","Favorite/Underdog",0.095,953,0.0833,1100,0.0116,0.0064,0.6351,0.668526315789474,2024-06-21 13:26:24,1,"Kelsey Mitchell","Win",0.6351,6.9861,0.668526315789474,7.35378947368421,"FPTS_Kelsey Mitchell_2024-06-21"
2024-06-21,"MGM","IND @ ATL",1022400089,"FPTS","First FGM","Player","Game","Home/Away","Favorite/Underdog",0.0788,1169,0.0667,1400,0.0121,0.0065,0.6485,0.682631578947368,2024-06-21 22:56:14,1,"Kristy Wallace","Loss",0.6485,-0.6485,0.682631578947368,-0.682631578947368,"FPTS_Kristy Wallace_2024-06-21"
2024-06-21,"FanDuel","IND @ ATL",1022400089,"FPTS","First Points","Player","Game","Home/Away","Favorite/Underdog",0.0787,1171,0.0667,1400,0.012,0.0064,0.6448,0.678736842105263,2024-06-21 13:56:30,1,"Nia Coffey","Loss",0.6448,-0.6448,0.678736842105263,-0.678736842105263,"FPTS_Nia Coffey_2024-06-21"
2024-06-21,"MGM","IND @ ATL",1022400089,"FPTS Team","First FGM","Player","Team","Home/Away","Favorite/Underdog",0.1825,448,0.1667,500,0.0159,0.0095,0.9523,0.626513157894737,2024-06-21 13:56:30,2,"Kelsey Mitchell","Win",0.9523,4.7615,0.626513157894737,3.13256578947368,"FPTS Team_Kelsey Mitchell_2024-06-21"
2024-06-21,"MGM","IND @ ATL",1022400089,"FPTS Team","First FGM","Player","Team","Home/Away","Favorite/Underdog",0.159,529,0.1333,650,0.0257,0.0148,1.4827,0.975460526315789,2024-06-21 23:26:15,1,"Kristy Wallace","Loss",1.4827,-1.4827,0.975460526315789,-0.975460526315789,"FPTS Team_Kristy Wallace_2024-06-21"
2024-06-21,"FanDuel","IND @ ATL",1022400089,"FPTS Team","First Points","Player","Team","Home/Away","Favorite/Underdog",0.1573,536,0.125,700,0.0323,0.0184,1.8443,1.21335526315789,2024-06-21 12:26:18,1,"Nia Coffey","Loss",1.8443,-1.8443,1.21335526315789,-1.21335526315789,"FPTS Team_Nia Coffey_2024-06-21"
2024-06-22,"Draft Kings","DAL @ WAS",1022400091,"FPTS","First FGM","Player","Game","Home/Away","Favorite/Underdog",0.0868,1052,0.0667,1400,0.0202,0.0108,1.0797,1.13652631578947,2024-06-22 18:26:17,13,"Jacy Sheldon","Loss",1.0797,-1.0797,1.13652631578947,-1.13652631578947,"FPTS_Jacy Sheldon_2024-06-22"
2024-06-22,"Caesars","DAL @ WAS",1022400091,"FPTS","First Points","Player","Game","Home/Away","Favorite/Underdog",0.0878,1038,0.0769,1200,0.0109,0.0059,0.5912,0.622315789473684,2024-06-22 12:26:24,1,"Julie Vanloo","Loss",0.5912,-0.5912,0.622315789473684,-0.622315789473684,"FPTS_Julie Vanloo_2024-06-22"
2024-06-22,"FanDuel","DAL @ WAS",1022400091,"FPTS","First Points","Player","Game","Home/Away","Favorite/Underdog",0.0848,1079,0.0625,1500,0.0223,0.0119,1.1917,1.25442105263158,2024-06-22 18:26:17,6,"Julie Vanloo","Loss",0.6005,-0.6005,0.632105263157895,-0.632105263157895,"FPTS_Julie Vanloo_2024-06-22"
2024-06-22,"FanDuel","DAL @ WAS",1022400091,"FPTS Team","First Points","Player","Team","Home/Away","Favorite/Underdog",0.1824,448,0.1333,650,0.049,0.0283,2.8297,1.86164473684211,2024-06-22 18:56:18,2,"Julie Vanloo","Loss",2.8297,-2.8297,1.8616447368421,-1.8616447368421,"FPTS Team_Julie Vanloo_2024-06-22"
2024-06-22,"FanDuel","DAL @ WAS",1022400091,"FPTS Team","First Points","Player","Team","Home/Away","Favorite/Underdog",0.229,337,0.2128,370,0.0163,0.0103,1.0326,0.679342105263158,2024-06-22 18:56:18,1,"Natasha Howard","Loss",1.0326,-1.0326,0.679342105263158,-0.679342105263158,"FPTS Team_Natasha Howard_2024-06-22"
2024-06-22,"FanDuel","LAS @ NYL",1022400092,"FPTS","First Points","Player","Game","Home/Away","Favorite/Underdog",0.0836,1097,0.0714,1300,0.0121,0.0065,0.6531,0.687473684210526,2024-06-22 13:56:12,1,"Aari McDonald","Loss",0.6531,-0.6531,0.687473684210526,-0.687473684210526,"FPTS_Aari McDonald_2024-06-22"
2024-06-22,"Caesars","LAS @ NYL",1022400092,"FPTS","First Points","Player","Game","Home/Away","Favorite/Underdog",0.0917,991,0.0769,1200,0.0147,0.008,0.7981,0.840105263157895,2024-06-22 12:26:24,1,"Kia Nurse","Loss",0.7981,-0.7981,0.840105263157895,-0.840105263157895,"FPTS_Kia Nurse_2024-06-22"
2024-06-22,"Draft Kings","LAS @ NYL",1022400092,"FPTS","First FGM","Player","Game","Home/Away","Favorite/Underdog",0.0782,1179,0.0667,1400,0.0115,0.0062,0.6163,0.648736842105263,2024-06-22 18:56:18,1,"Leonie Fiebich","Loss",0.6163,-0.6163,0.648736842105263,-0.648736842105263,"FPTS_Leonie Fiebich_2024-06-22"
2024-06-22,"ESPN","LAS @ NYL",1022400092,"FPTS","First Points","Player","Game","Home/Away","Favorite/Underdog",0.0979,922,0.0526,1800,0.0452,0.0239,2.3874,2.51305263157895,2024-06-22 12:26:24,1,"Li Yueru","Loss",1.1937,-1.1937,1.25652631578947,-1.25652631578947,"FPTS_Li Yueru_2024-06-22"
2024-06-22,"FanDuel","LAS @ NYL",1022400092,"FPTS","First Points","Player","Game","Home/Away","Favorite/Underdog",0.0979,922,0.0526,1800,0.0452,0.0239,2.3874,2.51305263157895,2024-06-22 12:26:24,1,"Li Yueru","Loss",1.1937,-1.1937,1.25652631578947,-1.25652631578947,"FPTS_Li Yueru_2024-06-22"
2024-06-22,"Caesars","LAS @ NYL",1022400092,"FPTS","First Points","Player","Game","Home/Away","Favorite/Underdog",0.1045,857,0.0909,1000,0.0136,0.0075,0.7493,0.788736842105263,2024-06-22 12:26:24,1,"Rickea Jackson","Loss",0.37465,-0.37465,0.394368421052632,-0.394368421052632,"FPTS_Rickea Jackson_2024-06-22"
2024-06-22,"FanDuel","LAS @ NYL",1022400092,"FPTS","First Points","Player","Game","Home/Away","Favorite/Underdog",0.1045,857,0.0909,1000,0.0136,0.0075,0.7493,0.788736842105263,2024-06-22 12:26:24,1,"Rickea Jackson","Loss",0.37465,-0.37465,0.394368421052632,-0.394368421052632,"FPTS_Rickea Jackson_2024-06-22"
2024-06-22,"MGM","LAS @ NYL",1022400092,"FPTS Team","First FGM","Player","Team","Home/Away","Favorite/Underdog",0.1563,540,0.1176,750,0.0387,0.0219,2.1927,1.44256578947368,2024-06-22 18:56:18,1,"Leonie Fiebich","Loss",2.1927,-2.1927,1.44256578947368,-1.44256578947368,"FPTS Team_Leonie Fiebich_2024-06-22"
2024-06-22,"FanDuel","LAS @ NYL",1022400092,"FPTS Team","First Points","Player","Team","Home/Away","Favorite/Underdog",0.1957,411,0.125,700,0.0707,0.0404,4.0419,2.6591447368421,2024-06-22 12:26:24,1,"Li Yueru","Win",4.0419,28.2933,2.6591447368421,18.6140131578947,"FPTS Team_Li Yueru_2024-06-22"
2024-06-22,"BetRivers","LAS @ NYL",1022400092,"FTTS","First Points","Team","Quarter","Home/Away","Favorite/Underdog",0.5,100,0.4444,125,0.0556,0.05,2.5,1.82481751824817,2024-06-22 12:26:24,1,"1Q_LAS","Loss",2.5,-2.5,1.82481751824817,-1.82481751824817,"FTTS_1Q_LAS_2024-06-22"
2024-06-22,"Caesars","PHO @ MIN",1022400093,"FPTS","First Points","Player","Game","Home/Away","Favorite/Underdog",0.1329,652,0.1111,800,0.0218,0.0123,1.2267,1.29126315789474,2024-06-22 12:26:24,1,"Napheesa Collier","Win",1.2267,9.8136,1.29126315789474,10.3301052631579,"FPTS_Napheesa Collier_2024-06-22"
2024-06-22,"FanDuel","PHO @ MIN",1022400093,"FPTS","First Points","Player","Game","Home/Away","Favorite/Underdog",0.0825,1112,0.0714,1300,0.011,0.0059,0.5949,0.62621052631579,2024-06-22 12:26:24,1,"Natasha Cloud","Loss",0.5949,-0.5949,0.62621052631579,-0.62621052631579,"FPTS_Natasha Cloud_2024-06-22"
2024-06-22,"FanDuel","PHO @ MIN",1022400093,"FPTS","First Points","Player","Game","Home/Away","Favorite/Underdog",0.0825,1112,0.0625,1500,0.02,0.0107,1.0654,1.12147368421053,2024-06-22 19:26:19,15,"Natasha Cloud","Loss",0.4705,-0.4705,0.495263157894737,-0.495263157894737,"FPTS_Natasha Cloud_2024-06-22"
2024-06-22,"FanDuel","PHO @ MIN",1022400093,"FPTS Team","First Points","Player","Team","Home/Away","Favorite/Underdog",0.2442,310,0.2222,350,0.022,0.0141,1.4128,0.929473684210526,2024-06-22 12:26:24,1,"Kahleah Copper","Win",1.4128,4.9448,0.929473684210526,3.25315789473684,"FPTS Team_Kahleah Copper_2024-06-22"
2024-06-22,"MGM","PHO @ MIN",1022400093,"FPTS Team","First FGM","Player","Team","Home/Away","Favorite/Underdog",0.2537,294,0.2222,350,0.0315,0.0203,2.0256,1.33263157894737,2024-06-22 13:26:13,3,"Kahleah Copper","Win",0.6128,2.1448,0.403157894736842,1.41105263157895,"FPTS Team_Kahleah Copper_2024-06-22"
2024-06-22,"FanDuel","PHO @ MIN",1022400093,"FPTS Team","First Points","Player","Team","Home/Away","Favorite/Underdog",0.2901,245,0.2778,260,0.0123,0.0085,0.8517,0.560328947368421,2024-06-22 12:26:24,1,"Napheesa Collier","Win",0.8517,2.21442,0.560328947368421,1.45685526315789,"FPTS Team_Napheesa Collier_2024-06-22"
2024-06-22,"MGM","PHO @ MIN",1022400093,"FPTS Team","First FGM","Player","Team","Home/Away","Favorite/Underdog",0.284,252,0.25,300,0.034,0.0227,2.2683,1.49230263157895,2024-06-22 13:26:13,3,"Napheesa Collier","Win",1.4166,4.2498,0.931973684210526,2.79592105263158,"FPTS Team_Napheesa Collier_2024-06-22"
2024-06-22,"FanDuel","PHO @ MIN",1022400093,"FPTS Team","First Points","Player","Team","Home/Away","Favorite/Underdog",0.1522,557,0.1176,750,0.0346,0.0196,1.9598,1.28934210526316,2024-06-22 12:26:24,1,"Natasha Cloud","Loss",1.9598,-1.9598,1.28934210526316,-1.28934210526316,"FPTS Team_Natasha Cloud_2024-06-22"
2024-06-22,"FanDuel","PHO @ MIN",1022400093,"FPTS Team","First Points","Player","Team","Home/Away","Favorite/Underdog",0.1522,557,0.1053,850,0.047,0.0262,2.6247,1.72677631578947,2024-06-22 19:26:19,15,"Natasha Cloud","Loss",0.6649,-0.6649,0.437434210526316,-0.437434210526316,"FPTS Team_Natasha Cloud_2024-06-22"
2024-06-22,"FanDuel","PHO @ MIN",1022400093,"FPTS Team","First Points","Player","Team","Home/Away","Favorite/Underdog",0.1532,553,0.1333,650,0.0199,0.0115,1.148,0.755263157894737,2024-06-22 12:26:24,1,"Rebecca Allen","Loss",1.148,-1.148,0.755263157894737,-0.755263157894737,"FPTS Team_Rebecca Allen_2024-06-22"
2024-06-23,"FanDuel","CON @ SEA",1022400097,"FPTS","First Points","Player","Game","Home/Away","Favorite/Underdog",0.1064,840,0.0769,1200,0.0295,0.016,1.5986,1.68273684210526,2024-06-23 18:56:15,1,"Jordan Horston","Loss",1.5986,-1.5986,1.68273684210526,-1.68273684210526,"FPTS_Jordan Horston_2024-06-23"
2024-06-23,"FanDuel","CON @ SEA",1022400097,"FPTS","First Points","Player","Game","Home/Away","Favorite/Underdog",0.1015,885,0.0833,1100,0.0182,0.0099,0.993,1.04526315789474,2024-06-23 15:26:17,1,"Skylar Diggins-Smith","Loss",0.993,-0.993,1.04526315789474,-1.04526315789474,"FPTS_Skylar Diggins-Smith_2024-06-23"
2024-06-23,"FanDuel","CON @ SEA",1022400097,"FPTS Team","First Points","Player","Team","Home/Away","Favorite/Underdog",0.2025,394,0.1887,430,0.0138,0.0085,0.85,0.55921052631579,2024-06-23 12:26:24,1,"DiJonai Carrington","Loss",0.85,-0.85,0.55921052631579,-0.55921052631579,"FPTS Team_DiJonai Carrington_2024-06-23"
2024-06-23,"MGM","CON @ SEA",1022400097,"FPTS Team","First FGM","Player","Team","Home/Away","Favorite/Underdog",0.1992,402,0.1818,450,0.0174,0.0106,1.0649,0.700592105263158,2024-06-23 13:56:15,4,"DiJonai Carrington","Loss",0.2149,-0.2149,0.141381578947368,-0.141381578947368,"FPTS Team_DiJonai Carrington_2024-06-23"
2024-06-23,"FanDuel","CON @ SEA",1022400097,"FPTS Team","First Points","Player","Team","Home/Away","Favorite/Underdog",0.1946,414,0.1333,650,0.0613,0.0353,3.5338,2.32486842105263,2024-06-23 18:56:15,1,"Jordan Horston","Loss",3.5338,-3.5338,2.32486842105263,-2.32486842105263,"FPTS Team_Jordan Horston_2024-06-23"
2024-06-23,"FanDuel","CON @ SEA",1022400097,"FPTS Team","First Points","Player","Team","Home/Away","Favorite/Underdog",0.1858,438,0.1667,500,0.0191,0.0115,1.1459,0.753881578947368,2024-06-23 15:26:17,1,"Skylar Diggins-Smith","Loss",1.1459,-1.1459,0.753881578947368,-0.753881578947368,"FPTS Team_Skylar Diggins-Smith_2024-06-23"
2024-06-23,"Draft Kings","DAL @ WAS",1022400095,"FPTS","First FGM","Player","Game","Home/Away","Favorite/Underdog",0.0873,1046,0.0588,1600,0.0285,0.0151,1.5126,1.59221052631579,2024-06-23 12:26:24,1,"Jacy Sheldon","Loss",1.5126,-1.5126,1.59221052631579,-1.59221052631579,"FPTS_Jacy Sheldon_2024-06-23"
2024-06-23,"BetRivers","DAL @ WAS",1022400095,"FPTS","First FGM","Player","Game","Home/Away","Favorite/Underdog",0.0824,1114,0.0667,1400,0.0157,0.0084,0.8412,0.885473684210526,2024-06-23 12:26:24,1,"Julie Vanloo","Loss",0.8412,-0.8412,0.885473684210526,-0.885473684210526,"FPTS_Julie Vanloo_2024-06-23"
2024-06-23,"BetRivers","DAL @ WAS",1022400095,"FPTS","First FGM","Player","Game","Home/Away","Favorite/Underdog",0.1143,775,0.1,900,0.0143,0.008,0.7967,0.838631578947368,2024-06-23 12:26:24,1,"Myisha Hines-Allen","Loss",0.7967,-0.7967,0.838631578947368,-0.838631578947368,"FPTS_Myisha Hines-Allen_2024-06-23"
2024-06-23,"MGM","DAL @ WAS",1022400095,"FPTS","First FGM","Player","Game","Home/Away","Favorite/Underdog",0.1276,684,0.1111,800,0.0165,0.0093,0.9264,0.975157894736842,2024-06-23 16:56:14,1,"Natasha Howard","Win",0.9264,7.4112,0.975157894736842,7.80126315789474,"FPTS_Natasha Howard_2024-06-23"
2024-06-23,"ESPN","DAL @ WAS",1022400095,"FPTS","First Points","Player","Game","Home/Away","Favorite/Underdog",0.0875,1043,0.0625,1500,0.025,0.0133,1.3333,1.40347368421053,2024-06-23 12:26:24,1,"Sevgi Uzun","Loss",0.66665,-0.66665,0.701736842105263,-0.701736842105263,"FPTS_Sevgi Uzun_2024-06-23"
2024-06-23,"FanDuel","DAL @ WAS",1022400095,"FPTS","First Points","Player","Game","Home/Away","Favorite/Underdog",0.0875,1043,0.0625,1500,0.025,0.0133,1.3333,1.40347368421053,2024-06-23 12:26:24,1,"Sevgi Uzun","Loss",0.66665,-0.66665,0.701736842105263,-0.701736842105263,"FPTS_Sevgi Uzun_2024-06-23"
2024-06-23,"FanDuel","DAL @ WAS",1022400095,"FPTS Team","First Points","Player","Team","Home/Away","Favorite/Underdog",0.1417,605,0.1176,750,0.0241,0.0137,1.3657,0.898486842105263,2024-06-23 12:26:24,1,"Jacy Sheldon","Loss",1.3657,-1.3657,0.898486842105263,-0.898486842105263,"FPTS Team_Jacy Sheldon_2024-06-23"
2024-06-23,"MGM","DAL @ WAS",1022400095,"FPTS Team","First FGM","Player","Team","Home/Away","Favorite/Underdog",0.163,514,0.1176,750,0.0453,0.0257,2.5694,1.69039473684211,2024-06-23 13:56:15,4,"Jacy Sheldon","Loss",1.2037,-1.2037,0.791907894736842,-0.791907894736842,"FPTS Team_Jacy Sheldon_2024-06-23"
2024-06-23,"FanDuel","DAL @ WAS",1022400095,"FPTS Team","First Points","Player","Team","Home/Away","Favorite/Underdog",0.1768,465,0.1333,650,0.0435,0.0251,2.5098,1.65118421052632,2024-06-23 12:26:24,1,"Julie Vanloo","Loss",2.5098,-2.5098,1.65118421052632,-1.65118421052632,"FPTS Team_Julie Vanloo_2024-06-23"
2024-06-23,"FanDuel","DAL @ WAS",1022400095,"FPTS Team","First Points","Player","Team","Home/Away","Favorite/Underdog",0.2428,312,0.2222,350,0.0206,0.0132,1.3239,0.870986842105263,2024-06-23 12:26:24,1,"Myisha Hines-Allen","Win",1.3239,4.63365,0.870986842105263,3.04845394736842,"FPTS Team_Myisha Hines-Allen_2024-06-23"
2024-06-23,"MGM","DAL @ WAS",1022400095,"FPTS Team","First FGM","Player","Team","Home/Away","Favorite/Underdog",0.2462,306,0.2222,350,0.024,0.0154,1.5419,1.01440789473684,2024-06-23 14:56:31,6,"Myisha Hines-Allen","Win",0.218,0.763,0.143421052631579,0.501973684210527,"FPTS Team_Myisha Hines-Allen_2024-06-23"
2024-06-23,"MGM","DAL @ WAS",1022400095,"FPTS Team","First FGM","Player","Team","Home/Away","Favorite/Underdog",0.2382,320,0.2105,375,0.0277,0.0175,1.753,1.15328947368421,2024-06-23 16:56:14,1,"Natasha Howard","Win",1.753,6.57375,1.15328947368421,4.32483552631579,"FPTS Team_Natasha Howard_2024-06-23"
2024-06-23,"FanDuel","DAL @ WAS",1022400095,"FPTS Team","First Points","Player","Team","Home/Away","Favorite/Underdog",0.1597,526,0.1176,750,0.0421,0.0239,2.3852,1.56921052631579,2024-06-23 12:26:24,1,"Sevgi Uzun","Loss",2.3852,-2.3852,1.56921052631579,-1.56921052631579,"FPTS Team_Sevgi Uzun_2024-06-23"
2024-06-23,"MGM","DAL @ WAS",1022400095,"FPTS Team","First FGM","Player","Team","Home/Away","Favorite/Underdog",0.169,492,0.125,700,0.044,0.0251,2.5135,1.65361842105263,2024-06-23 13:56:15,4,"Sevgi Uzun","Loss",0.1283,-0.1283,0.0844078947368421,-0.0844078947368421,"FPTS Team_Sevgi Uzun_2024-06-23"
2024-06-23,"Draft Kings","IND @ CHI",1022400096,"FPTS","First FGM","Player","Game","Home/Away","Favorite/Underdog",0.0785,1174,0.0625,1500,0.016,0.0085,0.8522,0.897052631578947,2024-06-23 12:26:24,1,"Kristy Wallace","Loss",0.4261,-0.4261,0.448526315789474,-0.448526315789474,"FPTS_Kristy Wallace_2024-06-23"
2024-06-23,"Fanatics","IND @ CHI",1022400096,"FPTS","First FGM","Player","Game","Home/Away","Favorite/Underdog",0.0785,1174,0.0625,1500,0.016,0.0085,0.8522,0.897052631578947,2024-06-23 12:26:24,1,"Kristy Wallace","Loss",0.4261,-0.4261,0.448526315789474,-0.448526315789474,"FPTS_Kristy Wallace_2024-06-23"
2024-06-23,"Fanatics","IND @ CHI",1022400096,"FPTS","First FGM","Player","Game","Home/Away","Favorite/Underdog",0.0838,1094,0.0588,1600,0.0249,0.0133,1.3253,1.39505263157895,2024-06-23 12:26:24,1,"Lindsay Allen","Loss",1.3253,-1.3253,1.39505263157895,-1.39505263157895,"FPTS_Lindsay Allen_2024-06-23"
2024-06-23,"Caesars","IND @ CHI",1022400096,"FPTS","First Points","Player","Game","Home/Away","Favorite/Underdog",0.1171,754,0.1053,850,0.0118,0.0066,0.6603,0.695052631578947,2024-06-23 12:56:13,1,"NaLyssa Smith","Loss",0.6603,-0.6603,0.695052631578947,-0.695052631578947,"FPTS_NaLyssa Smith_2024-06-23"
2024-06-23,"FanDuel","IND @ CHI",1022400096,"FPTS Team","First Points","Player","Team","Home/Away","Favorite/Underdog",0.146,585,0.125,700,0.021,0.012,1.2022,0.790921052631579,2024-06-23 12:26:24,1,"Lindsay Allen","Loss",1.2022,-1.2022,0.790921052631579,-0.790921052631579,"FPTS Team_Lindsay Allen_2024-06-23"
2024-06-23,"MGM","IND @ CHI",1022400096,"FPTS Team","First FGM","Player","Team","Home/Away","Favorite/Underdog",0.1663,501,0.125,700,0.0413,0.0236,2.3625,1.55427631578947,2024-06-23 14:56:31,6,"Lindsay Allen","Loss",1.1603,-1.1603,0.763355263157895,-0.763355263157895,"FPTS Team_Lindsay Allen_2024-06-23"
2024-06-23,"FanDuel","NYL @ ATL",1022400094,"FPTS","First Points","Player","Game","Home/Away","Favorite/Underdog",0.111,801,0.0625,1500,0.0485,0.0259,2.5863,2.72242105263158,2024-06-23 18:56:15,1,"Aerial Powers","Loss",2.5863,-2.5863,2.72242105263158,-2.72242105263158,"FPTS_Aerial Powers_2024-06-23"
2024-06-23,"Draft Kings","NYL @ ATL",1022400094,"FPTS","First FGM","Player","Game","Home/Away","Favorite/Underdog",0.0782,1179,0.0667,1400,0.0115,0.0062,0.6181,0.650631578947368,2024-06-23 12:26:24,1,"Haley Jones","Loss",0.6181,-0.6181,0.650631578947368,-0.650631578947368,"FPTS_Haley Jones_2024-06-23"
2024-06-23,"Fanatics","NYL @ ATL",1022400094,"FPTS","First FGM","Player","Game","Home/Away","Favorite/Underdog",0.0789,1168,0.0667,1400,0.0122,0.0065,0.6527,0.687052631578947,2024-06-23 18:56:15,14,"Haley Jones","Loss",0.0346,-0.0346,0.0364210526315789,-0.0364210526315789,"FPTS_Haley Jones_2024-06-23"
2024-06-23,"Draft Kings","NYL @ ATL",1022400094,"FPTS","First FGM","Player","Game","Home/Away","Favorite/Underdog",0.084,1091,0.0667,1400,0.0173,0.0093,0.926,0.974736842105263,2024-06-23 12:26:24,1,"Leonie Fiebich","Loss",0.926,-0.926,0.974736842105263,-0.974736842105263,"FPTS_Leonie Fiebich_2024-06-23"
2024-06-23,"ESPN","NYL @ ATL",1022400094,"FPTS","First Points","Player","Game","Home/Away","Favorite/Underdog",0.0679,1372,0.0556,1700,0.0124,0.0066,0.6552,0.689684210526316,2024-06-23 12:26:24,1,"Nia Coffey","Loss",0.3276,-0.3276,0.344842105263158,-0.344842105263158,"FPTS_Nia Coffey_2024-06-23"
2024-06-23,"FanDuel","NYL @ ATL",1022400094,"FPTS","First Points","Player","Game","Home/Away","Favorite/Underdog",0.0679,1372,0.0556,1700,0.0124,0.0066,0.6552,0.689684210526316,2024-06-23 12:26:24,1,"Nia Coffey","Loss",0.3276,-0.3276,0.344842105263158,-0.344842105263158,"FPTS_Nia Coffey_2024-06-23"
2024-06-23,"FanDuel","NYL @ ATL",1022400094,"FPTS Team","First Points","Player","Team","Home/Away","Favorite/Underdog",0.242,313,0.1333,650,0.1087,0.0627,6.2712,4.12578947368421,2024-06-23 18:56:15,1,"Aerial Powers","Loss",6.2712,-6.2712,4.12578947368421,-4.12578947368421,"FPTS Team_Aerial Powers_2024-06-23"
2024-06-23,"FanDuel","NYL @ ATL",1022400094,"FPTS Team","First Points","Player","Team","Home/Away","Favorite/Underdog",0.15,567,0.1333,650,0.0166,0.0096,0.96,0.631578947368421,2024-06-23 12:26:24,1,"Leonie Fiebich","Loss",0.96,-0.96,0.631578947368421,-0.631578947368421,"FPTS Team_Leonie Fiebich_2024-06-23"
2024-06-23,"MGM","NYL @ ATL",1022400094,"FPTS Team","First FGM","Player","Team","Home/Away","Favorite/Underdog",0.1586,530,0.125,700,0.0336,0.0192,1.9211,1.26388157894737,2024-06-23 13:56:15,4,"Leonie Fiebich","Loss",0.9611,-0.9611,0.632302631578947,-0.632302631578947,"FPTS Team_Leonie Fiebich_2024-06-23"
2024-06-23,"FanDuel","NYL @ ATL",1022400094,"FPTS Team","First Points","Player","Team","Home/Away","Favorite/Underdog",0.1482,575,0.125,700,0.0232,0.0132,1.3232,0.870526315789474,2024-06-23 12:26:24,1,"Nia Coffey","Loss",1.3232,-1.3232,0.870526315789474,-0.870526315789474,"FPTS Team_Nia Coffey_2024-06-23"
2024-06-27,"FanDuel","CON @ WAS",1022400099,"FPTS","First Points","Player","Game","Home/Away","Favorite/Underdog",0.0904,1007,0.0526,1800,0.0377,0.0199,1.9911,2.09589473684211,2024-06-27 22:56:13,1,"DiDi Richards","Loss",1.9911,-1.9911,2.09589473684211,-2.09589473684211,"FPTS_DiDi Richards_2024-06-27"
2024-06-27,"FanDuel","CON @ WAS",1022400099,"FPTS","First Points","Player","Game","Home/Away","Favorite/Underdog",0.0878,1039,0.0556,1700,0.0322,0.0171,1.707,1.79684210526316,2024-06-27 12:26:13,1,"Julie Vanloo","Win",1.707,29.019,1.79684210526316,30.5463157894737,"FPTS_Julie Vanloo_2024-06-27"
2024-06-27,"FanDuel","CON @ WAS",1022400099,"FPTS","First Points","Player","Game","Home/Away","Favorite/Underdog",0.0878,1039,0.0526,1800,0.0352,0.0186,1.8561,1.95378947368421,2024-06-27 15:26:18,7,"Julie Vanloo","Win",0.1491,2.6838,0.156947368421053,2.82505263157895,"FPTS_Julie Vanloo_2024-06-27"
2024-06-27,"Draft Kings","CON @ WAS",1022400099,"FPTS","First FGM","Player","Game","Home/Away","Favorite/Underdog",0.1181,747,0.1,900,0.0181,0.01,1.0038,1.05663157894737,2024-06-27 12:26:13,1,"Myisha Hines-Allen","Loss",1.0038,-1.0038,1.05663157894737,-1.05663157894737,"FPTS_Myisha Hines-Allen_2024-06-27"
2024-06-27,"FanDuel","CON @ WAS",1022400099,"FPTS Team","First Points","Player","Team","Home/Away","Favorite/Underdog",0.1798,456,0.1111,800,0.0687,0.0386,3.8622,2.54092105263158,2024-06-27 22:56:13,1,"DiDi Richards","Loss",3.8622,-3.8622,2.54092105263158,-2.54092105263158,"FPTS Team_DiDi Richards_2024-06-27"
2024-06-27,"FanDuel","CON @ WAS",1022400099,"FPTS Team","First Points","Player","Team","Home/Away","Favorite/Underdog",0.1989,403,0.1724,480,0.0265,0.016,1.5994,1.05223684210526,2024-06-27 20:56:12,15,"DiJonai Carrington","Loss",0.1776,-0.1776,0.116842105263158,-0.116842105263158,"FPTS Team_DiJonai Carrington_2024-06-27"
2024-06-27,"FanDuel","CON @ WAS",1022400099,"FPTS Team","First Points","Player","Team","Home/Away","Favorite/Underdog",0.1989,403,0.1754,470,0.0234,0.0142,1.4218,0.935394736842105,2024-06-27 15:56:19,5,"DiJonai Carrington","Loss",0.7928,-0.7928,0.521578947368421,-0.521578947368421,"FPTS Team_DiJonai Carrington_2024-06-27"
2024-06-27,"FanDuel","CON @ WAS",1022400099,"FPTS Team","First Points","Player","Team","Home/Away","Favorite/Underdog",0.1989,403,0.1887,430,0.0102,0.0063,0.629,0.413815789473684,2024-06-27 12:26:13,1,"DiJonai Carrington","Loss",0.629,-0.629,0.413815789473684,-0.413815789473684,"FPTS Team_DiJonai Carrington_2024-06-27"
2024-06-27,"FanDuel","CON @ WAS",1022400099,"FPTS Team","First Points","Player","Team","Home/Away","Favorite/Underdog",0.1649,507,0.1176,750,0.0472,0.0268,2.6758,1.7603947368421,2024-06-27 12:26:13,1,"Julie Vanloo","Win",2.6758,20.0685,1.7603947368421,13.2029605263158,"FPTS Team_Julie Vanloo_2024-06-27"
2024-06-27,"FanDuel","CON @ WAS",1022400099,"FPTS Team","First Points","Player","Team","Home/Away","Favorite/Underdog",0.1649,507,0.1111,800,0.0538,0.0302,3.0238,1.98934210526316,2024-06-27 13:56:16,4,"Julie Vanloo","Win",0.348,2.784,0.228947368421053,1.83157894736842,"FPTS Team_Julie Vanloo_2024-06-27"
2024-06-27,"BetRivers","CON @ WAS",1022400099,"FTTS","First Points","Team","Quarter","Home/Away","Favorite/Underdog",0.5325,-114,0.5,100,0.0325,0.0325,1.6273,1.1878102189781,2024-06-27 12:26:13,1,"1Q_WAS","Win",1.6273,1.6273,1.1878102189781,1.1878102189781,"FTTS_1Q_WAS_2024-06-27"
2024-06-27,"Draft Kings","IND @ SEA",1022400101,"FPTS","First FGM","Player","Game","Home/Away","Favorite/Underdog",0.0964,937,0.0667,1400,0.0298,0.0159,1.5944,1.67831578947368,2024-06-27 12:26:13,1,"Jordan Horston","Loss",1.5944,-1.5944,1.67831578947368,-1.67831578947368,"FPTS_Jordan Horston_2024-06-27"
2024-06-27,"Fanatics","IND @ SEA",1022400101,"FPTS","First FGM","Player","Game","Home/Away","Favorite/Underdog",0.0964,937,0.0625,1500,0.0339,0.0181,1.8095,1.90473684210526,2024-06-27 15:26:18,7,"Jordan Horston","Loss",0.2151,-0.2151,0.226421052631579,-0.226421052631579,"FPTS_Jordan Horston_2024-06-27"
2024-06-27,"FanDuel","IND @ SEA",1022400101,"FPTS","First Points","Player","Game","Home/Away","Favorite/Underdog",0.0895,1017,0.0769,1200,0.0126,0.0068,0.6814,0.717263157894737,2024-06-28 01:56:09,1,"Kelsey Mitchell","Loss",0.6814,-0.6814,0.717263157894737,-0.717263157894737,"FPTS_Kelsey Mitchell_2024-06-27"
2024-06-27,"Draft Kings","IND @ SEA",1022400101,"FPTS","First FGM","Player","Game","Home/Away","Favorite/Underdog",0.0788,1170,0.0667,1400,0.0121,0.0065,0.6474,0.681473684210526,2024-06-27 12:26:13,1,"Kristy Wallace","Loss",0.6474,-0.6474,0.681473684210526,-0.681473684210526,"FPTS_Kristy Wallace_2024-06-27"
2024-06-27,"Fanatics","IND @ SEA",1022400101,"FPTS","First FGM","Player","Game","Home/Away","Favorite/Underdog",0.0788,1170,0.0625,1500,0.0163,0.0087,0.8668,0.912421052631579,2024-06-27 15:26:18,7,"Kristy Wallace","Loss",0.2194,-0.2194,0.230947368421053,-0.230947368421053,"FPTS_Kristy Wallace_2024-06-27"
2024-06-27,"FanDuel","IND @ SEA",1022400101,"FPTS","First Points","Player","Game","Home/Away","Favorite/Underdog",0.0735,1260,0.0556,1700,0.018,0.0095,0.9521,1.00221052631579,2024-06-28 01:56:09,28,"Kristy Wallace","Loss",0.0852999999999999,-0.0852999999999999,0.0897894736842104,-0.0897894736842104,"FPTS_Kristy Wallace_2024-06-27"
2024-06-27,"Caesars","IND @ SEA",1022400101,"FPTS","First Points","Player","Game","Home/Away","Favorite/Underdog",0.1226,715,0.1053,850,0.0174,0.0097,0.9707,1.02178947368421,2024-06-27 12:26:13,1,"NaLyssa Smith","Loss",0.9707,-0.9707,1.02178947368421,-1.02178947368421,"FPTS_NaLyssa Smith_2024-06-27"
2024-06-27,"FanDuel","IND @ SEA",1022400101,"FPTS Team","First Points","Player","Team","Home/Away","Favorite/Underdog",0.1986,403,0.1887,430,0.01,0.0061,0.6142,0.404078947368421,2024-06-27 12:26:13,1,"Jewell Loyd","Loss",0.6142,-0.6142,0.404078947368421,-0.404078947368421,"FPTS Team_Jewell Loyd_2024-06-27"
2024-06-27,"FanDuel","IND @ SEA",1022400101,"FPTS Team","First Points","Player","Team","Home/Away","Favorite/Underdog",0.1986,403,0.1852,440,0.0135,0.0083,0.826,0.543421052631579,2024-06-27 19:26:13,11,"Jewell Loyd","Loss",0.2118,-0.2118,0.139342105263158,-0.139342105263158,"FPTS Team_Jewell Loyd_2024-06-27"
2024-06-27,"FanDuel","IND @ SEA",1022400101,"FPTS Team","First Points","Player","Team","Home/Away","Favorite/Underdog",0.1889,429,0.1333,650,0.0556,0.0321,3.2085,2.11085526315789,2024-06-27 12:26:13,1,"Jordan Horston","Loss",3.2085,-3.2085,2.11085526315789,-2.11085526315789,"FPTS Team_Jordan Horston_2024-06-27"
2024-06-27,"FanDuel","IND @ SEA",1022400101,"FPTS Team","First Points","Player","Team","Home/Away","Favorite/Underdog",0.178,462,0.1667,500,0.0114,0.0068,0.6812,0.448157894736842,2024-06-28 01:56:09,1,"Kelsey Mitchell","Win",0.6812,3.406,0.448157894736842,2.24078947368421,"FPTS Team_Kelsey Mitchell_2024-06-27"
2024-06-27,"FanDuel","IND @ SEA",1022400101,"FPTS Team","First Points","Player","Team","Home/Away","Favorite/Underdog",0.1463,584,0.1176,750,0.0286,0.0162,1.622,1.06710526315789,2024-06-28 01:56:09,1,"Kristy Wallace","Loss",1.622,-1.622,1.06710526315789,-1.06710526315789,"FPTS Team_Kristy Wallace_2024-06-27"
2024-06-27,"FanDuel","IND @ SEA",1022400101,"FPTS Team","First Points","Player","Team","Home/Away","Favorite/Underdog",0.1811,452,0.1538,550,0.0272,0.0161,1.6089,1.05848684210526,2024-06-27 12:26:13,1,"Skylar Diggins-Smith","Loss",1.6089,-1.6089,1.05848684210526,-1.05848684210526,"FPTS Team_Skylar Diggins-Smith_2024-06-27"
2024-06-27,"BetRivers","IND @ SEA",1022400101,"FTTS","First Points","Team","Quarter","Home/Away","Favorite/Underdog",0.5028,-101,0.4762,110,0.0266,0.0254,1.2685,0.925912408759124,2024-06-27 12:26:13,1,"1Q_IND","Loss",1.2685,-1.2685,0.925912408759124,-0.925912408759124,"FTTS_1Q_IND_2024-06-27"
2024-06-27,"FanDuel","LVA @ CHI",1022400100,"FPTS","First Points","Player","Game","Home/Away","Favorite/Underdog",0.2303,334,0.2174,360,0.0129,0.0083,0.8272,0.870736842105263,2024-06-27 12:26:13,1,"A'ja Wilson","Loss",0.8272,-0.8272,0.870736842105263,-0.870736842105263,"FPTS_A'ja Wilson_2024-06-27"
2024-06-27,"FanDuel","LVA @ CHI",1022400100,"FPTS","First Points","Player","Game","Home/Away","Favorite/Underdog",0.2303,334,0.2128,370,0.0176,0.0112,1.1161,1.17484210526316,2024-06-27 19:26:13,4,"A'ja Wilson","Loss",0.2889,-0.2889,0.304105263157895,-0.304105263157895,"FPTS_A'ja Wilson_2024-06-27"
2024-06-27,"FanDuel","LVA @ CHI",1022400100,"FPTS","First Points","Player","Game","Home/Away","Favorite/Underdog",0.1202,732,0.1053,850,0.015,0.0084,0.8373,0.881368421052632,2024-06-27 22:56:13,1,"Angel Reese","Win",0.8373,7.11705,0.881368421052632,7.49163157894737,"FPTS_Angel Reese_2024-06-27"
2024-06-27,"FanDuel","LVA @ CHI",1022400100,"FPTS","First Points","Player","Game","Home/Away","Favorite/Underdog",0.1061,843,0.0909,1000,0.0152,0.0083,0.8346,0.878526315789474,2024-06-27 22:56:13,1,"Chennedy Carter","Loss",0.8346,-0.8346,0.878526315789474,-0.878526315789474,"FPTS_Chennedy Carter_2024-06-27"
2024-06-27,"Fanatics","LVA @ CHI",1022400100,"FPTS","First FGM","Player","Game","Home/Away","Favorite/Underdog",0.0716,1296,0.0588,1600,0.0128,0.0068,0.6798,0.715578947368421,2024-06-27 14:56:21,1,"Lindsay Allen","Loss",0.6798,-0.6798,0.715578947368421,-0.715578947368421,"FPTS_Lindsay Allen_2024-06-27"
2024-06-27,"FanDuel","LVA @ CHI",1022400100,"FPTS Team","First Points","Player","Team","Home/Away","Favorite/Underdog",0.4592,118,0.4082,145,0.0511,0.0431,4.3129,2.83743421052632,2024-06-27 12:26:13,1,"A'ja Wilson","Win",4.3129,6.253705,2.83743421052632,4.11427960526316,"FPTS Team_A'ja Wilson_2024-06-27"
2024-06-27,"FanDuel","LVA @ CHI",1022400100,"FPTS Team","First Points","Player","Team","Home/Away","Favorite/Underdog",0.4592,118,0.4,150,0.0592,0.0493,4.9345,3.24638157894737,2024-06-27 19:26:13,15,"A'ja Wilson","Win",0.6216,0.9324,0.408947368421052,0.613421052631578,"FPTS Team_A'ja Wilson_2024-06-27"
2024-06-27,"FanDuel","LVA @ CHI",1022400100,"FPTS Team","First Points","Player","Team","Home/Away","Favorite/Underdog",0.2413,314,0.2083,380,0.0329,0.0208,2.0796,1.36815789473684,2024-06-27 22:56:13,1,"Angel Reese","Win",2.0796,7.90248,1.36815789473684,5.199,"FPTS Team_Angel Reese_2024-06-27"
2024-06-27,"FanDuel","LVA @ CHI",1022400100,"FPTS Team","First Points","Player","Team","Home/Away","Favorite/Underdog",0.2128,370,0.1818,450,0.031,0.019,1.8961,1.24743421052632,2024-06-27 22:56:13,1,"Chennedy Carter","Loss",1.8961,-1.8961,1.24743421052632,-1.24743421052632,"FPTS Team_Chennedy Carter_2024-06-27"
2024-06-27,"FanDuel","LVA @ CHI",1022400100,"FPTS Team","First Points","Player","Team","Home/Away","Favorite/Underdog",0.1455,587,0.1333,650,0.0121,0.007,0.7002,0.460657894736842,2024-06-27 12:56:15,1,"Lindsay Allen","Loss",0.7002,-0.7002,0.460657894736842,-0.460657894736842,"FPTS Team_Lindsay Allen_2024-06-27"
2024-06-27,"FanDuel","MIN @ DAL",1022400098,"FPTS","First Points","Player","Game","Home/Away","Favorite/Underdog",0.0754,1227,0.05,1900,0.0254,0.0133,1.335,1.40526315789474,2024-06-27 12:26:13,1,"Jacy Sheldon","Loss",1.335,-1.335,1.40526315789474,-1.40526315789474,"FPTS_Jacy Sheldon_2024-06-27"
2024-06-27,"ESPN","MIN @ DAL",1022400098,"FPTS","First Points","Player","Game","Home/Away","Favorite/Underdog",0.1356,637,0.125,700,0.0106,0.0061,0.6056,0.637473684210526,2024-06-27 12:26:13,1,"Napheesa Collier","Loss",0.3028,-0.3028,0.318736842105263,-0.318736842105263,"FPTS_Napheesa Collier_2024-06-27"
2024-06-27,"FanDuel","MIN @ DAL",1022400098,"FPTS","First Points","Player","Game","Home/Away","Favorite/Underdog",0.1356,637,0.125,700,0.0106,0.0061,0.6056,0.637473684210526,2024-06-27 12:26:13,1,"Napheesa Collier","Loss",0.3028,-0.3028,0.318736842105263,-0.318736842105263,"FPTS_Napheesa Collier_2024-06-27"
2024-06-27,"ESPN","MIN @ DAL",1022400098,"FPTS","First Points","Player","Game","Home/Away","Favorite/Underdog",0.0841,1089,0.0588,1600,0.0253,0.0134,1.3423,1.41294736842105,2024-06-27 12:26:13,1,"Sevgi Uzun","Loss",1.3423,-1.3423,1.41294736842105,-1.41294736842105,"FPTS_Sevgi Uzun_2024-06-27"
2024-06-27,"FanDuel","MIN @ DAL",1022400098,"FPTS","First Points","Player","Game","Home/Away","Favorite/Underdog",0.0841,1089,0.05,1900,0.0341,0.0179,1.7942,1.88863157894737,2024-06-27 13:26:15,3,"Sevgi Uzun","Loss",0.4519,-0.4519,0.475684210526316,-0.475684210526316,"FPTS_Sevgi Uzun_2024-06-27"
2024-06-27,"FanDuel","MIN @ DAL",1022400098,"FPTS Team","First Points","Player","Team","Home/Away","Favorite/Underdog",0.2051,388,0.1923,420,0.0128,0.0079,0.793,0.52171052631579,2024-06-27 16:26:18,1,"Courtney Williams","Loss",0.793,-0.793,0.52171052631579,-0.52171052631579,"FPTS Team_Courtney Williams_2024-06-27"
2024-06-27,"FanDuel","MIN @ DAL",1022400098,"FPTS Team","First Points","Player","Team","Home/Away","Favorite/Underdog",0.1422,603,0.0909,1000,0.0513,0.0282,2.8195,1.85493421052632,2024-06-27 12:26:13,1,"Jacy Sheldon","Loss",2.8195,-2.8195,1.85493421052632,-1.85493421052632,"FPTS Team_Jacy Sheldon_2024-06-27"
2024-06-27,"FanDuel","MIN @ DAL",1022400098,"FPTS Team","First Points","Player","Team","Home/Away","Favorite/Underdog",0.2886,247,0.2564,290,0.0322,0.0216,2.1621,1.42243421052632,2024-06-27 12:26:13,1,"Napheesa Collier","Win",2.1621,6.27009,1.42243421052632,4.12505921052632,"FPTS Team_Napheesa Collier_2024-06-27"
2024-06-27,"FanDuel","MIN @ DAL",1022400098,"FPTS Team","First Points","Player","Team","Home/Away","Favorite/Underdog",0.2886,247,0.25,300,0.0386,0.0257,2.571,1.69144736842105,2024-06-27 14:56:21,6,"Napheesa Collier","Win",0.4089,1.2267,0.269013157894737,0.80703947368421,"FPTS Team_Napheesa Collier_2024-06-27"
2024-06-27,"FanDuel","MIN @ DAL",1022400098,"FPTS Team","First Points","Player","Team","Home/Away","Favorite/Underdog",0.1586,530,0.0952,950,0.0634,0.035,3.5034,2.30486842105263,2024-06-27 12:26:13,1,"Sevgi Uzun","Loss",3.5034,-3.5034,2.30486842105263,-2.30486842105263,"FPTS Team_Sevgi Uzun_2024-06-27"
2024-06-27,"FanDuel","MIN @ DAL",1022400098,"FPTS Team","First Points","Player","Team","Home/Away","Favorite/Underdog",0.1586,530,0.0909,1000,0.0677,0.0372,3.7248,2.45052631578947,2024-06-27 13:56:16,4,"Sevgi Uzun","Loss",0.2214,-0.2214,0.145657894736842,-0.145657894736842,"FPTS Team_Sevgi Uzun_2024-06-27"
2024-06-28,"Draft Kings","ATL @ CON",1022400102,"FPTS","First FGM","Player","Game","Home/Away","Favorite/Underdog",0.117,755,0.0833,1100,0.0337,0.0184,1.837,1.93368421052632,2024-06-28 12:26:24,1,"Aerial Powers","Loss",1.837,-1.837,1.93368421052632,-1.93368421052632,"FPTS_Aerial Powers_2024-06-28"
2024-06-28,"FanDuel","ATL @ CON",1022400102,"FPTS","First Points","Player","Game","Home/Away","Favorite/Underdog",0.0979,922,0.0833,1100,0.0146,0.0079,0.7939,0.835684210526316,2024-06-28 23:26:22,1,"DiJonai Carrington","Loss",0.7939,-0.7939,0.835684210526316,-0.835684210526316,"FPTS_DiJonai Carrington_2024-06-28"
2024-06-28,"Draft Kings","ATL @ CON",1022400102,"FPTS","First FGM","Player","Game","Home/Away","Favorite/Underdog",0.0838,1093,0.0667,1400,0.0172,0.0092,0.9195,0.967894736842105,2024-06-28 12:26:24,1,"Nia Coffey","Loss",0.9195,-0.9195,0.967894736842105,-0.967894736842105,"FPTS_Nia Coffey_2024-06-28"
2024-06-28,"FanDuel","ATL @ CON",1022400102,"FPTS","First Points","Player","Game","Home/Away","Favorite/Underdog",0.081,1135,0.0625,1500,0.0185,0.0099,0.9864,1.03831578947368,2024-06-28 19:26:12,15,"Nia Coffey","Loss",0.0669000000000001,-0.0669000000000001,0.070421052631579,-0.070421052631579,"FPTS_Nia Coffey_2024-06-28"
2024-06-28,"FanDuel","ATL @ CON",1022400102,"FPTS Team","First Points","Player","Team","Home/Away","Favorite/Underdog",0.2237,347,0.1754,470,0.0482,0.0292,2.9236,1.92342105263158,2024-06-28 12:26:24,1,"Aerial Powers","Loss",2.9236,-2.9236,1.92342105263158,-1.92342105263158,"FPTS Team_Aerial Powers_2024-06-28"
2024-06-28,"FanDuel","ATL @ CON",1022400102,"FPTS Team","First Points","Player","Team","Home/Away","Favorite/Underdog",0.2237,347,0.1695,490,0.0542,0.0326,3.2607,2.14519736842105,2024-06-28 13:56:11,4,"Aerial Powers","Loss",0.3371,-0.3371,0.221776315789473,-0.221776315789473,"FPTS Team_Aerial Powers_2024-06-28"
2024-06-28,"FanDuel","ATL @ CON",1022400102,"FPTS Team","First Points","Player","Team","Home/Away","Favorite/Underdog",0.207,383,0.1667,500,0.0403,0.0242,2.4183,1.59098684210526,2024-06-28 23:26:22,23,"DiJonai Carrington","Loss",0.5062,-0.5062,0.333026315789474,-0.333026315789474,"FPTS Team_DiJonai Carrington_2024-06-28"
2024-06-28,"FanDuel","ATL @ CON",1022400102,"FPTS Team","First Points","Player","Team","Home/Away","Favorite/Underdog",0.207,383,0.1754,470,0.0315,0.0191,1.9121,1.25796052631579,2024-06-28 13:56:11,4,"DiJonai Carrington","Loss",0.375,-0.375,0.246710526315789,-0.246710526315789,"FPTS Team_DiJonai Carrington_2024-06-28"
2024-06-28,"FanDuel","ATL @ CON",1022400102,"FPTS Team","First Points","Player","Team","Home/Away","Favorite/Underdog",0.207,383,0.1818,450,0.0252,0.0154,1.5371,1.01125,2024-06-28 12:26:24,1,"DiJonai Carrington","Loss",1.5371,-1.5371,1.01125,-1.01125,"FPTS Team_DiJonai Carrington_2024-06-28"
2024-06-28,"FanDuel","ATL @ CON",1022400102,"FPTS Team","First Points","Player","Team","Home/Away","Favorite/Underdog",0.1537,551,0.1333,650,0.0203,0.0117,1.1738,0.772236842105263,2024-06-28 12:26:24,1,"Nia Coffey","Loss",1.1738,-1.1738,0.772236842105263,-0.772236842105263,"FPTS Team_Nia Coffey_2024-06-28"
2024-06-28,"MGM","ATL @ CON",1022400102,"FPTS Team","First FGM","Player","Team","Home/Away","Favorite/Underdog",0.1641,509,0.1538,550,0.0103,0.0061,0.6081,0.400065789473684,2024-06-28 21:56:20,1,"Tyasha Harris","Loss",0.6081,-0.6081,0.400065789473684,-0.400065789473684,"FPTS Team_Tyasha Harris_2024-06-28"
2024-06-28,"FanDuel","ATL @ CON",1022400102,"FPTS Team","First Points","Player","Team","Home/Away","Favorite/Underdog",0.1562,540,0.1429,600,0.0133,0.0078,0.778,0.511842105263158,2024-06-28 23:26:22,2,"Tyasha Harris","Loss",0.1699,-0.1699,0.111776315789474,-0.111776315789474,"FPTS Team_Tyasha Harris_2024-06-28"
2024-06-28,"Caesars","LAS @ PHO",1022400103,"FPTS","First Points","Player","Game","Home/Away","Favorite/Underdog",0.0907,1003,0.0625,1500,0.0282,0.015,1.5019,1.58094736842105,2024-06-29 01:56:16,28,"Aari McDonald","Loss",1.5019,-1.5019,1.58094736842105,-1.58094736842105,"FPTS_Aari McDonald_2024-06-28"
2024-06-28,"FanDuel","LAS @ PHO",1022400103,"FPTS","First Points","Player","Game","Home/Away","Favorite/Underdog",0.0861,1061,0.0526,1800,0.0335,0.0177,1.7663,1.85926315789474,2024-06-28 12:26:24,1,"Kia Nurse","Loss",1.7663,-1.7663,1.85926315789474,-1.85926315789474,"FPTS_Kia Nurse_2024-06-28"
2024-06-28,"FanDuel","LAS @ PHO",1022400103,"FPTS","First Points","Player","Game","Home/Away","Favorite/Underdog",0.0963,938,0.0588,1600,0.0375,0.0199,1.991,2.09578947368421,2024-06-29 01:56:16,28,"Kia Nurse","Loss",0.2247,-0.2247,0.236526315789474,-0.236526315789474,"FPTS_Kia Nurse_2024-06-28"
2024-06-28,"Caesars","LAS @ PHO",1022400103,"FPTS","First Points","Player","Game","Home/Away","Favorite/Underdog",0.0776,1188,0.0625,1500,0.0151,0.0081,0.8059,0.848315789473684,2024-06-28 12:26:24,1,"Natasha Cloud","Loss",0.8059,-0.8059,0.848315789473684,-0.848315789473684,"FPTS_Natasha Cloud_2024-06-28"
2024-06-28,"Caesars","LAS @ PHO",1022400103,"FPTS","First Points","Player","Game","Home/Away","Favorite/Underdog",0.1008,892,0.0769,1200,0.0239,0.0129,1.2947,1.36284210526316,2024-06-28 12:26:24,1,"Rickea Jackson","Loss",1.2947,-1.2947,1.36284210526316,-1.36284210526316,"FPTS_Rickea Jackson_2024-06-28"
2024-06-28,"FanDuel","LAS @ PHO",1022400103,"FPTS","First Points","Player","Game","Home/Away","Favorite/Underdog",0.0772,1195,0.0625,1500,0.0147,0.0079,0.7856,0.826947368421053,2024-06-29 01:56:16,1,"Stephanie Talbot","Win",0.7856,11.784,0.826947368421053,12.4042105263158,"FPTS_Stephanie Talbot_2024-06-28"
2024-06-28,"FanDuel","LAS @ PHO",1022400103,"FPTS Team","First Points","Player","Team","Home/Away","Favorite/Underdog",0.2476,304,0.2083,380,0.0392,0.0248,2.4771,1.62967105263158,2024-06-28 23:56:21,24,"Kahleah Copper","Loss",0.0110000000000001,-0.0110000000000001,0.00723684210526332,-0.00723684210526332,"FPTS Team_Kahleah Copper_2024-06-28"
2024-06-28,"FanDuel","LAS @ PHO",1022400103,"FPTS Team","First Points","Player","Team","Home/Away","Favorite/Underdog",0.2476,304,0.2174,360,0.0302,0.0193,1.927,1.26776315789474,2024-06-28 13:26:12,3,"Kahleah Copper","Loss",0.6147,-0.6147,0.404407894736842,-0.404407894736842,"FPTS Team_Kahleah Copper_2024-06-28"
2024-06-28,"FanDuel","LAS @ PHO",1022400103,"FPTS Team","First Points","Player","Team","Home/Away","Favorite/Underdog",0.2476,304,0.2273,340,0.0203,0.0131,1.3123,0.863355263157895,2024-06-28 12:26:24,1,"Kahleah Copper","Loss",1.3123,-1.3123,0.863355263157895,-0.863355263157895,"FPTS Team_Kahleah Copper_2024-06-28"
2024-06-28,"MGM","LAS @ PHO",1022400103,"FPTS Team","First FGM","Player","Team","Home/Away","Favorite/Underdog",0.2606,284,0.2222,350,0.0384,0.0247,2.4661,1.62243421052632,2024-06-28 15:26:18,7,"Kahleah Copper","Loss",0.5391,-0.5391,0.354671052631579,-0.354671052631579,"FPTS Team_Kahleah Copper_2024-06-28"
2024-06-28,"FanDuel","LAS @ PHO",1022400103,"FPTS Team","First Points","Player","Team","Home/Away","Favorite/Underdog",0.1722,481,0.1333,650,0.0389,0.0224,2.2422,1.47513157894737,2024-06-28 12:26:24,1,"Kia Nurse","Loss",2.2422,-2.2422,1.47513157894737,-1.47513157894737,"FPTS Team_Kia Nurse_2024-06-28"
2024-06-28,"FanDuel","LAS @ PHO",1022400103,"FPTS Team","First Points","Player","Team","Home/Away","Favorite/Underdog",0.1926,419,0.1538,550,0.0388,0.0229,2.2901,1.50664473684211,2024-06-29 01:56:16,28,"Kia Nurse","Loss",0.0478999999999998,-0.0478999999999998,0.0315131578947367,-0.0315131578947367,"FPTS Team_Kia Nurse_2024-06-28"
2024-06-28,"FanDuel","LAS @ PHO",1022400103,"FPTS Team","First Points","Player","Team","Home/Away","Favorite/Underdog",0.1552,544,0.1,900,0.0552,0.0307,3.0677,2.01822368421053,2024-06-28 17:26:12,11,"Natasha Cloud","Loss",0.276,-0.276,0.181578947368421,-0.181578947368421,"FPTS Team_Natasha Cloud_2024-06-28"
2024-06-28,"FanDuel","LAS @ PHO",1022400103,"FPTS Team","First Points","Player","Team","Home/Away","Favorite/Underdog",0.1552,544,0.1053,850,0.05,0.0279,2.7917,1.83664473684211,2024-06-28 13:26:12,3,"Natasha Cloud","Loss",0.3106,-0.3106,0.204342105263158,-0.204342105263158,"FPTS Team_Natasha Cloud_2024-06-28"
2024-06-28,"FanDuel","LAS @ PHO",1022400103,"FPTS Team","First Points","Player","Team","Home/Away","Favorite/Underdog",0.1552,544,0.1111,800,0.0441,0.0248,2.4811,1.63230263157895,2024-06-28 12:26:24,1,"Natasha Cloud","Loss",2.4811,-2.4811,1.63230263157895,-1.63230263157895,"FPTS Team_Natasha Cloud_2024-06-28"
2024-06-28,"BetRivers","LAS @ PHO",1022400103,"FTTS","First Points","Team","Quarter","Home/Away","Favorite/Underdog",0.5,100,0.4348,130,0.0652,0.0577,2.8846,2.10554744525547,2024-06-28 12:26:24,1,"1Q_LAS","Win",2.8846,3.74998,2.10554744525547,2.73721167883212,"FTTS_1Q_LAS_2024-06-28"
2024-06-29,"FanDuel","DAL @ SEA",1022400105,"FPTS","First Points","Player","Game","Home/Away","Favorite/Underdog",0.0954,948,0.0769,1200,0.0185,0.01,1.0034,1.05621052631579,2024-06-29 22:26:10,1,"Jordan Horston","Loss",1.0034,-1.0034,1.05621052631579,-1.05621052631579,"FPTS_Jordan Horston_2024-06-29"
2024-06-29,"FanDuel","DAL @ SEA",1022400105,"FPTS","First Points","Player","Game","Home/Away","Favorite/Underdog",0.1177,750,0.1053,850,0.0124,0.0069,0.6934,0.729894736842105,2024-06-29 12:56:16,1,"Natasha Howard","Loss",0.6934,-0.6934,0.729894736842105,-0.729894736842105,"FPTS_Natasha Howard_2024-06-29"
2024-06-29,"BetRivers","DAL @ SEA",1022400105,"FPTS","First FGM","Player","Game","Home/Away","Favorite/Underdog",0.0775,1190,0.0625,1500,0.015,0.008,0.8014,0.843578947368421,2024-06-29 12:26:26,1,"Sevgi Uzun","Loss",0.8014,-0.8014,0.843578947368421,-0.843578947368421,"FPTS_Sevgi Uzun_2024-06-29"
2024-06-29,"FanDuel","DAL @ SEA",1022400105,"FPTS","First Points","Player","Game","Home/Away","Favorite/Underdog",0.0766,1206,0.0526,1800,0.0239,0.0126,1.2637,1.33021052631579,2024-06-29 23:56:10,24,"Sevgi Uzun","Loss",0.3206,-0.3206,0.337473684210526,-0.337473684210526,"FPTS_Sevgi Uzun_2024-06-29"
2024-06-29,"FanDuel","DAL @ SEA",1022400105,"FPTS","First Points","Player","Game","Home/Away","Favorite/Underdog",0.0766,1206,0.0588,1600,0.0178,0.0094,0.9431,0.992736842105263,2024-06-29 22:26:10,21,"Sevgi Uzun","Loss",0.1417,-0.1417,0.149157894736842,-0.149157894736842,"FPTS_Sevgi Uzun_2024-06-29"
2024-06-29,"FanDuel","DAL @ SEA",1022400105,"FPTS Team","First Points","Player","Team","Home/Away","Favorite/Underdog",0.1974,407,0.1818,450,0.0156,0.0095,0.9532,0.627105263157895,2024-06-29 23:56:10,1,"Jewell Loyd","Loss",0.9532,-0.9532,0.627105263157895,-0.627105263157895,"FPTS Team_Jewell Loyd_2024-06-29"
2024-06-29,"FanDuel","DAL @ SEA",1022400105,"FPTS Team","First Points","Player","Team","Home/Away","Favorite/Underdog",0.1974,407,0.1754,470,0.022,0.0133,1.3327,0.876776315789474,2024-06-30 00:26:10,2,"Jewell Loyd","Loss",0.3795,-0.3795,0.249671052631579,-0.249671052631579,"FPTS Team_Jewell Loyd_2024-06-29"
2024-06-29,"FanDuel","DAL @ SEA",1022400105,"FPTS Team","First Points","Player","Team","Home/Away","Favorite/Underdog",0.1886,430,0.1429,600,0.0457,0.0267,2.6685,1.75559210526316,2024-06-29 22:26:10,21,"Jordan Horston","Loss",1.3524,-1.3524,0.889736842105263,-0.889736842105263,"FPTS Team_Jordan Horston_2024-06-29"
2024-06-29,"FanDuel","DAL @ SEA",1022400105,"FPTS Team","First Points","Player","Team","Home/Away","Favorite/Underdog",0.1886,430,0.1667,500,0.0219,0.0132,1.3161,0.865855263157895,2024-06-29 13:56:14,4,"Jordan Horston","Loss",0.1656,-0.1656,0.108947368421053,-0.108947368421053,"FPTS Team_Jordan Horston_2024-06-29"
2024-06-29,"FanDuel","DAL @ SEA",1022400105,"FPTS Team","First Points","Player","Team","Home/Away","Favorite/Underdog",0.1886,430,0.1695,490,0.0191,0.0115,1.1505,0.756907894736842,2024-06-29 12:26:26,1,"Jordan Horston","Loss",1.1505,-1.1505,0.756907894736842,-0.756907894736842,"FPTS Team_Jordan Horston_2024-06-29"
2024-06-29,"FanDuel","DAL @ SEA",1022400105,"FPTS Team","First Points","Player","Team","Home/Away","Favorite/Underdog",0.2382,320,0.2174,360,0.0208,0.0133,1.3318,0.876184210526316,2024-06-29 12:26:26,1,"Natasha Howard","Loss",1.3318,-1.3318,0.876184210526316,-0.876184210526316,"FPTS Team_Natasha Howard_2024-06-29"
2024-06-29,"FanDuel","DAL @ SEA",1022400105,"FPTS Team","First Points","Player","Team","Home/Away","Favorite/Underdog",0.155,545,0.1053,850,0.0498,0.0278,2.7814,1.82986842105263,2024-06-30 00:56:10,26,"Sevgi Uzun","Loss",0.3106,-0.3106,0.204342105263158,-0.204342105263158,"FPTS Team_Sevgi Uzun_2024-06-29"
2024-06-29,"FanDuel","DAL @ SEA",1022400105,"FPTS Team","First Points","Player","Team","Home/Away","Favorite/Underdog",0.155,545,0.1111,800,0.0439,0.0247,2.4708,1.62552631578947,2024-06-29 23:56:10,24,"Sevgi Uzun","Loss",0.7545,-0.7545,0.496381578947368,-0.496381578947368,"FPTS Team_Sevgi Uzun_2024-06-29"
2024-06-29,"FanDuel","DAL @ SEA",1022400105,"FPTS Team","First Points","Player","Team","Home/Away","Favorite/Underdog",0.155,545,0.125,700,0.03,0.0172,1.7163,1.12914473684211,2024-06-29 22:26:10,21,"Sevgi Uzun","Loss",0.3568,-0.3568,0.234736842105263,-0.234736842105263,"FPTS Team_Sevgi Uzun_2024-06-29"
2024-06-29,"FanDuel","DAL @ SEA",1022400105,"FPTS Team","First Points","Player","Team","Home/Away","Favorite/Underdog",0.155,545,0.1333,650,0.0217,0.0125,1.2521,0.82375,2024-06-29 12:26:26,1,"Sevgi Uzun","Loss",1.2521,-1.2521,0.82375,-0.82375,"FPTS Team_Sevgi Uzun_2024-06-29"
2024-06-29,"MGM","DAL @ SEA",1022400105,"FPTS Team","First FGM","Player","Team","Home/Away","Favorite/Underdog",0.1569,537,0.1333,650,0.0236,0.0136,1.3595,0.894407894736842,2024-06-29 13:26:15,3,"Sevgi Uzun","Loss",0.1074,-0.1074,0.070657894736842,-0.070657894736842,"FPTS Team_Sevgi Uzun_2024-06-29"
2024-06-29,"FanDuel","DAL @ SEA",1022400105,"FPTS Team","First Points","Player","Team","Home/Away","Favorite/Underdog",0.1791,458,0.1667,500,0.0125,0.0075,0.7473,0.491644736842105,2024-06-29 12:26:26,1,"Skylar Diggins-Smith","Loss",0.7473,-0.7473,0.491644736842105,-0.491644736842105,"FPTS Team_Skylar Diggins-Smith_2024-06-29"
2024-06-29,"FanDuel","DAL @ SEA",1022400105,"FPTS Team","First Points","Player","Team","Home/Away","Favorite/Underdog",0.1791,458,0.1538,550,0.0253,0.0149,1.4936,0.982631578947368,2024-06-29 16:56:16,10,"Skylar Diggins-Smith","Loss",0.7463,-0.7463,0.490986842105263,-0.490986842105263,"FPTS Team_Skylar Diggins-Smith_2024-06-29"
2024-06-29,"FanDuel","LVA @ WAS",1022400104,"FPTS","First Points","Player","Game","Home/Away","Favorite/Underdog",0.0845,1084,0.0588,1600,0.0256,0.0136,1.3619,1.43357894736842,2024-06-29 12:26:26,1,"Julie Vanloo","Loss",1.3619,-1.3619,1.43357894736842,-1.43357894736842,"FPTS_Julie Vanloo_2024-06-29"
2024-06-29,"FanDuel","LVA @ WAS",1022400104,"FPTS","First Points","Player","Game","Home/Away","Favorite/Underdog",0.0845,1084,0.0526,1800,0.0318,0.0168,1.6798,1.76821052631579,2024-06-29 14:56:16,6,"Julie Vanloo","Loss",0.3179,-0.3179,0.334631578947368,-0.334631578947368,"FPTS_Julie Vanloo_2024-06-29"
2024-06-29,"Draft Kings","LVA @ WAS",1022400104,"FPTS","First FGM","Player","Game","Home/Away","Favorite/Underdog",0.0736,1259,0.0476,2000,0.026,0.0136,1.3645,1.43631578947368,2024-06-29 17:56:16,12,"Kiah Stokes","Loss",1.3645,-1.3645,1.43631578947369,-1.43631578947369,"FPTS_Kiah Stokes_2024-06-29"
2024-06-29,"FanDuel","LVA @ WAS",1022400104,"FPTS","First Points","Player","Game","Home/Away","Favorite/Underdog",0.1018,882,0.0769,1200,0.0249,0.0135,1.3497,1.42073684210526,2024-06-29 14:56:16,1,"Myisha Hines-Allen","Loss",1.3497,-1.3497,1.42073684210526,-1.42073684210526,"FPTS_Myisha Hines-Allen_2024-06-29"
2024-06-29,"FanDuel","LVA @ WAS",1022400104,"FPTS","First Points","Player","Game","Home/Away","Favorite/Underdog",0.0858,1066,0.0667,1400,0.0191,0.0102,1.0225,1.07631578947368,2024-06-29 14:56:16,1,"Stefanie Dolson","Win",1.0225,14.315,1.07631578947368,15.0684210526316,"FPTS_Stefanie Dolson_2024-06-29"
2024-06-29,"FanDuel","LVA @ WAS",1022400104,"FPTS Team","First Points","Player","Team","Home/Away","Favorite/Underdog",0.4567,119,0.4348,130,0.0219,0.0194,1.9387,1.27546052631579,2024-06-29 12:26:26,1,"A'ja Wilson","Loss",1.9387,-1.9387,1.27546052631579,-1.27546052631579,"FPTS Team_A'ja Wilson_2024-06-29"
2024-06-29,"FanDuel","LVA @ WAS",1022400104,"FPTS Team","First Points","Player","Team","Home/Away","Favorite/Underdog",0.1734,477,0.125,700,0.0484,0.0277,2.7667,1.82019736842105,2024-06-29 14:56:16,6,"Julie Vanloo","Loss",0.984,-0.984,0.647368421052632,-0.647368421052632,"FPTS Team_Julie Vanloo_2024-06-29"
2024-06-29,"FanDuel","LVA @ WAS",1022400104,"FPTS Team","First Points","Player","Team","Home/Away","Favorite/Underdog",0.1734,477,0.1429,600,0.0306,0.0178,1.7827,1.17282894736842,2024-06-29 13:26:15,3,"Julie Vanloo","Loss",0.6262,-0.6262,0.411973684210526,-0.411973684210526,"FPTS Team_Julie Vanloo_2024-06-29"
2024-06-29,"FanDuel","LVA @ WAS",1022400104,"FPTS Team","First Points","Player","Team","Home/Away","Favorite/Underdog",0.1734,477,0.1538,550,0.0196,0.0116,1.1565,0.760855263157895,2024-06-29 12:26:26,1,"Julie Vanloo","Loss",1.1565,-1.1565,0.760855263157895,-0.760855263157895,"FPTS Team_Julie Vanloo_2024-06-29"
2024-06-29,"FanDuel","LVA @ WAS",1022400104,"FPTS Team","First Points","Player","Team","Home/Away","Favorite/Underdog",0.1115,797,0.0909,1000,0.0206,0.0113,1.1308,0.743947368421053,2024-06-29 12:26:26,1,"Kiah Stokes","Loss",1.1308,-1.1308,0.743947368421053,-0.743947368421053,"FPTS Team_Kiah Stokes_2024-06-29"
2024-06-29,"MGM","LVA @ WAS",1022400104,"FPTS Team","First FGM","Player","Team","Home/Away","Favorite/Underdog",0.1356,638,0.1,900,0.0356,0.0198,1.9766,1.30039473684211,2024-06-29 13:26:15,3,"Kiah Stokes","Loss",0.8458,-0.8458,0.556447368421052,-0.556447368421052,"FPTS Team_Kiah Stokes_2024-06-29"
2024-06-29,"FanDuel","LVA @ WAS",1022400104,"FPTS Team","First Points","Player","Team","Home/Away","Favorite/Underdog",0.2091,378,0.1961,410,0.013,0.0081,0.8103,0.533092105263158,2024-06-29 16:26:15,1,"Myisha Hines-Allen","Loss",0.8103,-0.8103,0.533092105263158,-0.533092105263158,"FPTS Team_Myisha Hines-Allen_2024-06-29"
2024-06-29,"FanDuel","LVA @ WAS",1022400104,"FPTS Team","First Points","Player","Team","Home/Away","Favorite/Underdog",0.2276,339,0.2083,380,0.0193,0.0122,1.2159,0.799934210526316,2024-06-29 17:56:16,2,"Myisha Hines-Allen","Loss",0.4056,-0.4056,0.266842105263158,-0.266842105263158,"FPTS Team_Myisha Hines-Allen_2024-06-29"
2024-06-30,"FanDuel","ATL @ NYL",1022400106,"FPTS","First Points","Player","Game","Home/Away","Favorite/Underdog",0.0905,1005,0.0714,1300,0.0191,0.0103,1.0281,1.08221052631579,2024-06-30 16:26:08,1,"Courtney Vandersloot","Loss",1.0281,-1.0281,1.08221052631579,-1.08221052631579,"FPTS_Courtney Vandersloot_2024-06-30"
2024-06-30,"Fanatics","ATL @ NYL",1022400106,"FPTS","First FGM","Player","Game","Home/Away","Favorite/Underdog",0.0931,974,0.0714,1300,0.0217,0.0117,1.1696,1.23115789473684,2024-06-30 16:56:08,2,"Courtney Vandersloot","Loss",0.1415,-0.1415,0.148947368421053,-0.148947368421053,"FPTS_Courtney Vandersloot_2024-06-30"
2024-06-30,"Draft Kings","ATL @ NYL",1022400106,"FPTS","First FGM","Player","Game","Home/Away","Favorite/Underdog",0.0834,1099,0.0556,1700,0.0278,0.0147,1.4726,1.5501052631579,2024-06-30 16:56:08,1,"Haley Jones","Loss",1.4726,-1.4726,1.5501052631579,-1.5501052631579,"FPTS_Haley Jones_2024-06-30"
2024-06-30,"Caesars","ATL @ NYL",1022400106,"FPTS","First Points","Player","Game","Home/Away","Favorite/Underdog",0.0807,1140,0.0625,1500,0.0182,0.0097,0.9681,1.01905263157895,2024-06-30 16:56:08,8,"Jordin Canada","Loss",0.7756,-0.7756,0.816421052631579,-0.816421052631579,"FPTS_Jordin Canada_2024-06-30"
2024-06-30,"ESPN","ATL @ NYL",1022400106,"FPTS","First Points","Player","Game","Home/Away","Favorite/Underdog",0.0757,1221,0.0588,1600,0.0169,0.009,0.8958,0.942947368421053,2024-06-30 13:26:09,3,"Jordin Canada","Loss",0.1925,-0.1925,0.202631578947368,-0.202631578947368,"FPTS_Jordin Canada_2024-06-30"
2024-06-30,"Caesars","ATL @ NYL",1022400106,"FPTS","First Points","Player","Game","Home/Away","Favorite/Underdog",0.0744,1244,0.0625,1500,0.0119,0.0064,0.6362,0.669684210526316,2024-06-30 16:56:08,1,"Nia Coffey","Loss",0.6362,-0.6362,0.669684210526316,-0.669684210526316,"FPTS_Nia Coffey_2024-06-30"
2024-06-30,"FanDuel","ATL @ NYL",1022400106,"FPTS Team","First Points","Player","Team","Home/Away","Favorite/Underdog",0.1661,502,0.1429,600,0.0233,0.0136,1.3578,0.89328947368421,2024-06-30 15:26:08,1,"Courtney Vandersloot","Loss",1.3578,-1.3578,0.89328947368421,-0.89328947368421,"FPTS Team_Courtney Vandersloot_2024-06-30"
2024-06-30,"FanDuel","ATL @ NYL",1022400106,"FPTS Team","First Points","Player","Team","Home/Away","Favorite/Underdog",0.1661,502,0.1111,800,0.055,0.031,3.095,2.03618421052632,2024-06-30 16:26:08,3,"Courtney Vandersloot","Loss",1.7372,-1.7372,1.14289473684211,-1.14289473684211,"FPTS Team_Courtney Vandersloot_2024-06-30"
2024-06-30,"FanDuel","ATL @ NYL",1022400106,"FPTS Team","First Points","Player","Team","Home/Away","Favorite/Underdog",0.1696,490,0.1333,650,0.0363,0.0209,2.0935,1.37730263157895,2024-06-30 16:56:08,1,"Haley Jones","Loss",2.0935,-2.0935,1.37730263157895,-1.37730263157895,"FPTS Team_Haley Jones_2024-06-30"
2024-06-30,"Draft Kings","IND @ PHO",1022400108,"FPTS","First FGM","Player","Game","Home/Away","Favorite/Underdog",0.1076,830,0.0909,1000,0.0167,0.0092,0.9171,0.965368421052632,2024-06-30 12:26:17,1,"Aliyah Boston","Loss",0.45855,-0.45855,0.482684210526316,-0.482684210526316,"FPTS_Aliyah Boston_2024-06-30"
2024-06-30,"MGM","IND @ PHO",1022400108,"FPTS","First FGM","Player","Game","Home/Away","Favorite/Underdog",0.1076,830,0.0909,1000,0.0167,0.0092,0.9171,0.965368421052632,2024-06-30 12:26:17,1,"Aliyah Boston","Loss",0.45855,-0.45855,0.482684210526316,-0.482684210526316,"FPTS_Aliyah Boston_2024-06-30"
2024-06-30,"Draft Kings","IND @ PHO",1022400108,"FPTS","First FGM","Player","Game","Home/Away","Favorite/Underdog",0.0896,1016,0.0625,1500,0.0271,0.0145,1.4454,1.52147368421053,2024-06-30 12:26:17,1,"Kelsey Mitchell","Loss",0.7227,-0.7227,0.760736842105263,-0.760736842105263,"FPTS_Kelsey Mitchell_2024-06-30"
2024-06-30,"Fanatics","IND @ PHO",1022400108,"FPTS","First FGM","Player","Game","Home/Away","Favorite/Underdog",0.0896,1016,0.0625,1500,0.0271,0.0145,1.4454,1.52147368421053,2024-06-30 12:26:17,1,"Kelsey Mitchell","Loss",0.7227,-0.7227,0.760736842105263,-0.760736842105263,"FPTS_Kelsey Mitchell_2024-06-30"
2024-06-30,"Fanatics","IND @ PHO",1022400108,"FPTS","First FGM","Player","Game","Home/Away","Favorite/Underdog",0.0778,1186,0.0625,1500,0.0153,0.0081,0.8142,0.857052631578947,2024-06-30 12:26:17,1,"Kristy Wallace","Loss",0.8142,-0.8142,0.857052631578947,-0.857052631578947,"FPTS_Kristy Wallace_2024-06-30"
2024-06-30,"ESPN","IND @ PHO",1022400108,"FPTS","First Points","Player","Game","Home/Away","Favorite/Underdog",0.1078,828,0.0833,1100,0.0244,0.0133,1.3328,1.40294736842105,2024-06-30 12:26:17,1,"NaLyssa Smith","Loss",0.6664,-0.6664,0.701473684210526,-0.701473684210526,"FPTS_NaLyssa Smith_2024-06-30"
2024-06-30,"FanDuel","IND @ PHO",1022400108,"FPTS","First Points","Player","Game","Home/Away","Favorite/Underdog",0.1078,828,0.0833,1100,0.0244,0.0133,1.3328,1.40294736842105,2024-06-30 12:26:17,1,"NaLyssa Smith","Loss",0.6664,-0.6664,0.701473684210526,-0.701473684210526,"FPTS_NaLyssa Smith_2024-06-30"
2024-06-30,"FanDuel","IND @ PHO",1022400108,"FPTS","First Points","Player","Game","Home/Away","Favorite/Underdog",0.0824,1114,0.0588,1600,0.0235,0.0125,1.25,1.31578947368421,2024-06-30 12:26:17,1,"Natasha Cloud","Loss",1.25,-1.25,1.31578947368421,-1.31578947368421,"FPTS_Natasha Cloud_2024-06-30"
2024-06-30,"MGM","IND @ PHO",1022400108,"FPTS Team","First FGM","Player","Team","Home/Away","Favorite/Underdog",0.2512,298,0.2353,325,0.0159,0.0104,1.0373,0.682434210526316,2024-06-30 12:26:17,1,"Kahleah Copper","Win",1.0373,3.371225,0.682434210526316,2.21791118421053,"FPTS Team_Kahleah Copper_2024-06-30"
2024-06-30,"MGM","IND @ PHO",1022400108,"FPTS Team","First FGM","Player","Team","Home/Away","Favorite/Underdog",0.1926,419,0.1667,500,0.0259,0.0155,1.5545,1.02269736842105,2024-06-30 12:26:17,1,"Kelsey Mitchell","Loss",1.5545,-1.5545,1.02269736842105,-1.02269736842105,"FPTS Team_Kelsey Mitchell_2024-06-30"
2024-06-30,"FanDuel","IND @ PHO",1022400108,"FPTS Team","First Points","Player","Team","Home/Away","Favorite/Underdog",0.2326,330,0.2128,370,0.0199,0.0126,1.2628,0.83078947368421,2024-06-30 12:26:17,1,"NaLyssa Smith","Win",1.2628,4.67236,0.83078947368421,3.07392105263158,"FPTS Team_NaLyssa Smith_2024-06-30"
2024-06-30,"FanDuel","IND @ PHO",1022400108,"FPTS Team","First Points","Player","Team","Home/Away","Favorite/Underdog",0.1534,552,0.0909,1000,0.0625,0.0344,3.4382,2.26197368421053,2024-06-30 12:26:17,1,"Natasha Cloud","Loss",3.4382,-3.4382,2.26197368421053,-2.26197368421053,"FPTS Team_Natasha Cloud_2024-06-30"
2024-06-30,"FanDuel","IND @ PHO",1022400108,"FPTS Team","First Points","Player","Team","Home/Away","Favorite/Underdog",0.1565,539,0.1333,650,0.0232,0.0134,1.3378,0.880131578947368,2024-06-30 12:26:17,1,"Rebecca Allen","Loss",1.3378,-1.3378,0.880131578947368,-0.880131578947368,"FPTS Team_Rebecca Allen_2024-06-30"
2024-06-30,"ESPN","MIN @ CHI",1022400107,"FPTS","First Points","Player","Game","Home/Away","Favorite/Underdog",0.1091,817,0.0909,1000,0.0181,0.01,0.9979,1.05042105263158,2024-06-30 12:26:17,1,"Kamilla Cardoso","Loss",0.49895,-0.49895,0.525210526315789,-0.525210526315789,"FPTS_Kamilla Cardoso_2024-06-30"
2024-06-30,"FanDuel","MIN @ CHI",1022400107,"FPTS","First Points","Player","Game","Home/Away","Favorite/Underdog",0.1091,817,0.0909,1000,0.0181,0.01,0.9979,1.05042105263158,2024-06-30 12:26:17,1,"Kamilla Cardoso","Loss",0.49895,-0.49895,0.525210526315789,-0.525210526315789,"FPTS_Kamilla Cardoso_2024-06-30"
2024-06-30,"FanDuel","MIN @ CHI",1022400107,"FPTS","First Points","Player","Game","Home/Away","Favorite/Underdog",0.1091,817,0.0833,1100,0.0257,0.014,1.4029,1.47673684210526,2024-06-30 15:26:08,7,"Kamilla Cardoso","Loss",0.405,-0.405,0.426315789473684,-0.426315789473684,"FPTS_Kamilla Cardoso_2024-06-30"
2024-06-30,"Draft Kings","MIN @ CHI",1022400107,"FPTS","First FGM","Player","Game","Home/Away","Favorite/Underdog",0.0897,1015,0.0588,1600,0.0308,0.0164,1.6378,1.724,2024-06-30 12:26:17,1,"Lindsay Allen","Loss",1.6378,-1.6378,1.724,-1.724,"FPTS_Lindsay Allen_2024-06-30"
2024-06-30,"FanDuel","MIN @ CHI",1022400107,"FPTS Team","First Points","Player","Team","Home/Away","Favorite/Underdog",0.1838,444,0.1724,480,0.0114,0.0069,0.6892,0.453421052631579,2024-06-30 15:26:08,1,"Alanna Smith","Win",0.6892,3.30816,0.453421052631579,2.17642105263158,"FPTS Team_Alanna Smith_2024-06-30"
2024-06-30,"FanDuel","MIN @ CHI",1022400107,"FPTS Team","First Points","Player","Team","Home/Away","Favorite/Underdog",0.2069,383,0.1667,500,0.0403,0.0242,2.4164,1.58973684210526,2024-06-30 12:26:17,1,"Kamilla Cardoso","Loss",2.4164,-2.4164,1.58973684210526,-1.58973684210526,"FPTS Team_Kamilla Cardoso_2024-06-30"
2024-06-30,"FanDuel","MIN @ CHI",1022400107,"FPTS Team","First Points","Player","Team","Home/Away","Favorite/Underdog",0.2069,383,0.1538,550,0.0531,0.0314,3.1374,2.06407894736842,2024-06-30 13:26:09,3,"Kamilla Cardoso","Loss",0.721,-0.721,0.474342105263158,-0.474342105263158,"FPTS Team_Kamilla Cardoso_2024-06-30"
2024-06-30,"FanDuel","MIN @ CHI",1022400107,"FPTS Team","First Points","Player","Team","Home/Away","Favorite/Underdog",0.1469,581,0.1053,850,0.0417,0.0233,2.329,1.53223684210526,2024-06-30 12:26:17,1,"Lindsay Allen","Loss",2.329,-2.329,1.53223684210526,-1.53223684210526,"FPTS Team_Lindsay Allen_2024-06-30"
2024-06-30,"MGM","MIN @ CHI",1022400107,"FPTS Team","First FGM","Player","Team","Home/Away","Favorite/Underdog",0.1706,486,0.1053,850,0.0654,0.0365,3.652,2.40263157894737,2024-06-30 12:56:09,2,"Lindsay Allen","Loss",1.323,-1.323,0.870394736842105,-0.870394736842105,"FPTS Team_Lindsay Allen_2024-06-30"
2024-07-01,"FanDuel","CON @ PHO",1022400109,"FPTS","First Points","Player","Game","Home/Away","Favorite/Underdog",0.0951,952,0.0667,1400,0.0284,0.0152,1.5222,1.60231578947368,2024-07-01 12:26:29,1,"DiJonai Carrington","Loss",1.5222,-1.5222,1.60231578947368,-1.60231578947368,"FPTS_DiJonai Carrington_2024-07-01"
2024-07-01,"FanDuel","CON @ PHO",1022400109,"FPTS","First Points","Player","Game","Home/Away","Favorite/Underdog",0.0951,952,0.0625,1500,0.0326,0.0174,1.7376,1.82905263157895,2024-07-01 16:56:20,10,"DiJonai Carrington","Loss",0.2154,-0.2154,0.226736842105263,-0.226736842105263,"FPTS_DiJonai Carrington_2024-07-01"
2024-07-01,"FanDuel","CON @ PHO",1022400109,"FPTS","First Points","Player","Game","Home/Away","Favorite/Underdog",0.0822,1117,0.0667,1400,0.0155,0.0083,0.8301,0.87378947368421,2024-07-02 01:56:17,9,"Natasha Cloud","Loss",0.8301,-0.8301,0.873789473684211,-0.873789473684211,"FPTS_Natasha Cloud_2024-07-01"
2024-07-01,"FanDuel","CON @ PHO",1022400109,"FPTS","First Points","Player","Game","Home/Away","Favorite/Underdog",0.0711,1305,0.0588,1600,0.0123,0.0065,0.6548,0.689263157894737,2024-07-01 14:26:19,1,"Tyasha Harris","Loss",0.6548,-0.6548,0.689263157894737,-0.689263157894737,"FPTS_Tyasha Harris_2024-07-01"
2024-07-01,"Draft Kings","CON @ PHO",1022400109,"FPTS","First FGM","Player","Game","Home/Away","Favorite/Underdog",0.0722,1285,0.0588,1600,0.0134,0.0071,0.7116,0.749052631578947,2024-07-02 01:56:17,8,"Tyasha Harris","Loss",0.0568,-0.0568,0.0597894736842105,-0.0597894736842105,"FPTS_Tyasha Harris_2024-07-01"
2024-07-01,"FanDuel","CON @ PHO",1022400109,"FPTS Team","First Points","Player","Team","Home/Away","Favorite/Underdog",0.2082,380,0.1538,550,0.0543,0.0321,3.2101,2.11190789473684,2024-07-01 12:26:29,1,"DiJonai Carrington","Loss",3.2101,-3.2101,2.11190789473684,-2.11190789473684,"FPTS Team_DiJonai Carrington_2024-07-01"
2024-07-01,"FanDuel","CON @ PHO",1022400109,"FPTS Team","First Points","Player","Team","Home/Away","Favorite/Underdog",0.2613,283,0.2174,360,0.0439,0.0281,2.8075,1.84703947368421,2024-07-02 01:56:17,8,"Kahleah Copper","Loss",0.9327,-0.9327,0.613618421052631,-0.613618421052631,"FPTS Team_Kahleah Copper_2024-07-01"
2024-07-01,"FanDuel","CON @ PHO",1022400109,"FPTS Team","First Points","Player","Team","Home/Away","Favorite/Underdog",0.2613,283,0.2326,330,0.0288,0.0187,1.8748,1.23342105263158,2024-07-02 00:56:17,6,"Kahleah Copper","Loss",0.1417,-0.1417,0.0932236842105261,-0.0932236842105261,"FPTS Team_Kahleah Copper_2024-07-01"
2024-07-01,"MGM","CON @ PHO",1022400109,"FPTS Team","First FGM","Player","Team","Home/Away","Favorite/Underdog",0.2618,282,0.2353,325,0.0265,0.0173,1.7331,1.14019736842105,2024-07-01 12:26:29,1,"Kahleah Copper","Loss",1.7331,-1.7331,1.14019736842105,-1.14019736842105,"FPTS Team_Kahleah Copper_2024-07-01"
2024-07-01,"FanDuel","CON @ PHO",1022400109,"FPTS Team","First Points","Player","Team","Home/Away","Favorite/Underdog",0.1452,589,0.1053,850,0.0399,0.0223,2.2303,1.46730263157895,2024-07-01 22:56:16,22,"Natasha Cloud","Loss",0.3143,-0.3143,0.206776315789474,-0.206776315789474,"FPTS Team_Natasha Cloud_2024-07-01"
2024-07-01,"FanDuel","CON @ PHO",1022400109,"FPTS Team","First Points","Player","Team","Home/Away","Favorite/Underdog",0.1544,548,0.1111,800,0.0433,0.0243,2.433,1.60065789473684,2024-07-02 01:56:17,28,"Natasha Cloud","Loss",0.5588,-0.5588,0.367631578947367,-0.367631578947367,"FPTS Team_Natasha Cloud_2024-07-01"
2024-07-01,"FanDuel","CON @ PHO",1022400109,"FPTS Team","First Points","Player","Team","Home/Away","Favorite/Underdog",0.1452,589,0.1176,750,0.0275,0.0156,1.5599,1.02625,2024-07-01 12:56:17,2,"Natasha Cloud","Loss",0.2494,-0.2494,0.164078947368421,-0.164078947368421,"FPTS Team_Natasha Cloud_2024-07-01"
2024-07-01,"MGM","CON @ PHO",1022400109,"FPTS Team","First FGM","Player","Team","Home/Away","Favorite/Underdog",0.1479,576,0.125,700,0.0229,0.0131,1.3105,0.862171052631579,2024-07-01 12:26:29,1,"Natasha Cloud","Loss",1.3105,-1.3105,0.862171052631579,-0.862171052631579,"FPTS Team_Natasha Cloud_2024-07-01"
2024-07-01,"FanDuel","CON @ PHO",1022400109,"FPTS Team","First Points","Player","Team","Home/Away","Favorite/Underdog",0.1558,542,0.1429,600,0.0129,0.0075,0.7536,0.495789473684211,2024-07-01 13:56:20,1,"Tyasha Harris","Loss",0.7536,-0.7536,0.495789473684211,-0.495789473684211,"FPTS Team_Tyasha Harris_2024-07-01"
2024-07-01,"FanDuel","CON @ PHO",1022400109,"FPTS Team","First Points","Player","Team","Home/Away","Favorite/Underdog",0.1558,542,0.1333,650,0.0224,0.0129,1.2948,0.851842105263158,2024-07-01 14:56:19,3,"Tyasha Harris","Loss",0.5412,-0.5412,0.356052631578947,-0.356052631578947,"FPTS Team_Tyasha Harris_2024-07-01"
2024-07-01,"BetRivers","CON @ PHO",1022400109,"FTTS","First Points","Team","Quarter","Home/Away","Favorite/Underdog",0.4677,114,0.4444,125,0.0233,0.021,1.0483,0.765182481751825,2024-07-02 00:56:17,26,"1Q_CON","Loss",1.0483,-1.0483,0.765182481751825,-0.765182481751825,"FTTS_1Q_CON_2024-07-01"
2024-07-01,"FanDuel","DAL @ SEA",1022400110,"FPTS","First Points","Player","Game","Home/Away","Favorite/Underdog",0.0704,1320,0.0556,1700,0.0148,0.0079,0.7858,0.827157894736842,2024-07-01 19:56:20,1,"Jacy Sheldon","Loss",0.7858,-0.7858,0.827157894736842,-0.827157894736842,"FPTS_Jacy Sheldon_2024-07-01"
2024-07-01,"FanDuel","DAL @ SEA",1022400110,"FPTS","First Points","Player","Game","Home/Away","Favorite/Underdog",0.0775,1190,0.0588,1600,0.0187,0.0099,0.993,1.04526315789474,2024-07-02 01:56:17,1,"Odyssey Sims","Loss",0.993,-0.993,1.04526315789474,-1.04526315789474,"FPTS_Odyssey Sims_2024-07-01"
2024-07-01,"FanDuel","DAL @ SEA",1022400110,"FPTS Team","First Points","Player","Team","Home/Away","Favorite/Underdog",0.1417,606,0.125,700,0.0167,0.0095,0.9549,0.628223684210526,2024-07-01 19:56:20,1,"Jacy Sheldon","Loss",0.9549,-0.9549,0.628223684210526,-0.628223684210526,"FPTS Team_Jacy Sheldon_2024-07-01"
2024-07-01,"FanDuel","DAL @ SEA",1022400110,"FPTS Team","First Points","Player","Team","Home/Away","Favorite/Underdog",0.1417,606,0.1176,750,0.0241,0.0136,1.3636,0.897105263157895,2024-07-01 20:26:18,2,"Jacy Sheldon","Loss",0.4087,-0.4087,0.268881578947368,-0.268881578947368,"FPTS Team_Jacy Sheldon_2024-07-01"
2024-07-01,"FanDuel","DAL @ SEA",1022400110,"FPTS Team","First Points","Player","Team","Home/Away","Favorite/Underdog",0.199,402,0.1786,460,0.0204,0.0124,1.2446,0.818815789473684,2024-07-01 12:26:29,1,"Jewell Loyd","Win",1.2446,5.72516,0.818815789473684,3.76655263157895,"FPTS Team_Jewell Loyd_2024-07-01"
2024-07-01,"FanDuel","DAL @ SEA",1022400110,"FPTS Team","First Points","Player","Team","Home/Away","Favorite/Underdog",0.199,402,0.1724,480,0.0266,0.0161,1.6074,1.0575,2024-07-01 12:56:17,2,"Jewell Loyd","Win",0.3628,1.74144,0.238684210526316,1.14568421052632,"FPTS Team_Jewell Loyd_2024-07-01"
2024-07-01,"FanDuel","DAL @ SEA",1022400110,"FPTS Team","First Points","Player","Team","Home/Away","Favorite/Underdog",0.187,435,0.1695,490,0.0175,0.0105,1.052,0.692105263157895,2024-07-01 12:26:29,1,"Jordan Horston","Loss",1.052,-1.052,0.692105263157895,-0.692105263157895,"FPTS Team_Jordan Horston_2024-07-01"
2024-07-01,"FanDuel","DAL @ SEA",1022400110,"FPTS Team","First Points","Player","Team","Home/Away","Favorite/Underdog",0.187,435,0.1667,500,0.0203,0.0122,1.2179,0.80125,2024-07-01 12:56:17,2,"Jordan Horston","Loss",0.1659,-0.1659,0.109144736842105,-0.109144736842105,"FPTS Team_Jordan Horston_2024-07-01"
2024-07-01,"FanDuel","DAL @ SEA",1022400110,"FPTS Team","First Points","Player","Team","Home/Away","Favorite/Underdog",0.156,541,0.1176,750,0.0384,0.0218,2.1755,1.43125,2024-07-02 01:56:17,1,"Odyssey Sims","Loss",2.1755,-2.1755,1.43125,-1.43125,"FPTS Team_Odyssey Sims_2024-07-01"
2024-07-02,"Draft Kings","CHI @ ATL",1022400112,"FPTS","First FGM","Player","Game","Home/Away","Favorite/Underdog",0.0846,1082,0.0526,1800,0.032,0.0169,1.6889,1.77778947368421,2024-07-02 12:26:42,1,"Haley Jones","Loss",1.6889,-1.6889,1.77778947368421,-1.77778947368421,"FPTS_Haley Jones_2024-07-02"
2024-07-02,"FanDuel","CHI @ ATL",1022400112,"FPTS","First Points","Player","Game","Home/Away","Favorite/Underdog",0.1008,892,0.0769,1200,0.0239,0.0129,1.2937,1.36178947368421,2024-07-02 13:26:16,1,"Kamilla Cardoso","Loss",1.2937,-1.2937,1.36178947368421,-1.36178947368421,"FPTS_Kamilla Cardoso_2024-07-02"
2024-07-02,"Draft Kings","CHI @ ATL",1022400112,"FPTS","First FGM","Player","Game","Home/Away","Favorite/Underdog",0.0831,1104,0.0625,1500,0.0206,0.011,1.0978,1.15557894736842,2024-07-02 12:26:42,1,"Lindsay Allen","Loss",1.0978,-1.0978,1.15557894736842,-1.15557894736842,"FPTS_Lindsay Allen_2024-07-02"
2024-07-02,"FanDuel","CHI @ ATL",1022400112,"FPTS Team","First Points","Player","Team","Home/Away","Favorite/Underdog",0.1656,504,0.1429,600,0.0228,0.0133,1.3282,0.873815789473684,2024-07-02 12:26:42,1,"Haley Jones","Loss",1.3282,-1.3282,0.873815789473684,-0.873815789473684,"FPTS Team_Haley Jones_2024-07-02"
2024-07-02,"MGM","CHI @ ATL",1022400112,"FPTS Team","First FGM","Player","Team","Home/Away","Favorite/Underdog",0.1725,480,0.1429,600,0.0297,0.0173,1.7314,1.13907894736842,2024-07-02 15:26:18,7,"Haley Jones","Loss",0.4032,-0.4032,0.265263157894737,-0.265263157894737,"FPTS Team_Haley Jones_2024-07-02"
2024-07-02,"FanDuel","CHI @ ATL",1022400112,"FPTS Team","First Points","Player","Team","Home/Away","Favorite/Underdog",0.1981,405,0.1667,500,0.0315,0.0189,1.8887,1.24256578947368,2024-07-02 12:26:42,1,"Kamilla Cardoso","Loss",1.8887,-1.8887,1.24256578947368,-1.24256578947368,"FPTS Team_Kamilla Cardoso_2024-07-02"
2024-07-02,"FanDuel","CHI @ ATL",1022400112,"FPTS Team","First Points","Player","Team","Home/Away","Favorite/Underdog",0.1981,405,0.1538,550,0.0443,0.0262,2.6176,1.72210526315789,2024-07-02 13:26:16,3,"Kamilla Cardoso","Loss",0.7289,-0.7289,0.479539473684211,-0.479539473684211,"FPTS Team_Kamilla Cardoso_2024-07-02"
2024-07-02,"FanDuel","CHI @ ATL",1022400112,"FPTS Team","First Points","Player","Team","Home/Away","Favorite/Underdog",0.1388,621,0.0909,1000,0.0479,0.0263,2.6319,1.73151315789474,2024-07-02 12:26:42,1,"Lindsay Allen","Loss",2.6319,-2.6319,1.73151315789474,-1.73151315789474,"FPTS Team_Lindsay Allen_2024-07-02"
2024-07-02,"FanDuel","CHI @ ATL",1022400112,"FPTS Team","First Points","Player","Team","Home/Away","Favorite/Underdog",0.1601,524,0.1429,600,0.0173,0.0101,1.0077,0.66296052631579,2024-07-02 19:26:17,1,"Nia Coffey","Loss",1.0077,-1.0077,0.66296052631579,-0.66296052631579,"FPTS Team_Nia Coffey_2024-07-02"
2024-07-02,"FanDuel","IND @ LVA",1022400113,"FPTS","First Points","Player","Game","Home/Away","Favorite/Underdog",0.0742,1248,0.0625,1500,0.0117,0.0062,0.6218,0.654526315789474,2024-07-03 01:26:08,1,"Katie Lou Samuelson","Loss",0.6218,-0.6218,0.654526315789474,-0.654526315789474,"FPTS_Katie Lou Samuelson_2024-07-02"
2024-07-02,"FanDuel","IND @ LVA",1022400113,"FPTS","First Points","Player","Game","Home/Away","Favorite/Underdog",0.0917,990,0.0714,1300,0.0203,0.0109,1.0928,1.15031578947368,2024-07-02 12:26:42,1,"Kelsey Mitchell","Loss",1.0928,-1.0928,1.15031578947368,-1.15031578947368,"FPTS_Kelsey Mitchell_2024-07-02"
2024-07-02,"FanDuel","IND @ LVA",1022400113,"FPTS","First Points","Player","Game","Home/Away","Favorite/Underdog",0.0917,990,0.0667,1400,0.0251,0.0134,1.3423,1.41294736842105,2024-07-02 16:56:15,10,"Kelsey Mitchell","Loss",0.2495,-0.2495,0.262631578947369,-0.262631578947369,"FPTS_Kelsey Mitchell_2024-07-02"
2024-07-02,"Draft Kings","IND @ LVA",1022400113,"FPTS","First FGM","Player","Game","Home/Away","Favorite/Underdog",0.0712,1305,0.0476,2000,0.0236,0.0124,1.2374,1.30252631578947,2024-07-02 12:26:42,1,"Kiah Stokes","Loss",1.2374,-1.2374,1.30252631578947,-1.30252631578947,"FPTS_Kiah Stokes_2024-07-02"
2024-07-02,"FanDuel","IND @ LVA",1022400113,"FPTS","First Points","Player","Game","Home/Away","Favorite/Underdog",0.1166,758,0.0909,1000,0.0257,0.0141,1.4131,1.48747368421053,2024-07-02 12:26:42,1,"NaLyssa Smith","Loss",1.4131,-1.4131,1.48747368421053,-1.48747368421053,"FPTS_NaLyssa Smith_2024-07-02"
2024-07-02,"FanDuel","IND @ LVA",1022400113,"FPTS Team","First Points","Player","Team","Home/Away","Favorite/Underdog",0.1547,546,0.1429,600,0.0119,0.0069,0.6915,0.454934210526316,2024-07-02 12:26:42,1,"Chelsea Gray","Loss",0.6915,-0.6915,0.454934210526316,-0.454934210526316,"FPTS Team_Chelsea Gray_2024-07-02"
2024-07-02,"FanDuel","IND @ LVA",1022400113,"FPTS Team","First Points","Player","Team","Home/Away","Favorite/Underdog",0.1862,437,0.1667,500,0.0195,0.0117,1.1706,0.770131578947369,2024-07-02 12:26:42,1,"Kelsey Mitchell","Loss",1.1706,-1.1706,0.770131578947369,-0.770131578947369,"FPTS Team_Kelsey Mitchell_2024-07-02"
2024-07-02,"FanDuel","IND @ LVA",1022400113,"FPTS Team","First Points","Player","Team","Home/Away","Favorite/Underdog",0.1272,686,0.0833,1100,0.0438,0.0239,2.3905,1.57269736842105,2024-07-02 12:26:42,1,"Kiah Stokes","Loss",2.3905,-2.3905,1.57269736842105,-1.57269736842105,"FPTS Team_Kiah Stokes_2024-07-02"
2024-07-02,"FanDuel","IND @ LVA",1022400113,"FPTS Team","First Points","Player","Team","Home/Away","Favorite/Underdog",0.1272,686,0.0769,1200,0.0502,0.0272,2.7211,1.79019736842105,2024-07-02 19:26:17,15,"Kiah Stokes","Loss",0.3306,-0.3306,0.2175,-0.2175,"FPTS Team_Kiah Stokes_2024-07-02"
2024-07-02,"FanDuel","IND @ LVA",1022400113,"FPTS Team","First Points","Player","Team","Home/Away","Favorite/Underdog",0.2367,323,0.2128,370,0.0239,0.0152,1.5185,0.999013157894737,2024-07-02 12:26:42,1,"NaLyssa Smith","Loss",1.5185,-1.5185,0.999013157894737,-0.999013157894737,"FPTS Team_NaLyssa Smith_2024-07-02"
2024-07-02,"FanDuel","IND @ LVA",1022400113,"FPTS Team","First Points","Player","Team","Home/Away","Favorite/Underdog",0.2367,323,0.2083,380,0.0283,0.0179,1.7899,1.17756578947368,2024-07-02 13:56:15,4,"NaLyssa Smith","Loss",0.2714,-0.2714,0.178552631578947,-0.178552631578947,"FPTS Team_NaLyssa Smith_2024-07-02"
2024-07-02,"BetRivers","IND @ LVA",1022400113,"FTTS","First Points","Team","Quarter","Home/Away","Favorite/Underdog",0.4927,103,0.4255,135,0.0671,0.0584,2.9217,2.13262773722628,2024-07-02 12:26:42,1,"1Q_IND","Loss",2.9217,-2.9217,2.13262773722628,-2.13262773722628,"FTTS_1Q_IND_2024-07-02"
2024-07-02,"FanDuel","MIN @ NYL",1022400111,"FPTS","First Points","Player","Game","Home/Away","Favorite/Underdog",0.0899,1012,0.0714,1300,0.0185,0.0099,0.9945,1.04684210526316,2024-07-02 12:26:42,1,"Alanna Smith","Loss",0.9945,-0.9945,1.04684210526316,-1.04684210526316,"FPTS_Alanna Smith_2024-07-02"
2024-07-02,"BetRivers","MIN @ NYL",1022400111,"FPTS","First FGM","Player","Game","Home/Away","Favorite/Underdog",0.0913,995,0.0667,1400,0.0246,0.0132,1.32,1.38947368421053,2024-07-02 12:26:42,1,"Courtney Vandersloot","Win",1.32,18.48,1.38947368421053,19.4526315789474,"FPTS_Courtney Vandersloot_2024-07-02"
2024-07-02,"FanDuel","MIN @ NYL",1022400111,"FPTS","First Points","Player","Game","Home/Away","Favorite/Underdog",0.0879,1037,0.0769,1200,0.011,0.006,0.5965,0.627894736842105,2024-07-02 13:56:15,1,"Courtney Williams","Loss",0.5965,-0.5965,0.627894736842105,-0.627894736842105,"FPTS_Courtney Williams_2024-07-02"
2024-07-02,"FanDuel","MIN @ NYL",1022400111,"FPTS Team","First Points","Player","Team","Home/Away","Favorite/Underdog",0.194,415,0.1754,470,0.0186,0.0113,1.1258,0.740657894736842,2024-07-02 12:26:42,1,"Alanna Smith","Loss",1.1258,-1.1258,0.740657894736842,-0.740657894736842,"FPTS Team_Alanna Smith_2024-07-02"
2024-07-02,"FanDuel","MIN @ NYL",1022400111,"FPTS Team","First Points","Player","Team","Home/Away","Favorite/Underdog",0.194,415,0.1724,480,0.0216,0.013,1.3044,0.858157894736842,2024-07-02 16:56:15,10,"Alanna Smith","Loss",0.1786,-0.1786,0.1175,-0.1175,"FPTS Team_Alanna Smith_2024-07-02"
2024-07-02,"FanDuel","MIN @ NYL",1022400111,"FPTS Team","First Points","Player","Team","Home/Away","Favorite/Underdog",0.1547,547,0.1053,850,0.0494,0.0276,2.76,1.81578947368421,2024-07-02 12:26:42,1,"Courtney Vandersloot","Win",2.76,23.46,1.81578947368421,15.4342105263158,"FPTS Team_Courtney Vandersloot_2024-07-02"
2024-07-02,"FanDuel","MIN @ NYL",1022400111,"FPTS Team","First Points","Player","Team","Home/Away","Favorite/Underdog",0.1547,547,0.1,900,0.0547,0.0304,3.0363,1.99756578947368,2024-07-02 14:26:16,5,"Courtney Vandersloot","Win",0.2763,2.4867,0.181776315789474,1.63598684210526,"FPTS Team_Courtney Vandersloot_2024-07-02"
2024-07-02,"FanDuel","WAS @ LAS",1022400114,"FPTS","First Points","Player","Game","Home/Away","Favorite/Underdog",0.096,942,0.0833,1100,0.0126,0.0069,0.6893,0.725578947368421,2024-07-02 22:56:15,1,"Kia Nurse","Loss",0.6893,-0.6893,0.725578947368421,-0.725578947368421,"FPTS_Kia Nurse_2024-07-02"
2024-07-02,"BetRivers","WAS @ LAS",1022400114,"FPTS","First FGM","Player","Game","Home/Away","Favorite/Underdog",0.1113,799,0.1,900,0.0113,0.0063,0.6264,0.659368421052632,2024-07-02 12:26:42,1,"Myisha Hines-Allen","Loss",0.6264,-0.6264,0.659368421052632,-0.659368421052632,"FPTS_Myisha Hines-Allen_2024-07-02"
2024-07-02,"FanDuel","WAS @ LAS",1022400114,"FPTS Team","First Points","Player","Team","Home/Away","Favorite/Underdog",0.1919,421,0.1667,500,0.0253,0.0152,1.5165,0.997697368421053,2024-07-02 12:26:42,1,"Kia Nurse","Loss",1.5165,-1.5165,0.997697368421053,-0.997697368421053,"FPTS Team_Kia Nurse_2024-07-02"
2024-07-02,"FanDuel","WAS @ LAS",1022400114,"FPTS Team","First Points","Player","Team","Home/Away","Favorite/Underdog",0.1919,421,0.1429,600,0.0491,0.0286,2.8632,1.88368421052632,2024-07-02 12:56:18,2,"Kia Nurse","Loss",1.3467,-1.3467,0.885986842105263,-0.885986842105263,"FPTS Team_Kia Nurse_2024-07-02"
2024-07-02,"MGM","WAS @ LAS",1022400114,"FPTS Team","First FGM","Player","Team","Home/Away","Favorite/Underdog",0.2225,349,0.2105,375,0.012,0.0076,0.7615,0.500986842105263,2024-07-02 15:26:18,1,"Myisha Hines-Allen","Loss",0.7615,-0.7615,0.500986842105263,-0.500986842105263,"FPTS Team_Myisha Hines-Allen_2024-07-02"
2024-07-02,"BetRivers","WAS @ LAS",1022400114,"FTTS","First Points","Team","Quarter","Home/Away","Favorite/Underdog",0.5,100,0.4831,107,0.0169,0.0164,0.8178,0.596934306569343,2024-07-02 12:26:42,1,"1Q_WAS","Loss",0.8178,-0.8178,0.596934306569343,-0.596934306569343,"FTTS_1Q_WAS_2024-07-02"
2024-07-03,"Draft Kings","PHO @ DAL",1022400115,"FPTS","First FGM","Player","Game","Home/Away","Favorite/Underdog",0.0675,1381,0.0526,1800,0.0149,0.0079,0.7852,0.826526315789474,2024-07-03 23:55:58,1,"Jacy Sheldon","Loss",0.7852,-0.7852,0.826526315789474,-0.826526315789474,"FPTS_Jacy Sheldon_2024-07-03"
2024-07-03,"ESPN","PHO @ DAL",1022400115,"FPTS","First Points","Player","Game","Home/Away","Favorite/Underdog",0.0788,1169,0.0667,1400,0.0121,0.0065,0.6501,0.684315789473684,2024-07-03 12:56:06,1,"Natasha Cloud","Loss",0.6501,-0.6501,0.684315789473684,-0.684315789473684,"FPTS_Natasha Cloud_2024-07-03"
2024-07-03,"ESPN","PHO @ DAL",1022400115,"FPTS","First Points","Player","Game","Home/Away","Favorite/Underdog",0.1138,778,0.1,900,0.0138,0.0077,0.7685,0.808947368421053,2024-07-03 12:56:06,1,"Natasha Howard","Win",0.7685,6.9165,0.808947368421053,7.28052631578947,"FPTS_Natasha Howard_2024-07-03"
2024-07-03,"Draft Kings","PHO @ DAL",1022400115,"FPTS","First FGM","Player","Game","Home/Away","Favorite/Underdog",0.1096,813,0.0909,1000,0.0187,0.0103,1.0262,1.08021052631579,2024-07-03 23:55:58,3,"Natasha Howard","Loss",0.2577,-0.2577,0.271263157894737,-0.271263157894737,"FPTS_Natasha Howard_2024-07-03"
2024-07-03,"ESPN","PHO @ DAL",1022400115,"FPTS","First Points","Player","Game","Home/Away","Favorite/Underdog",0.0712,1305,0.0588,1600,0.0123,0.0066,0.6554,0.689894736842105,2024-07-03 18:25:58,1,"Odyssey Sims","Loss",0.6554,-0.6554,0.689894736842105,-0.689894736842105,"FPTS_Odyssey Sims_2024-07-03"
2024-07-03,"Draft Kings","PHO @ DAL",1022400115,"FPTS","First FGM","Player","Game","Home/Away","Favorite/Underdog",0.0739,1253,0.0526,1800,0.0213,0.0112,1.1216,1.18063157894737,2024-07-03 23:55:58,12,"Odyssey Sims","Loss",0.4662,-0.4662,0.490736842105263,-0.490736842105263,"FPTS_Odyssey Sims_2024-07-03"
2024-07-03,"FanDuel","PHO @ DAL",1022400115,"FPTS Team","First Points","Player","Team","Home/Away","Favorite/Underdog",0.1424,602,0.1176,750,0.0247,0.014,1.401,0.921710526315789,2024-07-03 12:26:17,1,"Jacy Sheldon","Loss",1.401,-1.401,0.921710526315789,-0.921710526315789,"FPTS Team_Jacy Sheldon_2024-07-03"
2024-07-03,"MGM","PHO @ DAL",1022400115,"FPTS Team","First FGM","Player","Team","Home/Away","Favorite/Underdog",0.2596,285,0.2353,325,0.0243,0.0159,1.59,1.04605263157895,2024-07-03 20:55:58,1,"Kahleah Copper","Loss",1.59,-1.59,1.04605263157895,-1.04605263157895,"FPTS Team_Kahleah Copper_2024-07-03"
2024-07-03,"FanDuel","PHO @ DAL",1022400115,"FPTS Team","First Points","Player","Team","Home/Away","Favorite/Underdog",0.1443,593,0.125,700,0.0193,0.011,1.1005,0.724013157894737,2024-07-03 12:26:17,1,"Natasha Cloud","Loss",1.1005,-1.1005,0.724013157894737,-0.724013157894737,"FPTS Team_Natasha Cloud_2024-07-03"
2024-07-03,"FanDuel","PHO @ DAL",1022400115,"FPTS Team","First Points","Player","Team","Home/Away","Favorite/Underdog",0.1443,593,0.1176,750,0.0266,0.0151,1.508,0.992105263157895,2024-07-03 12:56:06,2,"Natasha Cloud","Loss",0.4075,-0.4075,0.268092105263158,-0.268092105263158,"FPTS Team_Natasha Cloud_2024-07-03"
2024-07-03,"FanDuel","PHO @ DAL",1022400115,"FPTS Team","First Points","Player","Team","Home/Away","Favorite/Underdog",0.1529,554,0.1429,600,0.0101,0.0059,0.5885,0.387171052631579,2024-07-03 12:26:17,1,"Rebecca Allen","Loss",0.5885,-0.5885,0.387171052631579,-0.387171052631579,"FPTS Team_Rebecca Allen_2024-07-03"
2024-07-03,"MGM","PHO @ DAL",1022400115,"FPTS Team","First FGM","Player","Team","Home/Away","Favorite/Underdog",0.1531,553,0.1333,650,0.0197,0.0114,1.1384,0.748947368421053,2024-07-03 20:55:58,18,"Rebecca Allen","Loss",0.5499,-0.5499,0.361776315789474,-0.361776315789474,"FPTS Team_Rebecca Allen_2024-07-03"
2024-07-04,"BetRivers","CON @ MIN",1022400116,"FPTS","First FGM","Player","Game","Home/Away","Favorite/Underdog",0.103,871,0.0769,1200,0.0261,0.0141,1.4146,1.48905263157895,2024-07-04 23:55:59,25,"DiJonai Carrington","Loss",1.4146,-1.4146,1.48905263157895,-1.48905263157895,"FPTS_DiJonai Carrington_2024-07-04"
2024-07-04,"MGM","CON @ MIN",1022400116,"FPTS Team","First FGM","Player","Team","Home/Away","Favorite/Underdog",0.1925,419,0.1818,450,0.0107,0.0066,0.6558,0.431447368421053,2024-07-04 13:26:00,1,"Alanna Smith","Loss",0.6558,-0.6558,0.431447368421053,-0.431447368421053,"FPTS Team_Alanna Smith_2024-07-04"
2024-07-04,"FanDuel","CON @ MIN",1022400116,"FPTS Team","First Points","Player","Team","Home/Away","Favorite/Underdog",0.1926,419,0.1786,460,0.0141,0.0086,0.8553,0.562697368421053,2024-07-04 15:02:27,5,"Alanna Smith","Loss",0.1995,-0.1995,0.13125,-0.13125,"FPTS Team_Alanna Smith_2024-07-04"
2024-07-04,"MGM","CON @ MIN",1022400116,"FPTS Team","First FGM","Player","Team","Home/Away","Favorite/Underdog",0.2124,371,0.1667,500,0.0457,0.0274,2.7417,1.80375,2024-07-04 13:26:00,1,"DiJonai Carrington","Loss",2.7417,-2.7417,1.80375,-1.80375,"FPTS Team_DiJonai Carrington_2024-07-04"
2024-07-04,"FanDuel","CON @ MIN",1022400116,"FPTS Team","First Points","Player","Team","Home/Away","Favorite/Underdog",0.218,359,0.1667,500,0.0513,0.0308,3.0773,2.02453947368421,2024-07-04 23:55:59,23,"DiJonai Carrington","Loss",0.3356,-0.3356,0.220789473684211,-0.220789473684211,"FPTS Team_DiJonai Carrington_2024-07-04"
2024-07-04,"Caesars","WAS @ LVA",1022400117,"FPTS","First Points","Player","Game","Home/Away","Favorite/Underdog",0.1235,710,0.0909,1000,0.0326,0.0179,1.7914,1.88568421052632,2024-07-05 01:55:59,24,"Aaliyah Edwards","Loss",1.7914,-1.7914,1.88568421052631,-1.88568421052631,"FPTS_Aaliyah Edwards_2024-07-04"
2024-07-04,"BetRivers","WAS @ LVA",1022400117,"FPTS","First FGM","Player","Game","Home/Away","Favorite/Underdog",0.0781,1181,0.0588,1600,0.0193,0.0102,1.0233,1.07715789473684,2024-07-05 01:55:59,1,"DiDi Richards","Loss",1.0233,-1.0233,1.07715789473684,-1.07715789473684,"FPTS_DiDi Richards_2024-07-04"
2024-07-04,"BetRivers","WAS @ LVA",1022400117,"FPTS","First FGM","Player","Game","Home/Away","Favorite/Underdog",0.0775,1191,0.0588,1600,0.0186,0.0099,0.9905,1.04263157894737,2024-07-04 12:26:10,1,"Julie Vanloo","Loss",0.49525,-0.49525,0.521315789473684,-0.521315789473684,"FPTS_Julie Vanloo_2024-07-04"
2024-07-04,"Draft Kings","WAS @ LVA",1022400117,"FPTS","First FGM","Player","Game","Home/Away","Favorite/Underdog",0.0775,1191,0.0588,1600,0.0186,0.0099,0.9905,1.04263157894737,2024-07-04 12:26:10,1,"Julie Vanloo","Loss",0.49525,-0.49525,0.521315789473684,-0.521315789473684,"FPTS_Julie Vanloo_2024-07-04"
2024-07-04,"BetRivers","WAS @ LVA",1022400117,"FPTS","First FGM","Player","Game","Home/Away","Favorite/Underdog",0.0789,1167,0.0588,1600,0.0201,0.0107,1.0682,1.12442105263158,2024-07-05 01:55:59,29,"Julie Vanloo","Loss",0.0777,-0.0777,0.0817894736842104,-0.0817894736842104,"FPTS_Julie Vanloo_2024-07-04"
2024-07-04,"Draft Kings","WAS @ LVA",1022400117,"FPTS","First FGM","Player","Game","Home/Away","Favorite/Underdog",0.073,1269,0.0476,2000,0.0254,0.0133,1.3347,1.40494736842105,2024-07-04 12:26:10,1,"Kiah Stokes","Loss",1.3347,-1.3347,1.40494736842105,-1.40494736842105,"FPTS_Kiah Stokes_2024-07-04"
2024-07-04,"Draft Kings","WAS @ LVA",1022400117,"FPTS","First FGM","Player","Game","Home/Away","Favorite/Underdog",0.1086,821,0.0833,1100,0.0253,0.0138,1.3794,1.452,2024-07-04 12:26:10,1,"Myisha Hines-Allen","Loss",1.3794,-1.3794,1.452,-1.452,"FPTS_Myisha Hines-Allen_2024-07-04"
2024-07-04,"Fanatics","WAS @ LVA",1022400117,"FPTS","First FGM","Player","Game","Home/Away","Favorite/Underdog",0.1086,821,0.0769,1200,0.0317,0.0172,1.717,1.80736842105263,2024-07-04 15:25:59,8,"Myisha Hines-Allen","Loss",0.3376,-0.3376,0.355368421052632,-0.355368421052632,"FPTS_Myisha Hines-Allen_2024-07-04"
2024-07-04,"MGM","WAS @ LVA",1022400117,"FPTS Team","First FGM","Player","Team","Home/Away","Favorite/Underdog",0.1535,551,0.1429,600,0.0107,0.0062,0.6232,0.41,2024-07-04 13:26:00,1,"Chelsea Gray","Loss",0.6232,-0.6232,0.41,-0.41,"FPTS Team_Chelsea Gray_2024-07-04"
2024-07-04,"MGM","WAS @ LVA",1022400117,"FPTS Team","First FGM","Player","Team","Home/Away","Favorite/Underdog",0.1633,512,0.1429,600,0.0205,0.0119,1.1947,0.785986842105263,2024-07-05 01:55:59,27,"Julie Vanloo","Loss",1.1947,-1.1947,0.785986842105263,-0.785986842105263,"FPTS Team_Julie Vanloo_2024-07-04"
2024-07-04,"MGM","WAS @ LVA",1022400117,"FPTS Team","First FGM","Player","Team","Home/Away","Favorite/Underdog",0.1413,607,0.0909,1000,0.0504,0.0277,2.774,1.825,2024-07-04 13:26:00,1,"Kiah Stokes","Loss",2.774,-2.774,1.825,-1.825,"FPTS Team_Kiah Stokes_2024-07-04"
2024-07-05,"Draft Kings","ATL @ DAL",1022400118,"FPTS","First FGM","Player","Game","Home/Away","Favorite/Underdog",0.0853,1073,0.0667,1400,0.0186,0.01,0.9963,1.04873684210526,2024-07-05 12:25:58,1,"Haley Jones","Loss",0.9963,-0.9963,1.04873684210526,-1.04873684210526,"FPTS_Haley Jones_2024-07-05"
2024-07-05,"BetRivers","ATL @ DAL",1022400118,"FPTS","First FGM","Player","Game","Home/Away","Favorite/Underdog",0.083,1105,0.0714,1300,0.0116,0.0062,0.6241,0.656947368421053,2024-07-05 12:25:58,1,"Jacy Sheldon","Loss",0.6241,-0.6241,0.656947368421053,-0.656947368421053,"FPTS_Jacy Sheldon_2024-07-05"
2024-07-05,"Draft Kings","ATL @ DAL",1022400118,"FPTS","First FGM","Player","Game","Home/Away","Favorite/Underdog",0.0869,1051,0.0556,1700,0.0313,0.0166,1.6577,1.74494736842105,2024-07-05 23:26:03,1,"Maya Caldwell","Loss",1.6577,-1.6577,1.74494736842105,-1.74494736842105,"FPTS_Maya Caldwell_2024-07-05"
2024-07-05,"ESPN","ATL @ DAL",1022400118,"FPTS","First Points","Player","Game","Home/Away","Favorite/Underdog",0.0779,1184,0.0667,1400,0.0112,0.006,0.6022,0.633894736842105,2024-07-05 14:25:58,1,"Nia Coffey","Loss",0.6022,-0.6022,0.633894736842105,-0.633894736842105,"FPTS_Nia Coffey_2024-07-05"
2024-07-05,"FanDuel","ATL @ DAL",1022400118,"FPTS","First Points","Player","Game","Home/Away","Favorite/Underdog",0.0775,1191,0.0625,1500,0.015,0.008,0.7977,0.839684210526316,2024-07-05 21:26:04,15,"Nia Coffey","Loss",0.1955,-0.1955,0.205789473684211,-0.205789473684211,"FPTS_Nia Coffey_2024-07-05"
2024-07-05,"MGM","ATL @ DAL",1022400118,"FPTS Team","First FGM","Player","Team","Home/Away","Favorite/Underdog",0.1733,477,0.1538,550,0.0194,0.0115,1.1474,0.754868421052632,2024-07-05 13:55:58,1,"Haley Jones","Loss",1.1474,-1.1474,0.754868421052632,-0.754868421052632,"FPTS Team_Haley Jones_2024-07-05"
2024-07-05,"FanDuel","ATL @ DAL",1022400118,"FPTS Team","First Points","Player","Team","Home/Away","Favorite/Underdog",0.1649,506,0.1429,600,0.022,0.0129,1.286,0.846052631578947,2024-07-05 15:26:16,4,"Haley Jones","Loss",0.1386,-0.1386,0.0911842105263159,-0.0911842105263159,"FPTS Team_Haley Jones_2024-07-05"
2024-07-05,"MGM","ATL @ DAL",1022400118,"FPTS Team","First FGM","Player","Team","Home/Away","Favorite/Underdog",0.1635,512,0.1333,650,0.0301,0.0174,1.738,1.14342105263158,2024-07-05 13:55:58,1,"Jacy Sheldon","Loss",1.738,-1.738,1.14342105263158,-1.14342105263158,"FPTS Team_Jacy Sheldon_2024-07-05"
2024-07-05,"FanDuel","ATL @ DAL",1022400118,"FPTS Team","First Points","Player","Team","Home/Away","Favorite/Underdog",0.1579,533,0.1429,600,0.0151,0.0088,0.8802,0.579078947368421,2024-07-05 20:26:05,1,"Nia Coffey","Win",0.8802,5.2812,0.579078947368421,3.47447368421053,"FPTS Team_Nia Coffey_2024-07-05"
2024-07-05,"BetRivers","ATL @ DAL",1022400118,"FTTS","First Points","Team","Quarter","Home/Away","Favorite/Underdog",0.4929,103,0.4651,115,0.0278,0.026,1.2981,0.947518248175182,2024-07-05 12:25:58,1,"1Q_ATL","Loss",1.2981,-1.2981,0.947518248175182,-0.947518248175182,"FTTS_1Q_ATL_2024-07-05"
2024-07-05,"Draft Kings","CHI @ SEA",1022400120,"FPTS","First FGM","Player","Game","Home/Away","Favorite/Underdog",0.0914,994,0.0769,1200,0.0145,0.0078,0.783,0.82421052631579,2024-07-05 12:25:58,1,"Jordan Horston","Loss",0.783,-0.783,0.82421052631579,-0.82421052631579,"FPTS_Jordan Horston_2024-07-05"
2024-07-05,"Caesars","CHI @ SEA",1022400120,"FPTS","First Points","Player","Game","Home/Away","Favorite/Underdog",0.0913,996,0.0667,1400,0.0246,0.0132,1.3181,1.38747368421053,2024-07-05 14:56:32,6,"Jordan Horston","Loss",0.5351,-0.5351,0.563263157894737,-0.563263157894737,"FPTS_Jordan Horston_2024-07-05"
2024-07-05,"BetRivers","CHI @ SEA",1022400120,"FPTS","First FGM","Player","Game","Home/Away","Favorite/Underdog",0.0832,1102,0.0526,1800,0.0306,0.0161,1.6128,1.69768421052632,2024-07-05 12:25:58,1,"Lindsay Allen","Loss",1.6128,-1.6128,1.69768421052632,-1.69768421052632,"FPTS_Lindsay Allen_2024-07-05"
2024-07-05,"FanDuel","CHI @ SEA",1022400120,"FPTS Team","First Points","Player","Team","Home/Away","Favorite/Underdog",0.206,385,0.1887,430,0.0173,0.0107,1.0671,0.70203947368421,2024-07-05 15:26:16,1,"Jewell Loyd","Loss",1.0671,-1.0671,0.70203947368421,-0.70203947368421,"FPTS Team_Jewell Loyd_2024-07-05"
2024-07-05,"FanDuel","CHI @ SEA",1022400120,"FPTS Team","First Points","Player","Team","Home/Away","Favorite/Underdog",0.206,385,0.1852,440,0.0208,0.0128,1.277,0.840131578947368,2024-07-05 20:56:04,12,"Jewell Loyd","Loss",0.2099,-0.2099,0.138092105263158,-0.138092105263158,"FPTS Team_Jewell Loyd_2024-07-05"
2024-07-05,"MGM","CHI @ SEA",1022400120,"FPTS Team","First FGM","Player","Team","Home/Away","Favorite/Underdog",0.165,506,0.1111,800,0.0539,0.0303,3.0301,1.99348684210526,2024-07-05 13:55:58,1,"Lindsay Allen","Loss",3.0301,-3.0301,1.99348684210526,-1.99348684210526,"FPTS Team_Lindsay Allen_2024-07-05"
2024-07-05,"BetRivers","CHI @ SEA",1022400120,"FTTS","First Points","Team","Quarter","Home/Away","Favorite/Underdog",0.4962,102,0.4167,140,0.0795,0.0681,3.4072,2.48700729927007,2024-07-05 12:25:58,1,"1Q_SEA","Win",3.4072,4.77008,2.48700729927007,3.4818102189781,"FTTS_1Q_SEA_2024-07-05"
2024-07-05,"BetRivers","LVA @ LAS",1022400119,"FPTS","First FGM","Player","Game","Home/Away","Favorite/Underdog",0.0917,991,0.0769,1200,0.0147,0.008,0.7985,0.840526315789474,2024-07-05 12:25:58,1,"Aari McDonald","Loss",0.7985,-0.7985,0.840526315789474,-0.840526315789474,"FPTS_Aari McDonald_2024-07-05"
2024-07-05,"MGM","LVA @ LAS",1022400119,"FPTS","First FGM","Player","Game","Home/Away","Favorite/Underdog",0.1254,697,0.1111,800,0.0143,0.0081,0.8052,0.847578947368421,2024-07-05 19:26:02,1,"Dearica Hamby","Loss",0.8052,-0.8052,0.847578947368421,-0.847578947368421,"FPTS_Dearica Hamby_2024-07-05"
2024-07-05,"BetRivers","LVA @ LAS",1022400119,"FPTS","First FGM","Player","Game","Home/Away","Favorite/Underdog",0.0931,974,0.0588,1600,0.0343,0.0182,1.8232,1.91915789473684,2024-07-05 12:25:58,1,"Kia Nurse","Loss",1.8232,-1.8232,1.91915789473684,-1.91915789473684,"FPTS_Kia Nurse_2024-07-05"
2024-07-05,"ESPN","LVA @ LAS",1022400119,"FPTS","First Points","Player","Game","Home/Away","Favorite/Underdog",0.0933,971,0.0588,1600,0.0345,0.0183,1.834,1.93052631578947,2024-07-05 14:25:58,5,"Kia Nurse","Loss",0.0108000000000001,-0.0108000000000001,0.0113684210526317,-0.0113684210526317,"FPTS_Kia Nurse_2024-07-05"
2024-07-05,"Draft Kings","LVA @ LAS",1022400119,"FPTS","First FGM","Player","Game","Home/Away","Favorite/Underdog",0.0739,1253,0.0476,2000,0.0263,0.0138,1.3791,1.45168421052632,2024-07-05 12:25:58,1,"Kiah Stokes","Loss",1.3791,-1.3791,1.45168421052632,-1.45168421052632,"FPTS_Kiah Stokes_2024-07-05"
2024-07-05,"ESPN","LVA @ LAS",1022400119,"FPTS","First Points","Player","Game","Home/Away","Favorite/Underdog",0.1104,806,0.1,900,0.0104,0.0058,0.5776,0.608,2024-07-05 14:25:58,1,"Rickea Jackson","Loss",0.5776,-0.5776,0.608,-0.608,"FPTS_Rickea Jackson_2024-07-05"
2024-07-05,"BetRivers","LVA @ LAS",1022400119,"FPTS","First FGM","Player","Game","Home/Away","Favorite/Underdog",0.0844,1085,0.0588,1600,0.0256,0.0136,1.3585,1.43,2024-07-05 12:25:58,1,"Stephanie Talbot","Loss",1.3585,-1.3585,1.43,-1.43,"FPTS_Stephanie Talbot_2024-07-05"
2024-07-05,"MGM","LVA @ LAS",1022400119,"FPTS Team","First FGM","Player","Team","Home/Away","Favorite/Underdog",0.1603,524,0.1429,600,0.0175,0.0102,1.019,0.670394736842105,2024-07-05 14:25:58,1,"Chelsea Gray","Loss",1.019,-1.019,0.670394736842105,-0.670394736842105,"FPTS Team_Chelsea Gray_2024-07-05"
2024-07-05,"FanDuel","LVA @ LAS",1022400119,"FPTS Team","First Points","Player","Team","Home/Away","Favorite/Underdog",0.1545,547,0.1333,650,0.0212,0.0122,1.2221,0.804013157894737,2024-07-05 15:26:16,3,"Chelsea Gray","Loss",0.2031,-0.2031,0.133618421052632,-0.133618421052632,"FPTS Team_Chelsea Gray_2024-07-05"
2024-07-05,"MGM","LVA @ LAS",1022400119,"FPTS Team","First FGM","Player","Team","Home/Away","Favorite/Underdog",0.1863,437,0.1538,550,0.0324,0.0192,1.9168,1.26105263157895,2024-07-05 14:25:58,1,"Kia Nurse","Loss",1.9168,-1.9168,1.26105263157895,-1.26105263157895,"FPTS Team_Kia Nurse_2024-07-05"
2024-07-05,"FanDuel","LVA @ LAS",1022400119,"FPTS Team","First Points","Player","Team","Home/Away","Favorite/Underdog",0.1867,436,0.1429,600,0.0438,0.0256,2.5566,1.68197368421053,2024-07-05 15:26:16,3,"Kia Nurse","Loss",0.6398,-0.6398,0.420921052631579,-0.420921052631579,"FPTS Team_Kia Nurse_2024-07-05"
2024-07-05,"MGM","LVA @ LAS",1022400119,"FPTS Team","First FGM","Player","Team","Home/Away","Favorite/Underdog",0.1478,577,0.0833,1100,0.0644,0.0351,3.515,2.3125,2024-07-05 14:25:58,1,"Kiah Stokes","Loss",3.515,-3.515,2.3125,-2.3125,"FPTS Team_Kiah Stokes_2024-07-05"
2024-07-05,"MGM","LVA @ LAS",1022400119,"FPTS Team","First FGM","Player","Team","Home/Away","Favorite/Underdog",0.1688,492,0.1429,600,0.0259,0.0151,1.5127,0.995197368421053,2024-07-05 14:25:58,1,"Stephanie Talbot","Loss",1.5127,-1.5127,0.995197368421053,-0.995197368421053,"FPTS Team_Stephanie Talbot_2024-07-05"
2024-07-05,"BetRivers","LVA @ LAS",1022400119,"FTTS","First Points","Team","Quarter","Home/Away","Favorite/Underdog",0.5,100,0.3922,155,0.1078,0.0887,4.4355,3.23759124087591,2024-07-05 12:25:58,1,"1Q_LAS","Loss",4.4355,-4.4355,3.23759124087591,-3.23759124087591,"FTTS_1Q_LAS_2024-07-05"
2024-07-06,"BetRivers","WAS @ MIN",1022400122,"FPTS","First FGM","Player","Game","Home/Away","Favorite/Underdog",0.1106,804,0.1,900,0.0106,0.0059,0.5901,0.621157894736842,2024-07-06 12:25:58,1,"Myisha Hines-Allen","Loss",0.5901,-0.5901,0.621157894736842,-0.621157894736842,"FPTS_Myisha Hines-Allen_2024-07-06"
2024-07-06,"FanDuel","WAS @ MIN",1022400122,"FPTS","First Points","Player","Game","Home/Away","Favorite/Underdog",0.1099,810,0.0952,950,0.0146,0.0081,0.8081,0.850631578947369,2024-07-06 12:55:57,2,"Myisha Hines-Allen","Loss",0.218,-0.218,0.229473684210526,-0.229473684210526,"FPTS_Myisha Hines-Allen_2024-07-06"
2024-07-06,"FanDuel","WAS @ MIN",1022400122,"FPTS Team","First Points","Player","Team","Home/Away","Favorite/Underdog",0.2197,355,0.2041,390,0.0156,0.0098,0.9825,0.646381578947368,2024-07-06 12:55:57,1,"Myisha Hines-Allen","Win",0.9825,3.83175,0.646381578947368,2.52088815789474,"FPTS Team_Myisha Hines-Allen_2024-07-06"
2024-07-06,"BetRivers","WAS @ MIN",1022400122,"FTTS","First Points","Team","Quarter","Home/Away","Favorite/Underdog",0.5,100,0.4878,105,0.0122,0.0119,0.5952,0.434452554744525,2024-07-06 12:25:58,1,"1Q_WAS","Loss",0.5952,-0.5952,0.434452554744525,-0.434452554744525,"FTTS_1Q_WAS_2024-07-06"
2024-07-07,"BetRivers","ATL @ CON",1022400123,"FPTS","First FGM","Player","Game","Home/Away","Favorite/Underdog",0.0954,949,0.0769,1200,0.0184,0.01,0.9988,1.05136842105263,2024-07-07 14:26:02,5,"Haley Jones","Loss",0.49425,-0.49425,0.520263157894737,-0.520263157894737,"FPTS_Haley Jones_2024-07-07"
2024-07-07,"Draft Kings","ATL @ CON",1022400123,"FPTS","First FGM","Player","Game","Home/Away","Favorite/Underdog",0.0954,949,0.0769,1200,0.0184,0.01,0.9988,1.05136842105263,2024-07-07 14:26:02,5,"Haley Jones","Loss",0.49425,-0.49425,0.520263157894737,-0.520263157894737,"FPTS_Haley Jones_2024-07-07"
2024-07-07,"MGM","ATL @ CON",1022400123,"FPTS","First FGM","Player","Game","Home/Away","Favorite/Underdog",0.0954,949,0.0769,1200,0.0184,0.01,0.9988,1.05136842105263,2024-07-07 14:26:02,5,"Haley Jones","Loss",0.0103,-0.0103,0.0108421052631578,-0.0108421052631578,"FPTS_Haley Jones_2024-07-07"
2024-07-07,"Fanatics","ATL @ CON",1022400123,"FPTS","First FGM","Player","Game","Home/Away","Favorite/Underdog",0.0915,993,0.0625,1500,0.029,0.0154,1.5445,1.62578947368421,2024-07-07 16:55:58,1,"Maya Caldwell","Loss",0.77225,-0.77225,0.812894736842105,-0.812894736842105,"FPTS_Maya Caldwell_2024-07-07"
2024-07-07,"MGM","ATL @ CON",1022400123,"FPTS","First FGM","Player","Game","Home/Away","Favorite/Underdog",0.0915,993,0.0625,1500,0.029,0.0154,1.5445,1.62578947368421,2024-07-07 16:55:58,1,"Maya Caldwell","Loss",0.77225,-0.77225,0.812894736842105,-0.812894736842105,"FPTS_Maya Caldwell_2024-07-07"
2024-07-07,"BetRivers","ATL @ CON",1022400123,"FPTS","First FGM","Player","Game","Home/Away","Favorite/Underdog",0.0891,1023,0.0667,1400,0.0224,0.012,1.2001,1.26326315789474,2024-07-07 12:26:19,1,"Nia Coffey","Loss",1.2001,-1.2001,1.26326315789474,-1.26326315789474,"FPTS_Nia Coffey_2024-07-07"
2024-07-07,"FanDuel","ATL @ CON",1022400123,"FPTS Team","First Points","Player","Team","Home/Away","Favorite/Underdog",0.2087,379,0.1538,550,0.0549,0.0324,3.2419,2.13282894736842,2024-07-07 12:26:19,1,"DiJonai Carrington","Loss",3.2419,-3.2419,2.13282894736842,-2.13282894736842,"FPTS Team_DiJonai Carrington_2024-07-07"
2024-07-07,"MGM","ATL @ CON",1022400123,"FPTS Team","First FGM","Player","Team","Home/Away","Favorite/Underdog",0.1684,494,0.1538,550,0.0145,0.0086,0.8594,0.565394736842105,2024-07-07 13:56:03,1,"Haley Jones","Loss",0.8594,-0.8594,0.565394736842105,-0.565394736842105,"FPTS Team_Haley Jones_2024-07-07"
2024-07-07,"FanDuel","ATL @ CON",1022400123,"FPTS Team","First Points","Player","Team","Home/Away","Favorite/Underdog",0.1689,492,0.1,900,0.0689,0.0383,3.8298,2.5196052631579,2024-07-07 16:55:58,1,"Maya Caldwell","Loss",3.8298,-3.8298,2.5196052631579,-2.5196052631579,"FPTS Team_Maya Caldwell_2024-07-07"
2024-07-07,"MGM","ATL @ CON",1022400123,"FPTS Team","First FGM","Player","Team","Home/Away","Favorite/Underdog",0.1582,532,0.1429,600,0.0154,0.009,0.8963,0.589671052631579,2024-07-07 13:56:03,1,"Nia Coffey","Win",0.8963,5.3778,0.589671052631579,3.53802631578947,"FPTS Team_Nia Coffey_2024-07-07"
2024-07-07,"MGM","ATL @ CON",1022400123,"FPTS Team","First FGM","Player","Team","Home/Away","Favorite/Underdog",0.1572,536,0.1176,750,0.0396,0.0224,2.2417,1.47480263157895,2024-07-07 13:56:03,1,"Tyasha Harris","Loss",2.2417,-2.2417,1.47480263157895,-1.47480263157895,"FPTS Team_Tyasha Harris_2024-07-07"
2024-07-07,"BetRivers","ATL @ CON",1022400123,"FTTS","First Points","Team","Quarter","Home/Away","Favorite/Underdog",0.5599,-127,0.495,102,0.0648,0.0642,3.2096,2.34277372262774,2024-07-07 14:26:02,5,"1Q_ATL","Loss",3.2096,-3.2096,2.34277372262774,-2.34277372262774,"FTTS_1Q_ATL_2024-07-07"
2024-07-07,"BetRivers","CHI @ SEA",1022400125,"FPTS","First FGM","Player","Game","Home/Away","Favorite/Underdog",0.1445,592,0.125,700,0.0195,0.0111,1.1138,1.17242105263158,2024-07-07 12:26:19,1,"Angel Reese","Loss",1.1138,-1.1138,1.17242105263158,-1.17242105263158,"FPTS_Angel Reese_2024-07-07"
2024-07-07,"FanDuel","CHI @ SEA",1022400125,"FPTS","First Points","Player","Game","Home/Away","Favorite/Underdog",0.1491,571,0.1176,750,0.0314,0.0178,1.7816,1.87536842105263,2024-07-07 13:26:04,3,"Angel Reese","Loss",0.6678,-0.6678,0.702947368421053,-0.702947368421053,"FPTS_Angel Reese_2024-07-07"
2024-07-07,"Draft Kings","CHI @ SEA",1022400125,"FPTS","First FGM","Player","Game","Home/Away","Favorite/Underdog",0.0947,956,0.0769,1200,0.0178,0.0096,0.9647,1.01547368421053,2024-07-07 14:56:00,1,"Jordan Horston","Loss",0.9647,-0.9647,1.01547368421053,-1.01547368421053,"FPTS_Jordan Horston_2024-07-07"
2024-07-07,"Caesars","CHI @ SEA",1022400125,"FPTS","First Points","Player","Game","Home/Away","Favorite/Underdog",0.0952,951,0.0769,1200,0.0182,0.0099,0.9874,1.03936842105263,2024-07-07 15:26:00,2,"Jordan Horston","Loss",0.0227000000000001,-0.0227000000000001,0.0238947368421052,-0.0238947368421052,"FPTS_Jordan Horston_2024-07-07"
2024-07-07,"Draft Kings","CHI @ SEA",1022400125,"FPTS","First FGM","Player","Game","Home/Away","Favorite/Underdog",0.0891,1023,0.0769,1200,0.0121,0.0066,0.6579,0.692526315789474,2024-07-07 13:26:04,3,"Lindsay Allen","Loss",0.6579,-0.6579,0.692526315789473,-0.692526315789473,"FPTS_Lindsay Allen_2024-07-07"
2024-07-07,"FanDuel","CHI @ SEA",1022400125,"FPTS Team","First Points","Player","Team","Home/Away","Favorite/Underdog",0.2012,397,0.1754,470,0.0258,0.0156,1.5629,1.02822368421053,2024-07-07 21:26:08,13,"Jewell Loyd","Loss",0.1847,-0.1847,0.121513157894737,-0.121513157894737,"FPTS Team_Jewell Loyd_2024-07-07"
2024-07-07,"FanDuel","CHI @ SEA",1022400125,"FPTS Team","First Points","Player","Team","Home/Away","Favorite/Underdog",0.2012,397,0.1786,460,0.0226,0.0138,1.3782,0.90671052631579,2024-07-07 18:26:12,7,"Jewell Loyd","Loss",0.6058,-0.6058,0.398552631578948,-0.398552631578948,"FPTS Team_Jewell Loyd_2024-07-07"
2024-07-07,"FanDuel","CHI @ SEA",1022400125,"FPTS Team","First Points","Player","Team","Home/Away","Favorite/Underdog",0.2012,397,0.1887,430,0.0125,0.0077,0.7724,0.508157894736842,2024-07-07 14:56:00,1,"Jewell Loyd","Loss",0.7724,-0.7724,0.508157894736842,-0.508157894736842,"FPTS Team_Jewell Loyd_2024-07-07"
2024-07-07,"FanDuel","CHI @ SEA",1022400125,"FPTS Team","First Points","Player","Team","Home/Away","Favorite/Underdog",0.1882,431,0.1538,550,0.0344,0.0203,2.0329,1.33743421052632,2024-07-07 19:26:10,13,"Jordan Horston","Loss",0.738,-0.738,0.485526315789474,-0.485526315789474,"FPTS Team_Jordan Horston_2024-07-07"
2024-07-07,"FanDuel","CHI @ SEA",1022400125,"FPTS Team","First Points","Player","Team","Home/Away","Favorite/Underdog",0.1882,431,0.1667,500,0.0216,0.0129,1.2949,0.851907894736842,2024-07-07 18:26:12,11,"Jordan Horston","Loss",0.0742,-0.0742,0.0488157894736843,-0.0488157894736843,"FPTS Team_Jordan Horston_2024-07-07"
2024-07-07,"FanDuel","CHI @ SEA",1022400125,"FPTS Team","First Points","Player","Team","Home/Away","Favorite/Underdog",0.1882,431,0.1695,490,0.0188,0.0113,1.1293,0.74296052631579,2024-07-07 13:26:04,1,"Jordan Horston","Loss",1.1293,-1.1293,0.74296052631579,-0.74296052631579,"FPTS Team_Jordan Horston_2024-07-07"
2024-07-07,"MGM","CHI @ SEA",1022400125,"FPTS Team","First FGM","Player","Team","Home/Away","Favorite/Underdog",0.187,435,0.1667,500,0.0203,0.0122,1.2207,0.803092105263158,2024-07-07 14:26:02,3,"Jordan Horston","Loss",0.0913999999999999,-0.0913999999999999,0.0601315789473683,-0.0601315789473683,"FPTS Team_Jordan Horston_2024-07-07"
2024-07-07,"FanDuel","CHI @ SEA",1022400125,"FPTS Team","First Points","Player","Team","Home/Away","Favorite/Underdog",0.1348,642,0.0909,1000,0.0439,0.0241,2.4147,1.58861842105263,2024-07-07 13:26:04,1,"Lindsay Allen","Loss",2.4147,-2.4147,1.58861842105263,-1.58861842105263,"FPTS Team_Lindsay Allen_2024-07-07"
2024-07-07,"BetRivers","CHI @ SEA",1022400125,"FTTS","First Points","Team","Quarter","Home/Away","Favorite/Underdog",0.5635,-129,0.5,100,0.0635,0.0635,3.1746,2.31722627737226,2024-07-07 13:26:04,3,"1Q_CHI","Win",3.1746,3.1746,2.31722627737226,2.31722627737226,"FTTS_1Q_CHI_2024-07-07"
2024-07-07,"Draft Kings","DAL @ LVA",1022400124,"FPTS","First FGM","Player","Game","Home/Away","Favorite/Underdog",0.0773,1194,0.0667,1400,0.0106,0.0057,0.5687,0.598631578947368,2024-07-07 13:26:04,1,"Jacy Sheldon","Loss",0.5687,-0.5687,0.598631578947368,-0.598631578947368,"FPTS_Jacy Sheldon_2024-07-07"
2024-07-07,"Draft Kings","DAL @ LVA",1022400124,"FPTS","First FGM","Player","Game","Home/Away","Favorite/Underdog",0.1186,743,0.1053,850,0.0133,0.0074,0.7437,0.782842105263158,2024-07-07 12:26:19,1,"Natasha Howard","Loss",0.7437,-0.7437,0.782842105263158,-0.782842105263158,"FPTS_Natasha Howard_2024-07-07"
2024-07-07,"BetRivers","DAL @ LVA",1022400124,"FPTS","First FGM","Player","Game","Home/Away","Favorite/Underdog",0.077,1198,0.0667,1400,0.0104,0.0056,0.5557,0.584947368421053,2024-07-07 12:56:03,1,"Odyssey Sims","Loss",0.27785,-0.27785,0.292473684210526,-0.292473684210526,"FPTS_Odyssey Sims_2024-07-07"
2024-07-07,"Draft Kings","DAL @ LVA",1022400124,"FPTS","First FGM","Player","Game","Home/Away","Favorite/Underdog",0.077,1198,0.0667,1400,0.0104,0.0056,0.5557,0.584947368421053,2024-07-07 12:56:03,1,"Odyssey Sims","Loss",0.27785,-0.27785,0.292473684210526,-0.292473684210526,"FPTS_Odyssey Sims_2024-07-07"
2024-07-07,"FanDuel","DAL @ LVA",1022400124,"FPTS","First Points","Player","Game","Home/Away","Favorite/Underdog",0.0744,1244,0.05,1900,0.0244,0.0128,1.2831,1.35063157894737,2024-07-07 18:26:12,12,"Odyssey Sims","Loss",0.2866,-0.2866,0.301684210526316,-0.301684210526316,"FPTS_Odyssey Sims_2024-07-07"
2024-07-07,"FanDuel","DAL @ LVA",1022400124,"FPTS","First Points","Player","Game","Home/Away","Favorite/Underdog",0.0744,1244,0.0556,1700,0.0188,0.01,0.9965,1.04894736842105,2024-07-07 17:56:15,11,"Odyssey Sims","Loss",0.118,-0.118,0.124210526315789,-0.124210526315789,"FPTS_Odyssey Sims_2024-07-07"
2024-07-07,"FanDuel","DAL @ LVA",1022400124,"FPTS","First Points","Player","Game","Home/Away","Favorite/Underdog",0.0754,1227,0.0588,1600,0.0165,0.0088,0.8785,0.924736842105263,2024-07-07 13:26:04,2,"Odyssey Sims","Loss",0.3228,-0.3228,0.33978947368421,-0.33978947368421,"FPTS_Odyssey Sims_2024-07-07"
2024-07-07,"FanDuel","DAL @ LVA",1022400124,"FPTS Team","First Points","Player","Team","Home/Away","Favorite/Underdog",0.1784,460,0.1667,500,0.0118,0.0071,0.7062,0.464605263157895,2024-07-07 13:26:04,1,"Jackie Young","Loss",0.7062,-0.7062,0.464605263157895,-0.464605263157895,"FPTS Team_Jackie Young_2024-07-07"
2024-07-07,"FanDuel","DAL @ LVA",1022400124,"FPTS Team","First Points","Player","Team","Home/Away","Favorite/Underdog",0.1533,552,0.125,700,0.0283,0.0162,1.6152,1.06263157894737,2024-07-07 13:26:04,1,"Odyssey Sims","Loss",1.6152,-1.6152,1.06263157894737,-1.06263157894737,"FPTS Team_Odyssey Sims_2024-07-07"
2024-07-07,"FanDuel","DAL @ LVA",1022400124,"FPTS Team","First Points","Player","Team","Home/Away","Favorite/Underdog",0.1533,552,0.1176,750,0.0356,0.0202,2.0184,1.32789473684211,2024-07-07 17:56:15,10,"Odyssey Sims","Loss",0.4032,-0.4032,0.265263157894737,-0.265263157894737,"FPTS Team_Odyssey Sims_2024-07-07"
2024-07-07,"Draft Kings","PHO @ LAS",1022400126,"FPTS","First FGM","Player","Game","Home/Away","Favorite/Underdog",0.0978,922,0.0833,1100,0.0145,0.0079,0.7915,0.833157894736842,2024-07-07 12:26:19,1,"Aari McDonald","Loss",0.7915,-0.7915,0.833157894736842,-0.833157894736842,"FPTS_Aari McDonald_2024-07-07"
2024-07-07,"FanDuel","PHO @ LAS",1022400126,"FPTS","First Points","Player","Game","Home/Away","Favorite/Underdog",0.0906,1004,0.0625,1500,0.0281,0.015,1.4994,1.57831578947368,2024-07-07 21:56:04,2,"Aari McDonald","Loss",0.7079,-0.7079,0.745157894736842,-0.745157894736842,"FPTS_Aari McDonald_2024-07-07"
2024-07-07,"Draft Kings","PHO @ LAS",1022400126,"FPTS","First FGM","Player","Game","Home/Away","Favorite/Underdog",0.1387,621,0.1176,750,0.0211,0.012,1.1956,1.25852631578947,2024-07-07 12:26:19,1,"Dearica Hamby","Win",1.1956,8.967,1.25852631578947,9.43894736842105,"FPTS_Dearica Hamby_2024-07-07"
2024-07-07,"FanDuel","PHO @ LAS",1022400126,"FPTS","First Points","Player","Game","Home/Away","Favorite/Underdog",0.1308,665,0.1053,850,0.0255,0.0143,1.4271,1.50221052631579,2024-07-07 22:26:04,3,"Dearica Hamby","Loss",0.2315,-0.2315,0.243684210526316,-0.243684210526316,"FPTS_Dearica Hamby_2024-07-07"
2024-07-07,"Draft Kings","PHO @ LAS",1022400126,"FPTS","First FGM","Player","Game","Home/Away","Favorite/Underdog",0.096,942,0.0769,1200,0.019,0.0103,1.031,1.08526315789474,2024-07-07 12:26:19,1,"Kia Nurse","Loss",1.031,-1.031,1.08526315789474,-1.08526315789474,"FPTS_Kia Nurse_2024-07-07"
2024-07-07,"FanDuel","PHO @ LAS",1022400126,"FPTS","First Points","Player","Game","Home/Away","Favorite/Underdog",0.0769,1201,0.0556,1700,0.0213,0.0113,1.1291,1.18852631578947,2024-07-07 22:56:05,1,"Natasha Cloud","Loss",1.1291,-1.1291,1.18852631578947,-1.18852631578947,"FPTS_Natasha Cloud_2024-07-07"
2024-07-07,"Draft Kings","PHO @ LAS",1022400126,"FPTS","First FGM","Player","Game","Home/Away","Favorite/Underdog",0.1115,797,0.0952,950,0.0163,0.009,0.8995,0.946842105263158,2024-07-07 12:26:19,1,"Rickea Jackson","Loss",0.8995,-0.8995,0.946842105263158,-0.946842105263158,"FPTS_Rickea Jackson_2024-07-07"
2024-07-07,"Draft Kings","PHO @ LAS",1022400126,"FPTS","First FGM","Player","Game","Home/Away","Favorite/Underdog",0.0884,1031,0.0588,1600,0.0296,0.0157,1.5722,1.65494736842105,2024-07-07 12:26:19,1,"Stephanie Talbot","Loss",1.5722,-1.5722,1.65494736842105,-1.65494736842105,"FPTS_Stephanie Talbot_2024-07-07"
2024-07-07,"FanDuel","PHO @ LAS",1022400126,"FPTS Team","First Points","Player","Team","Home/Away","Favorite/Underdog",0.1812,452,0.1695,490,0.0117,0.0071,0.7065,0.464802631578947,2024-07-07 13:26:04,1,"Aari McDonald","Win",0.7065,3.46185,0.464802631578947,2.27753289473684,"FPTS Team_Aari McDonald_2024-07-07"
2024-07-07,"MGM","PHO @ LAS",1022400126,"FPTS Team","First FGM","Player","Team","Home/Away","Favorite/Underdog",0.1833,446,0.1667,500,0.0166,0.01,0.9976,0.656315789473684,2024-07-07 14:26:02,3,"Aari McDonald","Loss",0.2911,-0.2911,0.191513157894737,-0.191513157894737,"FPTS Team_Aari McDonald_2024-07-07"
2024-07-07,"MGM","PHO @ LAS",1022400126,"FPTS Team","First FGM","Player","Team","Home/Away","Favorite/Underdog",0.2609,283,0.2353,325,0.0256,0.0167,1.6746,1.10171052631579,2024-07-07 22:56:05,18,"Kahleah Copper","Loss",1.6746,-1.6746,1.10171052631579,-1.10171052631579,"FPTS Team_Kahleah Copper_2024-07-07"
2024-07-07,"FanDuel","PHO @ LAS",1022400126,"FPTS Team","First Points","Player","Team","Home/Away","Favorite/Underdog",0.1538,550,0.0909,1000,0.0629,0.0346,3.4572,2.27447368421053,2024-07-07 22:56:05,18,"Natasha Cloud","Loss",0.9585,-0.9585,0.630592105263158,-0.630592105263158,"FPTS Team_Natasha Cloud_2024-07-07"
2024-07-07,"FanDuel","PHO @ LAS",1022400126,"FPTS Team","First Points","Player","Team","Home/Away","Favorite/Underdog",0.1555,543,0.1111,800,0.0444,0.025,2.4987,1.64388157894737,2024-07-07 21:56:04,16,"Natasha Cloud","Loss",0.1731,-0.1731,0.113881578947368,-0.113881578947368,"FPTS Team_Natasha Cloud_2024-07-07"
2024-07-07,"MGM","PHO @ LAS",1022400126,"FPTS Team","First FGM","Player","Team","Home/Away","Favorite/Underdog",0.1525,556,0.1111,800,0.0413,0.0233,2.3256,1.53,2024-07-07 14:26:02,1,"Natasha Cloud","Win",2.3256,18.6048,1.53,12.24,"FPTS Team_Natasha Cloud_2024-07-07"
2024-07-09,"FanDuel","MIN @ LAS",1022400127,"FPTS","First Points","Player","Game","Home/Away","Favorite/Underdog",0.1055,848,0.0952,950,0.0102,0.0057,0.5654,0.595157894736842,2024-07-09 16:26:37,1,"Alanna Smith","Loss",0.5654,-0.5654,0.595157894736842,-0.595157894736842,"FPTS_Alanna Smith_2024-07-09"
2024-07-09,"FanDuel","MIN @ LAS",1022400127,"FPTS","First Points","Player","Game","Home/Away","Favorite/Underdog",0.1264,691,0.0909,1000,0.0355,0.0195,1.9515,2.05421052631579,2024-07-10 01:56:33,1,"Azurá Stevens","Loss",1.9515,-1.9515,2.05421052631579,-2.05421052631579,"FPTS_Azurá Stevens_2024-07-09"
2024-07-09,"FanDuel","MIN @ LAS",1022400127,"FPTS Team","First Points","Player","Team","Home/Away","Favorite/Underdog",0.2183,358,0.1961,410,0.0222,0.0138,1.3813,0.90875,2024-07-09 16:26:37,1,"Alanna Smith","Loss",1.3813,-1.3813,0.90875,-0.90875,"FPTS Team_Alanna Smith_2024-07-09"
2024-07-09,"FanDuel","MIN @ LAS",1022400127,"FPTS Team","First Points","Player","Team","Home/Away","Favorite/Underdog",0.2445,309,0.1667,500,0.0779,0.0467,4.673,3.07434210526316,2024-07-10 01:56:33,1,"Azurá Stevens","Win",4.673,23.365,3.07434210526316,15.3717105263158,"FPTS Team_Azurá Stevens_2024-07-09"
2024-07-09,"FanDuel","MIN @ LAS",1022400127,"FPTS Team","First Points","Player","Team","Home/Away","Favorite/Underdog",0.2239,347,0.2128,370,0.0112,0.0071,0.7089,0.466381578947368,2024-07-09 16:26:37,1,"Courtney Williams","Loss",0.7089,-0.7089,0.466381578947368,-0.466381578947368,"FPTS Team_Courtney Williams_2024-07-09"
2024-07-09,"FanDuel","MIN @ LAS",1022400127,"FPTS Team","First Points","Player","Team","Home/Away","Favorite/Underdog",0.2239,347,0.2083,380,0.0156,0.0098,0.9849,0.64796052631579,2024-07-09 19:26:26,3,"Courtney Williams","Loss",0.276,-0.276,0.181578947368421,-0.181578947368421,"FPTS Team_Courtney Williams_2024-07-09"
2024-07-09,"FanDuel","MIN @ LAS",1022400127,"FPTS Team","First Points","Player","Team","Home/Away","Favorite/Underdog",0.1787,460,0.1667,500,0.012,0.0072,0.7196,0.473421052631579,2024-07-09 16:56:30,1,"Kia Nurse","Loss",0.7196,-0.7196,0.473421052631579,-0.473421052631579,"FPTS Team_Kia Nurse_2024-07-09"
2024-07-10,"Draft Kings","ATL @ CHI",1022400130,"FPTS","First FGM","Player","Game","Home/Away","Favorite/Underdog",0.0818,1122,0.0556,1700,0.0263,0.0139,1.391,1.46421052631579,2024-07-10 12:26:29,1,"Haley Jones","Loss",0.6955,-0.6955,0.732105263157895,-0.732105263157895,"FPTS_Haley Jones_2024-07-10"
2024-07-10,"Fanatics","ATL @ CHI",1022400130,"FPTS","First FGM","Player","Game","Home/Away","Favorite/Underdog",0.0818,1122,0.0556,1700,0.0263,0.0139,1.391,1.46421052631579,2024-07-10 12:26:29,1,"Haley Jones","Loss",0.6955,-0.6955,0.732105263157895,-0.732105263157895,"FPTS_Haley Jones_2024-07-10"
2024-07-10,"BetRivers","ATL @ CHI",1022400130,"FPTS","First FGM","Player","Game","Home/Away","Favorite/Underdog",0.0837,1095,0.0556,1700,0.0281,0.0149,1.488,1.56631578947368,2024-07-10 12:26:29,1,"Lindsay Allen","Loss",1.488,-1.488,1.56631578947368,-1.56631578947368,"FPTS_Lindsay Allen_2024-07-10"
2024-07-10,"Draft Kings","ATL @ CHI",1022400130,"FPTS","First FGM","Player","Game","Home/Away","Favorite/Underdog",0.0841,1089,0.0476,2000,0.0365,0.0191,1.915,2.01578947368421,2024-07-10 12:26:29,1,"Maya Caldwell","Loss",0.9575,-0.9575,1.00789473684211,-1.00789473684211,"FPTS_Maya Caldwell_2024-07-10"
2024-07-10,"Fanatics","ATL @ CHI",1022400130,"FPTS","First FGM","Player","Game","Home/Away","Favorite/Underdog",0.0841,1089,0.0476,2000,0.0365,0.0191,1.915,2.01578947368421,2024-07-10 12:26:29,1,"Maya Caldwell","Loss",0.9575,-0.9575,1.00789473684211,-1.00789473684211,"FPTS_Maya Caldwell_2024-07-10"
2024-07-10,"Draft Kings","ATL @ CHI",1022400130,"FPTS","First FGM","Player","Game","Home/Away","Favorite/Underdog",0.0784,1176,0.0588,1600,0.0196,0.0104,1.0399,1.09463157894737,2024-07-10 12:26:29,1,"Nia Coffey","Loss",0.51995,-0.51995,0.547315789473684,-0.547315789473684,"FPTS_Nia Coffey_2024-07-10"
2024-07-10,"Fanatics","ATL @ CHI",1022400130,"FPTS","First FGM","Player","Game","Home/Away","Favorite/Underdog",0.0784,1176,0.0588,1600,0.0196,0.0104,1.0399,1.09463157894737,2024-07-10 12:26:29,1,"Nia Coffey","Loss",0.51995,-0.51995,0.547315789473684,-0.547315789473684,"FPTS_Nia Coffey_2024-07-10"
2024-07-10,"MGM","ATL @ CHI",1022400130,"FPTS Team","First FGM","Player","Team","Home/Away","Favorite/Underdog",0.1674,497,0.1429,600,0.0246,0.0143,1.4339,0.943355263157895,2024-07-10 14:26:20,1,"Haley Jones","Loss",1.4339,-1.4339,0.943355263157895,-0.943355263157895,"FPTS Team_Haley Jones_2024-07-10"
2024-07-10,"FanDuel","ATL @ CHI",1022400130,"FPTS Team","First Points","Player","Team","Home/Away","Favorite/Underdog",0.1355,638,0.0909,1000,0.0446,0.0245,2.452,1.61315789473684,2024-07-10 12:26:29,1,"Lindsay Allen","Loss",2.452,-2.452,1.61315789473684,-1.61315789473684,"FPTS Team_Lindsay Allen_2024-07-10"
2024-07-10,"MGM","ATL @ CHI",1022400130,"FPTS Team","First FGM","Player","Team","Home/Away","Favorite/Underdog",0.1636,511,0.1053,850,0.0584,0.0326,3.2617,2.14585526315789,2024-07-10 14:26:20,5,"Lindsay Allen","Loss",0.8097,-0.8097,0.532697368421053,-0.532697368421053,"FPTS Team_Lindsay Allen_2024-07-10"
2024-07-10,"FanDuel","ATL @ CHI",1022400130,"FPTS Team","First Points","Player","Team","Home/Away","Favorite/Underdog",0.1752,471,0.0833,1100,0.0919,0.0501,5.0132,3.29815789473684,2024-07-10 15:26:19,7,"Maya Caldwell","Loss",0.3749,-0.3749,0.246644736842105,-0.246644736842105,"FPTS Team_Maya Caldwell_2024-07-10"
2024-07-10,"FanDuel","ATL @ CHI",1022400130,"FPTS Team","First Points","Player","Team","Home/Away","Favorite/Underdog",0.1752,471,0.0909,1000,0.0843,0.0464,4.6383,3.05151315789474,2024-07-10 14:26:20,5,"Maya Caldwell","Loss",0.217000000000001,-0.217000000000001,0.142763157894737,-0.142763157894737,"FPTS Team_Maya Caldwell_2024-07-10"
2024-07-10,"FanDuel","ATL @ CHI",1022400130,"FPTS Team","First Points","Player","Team","Home/Away","Favorite/Underdog",0.1752,471,0.0952,950,0.08,0.0442,4.4213,2.90875,2024-07-10 12:26:29,1,"Maya Caldwell","Loss",4.4213,-4.4213,2.90875,-2.90875,"FPTS Team_Maya Caldwell_2024-07-10"
2024-07-10,"FanDuel","ATL @ CHI",1022400130,"FPTS Team","First Points","Player","Team","Home/Away","Favorite/Underdog",0.1541,549,0.1333,650,0.0208,0.012,1.2003,0.789671052631579,2024-07-10 14:56:19,4,"Nia Coffey","Loss",0.1761,-0.1761,0.115855263157895,-0.115855263157895,"FPTS Team_Nia Coffey_2024-07-10"
2024-07-10,"FanDuel","ATL @ CHI",1022400130,"FPTS Team","First Points","Player","Team","Home/Away","Favorite/Underdog",0.1541,549,0.1429,600,0.0113,0.0066,0.6581,0.432960526315789,2024-07-10 12:26:29,1,"Nia Coffey","Loss",0.6581,-0.6581,0.432960526315789,-0.432960526315789,"FPTS Team_Nia Coffey_2024-07-10"
2024-07-10,"MGM","ATL @ CHI",1022400130,"FPTS Team","First FGM","Player","Team","Home/Away","Favorite/Underdog",0.1604,523,0.1429,600,0.0176,0.0102,1.0242,0.673815789473684,2024-07-10 14:26:20,3,"Nia Coffey","Loss",0.3661,-0.3661,0.240855263157895,-0.240855263157895,"FPTS Team_Nia Coffey_2024-07-10"
2024-07-10,"Draft Kings","DAL @ PHO",1022400132,"FPTS","First FGM","Player","Game","Home/Away","Favorite/Underdog",0.0754,1226,0.0556,1700,0.0199,0.0105,1.0518,1.10715789473684,2024-07-10 12:26:29,1,"Jacy Sheldon","Loss",0.5259,-0.5259,0.553578947368421,-0.553578947368421,"FPTS_Jacy Sheldon_2024-07-10"
2024-07-10,"Fanatics","DAL @ PHO",1022400132,"FPTS","First FGM","Player","Game","Home/Away","Favorite/Underdog",0.0754,1226,0.0556,1700,0.0199,0.0105,1.0518,1.10715789473684,2024-07-10 12:26:29,1,"Jacy Sheldon","Loss",0.5259,-0.5259,0.553578947368421,-0.553578947368421,"FPTS_Jacy Sheldon_2024-07-10"
2024-07-10,"BetRivers","DAL @ PHO",1022400132,"FPTS","First FGM","Player","Game","Home/Away","Favorite/Underdog",0.08,1150,0.0625,1500,0.0175,0.0093,0.9322,0.981263157894737,2024-07-10 19:26:08,1,"Mikiah Herbert Harrigan","Loss",0.9322,-0.9322,0.981263157894737,-0.981263157894737,"FPTS_Mikiah Herbert Harrigan_2024-07-10"
2024-07-10,"Draft Kings","DAL @ PHO",1022400132,"FPTS","First FGM","Player","Game","Home/Away","Favorite/Underdog",0.1215,723,0.0952,950,0.0263,0.0145,1.4523,1.52873684210526,2024-07-10 12:26:29,1,"Natasha Howard","Loss",0.72615,-0.72615,0.764368421052632,-0.764368421052632,"FPTS_Natasha Howard_2024-07-10"
2024-07-10,"Fanatics","DAL @ PHO",1022400132,"FPTS","First FGM","Player","Game","Home/Away","Favorite/Underdog",0.1215,723,0.0952,950,0.0263,0.0145,1.4523,1.52873684210526,2024-07-10 12:26:29,1,"Natasha Howard","Loss",0.72615,-0.72615,0.764368421052632,-0.764368421052632,"FPTS_Natasha Howard_2024-07-10"
2024-07-10,"Draft Kings","DAL @ PHO",1022400132,"FPTS","First FGM","Player","Game","Home/Away","Favorite/Underdog",0.0773,1194,0.0625,1500,0.0148,0.0079,0.7873,0.828736842105263,2024-07-10 12:26:29,1,"Odyssey Sims","Loss",0.39365,-0.39365,0.414368421052632,-0.414368421052632,"FPTS_Odyssey Sims_2024-07-10"
2024-07-10,"Fanatics","DAL @ PHO",1022400132,"FPTS","First FGM","Player","Game","Home/Away","Favorite/Underdog",0.0773,1194,0.0625,1500,0.0148,0.0079,0.7873,0.828736842105263,2024-07-10 12:26:29,1,"Odyssey Sims","Loss",0.39365,-0.39365,0.414368421052632,-0.414368421052632,"FPTS_Odyssey Sims_2024-07-10"
2024-07-10,"FanDuel","DAL @ PHO",1022400132,"FPTS","First Points","Player","Game","Home/Away","Favorite/Underdog",0.0911,998,0.0769,1200,0.0142,0.0077,0.7688,0.809263157894737,2024-07-10 16:26:22,1,"Rebecca Allen","Loss",0.7688,-0.7688,0.809263157894737,-0.809263157894737,"FPTS_Rebecca Allen_2024-07-10"
2024-07-10,"FanDuel","DAL @ PHO",1022400132,"FPTS","First Points","Player","Game","Home/Away","Favorite/Underdog",0.1118,794,0.1,900,0.0118,0.0066,0.6579,0.692526315789474,2024-07-10 16:56:19,1,"Teaira McCowan","Loss",0.6579,-0.6579,0.692526315789474,-0.692526315789474,"FPTS_Teaira McCowan_2024-07-10"
2024-07-10,"FanDuel","DAL @ PHO",1022400132,"FPTS Team","First Points","Player","Team","Home/Away","Favorite/Underdog",0.1516,559,0.1333,650,0.0183,0.0106,1.0567,0.695197368421053,2024-07-10 17:56:10,1,"Jacy Sheldon","Loss",1.0567,-1.0567,0.695197368421053,-0.695197368421053,"FPTS Team_Jacy Sheldon_2024-07-10"
2024-07-10,"FanDuel","DAL @ PHO",1022400132,"FPTS Team","First Points","Player","Team","Home/Away","Favorite/Underdog",0.1602,524,0.1333,650,0.0269,0.0155,1.5506,1.02013157894737,2024-07-10 12:26:29,1,"Natasha Cloud","Loss",1.5506,-1.5506,1.02013157894737,-1.02013157894737,"FPTS Team_Natasha Cloud_2024-07-10"
2024-07-10,"FanDuel","DAL @ PHO",1022400132,"FPTS Team","First Points","Player","Team","Home/Away","Favorite/Underdog",0.1602,524,0.125,700,0.0352,0.0201,2.012,1.32368421052632,2024-07-10 13:26:17,3,"Natasha Cloud","Loss",0.4614,-0.4614,0.303552631578947,-0.303552631578947,"FPTS Team_Natasha Cloud_2024-07-10"
2024-07-10,"FanDuel","DAL @ PHO",1022400132,"FPTS Team","First Points","Player","Team","Home/Away","Favorite/Underdog",0.1705,486,0.1176,750,0.0529,0.03,2.9956,1.97078947368421,2024-07-10 17:56:10,12,"Rebecca Allen","Loss",0.395,-0.395,0.259868421052631,-0.259868421052631,"FPTS Team_Rebecca Allen_2024-07-10"
2024-07-10,"FanDuel","DAL @ PHO",1022400132,"FPTS Team","First Points","Player","Team","Home/Away","Favorite/Underdog",0.1705,486,0.125,700,0.0455,0.026,2.6006,1.71092105263158,2024-07-10 16:26:22,9,"Rebecca Allen","Loss",0.4558,-0.4558,0.299868421052632,-0.299868421052632,"FPTS Team_Rebecca Allen_2024-07-10"
2024-07-10,"FanDuel","DAL @ PHO",1022400132,"FPTS Team","First Points","Player","Team","Home/Away","Favorite/Underdog",0.1705,486,0.1333,650,0.0372,0.0214,2.1448,1.41105263157895,2024-07-10 12:56:17,2,"Rebecca Allen","Loss",0.5317,-0.5317,0.349802631578947,-0.349802631578947,"FPTS Team_Rebecca Allen_2024-07-10"
2024-07-10,"FanDuel","DAL @ PHO",1022400132,"FPTS Team","First Points","Player","Team","Home/Away","Favorite/Underdog",0.1705,486,0.1429,600,0.0277,0.0161,1.6131,1.06125,2024-07-10 12:26:29,1,"Rebecca Allen","Loss",1.6131,-1.6131,1.06125,-1.06125,"FPTS Team_Rebecca Allen_2024-07-10"
2024-07-10,"BetRivers","DAL @ PHO",1022400132,"FTTS","First Points","Team","Quarter","Home/Away","Favorite/Underdog",0.5344,-115,0.5238,-110,0.0106,0.0111,0.5545,0.404744525547445,2024-07-10 12:26:29,1,"1Q_PHO","Win",0.5545,0.504090909090909,0.404744525547445,0.367949568679496,"FTTS_1Q_PHO_2024-07-10"
2024-07-10,"FanDuel","LVA @ SEA",1022400131,"FPTS","First Points","Player","Game","Home/Away","Favorite/Underdog",0.0768,1202,0.0588,1600,0.018,0.0096,0.9567,1.00705263157895,2024-07-10 18:56:08,1,"Chelsea Gray","Loss",0.9567,-0.9567,1.00705263157895,-1.00705263157895,"FPTS_Chelsea Gray_2024-07-10"
2024-07-10,"FanDuel","LVA @ SEA",1022400131,"FPTS","First Points","Player","Game","Home/Away","Favorite/Underdog",0.0996,904,0.0833,1100,0.0162,0.0089,0.8857,0.932315789473684,2024-07-10 16:56:19,1,"Jewell Loyd","Loss",0.8857,-0.8857,0.932315789473684,-0.932315789473684,"FPTS_Jewell Loyd_2024-07-10"
2024-07-10,"FanDuel","LVA @ SEA",1022400131,"FPTS","First Points","Player","Game","Home/Away","Favorite/Underdog",0.0926,980,0.0769,1200,0.0157,0.0085,0.8485,0.893157894736842,2024-07-10 12:26:29,1,"Jordan Horston","Loss",0.8485,-0.8485,0.893157894736842,-0.893157894736842,"FPTS_Jordan Horston_2024-07-10"
2024-07-10,"FanDuel","LVA @ SEA",1022400131,"FPTS","First Points","Player","Game","Home/Away","Favorite/Underdog",0.0926,980,0.0714,1300,0.0212,0.0114,1.1393,1.19926315789474,2024-07-10 17:56:10,8,"Jordan Horston","Loss",0.2908,-0.2908,0.306105263157895,-0.306105263157895,"FPTS_Jordan Horston_2024-07-10"
2024-07-10,"Draft Kings","LVA @ SEA",1022400131,"FPTS","First FGM","Player","Game","Home/Away","Favorite/Underdog",0.0714,1300,0.0476,2000,0.0238,0.0125,1.251,1.31684210526316,2024-07-10 12:26:29,1,"Kiah Stokes","Loss",0.6255,-0.6255,0.658421052631579,-0.658421052631579,"FPTS_Kiah Stokes_2024-07-10"
2024-07-10,"Fanatics","LVA @ SEA",1022400131,"FPTS","First FGM","Player","Game","Home/Away","Favorite/Underdog",0.0714,1300,0.0476,2000,0.0238,0.0125,1.251,1.31684210526316,2024-07-10 12:26:29,1,"Kiah Stokes","Loss",0.6255,-0.6255,0.658421052631579,-0.658421052631579,"FPTS_Kiah Stokes_2024-07-10"
2024-07-10,"FanDuel","LVA @ SEA",1022400131,"FPTS Team","First Points","Player","Team","Home/Away","Favorite/Underdog",0.1539,550,0.1429,600,0.0111,0.0065,0.6464,0.425263157894737,2024-07-10 15:26:19,1,"Chelsea Gray","Loss",0.6464,-0.6464,0.425263157894737,-0.425263157894737,"FPTS Team_Chelsea Gray_2024-07-10"
2024-07-10,"FanDuel","LVA @ SEA",1022400131,"FPTS Team","First Points","Player","Team","Home/Away","Favorite/Underdog",0.1539,550,0.1176,750,0.0363,0.0206,2.0565,1.35296052631579,2024-07-10 18:56:08,5,"Chelsea Gray","Loss",1.4101,-1.4101,0.927697368421053,-0.927697368421053,"FPTS Team_Chelsea Gray_2024-07-10"
2024-07-10,"FanDuel","LVA @ SEA",1022400131,"FPTS Team","First Points","Player","Team","Home/Away","Favorite/Underdog",0.1797,456,0.1667,500,0.013,0.0078,0.7829,0.515065789473684,2024-07-10 12:26:29,1,"Jackie Young","Win",0.7829,3.9145,0.515065789473684,2.57532894736842,"FPTS Team_Jackie Young_2024-07-10"
2024-07-10,"FanDuel","LVA @ SEA",1022400131,"FPTS Team","First Points","Player","Team","Home/Away","Favorite/Underdog",0.1988,403,0.1667,500,0.0321,0.0193,1.9273,1.26796052631579,2024-07-10 14:56:19,6,"Jewell Loyd","Loss",0.5114,-0.5114,0.336447368421053,-0.336447368421053,"FPTS Team_Jewell Loyd_2024-07-10"
2024-07-10,"FanDuel","LVA @ SEA",1022400131,"FPTS Team","First Points","Player","Team","Home/Away","Favorite/Underdog",0.1988,403,0.1754,470,0.0234,0.0142,1.4159,0.931513157894737,2024-07-10 12:56:17,2,"Jewell Loyd","Loss",0.1853,-0.1853,0.121907894736842,-0.121907894736842,"FPTS Team_Jewell Loyd_2024-07-10"
2024-07-10,"FanDuel","LVA @ SEA",1022400131,"FPTS Team","First Points","Player","Team","Home/Away","Favorite/Underdog",0.1988,403,0.1786,460,0.0202,0.0123,1.2306,0.809605263157895,2024-07-10 12:26:29,1,"Jewell Loyd","Loss",1.2306,-1.2306,0.809605263157895,-0.809605263157895,"FPTS Team_Jewell Loyd_2024-07-10"
2024-07-10,"FanDuel","LVA @ SEA",1022400131,"FPTS Team","First Points","Player","Team","Home/Away","Favorite/Underdog",0.1848,441,0.1538,550,0.031,0.0183,1.8318,1.20513157894737,2024-07-10 12:26:29,1,"Jordan Horston","Win",1.8318,10.0749,1.20513157894737,6.62822368421053,"FPTS Team_Jordan Horston_2024-07-10"
2024-07-10,"FanDuel","LVA @ SEA",1022400131,"FPTS Team","First Points","Player","Team","Home/Away","Favorite/Underdog",0.1848,441,0.1429,600,0.042,0.0245,2.4493,1.61138157894737,2024-07-10 16:56:19,10,"Jordan Horston","Win",0.6175,3.705,0.40625,2.4375,"FPTS Team_Jordan Horston_2024-07-10"
2024-07-10,"FanDuel","LVA @ SEA",1022400131,"FPTS Team","First Points","Player","Team","Home/Away","Favorite/Underdog",0.1288,676,0.1111,800,0.0177,0.01,0.9955,0.654934210526316,2024-07-10 18:56:08,1,"Kiah Stokes","Loss",0.9955,-0.9955,0.654934210526316,-0.654934210526316,"FPTS Team_Kiah Stokes_2024-07-10"
2024-07-10,"BetRivers","NYL @ CON",1022400128,"FPTS","First FGM","Player","Game","Home/Away","Favorite/Underdog",0.0953,950,0.0714,1300,0.0238,0.0128,1.2836,1.35115789473684,2024-07-10 14:56:19,6,"Courtney Vandersloot","Loss",1.2836,-1.2836,1.35115789473684,-1.35115789473684,"FPTS_Courtney Vandersloot_2024-07-10"
2024-07-10,"FanDuel","NYL @ CON",1022400128,"FPTS","First Points","Player","Game","Home/Away","Favorite/Underdog",0.0964,937,0.0667,1400,0.0298,0.0159,1.5949,1.67884210526316,2024-07-10 12:26:29,1,"DiJonai Carrington","Loss",1.5949,-1.5949,1.67884210526316,-1.67884210526316,"FPTS_DiJonai Carrington_2024-07-10"
2024-07-10,"FanDuel","NYL @ CON",1022400128,"FPTS","First Points","Player","Game","Home/Away","Favorite/Underdog",0.074,1251,0.0625,1500,0.0115,0.0061,0.6142,0.646526315789474,2024-07-10 12:56:17,1,"Tyasha Harris","Loss",0.6142,-0.6142,0.646526315789474,-0.646526315789474,"FPTS_Tyasha Harris_2024-07-10"
2024-07-10,"FanDuel","NYL @ CON",1022400128,"FPTS","First Points","Player","Game","Home/Away","Favorite/Underdog",0.074,1251,0.0588,1600,0.0152,0.0081,0.8072,0.849684210526316,2024-07-10 14:56:19,4,"Tyasha Harris","Loss",0.193,-0.193,0.203157894736842,-0.203157894736842,"FPTS_Tyasha Harris_2024-07-10"
2024-07-10,"FanDuel","NYL @ CON",1022400128,"FPTS Team","First Points","Player","Team","Home/Away","Favorite/Underdog",0.158,533,0.1176,750,0.0404,0.0229,2.2866,1.50434210526316,2024-07-10 12:26:29,1,"Courtney Vandersloot","Loss",2.2866,-2.2866,1.50434210526316,-1.50434210526316,"FPTS Team_Courtney Vandersloot_2024-07-10"
2024-07-10,"MGM","NYL @ CON",1022400128,"FPTS Team","First FGM","Player","Team","Home/Away","Favorite/Underdog",0.1773,464,0.1333,650,0.0439,0.0253,2.5346,1.6675,2024-07-10 14:56:19,6,"Courtney Vandersloot","Loss",0.248,-0.248,0.163157894736842,-0.163157894736842,"FPTS Team_Courtney Vandersloot_2024-07-10"
2024-07-10,"FanDuel","NYL @ CON",1022400128,"FPTS Team","First Points","Player","Team","Home/Away","Favorite/Underdog",0.2102,376,0.1538,550,0.0564,0.0333,3.3324,2.19236842105263,2024-07-10 14:56:19,6,"DiJonai Carrington","Loss",0.6751,-0.6751,0.444144736842105,-0.444144736842105,"FPTS Team_DiJonai Carrington_2024-07-10"
2024-07-10,"FanDuel","NYL @ CON",1022400128,"FPTS Team","First Points","Player","Team","Home/Away","Favorite/Underdog",0.2102,376,0.1667,500,0.0436,0.0261,2.6145,1.72006578947368,2024-07-10 12:26:29,1,"DiJonai Carrington","Loss",2.6145,-2.6145,1.72006578947368,-1.72006578947368,"FPTS Team_DiJonai Carrington_2024-07-10"
2024-07-10,"MGM","NYL @ CON",1022400128,"FPTS Team","First FGM","Player","Team","Home/Away","Favorite/Underdog",0.211,374,0.1667,500,0.0443,0.0266,2.6573,1.74822368421053,2024-07-10 13:56:19,4,"DiJonai Carrington","Loss",0.0428000000000002,-0.0428000000000002,0.0281578947368422,-0.0281578947368422,"FPTS Team_DiJonai Carrington_2024-07-10"
2024-07-10,"FanDuel","NYL @ CON",1022400128,"FPTS Team","First Points","Player","Team","Home/Away","Favorite/Underdog",0.1603,524,0.1333,650,0.027,0.0156,1.5562,1.02381578947368,2024-07-10 14:56:19,1,"Leonie Fiebich","Loss",1.5562,-1.5562,1.02381578947368,-1.02381578947368,"FPTS Team_Leonie Fiebich_2024-07-10"
2024-07-10,"FanDuel","NYL @ CON",1022400128,"FPTS Team","First Points","Player","Team","Home/Away","Favorite/Underdog",0.1614,520,0.1429,600,0.0185,0.0108,1.0794,0.710131578947368,2024-07-10 12:56:17,1,"Tyasha Harris","Loss",1.0794,-1.0794,0.710131578947368,-0.710131578947368,"FPTS Team_Tyasha Harris_2024-07-10"
2024-07-10,"FanDuel","NYL @ CON",1022400128,"FPTS Team","First Points","Player","Team","Home/Away","Favorite/Underdog",0.1614,520,0.1333,650,0.028,0.0162,1.617,1.06381578947368,2024-07-10 14:56:19,2,"Tyasha Harris","Loss",0.5376,-0.5376,0.353684210526316,-0.353684210526316,"FPTS Team_Tyasha Harris_2024-07-10"
2024-07-10,"Draft Kings","WAS @ IND",1022400129,"FPTS","First FGM","Player","Game","Home/Away","Favorite/Underdog",0.0819,1121,0.0625,1500,0.0194,0.0103,1.0339,1.08831578947368,2024-07-10 12:26:29,1,"DiDi Richards","Loss",0.51695,-0.51695,0.544157894736842,-0.544157894736842,"FPTS_DiDi Richards_2024-07-10"
2024-07-10,"Fanatics","WAS @ IND",1022400129,"FPTS","First FGM","Player","Game","Home/Away","Favorite/Underdog",0.0819,1121,0.0625,1500,0.0194,0.0103,1.0339,1.08831578947368,2024-07-10 12:26:29,1,"DiDi Richards","Loss",0.51695,-0.51695,0.544157894736842,-0.544157894736842,"FPTS_DiDi Richards_2024-07-10"
2024-07-10,"FanDuel","WAS @ IND",1022400129,"FPTS","First Points","Player","Game","Home/Away","Favorite/Underdog",0.0779,1183,0.0556,1700,0.0224,0.0118,1.1843,1.24663157894737,2024-07-10 12:56:17,2,"DiDi Richards","Loss",0.1504,-0.1504,0.158315789473684,-0.158315789473684,"FPTS_DiDi Richards_2024-07-10"
2024-07-10,"BetRivers","WAS @ IND",1022400129,"FPTS","First FGM","Player","Game","Home/Away","Favorite/Underdog",0.0932,973,0.0714,1300,0.0218,0.0117,1.1718,1.23347368421053,2024-07-10 15:56:20,8,"Katie Lou Samuelson","Win",1.1718,15.2334,1.23347368421053,16.0351578947368,"FPTS_Katie Lou Samuelson_2024-07-10"
2024-07-10,"FanDuel","WAS @ IND",1022400129,"FPTS","First Points","Player","Game","Home/Away","Favorite/Underdog",0.0967,935,0.0833,1100,0.0133,0.0073,0.7268,0.765052631578947,2024-07-10 15:56:20,1,"Lexie Hull","Loss",0.7268,-0.7268,0.765052631578947,-0.765052631578947,"FPTS_Lexie Hull_2024-07-10"
2024-07-10,"Caesars","WAS @ IND",1022400129,"FPTS","First Points","Player","Game","Home/Away","Favorite/Underdog",0.1049,854,0.0769,1200,0.0279,0.0151,1.5131,1.59273684210526,2024-07-10 14:26:20,5,"Myisha Hines-Allen","Loss",0.3391,-0.3391,0.356947368421053,-0.356947368421053,"FPTS_Myisha Hines-Allen_2024-07-10"
2024-07-10,"ESPN","WAS @ IND",1022400129,"FPTS","First Points","Player","Game","Home/Away","Favorite/Underdog",0.1049,854,0.0909,1000,0.0139,0.0077,0.7671,0.807473684210526,2024-07-10 12:26:29,1,"Myisha Hines-Allen","Loss",0.38355,-0.38355,0.403736842105263,-0.403736842105263,"FPTS_Myisha Hines-Allen_2024-07-10"
2024-07-10,"FanDuel","WAS @ IND",1022400129,"FPTS","First Points","Player","Game","Home/Away","Favorite/Underdog",0.1049,854,0.0833,1100,0.0215,0.0117,1.174,1.23578947368421,2024-07-10 12:56:17,2,"Myisha Hines-Allen","Loss",0.4069,-0.4069,0.428315789473684,-0.428315789473684,"FPTS_Myisha Hines-Allen_2024-07-10"
2024-07-10,"FanDuel","WAS @ IND",1022400129,"FPTS","First Points","Player","Game","Home/Away","Favorite/Underdog",0.1049,854,0.0909,1000,0.0139,0.0077,0.7671,0.807473684210526,2024-07-10 12:26:29,1,"Myisha Hines-Allen","Loss",0.38355,-0.38355,0.403736842105263,-0.403736842105263,"FPTS_Myisha Hines-Allen_2024-07-10"
2024-07-10,"FanDuel","WAS @ IND",1022400129,"FPTS Team","First Points","Player","Team","Home/Away","Favorite/Underdog",0.166,502,0.1333,650,0.0327,0.0189,1.8855,1.24046052631579,2024-07-10 12:26:29,1,"DiDi Richards","Loss",1.8855,-1.8855,1.24046052631579,-1.24046052631579,"FPTS Team_DiDi Richards_2024-07-10"
2024-07-10,"FanDuel","WAS @ IND",1022400129,"FPTS Team","First Points","Player","Team","Home/Away","Favorite/Underdog",0.158,533,0.1429,600,0.0151,0.0088,0.8835,0.58125,2024-07-10 13:26:17,1,"Katie Lou Samuelson","Win",0.8835,5.301,0.58125,3.4875,"FPTS Team_Katie Lou Samuelson_2024-07-10"
2024-07-10,"MGM","WAS @ IND",1022400129,"FPTS Team","First FGM","Player","Team","Home/Away","Favorite/Underdog",0.1766,466,0.1429,600,0.0337,0.0197,1.9675,1.29440789473684,2024-07-10 15:56:20,4,"Katie Lou Samuelson","Win",1.084,6.504,0.713157894736842,4.27894736842105,"FPTS Team_Katie Lou Samuelson_2024-07-10"
2024-07-10,"FanDuel","WAS @ IND",1022400129,"FPTS Team","First Points","Player","Team","Home/Away","Favorite/Underdog",0.186,438,0.1695,490,0.0165,0.0099,0.9943,0.654144736842105,2024-07-10 12:26:29,1,"Kelsey Mitchell","Loss",0.9943,-0.9943,0.654144736842105,-0.654144736842105,"FPTS Team_Kelsey Mitchell_2024-07-10"
2024-07-10,"FanDuel","WAS @ IND",1022400129,"FPTS Team","First Points","Player","Team","Home/Away","Favorite/Underdog",0.186,438,0.1667,500,0.0193,0.0116,1.1605,0.763486842105263,2024-07-10 12:56:17,2,"Kelsey Mitchell","Loss",0.1662,-0.1662,0.109342105263158,-0.109342105263158,"FPTS Team_Kelsey Mitchell_2024-07-10"
2024-07-10,"FanDuel","WAS @ IND",1022400129,"FPTS Team","First Points","Player","Team","Home/Away","Favorite/Underdog",0.1822,449,0.1333,650,0.0488,0.0282,2.8171,1.8533552631579,2024-07-10 15:56:20,1,"Lexie Hull","Loss",2.8171,-2.8171,1.8533552631579,-1.8533552631579,"FPTS Team_Lexie Hull_2024-07-10"
2024-07-10,"FanDuel","WAS @ IND",1022400129,"FPTS Team","First Points","Player","Team","Home/Away","Favorite/Underdog",0.2234,348,0.1923,420,0.0311,0.0192,1.9243,1.26598684210526,2024-07-10 12:26:29,1,"Myisha Hines-Allen","Loss",1.9243,-1.9243,1.26598684210526,-1.26598684210526,"FPTS Team_Myisha Hines-Allen_2024-07-10"
2024-07-10,"FanDuel","WAS @ IND",1022400129,"FPTS Team","First Points","Player","Team","Home/Away","Favorite/Underdog",0.2234,348,0.1818,450,0.0416,0.0254,2.5406,1.67144736842105,2024-07-10 12:56:17,2,"Myisha Hines-Allen","Loss",0.6163,-0.6163,0.40546052631579,-0.40546052631579,"FPTS Team_Myisha Hines-Allen_2024-07-10"
2024-07-11,"BetRivers","CHI @ NYL",1022400133,"FPTS","First FGM","Player","Game","Home/Away","Favorite/Underdog",0.0927,979,0.0769,1200,0.0158,0.0085,0.8539,0.898842105263158,2024-07-11 17:26:11,7,"Courtney Vandersloot","Loss",0.8539,-0.8539,0.898842105263158,-0.898842105263158,"FPTS_Courtney Vandersloot_2024-07-11"
2024-07-11,"Draft Kings","CHI @ NYL",1022400133,"FPTS","First FGM","Player","Game","Home/Away","Favorite/Underdog",0.0731,1268,0.0588,1600,0.0143,0.0076,0.7593,0.799263157894737,2024-07-11 12:26:21,1,"Lindsay Allen","Loss",0.7593,-0.7593,0.799263157894737,-0.799263157894737,"FPTS_Lindsay Allen_2024-07-11"
2024-07-11,"FanDuel","CHI @ NYL",1022400133,"FPTS Team","First Points","Player","Team","Home/Away","Favorite/Underdog",0.2704,270,0.2564,290,0.014,0.0094,0.9407,0.618881578947368,2024-07-11 14:26:11,1,"Angel Reese","Loss",0.9407,-0.9407,0.618881578947368,-0.618881578947368,"FPTS Team_Angel Reese_2024-07-11"
2024-07-11,"FanDuel","CHI @ NYL",1022400133,"FPTS Team","First Points","Player","Team","Home/Away","Favorite/Underdog",0.1556,543,0.1333,650,0.0223,0.0129,1.2859,0.845986842105263,2024-07-11 17:26:11,4,"Courtney Vandersloot","Loss",1.2859,-1.2859,0.845986842105264,-0.845986842105264,"FPTS Team_Courtney Vandersloot_2024-07-11"
2024-07-11,"FanDuel","CHI @ NYL",1022400133,"FPTS Team","First Points","Player","Team","Home/Away","Favorite/Underdog",0.126,694,0.0909,1000,0.0351,0.0193,1.929,1.26907894736842,2024-07-11 12:26:21,1,"Lindsay Allen","Loss",1.929,-1.929,1.26907894736842,-1.26907894736842,"FPTS Team_Lindsay Allen_2024-07-11"
2024-07-11,"MGM","CHI @ NYL",1022400133,"FPTS Team","First FGM","Player","Team","Home/Away","Favorite/Underdog",0.1578,534,0.1176,750,0.0401,0.0227,2.2726,1.49513157894737,2024-07-11 20:56:12,18,"Lindsay Allen","Loss",0.3436,-0.3436,0.226052631578948,-0.226052631578948,"FPTS Team_Lindsay Allen_2024-07-11"
2024-07-12,"FanDuel","LVA @ ATL",1022400134,"FPTS","First Points","Player","Game","Home/Away","Favorite/Underdog",0.079,1165,0.0667,1400,0.0124,0.0066,0.6633,0.69821052631579,2024-07-12 17:26:16,1,"Chelsea Gray","Loss",0.6633,-0.6633,0.69821052631579,-0.69821052631579,"FPTS_Chelsea Gray_2024-07-12"
2024-07-12,"Draft Kings","LVA @ ATL",1022400134,"FPTS","First FGM","Player","Game","Home/Away","Favorite/Underdog",0.0771,1197,0.0556,1700,0.0216,0.0114,1.1417,1.20178947368421,2024-07-12 12:26:28,1,"Haley Jones","Loss",1.1417,-1.1417,1.20178947368421,-1.20178947368421,"FPTS_Haley Jones_2024-07-12"
2024-07-12,"FanDuel","LVA @ ATL",1022400134,"FPTS","First Points","Player","Game","Home/Away","Favorite/Underdog",0.0747,1239,0.0526,1800,0.0221,0.0116,1.1641,1.22536842105263,2024-07-12 16:56:18,10,"Haley Jones","Loss",0.0224,-0.0224,0.0235789473684211,-0.0235789473684211,"FPTS_Haley Jones_2024-07-12"
2024-07-12,"Draft Kings","LVA @ ATL",1022400134,"FPTS","First FGM","Player","Game","Home/Away","Favorite/Underdog",0.0738,1254,0.0476,2000,0.0262,0.0138,1.3764,1.44884210526316,2024-07-12 12:26:28,1,"Kiah Stokes","Loss",1.3764,-1.3764,1.44884210526316,-1.44884210526316,"FPTS_Kiah Stokes_2024-07-12"
2024-07-12,"Draft Kings","LVA @ ATL",1022400134,"FPTS","First FGM","Player","Game","Home/Away","Favorite/Underdog",0.0781,1180,0.0476,2000,0.0305,0.016,1.6021,1.68642105263158,2024-07-12 12:26:28,1,"Maya Caldwell","Loss",1.6021,-1.6021,1.68642105263158,-1.68642105263158,"FPTS_Maya Caldwell_2024-07-12"
2024-07-12,"Draft Kings","LVA @ ATL",1022400134,"FPTS","First FGM","Player","Game","Home/Away","Favorite/Underdog",0.0769,1200,0.0625,1500,0.0144,0.0077,0.7688,0.809263157894737,2024-07-12 23:26:15,1,"Naz Hillmon","Loss",0.7688,-0.7688,0.809263157894737,-0.809263157894737,"FPTS_Naz Hillmon_2024-07-12"
2024-07-12,"FanDuel","LVA @ ATL",1022400134,"FPTS Team","First Points","Player","Team","Home/Away","Favorite/Underdog",0.1501,566,0.1111,800,0.039,0.0219,2.1925,1.44243421052632,2024-07-12 12:26:28,1,"Chelsea Gray","Loss",2.1925,-2.1925,1.44243421052632,-1.44243421052632,"FPTS Team_Chelsea Gray_2024-07-12"
2024-07-12,"FanDuel","LVA @ ATL",1022400134,"FPTS Team","First Points","Player","Team","Home/Away","Favorite/Underdog",0.1578,534,0.1429,600,0.0149,0.0087,0.8715,0.573355263157895,2024-07-12 12:26:28,1,"Haley Jones","Loss",0.8715,-0.8715,0.573355263157895,-0.573355263157895,"FPTS Team_Haley Jones_2024-07-12"
2024-07-12,"FanDuel","LVA @ ATL",1022400134,"FPTS Team","First Points","Player","Team","Home/Away","Favorite/Underdog",0.1578,534,0.1333,650,0.0245,0.0141,1.4113,0.928486842105263,2024-07-12 13:56:16,4,"Haley Jones","Loss",0.5398,-0.5398,0.355131578947368,-0.355131578947368,"FPTS Team_Haley Jones_2024-07-12"
2024-07-12,"FanDuel","LVA @ ATL",1022400134,"FPTS Team","First Points","Player","Team","Home/Away","Favorite/Underdog",0.1238,708,0.1053,850,0.0186,0.0104,1.0369,0.682171052631579,2024-07-12 12:26:28,1,"Kiah Stokes","Loss",1.0369,-1.0369,0.682171052631579,-0.682171052631579,"FPTS Team_Kiah Stokes_2024-07-12"
2024-07-12,"MGM","LVA @ ATL",1022400134,"FPTS Team","First FGM","Player","Team","Home/Away","Favorite/Underdog",0.1405,612,0.0952,950,0.0453,0.025,2.5034,1.64697368421053,2024-07-12 13:26:18,3,"Kiah Stokes","Loss",1.4665,-1.4665,0.964802631578948,-0.964802631578948,"FPTS Team_Kiah Stokes_2024-07-12"
2024-07-12,"FanDuel","LVA @ ATL",1022400134,"FPTS Team","First Points","Player","Team","Home/Away","Favorite/Underdog",0.1665,500,0.0833,1100,0.0832,0.0454,4.5383,2.98572368421053,2024-07-12 12:26:28,1,"Maya Caldwell","Win",4.5383,49.9213,2.98572368421053,32.8429605263158,"FPTS Team_Maya Caldwell_2024-07-12"
2024-07-12,"FanDuel","LVA @ ATL",1022400134,"FPTS Team","First Points","Player","Team","Home/Away","Favorite/Underdog",0.1665,500,0.0769,1200,0.0896,0.0485,4.854,3.19342105263158,2024-07-12 13:56:16,4,"Maya Caldwell","Win",0.315700000000001,3.78840000000001,0.207697368421053,2.49236842105263,"FPTS Team_Maya Caldwell_2024-07-12"
2024-07-12,"FanDuel","LVA @ ATL",1022400134,"FPTS Team","First Points","Player","Team","Home/Away","Favorite/Underdog",0.149,571,0.1176,750,0.0313,0.0177,1.7745,1.16743421052632,2024-07-12 23:26:15,1,"Naz Hillmon","Loss",1.7745,-1.7745,1.16743421052632,-1.16743421052632,"FPTS Team_Naz Hillmon_2024-07-12"
2024-07-12,"BetRivers","LVA @ ATL",1022400134,"FTTS","First Points","Team","Quarter","Home/Away","Favorite/Underdog",0.4995,100,0.4444,125,0.0551,0.0496,2.4775,1.80839416058394,2024-07-12 23:26:15,23,"1Q_ATL","Loss",2.4775,-2.4775,1.80839416058394,-1.80839416058394,"FTTS_1Q_ATL_2024-07-12"
2024-07-12,"FanDuel","MIN @ SEA",1022400136,"FPTS","First Points","Player","Game","Home/Away","Favorite/Underdog",0.1011,889,0.0909,1000,0.0102,0.0056,0.5615,0.591052631578947,2024-07-12 14:26:19,1,"Alanna Smith","Loss",0.5615,-0.5615,0.591052631578947,-0.591052631578947,"FPTS_Alanna Smith_2024-07-12"
2024-07-12,"FanDuel","MIN @ SEA",1022400136,"FPTS","First Points","Player","Game","Home/Away","Favorite/Underdog",0.1028,873,0.0909,1000,0.0118,0.0065,0.6514,0.685684210526316,2024-07-12 14:26:19,1,"Courtney Williams","Loss",0.6514,-0.6514,0.685684210526316,-0.685684210526316,"FPTS_Courtney Williams_2024-07-12"
2024-07-12,"FanDuel","MIN @ SEA",1022400136,"FPTS","First Points","Player","Game","Home/Away","Favorite/Underdog",0.1002,898,0.0833,1100,0.0169,0.0092,0.9216,0.970105263157895,2024-07-12 12:26:28,1,"Jordan Horston","Loss",0.9216,-0.9216,0.970105263157895,-0.970105263157895,"FPTS_Jordan Horston_2024-07-12"
2024-07-12,"ESPN","MIN @ SEA",1022400136,"FPTS","First Points","Player","Game","Home/Away","Favorite/Underdog",0.1003,897,0.0667,1400,0.0336,0.018,1.7996,1.89431578947368,2024-07-12 14:26:19,5,"Jordan Horston","Loss",0.878,-0.878,0.92421052631579,-0.92421052631579,"FPTS_Jordan Horston_2024-07-12"
2024-07-12,"FanDuel","MIN @ SEA",1022400136,"FPTS Team","First Points","Player","Team","Home/Away","Favorite/Underdog",0.2173,360,0.1961,410,0.0212,0.0132,1.3184,0.867368421052632,2024-07-12 14:56:20,1,"Alanna Smith","Loss",1.3184,-1.3184,0.867368421052632,-0.867368421052632,"FPTS Team_Alanna Smith_2024-07-12"
2024-07-12,"FanDuel","MIN @ SEA",1022400136,"FPTS Team","First Points","Player","Team","Home/Away","Favorite/Underdog",0.1875,433,0.1333,650,0.0542,0.0313,3.1271,2.05730263157895,2024-07-12 12:26:28,1,"Jordan Horston","Loss",3.1271,-3.1271,2.05730263157895,-2.05730263157895,"FPTS Team_Jordan Horston_2024-07-12"
2024-07-12,"BetRivers","MIN @ SEA",1022400136,"FTTS","First Points","Team","Quarter","Home/Away","Favorite/Underdog",0.4656,115,0.4444,125,0.0211,0.019,0.9498,0.693284671532847,2024-07-12 12:26:28,1,"1Q_MIN","Loss",0.9498,-0.9498,0.693284671532847,-0.693284671532847,"FTTS_1Q_MIN_2024-07-12"
2024-07-12,"Draft Kings","PHO @ IND",1022400135,"FPTS","First FGM","Player","Game","Home/Away","Favorite/Underdog",0.0789,1167,0.0625,1500,0.0164,0.0087,0.8746,0.920631578947368,2024-07-12 12:26:28,1,"Katie Lou Samuelson","Loss",0.8746,-0.8746,0.920631578947368,-0.920631578947368,"FPTS_Katie Lou Samuelson_2024-07-12"
2024-07-12,"Caesars","PHO @ IND",1022400135,"FPTS","First Points","Player","Game","Home/Away","Favorite/Underdog",0.0866,1055,0.0625,1500,0.0241,0.0128,1.2848,1.35242105263158,2024-07-12 22:26:17,12,"Mikiah Herbert Harrigan","Loss",0.1297,-0.1297,0.136526315789474,-0.136526315789474,"FPTS_Mikiah Herbert Harrigan_2024-07-12"
2024-07-12,"FanDuel","PHO @ IND",1022400135,"FPTS","First Points","Player","Game","Home/Away","Favorite/Underdog",0.0842,1088,0.0625,1500,0.0217,0.0116,1.1551,1.21589473684211,2024-07-12 18:26:19,4,"Mikiah Herbert Harrigan","Loss",0.2181,-0.2181,0.229578947368421,-0.229578947368421,"FPTS_Mikiah Herbert Harrigan_2024-07-12"
2024-07-12,"FanDuel","PHO @ IND",1022400135,"FPTS","First Points","Player","Game","Home/Away","Favorite/Underdog",0.0842,1088,0.0667,1400,0.0175,0.0094,0.937,0.986315789473684,2024-07-12 17:56:19,3,"Mikiah Herbert Harrigan","Loss",0.2516,-0.2516,0.264842105263158,-0.264842105263158,"FPTS_Mikiah Herbert Harrigan_2024-07-12"
2024-07-12,"FanDuel","PHO @ IND",1022400135,"FPTS","First Points","Player","Game","Home/Away","Favorite/Underdog",0.0842,1088,0.0714,1300,0.0127,0.0069,0.6854,0.721473684210526,2024-07-12 12:56:17,1,"Mikiah Herbert Harrigan","Loss",0.6854,-0.6854,0.721473684210526,-0.721473684210526,"FPTS_Mikiah Herbert Harrigan_2024-07-12"
2024-07-12,"FanDuel","PHO @ IND",1022400135,"FPTS","First Points","Player","Game","Home/Away","Favorite/Underdog",0.1072,833,0.0909,1000,0.0163,0.0089,0.895,0.942105263157895,2024-07-12 22:56:17,1,"NaLyssa Smith","Loss",0.895,-0.895,0.942105263157895,-0.942105263157895,"FPTS_NaLyssa Smith_2024-07-12"
2024-07-12,"Draft Kings","PHO @ IND",1022400135,"FPTS","First FGM","Player","Game","Home/Away","Favorite/Underdog",0.1045,857,0.0714,1300,0.0331,0.0178,1.78,1.87368421052632,2024-07-12 23:26:15,2,"NaLyssa Smith","Loss",0.885,-0.885,0.931578947368421,-0.931578947368421,"FPTS_NaLyssa Smith_2024-07-12"
2024-07-12,"Caesars","PHO @ IND",1022400135,"FPTS","First Points","Player","Game","Home/Away","Favorite/Underdog",0.0903,1008,0.0625,1500,0.0278,0.0148,1.4801,1.558,2024-07-12 12:26:28,1,"Rebecca Allen","Loss",1.4801,-1.4801,1.558,-1.558,"FPTS_Rebecca Allen_2024-07-12"
2024-07-12,"FanDuel","PHO @ IND",1022400135,"FPTS","First Points","Player","Game","Home/Away","Favorite/Underdog",0.0727,1275,0.0588,1600,0.0139,0.0074,0.739,0.777894736842105,2024-07-12 22:56:17,1,"Sophie Cunningham","Loss",0.739,-0.739,0.777894736842105,-0.777894736842105,"FPTS_Sophie Cunningham_2024-07-12"
2024-07-12,"MGM","PHO @ IND",1022400135,"FPTS Team","First FGM","Player","Team","Home/Away","Favorite/Underdog",0.1767,466,0.1667,500,0.0101,0.006,0.6039,0.397302631578947,2024-07-12 13:26:18,1,"Katie Lou Samuelson","Loss",0.6039,-0.6039,0.397302631578947,-0.397302631578947,"FPTS Team_Katie Lou Samuelson_2024-07-12"
2024-07-12,"FanDuel","PHO @ IND",1022400135,"FPTS Team","First Points","Player","Team","Home/Away","Favorite/Underdog",0.2,400,0.1852,440,0.0148,0.0091,0.9093,0.598223684210526,2024-07-12 12:26:28,1,"Kelsey Mitchell","Loss",0.9093,-0.9093,0.598223684210526,-0.598223684210526,"FPTS Team_Kelsey Mitchell_2024-07-12"
2024-07-12,"FanDuel","PHO @ IND",1022400135,"FPTS Team","First Points","Player","Team","Home/Away","Favorite/Underdog",0.156,541,0.1111,800,0.0448,0.0252,2.5227,1.65967105263158,2024-07-12 23:26:15,23,"Mikiah Herbert Harrigan","Loss",1.0056,-1.0056,0.661578947368421,-0.661578947368421,"FPTS Team_Mikiah Herbert Harrigan_2024-07-12"
2024-07-12,"FanDuel","PHO @ IND",1022400135,"FPTS Team","First Points","Player","Team","Home/Away","Favorite/Underdog",0.1515,560,0.125,700,0.0265,0.0152,1.5171,0.998092105263158,2024-07-12 12:26:28,1,"Mikiah Herbert Harrigan","Loss",1.5171,-1.5171,0.998092105263158,-0.998092105263158,"FPTS Team_Mikiah Herbert Harrigan_2024-07-12"
2024-07-12,"FanDuel","PHO @ IND",1022400135,"FPTS Team","First Points","Player","Team","Home/Away","Favorite/Underdog",0.241,315,0.2,400,0.041,0.0256,2.5607,1.68467105263158,2024-07-12 22:56:17,1,"NaLyssa Smith","Loss",2.5607,-2.5607,1.68467105263158,-1.68467105263158,"FPTS Team_NaLyssa Smith_2024-07-12"
2024-07-12,"FanDuel","PHO @ IND",1022400135,"FPTS Team","First Points","Player","Team","Home/Away","Favorite/Underdog",0.1625,515,0.1111,800,0.0514,0.0289,2.892,1.90263157894737,2024-07-12 15:26:18,7,"Rebecca Allen","Loss",0.349,-0.349,0.229605263157894,-0.229605263157894,"FPTS Team_Rebecca Allen_2024-07-12"
2024-07-12,"FanDuel","PHO @ IND",1022400135,"FPTS Team","First Points","Player","Team","Home/Away","Favorite/Underdog",0.1625,515,0.1176,750,0.0449,0.0254,2.543,1.67302631578947,2024-07-12 12:56:17,2,"Rebecca Allen","Loss",0.3988,-0.3988,0.262368421052632,-0.262368421052632,"FPTS Team_Rebecca Allen_2024-07-12"
2024-07-12,"FanDuel","PHO @ IND",1022400135,"FPTS Team","First Points","Player","Team","Home/Away","Favorite/Underdog",0.1625,515,0.125,700,0.0375,0.0214,2.1442,1.41065789473684,2024-07-12 12:26:28,1,"Rebecca Allen","Loss",2.1442,-2.1442,1.41065789473684,-1.41065789473684,"FPTS Team_Rebecca Allen_2024-07-12"
2024-07-12,"FanDuel","PHO @ IND",1022400135,"FPTS Team","First Points","Player","Team","Home/Away","Favorite/Underdog",0.131,663,0.1176,750,0.0134,0.0076,0.7568,0.497894736842105,2024-07-12 22:26:17,1,"Sophie Cunningham","Loss",0.7568,-0.7568,0.497894736842105,-0.497894736842105,"FPTS Team_Sophie Cunningham_2024-07-12"
2024-07-12,"FanDuel","PHO @ IND",1022400135,"FPTS Team","First Points","Player","Team","Home/Away","Favorite/Underdog",0.131,663,0.1053,850,0.0257,0.0144,1.4384,0.946315789473684,2024-07-12 22:56:17,2,"Sophie Cunningham","Loss",0.6816,-0.6816,0.448421052631579,-0.448421052631579,"FPTS Team_Sophie Cunningham_2024-07-12"
2024-07-13,"BetRivers","LAS @ DAL",1022400138,"FPTS","First FGM","Player","Game","Home/Away","Favorite/Underdog",0.0909,1000,0.0769,1200,0.014,0.0076,0.758,0.797894736842105,2024-07-13 12:26:14,1,"Aari McDonald","Loss",0.758,-0.758,0.797894736842105,-0.797894736842105,"FPTS_Aari McDonald_2024-07-13"
2024-07-13,"FanDuel","LAS @ DAL",1022400138,"FPTS","First Points","Player","Game","Home/Away","Favorite/Underdog",0.12,733,0.0769,1200,0.0431,0.0233,2.3338,2.45663157894737,2024-07-13 19:26:09,1,"Azurá Stevens","Loss",2.3338,-2.3338,2.45663157894737,-2.45663157894737,"FPTS_Azurá Stevens_2024-07-13"
2024-07-13,"FanDuel","LAS @ DAL",1022400138,"FPTS","First Points","Player","Game","Home/Away","Favorite/Underdog",0.0793,1161,0.0667,1400,0.0126,0.0068,0.6764,0.712,2024-07-13 12:26:14,1,"Odyssey Sims","Win",0.6764,9.4696,0.712,9.968,"FPTS_Odyssey Sims_2024-07-13"
2024-07-13,"Fanatics","LAS @ DAL",1022400138,"FPTS","First FGM","Player","Game","Home/Away","Favorite/Underdog",0.1304,667,0.1,900,0.0304,0.0169,1.6862,1.77494736842105,2024-07-13 15:26:03,1,"Teaira McCowan","Loss",1.6862,-1.6862,1.77494736842105,-1.77494736842105,"FPTS_Teaira McCowan_2024-07-13"
2024-07-13,"FanDuel","LAS @ DAL",1022400138,"FPTS Team","First Points","Player","Team","Home/Away","Favorite/Underdog",0.1811,452,0.1695,490,0.0116,0.007,0.7001,0.460592105263158,2024-07-13 12:26:14,1,"Aari McDonald","Loss",0.7001,-0.7001,0.460592105263158,-0.460592105263158,"FPTS Team_Aari McDonald_2024-07-13"
2024-07-13,"FanDuel","LAS @ DAL",1022400138,"FPTS Team","First Points","Player","Team","Home/Away","Favorite/Underdog",0.1811,452,0.1667,500,0.0145,0.0087,0.8672,0.570526315789474,2024-07-13 13:56:02,2,"Aari McDonald","Loss",0.1671,-0.1671,0.109934210526316,-0.109934210526316,"FPTS Team_Aari McDonald_2024-07-13"
2024-07-13,"FanDuel","LAS @ DAL",1022400138,"FPTS Team","First Points","Player","Team","Home/Away","Favorite/Underdog",0.2421,313,0.1667,500,0.0754,0.0452,4.5248,2.97684210526316,2024-07-13 19:26:09,1,"Azurá Stevens","Loss",4.5248,-4.5248,2.97684210526316,-2.97684210526316,"FPTS Team_Azurá Stevens_2024-07-13"
2024-07-13,"FanDuel","LAS @ DAL",1022400138,"FPTS Team","First Points","Player","Team","Home/Away","Favorite/Underdog",0.1562,540,0.125,700,0.0312,0.0178,1.7822,1.1725,2024-07-13 12:26:14,1,"Odyssey Sims","Win",1.7822,12.4754,1.1725,8.2075,"FPTS Team_Odyssey Sims_2024-07-13"
2024-07-13,"BetRivers","LAS @ DAL",1022400138,"FTTS","First Points","Team","Quarter","Home/Away","Favorite/Underdog",0.4957,102,0.4808,108,0.015,0.0144,0.7208,0.526131386861314,2024-07-13 19:26:09,15,"1Q_LAS","Loss",0.7208,-0.7208,0.526131386861314,-0.526131386861314,"FTTS_1Q_LAS_2024-07-13"
2024-07-13,"FanDuel","NYL @ CHI",1022400137,"FPTS","First Points","Player","Game","Home/Away","Favorite/Underdog",0.1296,672,0.1176,750,0.0119,0.0068,0.6754,0.710947368421053,2024-07-13 12:56:02,1,"Angel Reese","Loss",0.6754,-0.6754,0.710947368421053,-0.710947368421053,"FPTS_Angel Reese_2024-07-13"
2024-07-13,"BetRivers","NYL @ CHI",1022400137,"FPTS","First FGM","Player","Game","Home/Away","Favorite/Underdog",0.0892,1021,0.0769,1200,0.0123,0.0067,0.6672,0.702315789473684,2024-07-13 12:26:14,1,"Courtney Vandersloot","Loss",0.3336,-0.3336,0.351157894736842,-0.351157894736842,"FPTS_Courtney Vandersloot_2024-07-13"
2024-07-13,"MGM","NYL @ CHI",1022400137,"FPTS","First FGM","Player","Game","Home/Away","Favorite/Underdog",0.0892,1021,0.0769,1200,0.0123,0.0067,0.6672,0.702315789473684,2024-07-13 12:26:14,1,"Courtney Vandersloot","Loss",0.3336,-0.3336,0.351157894736842,-0.351157894736842,"FPTS_Courtney Vandersloot_2024-07-13"
2024-07-13,"BetRivers","NYL @ CHI",1022400137,"FPTS","First FGM","Player","Game","Home/Away","Favorite/Underdog",0.098,920,0.0769,1200,0.0211,0.0114,1.1433,1.20347368421053,2024-07-13 15:26:03,7,"Courtney Vandersloot","Loss",0.4761,-0.4761,0.501157894736842,-0.501157894736842,"FPTS_Courtney Vandersloot_2024-07-13"
2024-07-13,"FanDuel","NYL @ CHI",1022400137,"FPTS","First Points","Player","Game","Home/Away","Favorite/Underdog",0.1025,875,0.0833,1100,0.0192,0.0105,1.0473,1.10242105263158,2024-07-13 15:56:03,1,"Kennedy Burke","Loss",1.0473,-1.0473,1.10242105263158,-1.10242105263158,"FPTS_Kennedy Burke_2024-07-13"
2024-07-13,"Caesars","NYL @ CHI",1022400137,"FPTS","First Points","Player","Game","Home/Away","Favorite/Underdog",0.0771,1197,0.0667,1400,0.0104,0.0056,0.5595,0.588947368421053,2024-07-13 13:56:02,1,"Leonie Fiebich","Loss",0.5595,-0.5595,0.588947368421053,-0.588947368421053,"FPTS_Leonie Fiebich_2024-07-13"
2024-07-13,"BetRivers","NYL @ CHI",1022400137,"FPTS","First FGM","Player","Game","Home/Away","Favorite/Underdog",0.0938,967,0.0769,1200,0.0168,0.0091,0.9119,0.959894736842105,2024-07-13 15:26:03,4,"Leonie Fiebich","Loss",0.3524,-0.3524,0.370947368421053,-0.370947368421053,"FPTS_Leonie Fiebich_2024-07-13"
2024-07-13,"FanDuel","NYL @ CHI",1022400137,"FPTS Team","First Points","Player","Team","Home/Away","Favorite/Underdog",0.2749,264,0.2564,290,0.0185,0.0124,1.2423,0.817302631578947,2024-07-13 15:56:03,1,"Angel Reese","Loss",1.2423,-1.2423,0.817302631578947,-0.817302631578947,"FPTS Team_Angel Reese_2024-07-13"
2024-07-13,"MGM","NYL @ CHI",1022400137,"FPTS Team","First FGM","Player","Team","Home/Away","Favorite/Underdog",0.1669,499,0.1333,650,0.0336,0.0194,1.9378,1.27486842105263,2024-07-13 12:26:14,1,"Courtney Vandersloot","Loss",1.9378,-1.9378,1.27486842105263,-1.27486842105263,"FPTS Team_Courtney Vandersloot_2024-07-13"
2024-07-13,"FanDuel","NYL @ CHI",1022400137,"FPTS Team","First Points","Player","Team","Home/Away","Favorite/Underdog",0.194,416,0.1538,550,0.0401,0.0237,2.3699,1.55914473684211,2024-07-13 15:56:03,1,"Kennedy Burke","Win",2.3699,13.03445,1.55914473684211,8.57529605263158,"FPTS Team_Kennedy Burke_2024-07-13"
2024-07-13,"MGM","NYL @ CHI",1022400137,"FPTS Team","First FGM","Player","Team","Home/Away","Favorite/Underdog",0.1611,521,0.1333,650,0.0278,0.016,1.6015,1.05361842105263,2024-07-13 12:26:14,1,"Leonie Fiebich","Loss",1.6015,-1.6015,1.05361842105263,-1.05361842105263,"FPTS Team_Leonie Fiebich_2024-07-13"
2024-07-13,"FanDuel","NYL @ CHI",1022400137,"FPTS Team","First Points","Player","Team","Home/Away","Favorite/Underdog",0.1199,734,0.0909,1000,0.0289,0.0159,1.5921,1.04743421052632,2024-07-13 12:26:14,1,"Lindsay Allen","Loss",1.5921,-1.5921,1.04743421052632,-1.04743421052632,"FPTS Team_Lindsay Allen_2024-07-13"
2024-07-14,"FanDuel","ATL @ SEA",1022400141,"FPTS","First Points","Player","Game","Home/Away","Favorite/Underdog",0.0886,1029,0.037,2600,0.0516,0.0268,2.6775,2.81842105263158,2024-07-14 16:56:11,10,"Maya Caldwell","Loss",0.2286,-0.2286,0.240631578947369,-0.240631578947369,"FPTS_Maya Caldwell_2024-07-14"
2024-07-14,"FanDuel","ATL @ SEA",1022400141,"FPTS","First Points","Player","Game","Home/Away","Favorite/Underdog",0.0886,1029,0.0417,2300,0.0469,0.0245,2.4489,2.57778947368421,2024-07-14 13:26:11,3,"Maya Caldwell","Loss",0.4171,-0.4171,0.439052631578947,-0.439052631578947,"FPTS_Maya Caldwell_2024-07-14"
2024-07-14,"FanDuel","ATL @ SEA",1022400141,"FPTS","First Points","Player","Game","Home/Away","Favorite/Underdog",0.0886,1029,0.05,1900,0.0386,0.0203,2.0318,2.13873684210526,2024-07-14 12:26:21,1,"Maya Caldwell","Loss",2.0318,-2.0318,2.13873684210526,-2.13873684210526,"FPTS_Maya Caldwell_2024-07-14"
2024-07-14,"FanDuel","ATL @ SEA",1022400141,"FPTS Team","First Points","Player","Team","Home/Away","Favorite/Underdog",0.2041,390,0.1887,430,0.0154,0.0095,0.9497,0.624802631578947,2024-07-14 17:56:10,1,"Jewell Loyd","Loss",0.9497,-0.9497,0.624802631578947,-0.624802631578947,"FPTS Team_Jewell Loyd_2024-07-14"
2024-07-14,"FanDuel","ATL @ SEA",1022400141,"FPTS Team","First Points","Player","Team","Home/Away","Favorite/Underdog",0.1811,452,0.1667,500,0.0144,0.0086,0.8634,0.568026315789474,2024-07-14 20:56:08,1,"Jordan Horston","Loss",0.8634,-0.8634,0.568026315789474,-0.568026315789474,"FPTS Team_Jordan Horston_2024-07-14"
2024-07-14,"FanDuel","ATL @ SEA",1022400141,"FPTS Team","First Points","Player","Team","Home/Away","Favorite/Underdog",0.1841,443,0.0909,1000,0.0932,0.0513,5.1271,3.37309210526316,2024-07-14 16:56:11,10,"Maya Caldwell","Win",0.4533,4.533,0.298223684210527,2.98223684210527,"FPTS Team_Maya Caldwell_2024-07-14"
2024-07-14,"FanDuel","ATL @ SEA",1022400141,"FPTS Team","First Points","Player","Team","Home/Away","Favorite/Underdog",0.1841,443,0.1,900,0.0841,0.0467,4.6738,3.07486842105263,2024-07-14 13:26:11,3,"Maya Caldwell","Win",0.5666,5.0994,0.372763157894737,3.35486842105263,"FPTS Team_Maya Caldwell_2024-07-14"
2024-07-14,"FanDuel","ATL @ SEA",1022400141,"FPTS Team","First Points","Player","Team","Home/Away","Favorite/Underdog",0.1841,443,0.1111,800,0.073,0.0411,4.1072,2.70210526315789,2024-07-14 12:26:21,1,"Maya Caldwell","Win",4.1072,32.8576,2.70210526315789,21.6168421052632,"FPTS Team_Maya Caldwell_2024-07-14"
2024-07-14,"FanDuel","ATL @ SEA",1022400141,"FPTS Team","First Points","Player","Team","Home/Away","Favorite/Underdog",0.1726,479,0.1538,550,0.0188,0.0111,1.1108,0.73078947368421,2024-07-14 12:26:21,1,"Skylar Diggins-Smith","Loss",1.1108,-1.1108,0.73078947368421,-0.73078947368421,"FPTS Team_Skylar Diggins-Smith_2024-07-14"
2024-07-14,"BetRivers","ATL @ SEA",1022400141,"FTTS","First Points","Team","Quarter","Home/Away","Favorite/Underdog",0.4812,108,0.4444,125,0.0368,0.0331,1.6545,1.20766423357664,2024-07-14 12:26:21,1,"1Q_ATL","Loss",1.6545,-1.6545,1.20766423357664,-1.20766423357664,"FTTS_1Q_ATL_2024-07-14"
2024-07-14,"FanDuel","IND @ MIN",1022400142,"FPTS","First Points","Player","Game","Home/Away","Favorite/Underdog",0.0889,1024,0.0556,1700,0.0334,0.0177,1.7677,1.86073684210526,2024-07-14 12:26:21,1,"Katie Lou Samuelson","Loss",1.7677,-1.7677,1.86073684210526,-1.86073684210526,"FPTS_Katie Lou Samuelson_2024-07-14"
2024-07-14,"Caesars","IND @ MIN",1022400142,"FPTS","First Points","Player","Game","Home/Away","Favorite/Underdog",0.1161,761,0.0769,1200,0.0392,0.0212,2.1219,2.23357894736842,2024-07-14 12:26:21,1,"Kelsey Mitchell","Loss",2.1219,-2.1219,2.23357894736842,-2.23357894736842,"FPTS_Kelsey Mitchell_2024-07-14"
2024-07-14,"FanDuel","IND @ MIN",1022400142,"FPTS","First Points","Player","Game","Home/Away","Favorite/Underdog",0.1142,776,0.0952,950,0.0189,0.0105,1.0465,1.10157894736842,2024-07-14 19:56:07,1,"NaLyssa Smith","Loss",1.0465,-1.0465,1.10157894736842,-1.10157894736842,"FPTS_NaLyssa Smith_2024-07-14"
2024-07-14,"FanDuel","IND @ MIN",1022400142,"FPTS Team","First Points","Player","Team","Home/Away","Favorite/Underdog",0.1923,420,0.1818,450,0.0105,0.0064,0.6407,0.421513157894737,2024-07-14 19:56:07,1,"Alanna Smith","Win",0.6407,2.88315,0.421513157894737,1.89680921052632,"FPTS Team_Alanna Smith_2024-07-14"
2024-07-14,"FanDuel","IND @ MIN",1022400142,"FPTS Team","First Points","Player","Team","Home/Away","Favorite/Underdog",0.23,335,0.2083,380,0.0217,0.0137,1.3713,0.902171052631579,2024-07-14 19:56:07,1,"Courtney Williams","Loss",1.3713,-1.3713,0.902171052631579,-0.902171052631579,"FPTS Team_Courtney Williams_2024-07-14"
2024-07-14,"FanDuel","IND @ MIN",1022400142,"FPTS Team","First Points","Player","Team","Home/Away","Favorite/Underdog",0.169,492,0.1176,750,0.0514,0.0291,2.9106,1.91486842105263,2024-07-14 12:26:21,1,"Katie Lou Samuelson","Loss",2.9106,-2.9106,1.91486842105263,-1.91486842105263,"FPTS Team_Katie Lou Samuelson_2024-07-14"
2024-07-14,"FanDuel","IND @ MIN",1022400142,"FPTS Team","First Points","Player","Team","Home/Away","Favorite/Underdog",0.169,492,0.1111,800,0.0579,0.0326,3.2568,2.14263157894737,2024-07-14 16:26:11,9,"Katie Lou Samuelson","Loss",0.3462,-0.3462,0.227763157894737,-0.227763157894737,"FPTS Team_Katie Lou Samuelson_2024-07-14"
2024-07-14,"FanDuel","IND @ MIN",1022400142,"FPTS Team","First Points","Player","Team","Home/Away","Favorite/Underdog",0.2206,353,0.1667,500,0.0539,0.0324,3.2361,2.12901315789474,2024-07-14 12:26:21,1,"Kelsey Mitchell","Loss",3.2361,-3.2361,2.12901315789474,-2.12901315789474,"FPTS Team_Kelsey Mitchell_2024-07-14"
2024-07-14,"MGM","IND @ MIN",1022400142,"FPTS Team","First FGM","Player","Team","Home/Away","Favorite/Underdog",0.221,352,0.1667,500,0.0544,0.0326,3.2611,2.14546052631579,2024-07-14 13:56:12,4,"Kelsey Mitchell","Loss",0.0249999999999999,-0.0249999999999999,0.0164473684210527,-0.0164473684210527,"FPTS Team_Kelsey Mitchell_2024-07-14"
2024-07-14,"FanDuel","IND @ MIN",1022400142,"FPTS Team","First Points","Player","Team","Home/Away","Favorite/Underdog",0.2245,346,0.1961,410,0.0284,0.0176,1.7647,1.16098684210526,2024-07-14 19:56:07,1,"NaLyssa Smith","Loss",1.7647,-1.7647,1.16098684210526,-1.16098684210526,"FPTS Team_NaLyssa Smith_2024-07-14"
2024-07-14,"BetRivers","IND @ MIN",1022400142,"FTTS","First Points","Team","Quarter","Home/Away","Favorite/Underdog",0.5263,-111,0.5,100,0.0263,0.0263,1.3136,0.958832116788321,2024-07-14 12:26:21,1,"1Q_IND","Loss",1.3136,-1.3136,0.958832116788321,-0.958832116788321,"FTTS_1Q_IND_2024-07-14"
2024-07-14,"Caesars","LVA @ WAS",1022400140,"FPTS","First Points","Player","Game","Home/Away","Favorite/Underdog",0.0899,1013,0.0625,1500,0.0274,0.0146,1.46,1.53684210526316,2024-07-14 12:26:21,1,"Julie Vanloo","Loss",1.46,-1.46,1.53684210526316,-1.53684210526316,"FPTS_Julie Vanloo_2024-07-14"
2024-07-14,"FanDuel","LVA @ WAS",1022400140,"FPTS Team","First Points","Player","Team","Home/Away","Favorite/Underdog",0.1765,467,0.1538,550,0.0226,0.0134,1.3377,0.880065789473684,2024-07-14 12:26:21,1,"Jackie Young","Loss",1.3377,-1.3377,0.880065789473684,-0.880065789473684,"FPTS Team_Jackie Young_2024-07-14"
2024-07-14,"FanDuel","LVA @ WAS",1022400140,"FPTS Team","First Points","Player","Team","Home/Away","Favorite/Underdog",0.1765,467,0.1429,600,0.0336,0.0196,1.9616,1.29052631578947,2024-07-14 13:56:12,4,"Jackie Young","Loss",0.6239,-0.6239,0.410460526315789,-0.410460526315789,"FPTS Team_Jackie Young_2024-07-14"
2024-07-14,"FanDuel","LVA @ WAS",1022400140,"FPTS Team","First Points","Player","Team","Home/Away","Favorite/Underdog",0.2,400,0.1667,500,0.0333,0.02,1.9991,1.31519736842105,2024-07-14 12:26:21,1,"Julie Vanloo","Loss",1.9991,-1.9991,1.31519736842105,-1.31519736842105,"FPTS Team_Julie Vanloo_2024-07-14"
2024-07-14,"FanDuel","LVA @ WAS",1022400140,"FPTS Team","First Points","Player","Team","Home/Away","Favorite/Underdog",0.2,400,0.1538,550,0.0461,0.0273,2.7264,1.79368421052632,2024-07-14 13:56:12,4,"Julie Vanloo","Loss",0.7273,-0.7273,0.478486842105263,-0.478486842105263,"FPTS Team_Julie Vanloo_2024-07-14"
2024-07-14,"FanDuel","PHO @ CON",1022400139,"FPTS","First Points","Player","Game","Home/Away","Favorite/Underdog",0.0957,945,0.0588,1600,0.0369,0.0196,1.9596,2.06273684210526,2024-07-14 16:56:11,10,"DiJonai Carrington","Loss",0.4037,-0.4037,0.424947368421052,-0.424947368421052,"FPTS_DiJonai Carrington_2024-07-14"
2024-07-14,"FanDuel","PHO @ CON",1022400139,"FPTS","First Points","Player","Game","Home/Away","Favorite/Underdog",0.0957,945,0.0667,1400,0.029,0.0156,1.5559,1.63778947368421,2024-07-14 14:56:12,6,"DiJonai Carrington","Loss",0.2485,-0.2485,0.261578947368422,-0.261578947368422,"FPTS_DiJonai Carrington_2024-07-14"
2024-07-14,"FanDuel","PHO @ CON",1022400139,"FPTS","First Points","Player","Game","Home/Away","Favorite/Underdog",0.0957,945,0.0714,1300,0.0243,0.0131,1.3074,1.37621052631579,2024-07-14 12:26:21,1,"DiJonai Carrington","Loss",1.3074,-1.3074,1.37621052631579,-1.37621052631579,"FPTS_DiJonai Carrington_2024-07-14"
2024-07-14,"BetRivers","PHO @ CON",1022400139,"FPTS","First FGM","Player","Game","Home/Away","Favorite/Underdog",0.1658,503,0.1333,650,0.0324,0.0187,1.8719,1.97042105263158,2024-07-14 12:26:21,1,"Kahleah Copper","Win",1.8719,12.16735,1.97042105263158,12.8077368421053,"FPTS_Kahleah Copper_2024-07-14"
2024-07-14,"FanDuel","PHO @ CON",1022400139,"FPTS","First Points","Player","Game","Home/Away","Favorite/Underdog",0.0829,1106,0.0588,1600,0.0241,0.0128,1.2813,1.34873684210526,2024-07-14 16:26:11,9,"Natasha Cloud","Loss",0.191,-0.191,0.201052631578947,-0.201052631578947,"FPTS_Natasha Cloud_2024-07-14"
2024-07-14,"FanDuel","PHO @ CON",1022400139,"FPTS","First Points","Player","Game","Home/Away","Favorite/Underdog",0.0829,1106,0.0625,1500,0.0204,0.0109,1.0903,1.14768421052632,2024-07-14 15:26:14,7,"Natasha Cloud","Loss",0.2184,-0.2184,0.229894736842105,-0.229894736842105,"FPTS_Natasha Cloud_2024-07-14"
2024-07-14,"FanDuel","PHO @ CON",1022400139,"FPTS","First Points","Player","Game","Home/Away","Favorite/Underdog",0.0829,1106,0.0667,1400,0.0163,0.0087,0.8719,0.917789473684211,2024-07-14 12:26:21,1,"Natasha Cloud","Loss",0.8719,-0.8719,0.917789473684211,-0.917789473684211,"FPTS_Natasha Cloud_2024-07-14"
2024-07-14,"FanDuel","PHO @ CON",1022400139,"FPTS","First Points","Player","Game","Home/Away","Favorite/Underdog",0.0804,1144,0.0625,1500,0.0179,0.0095,0.9534,1.00357894736842,2024-07-14 12:26:21,1,"Rebecca Allen","Loss",0.9534,-0.9534,1.00357894736842,-1.00357894736842,"FPTS_Rebecca Allen_2024-07-14"
2024-07-14,"FanDuel","PHO @ CON",1022400139,"FPTS","First Points","Player","Game","Home/Away","Favorite/Underdog",0.0804,1144,0.0588,1600,0.0216,0.0115,1.145,1.20526315789474,2024-07-14 13:26:11,3,"Rebecca Allen","Loss",0.1916,-0.1916,0.201684210526316,-0.201684210526316,"FPTS_Rebecca Allen_2024-07-14"
2024-07-14,"FanDuel","PHO @ CON",1022400139,"FPTS","First Points","Player","Game","Home/Away","Favorite/Underdog",0.0708,1313,0.0588,1600,0.0119,0.0063,0.6341,0.667473684210526,2024-07-14 12:26:21,1,"Tyasha Harris","Loss",0.6341,-0.6341,0.667473684210526,-0.667473684210526,"FPTS_Tyasha Harris_2024-07-14"
2024-07-14,"FanDuel","PHO @ CON",1022400139,"FPTS Team","First Points","Player","Team","Home/Away","Favorite/Underdog",0.2205,353,0.1429,600,0.0777,0.0453,4.531,2.98092105263158,2024-07-14 12:26:21,1,"DiJonai Carrington","Loss",4.531,-4.531,2.98092105263158,-2.98092105263158,"FPTS Team_DiJonai Carrington_2024-07-14"
2024-07-14,"FanDuel","PHO @ CON",1022400139,"FPTS Team","First Points","Player","Team","Home/Away","Favorite/Underdog",0.2205,353,0.1333,650,0.0872,0.0503,5.0306,3.30960526315789,2024-07-14 16:56:11,10,"DiJonai Carrington","Loss",0.4996,-0.4996,0.328684210526316,-0.328684210526316,"FPTS Team_DiJonai Carrington_2024-07-14"
2024-07-14,"FanDuel","PHO @ CON",1022400139,"FPTS Team","First Points","Player","Team","Home/Away","Favorite/Underdog",0.2829,254,0.2439,310,0.039,0.0258,2.5777,1.69585526315789,2024-07-14 12:26:21,1,"Kahleah Copper","Win",2.5777,7.99087,1.69585526315789,5.25715131578947,"FPTS Team_Kahleah Copper_2024-07-14"
2024-07-14,"MGM","PHO @ CON",1022400139,"FPTS Team","First FGM","Player","Team","Home/Away","Favorite/Underdog",0.2972,236,0.2353,325,0.0619,0.0405,4.0494,2.66407894736842,2024-07-14 13:56:12,4,"Kahleah Copper","Win",1.4717,4.783025,0.968223684210527,3.14672697368421,"FPTS Team_Kahleah Copper_2024-07-14"
2024-07-14,"FanDuel","PHO @ CON",1022400139,"FPTS Team","First Points","Player","Team","Home/Away","Favorite/Underdog",0.1465,582,0.1053,850,0.0413,0.0231,2.3067,1.51756578947368,2024-07-14 16:26:11,9,"Natasha Cloud","Loss",0.3138,-0.3138,0.206447368421053,-0.206447368421053,"FPTS Team_Natasha Cloud_2024-07-14"
2024-07-14,"FanDuel","PHO @ CON",1022400139,"FPTS Team","First Points","Player","Team","Home/Away","Favorite/Underdog",0.1465,582,0.1111,800,0.0354,0.0199,1.9929,1.31111842105263,2024-07-14 15:26:14,7,"Natasha Cloud","Loss",0.3556,-0.3556,0.233947368421052,-0.233947368421052,"FPTS Team_Natasha Cloud_2024-07-14"
2024-07-14,"FanDuel","PHO @ CON",1022400139,"FPTS Team","First Points","Player","Team","Home/Away","Favorite/Underdog",0.1465,582,0.1176,750,0.0289,0.0164,1.6373,1.07717105263158,2024-07-14 12:26:21,1,"Natasha Cloud","Loss",1.6373,-1.6373,1.07717105263158,-1.07717105263158,"FPTS Team_Natasha Cloud_2024-07-14"
2024-07-14,"FanDuel","PHO @ CON",1022400139,"FPTS Team","First Points","Player","Team","Home/Away","Favorite/Underdog",0.142,604,0.1176,750,0.0244,0.0138,1.3805,0.908223684210526,2024-07-14 12:26:21,1,"Rebecca Allen","Loss",1.3805,-1.3805,0.908223684210526,-0.908223684210526,"FPTS Team_Rebecca Allen_2024-07-14"
2024-07-14,"FanDuel","PHO @ CON",1022400139,"FPTS Team","First Points","Player","Team","Home/Away","Favorite/Underdog",0.142,604,0.1111,800,0.0309,0.0174,1.7379,1.14335526315789,2024-07-14 13:26:11,3,"Rebecca Allen","Loss",0.3574,-0.3574,0.235131578947368,-0.235131578947368,"FPTS Team_Rebecca Allen_2024-07-14"
2024-07-14,"FanDuel","PHO @ CON",1022400139,"FPTS Team","First Points","Player","Team","Home/Away","Favorite/Underdog",0.163,513,0.1333,650,0.0297,0.0171,1.7138,1.1275,2024-07-14 12:26:21,1,"Tyasha Harris","Loss",1.7138,-1.7138,1.1275,-1.1275,"FPTS Team_Tyasha Harris_2024-07-14"
2024-07-16,"Draft Kings","CHI @ LVA",1022400146,"FPTS","First FGM","Player","Game","Home/Away","Favorite/Underdog",0.1316,660,0.1176,750,0.0139,0.0079,0.7881,0.829578947368421,2024-07-16 12:26:21,1,"Angel Reese","Loss",0.39405,-0.39405,0.414789473684211,-0.414789473684211,"FPTS_Angel Reese_2024-07-16"
2024-07-16,"Fanatics","CHI @ LVA",1022400146,"FPTS","First FGM","Player","Game","Home/Away","Favorite/Underdog",0.1316,660,0.1176,750,0.0139,0.0079,0.7881,0.829578947368421,2024-07-16 12:26:21,1,"Angel Reese","Loss",0.39405,-0.39405,0.414789473684211,-0.414789473684211,"FPTS_Angel Reese_2024-07-16"
2024-07-16,"FanDuel","CHI @ LVA",1022400146,"FPTS","First Points","Player","Game","Home/Away","Favorite/Underdog",0.1345,644,0.1176,750,0.0168,0.0095,0.9541,1.00431578947368,2024-07-16 16:56:21,10,"Angel Reese","Loss",0.166,-0.166,0.174736842105263,-0.174736842105263,"FPTS_Angel Reese_2024-07-16"
2024-07-16,"Draft Kings","CHI @ LVA",1022400146,"FPTS","First FGM","Player","Game","Home/Away","Favorite/Underdog",0.0796,1156,0.0667,1400,0.013,0.007,0.6951,0.731684210526316,2024-07-16 12:26:21,1,"Chelsea Gray","Loss",0.34755,-0.34755,0.365842105263158,-0.365842105263158,"FPTS_Chelsea Gray_2024-07-16"
2024-07-16,"Fanatics","CHI @ LVA",1022400146,"FPTS","First FGM","Player","Game","Home/Away","Favorite/Underdog",0.0796,1156,0.0667,1400,0.013,0.007,0.6951,0.731684210526316,2024-07-16 12:26:21,1,"Chelsea Gray","Loss",0.34755,-0.34755,0.365842105263158,-0.365842105263158,"FPTS_Chelsea Gray_2024-07-16"
2024-07-16,"Draft Kings","CHI @ LVA",1022400146,"FPTS","First FGM","Player","Game","Home/Away","Favorite/Underdog",0.0707,1314,0.0588,1600,0.0119,0.0063,0.6313,0.664526315789474,2024-07-16 12:26:21,1,"Lindsay Allen","Loss",0.31565,-0.31565,0.332263157894737,-0.332263157894737,"FPTS_Lindsay Allen_2024-07-16"
2024-07-16,"Fanatics","CHI @ LVA",1022400146,"FPTS","First FGM","Player","Game","Home/Away","Favorite/Underdog",0.0707,1314,0.0588,1600,0.0119,0.0063,0.6313,0.664526315789474,2024-07-16 12:26:21,1,"Lindsay Allen","Loss",0.31565,-0.31565,0.332263157894737,-0.332263157894737,"FPTS_Lindsay Allen_2024-07-16"
2024-07-16,"BetRivers","CHI @ LVA",1022400146,"FPTS","First FGM","Player","Game","Home/Away","Favorite/Underdog",0.0707,1314,0.0556,1700,0.0152,0.008,0.8021,0.844315789473684,2024-07-16 13:56:22,4,"Lindsay Allen","Loss",0.1708,-0.1708,0.179789473684211,-0.179789473684211,"FPTS_Lindsay Allen_2024-07-16"
2024-07-16,"FanDuel","CHI @ LVA",1022400146,"FPTS Team","First Points","Player","Team","Home/Away","Favorite/Underdog",0.2648,278,0.25,300,0.0148,0.0099,0.9861,0.64875,2024-07-16 16:56:21,1,"Angel Reese","Loss",0.9861,-0.9861,0.64875,-0.64875,"FPTS Team_Angel Reese_2024-07-16"
2024-07-16,"FanDuel","CHI @ LVA",1022400146,"FPTS Team","First Points","Player","Team","Home/Away","Favorite/Underdog",0.1514,561,0.125,700,0.0264,0.0151,1.5064,0.991052631578947,2024-07-16 13:26:25,1,"Chelsea Gray","Loss",1.5064,-1.5064,0.991052631578947,-0.991052631578947,"FPTS Team_Chelsea Gray_2024-07-16"
2024-07-16,"FanDuel","CHI @ LVA",1022400146,"FPTS Team","First Points","Player","Team","Home/Away","Favorite/Underdog",0.1258,695,0.1,900,0.0258,0.0143,1.4319,0.94203947368421,2024-07-17 01:56:09,23,"Lindsay Allen","Loss",0.2041,-0.2041,0.134276315789474,-0.134276315789474,"FPTS Team_Lindsay Allen_2024-07-16"
2024-07-16,"FanDuel","CHI @ LVA",1022400146,"FPTS Team","First Points","Player","Team","Home/Away","Favorite/Underdog",0.1258,695,0.1111,800,0.0147,0.0082,0.8248,0.542631578947368,2024-07-16 14:56:22,1,"Lindsay Allen","Loss",0.8248,-0.8248,0.542631578947368,-0.542631578947368,"FPTS Team_Lindsay Allen_2024-07-16"
2024-07-16,"MGM","CHI @ LVA",1022400146,"FPTS Team","First FGM","Player","Team","Home/Away","Favorite/Underdog",0.1393,618,0.1176,750,0.0217,0.0123,1.2278,0.807763157894737,2024-07-16 16:26:22,4,"Lindsay Allen","Loss",0.403,-0.403,0.265131578947368,-0.265131578947368,"FPTS Team_Lindsay Allen_2024-07-16"
2024-07-16,"BetRivers","CHI @ LVA",1022400146,"FTTS","First Points","Team","Quarter","Home/Away","Favorite/Underdog",0.5079,-103,0.4762,110,0.0317,0.0303,1.5127,1.10416058394161,2024-07-16 14:26:25,1,"1Q_CHI","Win",1.5127,1.66397,1.10416058394161,1.21457664233577,"FTTS_1Q_CHI_2024-07-16"
2024-07-16,"FanDuel","CON @ NYL",1022400145,"FPTS","First Points","Player","Game","Home/Away","Favorite/Underdog",0.0925,981,0.0588,1600,0.0336,0.0179,1.7874,1.88147368421053,2024-07-16 12:26:21,1,"DiJonai Carrington","Loss",1.7874,-1.7874,1.88147368421053,-1.88147368421053,"FPTS_DiJonai Carrington_2024-07-16"
2024-07-16,"FanDuel","CON @ NYL",1022400145,"FPTS","First Points","Player","Game","Home/Away","Favorite/Underdog",0.0925,981,0.0556,1700,0.0369,0.0195,1.9543,2.05715789473684,2024-07-16 12:56:23,2,"DiJonai Carrington","Loss",0.1669,-0.1669,0.175684210526316,-0.175684210526316,"FPTS_DiJonai Carrington_2024-07-16"
2024-07-16,"FanDuel","CON @ NYL",1022400145,"FPTS","First Points","Player","Game","Home/Away","Favorite/Underdog",0.1104,806,0.0909,1000,0.0195,0.0107,1.07,1.12631578947368,2024-07-16 12:26:21,1,"Kennedy Burke","Loss",1.07,-1.07,1.12631578947368,-1.12631578947368,"FPTS_Kennedy Burke_2024-07-16"
2024-07-16,"FanDuel","CON @ NYL",1022400145,"FPTS","First Points","Player","Game","Home/Away","Favorite/Underdog",0.1104,806,0.0833,1100,0.027,0.0147,1.4744,1.552,2024-07-16 21:26:17,19,"Kennedy Burke","Loss",0.4044,-0.4044,0.425684210526316,-0.425684210526316,"FPTS_Kennedy Burke_2024-07-16"
2024-07-16,"Caesars","CON @ NYL",1022400145,"FPTS","First Points","Player","Game","Home/Away","Favorite/Underdog",0.0718,1292,0.0526,1800,0.0192,0.0101,1.0127,1.066,2024-07-16 17:26:22,11,"Tyasha Harris","Loss",0.1517,-0.1517,0.159684210526316,-0.159684210526316,"FPTS_Tyasha Harris_2024-07-16"
2024-07-16,"FanDuel","CON @ NYL",1022400145,"FPTS","First Points","Player","Game","Home/Away","Favorite/Underdog",0.0718,1292,0.0556,1700,0.0163,0.0086,0.861,0.906315789473684,2024-07-16 13:26:25,3,"Tyasha Harris","Loss",0.1706,-0.1706,0.179578947368421,-0.179578947368421,"FPTS_Tyasha Harris_2024-07-16"
2024-07-16,"FanDuel","CON @ NYL",1022400145,"FPTS","First Points","Player","Game","Home/Away","Favorite/Underdog",0.0718,1292,0.0588,1600,0.013,0.0069,0.6904,0.726736842105263,2024-07-16 12:26:21,1,"Tyasha Harris","Loss",0.6904,-0.6904,0.726736842105263,-0.726736842105263,"FPTS_Tyasha Harris_2024-07-16"
2024-07-16,"FanDuel","CON @ NYL",1022400145,"FPTS Team","First Points","Player","Team","Home/Away","Favorite/Underdog",0.2105,375,0.1333,650,0.0772,0.0445,4.4536,2.93,2024-07-16 12:26:21,1,"DiJonai Carrington","Loss",4.4536,-4.4536,2.93,-2.93,"FPTS Team_DiJonai Carrington_2024-07-16"
2024-07-16,"FanDuel","CON @ NYL",1022400145,"FPTS Team","First Points","Player","Team","Home/Away","Favorite/Underdog",0.1968,408,0.1429,600,0.0539,0.0315,3.147,2.0703947368421,2024-07-16 12:26:21,1,"Kennedy Burke","Loss",3.147,-3.147,2.0703947368421,-2.0703947368421,"FPTS Team_Kennedy Burke_2024-07-16"
2024-07-16,"FanDuel","CON @ NYL",1022400145,"FPTS Team","First Points","Player","Team","Home/Away","Favorite/Underdog",0.1635,512,0.1333,650,0.0302,0.0174,1.7412,1.14552631578947,2024-07-16 12:26:21,1,"Tyasha Harris","Loss",1.7412,-1.7412,1.14552631578947,-1.14552631578947,"FPTS Team_Tyasha Harris_2024-07-16"
2024-07-16,"BetRivers","PHO @ WAS",1022400143,"FPTS","First FGM","Player","Game","Home/Away","Favorite/Underdog",0.0801,1149,0.0588,1600,0.0212,0.0113,1.1286,1.188,2024-07-16 12:56:23,2,"Julie Vanloo","Loss",0.0156000000000001,-0.0156000000000001,0.0164210526315791,-0.0164210526315791,"FPTS_Julie Vanloo_2024-07-16"
2024-07-16,"FanDuel","PHO @ WAS",1022400143,"FPTS","First Points","Player","Game","Home/Away","Favorite/Underdog",0.0798,1154,0.0556,1700,0.0242,0.0128,1.2822,1.34968421052632,2024-07-16 13:26:25,3,"Julie Vanloo","Loss",0.1536,-0.1536,0.161684210526316,-0.161684210526316,"FPTS_Julie Vanloo_2024-07-16"
2024-07-16,"FanDuel","PHO @ WAS",1022400143,"FPTS","First Points","Player","Game","Home/Away","Favorite/Underdog",0.0798,1154,0.0588,1600,0.021,0.0111,1.113,1.17157894736842,2024-07-16 12:26:21,1,"Julie Vanloo","Loss",1.113,-1.113,1.17157894736842,-1.17157894736842,"FPTS_Julie Vanloo_2024-07-16"
2024-07-16,"FanDuel","PHO @ WAS",1022400143,"FPTS","First Points","Player","Game","Home/Away","Favorite/Underdog",0.0858,1066,0.0667,1400,0.0191,0.0102,1.0247,1.07863157894737,2024-07-16 12:26:21,1,"Natasha Cloud","Loss",1.0247,-1.0247,1.07863157894737,-1.07863157894737,"FPTS_Natasha Cloud_2024-07-16"
2024-07-16,"BetRivers","PHO @ WAS",1022400143,"FPTS","First FGM","Player","Game","Home/Away","Favorite/Underdog",0.0885,1031,0.0667,1400,0.0218,0.0117,1.1673,1.22873684210526,2024-07-16 12:56:23,2,"Natasha Cloud","Loss",0.1426,-0.1426,0.150105263157895,-0.150105263157895,"FPTS_Natasha Cloud_2024-07-16"
2024-07-16,"FanDuel","PHO @ WAS",1022400143,"FPTS","First Points","Player","Game","Home/Away","Favorite/Underdog",0.0924,982,0.0769,1200,0.0155,0.0084,0.838,0.882105263157895,2024-07-16 13:26:25,1,"Rebecca Allen","Loss",0.838,-0.838,0.882105263157895,-0.882105263157895,"FPTS_Rebecca Allen_2024-07-16"
2024-07-16,"FanDuel","PHO @ WAS",1022400143,"FPTS","First Points","Player","Game","Home/Away","Favorite/Underdog",0.0924,982,0.0714,1300,0.021,0.0113,1.1289,1.18831578947368,2024-07-16 14:26:25,3,"Rebecca Allen","Loss",0.2909,-0.2909,0.30621052631579,-0.30621052631579,"FPTS_Rebecca Allen_2024-07-16"
2024-07-16,"FanDuel","PHO @ WAS",1022400143,"FPTS Team","First Points","Player","Team","Home/Away","Favorite/Underdog",0.1751,471,0.1333,650,0.0418,0.0241,2.4099,1.58546052631579,2024-07-16 15:26:25,7,"Julie Vanloo","Loss",0.0951,-0.0951,0.0625657894736844,-0.0625657894736844,"FPTS Team_Julie Vanloo_2024-07-16"
2024-07-16,"FanDuel","PHO @ WAS",1022400143,"FPTS Team","First Points","Player","Team","Home/Away","Favorite/Underdog",0.1825,448,0.1429,600,0.0397,0.0231,2.3148,1.52289473684211,2024-07-16 13:26:25,3,"Julie Vanloo","Loss",0.6193,-0.6193,0.407434210526316,-0.407434210526316,"FPTS Team_Julie Vanloo_2024-07-16"
2024-07-16,"FanDuel","PHO @ WAS",1022400143,"FPTS Team","First Points","Player","Team","Home/Away","Favorite/Underdog",0.1825,448,0.1538,550,0.0287,0.017,1.6955,1.11546052631579,2024-07-16 12:26:21,1,"Julie Vanloo","Loss",1.6955,-1.6955,1.11546052631579,-1.11546052631579,"FPTS Team_Julie Vanloo_2024-07-16"
2024-07-16,"FanDuel","PHO @ WAS",1022400143,"FPTS Team","First Points","Player","Team","Home/Away","Favorite/Underdog",0.2472,304,0.2326,330,0.0147,0.0096,0.9563,0.629144736842105,2024-07-16 12:26:21,1,"Kahleah Copper","Loss",0.9563,-0.9563,0.629144736842105,-0.629144736842105,"FPTS Team_Kahleah Copper_2024-07-16"
2024-07-16,"MGM","PHO @ WAS",1022400143,"FPTS Team","First FGM","Player","Team","Home/Away","Favorite/Underdog",0.267,275,0.25,300,0.017,0.0113,1.131,0.744078947368421,2024-07-16 14:26:25,2,"Kahleah Copper","Loss",0.1747,-0.1747,0.114934210526316,-0.114934210526316,"FPTS Team_Kahleah Copper_2024-07-16"
2024-07-16,"FanDuel","PHO @ WAS",1022400143,"FPTS Team","First Points","Player","Team","Home/Away","Favorite/Underdog",0.1524,556,0.1,900,0.0524,0.0291,2.9109,1.91506578947368,2024-07-16 12:26:21,1,"Natasha Cloud","Loss",2.9109,-2.9109,1.91506578947368,-1.91506578947368,"FPTS Team_Natasha Cloud_2024-07-16"
2024-07-16,"FanDuel","PHO @ WAS",1022400143,"FPTS Team","First Points","Player","Team","Home/Away","Favorite/Underdog",0.1641,509,0.1111,800,0.053,0.0298,2.9817,1.96164473684211,2024-07-16 15:26:25,7,"Rebecca Allen","Loss",0.3483,-0.3483,0.229144736842105,-0.229144736842105,"FPTS Team_Rebecca Allen_2024-07-16"
2024-07-16,"FanDuel","PHO @ WAS",1022400143,"FPTS Team","First Points","Player","Team","Home/Away","Favorite/Underdog",0.1641,509,0.1176,750,0.0465,0.0263,2.6334,1.7325,2024-07-16 13:26:25,3,"Rebecca Allen","Loss",0.398,-0.398,0.261842105263158,-0.261842105263158,"FPTS Team_Rebecca Allen_2024-07-16"
2024-07-16,"FanDuel","PHO @ WAS",1022400143,"FPTS Team","First Points","Player","Team","Home/Away","Favorite/Underdog",0.1641,509,0.125,700,0.0391,0.0224,2.2354,1.47065789473684,2024-07-16 12:26:21,1,"Rebecca Allen","Loss",2.2354,-2.2354,1.47065789473684,-1.47065789473684,"FPTS Team_Rebecca Allen_2024-07-16"
2024-07-16,"Draft Kings","SEA @ LAS",1022400144,"FPTS","First FGM","Player","Game","Home/Away","Favorite/Underdog",0.1089,818,0.0769,1200,0.032,0.0173,1.7345,1.82578947368421,2024-07-16 12:26:21,1,"Azurá Stevens","Loss",0.86725,-0.86725,0.912894736842105,-0.912894736842105,"FPTS_Azurá Stevens_2024-07-16"
2024-07-16,"FanDuel","SEA @ LAS",1022400144,"FPTS","First Points","Player","Game","Home/Away","Favorite/Underdog",0.1116,796,0.0714,1300,0.0401,0.0216,2.1616,2.27536842105263,2024-07-16 19:26:19,15,"Azurá Stevens","Loss",0.2847,-0.2847,0.299684210526316,-0.299684210526316,"FPTS_Azurá Stevens_2024-07-16"
2024-07-16,"FanDuel","SEA @ LAS",1022400144,"FPTS","First Points","Player","Game","Home/Away","Favorite/Underdog",0.1116,796,0.0769,1200,0.0346,0.0188,1.8769,1.97568421052632,2024-07-16 14:26:25,5,"Azurá Stevens","Loss",0.1424,-0.1424,0.149894736842106,-0.149894736842106,"FPTS_Azurá Stevens_2024-07-16"
2024-07-16,"Fanatics","SEA @ LAS",1022400144,"FPTS","First FGM","Player","Game","Home/Away","Favorite/Underdog",0.1089,818,0.0769,1200,0.032,0.0173,1.7345,1.82578947368421,2024-07-16 12:26:21,1,"Azurá Stevens","Loss",0.86725,-0.86725,0.912894736842105,-0.912894736842105,"FPTS_Azurá Stevens_2024-07-16"
2024-07-16,"FanDuel","SEA @ LAS",1022400144,"FPTS Team","First Points","Player","Team","Home/Away","Favorite/Underdog",0.2272,340,0.1667,500,0.0605,0.0363,3.6303,2.38835526315789,2024-07-16 12:26:21,1,"Azurá Stevens","Loss",3.6303,-3.6303,2.38835526315789,-2.38835526315789,"FPTS Team_Azurá Stevens_2024-07-16"
2024-07-16,"FanDuel","SEA @ LAS",1022400144,"FPTS Team","First Points","Player","Team","Home/Away","Favorite/Underdog",0.2272,340,0.1538,550,0.0733,0.0433,4.3329,2.85059210526316,2024-07-16 16:26:22,9,"Azurá Stevens","Loss",0.7026,-0.7026,0.462236842105263,-0.462236842105263,"FPTS Team_Azurá Stevens_2024-07-16"
2024-07-16,"MGM","SEA @ LAS",1022400144,"FPTS Team","First FGM","Player","Team","Home/Away","Favorite/Underdog",0.1886,430,0.1739,475,0.0147,0.0089,0.8878,0.584078947368421,2024-07-16 14:26:25,1,"Jordan Horston","Loss",0.8878,-0.8878,0.584078947368421,-0.584078947368421,"FPTS Team_Jordan Horston_2024-07-16"
2024-07-16,"FanDuel","SEA @ LAS",1022400144,"FPTS Team","First Points","Player","Team","Home/Away","Favorite/Underdog",0.1877,433,0.1724,480,0.0153,0.0092,0.9227,0.60703947368421,2024-07-16 15:26:25,3,"Jordan Horston","Loss",0.0348999999999999,-0.0348999999999999,0.0229605263157895,-0.0229605263157895,"FPTS Team_Jordan Horston_2024-07-16"
2024-07-17,"FanDuel","ATL @ MIN",1022400147,"FPTS","First Points","Player","Game","Home/Away","Favorite/Underdog",0.1058,845,0.0952,950,0.0105,0.0058,0.5818,0.612421052631579,2024-07-17 16:56:08,1,"Alanna Smith","Loss",0.5818,-0.5818,0.612421052631579,-0.612421052631579,"FPTS_Alanna Smith_2024-07-17"
2024-07-17,"BetRivers","ATL @ MIN",1022400147,"FPTS","First FGM","Player","Game","Home/Away","Favorite/Underdog",0.0986,915,0.0769,1200,0.0216,0.0117,1.1718,1.23347368421053,2024-07-17 12:26:21,1,"Dorka Juhász","Loss",1.1718,-1.1718,1.23347368421053,-1.23347368421053,"FPTS_Dorka Juhász_2024-07-17"
2024-07-17,"BetRivers","ATL @ MIN",1022400147,"FPTS","First FGM","Player","Game","Home/Away","Favorite/Underdog",0.0998,902,0.0769,1200,0.0228,0.0124,1.2371,1.30221052631579,2024-07-17 16:56:08,10,"Dorka Juhász","Loss",0.0326500000000001,-0.0326500000000001,0.0343684210526316,-0.0343684210526316,"FPTS_Dorka Juhász_2024-07-17"
2024-07-17,"MGM","ATL @ MIN",1022400147,"FPTS","First FGM","Player","Game","Home/Away","Favorite/Underdog",0.0998,902,0.0769,1200,0.0228,0.0124,1.2371,1.30221052631579,2024-07-17 16:56:08,10,"Dorka Juhász","Loss",0.0326500000000001,-0.0326500000000001,0.0343684210526316,-0.0343684210526316,"FPTS_Dorka Juhász_2024-07-17"
2024-07-17,"Caesars","ATL @ MIN",1022400147,"FPTS","First Points","Player","Game","Home/Away","Favorite/Underdog",0.0939,965,0.0667,1400,0.0272,0.0146,1.4587,1.53547368421053,2024-07-17 14:56:13,1,"Maya Caldwell","Loss",1.4587,-1.4587,1.53547368421053,-1.53547368421053,"FPTS_Maya Caldwell_2024-07-17"
2024-07-17,"FanDuel","ATL @ MIN",1022400147,"FPTS","First Points","Player","Game","Home/Away","Favorite/Underdog",0.0965,937,0.0667,1400,0.0298,0.016,1.5959,1.67989473684211,2024-07-17 16:56:08,4,"Maya Caldwell","Loss",0.1372,-0.1372,0.144421052631579,-0.144421052631579,"FPTS_Maya Caldwell_2024-07-17"
2024-07-17,"FanDuel","ATL @ MIN",1022400147,"FPTS Team","First Points","Player","Team","Home/Away","Favorite/Underdog",0.2115,373,0.1724,480,0.0391,0.0236,2.3633,1.55480263157895,2024-07-17 15:56:08,7,"Alanna Smith","Loss",0.3571,-0.3571,0.234934210526316,-0.234934210526316,"FPTS Team_Alanna Smith_2024-07-17"
2024-07-17,"FanDuel","ATL @ MIN",1022400147,"FPTS Team","First Points","Player","Team","Home/Away","Favorite/Underdog",0.2115,373,0.1786,460,0.033,0.0201,2.0062,1.31986842105263,2024-07-17 13:26:09,2,"Alanna Smith","Loss",0.1905,-0.1905,0.125328947368421,-0.125328947368421,"FPTS Team_Alanna Smith_2024-07-17"
2024-07-17,"FanDuel","ATL @ MIN",1022400147,"FPTS Team","First Points","Player","Team","Home/Away","Favorite/Underdog",0.2115,373,0.1818,450,0.0297,0.0182,1.8157,1.19453947368421,2024-07-17 12:56:09,1,"Alanna Smith","Loss",1.8157,-1.8157,1.19453947368421,-1.19453947368421,"FPTS Team_Alanna Smith_2024-07-17"
2024-07-17,"MGM","ATL @ MIN",1022400147,"FPTS Team","First FGM","Player","Team","Home/Away","Favorite/Underdog",0.1995,401,0.1538,550,0.0457,0.027,2.6991,1.77572368421053,2024-07-17 13:26:09,1,"Dorka Juhász","Loss",2.6991,-2.6991,1.77572368421053,-1.77572368421053,"FPTS Team_Dorka Juhász_2024-07-17"
2024-07-17,"FanDuel","ATL @ MIN",1022400147,"FPTS Team","First Points","Player","Team","Home/Away","Favorite/Underdog",0.185,440,0.125,700,0.06,0.0343,3.431,2.25723684210526,2024-07-17 13:26:09,2,"Maya Caldwell","Loss",0.4478,-0.4478,0.294605263157895,-0.294605263157895,"FPTS Team_Maya Caldwell_2024-07-17"
2024-07-17,"FanDuel","ATL @ MIN",1022400147,"FPTS Team","First Points","Player","Team","Home/Away","Favorite/Underdog",0.1929,418,0.1333,650,0.0596,0.0344,3.4373,2.26138157894737,2024-07-17 16:56:08,9,"Maya Caldwell","Loss",2.9895,-2.9895,1.96677631578948,-1.96677631578948,"FPTS Team_Maya Caldwell_2024-07-17"
2024-07-17,"MGM","ATL @ MIN",1022400147,"FPTS Team","First FGM","Player","Team","Home/Away","Favorite/Underdog",0.1586,531,0.1429,600,0.0157,0.0092,0.9176,0.603684210526316,2024-07-17 16:56:08,1,"Naz Hillmon","Loss",0.9176,-0.9176,0.603684210526316,-0.603684210526316,"FPTS Team_Naz Hillmon_2024-07-17"
2024-07-17,"BetRivers","IND @ DAL",1022400148,"FPTS","First FGM","Player","Game","Home/Away","Favorite/Underdog",0.0803,1146,0.0667,1400,0.0136,0.0073,0.7279,0.76621052631579,2024-07-17 12:26:21,1,"Katie Lou Samuelson","Loss",0.7279,-0.7279,0.76621052631579,-0.76621052631579,"FPTS_Katie Lou Samuelson_2024-07-17"
2024-07-17,"FanDuel","IND @ DAL",1022400148,"FPTS","First Points","Player","Game","Home/Away","Favorite/Underdog",0.0797,1155,0.0625,1500,0.0172,0.0092,0.9176,0.965894736842105,2024-07-17 23:26:03,23,"Katie Lou Samuelson","Loss",0.1897,-0.1897,0.199684210526316,-0.199684210526316,"FPTS_Katie Lou Samuelson_2024-07-17"
2024-07-17,"FanDuel","IND @ DAL",1022400148,"FPTS","First Points","Player","Game","Home/Away","Favorite/Underdog",0.0934,971,0.0833,1100,0.0101,0.0055,0.5496,0.578526315789474,2024-07-17 14:56:13,1,"Kelsey Mitchell","Loss",0.5496,-0.5496,0.578526315789474,-0.578526315789474,"FPTS_Kelsey Mitchell_2024-07-17"
2024-07-17,"FanDuel","IND @ DAL",1022400148,"FPTS","First Points","Player","Game","Home/Away","Favorite/Underdog",0.112,793,0.0909,1000,0.0211,0.0116,1.1605,1.22157894736842,2024-07-17 12:26:21,1,"NaLyssa Smith","Loss",1.1605,-1.1605,1.22157894736842,-1.22157894736842,"FPTS_NaLyssa Smith_2024-07-17"
2024-07-17,"FanDuel","IND @ DAL",1022400148,"FPTS","First Points","Player","Game","Home/Away","Favorite/Underdog",0.112,793,0.0833,1100,0.0287,0.0156,1.5642,1.64652631578947,2024-07-17 16:26:10,9,"NaLyssa Smith","Loss",0.4037,-0.4037,0.424947368421053,-0.424947368421053,"FPTS_NaLyssa Smith_2024-07-17"
2024-07-17,"Draft Kings","IND @ DAL",1022400148,"FPTS","First FGM","Player","Game","Home/Away","Favorite/Underdog",0.087,1049,0.0667,1400,0.0204,0.0109,1.0911,1.14852631578947,2024-07-17 12:26:21,1,"Odyssey Sims","Loss",1.0911,-1.0911,1.14852631578947,-1.14852631578947,"FPTS_Odyssey Sims_2024-07-17"
2024-07-17,"FanDuel","IND @ DAL",1022400148,"FPTS","First Points","Player","Game","Home/Away","Favorite/Underdog",0.084,1090,0.0588,1600,0.0252,0.0134,1.3381,1.40852631578947,2024-07-17 23:26:03,23,"Odyssey Sims","Loss",0.1908,-0.1908,0.200842105263158,-0.200842105263158,"FPTS_Odyssey Sims_2024-07-17"
2024-07-17,"FanDuel","IND @ DAL",1022400148,"FPTS","First Points","Player","Game","Home/Away","Favorite/Underdog",0.084,1090,0.0625,1500,0.0215,0.0115,1.1473,1.20768421052632,2024-07-17 22:56:23,22,"Odyssey Sims","Loss",0.0562,-0.0562,0.0591578947368423,-0.0591578947368423,"FPTS_Odyssey Sims_2024-07-17"
2024-07-17,"FanDuel","IND @ DAL",1022400148,"FPTS Team","First Points","Player","Team","Home/Away","Favorite/Underdog",0.1631,513,0.1429,600,0.0203,0.0118,1.1834,0.778552631578947,2024-07-17 12:26:21,1,"Katie Lou Samuelson","Loss",1.1834,-1.1834,0.778552631578947,-0.778552631578947,"FPTS Team_Katie Lou Samuelson_2024-07-17"
2024-07-17,"MGM","IND @ DAL",1022400148,"FPTS Team","First FGM","Player","Team","Home/Away","Favorite/Underdog",0.1636,511,0.1429,600,0.0207,0.0121,1.2072,0.79421052631579,2024-07-17 13:26:09,2,"Katie Lou Samuelson","Loss",0.0238,-0.0238,0.0156578947368421,-0.0156578947368421,"FPTS Team_Katie Lou Samuelson_2024-07-17"
2024-07-17,"FanDuel","IND @ DAL",1022400148,"FPTS Team","First Points","Player","Team","Home/Away","Favorite/Underdog",0.2293,336,0.1852,440,0.0441,0.0271,2.7051,1.77967105263158,2024-07-17 13:26:09,3,"NaLyssa Smith","Loss",0.2037,-0.2037,0.134013157894737,-0.134013157894737,"FPTS Team_NaLyssa Smith_2024-07-17"
2024-07-17,"FanDuel","IND @ DAL",1022400148,"FPTS Team","First Points","Player","Team","Home/Away","Favorite/Underdog",0.2293,336,0.1887,430,0.0406,0.025,2.5014,1.64565789473684,2024-07-17 12:56:09,2,"NaLyssa Smith","Loss",0.4371,-0.4371,0.287565789473684,-0.287565789473684,"FPTS Team_NaLyssa Smith_2024-07-17"
2024-07-17,"FanDuel","IND @ DAL",1022400148,"FPTS Team","First Points","Player","Team","Home/Away","Favorite/Underdog",0.2293,336,0.1961,410,0.0332,0.0206,2.0643,1.35809210526316,2024-07-17 12:26:21,1,"NaLyssa Smith","Loss",2.0643,-2.0643,1.35809210526316,-1.35809210526316,"FPTS Team_NaLyssa Smith_2024-07-17"
2024-07-17,"FanDuel","IND @ DAL",1022400148,"FPTS Team","First Points","Player","Team","Home/Away","Favorite/Underdog",0.1643,509,0.1053,850,0.059,0.033,3.2969,2.16901315789474,2024-07-17 22:56:23,22,"Odyssey Sims","Loss",0.6554,-0.6554,0.431184210526316,-0.431184210526316,"FPTS Team_Odyssey Sims_2024-07-17"
2024-07-17,"FanDuel","IND @ DAL",1022400148,"FPTS Team","First Points","Player","Team","Home/Away","Favorite/Underdog",0.1643,509,0.1176,750,0.0466,0.0264,2.6415,1.73782894736842,2024-07-17 16:56:08,10,"Odyssey Sims","Loss",0.398,-0.398,0.261842105263158,-0.261842105263158,"FPTS Team_Odyssey Sims_2024-07-17"
2024-07-17,"FanDuel","IND @ DAL",1022400148,"FPTS Team","First Points","Player","Team","Home/Away","Favorite/Underdog",0.1643,509,0.125,700,0.0393,0.0224,2.2435,1.47598684210526,2024-07-17 12:26:21,1,"Odyssey Sims","Loss",2.2435,-2.2435,1.47598684210526,-1.47598684210526,"FPTS Team_Odyssey Sims_2024-07-17"
2024-08-15,"BetRivers","NYL @ LAS",1022400151,"FPTS","First FGM","Player","Game","Home/Away","Favorite/Underdog",0.0922,984,0.0769,1200,0.0153,0.0083,0.8283,0.871894736842105,2024-08-15 12:54:43,1,"Courtney Vandersloot","Loss",0.8283,-0.8283,0.871894736842105,-0.871894736842105,"FPTS_Courtney Vandersloot_2024-08-15"
2024-08-15,"FanDuel","NYL @ LAS",1022400151,"FPTS Team","First Points","Player","Team","Home/Away","Favorite/Underdog",0.1612,520,0.1111,800,0.0501,0.0282,2.8185,1.85427631578947,2024-08-15 20:56:23,14,"Courtney Vandersloot","Loss",0.7489,-0.7489,0.492697368421052,-0.492697368421052,"FPTS Team_Courtney Vandersloot_2024-08-15"
2024-08-15,"FanDuel","NYL @ LAS",1022400151,"FPTS Team","First Points","Player","Team","Home/Away","Favorite/Underdog",0.1612,520,0.125,700,0.0362,0.0207,2.0696,1.36157894736842,2024-08-15 20:26:23,13,"Courtney Vandersloot","Loss",0.3199,-0.3199,0.21046052631579,-0.21046052631579,"FPTS Team_Courtney Vandersloot_2024-08-15"
2024-08-15,"FanDuel","NYL @ LAS",1022400151,"FPTS Team","First Points","Player","Team","Home/Away","Favorite/Underdog",0.1612,520,0.1429,600,0.0184,0.0107,1.071,0.704605263157895,2024-08-15 12:54:43,1,"Courtney Vandersloot","Loss",1.071,-1.071,0.704605263157895,-0.704605263157895,"FPTS Team_Courtney Vandersloot_2024-08-15"
2024-08-15,"MGM","NYL @ LAS",1022400151,"FPTS Team","First FGM","Player","Team","Home/Away","Favorite/Underdog",0.1729,479,0.1429,600,0.03,0.0175,1.7497,1.15111842105263,2024-08-15 14:56:36,2,"Courtney Vandersloot","Loss",0.6787,-0.6787,0.446513157894737,-0.446513157894737,"FPTS Team_Courtney Vandersloot_2024-08-15"
2024-08-15,"MGM","NYL @ LAS",1022400151,"FPTS Team","First FGM","Player","Team","Home/Away","Favorite/Underdog",0.1563,540,0.1429,600,0.0134,0.0078,0.7814,0.514078947368421,2024-08-15 14:56:36,1,"Leonie Fiebich","Loss",0.7814,-0.7814,0.514078947368421,-0.514078947368421,"FPTS Team_Leonie Fiebich_2024-08-15"
2024-08-15,"FanDuel","NYL @ LAS",1022400151,"FPTS Team","First Points","Player","Team","Home/Away","Favorite/Underdog",0.1539,550,0.125,700,0.0289,0.0165,1.6487,1.08467105263158,2024-08-15 23:56:26,19,"Leonie Fiebich","Loss",0.8673,-0.8673,0.570592105263158,-0.570592105263158,"FPTS Team_Leonie Fiebich_2024-08-15"
2024-08-15,"Fanatics","PHO @ CHI",1022400149,"FPTS","First FGM","Player","Game","Home/Away","Favorite/Underdog",0.1439,595,0.1333,650,0.0106,0.0061,0.6094,0.641473684210526,2024-08-15 21:26:23,1,"Kahleah Copper","Loss",0.6094,-0.6094,0.641473684210526,-0.641473684210526,"FPTS_Kahleah Copper_2024-08-15"
2024-08-15,"FanDuel","PHO @ CHI",1022400149,"FPTS","First Points","Player","Game","Home/Away","Favorite/Underdog",0.0852,1074,0.0625,1500,0.0227,0.0121,1.2109,1.27463157894737,2024-08-15 12:54:43,1,"Natasha Cloud","Loss",1.2109,-1.2109,1.27463157894737,-1.27463157894737,"FPTS_Natasha Cloud_2024-08-15"
2024-08-15,"FanDuel","PHO @ CHI",1022400149,"FPTS","First Points","Player","Game","Home/Away","Favorite/Underdog",0.0852,1074,0.0556,1700,0.0296,0.0157,1.5697,1.65231578947368,2024-08-15 14:56:36,2,"Natasha Cloud","Loss",0.3588,-0.3588,0.377684210526316,-0.377684210526316,"FPTS_Natasha Cloud_2024-08-15"
2024-08-15,"FanDuel","PHO @ CHI",1022400149,"FPTS","First Points","Player","Game","Home/Away","Favorite/Underdog",0.0736,1258,0.0625,1500,0.0111,0.0059,0.5931,0.624315789473684,2024-08-15 14:56:36,1,"Sophie Cunningham","Loss",0.5931,-0.5931,0.624315789473684,-0.624315789473684,"FPTS_Sophie Cunningham_2024-08-15"
2024-08-15,"MGM","PHO @ CHI",1022400149,"FPTS Team","First FGM","Player","Team","Home/Away","Favorite/Underdog",0.2747,264,0.2632,280,0.0115,0.0078,0.7811,0.513881578947368,2024-08-15 21:26:23,1,"Angel Reese","Win",0.7811,2.18708,0.513881578947368,1.43886842105263,"FPTS Team_Angel Reese_2024-08-15"
2024-08-15,"MGM","PHO @ CHI",1022400149,"FPTS Team","First FGM","Player","Team","Home/Away","Favorite/Underdog",0.2698,271,0.2353,325,0.0345,0.0225,2.2538,1.48276315789474,2024-08-15 14:56:36,1,"Kahleah Copper","Loss",2.2538,-2.2538,1.48276315789474,-1.48276315789474,"FPTS Team_Kahleah Copper_2024-08-15"
2024-08-15,"FanDuel","PHO @ CHI",1022400149,"FPTS Team","First Points","Player","Team","Home/Away","Favorite/Underdog",0.1588,530,0.0952,950,0.0635,0.0351,3.5103,2.30940789473684,2024-08-15 22:56:24,18,"Natasha Cloud","Loss",0.246,-0.246,0.161842105263158,-0.161842105263158,"FPTS Team_Natasha Cloud_2024-08-15"
2024-08-15,"FanDuel","PHO @ CHI",1022400149,"FPTS Team","First Points","Player","Team","Home/Away","Favorite/Underdog",0.1588,530,0.1,900,0.0588,0.0326,3.2643,2.14756578947368,2024-08-15 14:56:36,2,"Natasha Cloud","Loss",0.2749,-0.2749,0.180855263157895,-0.180855263157895,"FPTS Team_Natasha Cloud_2024-08-15"
2024-08-15,"FanDuel","PHO @ CHI",1022400149,"FPTS Team","First Points","Player","Team","Home/Away","Favorite/Underdog",0.1588,530,0.1053,850,0.0535,0.0299,2.9894,1.96671052631579,2024-08-15 12:54:43,1,"Natasha Cloud","Loss",2.9894,-2.9894,1.96671052631579,-1.96671052631579,"FPTS Team_Natasha Cloud_2024-08-15"
2024-08-15,"FanDuel","PHO @ CHI",1022400149,"FPTS Team","First Points","Player","Team","Home/Away","Favorite/Underdog",0.1372,629,0.1176,750,0.0195,0.0111,1.1066,0.728026315789474,2024-08-15 12:54:43,1,"Sophie Cunningham","Loss",1.1066,-1.1066,0.728026315789474,-0.728026315789474,"FPTS Team_Sophie Cunningham_2024-08-15"
2024-08-15,"FanDuel","PHO @ CHI",1022400149,"FPTS Team","First Points","Player","Team","Home/Away","Favorite/Underdog",0.1372,629,0.1111,800,0.0261,0.0147,1.4661,0.96453947368421,2024-08-15 17:56:22,8,"Sophie Cunningham","Loss",0.3595,-0.3595,0.236513157894737,-0.236513157894737,"FPTS Team_Sophie Cunningham_2024-08-15"
2024-08-15,"ESPN","WAS @ MIN",1022400150,"FPTS","First Points","Player","Game","Home/Away","Favorite/Underdog",0.1017,883,0.0833,1100,0.0183,0.01,1.0008,1.05347368421053,2024-08-15 12:54:43,1,"Alanna Smith","Loss",1.0008,-1.0008,1.05347368421053,-1.05347368421053,"FPTS_Alanna Smith_2024-08-15"
2024-08-15,"Fanatics","WAS @ MIN",1022400150,"FPTS","First FGM","Player","Game","Home/Away","Favorite/Underdog",0.1036,865,0.0833,1100,0.0203,0.0111,1.1051,1.16326315789474,2024-08-15 21:26:23,15,"Alanna Smith","Loss",0.1043,-0.1043,0.10978947368421,-0.10978947368421,"FPTS_Alanna Smith_2024-08-15"
2024-08-15,"FanDuel","WAS @ MIN",1022400150,"FPTS","First Points","Player","Game","Home/Away","Favorite/Underdog",0.1068,836,0.0769,1200,0.0299,0.0162,1.6188,1.704,2024-08-15 12:54:43,1,"Brittney Sykes","Win",1.6188,19.4256,1.704,20.448,"FPTS_Brittney Sykes_2024-08-15"
2024-08-15,"FanDuel","WAS @ MIN",1022400150,"FPTS","First Points","Player","Game","Home/Away","Favorite/Underdog",0.1068,836,0.0714,1300,0.0354,0.0191,1.9051,2.00536842105263,2024-08-15 14:56:36,2,"Brittney Sykes","Win",0.2863,3.7219,0.301368421052632,3.91778947368421,"FPTS_Brittney Sykes_2024-08-15"
2024-08-15,"FanDuel","WAS @ MIN",1022400150,"FPTS","First Points","Player","Game","Home/Away","Favorite/Underdog",0.0752,1229,0.0588,1600,0.0164,0.0087,0.8722,0.918105263157895,2024-08-15 20:26:23,1,"Karlie Samuelson","Loss",0.8722,-0.8722,0.918105263157895,-0.918105263157895,"FPTS_Karlie Samuelson_2024-08-15"
2024-08-15,"Fanatics","WAS @ MIN",1022400150,"FPTS","First FGM","Player","Game","Home/Away","Favorite/Underdog",0.0755,1224,0.0588,1600,0.0167,0.0089,0.8884,0.935157894736842,2024-08-15 23:56:26,8,"Karlie Samuelson","Loss",0.0162,-0.0162,0.0170526315789472,-0.0170526315789472,"FPTS_Karlie Samuelson_2024-08-15"
2024-08-15,"ESPN","WAS @ MIN",1022400150,"FPTS","First Points","Player","Game","Home/Away","Favorite/Underdog",0.1526,555,0.1053,850,0.0473,0.0264,2.6428,2.78189473684211,2024-08-15 12:54:43,1,"Shakira Austin","Loss",1.3214,-1.3214,1.39094736842105,-1.39094736842105,"FPTS_Shakira Austin_2024-08-15"
2024-08-15,"FanDuel","WAS @ MIN",1022400150,"FPTS","First Points","Player","Game","Home/Away","Favorite/Underdog",0.1526,555,0.1053,850,0.0473,0.0264,2.6428,2.78189473684211,2024-08-15 12:54:43,1,"Shakira Austin","Loss",1.3214,-1.3214,1.39094736842105,-1.39094736842105,"FPTS_Shakira Austin_2024-08-15"
2024-08-15,"FanDuel","WAS @ MIN",1022400150,"FPTS Team","First Points","Player","Team","Home/Away","Favorite/Underdog",0.2095,377,0.1538,550,0.0557,0.0329,3.2905,2.16480263157895,2024-08-15 12:54:43,1,"Alanna Smith","Loss",3.2905,-3.2905,2.16480263157895,-2.16480263157895,"FPTS Team_Alanna Smith_2024-08-15"
2024-08-15,"FanDuel","WAS @ MIN",1022400150,"FPTS Team","First Points","Player","Team","Home/Away","Favorite/Underdog",0.2095,377,0.1429,600,0.0667,0.0389,3.8893,2.55875,2024-08-15 14:56:36,2,"Alanna Smith","Loss",0.5988,-0.5988,0.393947368421053,-0.393947368421053,"FPTS Team_Alanna Smith_2024-08-15"
2024-08-15,"FanDuel","WAS @ MIN",1022400150,"FPTS Team","First Points","Player","Team","Home/Away","Favorite/Underdog",0.1831,446,0.1667,500,0.0165,0.0099,0.9875,0.649671052631579,2024-08-15 15:56:22,1,"Bridget Carleton","Win",0.9875,4.9375,0.649671052631579,3.2483552631579,"FPTS Team_Bridget Carleton_2024-08-15"
2024-08-15,"FanDuel","WAS @ MIN",1022400150,"FPTS Team","First Points","Player","Team","Home/Away","Favorite/Underdog",0.2075,382,0.1538,550,0.0537,0.0317,3.171,2.08618421052632,2024-08-15 12:54:43,1,"Brittney Sykes","Win",3.171,17.4405,2.08618421052632,11.4740131578947,"FPTS Team_Brittney Sykes_2024-08-15"
2024-08-15,"FanDuel","WAS @ MIN",1022400150,"FPTS Team","First Points","Player","Team","Home/Away","Favorite/Underdog",0.2167,361,0.1923,420,0.0244,0.0151,1.513,0.995394736842105,2024-08-15 12:54:43,1,"Courtney Williams","Loss",1.513,-1.513,0.995394736842105,-0.995394736842105,"FPTS Team_Courtney Williams_2024-08-15"
2024-08-15,"FanDuel","WAS @ MIN",1022400150,"FPTS Team","First Points","Player","Team","Home/Away","Favorite/Underdog",0.1462,584,0.1333,650,0.0128,0.0074,0.7411,0.487565789473684,2024-08-15 22:26:23,1,"Karlie Samuelson","Loss",0.7411,-0.7411,0.487565789473684,-0.487565789473684,"FPTS Team_Karlie Samuelson_2024-08-15"
2024-08-15,"FanDuel","WAS @ MIN",1022400150,"FPTS Team","First Points","Player","Team","Home/Away","Favorite/Underdog",0.2964,237,0.2273,340,0.0691,0.0447,4.4722,2.94223684210526,2024-08-15 22:56:24,18,"Shakira Austin","Loss",0.3136,-0.3136,0.206315789473684,-0.206315789473684,"FPTS Team_Shakira Austin_2024-08-15"
2024-08-15,"FanDuel","WAS @ MIN",1022400150,"FPTS Team","First Points","Player","Team","Home/Away","Favorite/Underdog",0.2964,237,0.2326,330,0.0638,0.0416,4.1586,2.73592105263158,2024-08-15 14:56:36,2,"Shakira Austin","Loss",0.3331,-0.3331,0.219144736842105,-0.219144736842105,"FPTS Team_Shakira Austin_2024-08-15"
2024-08-15,"FanDuel","WAS @ MIN",1022400150,"FPTS Team","First Points","Player","Team","Home/Away","Favorite/Underdog",0.2964,237,0.2381,320,0.0583,0.0383,3.8255,2.51677631578947,2024-08-15 12:54:43,1,"Shakira Austin","Loss",3.8255,-3.8255,2.51677631578947,-2.51677631578947,"FPTS Team_Shakira Austin_2024-08-15"
2024-08-15,"BetRivers","WAS @ MIN",1022400150,"FTTS","First Points","Team","Quarter","Home/Away","Favorite/Underdog",0.5147,-106,0.4651,115,0.0496,0.0464,2.3183,1.6921897810219,2024-08-15 12:54:43,1,"1Q_WAS","Win",2.3183,2.666045,1.6921897810219,1.94601824817518,"FTTS_1Q_WAS_2024-08-15"
2024-08-16,"FanDuel","CON @ DAL",1022400154,"FPTS","First Points","Player","Game","Home/Away","Favorite/Underdog",0.1239,707,0.1111,800,0.0128,0.0072,0.7193,0.757157894736842,2024-08-16 12:26:27,1,"Satou Sabally","Loss",0.7193,-0.7193,0.757157894736842,-0.757157894736842,"FPTS_Satou Sabally_2024-08-16"
2024-08-16,"FanDuel","CON @ DAL",1022400154,"FPTS","First Points","Player","Game","Home/Away","Favorite/Underdog",0.1239,707,0.1053,850,0.0186,0.0104,1.0414,1.09621052631579,2024-08-16 13:26:19,2,"Satou Sabally","Loss",0.3221,-0.3221,0.339052631578947,-0.339052631578947,"FPTS_Satou Sabally_2024-08-16"
2024-08-16,"MGM","CON @ DAL",1022400154,"FPTS Team","First FGM","Player","Team","Home/Away","Favorite/Underdog",0.2373,321,0.2222,350,0.0151,0.0097,0.9701,0.638223684210526,2024-08-16 14:26:17,1,"Brionna Jones","Loss",0.9701,-0.9701,0.638223684210526,-0.638223684210526,"FPTS Team_Brionna Jones_2024-08-16"
2024-08-16,"FanDuel","CON @ DAL",1022400154,"FPTS Team","First Points","Player","Team","Home/Away","Favorite/Underdog",0.1924,420,0.1818,450,0.0106,0.0065,0.6493,0.427171052631579,2024-08-16 14:26:17,1,"Marina Mabrey","Loss",0.6493,-0.6493,0.427171052631579,-0.427171052631579,"FPTS Team_Marina Mabrey_2024-08-16"
2024-08-16,"FanDuel","CON @ DAL",1022400154,"FPTS Team","First Points","Player","Team","Home/Away","Favorite/Underdog",0.2226,349,0.1852,440,0.0374,0.0229,2.2934,1.50881578947368,2024-08-16 17:26:47,10,"Satou Sabally","Loss",0.2054,-0.2054,0.135131578947368,-0.135131578947368,"FPTS Team_Satou Sabally_2024-08-16"
2024-08-16,"FanDuel","CON @ DAL",1022400154,"FPTS Team","First Points","Player","Team","Home/Away","Favorite/Underdog",0.2226,349,0.1887,430,0.0339,0.0209,2.088,1.37368421052632,2024-08-16 13:26:19,3,"Satou Sabally","Loss",0.2153,-0.2153,0.141644736842105,-0.141644736842105,"FPTS Team_Satou Sabally_2024-08-16"
2024-08-16,"FanDuel","CON @ DAL",1022400154,"FPTS Team","First Points","Player","Team","Home/Away","Favorite/Underdog",0.2226,349,0.1923,420,0.0303,0.0187,1.8727,1.23203947368421,2024-08-16 12:26:27,1,"Satou Sabally","Loss",1.8727,-1.8727,1.23203947368421,-1.23203947368421,"FPTS Team_Satou Sabally_2024-08-16"
2024-08-16,"FanDuel","CON @ DAL",1022400154,"FPTS Team","First Points","Player","Team","Home/Away","Favorite/Underdog",0.1666,500,0.1333,650,0.0333,0.0192,1.9196,1.26289473684211,2024-08-16 12:26:27,1,"Tyasha Harris","Loss",1.9196,-1.9196,1.26289473684211,-1.26289473684211,"FPTS Team_Tyasha Harris_2024-08-16"
2024-08-16,"ESPN","PHO @ IND",1022400153,"FPTS","First Points","Player","Game","Home/Away","Favorite/Underdog",0.0817,1124,0.0667,1400,0.015,0.0081,0.8055,0.847894736842105,2024-08-16 12:26:27,1,"Kelsey Mitchell","Loss",0.40275,-0.40275,0.423947368421053,-0.423947368421053,"FPTS_Kelsey Mitchell_2024-08-16"
2024-08-16,"FanDuel","PHO @ IND",1022400153,"FPTS","First Points","Player","Game","Home/Away","Favorite/Underdog",0.0817,1124,0.0588,1600,0.0229,0.0122,1.2154,1.27936842105263,2024-08-16 16:26:17,8,"Kelsey Mitchell","Loss",0.1913,-0.1913,0.201368421052632,-0.201368421052632,"FPTS_Kelsey Mitchell_2024-08-16"
2024-08-16,"FanDuel","PHO @ IND",1022400153,"FPTS","First Points","Player","Game","Home/Away","Favorite/Underdog",0.0817,1124,0.0625,1500,0.0192,0.0102,1.0241,1.078,2024-08-16 15:56:17,7,"Kelsey Mitchell","Loss",0.2186,-0.2186,0.230105263157895,-0.230105263157895,"FPTS_Kelsey Mitchell_2024-08-16"
2024-08-16,"FanDuel","PHO @ IND",1022400153,"FPTS","First Points","Player","Game","Home/Away","Favorite/Underdog",0.0817,1124,0.0667,1400,0.015,0.0081,0.8055,0.847894736842105,2024-08-16 12:26:27,1,"Kelsey Mitchell","Loss",0.40275,-0.40275,0.423947368421053,-0.423947368421053,"FPTS_Kelsey Mitchell_2024-08-16"
2024-08-16,"Draft Kings","PHO @ IND",1022400153,"FPTS","First FGM","Player","Game","Home/Away","Favorite/Underdog",0.1087,820,0.0909,1000,0.0177,0.0098,0.9759,1.02726315789474,2024-08-16 18:57:16,1,"NaLyssa Smith","Loss",0.9759,-0.9759,1.02726315789474,-1.02726315789474,"FPTS_NaLyssa Smith_2024-08-16"
2024-08-16,"ESPN","PHO @ IND",1022400153,"FPTS","First Points","Player","Game","Home/Away","Favorite/Underdog",0.0875,1043,0.0714,1300,0.016,0.0086,0.8629,0.908315789473684,2024-08-16 12:26:27,1,"Natasha Cloud","Loss",0.8629,-0.8629,0.908315789473684,-0.908315789473684,"FPTS_Natasha Cloud_2024-08-16"
2024-08-16,"FanDuel","PHO @ IND",1022400153,"FPTS","First Points","Player","Game","Home/Away","Favorite/Underdog",0.0875,1043,0.0556,1700,0.0319,0.0169,1.6887,1.77757894736842,2024-08-16 22:56:46,21,"Natasha Cloud","Loss",0.8258,-0.8258,0.869263157894737,-0.869263157894737,"FPTS_Natasha Cloud_2024-08-16"
2024-08-16,"FanDuel","PHO @ IND",1022400153,"FPTS Exact","First Points","Player","Exact","Home/Away","Favorite/Underdog",0.0302,3207,0.0196,5000,0.0106,0.0054,0.5423,0.669506172839506,2024-08-16 19:27:29,1,"Kelsey Mitchell_layup","Loss",0.5423,-0.5423,0.669506172839506,-0.669506172839506,"FPTS Exact_Kelsey Mitchell_layup_2024-08-16"
2024-08-16,"FanDuel","PHO @ IND",1022400153,"FPTS Team","First Points","Player","Team","Home/Away","Favorite/Underdog",0.169,492,0.1429,600,0.0262,0.0153,1.5278,1.00513157894737,2024-08-16 22:56:46,1,"Diana Taurasi","Loss",1.5278,-1.5278,1.00513157894737,-1.00513157894737,"FPTS Team_Diana Taurasi_2024-08-16"
2024-08-16,"FanDuel","PHO @ IND",1022400153,"FPTS Team","First Points","Player","Team","Home/Away","Favorite/Underdog",0.2558,291,0.2174,360,0.0384,0.0245,2.4543,1.61467105263158,2024-08-16 12:56:17,2,"Kahleah Copper","Loss",0.608,-0.608,0.4,-0.4,"FPTS Team_Kahleah Copper_2024-08-16"
2024-08-16,"FanDuel","PHO @ IND",1022400153,"FPTS Team","First Points","Player","Team","Home/Away","Favorite/Underdog",0.2558,291,0.2273,340,0.0285,0.0185,1.8463,1.21467105263158,2024-08-16 12:26:27,1,"Kahleah Copper","Loss",1.8463,-1.8463,1.21467105263158,-1.21467105263158,"FPTS Team_Kahleah Copper_2024-08-16"
2024-08-16,"MGM","PHO @ IND",1022400153,"FPTS Team","First FGM","Player","Team","Home/Away","Favorite/Underdog",0.2731,266,0.2222,350,0.0509,0.0327,3.2736,2.15368421052632,2024-08-16 14:26:17,5,"Kahleah Copper","Loss",0.8193,-0.8193,0.539013157894737,-0.539013157894737,"FPTS Team_Kahleah Copper_2024-08-16"
2024-08-16,"FanDuel","PHO @ IND",1022400153,"FPTS Team","First Points","Player","Team","Home/Away","Favorite/Underdog",0.1847,442,0.1538,550,0.0308,0.0182,1.8214,1.19828947368421,2024-08-16 12:26:27,1,"Kelsey Mitchell","Loss",1.8214,-1.8214,1.19828947368421,-1.19828947368421,"FPTS Team_Kelsey Mitchell_2024-08-16"
2024-08-16,"FanDuel","PHO @ IND",1022400153,"FPTS Team","First Points","Player","Team","Home/Away","Favorite/Underdog",0.1847,442,0.1429,600,0.0418,0.0244,2.439,1.60460526315789,2024-08-16 16:56:47,9,"Kelsey Mitchell","Loss",0.6176,-0.6176,0.406315789473684,-0.406315789473684,"FPTS Team_Kelsey Mitchell_2024-08-16"
2024-08-16,"FanDuel","PHO @ IND",1022400153,"FPTS Team","First Points","Player","Team","Home/Away","Favorite/Underdog",0.1568,538,0.1176,750,0.0392,0.0222,2.2213,1.46138157894737,2024-08-16 12:26:27,1,"Natasha Cloud","Loss",2.2213,-2.2213,1.46138157894737,-1.46138157894737,"FPTS Team_Natasha Cloud_2024-08-16"
2024-08-16,"FanDuel","PHO @ IND",1022400153,"FPTS Team","First Points","Player","Team","Home/Away","Favorite/Underdog",0.1568,538,0.0909,1000,0.0659,0.0363,3.6266,2.38592105263158,2024-08-16 22:56:46,21,"Natasha Cloud","Loss",1.4053,-1.4053,0.92453947368421,-0.92453947368421,"FPTS Team_Natasha Cloud_2024-08-16"
2024-08-16,"FanDuel","SEA @ ATL",1022400152,"FPTS","First Points","Player","Game","Home/Away","Favorite/Underdog",0.1592,528,0.1333,650,0.0259,0.0149,1.4916,1.5701052631579,2024-08-16 12:26:27,1,"Tina Charles","Loss",1.4916,-1.4916,1.5701052631579,-1.5701052631579,"FPTS_Tina Charles_2024-08-16"
2024-08-16,"FanDuel","SEA @ ATL",1022400152,"FPTS","First Points","Player","Game","Home/Away","Favorite/Underdog",0.1592,528,0.125,700,0.0342,0.0195,1.9536,2.05642105263158,2024-08-16 16:56:47,9,"Tina Charles","Loss",0.462,-0.462,0.486315789473684,-0.486315789473684,"FPTS_Tina Charles_2024-08-16"
2024-08-16,"FanDuel","SEA @ ATL",1022400152,"FPTS Exact","First Points","Player","Exact","Home/Away","Favorite/Underdog",0.0435,2201,0.0196,5000,0.0239,0.0122,1.2164,1.50172839506173,2024-08-16 22:56:46,8,"Jewell Loyd_free_throw","Loss",1.2164,-1.2164,1.50172839506173,-1.50172839506173,"FPTS Exact_Jewell Loyd_free_throw_2024-08-16"
2024-08-16,"FanDuel","SEA @ ATL",1022400152,"FPTS Team","First Points","Player","Team","Home/Away","Favorite/Underdog",0.216,363,0.1818,450,0.0342,0.0209,2.0911,1.37572368421053,2024-08-16 23:26:46,22,"Jewell Loyd","Loss",0.198,-0.198,0.130263157894737,-0.130263157894737,"FPTS Team_Jewell Loyd_2024-08-16"
2024-08-16,"FanDuel","SEA @ ATL",1022400152,"FPTS Team","First Points","Player","Team","Home/Away","Favorite/Underdog",0.216,363,0.1852,440,0.0309,0.0189,1.8931,1.24546052631579,2024-08-16 16:56:47,9,"Jewell Loyd","Loss",0.2072,-0.2072,0.136315789473684,-0.136315789473684,"FPTS Team_Jewell Loyd_2024-08-16"
2024-08-16,"FanDuel","SEA @ ATL",1022400152,"FPTS Team","First Points","Player","Team","Home/Away","Favorite/Underdog",0.216,363,0.1887,430,0.0274,0.0169,1.6859,1.10914473684211,2024-08-16 12:56:17,2,"Jewell Loyd","Loss",0.217,-0.217,0.142763157894737,-0.142763157894737,"FPTS Team_Jewell Loyd_2024-08-16"
2024-08-16,"FanDuel","SEA @ ATL",1022400152,"FPTS Team","First Points","Player","Team","Home/Away","Favorite/Underdog",0.216,363,0.1923,420,0.0237,0.0147,1.4689,0.966381578947368,2024-08-16 12:26:27,1,"Jewell Loyd","Loss",1.4689,-1.4689,0.966381578947368,-0.966381578947368,"FPTS Team_Jewell Loyd_2024-08-16"
2024-08-16,"FanDuel","SEA @ ATL",1022400152,"FPTS Team","First Points","Player","Team","Home/Away","Favorite/Underdog",0.1824,448,0.1695,490,0.0129,0.0078,0.7771,0.51125,2024-08-16 19:56:47,1,"Jordan Horston","Loss",0.7771,-0.7771,0.51125,-0.51125,"FPTS Team_Jordan Horston_2024-08-16"
2024-08-16,"FanDuel","SEA @ ATL",1022400152,"FPTS Team","First Points","Player","Team","Home/Away","Favorite/Underdog",0.3177,215,0.2703,270,0.0475,0.0325,3.2527,2.13993421052632,2024-08-16 22:26:47,20,"Tina Charles","Loss",0.4859,-0.4859,0.319671052631579,-0.319671052631579,"FPTS Team_Tina Charles_2024-08-16"
2024-08-16,"FanDuel","SEA @ ATL",1022400152,"FPTS Team","First Points","Player","Team","Home/Away","Favorite/Underdog",0.3177,215,0.2778,260,0.04,0.0277,2.7668,1.82026315789474,2024-08-16 19:27:29,14,"Tina Charles","Loss",0.5248,-0.5248,0.345263157894737,-0.345263157894737,"FPTS Team_Tina Charles_2024-08-16"
2024-08-16,"FanDuel","SEA @ ATL",1022400152,"FPTS Team","First Points","Player","Team","Home/Away","Favorite/Underdog",0.3177,215,0.2857,250,0.032,0.0224,2.242,1.475,2024-08-16 12:26:27,1,"Tina Charles","Loss",2.242,-2.242,1.475,-1.475,"FPTS Team_Tina Charles_2024-08-16"
2024-08-16,"BetRivers","SEA @ ATL",1022400152,"FTTS","First Points","Team","Quarter","Home/Away","Favorite/Underdog",0.501,-100,0.4878,105,0.0132,0.0129,0.6439,0.47,2024-08-16 12:26:27,1,"1Q_ATL","Loss",0.6439,-0.6439,0.47,-0.47,"FTTS_1Q_ATL_2024-08-16"
2024-08-17,"FanDuel","CHI @ LAS",1022400157,"FPTS","First Points","Player","Game","Home/Away","Favorite/Underdog",0.1439,595,0.1333,650,0.0106,0.0061,0.6121,0.644315789473684,2024-08-17 20:56:39,1,"Angel Reese","Loss",0.6121,-0.6121,0.644315789473684,-0.644315789473684,"FPTS_Angel Reese_2024-08-17"
2024-08-17,"FanDuel","CHI @ LAS",1022400157,"FPTS","First Points","Player","Game","Home/Away","Favorite/Underdog",0.1296,672,0.0952,950,0.0343,0.019,1.8977,1.99757894736842,2024-08-17 12:27:13,1,"Dearica Hamby","Loss",1.8977,-1.8977,1.99757894736842,-1.99757894736842,"FPTS_Dearica Hamby_2024-08-17"
2024-08-17,"FanDuel","CHI @ LAS",1022400157,"FPTS Team","First Points","Player","Team","Home/Away","Favorite/Underdog",0.2627,281,0.2222,350,0.0405,0.026,2.6025,1.71217105263158,2024-08-17 13:56:46,3,"Angel Reese","Loss",0.9875,-0.9875,0.649671052631579,-0.649671052631579,"FPTS Team_Angel Reese_2024-08-17"
2024-08-17,"FanDuel","CHI @ LAS",1022400157,"FPTS Team","First Points","Player","Team","Home/Away","Favorite/Underdog",0.2804,257,0.2326,330,0.0479,0.0312,3.1177,2.05111842105263,2024-08-17 20:56:39,17,"Angel Reese","Loss",0.5152,-0.5152,0.338947368421053,-0.338947368421053,"FPTS Team_Angel Reese_2024-08-17"
2024-08-17,"FanDuel","CHI @ LAS",1022400157,"FPTS Team","First Points","Player","Team","Home/Away","Favorite/Underdog",0.2627,281,0.2381,320,0.0246,0.0162,1.615,1.0625,2024-08-17 12:27:13,1,"Angel Reese","Loss",1.615,-1.615,1.0625,-1.0625,"FPTS Team_Angel Reese_2024-08-17"
2024-08-17,"FanDuel","CHI @ LAS",1022400157,"FPTS Team","First Points","Player","Team","Home/Away","Favorite/Underdog",0.2663,276,0.1887,430,0.0776,0.0478,4.7808,3.14526315789474,2024-08-17 14:26:44,4,"Dearica Hamby","Loss",0.8751,-0.8751,0.575723684210526,-0.575723684210526,"FPTS Team_Dearica Hamby_2024-08-17"
2024-08-17,"FanDuel","CHI @ LAS",1022400157,"FPTS Team","First Points","Player","Team","Home/Away","Favorite/Underdog",0.2663,276,0.2041,390,0.0622,0.0391,3.9057,2.56953947368421,2024-08-17 13:56:46,3,"Dearica Hamby","Loss",0.2476,-0.2476,0.162894736842105,-0.162894736842105,"FPTS Team_Dearica Hamby_2024-08-17"
2024-08-17,"FanDuel","CHI @ LAS",1022400157,"FPTS Team","First Points","Player","Team","Home/Away","Favorite/Underdog",0.2663,276,0.2083,380,0.0579,0.0366,3.6581,2.4066447368421,2024-08-17 12:27:13,1,"Dearica Hamby","Loss",3.6581,-3.6581,2.4066447368421,-2.4066447368421,"FPTS Team_Dearica Hamby_2024-08-17"
2024-08-17,"BetRivers","MIN @ WAS",1022400155,"FPTS","First FGM","Player","Game","Home/Away","Favorite/Underdog",0.1405,612,0.1111,800,0.0294,0.0165,1.6534,1.74042105263158,2024-08-17 12:27:13,1,"Shakira Austin","Loss",1.6534,-1.6534,1.74042105263158,-1.74042105263158,"FPTS_Shakira Austin_2024-08-17"
2024-08-17,"BetRivers","MIN @ WAS",1022400155,"FPTS","First FGM","Player","Game","Home/Away","Favorite/Underdog",0.1567,538,0.1111,800,0.0456,0.0257,2.5661,2.70115789473684,2024-08-17 14:56:45,5,"Shakira Austin","Loss",0.45635,-0.45635,0.480368421052632,-0.480368421052632,"FPTS_Shakira Austin_2024-08-17"
2024-08-17,"MGM","MIN @ WAS",1022400155,"FPTS","First FGM","Player","Game","Home/Away","Favorite/Underdog",0.1567,538,0.1111,800,0.0456,0.0257,2.5661,2.70115789473684,2024-08-17 14:56:45,5,"Shakira Austin","Loss",0.45635,-0.45635,0.480368421052632,-0.480368421052632,"FPTS_Shakira Austin_2024-08-17"
2024-08-17,"FanDuel","MIN @ WAS",1022400155,"FPTS Exact","First Points","Player","Exact","Home/Away","Favorite/Underdog",0.06,1565,0.037,2600,0.023,0.0119,1.1946,1.47481481481481,2024-08-17 17:26:44,8,"Shakira Austin_other_fg","Loss",0.0723,-0.0723,0.0892592592592591,-0.0892592592592591,"FPTS Exact_Shakira Austin_other_fg_2024-08-17"
2024-08-17,"FanDuel","MIN @ WAS",1022400155,"FPTS Exact","First Points","Player","Exact","Home/Away","Favorite/Underdog",0.06,1565,0.0385,2500,0.0216,0.0112,1.1223,1.38555555555556,2024-08-17 15:26:47,4,"Shakira Austin_other_fg","Loss",0.2564,-0.2564,0.316543209876543,-0.316543209876543,"FPTS Exact_Shakira Austin_other_fg_2024-08-17"
2024-08-17,"FanDuel","MIN @ WAS",1022400155,"FPTS Exact","First Points","Player","Exact","Home/Away","Favorite/Underdog",0.06,1565,0.0435,2200,0.0166,0.0087,0.8659,1.06901234567901,2024-08-17 14:56:45,3,"Shakira Austin_other_fg","Loss",0.8659,-0.8659,1.06901234567901,-1.06901234567901,"FPTS Exact_Shakira Austin_other_fg_2024-08-17"
2024-08-17,"FanDuel","MIN @ WAS",1022400155,"FPTS Team","First Points","Player","Team","Home/Away","Favorite/Underdog",0.1864,436,0.1667,500,0.0197,0.0118,1.1845,0.779276315789474,2024-08-17 13:56:46,3,"Alanna Smith","Loss",0.166,-0.166,0.10921052631579,-0.10921052631579,"FPTS Team_Alanna Smith_2024-08-17"
2024-08-17,"FanDuel","MIN @ WAS",1022400155,"FPTS Team","First Points","Player","Team","Home/Away","Favorite/Underdog",0.1864,436,0.1695,490,0.0169,0.0102,1.0185,0.670065789473684,2024-08-17 12:27:13,1,"Alanna Smith","Loss",1.0185,-1.0185,0.670065789473684,-0.670065789473684,"FPTS Team_Alanna Smith_2024-08-17"
2024-08-17,"MGM","MIN @ WAS",1022400155,"FPTS Team","First FGM","Player","Team","Home/Away","Favorite/Underdog",0.1956,411,0.1739,475,0.0217,0.0131,1.3132,0.863947368421053,2024-08-17 14:56:45,5,"Alanna Smith","Loss",0.1287,-0.1287,0.0846710526315788,-0.0846710526315788,"FPTS Team_Alanna Smith_2024-08-17"
2024-08-17,"FanDuel","MIN @ WAS",1022400155,"FPTS Team","First Points","Player","Team","Home/Away","Favorite/Underdog",0.2955,238,0.2174,360,0.0781,0.0499,4.9905,3.28322368421053,2024-08-17 16:56:46,7,"Shakira Austin","Loss",0.5755,-0.5755,0.378618421052631,-0.378618421052631,"FPTS Team_Shakira Austin_2024-08-17"
2024-08-17,"FanDuel","MIN @ WAS",1022400155,"FPTS Team","First Points","Player","Team","Home/Away","Favorite/Underdog",0.2955,238,0.2273,340,0.0682,0.0441,4.415,2.9046052631579,2024-08-17 15:26:47,4,"Shakira Austin","Loss",0.3477,-0.3477,0.22875,-0.22875,"FPTS Team_Shakira Austin_2024-08-17"
2024-08-17,"FanDuel","MIN @ WAS",1022400155,"FPTS Team","First Points","Player","Team","Home/Away","Favorite/Underdog",0.2765,262,0.2632,280,0.0133,0.009,0.9035,0.594407894736842,2024-08-17 12:27:13,1,"Shakira Austin","Loss",0.9035,-0.9035,0.594407894736842,-0.594407894736842,"FPTS Team_Shakira Austin_2024-08-17"
2024-08-17,"MGM","MIN @ WAS",1022400155,"FPTS Team","First FGM","Player","Team","Home/Away","Favorite/Underdog",0.2975,236,0.2353,325,0.0622,0.0407,4.0673,2.6758552631579,2024-08-17 14:56:45,3,"Shakira Austin","Loss",3.1638,-3.1638,2.08144736842105,-2.08144736842105,"FPTS Team_Shakira Austin_2024-08-17"
2024-08-17,"BetRivers","MIN @ WAS",1022400155,"FTTS","First Points","Team","Quarter","Home/Away","Favorite/Underdog",0.5287,-112,0.4878,105,0.0409,0.0399,1.9963,1.45715328467153,2024-08-17 12:27:13,1,"1Q_WAS","Loss",1.9963,-1.9963,1.45715328467153,-1.45715328467153,"FTTS_1Q_WAS_2024-08-17"
2024-08-17,"FanDuel","NYL @ LVA",1022400156,"FPTS Team","First Points","Player","Team","Home/Away","Favorite/Underdog",0.146,585,0.1333,650,0.0126,0.0073,0.7288,0.479473684210526,2024-08-17 12:56:54,1,"Chelsea Gray","Win",0.7288,4.7372,0.479473684210526,3.11657894736842,"FPTS Team_Chelsea Gray_2024-08-17"
2024-08-17,"FanDuel","NYL @ LVA",1022400156,"FPTS Team","First Points","Player","Team","Home/Away","Favorite/Underdog",0.1516,560,0.1333,650,0.0183,0.0105,1.0536,0.693157894736842,2024-08-17 12:27:13,1,"Courtney Vandersloot","Loss",1.0536,-1.0536,0.693157894736842,-0.693157894736842,"FPTS Team_Courtney Vandersloot_2024-08-17"
2024-08-17,"MGM","NYL @ LVA",1022400156,"FPTS Team","First FGM","Player","Team","Home/Away","Favorite/Underdog",0.1592,528,0.1333,650,0.0259,0.0149,1.4927,0.98203947368421,2024-08-17 14:56:45,2,"Courtney Vandersloot","Loss",0.4391,-0.4391,0.288881578947368,-0.288881578947368,"FPTS Team_Courtney Vandersloot_2024-08-17"
2024-08-18,"FanDuel","CHI @ PHO",1022400161,"FPTS","First Points","Player","Game","Home/Away","Favorite/Underdog",0.124,706,0.0952,950,0.0288,0.0159,1.5921,1.6758947368421,2024-08-18 12:27:10,1,"Angel Reese","Loss",1.5921,-1.5921,1.6758947368421,-1.6758947368421,"FPTS_Angel Reese_2024-08-18"
2024-08-18,"FanDuel","CHI @ PHO",1022400161,"FPTS","First Points","Player","Game","Home/Away","Favorite/Underdog",0.1089,818,0.0909,1000,0.018,0.0099,0.9916,1.04378947368421,2024-08-19 00:56:21,1,"Chennedy Carter","Loss",0.9916,-0.9916,1.04378947368421,-1.04378947368421,"FPTS_Chennedy Carter_2024-08-18"
2024-08-18,"FanDuel","CHI @ PHO",1022400161,"FPTS","First Points","Player","Game","Home/Away","Favorite/Underdog",0.0802,1147,0.0526,1800,0.0275,0.0145,1.453,1.52947368421053,2024-08-18 20:26:32,14,"Natasha Cloud","Loss",0.1503,-0.1503,0.158210526315789,-0.158210526315789,"FPTS_Natasha Cloud_2024-08-18"
2024-08-18,"FanDuel","CHI @ PHO",1022400161,"FPTS","First Points","Player","Game","Home/Away","Favorite/Underdog",0.0802,1147,0.0556,1700,0.0246,0.013,1.3027,1.37126315789474,2024-08-18 12:56:39,2,"Natasha Cloud","Loss",0.1691,-0.1691,0.178,-0.178,"FPTS_Natasha Cloud_2024-08-18"
2024-08-18,"FanDuel","CHI @ PHO",1022400161,"FPTS","First Points","Player","Game","Home/Away","Favorite/Underdog",0.0802,1147,0.0588,1600,0.0213,0.0113,1.1336,1.19326315789474,2024-08-18 12:27:10,1,"Natasha Cloud","Loss",1.1336,-1.1336,1.19326315789474,-1.19326315789474,"FPTS_Natasha Cloud_2024-08-18"
2024-08-18,"FanDuel","CHI @ PHO",1022400161,"FPTS Exact","First Points","Player","Exact","Home/Away","Favorite/Underdog",0.0394,2437,0.0227,4300,0.0167,0.0085,0.854,1.05432098765432,2024-08-18 23:56:24,3,"Angel Reese_other_fg","Loss",0.0545,-0.0545,0.0672839506172841,-0.0672839506172841,"FPTS Exact_Angel Reese_other_fg_2024-08-18"
2024-08-18,"FanDuel","CHI @ PHO",1022400161,"FPTS Exact","First Points","Player","Exact","Home/Away","Favorite/Underdog",0.0394,2437,0.0238,4100,0.0156,0.008,0.7995,0.987037037037037,2024-08-18 23:26:25,2,"Angel Reese_other_fg","Loss",0.0293,-0.0293,0.0361728395061727,-0.0361728395061727,"FPTS Exact_Angel Reese_other_fg_2024-08-18"
2024-08-18,"FanDuel","CHI @ PHO",1022400161,"FPTS Exact","First Points","Player","Exact","Home/Away","Favorite/Underdog",0.0394,2437,0.0244,4000,0.015,0.0077,0.7702,0.950864197530864,2024-08-18 22:56:25,1,"Angel Reese_other_fg","Loss",0.7702,-0.7702,0.950864197530864,-0.950864197530864,"FPTS Exact_Angel Reese_other_fg_2024-08-18"
2024-08-18,"FanDuel","CHI @ PHO",1022400161,"FPTS Team","First Points","Player","Team","Home/Away","Favorite/Underdog",0.2601,285,0.2326,330,0.0275,0.0179,1.7918,1.17881578947368,2024-08-18 12:27:10,1,"Angel Reese","Loss",1.7918,-1.7918,1.17881578947368,-1.17881578947368,"FPTS Team_Angel Reese_2024-08-18"
2024-08-18,"FanDuel","CHI @ PHO",1022400161,"FPTS Team","First Points","Player","Team","Home/Away","Favorite/Underdog",0.2601,285,0.2273,340,0.0328,0.0212,2.1215,1.39572368421053,2024-08-18 20:26:32,14,"Angel Reese","Loss",0.3297,-0.3297,0.216907894736842,-0.216907894736842,"FPTS Team_Angel Reese_2024-08-18"
2024-08-18,"FanDuel","CHI @ PHO",1022400161,"FPTS Team","First Points","Player","Team","Home/Away","Favorite/Underdog",0.1656,504,0.1538,550,0.0118,0.007,0.695,0.457236842105263,2024-08-18 12:27:10,1,"Diana Taurasi","Loss",0.695,-0.695,0.457236842105263,-0.457236842105263,"FPTS Team_Diana Taurasi_2024-08-18"
2024-08-18,"FanDuel","CHI @ PHO",1022400161,"FPTS Team","First Points","Player","Team","Home/Away","Favorite/Underdog",0.1656,504,0.1429,600,0.0228,0.0133,1.3271,0.873092105263158,2024-08-18 12:56:39,2,"Diana Taurasi","Loss",0.6321,-0.6321,0.415855263157895,-0.415855263157895,"FPTS Team_Diana Taurasi_2024-08-18"
2024-08-18,"MGM","CHI @ PHO",1022400161,"FPTS Team","First FGM","Player","Team","Home/Away","Favorite/Underdog",0.2741,265,0.25,300,0.0241,0.0161,1.6056,1.05631578947368,2024-08-18 17:56:36,1,"Kahleah Copper","Win",1.6056,4.8168,1.05631578947368,3.16894736842105,"FPTS Team_Kahleah Copper_2024-08-18"
2024-08-18,"FanDuel","CHI @ PHO",1022400161,"FPTS Team","First Points","Player","Team","Home/Away","Favorite/Underdog",0.2624,281,0.2326,330,0.0298,0.0194,1.9421,1.27769736842105,2024-08-18 18:56:34,3,"Kahleah Copper","Loss",0.3365,-0.3365,0.221381578947369,-0.221381578947369,"FPTS Team_Kahleah Copper_2024-08-18"
2024-08-18,"FanDuel","CHI @ PHO",1022400161,"FPTS Team","First Points","Player","Team","Home/Away","Favorite/Underdog",0.1533,552,0.0952,950,0.058,0.0321,3.2071,2.10993421052632,2024-08-18 12:27:10,1,"Natasha Cloud","Loss",3.2071,-3.2071,2.10993421052632,-2.10993421052632,"FPTS Team_Natasha Cloud_2024-08-18"
2024-08-18,"FanDuel","CHI @ PHO",1022400161,"FPTS Team","First Points","Player","Team","Home/Away","Favorite/Underdog",0.1533,552,0.0909,1000,0.0624,0.0343,3.4299,2.25651315789474,2024-08-18 13:56:42,4,"Natasha Cloud","Loss",0.2228,-0.2228,0.146578947368421,-0.146578947368421,"FPTS Team_Natasha Cloud_2024-08-18"
2024-08-18,"BetRivers","CHI @ PHO",1022400161,"FTTS","First Points","Team","Quarter","Home/Away","Favorite/Underdog",0.477,110,0.4545,120,0.0224,0.0206,1.0288,0.750948905109489,2024-08-18 12:27:10,1,"1Q_CHI","Win",1.0288,1.23456,0.750948905109489,0.901138686131387,"FTTS_1Q_CHI_2024-08-18"
2024-08-18,"FanDuel","CON @ ATL",1022400158,"FPTS","First Points","Player","Game","Home/Away","Favorite/Underdog",0.1035,866,0.0714,1300,0.0321,0.0173,1.7293,1.82031578947368,2024-08-18 12:27:10,1,"DiJonai Carrington","Loss",1.7293,-1.7293,1.82031578947368,-1.82031578947368,"FPTS_DiJonai Carrington_2024-08-18"
2024-08-18,"ESPN","CON @ ATL",1022400158,"FPTS","First Points","Player","Game","Home/Away","Favorite/Underdog",0.1526,555,0.1333,650,0.0193,0.0111,1.1134,1.172,2024-08-18 12:27:10,1,"Tina Charles","Loss",0.5567,-0.5567,0.586,-0.586,"FPTS_Tina Charles_2024-08-18"
2024-08-18,"FanDuel","CON @ ATL",1022400158,"FPTS","First Points","Player","Game","Home/Away","Favorite/Underdog",0.1526,555,0.1333,650,0.0193,0.0111,1.1134,1.172,2024-08-18 12:27:10,1,"Tina Charles","Loss",0.5567,-0.5567,0.586,-0.586,"FPTS_Tina Charles_2024-08-18"
2024-08-18,"FanDuel","CON @ ATL",1022400158,"FPTS Team","First Points","Player","Team","Home/Away","Favorite/Underdog",0.2071,383,0.1429,600,0.0642,0.0375,3.7468,2.465,2024-08-18 12:27:10,1,"DiJonai Carrington","Loss",3.7468,-3.7468,2.465,-2.465,"FPTS Team_DiJonai Carrington_2024-08-18"
2024-08-18,"FanDuel","CON @ ATL",1022400158,"FPTS Team","First Points","Player","Team","Home/Away","Favorite/Underdog",0.2071,383,0.1333,650,0.0738,0.0426,4.2551,2.79940789473684,2024-08-18 13:56:42,4,"DiJonai Carrington","Loss",0.5083,-0.5083,0.334407894736842,-0.334407894736842,"FPTS Team_DiJonai Carrington_2024-08-18"
2024-08-18,"FanDuel","CON @ ATL",1022400158,"FPTS Team","First Points","Player","Team","Home/Away","Favorite/Underdog",0.1812,452,0.1695,490,0.0117,0.0071,0.7054,0.464078947368421,2024-08-18 18:26:39,1,"Marina Mabrey","Win",0.7054,3.45646,0.464078947368421,2.27398684210526,"FPTS Team_Marina Mabrey_2024-08-18"
2024-08-18,"FanDuel","CON @ ATL",1022400158,"FPTS Team","First Points","Player","Team","Home/Away","Favorite/Underdog",0.3053,228,0.2703,270,0.035,0.024,2.3976,1.57736842105263,2024-08-18 12:27:10,1,"Tina Charles","Loss",2.3976,-2.3976,1.57736842105263,-1.57736842105263,"FPTS Team_Tina Charles_2024-08-18"
2024-08-18,"FanDuel","CON @ ATL",1022400158,"FPTS Team","First Points","Player","Team","Home/Away","Favorite/Underdog",0.3053,228,0.2632,280,0.0421,0.0286,2.8571,1.87967105263158,2024-08-18 13:56:42,4,"Tina Charles","Loss",0.4595,-0.4595,0.302302631578947,-0.302302631578947,"FPTS Team_Tina Charles_2024-08-18"
2024-08-18,"Draft Kings","LAS @ LVA",1022400159,"FPTS","First FGM","Player","Game","Home/Away","Favorite/Underdog",0.0816,1126,0.0625,1500,0.0191,0.0102,1.0177,1.07126315789474,2024-08-18 21:56:25,1,"Crystal Dangerfield","Loss",0.50885,-0.50885,0.535631578947368,-0.535631578947368,"FPTS_Crystal Dangerfield_2024-08-18"
2024-08-18,"Fanatics","LAS @ LVA",1022400159,"FPTS","First FGM","Player","Game","Home/Away","Favorite/Underdog",0.0816,1126,0.0625,1500,0.0191,0.0102,1.0177,1.07126315789474,2024-08-18 21:56:25,1,"Crystal Dangerfield","Loss",0.50885,-0.50885,0.535631578947368,-0.535631578947368,"FPTS_Crystal Dangerfield_2024-08-18"
2024-08-18,"BetRivers","LAS @ LVA",1022400159,"FPTS","First FGM","Player","Game","Home/Away","Favorite/Underdog",0.1286,677,0.1,900,0.0286,0.0159,1.5913,1.67505263157895,2024-08-18 12:27:10,1,"Dearica Hamby","Loss",1.5913,-1.5913,1.67505263157895,-1.67505263157895,"FPTS_Dearica Hamby_2024-08-18"
2024-08-18,"FanDuel","LAS @ LVA",1022400159,"FPTS","First Points","Player","Game","Home/Away","Favorite/Underdog",0.1309,664,0.1,900,0.0309,0.0172,1.7162,1.80652631578947,2024-08-18 16:24:22,6,"Dearica Hamby","Loss",0.1249,-0.1249,0.131473684210526,-0.131473684210526,"FPTS_Dearica Hamby_2024-08-18"
2024-08-18,"FanDuel","LAS @ LVA",1022400159,"FPTS Team","First Points","Player","Team","Home/Away","Favorite/Underdog",0.1517,559,0.1333,650,0.0183,0.0106,1.0578,0.695921052631579,2024-08-18 12:56:39,1,"Chelsea Gray","Loss",1.0578,-1.0578,0.695921052631579,-0.695921052631579,"FPTS Team_Chelsea Gray_2024-08-18"
2024-08-18,"FanDuel","LAS @ LVA",1022400159,"FPTS Team","First Points","Player","Team","Home/Away","Favorite/Underdog",0.1617,518,0.1429,600,0.0189,0.011,1.0998,0.723552631578947,2024-08-18 21:56:25,1,"Crystal Dangerfield","Loss",1.0998,-1.0998,0.723552631578947,-0.723552631578947,"FPTS Team_Crystal Dangerfield_2024-08-18"
2024-08-18,"FanDuel","LAS @ LVA",1022400159,"FPTS Team","First Points","Player","Team","Home/Away","Favorite/Underdog",0.2608,283,0.2174,360,0.0435,0.0278,2.7764,1.82657894736842,2024-08-18 16:24:22,6,"Dearica Hamby","Loss",0.2933,-0.2933,0.19296052631579,-0.19296052631579,"FPTS Team_Dearica Hamby_2024-08-18"
2024-08-18,"FanDuel","LAS @ LVA",1022400159,"FPTS Team","First Points","Player","Team","Home/Away","Favorite/Underdog",0.2608,283,0.2222,350,0.0386,0.0248,2.4831,1.63361842105263,2024-08-18 13:26:40,3,"Dearica Hamby","Loss",0.3106,-0.3106,0.204342105263158,-0.204342105263158,"FPTS Team_Dearica Hamby_2024-08-18"
2024-08-18,"FanDuel","LAS @ LVA",1022400159,"FPTS Team","First Points","Player","Team","Home/Away","Favorite/Underdog",0.2608,283,0.2273,340,0.0336,0.0217,2.1725,1.42927631578947,2024-08-18 12:27:10,1,"Dearica Hamby","Loss",2.1725,-2.1725,1.42927631578947,-1.42927631578947,"FPTS Team_Dearica Hamby_2024-08-18"
2024-08-18,"BetRivers","LAS @ LVA",1022400159,"FTTS","First Points","Team","Quarter","Home/Away","Favorite/Underdog",0.5018,-101,0.4762,110,0.0256,0.0244,1.2218,0.891824817518248,2024-08-18 12:27:10,1,"1Q_LAS","Loss",1.2218,-1.2218,0.891824817518248,-0.891824817518248,"FTTS_1Q_LAS_2024-08-18"
2024-08-18,"Draft Kings","SEA @ IND",1022400160,"FPTS","First FGM","Player","Game","Home/Away","Favorite/Underdog",0.0911,997,0.0769,1200,0.0142,0.0077,0.7701,0.810631578947368,2024-08-18 12:27:10,1,"Jordan Horston","Loss",0.7701,-0.7701,0.810631578947368,-0.810631578947368,"FPTS_Jordan Horston_2024-08-18"
2024-08-18,"Draft Kings","SEA @ IND",1022400160,"FPTS","First FGM","Player","Game","Home/Away","Favorite/Underdog",0.117,755,0.1053,850,0.0117,0.0065,0.6545,0.688947368421053,2024-08-18 12:27:10,1,"NaLyssa Smith","Loss",0.6545,-0.6545,0.688947368421053,-0.688947368421053,"FPTS_NaLyssa Smith_2024-08-18"
2024-08-18,"FanDuel","SEA @ IND",1022400160,"FPTS Exact","First Points","Player","Exact","Home/Away","Favorite/Underdog",0.0305,3176,0.0196,5000,0.0109,0.0056,0.5569,0.687530864197531,2024-08-18 12:27:10,1,"Jewell Loyd_free_throw","Loss",0.5569,-0.5569,0.687530864197531,-0.687530864197531,"FPTS Exact_Jewell Loyd_free_throw_2024-08-18"
2024-08-18,"FanDuel","SEA @ IND",1022400160,"FPTS Team","First Points","Player","Team","Home/Away","Favorite/Underdog",0.2129,370,0.1923,420,0.0206,0.0128,1.2774,0.840394736842105,2024-08-18 18:56:34,6,"Jewell Loyd","Loss",0.2285,-0.2285,0.150328947368421,-0.150328947368421,"FPTS Team_Jewell Loyd_2024-08-18"
2024-08-18,"FanDuel","SEA @ IND",1022400160,"FPTS Team","First Points","Player","Team","Home/Away","Favorite/Underdog",0.2129,370,0.1961,410,0.0169,0.0105,1.0489,0.690065789473684,2024-08-18 18:26:39,5,"Jewell Loyd","Loss",0.24,-0.24,0.157894736842105,-0.157894736842105,"FPTS Team_Jewell Loyd_2024-08-18"
2024-08-18,"FanDuel","SEA @ IND",1022400160,"FPTS Team","First Points","Player","Team","Home/Away","Favorite/Underdog",0.2129,370,0.2,400,0.0129,0.0081,0.8089,0.532171052631579,2024-08-18 12:27:10,1,"Jewell Loyd","Loss",0.8089,-0.8089,0.532171052631579,-0.532171052631579,"FPTS Team_Jewell Loyd_2024-08-18"
2024-08-18,"FanDuel","SEA @ IND",1022400160,"FPTS Team","First Points","Player","Team","Home/Away","Favorite/Underdog",0.1811,452,0.1667,500,0.0144,0.0086,0.8635,0.568092105263158,2024-08-18 12:27:10,1,"Jordan Horston","Loss",0.8635,-0.8635,0.568092105263158,-0.568092105263158,"FPTS Team_Jordan Horston_2024-08-18"
2024-08-18,"MGM","SEA @ IND",1022400160,"FPTS Team","First FGM","Player","Team","Home/Away","Favorite/Underdog",0.1811,452,0.1538,550,0.0272,0.0161,1.6088,1.05842105263158,2024-08-18 12:56:39,2,"Jordan Horston","Loss",0.7453,-0.7453,0.490328947368421,-0.490328947368421,"FPTS Team_Jordan Horston_2024-08-18"
2024-08-18,"FanDuel","SEA @ IND",1022400160,"FPTS Team","First Points","Player","Team","Home/Away","Favorite/Underdog",0.1844,442,0.1724,480,0.0119,0.0072,0.7217,0.474802631578947,2024-08-18 13:26:40,1,"Kelsey Mitchell","Loss",0.7217,-0.7217,0.474802631578947,-0.474802631578947,"FPTS Team_Kelsey Mitchell_2024-08-18"
2024-08-20,"BetRivers","DAL @ NYL",1022400163,"FPTS","First FGM","Player","Game","Home/Away","Favorite/Underdog",0.0889,1025,0.0769,1200,0.012,0.0065,0.6495,0.683684210526316,2024-08-20 22:56:36,1,"Courtney Vandersloot","Loss",0.32475,-0.32475,0.341842105263158,-0.341842105263158,"FPTS_Courtney Vandersloot_2024-08-20"
2024-08-20,"MGM","DAL @ NYL",1022400163,"FPTS","First FGM","Player","Game","Home/Away","Favorite/Underdog",0.0889,1025,0.0769,1200,0.012,0.0065,0.6495,0.683684210526316,2024-08-20 22:56:36,1,"Courtney Vandersloot","Loss",0.32475,-0.32475,0.341842105263158,-0.341842105263158,"FPTS_Courtney Vandersloot_2024-08-20"
2024-08-20,"FanDuel","DAL @ NYL",1022400163,"FPTS","First Points","Player","Game","Home/Away","Favorite/Underdog",0.0955,947,0.0714,1300,0.0241,0.013,1.2972,1.36547368421053,2024-08-20 22:56:36,1,"Kayla Thornton","Loss",1.2972,-1.2972,1.36547368421053,-1.36547368421053,"FPTS_Kayla Thornton_2024-08-20"
2024-08-20,"FanDuel","DAL @ NYL",1022400163,"FPTS","First Points","Player","Game","Home/Away","Favorite/Underdog",0.1185,744,0.0909,1000,0.0276,0.0152,1.5159,1.59568421052632,2024-08-20 17:56:37,12,"Natasha Howard","Win",0.232,2.32,0.244210526315789,2.44210526315789,"FPTS_Natasha Howard_2024-08-20"
2024-08-20,"FanDuel","DAL @ NYL",1022400163,"FPTS","First Points","Player","Game","Home/Away","Favorite/Underdog",0.1185,744,0.0952,950,0.0232,0.0128,1.2839,1.35147368421053,2024-08-20 16:56:35,10,"Natasha Howard","Win",0.2578,2.4491,0.271368421052631,2.578,"FPTS_Natasha Howard_2024-08-20"
2024-08-20,"FanDuel","DAL @ NYL",1022400163,"FPTS","First Points","Player","Game","Home/Away","Favorite/Underdog",0.1185,744,0.1,900,0.0185,0.0103,1.0261,1.08010526315789,2024-08-20 12:26:35,1,"Natasha Howard","Win",1.0261,9.2349,1.08010526315789,9.72094736842105,"FPTS_Natasha Howard_2024-08-20"
2024-08-20,"ESPN","DAL @ NYL",1022400163,"FPTS","First Points","Player","Game","Home/Away","Favorite/Underdog",0.1078,827,0.0909,1000,0.0169,0.0093,0.9304,0.979368421052632,2024-08-20 12:26:35,1,"Satou Sabally","Loss",0.4652,-0.4652,0.489684210526316,-0.489684210526316,"FPTS_Satou Sabally_2024-08-20"
2024-08-20,"FanDuel","DAL @ NYL",1022400163,"FPTS","First Points","Player","Game","Home/Away","Favorite/Underdog",0.1078,827,0.0909,1000,0.0169,0.0093,0.9304,0.979368421052632,2024-08-20 12:26:35,1,"Satou Sabally","Loss",0.4652,-0.4652,0.489684210526316,-0.489684210526316,"FPTS_Satou Sabally_2024-08-20"
2024-08-20,"FanDuel","DAL @ NYL",1022400163,"FPTS Exact","First Points","Player","Exact","Home/Away","Favorite/Underdog",0.0351,2751,0.025,3900,0.0101,0.0052,0.5169,0.638148148148148,2024-08-20 20:56:41,1,"Satou Sabally_other_fg","Loss",0.5169,-0.5169,0.638148148148148,-0.638148148148148,"FPTS Exact_Satou Sabally_other_fg_2024-08-20"
2024-08-20,"FanDuel","DAL @ NYL",1022400163,"FPTS Team","First Points","Player","Team","Home/Away","Favorite/Underdog",0.147,580,0.1176,750,0.0293,0.0166,1.6617,1.09322368421053,2024-08-20 12:56:34,2,"Courtney Vandersloot","Loss",0.8749,-0.8749,0.575592105263158,-0.575592105263158,"FPTS Team_Courtney Vandersloot_2024-08-20"
2024-08-20,"FanDuel","DAL @ NYL",1022400163,"FPTS Team","First Points","Player","Team","Home/Away","Favorite/Underdog",0.147,580,0.1333,650,0.0136,0.0079,0.7868,0.517631578947368,2024-08-20 12:26:35,1,"Courtney Vandersloot","Loss",0.7868,-0.7868,0.517631578947368,-0.517631578947368,"FPTS Team_Courtney Vandersloot_2024-08-20"
2024-08-20,"MGM","DAL @ NYL",1022400163,"FPTS Team","First FGM","Player","Team","Home/Away","Favorite/Underdog",0.1695,490,0.125,700,0.0445,0.0254,2.5438,1.67355263157895,2024-08-20 22:56:36,22,"Courtney Vandersloot","Loss",0.8821,-0.8821,0.580328947368421,-0.580328947368421,"FPTS Team_Courtney Vandersloot_2024-08-20"
2024-08-20,"FanDuel","DAL @ NYL",1022400163,"FPTS Team","First Points","Player","Team","Home/Away","Favorite/Underdog",0.1825,448,0.125,700,0.0575,0.0329,3.2851,2.16125,2024-08-20 22:56:36,1,"Kayla Thornton","Loss",3.2851,-3.2851,2.16125,-2.16125,"FPTS Team_Kayla Thornton_2024-08-20"
2024-08-20,"FanDuel","DAL @ NYL",1022400163,"FPTS Team","First Points","Player","Team","Home/Away","Favorite/Underdog",0.2486,302,0.2273,340,0.0213,0.0138,1.3794,0.9075,2024-08-20 17:56:37,4,"Natasha Howard","Win",0.3349,1.13866,0.220328947368421,0.749118421052631,"FPTS Team_Natasha Howard_2024-08-20"
2024-08-20,"FanDuel","DAL @ NYL",1022400163,"FPTS Team","First Points","Player","Team","Home/Away","Favorite/Underdog",0.2486,302,0.2326,330,0.016,0.0104,1.0445,0.687171052631579,2024-08-20 16:56:35,2,"Natasha Howard","Win",0.3558,1.17414,0.234078947368421,0.77246052631579,"FPTS Team_Natasha Howard_2024-08-20"
2024-08-20,"FanDuel","DAL @ NYL",1022400163,"FPTS Team","First Points","Player","Team","Home/Away","Favorite/Underdog",0.2486,302,0.2381,320,0.0105,0.0069,0.6887,0.453092105263158,2024-08-20 16:26:35,1,"Natasha Howard","Win",0.6887,2.20384,0.453092105263158,1.44989473684211,"FPTS Team_Natasha Howard_2024-08-20"
2024-08-20,"FanDuel","DAL @ NYL",1022400163,"FPTS Team","First Points","Player","Team","Home/Away","Favorite/Underdog",0.2263,342,0.2128,370,0.0135,0.0086,0.8567,0.563618421052632,2024-08-20 12:56:34,1,"Satou Sabally","Loss",0.8567,-0.8567,0.563618421052632,-0.563618421052632,"FPTS Team_Satou Sabally_2024-08-20"
2024-08-20,"BetRivers","DAL @ NYL",1022400163,"FTTS","First Points","Team","Quarter","Home/Away","Favorite/Underdog",0.4766,110,0.4444,125,0.0321,0.0289,1.4456,1.05518248175182,2024-08-20 12:26:35,1,"1Q_DAL","Win",1.4456,1.807,1.05518248175182,1.31897810218978,"FTTS_1Q_DAL_2024-08-20"
2024-08-20,"FanDuel","LAS @ CON",1022400162,"FPTS","First Points","Player","Game","Home/Away","Favorite/Underdog",0.0875,1043,0.0625,1500,0.025,0.0133,1.3343,1.40452631578947,2024-08-20 21:26:35,19,"Crystal Dangerfield","Loss",0.2172,-0.2172,0.228631578947369,-0.228631578947369,"FPTS_Crystal Dangerfield_2024-08-20"
2024-08-20,"FanDuel","LAS @ CON",1022400162,"FPTS","First Points","Player","Game","Home/Away","Favorite/Underdog",0.0875,1043,0.0667,1400,0.0209,0.0112,1.1171,1.17589473684211,2024-08-20 12:56:34,2,"Crystal Dangerfield","Loss",0.2507,-0.2507,0.263894736842105,-0.263894736842105,"FPTS_Crystal Dangerfield_2024-08-20"
2024-08-20,"FanDuel","LAS @ CON",1022400162,"FPTS","First Points","Player","Game","Home/Away","Favorite/Underdog",0.0875,1043,0.0714,1300,0.0161,0.0087,0.8664,0.912,2024-08-20 12:26:35,1,"Crystal Dangerfield","Loss",0.8664,-0.8664,0.912,-0.912,"FPTS_Crystal Dangerfield_2024-08-20"
2024-08-20,"FanDuel","LAS @ CON",1022400162,"FPTS","First Points","Player","Game","Home/Away","Favorite/Underdog",0.0932,973,0.0667,1400,0.0265,0.0142,1.4208,1.49557894736842,2024-08-20 21:56:35,20,"DiJonai Carrington","Loss",0.2492,-0.2492,0.262315789473684,-0.262315789473684,"FPTS_DiJonai Carrington_2024-08-20"
2024-08-20,"FanDuel","LAS @ CON",1022400162,"FPTS","First Points","Player","Game","Home/Away","Favorite/Underdog",0.0932,973,0.0714,1300,0.0218,0.0117,1.1716,1.23326315789474,2024-08-20 19:26:42,15,"DiJonai Carrington","Loss",0.2906,-0.2906,0.305894736842105,-0.305894736842105,"FPTS_DiJonai Carrington_2024-08-20"
2024-08-20,"FanDuel","LAS @ CON",1022400162,"FPTS","First Points","Player","Game","Home/Away","Favorite/Underdog",0.0932,973,0.0769,1200,0.0163,0.0088,0.881,0.927368421052632,2024-08-20 12:26:35,1,"DiJonai Carrington","Loss",0.881,-0.881,0.927368421052632,-0.927368421052632,"FPTS_DiJonai Carrington_2024-08-20"
2024-08-20,"FanDuel","LAS @ CON",1022400162,"FPTS Exact","First Points","Player","Exact","Home/Away","Favorite/Underdog",0.0403,2382,0.0196,5000,0.0207,0.0105,1.0544,1.30172839506173,2024-08-20 12:26:35,1,"Dearica Hamby_other_fg","Loss",1.0544,-1.0544,1.30172839506173,-1.30172839506173,"FPTS Exact_Dearica Hamby_other_fg_2024-08-20"
2024-08-20,"FanDuel","LAS @ CON",1022400162,"FPTS Team","First Points","Player","Team","Home/Away","Favorite/Underdog",0.1626,515,0.1429,600,0.0197,0.0115,1.1492,0.756052631578947,2024-08-20 13:56:35,1,"Crystal Dangerfield","Loss",1.1492,-1.1492,0.756052631578947,-0.756052631578947,"FPTS Team_Crystal Dangerfield_2024-08-20"
2024-08-20,"FanDuel","LAS @ CON",1022400162,"FPTS Team","First Points","Player","Team","Home/Away","Favorite/Underdog",0.1626,515,0.1333,650,0.0292,0.0169,1.6861,1.10927631578947,2024-08-20 19:56:39,13,"Crystal Dangerfield","Loss",0.5369,-0.5369,0.353223684210526,-0.353223684210526,"FPTS Team_Crystal Dangerfield_2024-08-20"
2024-08-20,"FanDuel","LAS @ CON",1022400162,"FPTS Team","First Points","Player","Team","Home/Away","Favorite/Underdog",0.2649,277,0.2222,350,0.0427,0.0275,2.7459,1.80651315789474,2024-08-20 12:26:35,1,"Dearica Hamby","Loss",2.7459,-2.7459,1.80651315789474,-1.80651315789474,"FPTS Team_Dearica Hamby_2024-08-20"
2024-08-20,"FanDuel","LAS @ CON",1022400162,"FPTS Team","First Points","Player","Team","Home/Away","Favorite/Underdog",0.2649,277,0.2128,370,0.0522,0.0331,3.3135,2.17993421052632,2024-08-20 12:56:34,2,"Dearica Hamby","Loss",0.5676,-0.5676,0.373421052631579,-0.373421052631579,"FPTS Team_Dearica Hamby_2024-08-20"
2024-08-20,"FanDuel","LAS @ CON",1022400162,"FPTS Team","First Points","Player","Team","Home/Away","Favorite/Underdog",0.2019,395,0.125,700,0.0769,0.0439,4.3926,2.88986842105263,2024-08-20 19:26:42,15,"DiJonai Carrington","Win",0.4385,3.0695,0.288486842105263,2.01940789473684,"FPTS Team_DiJonai Carrington_2024-08-20"
2024-08-20,"FanDuel","LAS @ CON",1022400162,"FPTS Team","First Points","Player","Team","Home/Away","Favorite/Underdog",0.2019,395,0.1333,650,0.0685,0.0395,3.9541,2.60138157894737,2024-08-20 15:05:06,5,"DiJonai Carrington","Win",0.5116,3.3254,0.336578947368421,2.18776315789474,"FPTS Team_DiJonai Carrington_2024-08-20"
2024-08-20,"FanDuel","LAS @ CON",1022400162,"FPTS Team","First Points","Player","Team","Home/Away","Favorite/Underdog",0.2019,395,0.1429,600,0.059,0.0344,3.4425,2.26480263157895,2024-08-20 12:26:35,1,"DiJonai Carrington","Win",3.4425,20.655,2.26480263157895,13.5888157894737,"FPTS Team_DiJonai Carrington_2024-08-20"
2024-08-20,"FanDuel","LAS @ CON",1022400162,"FPTS Team","First Points","Player","Team","Home/Away","Favorite/Underdog",0.1835,445,0.1667,500,0.0168,0.0101,1.0081,0.663223684210526,2024-08-20 12:56:34,1,"Marina Mabrey","Loss",1.0081,-1.0081,0.663223684210526,-0.663223684210526,"FPTS Team_Marina Mabrey_2024-08-20"
2024-08-20,"BetRivers","LAS @ CON",1022400162,"FTTS","First Points","Team","Quarter","Home/Away","Favorite/Underdog",0.5384,-117,0.5122,-105,0.0262,0.0268,1.3421,0.97963503649635,2024-08-20 12:26:35,1,"1Q_LAS","Win",1.3421,1.27819047619048,0.97963503649635,0.932985749044143,"FTTS_1Q_LAS_2024-08-20"
2024-08-20,"ESPN","SEA @ WAS",1022400164,"FPTS","First Points","Player","Game","Home/Away","Favorite/Underdog",0.1533,552,0.1081,825,0.0452,0.0253,2.5321,2.66536842105263,2024-08-20 16:13:19,8,"Shakira Austin","Win",0.4215,3.477375,0.443684210526316,3.6603947368421,"FPTS_Shakira Austin_2024-08-20"
2024-08-20,"FanDuel","SEA @ WAS",1022400164,"FPTS","First Points","Player","Game","Home/Away","Favorite/Underdog",0.1533,552,0.1053,850,0.048,0.0268,2.6831,2.82431578947369,2024-08-20 16:26:35,9,"Shakira Austin","Win",2.2616,19.2236,2.38063157894737,20.2353684210527,"FPTS_Shakira Austin_2024-08-20"
2024-08-20,"FanDuel","SEA @ WAS",1022400164,"FPTS Exact","First Points","Player","Exact","Home/Away","Favorite/Underdog",0.0789,1168,0.0667,1400,0.0122,0.0065,0.6529,0.806049382716049,2024-08-20 16:13:19,1,"Shakira Austin_layup","Loss",0.6529,-0.6529,0.806049382716049,-0.806049382716049,"FPTS Exact_Shakira Austin_layup_2024-08-20"
2024-08-20,"FanDuel","SEA @ WAS",1022400164,"FPTS Exact","First Points","Player","Exact","Home/Away","Favorite/Underdog",0.0621,1510,0.0357,2700,0.0264,0.0137,1.3691,1.69024691358025,2024-08-20 16:13:19,8,"Shakira Austin_other_fg","Loss",1.3691,-1.3691,1.69024691358025,-1.69024691358025,"FPTS Exact_Shakira Austin_other_fg_2024-08-20"
2024-08-20,"FanDuel","SEA @ WAS",1022400164,"FPTS Team","First Points","Player","Team","Home/Away","Favorite/Underdog",0.2183,358,0.1923,420,0.026,0.0161,1.6088,1.05842105263158,2024-08-20 16:26:35,9,"Jewell Loyd","Win",0.227,0.9534,0.149342105263158,0.627236842105263,"FPTS Team_Jewell Loyd_2024-08-20"
2024-08-20,"FanDuel","SEA @ WAS",1022400164,"FPTS Team","First Points","Player","Team","Home/Away","Favorite/Underdog",0.2183,358,0.1961,410,0.0222,0.0138,1.3818,0.909078947368421,2024-08-20 16:13:19,8,"Jewell Loyd","Win",0.2383,0.97703,0.156776315789474,0.642782894736842,"FPTS Team_Jewell Loyd_2024-08-20"
2024-08-20,"FanDuel","SEA @ WAS",1022400164,"FPTS Team","First Points","Player","Team","Home/Away","Favorite/Underdog",0.2183,358,0.2,400,0.0183,0.0114,1.1435,0.752302631578947,2024-08-20 12:26:35,1,"Jewell Loyd","Win",1.1435,4.574,0.752302631578947,3.00921052631579,"FPTS Team_Jewell Loyd_2024-08-20"
2024-08-20,"FanDuel","SEA @ WAS",1022400164,"FPTS Team","First Points","Player","Team","Home/Away","Favorite/Underdog",0.1751,471,0.1538,550,0.0213,0.0126,1.2579,0.827565789473684,2024-08-20 12:56:34,1,"Jordan Horston","Loss",1.2579,-1.2579,0.827565789473684,-0.827565789473684,"FPTS Team_Jordan Horston_2024-08-20"
2024-08-20,"MGM","SEA @ WAS",1022400164,"FPTS Team","First FGM","Player","Team","Home/Away","Favorite/Underdog",0.1776,463,0.1538,550,0.0237,0.014,1.4014,0.921973684210526,2024-08-20 15:05:06,4,"Jordan Horston","Loss",0.1435,-0.1435,0.0944078947368422,-0.0944078947368422,"FPTS Team_Jordan Horston_2024-08-20"
2024-08-20,"FanDuel","SEA @ WAS",1022400164,"FPTS Team","First Points","Player","Team","Home/Away","Favorite/Underdog",0.3076,225,0.2273,340,0.0803,0.052,5.1979,3.41967105263158,2024-08-20 19:26:42,15,"Shakira Austin","Win",0.308599999999999,1.04924,0.203026315789473,0.690289473684209,"FPTS Team_Shakira Austin_2024-08-20"
2024-08-20,"FanDuel","SEA @ WAS",1022400164,"FPTS Team","First Points","Player","Team","Home/Away","Favorite/Underdog",0.3076,225,0.2326,330,0.075,0.0489,4.8893,3.21664473684211,2024-08-20 18:26:37,13,"Shakira Austin","Win",0.665400000000001,2.19582,0.437763157894738,1.44461842105263,"FPTS Team_Shakira Austin_2024-08-20"
2024-08-20,"FanDuel","SEA @ WAS",1022400164,"FPTS Team","First Points","Player","Team","Home/Away","Favorite/Underdog",0.3076,225,0.2381,320,0.0695,0.0456,4.5615,3.00098684210526,2024-08-20 16:26:35,9,"Shakira Austin","Win",3.5612,11.39584,2.3428947368421,7.49726315789473,"FPTS Team_Shakira Austin_2024-08-20"
2024-08-20,"FanDuel","SEA @ WAS",1022400164,"FPTS Team","First Points","Player","Team","Home/Away","Favorite/Underdog",0.3076,225,0.2439,310,0.0637,0.0421,4.2125,2.77138157894737,2024-08-20 16:13:19,8,"Shakira Austin","Win",0.6627,2.05437,0.435986842105264,1.35155921052632,"FPTS Team_Shakira Austin_2024-08-20"
2024-08-20,"BetRivers","SEA @ WAS",1022400164,"FTTS","First Points","Team","Quarter","Home/Away","Favorite/Underdog",0.4983,101,0.4808,108,0.0175,0.0169,0.8437,0.615839416058394,2024-08-20 12:26:35,1,"1Q_WAS","Win",0.8437,0.911196,0.615839416058394,0.665106569343066,"FTTS_1Q_WAS_2024-08-20"
2024-08-21,"FanDuel","MIN @ LVA",1022400166,"FPTS","First Points","Player","Game","Home/Away","Favorite/Underdog",0.087,1049,0.0769,1200,0.0101,0.0055,0.5479,0.576736842105263,2024-08-21 20:26:28,1,"Alanna Smith","Loss",0.5479,-0.5479,0.576736842105263,-0.576736842105263,"FPTS_Alanna Smith_2024-08-21"
2024-08-21,"FanDuel","MIN @ LVA",1022400166,"FPTS","First Points","Player","Game","Home/Away","Favorite/Underdog",0.087,1049,0.0714,1300,0.0156,0.0084,0.8405,0.884736842105263,2024-08-21 23:56:24,5,"Alanna Smith","Loss",0.2926,-0.2926,0.308,-0.308,"FPTS_Alanna Smith_2024-08-21"
2024-08-21,"FanDuel","MIN @ LVA",1022400166,"FPTS","First Points","Player","Game","Home/Away","Favorite/Underdog",0.0809,1136,0.0667,1400,0.0142,0.0076,0.7624,0.802526315789474,2024-08-21 15:56:29,1,"Chelsea Gray","Loss",0.7624,-0.7624,0.802526315789474,-0.802526315789474,"FPTS_Chelsea Gray_2024-08-21"
2024-08-21,"FanDuel","MIN @ LVA",1022400166,"FPTS","First Points","Player","Game","Home/Away","Favorite/Underdog",0.0809,1136,0.0588,1600,0.0221,0.0117,1.1727,1.23442105263158,2024-08-21 19:56:25,4,"Chelsea Gray","Loss",0.4103,-0.4103,0.431894736842106,-0.431894736842106,"FPTS_Chelsea Gray_2024-08-21"
2024-08-21,"FanDuel","MIN @ LVA",1022400166,"FPTS Team","First Points","Player","Team","Home/Away","Favorite/Underdog",0.1868,435,0.1695,490,0.0173,0.0104,1.0443,0.68703947368421,2024-08-21 13:26:26,3,"Alanna Smith","Loss",0.3531,-0.3531,0.232302631578947,-0.232302631578947,"FPTS Team_Alanna Smith_2024-08-21"
2024-08-21,"FanDuel","MIN @ LVA",1022400166,"FPTS Team","First Points","Player","Team","Home/Away","Favorite/Underdog",0.1868,435,0.1754,470,0.0114,0.0069,0.6912,0.454736842105263,2024-08-21 12:26:50,1,"Alanna Smith","Loss",0.6912,-0.6912,0.454736842105263,-0.454736842105263,"FPTS Team_Alanna Smith_2024-08-21"
2024-08-21,"MGM","MIN @ LVA",1022400166,"FPTS Team","First FGM","Player","Team","Home/Away","Favorite/Underdog",0.1945,414,0.1739,475,0.0206,0.0124,1.2448,0.818947368421053,2024-08-21 13:56:27,4,"Alanna Smith","Loss",0.2005,-0.2005,0.131907894736843,-0.131907894736843,"FPTS Team_Alanna Smith_2024-08-21"
2024-08-21,"FanDuel","MIN @ LVA",1022400166,"FPTS Team","First Points","Player","Team","Home/Away","Favorite/Underdog",0.1515,560,0.1111,800,0.0403,0.0227,2.2692,1.49289473684211,2024-08-22 00:56:27,22,"Chelsea Gray","Loss",0.3536,-0.3536,0.23263157894737,-0.23263157894737,"FPTS Team_Chelsea Gray_2024-08-21"
2024-08-21,"FanDuel","MIN @ LVA",1022400166,"FPTS Team","First Points","Player","Team","Home/Away","Favorite/Underdog",0.1515,560,0.1176,750,0.0338,0.0192,1.9156,1.26026315789474,2024-08-21 19:56:25,12,"Chelsea Gray","Loss",0.8703,-0.8703,0.572565789473687,-0.572565789473687,"FPTS Team_Chelsea Gray_2024-08-21"
2024-08-21,"FanDuel","MIN @ LVA",1022400166,"FPTS Team","First Points","Player","Team","Home/Away","Favorite/Underdog",0.1515,560,0.1333,650,0.0181,0.0105,1.0453,0.687697368421053,2024-08-21 12:26:50,1,"Chelsea Gray","Loss",1.0453,-1.0453,0.687697368421053,-0.687697368421053,"FPTS Team_Chelsea Gray_2024-08-21"
2024-08-21,"ESPN","PHO @ ATL",1022400165,"FPTS","First Points","Player","Game","Home/Away","Favorite/Underdog",0.0841,1089,0.0588,1600,0.0253,0.0134,1.3421,1.41273684210526,2024-08-21 12:26:50,1,"Natasha Cloud","Loss",0.67105,-0.67105,0.70636842105263,-0.70636842105263,"FPTS_Natasha Cloud_2024-08-21"
2024-08-21,"FanDuel","PHO @ ATL",1022400165,"FPTS","First Points","Player","Game","Home/Away","Favorite/Underdog",0.0841,1089,0.0588,1600,0.0253,0.0134,1.3421,1.41273684210526,2024-08-21 12:26:50,1,"Natasha Cloud","Loss",0.67105,-0.67105,0.70636842105263,-0.70636842105263,"FPTS_Natasha Cloud_2024-08-21"
2024-08-21,"FanDuel","PHO @ ATL",1022400165,"FPTS","First Points","Player","Game","Home/Away","Favorite/Underdog",0.0841,1089,0.0556,1700,0.0285,0.0151,1.5104,1.58989473684211,2024-08-21 13:56:27,4,"Natasha Cloud","Loss",0.1683,-0.1683,0.17715789473685,-0.17715789473685,"FPTS_Natasha Cloud_2024-08-21"
2024-08-21,"FanDuel","PHO @ ATL",1022400165,"FPTS","First Points","Player","Game","Home/Away","Favorite/Underdog",0.1344,644,0.1053,850,0.0292,0.0163,1.6308,1.71663157894737,2024-08-21 12:26:50,1,"Tina Charles","Loss",1.6308,-1.6308,1.71663157894737,-1.71663157894737,"FPTS_Tina Charles_2024-08-21"
2024-08-21,"FanDuel","PHO @ ATL",1022400165,"FPTS Exact","First Points","Player","Exact","Home/Away","Favorite/Underdog",0.0343,2812,0.0217,4500,0.0126,0.0064,0.6441,0.795185185185185,2024-08-21 12:26:50,1,"Diana Taurasi_layup","Loss",0.6441,-0.6441,0.795185185185185,-0.795185185185185,"FPTS Exact_Diana Taurasi_layup_2024-08-21"
2024-08-21,"FanDuel","PHO @ ATL",1022400165,"FPTS Exact","First Points","Player","Exact","Home/Away","Favorite/Underdog",0.0343,2812,0.0213,4600,0.0131,0.0067,0.6675,0.824074074074074,2024-08-21 21:56:27,15,"Diana Taurasi_layup","Loss",0.0234,-0.0234,0.028888888888889,-0.028888888888889,"FPTS Exact_Diana Taurasi_layup_2024-08-21"
2024-08-21,"FanDuel","PHO @ ATL",1022400165,"FPTS Exact","First Points","Player","Exact","Home/Away","Favorite/Underdog",0.0501,1895,0.0385,2500,0.0117,0.0061,0.607,0.749382716049383,2024-08-21 12:26:50,1,"Kahleah Copper_other_fg","Loss",0.607,-0.607,0.749382716049383,-0.749382716049383,"FPTS Exact_Kahleah Copper_other_fg_2024-08-21"
2024-08-21,"FanDuel","PHO @ ATL",1022400165,"FPTS Exact","First Points","Player","Exact","Home/Away","Favorite/Underdog",0.0501,1895,0.037,2600,0.0131,0.0068,0.6801,0.83962962962963,2024-08-21 20:56:27,13,"Kahleah Copper_other_fg","Loss",0.0731000000000001,-0.0731000000000001,0.0902469135802469,-0.0902469135802469,"FPTS Exact_Kahleah Copper_other_fg_2024-08-21"
2024-08-21,"FanDuel","PHO @ ATL",1022400165,"FPTS Exact","First Points","Player","Exact","Home/Away","Favorite/Underdog",0.0379,2542,0.027,3600,0.0108,0.0056,0.5565,0.687037037037037,2024-08-21 12:26:50,1,"Tina Charles_layup","Loss",0.5565,-0.5565,0.687037037037037,-0.687037037037037,"FPTS Exact_Tina Charles_layup_2024-08-21"
2024-08-21,"FanDuel","PHO @ ATL",1022400165,"FPTS Exact","First Points","Player","Exact","Home/Away","Favorite/Underdog",0.0379,2542,0.0263,3700,0.0115,0.0059,0.5927,0.731728395061728,2024-08-21 20:56:27,11,"Tina Charles_layup","Loss",0.0362,-0.0362,0.044691358024691,-0.044691358024691,"FPTS Exact_Tina Charles_layup_2024-08-21"
2024-08-21,"FanDuel","PHO @ ATL",1022400165,"FPTS Team","First Points","Player","Team","Home/Away","Favorite/Underdog",0.2617,282,0.2439,310,0.0178,0.0118,1.1793,0.775855263157895,2024-08-21 12:26:50,1,"Kahleah Copper","Win",1.1793,3.65583,0.775855263157895,2.40515131578947,"FPTS Team_Kahleah Copper_2024-08-21"
2024-08-21,"MGM","PHO @ ATL",1022400165,"FPTS Team","First FGM","Player","Team","Home/Away","Favorite/Underdog",0.2669,275,0.2353,325,0.0316,0.0207,2.0682,1.36065789473684,2024-08-21 13:56:27,4,"Kahleah Copper","Loss",0.8889,-0.8889,0.584802631578945,-0.584802631578945,"FPTS Team_Kahleah Copper_2024-08-21"
2024-08-21,"FanDuel","PHO @ ATL",1022400165,"FPTS Team","First Points","Player","Team","Home/Away","Favorite/Underdog",0.1506,564,0.0909,1000,0.0597,0.0328,3.2838,2.16039473684211,2024-08-21 12:26:50,1,"Natasha Cloud","Loss",3.2838,-3.2838,2.16039473684211,-2.16039473684211,"FPTS Team_Natasha Cloud_2024-08-21"
2024-08-21,"FanDuel","PHO @ ATL",1022400165,"FPTS Team","First Points","Player","Team","Home/Away","Favorite/Underdog",0.1448,591,0.1333,650,0.0115,0.0066,0.662,0.435526315789474,2024-08-21 13:26:26,1,"Naz Hillmon","Loss",0.662,-0.662,0.435526315789474,-0.435526315789474,"FPTS Team_Naz Hillmon_2024-08-21"
2024-08-21,"FanDuel","PHO @ ATL",1022400165,"FPTS Team","First Points","Player","Team","Home/Away","Favorite/Underdog",0.3044,229,0.2632,280,0.0412,0.028,2.7968,1.84,2024-08-21 12:26:50,1,"Tina Charles","Loss",2.7968,-2.7968,1.84,-1.84,"FPTS Team_Tina Charles_2024-08-21"
2024-08-21,"BetRivers","PHO @ ATL",1022400165,"FTTS","First Points","Team","Quarter","Home/Away","Favorite/Underdog",0.4417,126,0.4255,135,0.0162,0.0141,0.7041,0.513941605839416,2024-08-21 12:26:50,1,"1Q_ATL","Win",0.7041,0.950535,0.513941605839416,0.693821167883212,"FTTS_1Q_ATL_2024-08-21"
2024-08-22,"FanDuel","DAL @ NYL",1022400167,"FPTS","First Points","Player","Game","Home/Away","Favorite/Underdog",0.0659,1417,0.0526,1800,0.0133,0.007,0.7012,0.738105263157895,2024-08-22 12:26:51,1,"Jacy Sheldon","Loss",0.7012,-0.7012,0.738105263157895,-0.738105263157895,"FPTS_Jacy Sheldon_2024-08-22"
2024-08-22,"FanDuel","DAL @ NYL",1022400167,"FPTS","First Points","Player","Game","Home/Away","Favorite/Underdog",0.0659,1417,0.05,1900,0.0159,0.0084,0.8377,0.881789473684211,2024-08-22 12:56:30,2,"Jacy Sheldon","Loss",0.1365,-0.1365,0.143684210526316,-0.143684210526316,"FPTS_Jacy Sheldon_2024-08-22"
2024-08-22,"FanDuel","DAL @ NYL",1022400167,"FPTS","First Points","Player","Game","Home/Away","Favorite/Underdog",0.0915,993,0.0769,1200,0.0146,0.0079,0.7882,0.829684210526316,2024-08-22 22:56:33,1,"Kayla Thornton","Loss",0.7882,-0.7882,0.829684210526316,-0.829684210526316,"FPTS_Kayla Thornton_2024-08-22"
2024-08-22,"ESPN","DAL @ NYL",1022400167,"FPTS","First Points","Player","Game","Home/Away","Favorite/Underdog",0.1058,846,0.0952,950,0.0105,0.0058,0.581,0.611578947368421,2024-08-22 12:26:51,1,"Satou Sabally","Loss",0.581,-0.581,0.611578947368421,-0.611578947368421,"FPTS_Satou Sabally_2024-08-22"
2024-08-22,"FanDuel","DAL @ NYL",1022400167,"FPTS","First Points","Player","Game","Home/Away","Favorite/Underdog",0.1058,846,0.0909,1000,0.0148,0.0082,0.8164,0.859368421052632,2024-08-22 16:56:28,10,"Satou Sabally","Loss",0.2354,-0.2354,0.247789473684211,-0.247789473684211,"FPTS_Satou Sabally_2024-08-22"
2024-08-22,"FanDuel","DAL @ NYL",1022400167,"FPTS Team","First Points","Player","Team","Home/Away","Favorite/Underdog",0.1559,541,0.1429,600,0.0131,0.0076,0.7627,0.501776315789474,2024-08-22 13:56:30,1,"Courtney Vandersloot","Loss",0.7627,-0.7627,0.501776315789474,-0.501776315789474,"FPTS Team_Courtney Vandersloot_2024-08-22"
2024-08-22,"MGM","DAL @ NYL",1022400167,"FPTS Team","First FGM","Player","Team","Home/Away","Favorite/Underdog",0.178,462,0.1429,600,0.0352,0.0205,2.0515,1.34967105263158,2024-08-22 22:56:33,19,"Courtney Vandersloot","Loss",1.2888,-1.2888,0.847894736842106,-0.847894736842106,"FPTS Team_Courtney Vandersloot_2024-08-22"
2024-08-22,"FanDuel","DAL @ NYL",1022400167,"FPTS Team","First Points","Player","Team","Home/Away","Favorite/Underdog",0.1361,635,0.1176,750,0.0184,0.0104,1.0438,0.68671052631579,2024-08-22 12:26:51,1,"Jacy Sheldon","Loss",1.0438,-1.0438,0.68671052631579,-0.68671052631579,"FPTS Team_Jacy Sheldon_2024-08-22"
2024-08-22,"FanDuel","DAL @ NYL",1022400167,"FPTS Team","First Points","Player","Team","Home/Away","Favorite/Underdog",0.1361,635,0.1111,800,0.025,0.014,1.4037,0.923486842105263,2024-08-22 14:56:29,6,"Jacy Sheldon","Loss",0.3599,-0.3599,0.236776315789473,-0.236776315789473,"FPTS Team_Jacy Sheldon_2024-08-22"
2024-08-22,"FanDuel","DAL @ NYL",1022400167,"FPTS Team","First Points","Player","Team","Home/Away","Favorite/Underdog",0.1774,464,0.125,700,0.0524,0.03,2.996,1.97105263157895,2024-08-22 22:56:33,1,"Kayla Thornton","Loss",2.996,-2.996,1.97105263157895,-1.97105263157895,"FPTS Team_Kayla Thornton_2024-08-22"
2024-08-22,"FanDuel","DAL @ NYL",1022400167,"FPTS Team","First Points","Player","Team","Home/Away","Favorite/Underdog",0.2183,358,0.2083,380,0.01,0.0063,0.6291,0.413881578947368,2024-08-22 14:26:31,1,"Satou Sabally","Loss",0.6291,-0.6291,0.413881578947368,-0.413881578947368,"FPTS Team_Satou Sabally_2024-08-22"
2024-08-23,"FanDuel","CHI @ CON",1022400169,"FPTS","First Points","Player","Game","Home/Away","Favorite/Underdog",0.1454,588,0.125,700,0.0204,0.0117,1.1652,1.22652631578947,2024-08-23 13:56:35,4,"Angel Reese","Loss",0.4695,-0.4695,0.494210526315786,-0.494210526315786,"FPTS_Angel Reese_2024-08-23"
2024-08-23,"FanDuel","CHI @ CON",1022400169,"FPTS","First Points","Player","Game","Home/Away","Favorite/Underdog",0.1454,588,0.1333,650,0.0121,0.007,0.6957,0.732315789473684,2024-08-23 12:26:55,1,"Angel Reese","Loss",0.6957,-0.6957,0.732315789473684,-0.732315789473684,"FPTS_Angel Reese_2024-08-23"
2024-08-23,"MGM","CHI @ CON",1022400169,"FPTS","First FGM","Player","Game","Home/Away","Favorite/Underdog",0.1444,593,0.1212,725,0.0231,0.0132,1.3168,1.38610526315789,2024-08-23 15:26:35,7,"Angel Reese","Loss",0.1516,-0.1516,0.15957894736842,-0.15957894736842,"FPTS_Angel Reese_2024-08-23"
2024-08-23,"FanDuel","CHI @ CON",1022400169,"FPTS","First Points","Player","Game","Home/Away","Favorite/Underdog",0.1305,666,0.1176,750,0.0129,0.0073,0.7298,0.76821052631579,2024-08-23 12:56:34,1,"Chennedy Carter","Win",0.7298,5.4735,0.76821052631579,5.76157894736843,"FPTS_Chennedy Carter_2024-08-23"
2024-08-23,"BetRivers","CHI @ CON",1022400169,"FPTS","First FGM","Player","Game","Home/Away","Favorite/Underdog",0.0932,973,0.0667,1400,0.0266,0.0142,1.4233,1.49821052631579,2024-08-23 23:26:37,23,"DiJonai Carrington","Loss",1.4233,-1.4233,1.49821052631579,-1.49821052631579,"FPTS_DiJonai Carrington_2024-08-23"
2024-08-23,"FanDuel","CHI @ CON",1022400169,"FPTS Team","First Points","Player","Team","Home/Away","Favorite/Underdog",0.2565,290,0.2326,330,0.024,0.0156,1.5618,1.0275,2024-08-23 12:26:55,1,"Angel Reese","Loss",1.5618,-1.5618,1.0275,-1.0275,"FPTS Team_Angel Reese_2024-08-23"
2024-08-23,"FanDuel","CHI @ CON",1022400169,"FPTS Team","First Points","Player","Team","Home/Away","Favorite/Underdog",0.2565,290,0.2273,340,0.0293,0.0189,1.8931,1.24546052631579,2024-08-23 15:26:35,7,"Angel Reese","Loss",0.3313,-0.3313,0.21796052631579,-0.21796052631579,"FPTS Team_Angel Reese_2024-08-23"
2024-08-23,"FanDuel","CHI @ CON",1022400169,"FPTS Team","First Points","Player","Team","Home/Away","Favorite/Underdog",0.2303,334,0.2174,360,0.0129,0.0082,0.8248,0.542631578947368,2024-08-23 12:56:34,1,"Chennedy Carter","Win",0.8248,2.96928,0.542631578947368,1.95347368421052,"FPTS Team_Chennedy Carter_2024-08-23"
2024-08-23,"FanDuel","CHI @ CON",1022400169,"FPTS Team","First Points","Player","Team","Home/Away","Favorite/Underdog",0.2303,334,0.2128,370,0.0175,0.0111,1.1138,0.732763157894737,2024-08-23 19:26:35,5,"Chennedy Carter","Win",0.289,1.0693,0.190131578947369,0.703486842105265,"FPTS Team_Chennedy Carter_2024-08-23"
2024-08-23,"FanDuel","CHI @ CON",1022400169,"FPTS Team","First Points","Player","Team","Home/Away","Favorite/Underdog",0.2144,366,0.1429,600,0.0715,0.0417,4.1727,2.74519736842105,2024-08-23 23:26:37,23,"DiJonai Carrington","Loss",0.8286,-0.8286,0.54513157894737,-0.54513157894737,"FPTS Team_DiJonai Carrington_2024-08-23"
2024-08-23,"FanDuel","CHI @ CON",1022400169,"FPTS Team","First Points","Player","Team","Home/Away","Favorite/Underdog",0.2104,375,0.1538,550,0.0566,0.0334,3.3441,2.20006578947368,2024-08-23 12:26:55,1,"DiJonai Carrington","Loss",3.3441,-3.3441,2.20006578947368,-2.20006578947368,"FPTS Team_DiJonai Carrington_2024-08-23"
2024-08-23,"FanDuel","LAS @ WAS",1022400170,"FPTS","First Points","Player","Game","Home/Away","Favorite/Underdog",0.0942,962,0.0667,1400,0.0275,0.0147,1.4734,1.55094736842105,2024-08-23 23:26:37,23,"Crystal Dangerfield","Loss",0.0542,-0.0542,0.0570526315789399,-0.0570526315789399,"FPTS_Crystal Dangerfield_2024-08-23"
2024-08-23,"FanDuel","LAS @ WAS",1022400170,"FPTS","First Points","Player","Game","Home/Away","Favorite/Underdog",0.0941,963,0.0714,1300,0.0227,0.0122,1.22,1.28421052631579,2024-08-23 13:26:35,3,"Crystal Dangerfield","Loss",0.2904,-0.2904,0.305684210526316,-0.305684210526316,"FPTS_Crystal Dangerfield_2024-08-23"
2024-08-23,"FanDuel","LAS @ WAS",1022400170,"FPTS","First Points","Player","Game","Home/Away","Favorite/Underdog",0.0941,963,0.0769,1200,0.0172,0.0093,0.9296,0.978526315789474,2024-08-23 12:26:55,1,"Crystal Dangerfield","Loss",0.9296,-0.9296,0.978526315789474,-0.978526315789474,"FPTS_Crystal Dangerfield_2024-08-23"
2024-08-23,"MGM","LAS @ WAS",1022400170,"FPTS","First FGM","Player","Game","Home/Away","Favorite/Underdog",0.0932,973,0.0667,1400,0.0265,0.0142,1.4192,1.49389473684211,2024-08-23 15:26:35,7,"Crystal Dangerfield","Loss",0.1992,-0.1992,0.20968421052632,-0.20968421052632,"FPTS_Crystal Dangerfield_2024-08-23"
2024-08-23,"BetRivers","LAS @ WAS",1022400170,"FPTS","First FGM","Player","Game","Home/Away","Favorite/Underdog",0.1389,620,0.1111,800,0.0278,0.0156,1.5629,1.64515789473684,2024-08-23 12:26:55,1,"Shakira Austin","Loss",1.5629,-1.5629,1.64515789473684,-1.64515789473684,"FPTS_Shakira Austin_2024-08-23"
2024-08-23,"FanDuel","LAS @ WAS",1022400170,"FPTS Exact","First Points","Player","Exact","Home/Away","Favorite/Underdog",0.0374,2575,0.0256,3800,0.0117,0.006,0.6023,0.74358024691358,2024-08-23 19:56:35,15,"Dearica Hamby_other_fg","Loss",0.0341999999999999,-0.0341999999999999,0.0422222222222221,-0.0422222222222221,"FPTS Exact_Dearica Hamby_other_fg_2024-08-23"
2024-08-23,"FanDuel","LAS @ WAS",1022400170,"FPTS Exact","First Points","Player","Exact","Home/Away","Favorite/Underdog",0.0374,2575,0.0263,3700,0.0111,0.0057,0.5681,0.701358024691358,2024-08-23 13:26:35,3,"Dearica Hamby_other_fg","Loss",0.0361,-0.0361,0.044567901234568,-0.044567901234568,"FPTS Exact_Dearica Hamby_other_fg_2024-08-23"
2024-08-23,"FanDuel","LAS @ WAS",1022400170,"FPTS Exact","First Points","Player","Exact","Home/Away","Favorite/Underdog",0.0374,2575,0.027,3600,0.0104,0.0053,0.532,0.65679012345679,2024-08-23 12:26:55,1,"Dearica Hamby_other_fg","Loss",0.532,-0.532,0.65679012345679,-0.65679012345679,"FPTS Exact_Dearica Hamby_other_fg_2024-08-23"
2024-08-23,"FanDuel","LAS @ WAS",1022400170,"FPTS Exact","First Points","Player","Exact","Home/Away","Favorite/Underdog",0.0573,1645,0.0385,2500,0.0188,0.0098,0.9791,1.20876543209877,2024-08-23 12:26:55,1,"Shakira Austin_other_fg","Loss",0.9791,-0.9791,1.20876543209877,-1.20876543209877,"FPTS Exact_Shakira Austin_other_fg_2024-08-23"
2024-08-23,"FanDuel","LAS @ WAS",1022400170,"FPTS Team","First Points","Player","Team","Home/Away","Favorite/Underdog",0.1707,486,0.1333,650,0.0374,0.0216,2.1579,1.41967105263158,2024-08-23 12:26:55,1,"Crystal Dangerfield","Loss",2.1579,-2.1579,1.41967105263158,-1.41967105263158,"FPTS Team_Crystal Dangerfield_2024-08-23"
2024-08-23,"FanDuel","LAS @ WAS",1022400170,"FPTS Team","First Points","Player","Team","Home/Away","Favorite/Underdog",0.323,210,0.2273,340,0.0958,0.062,6.1972,4.07710526315789,2024-08-23 23:26:37,6,"Shakira Austin","Loss",0.4829,-0.4829,0.31769736842105,-0.31769736842105,"FPTS Team_Shakira Austin_2024-08-23"
2024-08-23,"FanDuel","LAS @ WAS",1022400170,"FPTS Team","First Points","Player","Team","Home/Away","Favorite/Underdog",0.3203,212,0.2326,330,0.0877,0.0571,5.7143,3.75940789473684,2024-08-23 13:56:35,4,"Shakira Austin","Loss",0.3218,-0.3218,0.21171052631579,-0.21171052631579,"FPTS Team_Shakira Austin_2024-08-23"
2024-08-23,"FanDuel","LAS @ WAS",1022400170,"FPTS Team","First Points","Player","Team","Home/Away","Favorite/Underdog",0.3203,212,0.2381,320,0.0822,0.0539,5.3925,3.54769736842105,2024-08-23 12:26:55,1,"Shakira Austin","Loss",5.3925,-5.3925,3.54769736842105,-3.54769736842105,"FPTS Team_Shakira Austin_2024-08-23"
2024-08-23,"MGM","LVA @ MIN",1022400171,"FPTS","First FGM","Player","Game","Home/Away","Favorite/Underdog",0.0895,1018,0.0769,1200,0.0126,0.0068,0.6803,0.716105263157895,2024-08-23 14:56:37,1,"Alanna Smith","Win",0.6803,8.1636,0.716105263157895,8.59326315789474,"FPTS_Alanna Smith_2024-08-23"
2024-08-23,"BetRivers","LVA @ MIN",1022400171,"FPTS","First FGM","Player","Game","Home/Away","Favorite/Underdog",0.0864,1057,0.0667,1400,0.0198,0.0106,1.0582,1.11389473684211,2024-08-23 12:26:55,1,"Chelsea Gray","Loss",1.0582,-1.0582,1.11389473684211,-1.11389473684211,"FPTS_Chelsea Gray_2024-08-23"
2024-08-23,"FanDuel","LVA @ MIN",1022400171,"FPTS","First Points","Player","Game","Home/Away","Favorite/Underdog",0.0842,1088,0.0588,1600,0.0253,0.0135,1.3456,1.41642105263158,2024-08-23 14:56:37,6,"Chelsea Gray","Loss",0.1908,-0.1908,0.20084210526316,-0.20084210526316,"FPTS_Chelsea Gray_2024-08-23"
2024-08-23,"FanDuel","LVA @ MIN",1022400171,"FPTS","First Points","Player","Game","Home/Away","Favorite/Underdog",0.0842,1088,0.0625,1500,0.0217,0.0115,1.1548,1.21557894736842,2024-08-23 13:26:35,3,"Chelsea Gray","Loss",0.0966,-0.0966,0.10168421052631,-0.10168421052631,"FPTS_Chelsea Gray_2024-08-23"
2024-08-23,"FanDuel","LVA @ MIN",1022400171,"FPTS Team","First Points","Player","Team","Home/Away","Favorite/Underdog",0.1861,437,0.1667,500,0.0195,0.0117,1.168,0.768421052631579,2024-08-23 12:26:55,1,"Alanna Smith","Win",1.168,5.84,0.768421052631579,3.84210526315789,"FPTS Team_Alanna Smith_2024-08-23"
2024-08-23,"FanDuel","LVA @ MIN",1022400171,"FPTS Team","First Points","Player","Team","Home/Away","Favorite/Underdog",0.1434,597,0.125,700,0.0184,0.0105,1.0522,0.692236842105263,2024-08-24 01:26:36,1,"Alysha Clark","Win",1.0522,7.3654,0.692236842105263,4.84565789473684,"FPTS Team_Alysha Clark_2024-08-23"
2024-08-23,"FanDuel","LVA @ MIN",1022400171,"FPTS Team","First Points","Player","Team","Home/Away","Favorite/Underdog",0.154,549,0.1,900,0.054,0.03,3,1.97368421052632,2024-08-23 15:56:40,8,"Chelsea Gray","Loss",0.5875,-0.5875,0.38651315789474,-0.38651315789474,"FPTS Team_Chelsea Gray_2024-08-23"
2024-08-23,"FanDuel","LVA @ MIN",1022400171,"FPTS Team","First Points","Player","Team","Home/Away","Favorite/Underdog",0.154,549,0.1111,800,0.0429,0.0241,2.4125,1.58717105263158,2024-08-23 14:26:38,5,"Chelsea Gray","Loss",0.3525,-0.3525,0.23190789473684,-0.23190789473684,"FPTS Team_Chelsea Gray_2024-08-23"
2024-08-23,"FanDuel","LVA @ MIN",1022400171,"FPTS Team","First Points","Player","Team","Home/Away","Favorite/Underdog",0.154,549,0.1176,750,0.0364,0.0206,2.06,1.35526315789474,2024-08-23 12:26:55,1,"Chelsea Gray","Loss",2.06,-2.06,1.35526315789474,-1.35526315789474,"FPTS Team_Chelsea Gray_2024-08-23"
2024-08-23,"FanDuel","PHO @ ATL",1022400168,"FPTS","First Points","Player","Game","Home/Away","Favorite/Underdog",0.0892,1021,0.0526,1800,0.0366,0.0193,1.9317,2.03336842105263,2024-08-23 14:26:38,5,"Natasha Cloud","Loss",0.3162,-0.3162,0.33284210526316,-0.33284210526316,"FPTS_Natasha Cloud_2024-08-23"
2024-08-23,"FanDuel","PHO @ ATL",1022400168,"FPTS","First Points","Player","Game","Home/Away","Favorite/Underdog",0.0892,1021,0.0588,1600,0.0304,0.0162,1.6155,1.70052631578947,2024-08-23 13:26:35,3,"Natasha Cloud","Loss",0.1897,-0.1897,0.19968421052631,-0.19968421052631,"FPTS_Natasha Cloud_2024-08-23"
2024-08-23,"FanDuel","PHO @ ATL",1022400168,"FPTS","First Points","Player","Game","Home/Away","Favorite/Underdog",0.0892,1021,0.0625,1500,0.0267,0.0143,1.4258,1.50084210526316,2024-08-23 12:26:55,1,"Natasha Cloud","Loss",1.4258,-1.4258,1.50084210526316,-1.50084210526316,"FPTS_Natasha Cloud_2024-08-23"
2024-08-23,"MGM","PHO @ ATL",1022400168,"FPTS","First FGM","Player","Game","Home/Away","Favorite/Underdog",0.0694,1340,0.0588,1600,0.0106,0.0056,0.5631,0.592736842105263,2024-08-23 13:56:35,1,"Naz Hillmon","Loss",0.5631,-0.5631,0.592736842105263,-0.592736842105263,"FPTS_Naz Hillmon_2024-08-23"
2024-08-23,"FanDuel","PHO @ ATL",1022400168,"FPTS","First Points","Player","Game","Home/Away","Favorite/Underdog",0.0651,1437,0.0526,1800,0.0124,0.0066,0.6556,0.690105263157895,2024-08-23 21:56:37,17,"Naz Hillmon","Loss",0.0924999999999999,-0.0924999999999999,0.097368421052632,-0.097368421052632,"FPTS_Naz Hillmon_2024-08-23"
2024-08-23,"FanDuel","PHO @ ATL",1022400168,"FPTS","First Points","Player","Game","Home/Away","Favorite/Underdog",0.1191,740,0.1053,850,0.0139,0.0077,0.7741,0.814842105263158,2024-08-23 12:56:34,1,"Tina Charles","Loss",0.7741,-0.7741,0.814842105263158,-0.814842105263158,"FPTS_Tina Charles_2024-08-23"
2024-08-23,"FanDuel","PHO @ ATL",1022400168,"FPTS","First Points","Player","Game","Home/Away","Favorite/Underdog",0.1191,740,0.1,900,0.0191,0.0106,1.0619,1.11778947368421,2024-08-23 14:56:37,4,"Tina Charles","Loss",0.2878,-0.2878,0.302947368421052,-0.302947368421052,"FPTS_Tina Charles_2024-08-23"
2024-08-23,"FanDuel","PHO @ ATL",1022400168,"FPTS Exact","First Points","Player","Exact","Home/Away","Favorite/Underdog",0.0385,2495,0.0256,3800,0.0129,0.0066,0.6617,0.816913580246914,2024-08-23 14:56:37,6,"Tina Charles_layup","Loss",0.0342,-0.0342,0.0422222222222229,-0.0422222222222229,"FPTS Exact_Tina Charles_layup_2024-08-23"
2024-08-23,"FanDuel","PHO @ ATL",1022400168,"FPTS Exact","First Points","Player","Exact","Home/Away","Favorite/Underdog",0.0385,2495,0.0263,3700,0.0122,0.0063,0.6275,0.774691358024691,2024-08-23 12:56:34,2,"Tina Charles_layup","Loss",0.0741999999999999,-0.0741999999999999,0.091604938271605,-0.091604938271605,"FPTS Exact_Tina Charles_layup_2024-08-23"
2024-08-23,"FanDuel","PHO @ ATL",1022400168,"FPTS Exact","First Points","Player","Exact","Home/Away","Favorite/Underdog",0.0385,2495,0.0278,3500,0.0108,0.0055,0.5533,0.683086419753086,2024-08-23 12:26:55,1,"Tina Charles_layup","Loss",0.5533,-0.5533,0.683086419753086,-0.683086419753086,"FPTS Exact_Tina Charles_layup_2024-08-23"
2024-08-23,"FanDuel","PHO @ ATL",1022400168,"FPTS Team","First Points","Player","Team","Home/Away","Favorite/Underdog",0.1549,546,0.0833,1100,0.0715,0.039,3.9019,2.56703947368421,2024-08-23 14:26:38,5,"Natasha Cloud","Loss",0.3842,-0.3842,0.25276315789474,-0.25276315789474,"FPTS Team_Natasha Cloud_2024-08-23"
2024-08-23,"FanDuel","PHO @ ATL",1022400168,"FPTS Team","First Points","Player","Team","Home/Away","Favorite/Underdog",0.1549,546,0.0909,1000,0.064,0.0352,3.5177,2.31427631578947,2024-08-23 13:26:35,3,"Natasha Cloud","Loss",0.2224,-0.2224,0.14631578947368,-0.14631578947368,"FPTS Team_Natasha Cloud_2024-08-23"
2024-08-23,"FanDuel","PHO @ ATL",1022400168,"FPTS Team","First Points","Player","Team","Home/Away","Favorite/Underdog",0.1549,546,0.0952,950,0.0596,0.033,3.2953,2.16796052631579,2024-08-23 12:26:55,1,"Natasha Cloud","Loss",3.2953,-3.2953,2.16796052631579,-2.16796052631579,"FPTS Team_Natasha Cloud_2024-08-23"
2024-08-23,"FanDuel","PHO @ ATL",1022400168,"FPTS Team","First Points","Player","Team","Home/Away","Favorite/Underdog",0.1535,551,0.1333,650,0.0202,0.0116,1.1633,0.765328947368421,2024-08-23 12:26:55,1,"Naz Hillmon","Win",1.1633,7.56145,0.765328947368421,4.97463815789474,"FPTS Team_Naz Hillmon_2024-08-23"
2024-08-23,"FanDuel","PHO @ ATL",1022400168,"FPTS Team","First Points","Player","Team","Home/Away","Favorite/Underdog",0.2811,256,0.2703,270,0.0108,0.0074,0.739,0.486184210526316,2024-08-23 12:26:55,1,"Tina Charles","Loss",0.739,-0.739,0.486184210526316,-0.486184210526316,"FPTS Team_Tina Charles_2024-08-23"
2024-08-23,"FanDuel","PHO @ ATL",1022400168,"FPTS Team","First Points","Player","Team","Home/Away","Favorite/Underdog",0.2811,256,0.2632,280,0.0179,0.0121,1.2145,0.799013157894737,2024-08-23 16:56:39,9,"Tina Charles","Loss",0.4755,-0.4755,0.312828947368421,-0.312828947368421,"FPTS Team_Tina Charles_2024-08-23"
2024-08-24,"FanDuel","CON @ NYL",1022400172,"FPTS","First Points","Player","Game","Home/Away","Favorite/Underdog",0.0892,1021,0.0556,1700,0.0337,0.0178,1.783,1.87684210526316,2024-08-24 15:56:26,8,"DiJonai Carrington","Loss",0.1674,-0.1674,0.17621052631579,-0.17621052631579,"FPTS_DiJonai Carrington_2024-08-24"
2024-08-24,"FanDuel","CON @ NYL",1022400172,"FPTS","First Points","Player","Game","Home/Away","Favorite/Underdog",0.0892,1021,0.0588,1600,0.0304,0.0162,1.6156,1.70063157894737,2024-08-24 12:56:30,2,"DiJonai Carrington","Loss",0.1897,-0.1897,0.19968421052632,-0.19968421052632,"FPTS_DiJonai Carrington_2024-08-24"
2024-08-24,"FanDuel","CON @ NYL",1022400172,"FPTS","First Points","Player","Game","Home/Away","Favorite/Underdog",0.0892,1021,0.0625,1500,0.0267,0.0143,1.4259,1.50094736842105,2024-08-24 12:26:51,1,"DiJonai Carrington","Loss",1.4259,-1.4259,1.50094736842105,-1.50094736842105,"FPTS_DiJonai Carrington_2024-08-24"
2024-08-24,"FanDuel","CON @ NYL",1022400172,"FPTS Team","First Points","Player","Team","Home/Away","Favorite/Underdog",0.2803,257,0.2703,270,0.01,0.0069,0.6873,0.452171052631579,2024-08-24 17:26:26,1,"Breanna Stewart","Win",0.6873,1.85571,0.452171052631579,1.22086184210526,"FPTS Team_Breanna Stewart_2024-08-24"
2024-08-24,"FanDuel","CON @ NYL",1022400172,"FPTS Team","First Points","Player","Team","Home/Away","Favorite/Underdog",0.147,580,0.1333,650,0.0137,0.0079,0.7892,0.519210526315789,2024-08-24 12:56:30,1,"Courtney Vandersloot","Loss",0.7892,-0.7892,0.519210526315789,-0.519210526315789,"FPTS Team_Courtney Vandersloot_2024-08-24"
2024-08-24,"FanDuel","CON @ NYL",1022400172,"FPTS Team","First Points","Player","Team","Home/Away","Favorite/Underdog",0.2154,364,0.1429,600,0.0725,0.0423,4.2316,2.78394736842105,2024-08-24 22:56:28,22,"DiJonai Carrington","Loss",4.2316,-4.2316,2.78394736842105,-2.78394736842105,"FPTS Team_DiJonai Carrington_2024-08-24"
2024-08-24,"BetRivers","IND @ MIN",1022400173,"FPTS","First FGM","Player","Game","Home/Away","Favorite/Underdog",0.1042,859,0.0769,1200,0.0273,0.0148,1.4789,1.55673684210526,2024-08-24 14:56:25,6,"Kelsey Mitchell","Loss",0.1509,-0.1509,0.15884210526315,-0.15884210526315,"FPTS_Kelsey Mitchell_2024-08-24"
2024-08-24,"FanDuel","IND @ MIN",1022400173,"FPTS","First Points","Player","Game","Home/Away","Favorite/Underdog",0.1014,886,0.0769,1200,0.0245,0.0133,1.328,1.39789473684211,2024-08-24 12:56:30,2,"Kelsey Mitchell","Loss",0.3403,-0.3403,0.35821052631579,-0.35821052631579,"FPTS_Kelsey Mitchell_2024-08-24"
2024-08-24,"FanDuel","IND @ MIN",1022400173,"FPTS","First Points","Player","Game","Home/Away","Favorite/Underdog",0.1014,886,0.0833,1100,0.0181,0.0099,0.9877,1.03968421052632,2024-08-24 12:26:51,1,"Kelsey Mitchell","Loss",0.9877,-0.9877,1.03968421052632,-1.03968421052632,"FPTS_Kelsey Mitchell_2024-08-24"
2024-08-24,"FanDuel","IND @ MIN",1022400173,"FPTS Exact","First Points","Player","Exact","Home/Away","Favorite/Underdog",0.0382,2517,0.0256,3800,0.0126,0.0065,0.6452,0.796543209876543,2024-08-24 12:26:51,1,"Kelsey Mitchell_layup","Loss",0.6452,-0.6452,0.796543209876543,-0.796543209876543,"FPTS Exact_Kelsey Mitchell_layup_2024-08-24"
2024-08-24,"FanDuel","IND @ MIN",1022400173,"FPTS Exact","First Points","Player","Exact","Home/Away","Favorite/Underdog",0.0382,2517,0.0238,4100,0.0144,0.0074,0.7378,0.910864197530864,2024-08-24 12:56:30,2,"Kelsey Mitchell_layup","Loss",0.0926,-0.0926,0.114320987654321,-0.114320987654321,"FPTS Exact_Kelsey Mitchell_layup_2024-08-24"
2024-08-24,"FanDuel","IND @ MIN",1022400173,"FPTS Team","First Points","Player","Team","Home/Away","Favorite/Underdog",0.1855,439,0.1695,490,0.016,0.0097,0.9653,0.635065789473684,2024-08-24 12:26:51,1,"Alanna Smith","Loss",0.9653,-0.9653,0.635065789473684,-0.635065789473684,"FPTS Team_Alanna Smith_2024-08-24"
2024-08-24,"FanDuel","IND @ MIN",1022400173,"FPTS Team","First Points","Player","Team","Home/Away","Favorite/Underdog",0.1855,439,0.1667,500,0.0189,0.0113,1.1315,0.744407894736842,2024-08-24 14:56:25,6,"Alanna Smith","Loss",0.1662,-0.1662,0.109342105263158,-0.109342105263158,"FPTS Team_Alanna Smith_2024-08-24"
2024-08-24,"FanDuel","IND @ MIN",1022400173,"FPTS Team","First Points","Player","Team","Home/Away","Favorite/Underdog",0.1868,435,0.1538,550,0.0329,0.0195,1.9464,1.28052631578947,2024-08-24 12:26:51,1,"Kelsey Mitchell","Loss",1.9464,-1.9464,1.28052631578947,-1.28052631578947,"FPTS Team_Kelsey Mitchell_2024-08-24"
2024-08-24,"FanDuel","IND @ MIN",1022400173,"FPTS Team","First Points","Player","Team","Home/Away","Favorite/Underdog",0.1868,435,0.1429,600,0.0439,0.0256,2.5625,1.68585526315789,2024-08-24 14:26:26,5,"Kelsey Mitchell","Loss",0.6161,-0.6161,0.40532894736842,-0.40532894736842,"FPTS Team_Kelsey Mitchell_2024-08-24"
2024-08-25,"FanDuel","LAS @ DAL",1022400175,"FPTS","First Points","Player","Game","Home/Away","Favorite/Underdog",0.0814,1128,0.0588,1600,0.0226,0.012,1.1999,1.26305263157895,2024-08-25 12:26:51,1,"Crystal Dangerfield","Loss",1.1999,-1.1999,1.26305263157895,-1.26305263157895,"FPTS_Crystal Dangerfield_2024-08-25"
2024-08-25,"FanDuel","LAS @ DAL",1022400175,"FPTS","First Points","Player","Game","Home/Away","Favorite/Underdog",0.0814,1128,0.0556,1700,0.0259,0.0137,1.3688,1.44084210526316,2024-08-25 13:56:31,4,"Crystal Dangerfield","Loss",0.1689,-0.1689,0.17778947368421,-0.17778947368421,"FPTS_Crystal Dangerfield_2024-08-25"
2024-08-25,"FanDuel","LAS @ DAL",1022400175,"FPTS","First Points","Player","Game","Home/Away","Favorite/Underdog",0.1278,683,0.1176,750,0.0101,0.0057,0.5741,0.604315789473684,2024-08-25 15:56:32,1,"Dearica Hamby","Loss",0.5741,-0.5741,0.604315789473684,-0.604315789473684,"FPTS_Dearica Hamby_2024-08-25"
2024-08-25,"BetRivers","LAS @ DAL",1022400175,"FPTS","First FGM","Player","Game","Home/Away","Favorite/Underdog",0.08,1150,0.0667,1400,0.0133,0.0071,0.713,0.750526315789474,2024-08-25 12:26:51,1,"Stephanie Talbot","Loss",0.713,-0.713,0.750526315789474,-0.750526315789474,"FPTS_Stephanie Talbot_2024-08-25"
2024-08-25,"FanDuel","LAS @ DAL",1022400175,"FPTS Exact","First Points","Player","Exact","Home/Away","Favorite/Underdog",0.0359,2683,0.0227,4300,0.0132,0.0068,0.6755,0.833950617283951,2024-08-25 17:26:40,11,"Dearica Hamby_other_fg","Loss",0.0266999999999999,-0.0266999999999999,0.0329629629629631,-0.0329629629629631,"FPTS Exact_Dearica Hamby_other_fg_2024-08-25"
2024-08-25,"FanDuel","LAS @ DAL",1022400175,"FPTS Exact","First Points","Player","Exact","Home/Away","Favorite/Underdog",0.0359,2683,0.0233,4200,0.0127,0.0065,0.6488,0.800987654320988,2024-08-25 16:56:40,10,"Dearica Hamby_other_fg","Loss",0.028,-0.028,0.034567901234568,-0.034567901234568,"FPTS Exact_Dearica Hamby_other_fg_2024-08-25"
2024-08-25,"FanDuel","LAS @ DAL",1022400175,"FPTS Exact","First Points","Player","Exact","Home/Away","Favorite/Underdog",0.0359,2683,0.0238,4100,0.0121,0.0062,0.6208,0.76641975308642,2024-08-25 12:26:51,1,"Dearica Hamby_other_fg","Loss",0.6208,-0.6208,0.76641975308642,-0.76641975308642,"FPTS Exact_Dearica Hamby_other_fg_2024-08-25"
2024-08-25,"FanDuel","LAS @ DAL",1022400175,"FPTS Team","First Points","Player","Team","Home/Away","Favorite/Underdog",0.1653,505,0.125,700,0.0403,0.023,2.3013,1.51401315789474,2024-08-25 12:26:51,1,"Crystal Dangerfield","Loss",2.3013,-2.3013,1.51401315789474,-1.51401315789474,"FPTS Team_Crystal Dangerfield_2024-08-25"
2024-08-25,"FanDuel","LAS @ DAL",1022400175,"FPTS Team","First Points","Player","Team","Home/Away","Favorite/Underdog",0.1273,685,0.0952,950,0.0321,0.0177,1.7731,1.16651315789474,2024-08-25 19:56:35,11,"Jacy Sheldon","Loss",0.8612,-0.8612,0.566578947368424,-0.566578947368424,"FPTS Team_Jacy Sheldon_2024-08-25"
2024-08-25,"FanDuel","LAS @ DAL",1022400175,"FPTS Team","First Points","Player","Team","Home/Away","Favorite/Underdog",0.1273,685,0.1111,800,0.0162,0.0091,0.9119,0.599934210526316,2024-08-25 15:26:33,2,"Jacy Sheldon","Loss",0.1456,-0.1456,0.095789473684211,-0.095789473684211,"FPTS Team_Jacy Sheldon_2024-08-25"
2024-08-25,"MGM","LAS @ DAL",1022400175,"FPTS Team","First FGM","Player","Team","Home/Away","Favorite/Underdog",0.1312,662,0.1176,750,0.0135,0.0077,0.7663,0.504144736842105,2024-08-25 14:56:31,1,"Jacy Sheldon","Loss",0.7663,-0.7663,0.504144736842105,-0.504144736842105,"FPTS Team_Jacy Sheldon_2024-08-25"
2024-08-25,"FanDuel","LAS @ DAL",1022400175,"FPTS Team","First Points","Player","Team","Home/Away","Favorite/Underdog",0.2117,372,0.1724,480,0.0393,0.0237,2.3715,1.56019736842105,2024-08-25 19:56:35,1,"Satou Sabally","Loss",2.3715,-2.3715,1.56019736842105,-1.56019736842105,"FPTS Team_Satou Sabally_2024-08-25"
2024-08-25,"BetRivers","LVA @ CHI",1022400174,"FPTS","First FGM","Player","Game","Home/Away","Favorite/Underdog",0.137,630,0.125,700,0.012,0.0069,0.6864,0.722526315789474,2024-08-25 12:26:51,1,"Angel Reese","Loss",0.3432,-0.3432,0.361263157894737,-0.361263157894737,"FPTS_Angel Reese_2024-08-25"
2024-08-25,"Draft Kings","LVA @ CHI",1022400174,"FPTS","First FGM","Player","Game","Home/Away","Favorite/Underdog",0.137,630,0.125,700,0.012,0.0069,0.6864,0.722526315789474,2024-08-25 12:26:51,1,"Angel Reese","Loss",0.3432,-0.3432,0.361263157894737,-0.361263157894737,"FPTS_Angel Reese_2024-08-25"
2024-08-25,"FanDuel","LVA @ CHI",1022400174,"FPTS","First Points","Player","Game","Home/Away","Favorite/Underdog",0.1372,629,0.1176,750,0.0195,0.0111,1.1072,1.16547368421053,2024-08-25 15:56:32,8,"Angel Reese","Loss",0.4109,-0.4109,0.432526315789477,-0.432526315789477,"FPTS_Angel Reese_2024-08-25"
2024-08-25,"FanDuel","LVA @ CHI",1022400174,"FPTS","First Points","Player","Game","Home/Away","Favorite/Underdog",0.1372,629,0.125,700,0.0122,0.007,0.6963,0.732947368421053,2024-08-25 12:56:31,2,"Angel Reese","Loss",0.00990000000000002,-0.00990000000000002,0.010421052631579,-0.010421052631579,"FPTS_Angel Reese_2024-08-25"
2024-08-25,"FanDuel","LVA @ CHI",1022400174,"FPTS","First Points","Player","Game","Home/Away","Favorite/Underdog",0.0697,1335,0.0526,1800,0.0171,0.009,0.901,0.948421052631579,2024-08-25 12:26:51,1,"Chelsea Gray","Loss",0.901,-0.901,0.948421052631579,-0.948421052631579,"FPTS_Chelsea Gray_2024-08-25"
2024-08-25,"FanDuel","LVA @ CHI",1022400174,"FPTS","First Points","Player","Game","Home/Away","Favorite/Underdog",0.0697,1335,0.05,1900,0.0197,0.0104,1.0371,1.09168421052632,2024-08-25 13:26:29,3,"Chelsea Gray","Loss",0.1361,-0.1361,0.143263157894741,-0.143263157894741,"FPTS_Chelsea Gray_2024-08-25"
2024-08-25,"FanDuel","LVA @ CHI",1022400174,"FPTS Exact","First Points","Player","Exact","Home/Away","Favorite/Underdog",0.0404,2374,0.0303,3200,0.0101,0.0052,0.5213,0.64358024691358,2024-08-25 12:26:51,1,"Angel Reese_other_fg","Loss",0.5213,-0.5213,0.64358024691358,-0.64358024691358,"FPTS Exact_Angel Reese_other_fg_2024-08-25"
2024-08-25,"FanDuel","LVA @ CHI",1022400174,"FPTS Team","First Points","Player","Team","Home/Away","Favorite/Underdog",0.2614,283,0.2326,330,0.0289,0.0188,1.881,1.2375,2024-08-25 12:26:51,1,"Angel Reese","Loss",1.881,-1.881,1.2375,-1.2375,"FPTS Team_Angel Reese_2024-08-25"
2024-08-25,"FanDuel","LVA @ CHI",1022400174,"FPTS Team","First Points","Player","Team","Home/Away","Favorite/Underdog",0.2614,283,0.2273,340,0.0342,0.0221,2.2101,1.45401315789474,2024-08-25 13:56:31,4,"Angel Reese","Loss",0.3291,-0.3291,0.21651315789474,-0.21651315789474,"FPTS Team_Angel Reese_2024-08-25"
2024-08-25,"FanDuel","LVA @ CHI",1022400174,"FPTS Team","First Points","Player","Team","Home/Away","Favorite/Underdog",0.1467,582,0.1053,850,0.0414,0.0231,2.3138,1.52223684210526,2024-08-25 12:26:51,1,"Chelsea Gray","Loss",2.3138,-2.3138,1.52223684210526,-1.52223684210526,"FPTS Team_Chelsea Gray_2024-08-25"
2024-08-25,"FanDuel","LVA @ CHI",1022400174,"FPTS Team","First Points","Player","Team","Home/Away","Favorite/Underdog",0.1467,582,0.1,900,0.0467,0.0259,2.5927,1.70572368421053,2024-08-25 13:26:29,3,"Chelsea Gray","Loss",0.2789,-0.2789,0.18348684210527,-0.18348684210527,"FPTS Team_Chelsea Gray_2024-08-25"
2024-08-25,"FanDuel","LVA @ CHI",1022400174,"FPTS Team","First Points","Player","Team","Home/Away","Favorite/Underdog",0.2433,311,0.2273,340,0.016,0.0103,1.035,0.680921052631579,2024-08-25 12:26:51,1,"Chennedy Carter","Loss",1.035,-1.035,0.680921052631579,-0.680921052631579,"FPTS Team_Chennedy Carter_2024-08-25"
2024-08-25,"FanDuel","LVA @ CHI",1022400174,"FPTS Team","First Points","Player","Team","Home/Away","Favorite/Underdog",0.144,595,0.1333,650,0.0106,0.0061,0.6126,0.403026315789474,2024-08-25 15:56:32,1,"Megan Gustafson","Loss",0.6126,-0.6126,0.403026315789474,-0.403026315789474,"FPTS Team_Megan Gustafson_2024-08-25"
2024-08-26,"FanDuel","IND @ ATL",1022400176,"FPTS","First Points","Player","Game","Home/Away","Favorite/Underdog",0.0972,929,0.0769,1200,0.0203,0.011,1.0974,1.15515789473684,2024-08-26 12:26:51,1,"Allisha Gray","Loss",1.0974,-1.0974,1.15515789473684,-1.15515789473684,"FPTS_Allisha Gray_2024-08-26"
2024-08-26,"BetRivers","IND @ ATL",1022400176,"FPTS","First FGM","Player","Game","Home/Away","Favorite/Underdog",0.1058,845,0.0909,1000,0.0149,0.0082,0.8182,0.861263157894737,2024-08-26 12:26:51,1,"Kelsey Mitchell","Loss",0.8182,-0.8182,0.861263157894737,-0.861263157894737,"FPTS_Kelsey Mitchell_2024-08-26"
2024-08-26,"FanDuel","IND @ ATL",1022400176,"FPTS","First Points","Player","Game","Home/Away","Favorite/Underdog",0.0989,912,0.0833,1100,0.0155,0.0085,0.8469,0.891473684210526,2024-08-26 16:26:31,9,"Kelsey Mitchell","Loss",0.0286999999999999,-0.0286999999999999,0.030210526315789,-0.030210526315789,"FPTS_Kelsey Mitchell_2024-08-26"
2024-08-26,"FanDuel","IND @ ATL",1022400176,"FPTS Exact","First Points","Player","Exact","Home/Away","Favorite/Underdog",0.0381,2523,0.0256,3800,0.0125,0.0064,0.6409,0.791234567901235,2024-08-26 18:26:34,7,"Kelsey Mitchell_layup","Loss",0.0342,-0.0342,0.042222222222223,-0.042222222222223,"FPTS Exact_Kelsey Mitchell_layup_2024-08-26"
2024-08-26,"FanDuel","IND @ ATL",1022400176,"FPTS Exact","First Points","Player","Exact","Home/Away","Favorite/Underdog",0.0381,2523,0.0263,3700,0.0118,0.0061,0.6067,0.749012345679012,2024-08-26 16:26:31,4,"Kelsey Mitchell_layup","Loss",0.0361,-0.0361,0.044567901234568,-0.044567901234568,"FPTS Exact_Kelsey Mitchell_layup_2024-08-26"
2024-08-26,"FanDuel","IND @ ATL",1022400176,"FPTS Exact","First Points","Player","Exact","Home/Away","Favorite/Underdog",0.0381,2523,0.027,3600,0.0111,0.0057,0.5706,0.704444444444444,2024-08-26 12:56:33,1,"Kelsey Mitchell_layup","Loss",0.5706,-0.5706,0.704444444444444,-0.704444444444444,"FPTS Exact_Kelsey Mitchell_layup_2024-08-26"
2024-08-26,"FanDuel","IND @ ATL",1022400176,"FPTS Team","First Points","Player","Team","Home/Away","Favorite/Underdog",0.2123,371,0.1667,500,0.0456,0.0274,2.7379,1.80125,2024-08-26 12:26:51,1,"Allisha Gray","Win",2.7379,13.6895,1.80125,9.00625,"FPTS Team_Allisha Gray_2024-08-26"
2024-08-26,"FanDuel","IND @ ATL",1022400176,"FPTS Team","First Points","Player","Team","Home/Away","Favorite/Underdog",0.2123,371,0.1538,550,0.0585,0.0345,3.454,2.27236842105263,2024-08-26 13:26:31,3,"Allisha Gray","Win",0.7161,3.93855,0.47111842105263,2.59115131578946,"FPTS Team_Allisha Gray_2024-08-26"
2024-08-26,"FanDuel","IND @ ATL",1022400176,"FPTS Team","First Points","Player","Team","Home/Away","Favorite/Underdog",0.1823,448,0.1667,500,0.0157,0.0094,0.9391,0.617828947368421,2024-08-26 12:26:51,1,"Kelsey Mitchell","Loss",0.9391,-0.9391,0.617828947368421,-0.617828947368421,"FPTS Team_Kelsey Mitchell_2024-08-26"
2024-08-26,"MGM","IND @ ATL",1022400176,"FPTS Team","First FGM","Player","Team","Home/Away","Favorite/Underdog",0.1963,409,0.1667,500,0.0296,0.0178,1.779,1.17039473684211,2024-08-26 14:56:31,3,"Kelsey Mitchell","Loss",0.8399,-0.8399,0.552565789473689,-0.552565789473689,"FPTS Team_Kelsey Mitchell_2024-08-26"
2024-08-26,"MGM","IND @ ATL",1022400176,"FPTS Team","First FGM","Player","Team","Home/Away","Favorite/Underdog",0.158,533,0.1429,600,0.0152,0.0088,0.8848,0.582105263157895,2024-08-26 14:56:31,1,"Naz Hillmon","Loss",0.8848,-0.8848,0.582105263157895,-0.582105263157895,"FPTS Team_Naz Hillmon_2024-08-26"
2024-08-26,"FanDuel","NYL @ PHO",1022400177,"FPTS","First Points","Player","Game","Home/Away","Favorite/Underdog",0.1372,629,0.125,700,0.0122,0.007,0.6991,0.735894736842105,2024-08-26 16:56:31,1,"Breanna Stewart","Loss",0.6991,-0.6991,0.735894736842105,-0.735894736842105,"FPTS_Breanna Stewart_2024-08-26"
2024-08-26,"BetRivers","NYL @ PHO",1022400177,"FPTS","First FGM","Player","Game","Home/Away","Favorite/Underdog",0.0776,1188,0.0667,1400,0.011,0.0059,0.5884,0.619368421052632,2024-08-26 15:26:31,1,"Courtney Vandersloot","Loss",0.196133333333333,-0.196133333333333,0.206456140350877,-0.206456140350877,"FPTS_Courtney Vandersloot_2024-08-26"
2024-08-26,"Draft Kings","NYL @ PHO",1022400177,"FPTS","First FGM","Player","Game","Home/Away","Favorite/Underdog",0.0776,1188,0.0667,1400,0.011,0.0059,0.5884,0.619368421052632,2024-08-26 15:26:31,1,"Courtney Vandersloot","Loss",0.196133333333333,-0.196133333333333,0.206456140350877,-0.206456140350877,"FPTS_Courtney Vandersloot_2024-08-26"
2024-08-26,"FanDuel","NYL @ PHO",1022400177,"FPTS","First Points","Player","Game","Home/Away","Favorite/Underdog",0.0696,1336,0.05,1900,0.0196,0.0103,1.0341,1.08852631578947,2024-08-26 23:26:33,17,"Courtney Vandersloot","Loss",0.2881,-0.2881,0.303263157894733,-0.303263157894733,"FPTS_Courtney Vandersloot_2024-08-26"
2024-08-26,"FanDuel","NYL @ PHO",1022400177,"FPTS","First Points","Player","Game","Home/Away","Favorite/Underdog",0.0696,1336,0.0556,1700,0.0141,0.0075,0.746,0.785263157894737,2024-08-26 22:56:33,16,"Courtney Vandersloot","Loss",0.1576,-0.1576,0.165894736842105,-0.165894736842105,"FPTS_Courtney Vandersloot_2024-08-26"
2024-08-26,"MGM","NYL @ PHO",1022400177,"FPTS","First FGM","Player","Game","Home/Away","Favorite/Underdog",0.0776,1188,0.0667,1400,0.011,0.0059,0.5884,0.619368421052632,2024-08-26 15:26:31,1,"Courtney Vandersloot","Loss",0.196133333333333,-0.196133333333333,0.206456140350877,-0.206456140350877,"FPTS_Courtney Vandersloot_2024-08-26"
2024-08-26,"FanDuel","NYL @ PHO",1022400177,"FPTS","First Points","Player","Game","Home/Away","Favorite/Underdog",0.0772,1195,0.05,1900,0.0272,0.0143,1.4319,1.50726315789474,2024-08-26 12:26:51,1,"Natasha Cloud","Loss",1.4319,-1.4319,1.50726315789474,-1.50726315789474,"FPTS_Natasha Cloud_2024-08-26"
2024-08-26,"FanDuel","NYL @ PHO",1022400177,"FPTS Exact","First Points","Player","Exact","Home/Away","Favorite/Underdog",0.0461,2067,0.0357,2700,0.0104,0.0054,0.5407,0.667530864197531,2024-08-26 20:26:31,1,"Kahleah Copper_other_fg","Loss",0.5407,-0.5407,0.667530864197531,-0.667530864197531,"FPTS Exact_Kahleah Copper_other_fg_2024-08-26"
2024-08-26,"FanDuel","NYL @ PHO",1022400177,"FPTS Exact","First Points","Player","Exact","Home/Away","Favorite/Underdog",0.0323,2994,0.0217,4500,0.0106,0.0054,0.5406,0.667407407407407,2024-08-26 15:26:31,1,"Sabrina Ionescu_layup","Loss",0.5406,-0.5406,0.667407407407407,-0.667407407407407,"FPTS Exact_Sabrina Ionescu_layup_2024-08-26"
2024-08-26,"FanDuel","NYL @ PHO",1022400177,"FPTS Team","First Points","Player","Team","Home/Away","Favorite/Underdog",0.2866,249,0.2703,270,0.0163,0.0112,1.1189,0.736118421052632,2024-08-26 17:56:32,1,"Breanna Stewart","Win",1.1189,3.02103,0.736118421052632,1.98751973684211,"FPTS Team_Breanna Stewart_2024-08-26"
2024-08-26,"FanDuel","NYL @ PHO",1022400177,"FPTS Team","First Points","Player","Team","Home/Away","Favorite/Underdog",0.1455,588,0.1053,850,0.0402,0.0225,2.2458,1.4775,2024-08-26 23:26:33,19,"Courtney Vandersloot","Loss",0.155,-0.155,0.10197368421053,-0.10197368421053,"FPTS Team_Courtney Vandersloot_2024-08-26"
2024-08-26,"MGM","NYL @ PHO",1022400177,"FPTS Team","First FGM","Player","Team","Home/Away","Favorite/Underdog",0.1616,519,0.125,700,0.0366,0.0209,2.0908,1.37552631578947,2024-08-26 15:26:31,3,"Courtney Vandersloot","Loss",2.0908,-2.0908,1.37552631578947,-1.37552631578947,"FPTS Team_Courtney Vandersloot_2024-08-26"
2024-08-26,"FanDuel","NYL @ PHO",1022400177,"FPTS Team","First Points","Player","Team","Home/Away","Favorite/Underdog",0.1481,575,0.0909,1000,0.0572,0.0315,3.1479,2.07098684210526,2024-08-26 12:26:51,1,"Natasha Cloud","Loss",3.1479,-3.1479,2.07098684210526,-2.07098684210526,"FPTS Team_Natasha Cloud_2024-08-26"
2024-08-26,"FanDuel","WAS @ SEA",1022400178,"FPTS","First Points","Player","Game","Home/Away","Favorite/Underdog",0.1689,492,0.0952,950,0.0736,0.0407,4.0697,4.28389473684211,2024-08-26 12:26:51,1,"Shakira Austin","Loss",4.0697,-4.0697,4.28389473684211,-4.28389473684211,"FPTS_Shakira Austin_2024-08-26"
2024-08-26,"FanDuel","WAS @ SEA",1022400178,"FPTS","First Points","Player","Game","Home/Away","Favorite/Underdog",0.1689,492,0.0909,1000,0.078,0.0429,4.2885,4.51421052631579,2024-08-26 12:56:33,2,"Shakira Austin","Loss",0.2188,-0.2188,0.23031578947368,-0.23031578947368,"FPTS_Shakira Austin_2024-08-26"
2024-08-26,"FanDuel","WAS @ SEA",1022400178,"FPTS Exact","First Points","Player","Exact","Home/Away","Favorite/Underdog",0.0795,1158,0.0625,1500,0.017,0.0091,0.9058,1.11827160493827,2024-08-26 12:26:51,1,"Shakira Austin_layup","Loss",0.9058,-0.9058,1.11827160493827,-1.11827160493827,"FPTS Exact_Shakira Austin_layup_2024-08-26"
2024-08-26,"FanDuel","WAS @ SEA",1022400178,"FPTS Exact","First Points","Player","Exact","Home/Away","Favorite/Underdog",0.0795,1158,0.0556,1700,0.0239,0.0127,1.2667,1.56382716049383,2024-08-26 12:56:33,2,"Shakira Austin_layup","Loss",0.3609,-0.3609,0.44555555555556,-0.44555555555556,"FPTS Exact_Shakira Austin_layup_2024-08-26"
2024-08-26,"FanDuel","WAS @ SEA",1022400178,"FPTS Exact","First Points","Player","Exact","Home/Away","Favorite/Underdog",0.0747,1238,0.0333,2900,0.0414,0.0214,2.1412,2.64345679012346,2024-08-26 12:26:51,1,"Shakira Austin_other_fg","Loss",2.1412,-2.1412,2.64345679012346,-2.64345679012346,"FPTS Exact_Shakira Austin_other_fg_2024-08-26"
2024-08-26,"FanDuel","WAS @ SEA",1022400178,"FPTS Exact","First Points","Player","Exact","Home/Away","Favorite/Underdog",0.0747,1238,0.0312,3100,0.0435,0.0224,2.2441,2.77049382716049,2024-08-26 12:56:33,2,"Shakira Austin_other_fg","Loss",0.1029,-0.1029,0.12703703703703,-0.12703703703703,"FPTS Exact_Shakira Austin_other_fg_2024-08-26"
2024-08-26,"FanDuel","WAS @ SEA",1022400178,"FPTS Team","First Points","Player","Team","Home/Away","Favorite/Underdog",0.2219,351,0.1923,420,0.0296,0.0183,1.8321,1.20532894736842,2024-08-26 22:56:33,22,"Jewell Loyd","Loss",0.226,-0.226,0.14868421052631,-0.14868421052631,"FPTS Team_Jewell Loyd_2024-08-26"
2024-08-26,"FanDuel","WAS @ SEA",1022400178,"FPTS Team","First Points","Player","Team","Home/Away","Favorite/Underdog",0.2219,351,0.1961,410,0.0258,0.0161,1.6061,1.05664473684211,2024-08-26 18:56:34,14,"Jewell Loyd","Loss",0.2372,-0.2372,0.156052631578952,-0.156052631578952,"FPTS Team_Jewell Loyd_2024-08-26"
2024-08-26,"FanDuel","WAS @ SEA",1022400178,"FPTS Team","First Points","Player","Team","Home/Away","Favorite/Underdog",0.2219,351,0.2,400,0.0219,0.0137,1.3689,0.900592105263158,2024-08-26 12:26:51,1,"Jewell Loyd","Loss",1.3689,-1.3689,0.900592105263158,-0.900592105263158,"FPTS Team_Jewell Loyd_2024-08-26"
2024-08-26,"FanDuel","WAS @ SEA",1022400178,"FPTS Team","First Points","Player","Team","Home/Away","Favorite/Underdog",0.1685,493,0.1538,550,0.0147,0.0087,0.8684,0.571315789473684,2024-08-26 12:26:51,1,"Jordan Horston","Loss",0.8684,-0.8684,0.571315789473684,-0.571315789473684,"FPTS Team_Jordan Horston_2024-08-26"
2024-08-26,"MGM","WAS @ SEA",1022400178,"FPTS Team","First FGM","Player","Team","Home/Away","Favorite/Underdog",0.1722,481,0.1538,550,0.0184,0.0108,1.0846,0.713552631578947,2024-08-26 15:26:31,5,"Jordan Horston","Loss",0.2162,-0.2162,0.142236842105263,-0.142236842105263,"FPTS Team_Jordan Horston_2024-08-26"
2024-08-26,"FanDuel","WAS @ SEA",1022400178,"FPTS Team","First Points","Player","Team","Home/Away","Favorite/Underdog",0.3418,193,0.2222,350,0.1195,0.0769,7.6851,5.05598684210526,2024-08-26 12:26:51,1,"Shakira Austin","Loss",7.6851,-7.6851,5.05598684210526,-5.05598684210526,"FPTS Team_Shakira Austin_2024-08-26"
2024-08-26,"FanDuel","WAS @ SEA",1022400178,"FPTS Team","First Points","Player","Team","Home/Away","Favorite/Underdog",0.3418,193,0.2174,360,0.1244,0.0795,7.9463,5.22782894736842,2024-08-26 21:26:32,19,"Shakira Austin","Loss",0.2612,-0.2612,0.17184210526316,-0.17184210526316,"FPTS Team_Shakira Austin_2024-08-26"
2024-08-26,"BetRivers","WAS @ SEA",1022400178,"FTTS","First Points","Team","Quarter","Home/Away","Favorite/Underdog",0.4941,102,0.4444,125,0.0497,0.0447,2.2363,1.63233576642336,2024-08-26 12:26:51,1,"1Q_WAS","Loss",2.2363,-2.2363,1.63233576642336,-1.63233576642336,"FTTS_1Q_WAS_2024-08-26"
2024-08-27,"Draft Kings","LVA @ DAL",1022400179,"FPTS","First FGM","Player","Game","Home/Away","Favorite/Underdog",0.0746,1241,0.0588,1600,0.0158,0.0084,0.8376,0.881684210526316,2024-08-27 12:26:58,1,"Chelsea Gray","Loss",0.8376,-0.8376,0.881684210526316,-0.881684210526316,"FPTS_Chelsea Gray_2024-08-27"
2024-08-27,"FanDuel","LVA @ DAL",1022400179,"FPTS","First Points","Player","Game","Home/Away","Favorite/Underdog",0.0689,1351,0.0526,1800,0.0163,0.0086,0.86,0.905263157894737,2024-08-27 12:56:36,2,"Chelsea Gray","Loss",0.0224,-0.0224,0.023578947368421,-0.023578947368421,"FPTS_Chelsea Gray_2024-08-27"
2024-08-27,"FanDuel","LVA @ DAL",1022400179,"FPTS","First Points","Player","Game","Home/Away","Favorite/Underdog",0.061,1540,0.05,1900,0.011,0.0058,0.5771,0.607473684210526,2024-08-27 12:26:58,1,"Jacy Sheldon","Loss",0.5771,-0.5771,0.607473684210526,-0.607473684210526,"FPTS_Jacy Sheldon_2024-08-27"
2024-08-27,"MGM","LVA @ DAL",1022400179,"FPTS","First FGM","Player","Game","Home/Away","Favorite/Underdog",0.0641,1459,0.0476,2000,0.0165,0.0087,0.8667,0.912315789473684,2024-08-27 23:27:23,12,"Jacy Sheldon","Loss",0.2896,-0.2896,0.304842105263158,-0.304842105263158,"FPTS_Jacy Sheldon_2024-08-27"
2024-08-27,"BetRivers","LVA @ DAL",1022400179,"FPTS","First FGM","Player","Game","Home/Away","Favorite/Underdog",0.0727,1275,0.0625,1500,0.0102,0.0055,0.546,0.574736842105263,2024-08-27 12:26:58,1,"Megan Gustafson","Loss",0.273,-0.273,0.287368421052631,-0.287368421052631,"FPTS_Megan Gustafson_2024-08-27"
2024-08-27,"Draft Kings","LVA @ DAL",1022400179,"FPTS","First FGM","Player","Game","Home/Away","Favorite/Underdog",0.0727,1275,0.0625,1500,0.0102,0.0055,0.546,0.574736842105263,2024-08-27 12:26:58,1,"Megan Gustafson","Loss",0.273,-0.273,0.287368421052631,-0.287368421052631,"FPTS_Megan Gustafson_2024-08-27"
2024-08-27,"FanDuel","LVA @ DAL",1022400179,"FPTS","First Points","Player","Game","Home/Away","Favorite/Underdog",0.071,1308,0.0526,1800,0.0184,0.0097,0.9712,1.02231578947368,2024-08-27 19:56:54,16,"Megan Gustafson","Loss",0.1518,-0.1518,0.159789473684206,-0.159789473684206,"FPTS_Megan Gustafson_2024-08-27"
2024-08-27,"FanDuel","LVA @ DAL",1022400179,"FPTS","First Points","Player","Game","Home/Away","Favorite/Underdog",0.071,1308,0.0556,1700,0.0155,0.0082,0.8194,0.862526315789474,2024-08-27 15:56:36,8,"Megan Gustafson","Loss",0.2734,-0.2734,0.287789473684211,-0.287789473684211,"FPTS_Megan Gustafson_2024-08-27"
2024-08-27,"FanDuel","LVA @ DAL",1022400179,"FPTS","First Points","Player","Game","Home/Away","Favorite/Underdog",0.1083,824,0.0909,1000,0.0174,0.0095,0.9548,1.00505263157895,2024-08-27 12:26:58,1,"Satou Sabally","Win",0.9548,9.548,1.00505263157895,10.0505263157895,"FPTS_Satou Sabally_2024-08-27"
2024-08-27,"MGM","LVA @ DAL",1022400179,"FPTS","First FGM","Player","Game","Home/Away","Favorite/Underdog",0.1077,828,0.0833,1100,0.0244,0.0133,1.3304,1.40042105263158,2024-08-27 23:27:23,8,"Satou Sabally","Win",0.3756,4.1316,0.39536842105263,4.34905263157893,"FPTS_Satou Sabally_2024-08-27"
2024-08-27,"FanDuel","LVA @ DAL",1022400179,"FPTS Team","First Points","Player","Team","Home/Away","Favorite/Underdog",0.1404,612,0.1053,850,0.0351,0.0196,1.9624,1.29105263157895,2024-08-27 12:26:58,1,"Chelsea Gray","Loss",1.9624,-1.9624,1.29105263157895,-1.29105263157895,"FPTS Team_Chelsea Gray_2024-08-27"
2024-08-27,"FanDuel","LVA @ DAL",1022400179,"FPTS Team","First Points","Player","Team","Home/Away","Favorite/Underdog",0.1404,612,0.1,900,0.0404,0.0224,2.2433,1.47585526315789,2024-08-27 12:56:36,2,"Chelsea Gray","Loss",0.2809,-0.2809,0.18480263157894,-0.18480263157894,"FPTS Team_Chelsea Gray_2024-08-27"
2024-08-27,"FanDuel","LVA @ DAL",1022400179,"FPTS Team","First Points","Player","Team","Home/Away","Favorite/Underdog",0.1198,735,0.0952,950,0.0245,0.0136,1.3559,0.892039473684211,2024-08-27 12:26:58,1,"Jacy Sheldon","Loss",1.3559,-1.3559,0.892039473684211,-0.892039473684211,"FPTS Team_Jacy Sheldon_2024-08-27"
2024-08-27,"FanDuel","LVA @ DAL",1022400179,"FPTS Team","First Points","Player","Team","Home/Away","Favorite/Underdog",0.1198,735,0.0909,1000,0.0289,0.0159,1.5876,1.04447368421053,2024-08-27 13:26:36,3,"Jacy Sheldon","Loss",0.2317,-0.2317,0.152434210526319,-0.152434210526319,"FPTS Team_Jacy Sheldon_2024-08-27"
2024-08-27,"FanDuel","LVA @ DAL",1022400179,"FPTS Team","First Points","Player","Team","Home/Away","Favorite/Underdog",0.1447,591,0.1,900,0.0447,0.0248,2.4818,1.63276315789474,2024-08-27 15:56:36,8,"Megan Gustafson","Loss",0.7338,-0.7338,0.48276315789474,-0.48276315789474,"FPTS Team_Megan Gustafson_2024-08-27"
2024-08-27,"FanDuel","LVA @ DAL",1022400179,"FPTS Team","First Points","Player","Team","Home/Away","Favorite/Underdog",0.1447,591,0.125,700,0.0197,0.0112,1.1242,0.739605263157895,2024-08-27 12:26:58,1,"Megan Gustafson","Loss",1.1242,-1.1242,0.739605263157895,-0.739605263157895,"FPTS Team_Megan Gustafson_2024-08-27"
2024-08-27,"MGM","LVA @ DAL",1022400179,"FPTS Team","First FGM","Player","Team","Home/Away","Favorite/Underdog",0.1485,573,0.1176,750,0.0308,0.0175,1.748,1.15,2024-08-27 14:56:35,6,"Megan Gustafson","Loss",0.6238,-0.6238,0.410394736842105,-0.410394736842105,"FPTS Team_Megan Gustafson_2024-08-27"
2024-08-27,"FanDuel","LVA @ DAL",1022400179,"FPTS Team","First Points","Player","Team","Home/Away","Favorite/Underdog",0.2127,370,0.1786,460,0.0341,0.0208,2.0778,1.36697368421053,2024-08-27 12:26:58,1,"Satou Sabally","Win",2.0778,9.55788,1.36697368421053,6.28807894736844,"FPTS Team_Satou Sabally_2024-08-27"
2024-08-27,"FanDuel","LVA @ DAL",1022400179,"FPTS Team","First Points","Player","Team","Home/Away","Favorite/Underdog",0.2127,370,0.1754,470,0.0373,0.0226,2.2598,1.48671052631579,2024-08-27 12:56:36,2,"Satou Sabally","Win",0.182,0.8554,0.11973684210526,0.562763157894722,"FPTS Team_Satou Sabally_2024-08-27"
2024-08-28,"FanDuel","ATL @ SEA",1022400184,"FPTS","First Points","Player","Game","Home/Away","Favorite/Underdog",0.095,953,0.0667,1400,0.0283,0.0152,1.5176,1.59747368421053,2024-08-28 12:26:55,1,"Allisha Gray","Loss",1.5176,-1.5176,1.59747368421053,-1.59747368421053,"FPTS_Allisha Gray_2024-08-28"
2024-08-28,"FanDuel","ATL @ SEA",1022400184,"FPTS","First Points","Player","Game","Home/Away","Favorite/Underdog",0.0944,959,0.0833,1100,0.0111,0.006,0.603,0.634736842105263,2024-08-29 01:56:36,1,"Gabby Williams","Loss",0.603,-0.603,0.634736842105263,-0.634736842105263,"FPTS_Gabby Williams_2024-08-28"
2024-08-28,"FanDuel","ATL @ SEA",1022400184,"FPTS","First Points","Player","Game","Home/Away","Favorite/Underdog",0.1211,726,0.1111,800,0.01,0.0056,0.5613,0.590842105263158,2024-08-28 12:26:55,1,"Jewell Loyd","Loss",0.5613,-0.5613,0.590842105263158,-0.590842105263158,"FPTS_Jewell Loyd_2024-08-28"
2024-08-28,"FanDuel","ATL @ SEA",1022400184,"FPTS Exact","First Points","Player","Exact","Home/Away","Favorite/Underdog",0.031,3126,0.0196,5000,0.0114,0.0058,0.581,0.717283950617284,2024-08-28 14:56:58,6,"Rhyne Howard_layup","Loss",0.0197999999999999,-0.0197999999999999,0.024444444444444,-0.024444444444444,"FPTS Exact_Rhyne Howard_layup_2024-08-28"
2024-08-28,"FanDuel","ATL @ SEA",1022400184,"FPTS Exact","First Points","Player","Exact","Home/Away","Favorite/Underdog",0.031,3126,0.02,4900,0.011,0.0056,0.5612,0.69283950617284,2024-08-28 13:56:37,4,"Rhyne Howard_layup","Loss",0.0206000000000001,-0.0206000000000001,0.025432098765433,-0.025432098765433,"FPTS Exact_Rhyne Howard_layup_2024-08-28"
2024-08-28,"FanDuel","ATL @ SEA",1022400184,"FPTS Exact","First Points","Player","Exact","Home/Away","Favorite/Underdog",0.031,3126,0.0204,4800,0.0106,0.0054,0.5406,0.667407407407407,2024-08-28 12:26:55,1,"Rhyne Howard_layup","Loss",0.5406,-0.5406,0.667407407407407,-0.667407407407407,"FPTS Exact_Rhyne Howard_layup_2024-08-28"
2024-08-28,"FanDuel","ATL @ SEA",1022400184,"FPTS Team","First Points","Player","Team","Home/Away","Favorite/Underdog",0.2116,373,0.1667,500,0.0449,0.0269,2.6936,1.77210526315789,2024-08-28 12:26:55,1,"Allisha Gray","Win",2.6936,13.468,1.77210526315789,8.86052631578945,"FPTS Team_Allisha Gray_2024-08-28"
2024-08-28,"FanDuel","ATL @ SEA",1022400184,"FPTS Team","First Points","Player","Team","Home/Away","Favorite/Underdog",0.2116,373,0.1538,550,0.0577,0.0341,3.4103,2.24361842105263,2024-08-28 12:56:35,2,"Allisha Gray","Win",0.7167,3.94185,0.47151315789474,2.59332236842107,"FPTS Team_Allisha Gray_2024-08-28"
2024-08-28,"FanDuel","ATL @ SEA",1022400184,"FPTS Team","First Points","Player","Team","Home/Away","Favorite/Underdog",0.1713,484,0.1429,600,0.0285,0.0166,1.6599,1.09203947368421,2024-08-29 01:56:36,1,"Gabby Williams","Loss",1.6599,-1.6599,1.09203947368421,-1.09203947368421,"FPTS Team_Gabby Williams_2024-08-28"
2024-08-28,"FanDuel","ATL @ SEA",1022400184,"FPTS Team","First Points","Player","Team","Home/Away","Favorite/Underdog",0.2198,355,0.1887,430,0.0311,0.0192,1.9163,1.26072368421053,2024-08-28 12:26:55,1,"Jewell Loyd","Loss",1.9163,-1.9163,1.26072368421053,-1.26072368421053,"FPTS Team_Jewell Loyd_2024-08-28"
2024-08-28,"MGM","ATL @ SEA",1022400184,"FPTS Team","First FGM","Player","Team","Home/Away","Favorite/Underdog",0.1537,550,0.1429,600,0.0109,0.0063,0.6346,0.4175,2024-08-28 14:56:58,1,"Naz Hillmon","Loss",0.6346,-0.6346,0.4175,-0.4175,"FPTS Team_Naz Hillmon_2024-08-28"
2024-08-28,"FanDuel","ATL @ SEA",1022400184,"FPTS Team","First Points","Player","Team","Home/Away","Favorite/Underdog",0.1773,464,0.1667,500,0.0106,0.0064,0.636,0.418421052631579,2024-08-28 21:26:40,1,"Skylar Diggins-Smith","Loss",0.636,-0.636,0.418421052631579,-0.418421052631579,"FPTS Team_Skylar Diggins-Smith_2024-08-28"
2024-08-28,"FanDuel","CON @ IND",1022400180,"FPTS","First Points","Player","Game","Home/Away","Favorite/Underdog",0.1002,898,0.0667,1400,0.0335,0.018,1.7955,1.89,2024-08-28 22:26:42,21,"DiJonai Carrington","Loss",0.2472,-0.2472,0.26021052631579,-0.26021052631579,"FPTS_DiJonai Carrington_2024-08-28"
2024-08-28,"FanDuel","CON @ IND",1022400180,"FPTS","First Points","Player","Game","Home/Away","Favorite/Underdog",0.1002,898,0.0714,1300,0.0288,0.0155,1.5483,1.62978947368421,2024-08-28 12:56:35,2,"DiJonai Carrington","Loss",0.2884,-0.2884,0.30357894736842,-0.30357894736842,"FPTS_DiJonai Carrington_2024-08-28"
2024-08-28,"FanDuel","CON @ IND",1022400180,"FPTS","First Points","Player","Game","Home/Away","Favorite/Underdog",0.1002,898,0.0769,1200,0.0233,0.0126,1.2599,1.32621052631579,2024-08-28 12:26:55,1,"DiJonai Carrington","Loss",1.2599,-1.2599,1.32621052631579,-1.32621052631579,"FPTS_DiJonai Carrington_2024-08-28"
2024-08-28,"BetRivers","CON @ IND",1022400180,"FPTS","First FGM","Player","Game","Home/Away","Favorite/Underdog",0.1058,845,0.0909,1000,0.0149,0.0082,0.8193,0.862421052631579,2024-08-28 12:26:55,1,"Kelsey Mitchell","Loss",0.8193,-0.8193,0.862421052631579,-0.862421052631579,"FPTS_Kelsey Mitchell_2024-08-28"
2024-08-28,"FanDuel","CON @ IND",1022400180,"FPTS","First Points","Player","Game","Home/Away","Favorite/Underdog",0.1017,883,0.0833,1100,0.0184,0.01,1.0014,1.05410526315789,2024-08-28 18:26:36,13,"Kelsey Mitchell","Loss",0.1821,-0.1821,0.191684210526311,-0.191684210526311,"FPTS_Kelsey Mitchell_2024-08-28"
2024-08-28,"FanDuel","CON @ IND",1022400180,"FPTS","First Points","Player","Game","Home/Away","Favorite/Underdog",0.128,681,0.1176,750,0.0104,0.0059,0.5893,0.620315789473684,2024-08-28 22:56:41,1,"NaLyssa Smith","Loss",0.5893,-0.5893,0.620315789473684,-0.620315789473684,"FPTS_NaLyssa Smith_2024-08-28"
2024-08-28,"FanDuel","CON @ IND",1022400180,"FPTS Exact","First Points","Player","Exact","Home/Away","Favorite/Underdog",0.0397,2421,0.0244,4000,0.0153,0.0078,0.7829,0.966543209876543,2024-08-28 22:56:41,22,"Kelsey Mitchell_layup","Loss",0.00530000000000008,-0.00530000000000008,0.006543209876543,-0.006543209876543,"FPTS Exact_Kelsey Mitchell_layup_2024-08-28"
2024-08-28,"FanDuel","CON @ IND",1022400180,"FPTS Exact","First Points","Player","Exact","Home/Away","Favorite/Underdog",0.0402,2390,0.025,3900,0.0152,0.0078,0.7776,0.96,2024-08-28 21:56:39,20,"Kelsey Mitchell_layup","Loss",0.0323,-0.0323,0.039876543209877,-0.039876543209877,"FPTS Exact_Kelsey Mitchell_layup_2024-08-28"
2024-08-28,"FanDuel","CON @ IND",1022400180,"FPTS Exact","First Points","Player","Exact","Home/Away","Favorite/Underdog",0.0402,2390,0.0256,3800,0.0145,0.0075,0.7453,0.920123456790123,2024-08-28 18:56:37,14,"Kelsey Mitchell_layup","Loss",0.1083,-0.1083,0.133703703703703,-0.133703703703703,"FPTS Exact_Kelsey Mitchell_layup_2024-08-28"
2024-08-28,"FanDuel","CON @ IND",1022400180,"FPTS Exact","First Points","Player","Exact","Home/Away","Favorite/Underdog",0.0402,2390,0.0278,3500,0.0124,0.0064,0.637,0.78641975308642,2024-08-28 12:26:55,1,"Kelsey Mitchell_layup","Loss",0.637,-0.637,0.78641975308642,-0.78641975308642,"FPTS Exact_Kelsey Mitchell_layup_2024-08-28"
2024-08-28,"MGM","CON @ IND",1022400180,"FPTS Team","First FGM","Player","Team","Home/Away","Favorite/Underdog",0.2472,305,0.2353,325,0.0119,0.0078,0.777,0.511184210526316,2024-08-28 22:56:41,1,"Aliyah Boston","Loss",0.777,-0.777,0.511184210526316,-0.511184210526316,"FPTS Team_Aliyah Boston_2024-08-28"
2024-08-28,"FanDuel","CON @ IND",1022400180,"FPTS Team","First Points","Player","Team","Home/Away","Favorite/Underdog",0.2211,352,0.1538,550,0.0673,0.0398,3.975,2.61513157894737,2024-08-28 12:26:55,1,"DiJonai Carrington","Loss",3.975,-3.975,2.61513157894737,-2.61513157894737,"FPTS Team_DiJonai Carrington_2024-08-28"
2024-08-28,"FanDuel","CON @ IND",1022400180,"FPTS Team","First Points","Player","Team","Home/Away","Favorite/Underdog",0.2211,352,0.1429,600,0.0783,0.0457,4.5651,3.00335526315789,2024-08-28 12:56:35,2,"DiJonai Carrington","Loss",0.5901,-0.5901,0.38822368421052,-0.38822368421052,"FPTS Team_DiJonai Carrington_2024-08-28"
2024-08-28,"FanDuel","CON @ IND",1022400180,"FPTS Team","First Points","Player","Team","Home/Away","Favorite/Underdog",0.1859,438,0.1429,600,0.0431,0.0251,2.5129,1.65322368421053,2024-08-28 18:26:36,13,"Kelsey Mitchell","Loss",1.2487,-1.2487,0.821513157894741,-0.821513157894741,"FPTS Team_Kelsey Mitchell_2024-08-28"
2024-08-28,"FanDuel","CON @ IND",1022400180,"FPTS Team","First Points","Player","Team","Home/Away","Favorite/Underdog",0.1859,438,0.1667,500,0.0193,0.0116,1.1561,0.760592105263158,2024-08-28 12:26:55,1,"Kelsey Mitchell","Loss",1.1561,-1.1561,0.760592105263158,-0.760592105263158,"FPTS Team_Kelsey Mitchell_2024-08-28"
2024-08-28,"MGM","CON @ IND",1022400180,"FPTS Team","First FGM","Player","Team","Home/Away","Favorite/Underdog",0.1948,413,0.1739,475,0.0209,0.0126,1.2642,0.831710526315789,2024-08-28 14:56:58,6,"Kelsey Mitchell","Loss",0.1081,-0.1081,0.071118421052631,-0.071118421052631,"FPTS Team_Kelsey Mitchell_2024-08-28"
2024-08-28,"MGM","CON @ IND",1022400180,"FPTS Team","First FGM","Player","Team","Home/Away","Favorite/Underdog",0.1466,582,0.1333,650,0.0132,0.0076,0.7631,0.502039473684211,2024-08-28 22:56:41,1,"Lexie Hull","Loss",0.7631,-0.7631,0.502039473684211,-0.502039473684211,"FPTS Team_Lexie Hull_2024-08-28"
2024-08-28,"FanDuel","CON @ IND",1022400180,"FPTS Team","First Points","Player","Team","Home/Away","Favorite/Underdog",0.2377,321,0.2174,360,0.0203,0.013,1.2977,0.85375,2024-08-28 21:26:40,7,"NaLyssa Smith","Win",0.3025,1.089,0.199013157894737,0.716447368421053,"FPTS Team_NaLyssa Smith_2024-08-28"
2024-08-28,"FanDuel","CON @ IND",1022400180,"FPTS Team","First Points","Player","Team","Home/Away","Favorite/Underdog",0.2377,321,0.2222,350,0.0155,0.01,0.9952,0.654736842105263,2024-08-28 18:56:37,2,"NaLyssa Smith","Win",0.3203,1.12105,0.210723684210526,0.737532894736841,"FPTS Team_NaLyssa Smith_2024-08-28"
2024-08-28,"FanDuel","CON @ IND",1022400180,"FPTS Team","First Points","Player","Team","Home/Away","Favorite/Underdog",0.2377,321,0.2273,340,0.0104,0.0067,0.6749,0.444013157894737,2024-08-28 18:26:36,1,"NaLyssa Smith","Win",0.6749,2.29466,0.444013157894737,1.50964473684211,"FPTS Team_NaLyssa Smith_2024-08-28"
2024-08-28,"FanDuel","MIN @ PHO",1022400183,"FPTS","First Points","Player","Game","Home/Away","Favorite/Underdog",0.0791,1164,0.0667,1400,0.0125,0.0067,0.668,0.703157894736842,2024-08-28 12:26:55,1,"Alanna Smith","Loss",0.668,-0.668,0.703157894736842,-0.703157894736842,"FPTS_Alanna Smith_2024-08-28"
2024-08-28,"Draft Kings","MIN @ PHO",1022400183,"FPTS","First FGM","Player","Game","Home/Away","Favorite/Underdog",0.1071,834,0.0909,1000,0.0162,0.0089,0.8899,0.936736842105263,2024-08-29 01:26:31,1,"Monique Billings","Loss",0.8899,-0.8899,0.936736842105263,-0.936736842105263,"FPTS_Monique Billings_2024-08-28"
2024-08-28,"FanDuel","MIN @ PHO",1022400183,"FPTS","First Points","Player","Game","Home/Away","Favorite/Underdog",0.0847,1080,0.0556,1700,0.0292,0.0154,1.5448,1.62610526315789,2024-08-28 12:26:55,1,"Natasha Cloud","Loss",1.5448,-1.5448,1.62610526315789,-1.62610526315789,"FPTS_Natasha Cloud_2024-08-28"
2024-08-28,"FanDuel","MIN @ PHO",1022400183,"FPTS Team","First Points","Player","Team","Home/Away","Favorite/Underdog",0.1795,457,0.1667,500,0.0128,0.0077,0.7676,0.505,2024-08-28 12:26:55,1,"Alanna Smith","Loss",0.7676,-0.7676,0.505,-0.505,"FPTS Team_Alanna Smith_2024-08-28"
2024-08-28,"FanDuel","MIN @ PHO",1022400183,"FPTS Team","First Points","Player","Team","Home/Away","Favorite/Underdog",0.1516,560,0.0909,1000,0.0607,0.0334,3.3367,2.19519736842105,2024-08-28 12:26:55,1,"Natasha Cloud","Win",3.3367,33.367,2.19519736842105,21.9519736842105,"FPTS Team_Natasha Cloud_2024-08-28"
2024-08-28,"Draft Kings","NYL @ LAS",1022400182,"FPTS","First FGM","Player","Game","Home/Away","Favorite/Underdog",0.0845,1084,0.0625,1500,0.022,0.0117,1.1729,1.23463157894737,2024-08-28 12:26:55,1,"Courtney Vandersloot","Loss",1.1729,-1.1729,1.23463157894737,-1.23463157894737,"FPTS_Courtney Vandersloot_2024-08-28"
2024-08-28,"FanDuel","NYL @ LAS",1022400182,"FPTS","First Points","Player","Game","Home/Away","Favorite/Underdog",0.1259,694,0.1053,850,0.0207,0.0115,1.155,1.21578947368421,2024-08-29 00:56:36,7,"Dearica Hamby","Win",1.0637,9.04145,1.11968421052632,9.51731578947369,"FPTS_Dearica Hamby_2024-08-28"
2024-08-28,"FanDuel","NYL @ LAS",1022400182,"FPTS","First Points","Player","Game","Home/Away","Favorite/Underdog",0.1259,694,0.1111,800,0.0148,0.0083,0.8336,0.877473684210526,2024-08-28 23:56:35,5,"Dearica Hamby","Win",0.0913,0.7304,0.0961052631578939,0.768842105263151,"FPTS_Dearica Hamby_2024-08-28"
2024-08-28,"FanDuel","NYL @ LAS",1022400182,"FPTS","First Points","Player","Game","Home/Away","Favorite/Underdog",0.0834,1099,0.0526,1800,0.0308,0.0163,1.6258,1.71136842105263,2024-08-29 01:56:36,1,"Odyssey Sims","Loss",1.6258,-1.6258,1.71136842105263,-1.71136842105263,"FPTS_Odyssey Sims_2024-08-28"
2024-08-28,"Draft Kings","NYL @ LAS",1022400182,"FPTS","First FGM","Player","Game","Home/Away","Favorite/Underdog",0.0756,1222,0.0625,1500,0.0131,0.007,0.7011,0.738,2024-08-28 12:26:55,1,"Stephanie Talbot","Loss",0.35055,-0.35055,0.369,-0.369,"FPTS_Stephanie Talbot_2024-08-28"
2024-08-28,"FanDuel","NYL @ LAS",1022400182,"FPTS","First Points","Player","Game","Home/Away","Favorite/Underdog",0.0728,1274,0.0588,1600,0.0139,0.0074,0.7408,0.779789473684211,2024-08-28 15:56:36,8,"Stephanie Talbot","Loss",0.0397000000000001,-0.0397000000000001,0.041789473684211,-0.041789473684211,"FPTS_Stephanie Talbot_2024-08-28"
2024-08-28,"Fanatics","NYL @ LAS",1022400182,"FPTS","First FGM","Player","Game","Home/Away","Favorite/Underdog",0.08,1151,0.0625,1500,0.0175,0.0093,0.931,0.98,2024-08-28 23:56:35,24,"Stephanie Talbot","Loss",0.54075,-0.54075,0.569210526315789,-0.569210526315789,"FPTS_Stephanie Talbot_2024-08-28"
2024-08-28,"FanDuel","NYL @ LAS",1022400182,"FPTS Exact","First Points","Player","Exact","Home/Away","Favorite/Underdog",0.035,2759,0.0208,4700,0.0141,0.0072,0.7224,0.891851851851852,2024-08-29 00:26:35,25,"Dearica Hamby_other_fg","Loss",0.0448000000000002,-0.0448000000000002,0.055308641975309,-0.055308641975309,"FPTS Exact_Dearica Hamby_other_fg_2024-08-28"
2024-08-28,"FanDuel","NYL @ LAS",1022400182,"FPTS Exact","First Points","Player","Exact","Home/Away","Favorite/Underdog",0.035,2759,0.0213,4600,0.0137,0.007,0.7,0.864197530864197,2024-08-28 23:56:35,24,"Dearica Hamby_other_fg","Loss",0.6776,-0.6776,0.836543209876543,-0.836543209876543,"FPTS Exact_Dearica Hamby_other_fg_2024-08-28"
2024-08-28,"FanDuel","NYL @ LAS",1022400182,"FPTS Team","First Points","Player","Team","Home/Away","Favorite/Underdog",0.1492,570,0.0952,950,0.054,0.0298,2.984,1.96315789473684,2024-08-28 12:26:55,1,"Courtney Vandersloot","Loss",2.984,-2.984,1.96315789473684,-1.96315789473684,"FPTS Team_Courtney Vandersloot_2024-08-28"
2024-08-28,"FanDuel","NYL @ LAS",1022400182,"FPTS Team","First Points","Player","Team","Home/Away","Favorite/Underdog",0.1561,541,0.1,900,0.0561,0.0312,3.1158,2.04986842105263,2024-08-29 01:56:36,28,"Courtney Vandersloot","Loss",0.0379,-0.0379,0.0249342105263102,-0.0249342105263102,"FPTS Team_Courtney Vandersloot_2024-08-28"
2024-08-28,"MGM","NYL @ LAS",1022400182,"FPTS Team","First FGM","Player","Team","Home/Away","Favorite/Underdog",0.1603,524,0.1053,850,0.0551,0.0308,3.0779,2.02493421052632,2024-08-28 14:56:58,6,"Courtney Vandersloot","Loss",0.0939000000000001,-0.0939000000000001,0.06177631578948,-0.06177631578948,"FPTS Team_Courtney Vandersloot_2024-08-28"
2024-08-28,"FanDuel","NYL @ LAS",1022400182,"FPTS Team","First Points","Player","Team","Home/Away","Favorite/Underdog",0.1792,458,0.1667,500,0.0125,0.0075,0.7513,0.494276315789474,2024-08-29 01:56:36,1,"Kennedy Burke","Loss",0.7513,-0.7513,0.494276315789474,-0.494276315789474,"FPTS Team_Kennedy Burke_2024-08-28"
2024-08-28,"FanDuel","NYL @ LAS",1022400182,"FPTS Team","First Points","Player","Team","Home/Away","Favorite/Underdog",0.1669,499,0.125,700,0.0419,0.0239,2.3928,1.57421052631579,2024-08-29 01:56:36,1,"Odyssey Sims","Loss",2.3928,-2.3928,1.57421052631579,-1.57421052631579,"FPTS Team_Odyssey Sims_2024-08-28"
2024-08-28,"FanDuel","NYL @ LAS",1022400182,"FPTS Team","First Points","Player","Team","Home/Away","Favorite/Underdog",0.1546,547,0.1429,600,0.0117,0.0069,0.6852,0.450789473684211,2024-08-28 12:56:35,1,"Stephanie Talbot","Loss",0.6852,-0.6852,0.450789473684211,-0.450789473684211,"FPTS Team_Stephanie Talbot_2024-08-28"
2024-08-28,"BetRivers","NYL @ LAS",1022400182,"FTTS","First Points","Team","Quarter","Home/Away","Favorite/Underdog",0.5,100,0.4444,125,0.0556,0.05,2.5,1.82481751824817,2024-08-28 23:56:35,24,"1Q_LAS","Win",2.5,3.125,1.82481751824817,2.28102189781022,"FTTS_1Q_LAS_2024-08-28"
2024-08-28,"FanDuel","WAS @ CHI",1022400181,"FPTS","First Points","Player","Game","Home/Away","Favorite/Underdog",0.1048,854,0.0769,1200,0.0279,0.0151,1.5111,1.59063157894737,2024-08-28 23:56:35,1,"Aaliyah Edwards","Loss",1.5111,-1.5111,1.59063157894737,-1.59063157894737,"FPTS_Aaliyah Edwards_2024-08-28"
2024-08-28,"FanDuel","WAS @ CHI",1022400181,"FPTS","First Points","Player","Game","Home/Away","Favorite/Underdog",0.1534,552,0.1429,600,0.0105,0.0061,0.6135,0.645789473684211,2024-08-28 12:26:55,1,"Angel Reese","Loss",0.6135,-0.6135,0.645789473684211,-0.645789473684211,"FPTS_Angel Reese_2024-08-28"
2024-08-28,"Draft Kings","WAS @ CHI",1022400181,"FPTS","First FGM","Player","Game","Home/Away","Favorite/Underdog",0.1558,542,0.1333,650,0.0225,0.013,1.2988,1.36715789473684,2024-08-28 12:56:35,2,"Angel Reese","Loss",0.6853,-0.6853,0.721368421052629,-0.721368421052629,"FPTS_Angel Reese_2024-08-28"
2024-08-28,"FanDuel","WAS @ CHI",1022400181,"FPTS Exact","First Points","Player","Exact","Home/Away","Favorite/Underdog",0.0386,2493,0.0233,4200,0.0153,0.0078,0.7841,0.968024691358025,2024-08-28 23:56:35,1,"Aaliyah Edwards_other_fg","Loss",0.7841,-0.7841,0.968024691358025,-0.968024691358025,"FPTS Exact_Aaliyah Edwards_other_fg_2024-08-28"
2024-08-28,"FanDuel","WAS @ CHI",1022400181,"FPTS Exact","First Points","Player","Exact","Home/Away","Favorite/Underdog",0.0482,1977,0.0333,2900,0.0148,0.0077,0.7665,0.946296296296296,2024-08-28 12:26:55,1,"Angel Reese_other_fg","Loss",0.7665,-0.7665,0.946296296296296,-0.946296296296296,"FPTS Exact_Angel Reese_other_fg_2024-08-28"
2024-08-28,"FanDuel","WAS @ CHI",1022400181,"FPTS Exact","First Points","Player","Exact","Home/Away","Favorite/Underdog",0.0482,1977,0.0323,3000,0.0159,0.0082,0.8212,1.01382716049383,2024-08-28 16:56:37,10,"Angel Reese_other_fg","Loss",0.0547000000000001,-0.0547000000000001,0.0675308641975341,-0.0675308641975341,"FPTS Exact_Angel Reese_other_fg_2024-08-28"
2024-08-28,"FanDuel","WAS @ CHI",1022400181,"FPTS Exact","First Points","Player","Exact","Home/Away","Favorite/Underdog",0.0319,3033,0.0217,4500,0.0102,0.0052,0.5203,0.642345679012346,2024-08-28 16:56:37,1,"Ariel Atkins_layup","Loss",0.5203,-0.5203,0.642345679012346,-0.642345679012346,"FPTS Exact_Ariel Atkins_layup_2024-08-28"
2024-08-28,"FanDuel","WAS @ CHI",1022400181,"FPTS Team","First Points","Player","Team","Home/Away","Favorite/Underdog",0.2335,328,0.1724,480,0.0611,0.0369,3.6935,2.42993421052632,2024-08-28 23:56:35,1,"Aaliyah Edwards","Loss",3.6935,-3.6935,2.42993421052632,-2.42993421052632,"FPTS Team_Aaliyah Edwards_2024-08-28"
2024-08-28,"FanDuel","WAS @ CHI",1022400181,"FPTS Team","First Points","Player","Team","Home/Away","Favorite/Underdog",0.2783,259,0.2326,330,0.0457,0.0298,2.9778,1.95907894736842,2024-08-28 17:26:38,11,"Angel Reese","Loss",0.7055,-0.7055,0.4641447368421,-0.4641447368421,"FPTS Team_Angel Reese_2024-08-28"
2024-08-28,"FanDuel","WAS @ CHI",1022400181,"FPTS Team","First Points","Player","Team","Home/Away","Favorite/Underdog",0.2783,259,0.2439,310,0.0344,0.0227,2.2723,1.49493421052632,2024-08-28 13:56:37,4,"Angel Reese","Loss",0.388,-0.388,0.25526315789474,-0.25526315789474,"FPTS Team_Angel Reese_2024-08-28"
2024-08-28,"FanDuel","WAS @ CHI",1022400181,"FPTS Team","First Points","Player","Team","Home/Away","Favorite/Underdog",0.2783,259,0.25,300,0.0283,0.0188,1.8843,1.23967105263158,2024-08-28 12:26:55,1,"Angel Reese","Loss",1.8843,-1.8843,1.23967105263158,-1.23967105263158,"FPTS Team_Angel Reese_2024-08-28"
2024-08-28,"FanDuel","WAS @ CHI",1022400181,"FPTS Team","First Points","Player","Team","Home/Away","Favorite/Underdog",0.1515,560,0.1333,650,0.0182,0.0105,1.0483,0.689671052631579,2024-08-28 12:26:55,1,"Lindsay Allen","Loss",1.0483,-1.0483,0.689671052631579,-0.689671052631579,"FPTS Team_Lindsay Allen_2024-08-28"
2024-08-30,"BetRivers","ATL @ LVA",1022400187,"FPTS","First FGM","Player","Game","Home/Away","Favorite/Underdog",0.1078,828,0.0769,1200,0.0309,0.0167,1.6715,1.75947368421053,2024-08-30 14:56:32,6,"Allisha Gray","Loss",1.621,-1.621,1.70631578947369,-1.70631578947369,"FPTS_Allisha Gray_2024-08-30"
2024-08-30,"FanDuel","ATL @ LVA",1022400187,"FPTS","First Points","Player","Game","Home/Away","Favorite/Underdog",0.1112,799,0.0769,1200,0.0343,0.0186,1.8563,1.954,2024-08-30 16:26:31,9,"Allisha Gray","Loss",0.2353,-0.2353,0.247684210526308,-0.247684210526308,"FPTS_Allisha Gray_2024-08-30"
2024-08-30,"FanDuel","ATL @ LVA",1022400187,"FPTS Exact","First Points","Player","Exact","Home/Away","Favorite/Underdog",0.0301,3223,0.0196,5000,0.0105,0.0053,0.5346,0.66,2024-08-30 12:26:28,1,"A'ja Wilson_three_point","Loss",0.5346,-0.5346,0.66,-0.66,"FPTS Exact_A'ja Wilson_three_point_2024-08-30"
2024-08-30,"FanDuel","ATL @ LVA",1022400187,"FPTS Exact","First Points","Player","Exact","Home/Away","Favorite/Underdog",0.0357,2698,0.0208,4700,0.0149,0.0076,0.7612,0.939753086419753,2024-08-31 00:57:00,21,"Allisha Gray_other_fg","Loss",0.0456,-0.0456,0.056296296296296,-0.056296296296296,"FPTS Exact_Allisha Gray_other_fg_2024-08-30"
2024-08-30,"FanDuel","ATL @ LVA",1022400187,"FPTS Exact","First Points","Player","Exact","Home/Away","Favorite/Underdog",0.0357,2698,0.0217,4500,0.014,0.0072,0.7156,0.883456790123457,2024-08-30 16:26:31,4,"Allisha Gray_other_fg","Loss",0.0766,-0.0766,0.094567901234568,-0.094567901234568,"FPTS Exact_Allisha Gray_other_fg_2024-08-30"
2024-08-30,"FanDuel","ATL @ LVA",1022400187,"FPTS Exact","First Points","Player","Exact","Home/Away","Favorite/Underdog",0.0357,2698,0.0233,4200,0.0125,0.0064,0.639,0.788888888888889,2024-08-30 14:56:32,1,"Allisha Gray_other_fg","Loss",0.639,-0.639,0.788888888888889,-0.788888888888889,"FPTS Exact_Allisha Gray_other_fg_2024-08-30"
2024-08-30,"FanDuel","ATL @ LVA",1022400187,"FPTS Exact","First Points","Player","Exact","Home/Away","Favorite/Underdog",0.0351,2753,0.0213,4600,0.0138,0.007,0.7038,0.868888888888889,2024-08-30 14:56:32,1,"Rhyne Howard_layup","Loss",0.7038,-0.7038,0.868888888888889,-0.868888888888889,"FPTS Exact_Rhyne Howard_layup_2024-08-30"
2024-08-30,"FanDuel","ATL @ LVA",1022400187,"FPTS Exact","First Points","Player","Exact","Home/Away","Favorite/Underdog",0.0351,2753,0.0208,4700,0.0142,0.0073,0.7262,0.896543209876543,2024-08-30 18:56:35,9,"Rhyne Howard_layup","Loss",0.0224,-0.0224,0.027654320987654,-0.027654320987654,"FPTS Exact_Rhyne Howard_layup_2024-08-30"
2024-08-30,"FanDuel","ATL @ LVA",1022400187,"FPTS Team","First Points","Player","Team","Home/Away","Favorite/Underdog",0.2317,332,0.1786,460,0.0531,0.0323,3.2317,2.12611842105263,2024-08-31 00:57:00,26,"Allisha Gray","Loss",0.3796,-0.3796,0.24973684210526,-0.24973684210526,"FPTS Team_Allisha Gray_2024-08-30"
2024-08-30,"FanDuel","ATL @ LVA",1022400187,"FPTS Team","First Points","Player","Team","Home/Away","Favorite/Underdog",0.2317,332,0.1852,440,0.0465,0.0285,2.8521,1.87638157894737,2024-08-30 20:26:46,17,"Allisha Gray","Loss",0.4111,-0.4111,0.270460526315787,-0.270460526315787,"FPTS Team_Allisha Gray_2024-08-30"
2024-08-30,"FanDuel","ATL @ LVA",1022400187,"FPTS Team","First Points","Player","Team","Home/Away","Favorite/Underdog",0.2317,332,0.1887,430,0.043,0.0265,2.6491,1.74282894736842,2024-08-30 16:26:31,9,"Allisha Gray","Loss",0.6595,-0.6595,0.433881578947369,-0.433881578947369,"FPTS Team_Allisha Gray_2024-08-30"
2024-08-30,"FanDuel","ATL @ LVA",1022400187,"FPTS Team","First Points","Player","Team","Home/Away","Favorite/Underdog",0.2317,332,0.1923,420,0.0394,0.0244,2.4363,1.60282894736842,2024-08-30 14:56:32,6,"Allisha Gray","Loss",0.763,-0.763,0.50197368421053,-0.50197368421053,"FPTS Team_Allisha Gray_2024-08-30"
2024-08-30,"FanDuel","ATL @ LVA",1022400187,"FPTS Team","First Points","Player","Team","Home/Away","Favorite/Underdog",0.2125,371,0.1961,410,0.0164,0.0102,1.0185,0.670065789473684,2024-08-30 12:26:28,1,"Allisha Gray","Loss",1.0185,-1.0185,0.670065789473684,-0.670065789473684,"FPTS Team_Allisha Gray_2024-08-30"
2024-08-30,"FanDuel","ATL @ LVA",1022400187,"FPTS Team","First Points","Player","Team","Home/Away","Favorite/Underdog",0.1425,602,0.125,700,0.0175,0.01,0.9979,0.656513157894737,2024-08-30 13:26:30,1,"Chelsea Gray","Loss",0.9979,-0.9979,0.656513157894737,-0.656513157894737,"FPTS Team_Chelsea Gray_2024-08-30"
2024-08-30,"BetRivers","ATL @ LVA",1022400187,"FTTS","First Points","Team","Quarter","Home/Away","Favorite/Underdog",0.48,108,0.4167,140,0.0633,0.0543,2.7131,1.98036496350365,2024-08-30 14:56:32,6,"1Q_ATL","Loss",2.7131,-2.7131,1.98036496350365,-1.98036496350365,"FTTS_1Q_ATL_2024-08-30"
2024-08-30,"FanDuel","IND @ CHI",1022400185,"FPTS","First Points","Player","Game","Home/Away","Favorite/Underdog",0.1441,594,0.1333,650,0.0108,0.0062,0.6211,0.653789473684211,2024-08-30 14:26:32,1,"Angel Reese","Loss",0.6211,-0.6211,0.653789473684211,-0.653789473684211,"FPTS_Angel Reese_2024-08-30"
2024-08-30,"BetRivers","IND @ CHI",1022400185,"FPTS","First FGM","Player","Game","Home/Away","Favorite/Underdog",0.0924,982,0.0769,1200,0.0155,0.0084,0.8401,0.884315789473684,2024-08-30 12:26:28,1,"Kelsey Mitchell","Win",0.8401,10.0812,0.884315789473684,10.6117894736842,"FPTS_Kelsey Mitchell_2024-08-30"
2024-08-30,"FanDuel","IND @ CHI",1022400185,"FPTS","First Points","Player","Game","Home/Away","Favorite/Underdog",0.0876,1042,0.0714,1300,0.0161,0.0087,0.8691,0.914842105263158,2024-08-30 18:56:35,14,"Kelsey Mitchell","Win",0.029,0.377,0.030526315789474,0.396842105263161,"FPTS_Kelsey Mitchell_2024-08-30"
2024-08-30,"Caesars","IND @ CHI",1022400185,"FPTS","First Points","Player","Game","Home/Away","Favorite/Underdog",0.081,1135,0.0625,1500,0.0185,0.0099,0.9864,1.03831578947368,2024-08-30 20:26:46,1,"Lindsay Allen","Loss",0.9864,-0.9864,1.03831578947368,-1.03831578947368,"FPTS_Lindsay Allen_2024-08-30"
2024-08-30,"BetRivers","IND @ CHI",1022400185,"FPTS","First FGM","Player","Game","Home/Away","Favorite/Underdog",0.1169,756,0.0909,1000,0.026,0.0143,1.4289,1.50410526315789,2024-08-30 12:26:28,1,"NaLyssa Smith","Loss",1.4289,-1.4289,1.50410526315789,-1.50410526315789,"FPTS_NaLyssa Smith_2024-08-30"
2024-08-30,"Draft Kings","IND @ CHI",1022400185,"FPTS","First FGM","Player","Game","Home/Away","Favorite/Underdog",0.1145,774,0.0769,1200,0.0375,0.0203,2.034,2.14105263157895,2024-08-30 16:56:31,10,"NaLyssa Smith","Loss",0.6051,-0.6051,0.63694736842106,-0.63694736842106,"FPTS_NaLyssa Smith_2024-08-30"
2024-08-30,"FanDuel","IND @ CHI",1022400185,"FPTS Exact","First Points","Player","Exact","Home/Away","Favorite/Underdog",0.0333,2899,0.0227,4300,0.0106,0.0054,0.5432,0.670617283950617,2024-08-30 13:26:30,1,"Kelsey Mitchell_layup","Win",0.5432,23.3576,0.670617283950617,28.8365432098765,"FPTS Exact_Kelsey Mitchell_layup_2024-08-30"
2024-08-30,"FanDuel","IND @ CHI",1022400185,"FPTS Exact","First Points","Player","Exact","Home/Away","Favorite/Underdog",0.0333,2899,0.0217,4500,0.0116,0.0059,0.5931,0.732222222222222,2024-08-30 18:56:35,4,"Kelsey Mitchell_layup","Win",0.0498999999999999,2.2455,0.061604938271605,2.77222222222222,"FPTS Exact_Kelsey Mitchell_layup_2024-08-30"
2024-08-30,"FanDuel","IND @ CHI",1022400185,"FPTS Team","First Points","Player","Team","Home/Away","Favorite/Underdog",0.2758,263,0.2439,310,0.0318,0.0211,2.1061,1.38559210526316,2024-08-30 14:26:32,1,"Angel Reese","Loss",2.1061,-2.1061,1.38559210526316,-1.38559210526316,"FPTS Team_Angel Reese_2024-08-30"
2024-08-30,"FanDuel","IND @ CHI",1022400185,"FPTS Team","First Points","Player","Team","Home/Away","Favorite/Underdog",0.1834,445,0.1538,550,0.0296,0.0175,1.7474,1.14960526315789,2024-08-30 15:56:30,8,"Kelsey Mitchell","Win",0.4579,2.51845,0.301249999999995,1.65687499999997,"FPTS Team_Kelsey Mitchell_2024-08-30"
2024-08-30,"FanDuel","IND @ CHI",1022400185,"FPTS Team","First Points","Player","Team","Home/Away","Favorite/Underdog",0.1871,434,0.1667,500,0.0205,0.0123,1.229,0.808552631578947,2024-08-30 12:26:28,1,"Kelsey Mitchell","Win",1.229,6.145,0.808552631578947,4.04276315789473,"FPTS Team_Kelsey Mitchell_2024-08-30"
2024-08-30,"MGM","IND @ CHI",1022400185,"FPTS Team","First FGM","Player","Team","Home/Away","Favorite/Underdog",0.1882,431,0.1667,500,0.0215,0.0129,1.2895,0.848355263157895,2024-08-30 15:26:30,7,"Kelsey Mitchell","Win",0.0605,0.3025,0.039802631578948,0.19901315789474,"FPTS Team_Kelsey Mitchell_2024-08-30"
2024-08-30,"FanDuel","IND @ CHI",1022400185,"FPTS Team","First Points","Player","Team","Home/Away","Favorite/Underdog",0.155,545,0.1333,650,0.0217,0.0125,1.2497,0.822171052631579,2024-08-30 14:26:32,1,"Lindsay Allen","Win",1.2497,8.12305,0.822171052631579,5.34411184210526,"FPTS Team_Lindsay Allen_2024-08-30"
2024-08-30,"FanDuel","IND @ CHI",1022400185,"FPTS Team","First Points","Player","Team","Home/Away","Favorite/Underdog",0.2427,312,0.1887,430,0.054,0.0333,3.3291,2.19019736842105,2024-08-30 12:26:28,1,"NaLyssa Smith","Loss",3.3291,-3.3291,2.19019736842105,-2.19019736842105,"FPTS Team_NaLyssa Smith_2024-08-30"
2024-08-30,"FanDuel","MIN @ DAL",1022400186,"FPTS","First Points","Player","Game","Home/Away","Favorite/Underdog",0.07,1329,0.05,1900,0.02,0.0105,1.0524,1.10778947368421,2024-08-30 18:26:31,13,"Jacy Sheldon","Loss",0.136,-0.136,0.143157894736841,-0.143157894736841,"FPTS_Jacy Sheldon_2024-08-30"
2024-08-30,"FanDuel","MIN @ DAL",1022400186,"FPTS","First Points","Player","Game","Home/Away","Favorite/Underdog",0.07,1329,0.0526,1800,0.0174,0.0092,0.9164,0.964631578947369,2024-08-30 17:26:31,11,"Jacy Sheldon","Loss",0.152,-0.152,0.160000000000001,-0.160000000000001,"FPTS_Jacy Sheldon_2024-08-30"
2024-08-30,"FanDuel","MIN @ DAL",1022400186,"FPTS","First Points","Player","Game","Home/Away","Favorite/Underdog",0.07,1329,0.0556,1700,0.0144,0.0076,0.7644,0.804631578947368,2024-08-30 13:56:30,4,"Jacy Sheldon","Loss",0.1709,-0.1709,0.179894736842105,-0.179894736842105,"FPTS_Jacy Sheldon_2024-08-30"
2024-08-30,"FanDuel","MIN @ DAL",1022400186,"FPTS","First Points","Player","Game","Home/Away","Favorite/Underdog",0.07,1329,0.0588,1600,0.0112,0.0059,0.5935,0.624736842105263,2024-08-30 12:26:28,1,"Jacy Sheldon","Loss",0.5935,-0.5935,0.624736842105263,-0.624736842105263,"FPTS_Jacy Sheldon_2024-08-30"
2024-08-30,"MGM","MIN @ DAL",1022400186,"FPTS Team","First FGM","Player","Team","Home/Away","Favorite/Underdog",0.1867,436,0.1667,500,0.02,0.012,1.1996,0.789210526315789,2024-08-30 15:56:30,1,"Alanna Smith","Loss",1.1996,-1.1996,0.789210526315789,-0.789210526315789,"FPTS Team_Alanna Smith_2024-08-30"
2024-08-30,"FanDuel","MIN @ DAL",1022400186,"FPTS Team","First Points","Player","Team","Home/Away","Favorite/Underdog",0.2114,373,0.2,400,0.0114,0.0071,0.7132,0.469210526315789,2024-08-30 20:56:46,1,"Courtney Williams","Win",0.7132,2.8528,0.469210526315789,1.87684210526316,"FPTS Team_Courtney Williams_2024-08-30"
2024-08-30,"FanDuel","MIN @ DAL",1022400186,"FPTS Team","First Points","Player","Team","Home/Away","Favorite/Underdog",0.1271,687,0.0909,1000,0.0362,0.0199,1.9924,1.31078947368421,2024-08-30 13:56:30,4,"Jacy Sheldon","Loss",0.2297,-0.2297,0.15111842105263,-0.15111842105263,"FPTS Team_Jacy Sheldon_2024-08-30"
2024-08-30,"FanDuel","MIN @ DAL",1022400186,"FPTS Team","First Points","Player","Team","Home/Away","Favorite/Underdog",0.1271,687,0.0952,950,0.0319,0.0176,1.7627,1.15967105263158,2024-08-30 13:26:30,3,"Jacy Sheldon","Loss",0.2553,-0.2553,0.167960526315791,-0.167960526315791,"FPTS Team_Jacy Sheldon_2024-08-30"
2024-08-30,"FanDuel","MIN @ DAL",1022400186,"FPTS Team","First Points","Player","Team","Home/Away","Favorite/Underdog",0.1271,687,0.1,900,0.0271,0.0151,1.5074,0.991710526315789,2024-08-30 12:26:28,1,"Jacy Sheldon","Loss",1.5074,-1.5074,0.991710526315789,-0.991710526315789,"FPTS Team_Jacy Sheldon_2024-08-30"
2024-08-30,"BetRivers","NYL @ SEA",1022400188,"FPTS","First FGM","Player","Game","Home/Away","Favorite/Underdog",0.0839,1091,0.0667,1400,0.0173,0.0092,0.9248,0.973473684210526,2024-08-30 12:26:28,1,"Courtney Vandersloot","Loss",0.9248,-0.9248,0.973473684210526,-0.973473684210526,"FPTS_Courtney Vandersloot_2024-08-30"
2024-08-30,"FanDuel","NYL @ SEA",1022400188,"FPTS","First Points","Player","Game","Home/Away","Favorite/Underdog",0.0797,1154,0.0556,1700,0.0242,0.0128,1.2798,1.34715789473684,2024-08-31 01:27:37,27,"Courtney Vandersloot","Loss",0.355,-0.355,0.373684210526314,-0.373684210526314,"FPTS_Courtney Vandersloot_2024-08-30"
2024-08-30,"FanDuel","NYL @ SEA",1022400188,"FPTS Team","First Points","Player","Team","Home/Away","Favorite/Underdog",0.1474,578,0.1053,850,0.0422,0.0236,2.3566,1.55039473684211,2024-08-31 01:27:37,27,"Courtney Vandersloot","Loss",0.5212,-0.5212,0.34289473684211,-0.34289473684211,"FPTS Team_Courtney Vandersloot_2024-08-30"
2024-08-30,"FanDuel","NYL @ SEA",1022400188,"FPTS Team","First Points","Player","Team","Home/Away","Favorite/Underdog",0.1474,578,0.125,700,0.0224,0.0128,1.2819,0.843355263157895,2024-08-30 13:26:30,3,"Courtney Vandersloot","Loss",0.4684,-0.4684,0.308157894736842,-0.308157894736842,"FPTS Team_Courtney Vandersloot_2024-08-30"
2024-08-30,"FanDuel","NYL @ SEA",1022400188,"FPTS Team","First Points","Player","Team","Home/Away","Favorite/Underdog",0.1474,578,0.1333,650,0.0141,0.0081,0.8135,0.535197368421053,2024-08-30 12:26:28,1,"Courtney Vandersloot","Loss",0.8135,-0.8135,0.535197368421053,-0.535197368421053,"FPTS Team_Courtney Vandersloot_2024-08-30"
2024-08-30,"MGM","NYL @ SEA",1022400188,"FPTS Team","First FGM","Player","Team","Home/Away","Favorite/Underdog",0.1571,536,0.125,700,0.0321,0.0184,1.8354,1.2075,2024-08-30 16:26:31,9,"Courtney Vandersloot","Loss",0.5535,-0.5535,0.364144736842105,-0.364144736842105,"FPTS Team_Courtney Vandersloot_2024-08-30"
2024-08-31,"FanDuel","CON @ WAS",1022400189,"FPTS","First Points","Player","Game","Home/Away","Favorite/Underdog",0.1226,716,0.0769,1200,0.0457,0.0248,2.4752,2.60547368421053,2024-08-31 18:27:01,1,"Aaliyah Edwards","Loss",2.4752,-2.4752,2.60547368421053,-2.60547368421053,"FPTS_Aaliyah Edwards_2024-08-31"
2024-08-31,"FanDuel","CON @ WAS",1022400189,"FPTS","First Points","Player","Game","Home/Away","Favorite/Underdog",0.1106,804,0.0952,950,0.0154,0.0085,0.85,0.894736842105263,2024-08-31 12:26:56,1,"DiJonai Carrington","Loss",0.85,-0.85,0.894736842105263,-0.894736842105263,"FPTS_DiJonai Carrington_2024-08-31"
2024-08-31,"BetRivers","CON @ WAS",1022400189,"FPTS","First FGM","Player","Game","Home/Away","Favorite/Underdog",0.0875,1043,0.0769,1200,0.0106,0.0057,0.5717,0.601789473684211,2024-08-31 18:27:01,1,"Julie Vanloo","Loss",0.5717,-0.5717,0.601789473684211,-0.601789473684211,"FPTS_Julie Vanloo_2024-08-31"
2024-08-31,"Caesars","CON @ WAS",1022400189,"FPTS","First Points","Player","Game","Home/Away","Favorite/Underdog",0.0811,1133,0.0667,1400,0.0144,0.0077,0.7721,0.812736842105263,2024-08-31 18:56:43,2,"Julie Vanloo","Loss",0.2004,-0.2004,0.210947368421052,-0.210947368421052,"FPTS_Julie Vanloo_2024-08-31"
2024-08-31,"FanDuel","CON @ WAS",1022400189,"FPTS Exact","First Points","Player","Exact","Home/Away","Favorite/Underdog",0.0697,1335,0.0556,1700,0.0141,0.0075,0.7479,0.923333333333333,2024-08-31 18:27:01,1,"Aaliyah Edwards_layup","Loss",0.7479,-0.7479,0.923333333333333,-0.923333333333333,"FPTS Exact_Aaliyah Edwards_layup_2024-08-31"
2024-08-31,"FanDuel","CON @ WAS",1022400189,"FPTS Exact","First Points","Player","Exact","Home/Away","Favorite/Underdog",0.0418,2295,0.0238,4100,0.0179,0.0092,0.9193,1.13493827160494,2024-08-31 18:27:01,1,"Aaliyah Edwards_other_fg","Loss",0.9193,-0.9193,1.13493827160494,-1.13493827160494,"FPTS Exact_Aaliyah Edwards_other_fg_2024-08-31"
2024-08-31,"FanDuel","CON @ WAS",1022400189,"FPTS Exact","First Points","Player","Exact","Home/Away","Favorite/Underdog",0.0346,2794,0.0233,4200,0.0113,0.0058,0.5785,0.714197530864197,2024-08-31 18:56:43,11,"Ariel Atkins_layup","Loss",0.0575,-0.0575,0.070987654320987,-0.070987654320987,"FPTS Exact_Ariel Atkins_layup_2024-08-31"
2024-08-31,"FanDuel","CON @ WAS",1022400189,"FPTS Exact","First Points","Player","Exact","Home/Away","Favorite/Underdog",0.0339,2852,0.0238,4100,0.0101,0.0052,0.5155,0.63641975308642,2024-08-31 12:26:56,1,"Ariel Atkins_layup","Loss",0.5155,-0.5155,0.63641975308642,-0.63641975308642,"FPTS Exact_Ariel Atkins_layup_2024-08-31"
2024-08-31,"FanDuel","CON @ WAS",1022400189,"FPTS Exact","First Points","Player","Exact","Home/Away","Favorite/Underdog",0.0346,2794,0.0244,4000,0.0102,0.0052,0.521,0.64320987654321,2024-08-31 18:27:01,10,"Ariel Atkins_layup","Loss",0.00550000000000006,-0.00550000000000006,0.00679012345679009,-0.00679012345679009,"FPTS Exact_Ariel Atkins_layup_2024-08-31"
2024-08-31,"FanDuel","CON @ WAS",1022400189,"FPTS Team","First Points","Player","Team","Home/Away","Favorite/Underdog",0.2292,336,0.1724,480,0.0567,0.0343,3.4281,2.25532894736842,2024-08-31 18:27:01,1,"Aaliyah Edwards","Loss",3.4281,-3.4281,2.25532894736842,-2.25532894736842,"FPTS Team_Aaliyah Edwards_2024-08-31"
2024-08-31,"FanDuel","CON @ WAS",1022400189,"FPTS Team","First Points","Player","Team","Home/Away","Favorite/Underdog",0.2191,356,0.1695,490,0.0496,0.0299,2.988,1.96578947368421,2024-08-31 12:26:56,1,"DiJonai Carrington","Loss",2.988,-2.988,1.96578947368421,-1.96578947368421,"FPTS Team_DiJonai Carrington_2024-08-31"
2024-08-31,"BetRivers","CON @ WAS",1022400189,"FTTS","First Points","Team","Quarter","Home/Away","Favorite/Underdog",0.5351,-115,0.4651,115,0.07,0.0654,3.2705,2.38722627737226,2024-08-31 18:27:01,13,"1Q_WAS","Loss",3.2705,-3.2705,2.38722627737226,-2.38722627737226,"FTTS_1Q_WAS_2024-08-31"
2024-09-01,"FanDuel","ATL @ LAS",1022400193,"FPTS","First Points","Player","Game","Home/Away","Favorite/Underdog",0.0941,962,0.0833,1100,0.0108,0.0059,0.5898,0.620842105263158,2024-09-01 15:57:08,1,"Allisha Gray","Loss",0.5898,-0.5898,0.620842105263158,-0.620842105263158,"FPTS_Allisha Gray_2024-09-01"
2024-09-01,"Draft Kings","ATL @ LAS",1022400193,"FPTS","First FGM","Player","Game","Home/Away","Favorite/Underdog",0.1141,776,0.1,900,0.0141,0.0079,0.7855,0.826842105263158,2024-09-01 12:27:20,1,"Azurá Stevens","Loss",0.7855,-0.7855,0.826842105263158,-0.826842105263158,"FPTS_Azurá Stevens_2024-09-01"
2024-09-01,"FanDuel","ATL @ LAS",1022400193,"FPTS","First Points","Player","Game","Home/Away","Favorite/Underdog",0.1384,623,0.125,700,0.0134,0.0076,0.7639,0.804105263157895,2024-09-01 16:27:04,1,"Dearica Hamby","Loss",0.7639,-0.7639,0.804105263157895,-0.804105263157895,"FPTS_Dearica Hamby_2024-09-01"
2024-09-01,"FanDuel","ATL @ LAS",1022400193,"FPTS","First Points","Player","Game","Home/Away","Favorite/Underdog",0.0911,998,0.0625,1500,0.0286,0.0152,1.5244,1.60463157894737,2024-09-01 21:57:37,10,"Odyssey Sims","Loss",0.4661,-0.4661,0.49063157894737,-0.49063157894737,"FPTS_Odyssey Sims_2024-09-01"
2024-09-01,"FanDuel","ATL @ LAS",1022400193,"FPTS","First Points","Player","Game","Home/Away","Favorite/Underdog",0.0911,998,0.0714,1300,0.0197,0.0106,1.0583,1.114,2024-09-01 21:27:04,9,"Odyssey Sims","Loss",0.2913,-0.2913,0.306631578947368,-0.306631578947368,"FPTS_Odyssey Sims_2024-09-01"
2024-09-01,"FanDuel","ATL @ LAS",1022400193,"FPTS","First Points","Player","Game","Home/Away","Favorite/Underdog",0.0911,998,0.0769,1200,0.0142,0.0077,0.767,0.807368421052632,2024-09-01 16:27:04,1,"Odyssey Sims","Loss",0.767,-0.767,0.807368421052632,-0.807368421052632,"FPTS_Odyssey Sims_2024-09-01"
2024-09-01,"BetRivers","ATL @ LAS",1022400193,"FPTS","First FGM","Player","Game","Home/Away","Favorite/Underdog",0.091,999,0.0769,1200,0.014,0.0076,0.7609,0.800947368421053,2024-09-01 12:27:20,1,"Stephanie Talbot","Loss",0.38045,-0.38045,0.400473684210526,-0.400473684210526,"FPTS_Stephanie Talbot_2024-09-01"
2024-09-01,"Draft Kings","ATL @ LAS",1022400193,"FPTS","First FGM","Player","Game","Home/Away","Favorite/Underdog",0.091,999,0.0769,1200,0.014,0.0076,0.7609,0.800947368421053,2024-09-01 12:27:20,1,"Stephanie Talbot","Loss",0.38045,-0.38045,0.400473684210526,-0.400473684210526,"FPTS_Stephanie Talbot_2024-09-01"
2024-09-01,"FanDuel","ATL @ LAS",1022400193,"FPTS","First Points","Player","Game","Home/Away","Favorite/Underdog",0.0861,1062,0.0714,1300,0.0146,0.0079,0.7876,0.829052631578947,2024-09-01 21:57:37,20,"Stephanie Talbot","Loss",0.0266999999999999,-0.0266999999999999,0.0281052631578941,-0.0281052631578941,"FPTS_Stephanie Talbot_2024-09-01"
2024-09-01,"FanDuel","ATL @ LAS",1022400193,"FPTS Exact","First Points","Player","Exact","Home/Away","Favorite/Underdog",0.036,2679,0.0244,4000,0.0116,0.0059,0.5945,0.733950617283951,2024-09-01 16:27:04,4,"Dearica Hamby_other_fg","Loss",0.0309,-0.0309,0.0381481481481489,-0.0381481481481489,"FPTS Exact_Dearica Hamby_other_fg_2024-09-01"
2024-09-01,"FanDuel","ATL @ LAS",1022400193,"FPTS Exact","First Points","Player","Exact","Home/Away","Favorite/Underdog",0.036,2679,0.025,3900,0.011,0.0056,0.5636,0.695802469135802,2024-09-01 15:57:08,3,"Dearica Hamby_other_fg","Loss",0.0325,-0.0325,0.040123456790123,-0.040123456790123,"FPTS Exact_Dearica Hamby_other_fg_2024-09-01"
2024-09-01,"FanDuel","ATL @ LAS",1022400193,"FPTS Exact","First Points","Player","Exact","Home/Away","Favorite/Underdog",0.036,2679,0.0256,3800,0.0103,0.0053,0.5311,0.655679012345679,2024-09-01 14:26:58,1,"Dearica Hamby_other_fg","Loss",0.5311,-0.5311,0.655679012345679,-0.655679012345679,"FPTS Exact_Dearica Hamby_other_fg_2024-09-01"
2024-09-01,"FanDuel","ATL @ LAS",1022400193,"FPTS Team","First Points","Player","Team","Home/Away","Favorite/Underdog",0.2089,379,0.1667,500,0.0422,0.0253,2.533,1.66644736842105,2024-09-01 15:57:08,8,"Allisha Gray","Loss",0.5049,-0.5049,0.33217105263158,-0.33217105263158,"FPTS Team_Allisha Gray_2024-09-01"
2024-09-01,"FanDuel","ATL @ LAS",1022400193,"FPTS Team","First Points","Player","Team","Home/Away","Favorite/Underdog",0.2089,379,0.1754,470,0.0334,0.0203,2.0281,1.33427631578947,2024-09-01 14:56:58,6,"Allisha Gray","Loss",0.183,-0.183,0.1203947368421,-0.1203947368421,"FPTS Team_Allisha Gray_2024-09-01"
2024-09-01,"FanDuel","ATL @ LAS",1022400193,"FPTS Team","First Points","Player","Team","Home/Away","Favorite/Underdog",0.2089,379,0.1786,460,0.0303,0.0185,1.8451,1.21388157894737,2024-09-01 12:57:03,2,"Allisha Gray","Loss",0.3908,-0.3908,0.257105263157896,-0.257105263157896,"FPTS Team_Allisha Gray_2024-09-01"
2024-09-01,"FanDuel","ATL @ LAS",1022400193,"FPTS Team","First Points","Player","Team","Home/Away","Favorite/Underdog",0.2089,379,0.1852,440,0.0237,0.0145,1.4543,0.956776315789474,2024-09-01 12:27:20,1,"Allisha Gray","Loss",1.4543,-1.4543,0.956776315789474,-0.956776315789474,"FPTS Team_Allisha Gray_2024-09-01"
2024-09-01,"FanDuel","ATL @ LAS",1022400193,"FPTS Team","First Points","Player","Team","Home/Away","Favorite/Underdog",0.2148,366,0.2041,390,0.0107,0.0067,0.6731,0.442828947368421,2024-09-01 22:56:25,1,"Azurá Stevens","Loss",0.6731,-0.6731,0.442828947368421,-0.442828947368421,"FPTS Team_Azurá Stevens_2024-09-01"
2024-09-01,"FanDuel","ATL @ LAS",1022400193,"FPTS Team","First Points","Player","Team","Home/Away","Favorite/Underdog",0.1563,540,0.1429,600,0.0134,0.0078,0.7836,0.515526315789474,2024-09-01 18:57:10,1,"Jordin Canada","Loss",0.7836,-0.7836,0.515526315789474,-0.515526315789474,"FPTS Team_Jordin Canada_2024-09-01"
2024-09-01,"FanDuel","ATL @ LAS",1022400193,"FPTS Team","First Points","Player","Team","Home/Away","Favorite/Underdog",0.1658,503,0.1111,800,0.0547,0.0308,3.0774,2.02460526315789,2024-09-01 21:57:37,15,"Odyssey Sims","Win",1.2031,9.6248,0.79151315789473,6.33210526315784,"FPTS Team_Odyssey Sims_2024-09-01"
2024-09-01,"FanDuel","ATL @ LAS",1022400193,"FPTS Team","First Points","Player","Team","Home/Away","Favorite/Underdog",0.1658,503,0.1333,650,0.0325,0.0187,1.8743,1.23309210526316,2024-09-01 21:27:04,14,"Odyssey Sims","Win",0.5347,3.47555,0.351776315789476,2.28654605263159,"FPTS Team_Odyssey Sims_2024-09-01"
2024-09-01,"FanDuel","ATL @ LAS",1022400193,"FPTS Team","First Points","Player","Team","Home/Away","Favorite/Underdog",0.1658,503,0.1429,600,0.023,0.0134,1.3396,0.881315789473684,2024-09-01 16:27:04,4,"Odyssey Sims","Win",0.632,3.792,0.41578947368421,2.49473684210526,"FPTS Team_Odyssey Sims_2024-09-01"
2024-09-01,"FanDuel","ATL @ LAS",1022400193,"FPTS Team","First Points","Player","Team","Home/Away","Favorite/Underdog",0.1658,503,0.1538,550,0.012,0.0071,0.7076,0.465526315789474,2024-09-01 12:27:20,1,"Odyssey Sims","Win",0.7076,3.8918,0.465526315789474,2.56039473684211,"FPTS Team_Odyssey Sims_2024-09-01"
2024-09-01,"FanDuel","ATL @ LAS",1022400193,"FPTS Team","First Points","Player","Team","Home/Away","Favorite/Underdog",0.1567,538,0.1429,600,0.0138,0.0081,0.8056,0.53,2024-09-01 12:27:20,1,"Stephanie Talbot","Loss",0.8056,-0.8056,0.53,-0.53,"FPTS Team_Stephanie Talbot_2024-09-01"
2024-09-01,"FanDuel","ATL @ LAS",1022400193,"FPTS Team","First Points","Player","Team","Home/Away","Favorite/Underdog",0.1567,538,0.1333,650,0.0233,0.0135,1.3462,0.885657894736842,2024-09-01 21:57:37,6,"Stephanie Talbot","Loss",0.5406,-0.5406,0.355657894736842,-0.355657894736842,"FPTS Team_Stephanie Talbot_2024-09-01"
2024-09-01,"FanDuel","CHI @ MIN",1022400191,"FPTS","First Points","Player","Game","Home/Away","Favorite/Underdog",0.1505,564,0.1333,650,0.0172,0.0099,0.9918,1.044,2024-09-01 17:27:06,1,"Angel Reese","Loss",0.9918,-0.9918,1.044,-1.044,"FPTS_Angel Reese_2024-09-01"
2024-09-01,"Caesars","CHI @ MIN",1022400191,"FPTS","First Points","Player","Game","Home/Away","Favorite/Underdog",0.0964,938,0.0769,1200,0.0195,0.0105,1.0537,1.10915789473684,2024-09-01 12:27:20,1,"Courtney Williams","Win",1.0537,12.6444,1.10915789473684,13.3098947368421,"FPTS_Courtney Williams_2024-09-01"
2024-09-01,"FanDuel","CHI @ MIN",1022400191,"FPTS","First Points","Player","Game","Home/Away","Favorite/Underdog",0.0954,948,0.0714,1300,0.024,0.0129,1.2922,1.36021052631579,2024-09-01 18:57:10,14,"Courtney Williams","Win",0.2385,3.1005,0.25105263157895,3.26368421052635,"FPTS_Courtney Williams_2024-09-01"
2024-09-01,"FanDuel","CHI @ MIN",1022400191,"FPTS","First Points","Player","Game","Home/Away","Favorite/Underdog",0.08,1151,0.0667,1400,0.0133,0.0071,0.7118,0.749263157894737,2024-09-01 15:57:08,1,"Lindsay Allen","Loss",0.7118,-0.7118,0.749263157894737,-0.749263157894737,"FPTS_Lindsay Allen_2024-09-01"
2024-09-01,"FanDuel","CHI @ MIN",1022400191,"FPTS","First Points","Player","Game","Home/Away","Favorite/Underdog",0.0882,1034,0.0625,1500,0.0257,0.0137,1.3694,1.44147368421053,2024-09-01 17:27:06,4,"Lindsay Allen","Loss",0.6576,-0.6576,0.692210526315793,-0.692210526315793,"FPTS_Lindsay Allen_2024-09-01"
2024-09-01,"FanDuel","CHI @ MIN",1022400191,"FPTS","First Points","Player","Game","Home/Away","Favorite/Underdog",0.0945,959,0.0769,1200,0.0175,0.0095,0.95,1,2024-09-01 17:27:06,1,"Rachel Banham","Loss",0.95,-0.95,1,-1,"FPTS_Rachel Banham_2024-09-01"
2024-09-01,"FanDuel","CHI @ MIN",1022400191,"FPTS","First Points","Player","Game","Home/Away","Favorite/Underdog",0.0945,959,0.0714,1300,0.023,0.0124,1.2403,1.30557894736842,2024-09-01 18:57:10,4,"Rachel Banham","Loss",0.2903,-0.2903,0.30557894736842,-0.30557894736842,"FPTS_Rachel Banham_2024-09-01"
2024-09-01,"FanDuel","CHI @ MIN",1022400191,"FPTS Exact","First Points","Player","Exact","Home/Away","Favorite/Underdog",0.0428,2238,0.0312,3100,0.0115,0.0059,0.5944,0.733827160493827,2024-09-01 17:27:06,1,"Angel Reese_other_fg","Loss",0.5944,-0.5944,0.733827160493827,-0.733827160493827,"FPTS Exact_Angel Reese_other_fg_2024-09-01"
2024-09-01,"FanDuel","CHI @ MIN",1022400191,"FPTS Team","First Points","Player","Team","Home/Away","Favorite/Underdog",0.2743,265,0.25,300,0.0243,0.0162,1.6204,1.06605263157895,2024-09-01 17:27:06,1,"Angel Reese","Loss",1.6204,-1.6204,1.06605263157895,-1.06605263157895,"FPTS Team_Angel Reese_2024-09-01"
2024-09-01,"FanDuel","CHI @ MIN",1022400191,"FPTS Team","First Points","Player","Team","Home/Away","Favorite/Underdog",0.2743,265,0.2381,320,0.0362,0.0238,2.3763,1.56335526315789,2024-09-01 17:57:03,2,"Angel Reese","Loss",0.7559,-0.7559,0.49730263157894,-0.49730263157894,"FPTS Team_Angel Reese_2024-09-01"
2024-09-01,"FanDuel","CHI @ MIN",1022400191,"FPTS Team","First Points","Player","Team","Home/Away","Favorite/Underdog",0.2115,373,0.1538,550,0.0576,0.0341,3.405,2.24013157894737,2024-09-01 18:57:10,14,"Courtney Williams","Win",0.5904,3.2472,0.38842105263158,2.13631578947369,"FPTS Team_Courtney Williams_2024-09-01"
2024-09-01,"FanDuel","CHI @ MIN",1022400191,"FPTS Team","First Points","Player","Team","Home/Away","Favorite/Underdog",0.2136,368,0.1667,500,0.0469,0.0281,2.8146,1.85171052631579,2024-09-01 16:27:04,9,"Courtney Williams","Win",0.502,2.51,0.33026315789474,1.6513157894737,"FPTS Team_Courtney Williams_2024-09-01"
2024-09-01,"FanDuel","CHI @ MIN",1022400191,"FPTS Team","First Points","Player","Team","Home/Away","Favorite/Underdog",0.2136,368,0.1754,470,0.0381,0.0231,2.3126,1.52144736842105,2024-09-01 15:57:08,8,"Courtney Williams","Win",0.0542000000000002,0.254740000000001,0.03565789473684,0.167592105263148,"FPTS Team_Courtney Williams_2024-09-01"
2024-09-01,"FanDuel","CHI @ MIN",1022400191,"FPTS Team","First Points","Player","Team","Home/Away","Favorite/Underdog",0.2136,368,0.1786,460,0.035,0.0213,2.1307,1.40177631578947,2024-09-01 12:27:20,1,"Courtney Williams","Win",2.1307,9.80122,1.40177631578947,6.44817105263156,"FPTS Team_Courtney Williams_2024-09-01"
2024-09-01,"MGM","CHI @ MIN",1022400191,"FPTS Team","First FGM","Player","Team","Home/Away","Favorite/Underdog",0.2043,389,0.1667,500,0.0376,0.0226,2.2584,1.48578947368421,2024-09-01 13:26:58,3,"Courtney Williams","Win",0.1277,0.6385,0.0840131578947401,0.4200657894737,"FPTS Team_Courtney Williams_2024-09-01"
2024-09-01,"FanDuel","CHI @ MIN",1022400191,"FPTS Team","First Points","Player","Team","Home/Away","Favorite/Underdog",0.1826,448,0.1667,500,0.016,0.0096,0.9571,0.629671052631579,2024-09-01 18:57:10,1,"Dorka Juhász","Loss",0.9571,-0.9571,0.629671052631579,-0.629671052631579,"FPTS Team_Dorka Juhász_2024-09-01"
2024-09-01,"FanDuel","CHI @ MIN",1022400191,"FPTS Team","First Points","Player","Team","Home/Away","Favorite/Underdog",0.1607,522,0.1176,750,0.043,0.0244,2.439,1.60460526315789,2024-09-01 18:27:12,13,"Lindsay Allen","Loss",0.8065,-0.8065,0.530592105263144,-0.530592105263144,"FPTS Team_Lindsay Allen_2024-09-01"
2024-09-01,"FanDuel","CHI @ MIN",1022400191,"FPTS Team","First Points","Player","Team","Home/Away","Favorite/Underdog",0.1607,522,0.125,700,0.0357,0.0204,2.0393,1.34164473684211,2024-09-01 17:27:06,11,"Lindsay Allen","Loss",0.919,-0.919,0.604605263157904,-0.604605263157904,"FPTS Team_Lindsay Allen_2024-09-01"
2024-09-01,"FanDuel","CHI @ MIN",1022400191,"FPTS Team","First Points","Player","Team","Home/Away","Favorite/Underdog",0.1457,586,0.1333,650,0.0124,0.0071,0.7135,0.469407894736842,2024-09-01 12:27:20,1,"Lindsay Allen","Loss",0.7135,-0.7135,0.469407894736842,-0.469407894736842,"FPTS Team_Lindsay Allen_2024-09-01"
2024-09-01,"FanDuel","CHI @ MIN",1022400191,"FPTS Team","First Points","Player","Team","Home/Away","Favorite/Underdog",0.1721,481,0.1333,650,0.0388,0.0224,2.2389,1.47296052631579,2024-09-01 17:27:06,1,"Rachel Banham","Loss",2.2389,-2.2389,1.47296052631579,-1.47296052631579,"FPTS Team_Rachel Banham_2024-09-01"
2024-09-01,"BetRivers","IND @ DAL",1022400192,"FPTS","First FGM","Player","Game","Home/Away","Favorite/Underdog",0.088,1036,0.0769,1200,0.0111,0.006,0.6014,0.633052631578947,2024-09-01 12:27:20,1,"Arike Ogunbowale","Loss",0.6014,-0.6014,0.633052631578947,-0.633052631578947,"FPTS_Arike Ogunbowale_2024-09-01"
2024-09-01,"ESPN","IND @ DAL",1022400192,"FPTS","First Points","Player","Game","Home/Away","Favorite/Underdog",0.0917,990,0.0769,1200,0.0148,0.008,0.8021,0.844315789473684,2024-09-01 12:27:20,1,"Kelsey Mitchell","Win",0.40105,4.8126,0.422157894736842,5.0658947368421,"FPTS_Kelsey Mitchell_2024-09-01"
2024-09-01,"FanDuel","IND @ DAL",1022400192,"FPTS","First Points","Player","Game","Home/Away","Favorite/Underdog",0.0917,990,0.0556,1700,0.0362,0.0192,1.9151,2.01589473684211,2024-09-01 17:57:03,12,"Kelsey Mitchell","Win",0.1669,2.8373,0.17568421052632,2.98663157894744,"FPTS_Kelsey Mitchell_2024-09-01"
2024-09-01,"FanDuel","IND @ DAL",1022400192,"FPTS","First Points","Player","Game","Home/Away","Favorite/Underdog",0.0917,990,0.0588,1600,0.0329,0.0175,1.7482,1.84021052631579,2024-09-01 15:57:08,8,"Kelsey Mitchell","Win",0.4055,6.488,0.42684210526316,6.82947368421056,"FPTS_Kelsey Mitchell_2024-09-01"
2024-09-01,"FanDuel","IND @ DAL",1022400192,"FPTS","First Points","Player","Game","Home/Away","Favorite/Underdog",0.0917,990,0.0667,1400,0.0251,0.0134,1.3427,1.41336842105263,2024-09-01 13:57:21,4,"Kelsey Mitchell","Win",0.2495,3.493,0.26263157894737,3.67684210526318,"FPTS_Kelsey Mitchell_2024-09-01"
2024-09-01,"FanDuel","IND @ DAL",1022400192,"FPTS","First Points","Player","Game","Home/Away","Favorite/Underdog",0.0917,990,0.0714,1300,0.0203,0.0109,1.0932,1.15073684210526,2024-09-01 12:57:03,2,"Kelsey Mitchell","Win",0.2911,3.7843,0.306421052631576,3.98347368421049,"FPTS_Kelsey Mitchell_2024-09-01"
2024-09-01,"FanDuel","IND @ DAL",1022400192,"FPTS","First Points","Player","Game","Home/Away","Favorite/Underdog",0.0917,990,0.0769,1200,0.0148,0.008,0.8021,0.844315789473684,2024-09-01 12:27:20,1,"Kelsey Mitchell","Win",0.40105,4.8126,0.422157894736842,5.0658947368421,"FPTS_Kelsey Mitchell_2024-09-01"
2024-09-01,"FanDuel","IND @ DAL",1022400192,"FPTS","First Points","Player","Game","Home/Away","Favorite/Underdog",0.0766,1206,0.0625,1500,0.0141,0.0075,0.7508,0.790315789473684,2024-09-01 18:27:12,1,"Lexie Hull","Loss",0.7508,-0.7508,0.790315789473684,-0.790315789473684,"FPTS_Lexie Hull_2024-09-01"
2024-09-01,"FanDuel","IND @ DAL",1022400192,"FPTS Exact","First Points","Player","Exact","Home/Away","Favorite/Underdog",0.0351,2746,0.0196,5000,0.0155,0.0079,0.7918,0.977530864197531,2024-09-01 15:57:08,8,"Kelsey Mitchell_layup","Win",0.0616,3.08,0.07604938271605,3.8024691358025,"FPTS Exact_Kelsey Mitchell_layup_2024-09-01"
2024-09-01,"FanDuel","IND @ DAL",1022400192,"FPTS Exact","First Points","Player","Exact","Home/Away","Favorite/Underdog",0.0351,2746,0.0208,4700,0.0143,0.0073,0.7302,0.901481481481481,2024-09-01 13:57:21,4,"Kelsey Mitchell_layup","Win",0.07,3.29,0.086419753086419,4.06172839506169,"FPTS Exact_Kelsey Mitchell_layup_2024-09-01"
2024-09-01,"FanDuel","IND @ DAL",1022400192,"FPTS Exact","First Points","Player","Exact","Home/Away","Favorite/Underdog",0.0351,2746,0.0222,4400,0.0129,0.0066,0.6602,0.815061728395062,2024-09-01 12:57:03,2,"Kelsey Mitchell_layup","Win",0.0522,2.2968,0.064444444444445,2.83555555555558,"FPTS Exact_Kelsey Mitchell_layup_2024-09-01"
2024-09-01,"FanDuel","IND @ DAL",1022400192,"FPTS Exact","First Points","Player","Exact","Home/Away","Favorite/Underdog",0.0351,2746,0.0233,4200,0.0119,0.0061,0.608,0.750617283950617,2024-09-01 12:27:20,1,"Kelsey Mitchell_layup","Win",0.608,25.536,0.750617283950617,31.5259259259259,"FPTS Exact_Kelsey Mitchell_layup_2024-09-01"
2024-09-01,"FanDuel","IND @ DAL",1022400192,"FPTS Team","First Points","Player","Team","Home/Away","Favorite/Underdog",0.1714,483,0.1538,550,0.0176,0.0104,1.0374,0.6825,2024-09-01 14:56:58,1,"Arike Ogunbowale","Win",1.0374,5.7057,0.6825,3.75375,"FPTS Team_Arike Ogunbowale_2024-09-01"
2024-09-01,"FanDuel","IND @ DAL",1022400192,"FPTS Team","First Points","Player","Team","Home/Away","Favorite/Underdog",0.1861,437,0.1176,750,0.0685,0.0388,3.8811,2.55335526315789,2024-09-01 17:57:03,12,"Kelsey Mitchell","Win",0.3876,2.907,0.255,1.9125,"FPTS Team_Kelsey Mitchell_2024-09-01"
2024-09-01,"FanDuel","IND @ DAL",1022400192,"FPTS Team","First Points","Player","Team","Home/Away","Favorite/Underdog",0.1861,437,0.125,700,0.0611,0.0349,3.4935,2.29835526315789,2024-09-01 15:57:08,8,"Kelsey Mitchell","Win",0.4471,3.1297,0.2941447368421,2.0590131578947,"FPTS Team_Kelsey Mitchell_2024-09-01"
2024-09-01,"FanDuel","IND @ DAL",1022400192,"FPTS Team","First Points","Player","Team","Home/Away","Favorite/Underdog",0.1861,437,0.1333,650,0.0528,0.0305,3.0464,2.00421052631579,2024-09-01 13:57:21,4,"Kelsey Mitchell","Win",0.5217,3.39105,0.34322368421053,2.23095394736845,"FPTS Team_Kelsey Mitchell_2024-09-01"
2024-09-01,"FanDuel","IND @ DAL",1022400192,"FPTS Team","First Points","Player","Team","Home/Away","Favorite/Underdog",0.1861,437,0.1429,600,0.0433,0.0252,2.5247,1.66098684210526,2024-09-01 12:27:20,1,"Kelsey Mitchell","Win",2.5247,15.1482,1.66098684210526,9.96592105263156,"FPTS Team_Kelsey Mitchell_2024-09-01"
2024-09-01,"FanDuel","IND @ DAL",1022400192,"FPTS Team","First Points","Player","Team","Home/Away","Favorite/Underdog",0.1554,544,0.1429,600,0.0125,0.0073,0.731,0.480921052631579,2024-09-01 17:27:06,1,"Lexie Hull","Loss",0.731,-0.731,0.480921052631579,-0.480921052631579,"FPTS Team_Lexie Hull_2024-09-01"
2024-09-01,"FanDuel","IND @ DAL",1022400192,"FPTS Team","First Points","Player","Team","Home/Away","Favorite/Underdog",0.1554,544,0.1333,650,0.0221,0.0127,1.2724,0.837105263157895,2024-09-01 19:57:12,3,"Lexie Hull","Loss",0.5414,-0.5414,0.356184210526316,-0.356184210526316,"FPTS Team_Lexie Hull_2024-09-01"
2024-09-01,"FanDuel","IND @ DAL",1022400192,"FPTS Team","First Points","Player","Team","Home/Away","Favorite/Underdog",0.2614,283,0.25,300,0.0114,0.0076,0.7607,0.50046052631579,2024-09-01 18:57:10,1,"Natasha Howard","Loss",0.7607,-0.7607,0.50046052631579,-0.50046052631579,"FPTS Team_Natasha Howard_2024-09-01"
2024-09-01,"BetRivers","LVA @ PHO",1022400194,"FPTS","First FGM","Player","Game","Home/Away","Favorite/Underdog",0.1064,840,0.0909,1000,0.0155,0.0085,0.8511,0.895894736842105,2024-09-01 12:27:20,1,"Monique Billings","Loss",0.8511,-0.8511,0.895894736842105,-0.895894736842105,"FPTS_Monique Billings_2024-09-01"
2024-09-01,"FanDuel","LVA @ PHO",1022400194,"FPTS","First Points","Player","Game","Home/Away","Favorite/Underdog",0.107,834,0.0769,1200,0.0301,0.0163,1.6313,1.71715789473684,2024-09-01 18:57:10,14,"Monique Billings","Win",0.3383,4.0596,0.35610526315789,4.27326315789468,"FPTS_Monique Billings_2024-09-01"
2024-09-01,"FanDuel","LVA @ PHO",1022400194,"FPTS","First Points","Player","Game","Home/Away","Favorite/Underdog",0.107,834,0.0833,1100,0.0237,0.0129,1.293,1.36105263157895,2024-09-01 15:57:08,8,"Monique Billings","Win",0.4059,4.4649,0.427263157894739,4.69989473684213,"FPTS_Monique Billings_2024-09-01"
2024-09-01,"FanDuel","LVA @ PHO",1022400194,"FPTS","First Points","Player","Game","Home/Away","Favorite/Underdog",0.107,834,0.0909,1000,0.0161,0.0089,0.8871,0.933789473684211,2024-09-01 13:26:58,3,"Monique Billings","Win",0.036,0.36,0.037894736842106,0.37894736842106,"FPTS_Monique Billings_2024-09-01"
2024-09-01,"FanDuel","LVA @ PHO",1022400194,"FPTS","First Points","Player","Game","Home/Away","Favorite/Underdog",0.0783,1178,0.0667,1400,0.0116,0.0062,0.6214,0.654105263157895,2024-09-01 14:56:58,1,"Natasha Cloud","Loss",0.6214,-0.6214,0.654105263157895,-0.654105263157895,"FPTS_Natasha Cloud_2024-09-01"
2024-09-01,"FanDuel","LVA @ PHO",1022400194,"FPTS","First Points","Player","Game","Home/Away","Favorite/Underdog",0.0783,1178,0.0625,1500,0.0158,0.0084,0.8408,0.885052631578947,2024-09-01 15:57:08,3,"Natasha Cloud","Loss",0.2194,-0.2194,0.230947368421052,-0.230947368421052,"FPTS_Natasha Cloud_2024-09-01"
2024-09-01,"FanDuel","LVA @ PHO",1022400194,"FPTS Team","First Points","Player","Team","Home/Away","Favorite/Underdog",0.1588,530,0.1429,600,0.0159,0.0093,0.9273,0.610065789473684,2024-09-01 18:57:10,1,"Jackie Young","Loss",0.9273,-0.9273,0.610065789473684,-0.610065789473684,"FPTS Team_Jackie Young_2024-09-01"
2024-09-01,"FanDuel","LVA @ PHO",1022400194,"FPTS Team","First Points","Player","Team","Home/Away","Favorite/Underdog",0.1979,405,0.1333,650,0.0646,0.0372,3.7245,2.45032894736842,2024-09-01 16:27:04,9,"Monique Billings","Win",0.5142,3.3423,0.33828947368421,2.19888157894737,"FPTS Team_Monique Billings_2024-09-01"
2024-09-01,"FanDuel","LVA @ PHO",1022400194,"FPTS Team","First Points","Player","Team","Home/Away","Favorite/Underdog",0.1979,405,0.1429,600,0.055,0.0321,3.2103,2.11203947368421,2024-09-01 15:57:08,8,"Monique Billings","Win",0.6076,3.6456,0.39973684210526,2.39842105263156,"FPTS Team_Monique Billings_2024-09-01"
2024-09-01,"FanDuel","LVA @ PHO",1022400194,"FPTS Team","First Points","Player","Team","Home/Away","Favorite/Underdog",0.1979,405,0.1538,550,0.044,0.026,2.6027,1.71230263157895,2024-09-01 15:27:00,7,"Monique Billings","Win",0.7292,4.0106,0.47973684210527,2.63855263157899,"FPTS Team_Monique Billings_2024-09-01"
2024-09-01,"FanDuel","LVA @ PHO",1022400194,"FPTS Team","First Points","Player","Team","Home/Away","Favorite/Underdog",0.1979,405,0.1667,500,0.0312,0.0187,1.8735,1.23256578947368,2024-09-01 12:27:20,1,"Monique Billings","Win",1.8735,9.3675,1.23256578947368,6.1628289473684,"FPTS Team_Monique Billings_2024-09-01"
2024-09-01,"FanDuel","LVA @ PHO",1022400194,"FPTS Team","First Points","Player","Team","Home/Away","Favorite/Underdog",0.1447,591,0.1176,750,0.027,0.0153,1.5327,1.00835526315789,2024-09-01 12:27:20,1,"Natasha Cloud","Loss",1.5327,-1.5327,1.00835526315789,-1.00835526315789,"FPTS Team_Natasha Cloud_2024-09-01"
2024-09-01,"FanDuel","LVA @ PHO",1022400194,"FPTS Team","First Points","Player","Team","Home/Away","Favorite/Underdog",0.1447,591,0.1111,800,0.0336,0.0189,1.8891,1.24282894736842,2024-09-01 14:56:58,6,"Natasha Cloud","Loss",0.3564,-0.3564,0.23447368421053,-0.23447368421053,"FPTS Team_Natasha Cloud_2024-09-01"
2024-09-01,"Caesars","SEA @ CON",1022400190,"FPTS","First Points","Player","Game","Home/Away","Favorite/Underdog",0.1,900,0.0769,1200,0.023,0.0125,1.2476,1.31326315789474,2024-09-01 12:27:20,1,"DiJonai Carrington","Loss",0.6238,-0.6238,0.65663157894737,-0.65663157894737,"FPTS_DiJonai Carrington_2024-09-01"
2024-09-01,"ESPN","SEA @ CON",1022400190,"FPTS","First Points","Player","Game","Home/Away","Favorite/Underdog",0.1,900,0.0769,1200,0.023,0.0125,1.2476,1.31326315789474,2024-09-01 12:27:20,1,"DiJonai Carrington","Loss",0.6238,-0.6238,0.65663157894737,-0.65663157894737,"FPTS_DiJonai Carrington_2024-09-01"
2024-09-01,"Caesars","SEA @ CON",1022400190,"FPTS","First Points","Player","Game","Home/Away","Favorite/Underdog",0.1011,889,0.0769,1200,0.0242,0.0131,1.312,1.38105263157895,2024-09-01 16:27:04,9,"DiJonai Carrington","Loss",0.0322,-0.0322,0.033894736842105,-0.033894736842105,"FPTS_DiJonai Carrington_2024-09-01"
2024-09-01,"ESPN","SEA @ CON",1022400190,"FPTS","First Points","Player","Game","Home/Away","Favorite/Underdog",0.1011,889,0.0769,1200,0.0242,0.0131,1.312,1.38105263157895,2024-09-01 16:27:04,9,"DiJonai Carrington","Loss",0.0322,-0.0322,0.033894736842105,-0.033894736842105,"FPTS_DiJonai Carrington_2024-09-01"
2024-09-01,"Draft Kings","SEA @ CON",1022400190,"FPTS","First FGM","Player","Game","Home/Away","Favorite/Underdog",0.0934,971,0.0833,1100,0.0101,0.0055,0.5491,0.578,2024-09-01 12:27:20,1,"Gabby Williams","Loss",0.5491,-0.5491,0.578,-0.578,"FPTS_Gabby Williams_2024-09-01"
2024-09-01,"FanDuel","SEA @ CON",1022400190,"FPTS","First Points","Player","Game","Home/Away","Favorite/Underdog",0.1231,713,0.1111,800,0.012,0.0067,0.6727,0.708105263157895,2024-09-01 12:57:03,1,"Jewell Loyd","Loss",0.6727,-0.6727,0.708105263157895,-0.708105263157895,"FPTS_Jewell Loyd_2024-09-01"
2024-09-01,"FanDuel","SEA @ CON",1022400190,"FPTS","First Points","Player","Game","Home/Away","Favorite/Underdog",0.1231,713,0.1053,850,0.0178,0.01,0.9951,1.04747368421053,2024-09-01 16:57:13,5,"Jewell Loyd","Loss",0.3224,-0.3224,0.339368421052635,-0.339368421052635,"FPTS_Jewell Loyd_2024-09-01"
2024-09-01,"FanDuel","SEA @ CON",1022400190,"FPTS","First Points","Player","Game","Home/Away","Favorite/Underdog",0.0994,907,0.0833,1100,0.016,0.0087,0.8738,0.919789473684211,2024-09-01 12:57:03,1,"Skylar Diggins-Smith","Loss",0.8738,-0.8738,0.919789473684211,-0.919789473684211,"FPTS_Skylar Diggins-Smith_2024-09-01"
2024-09-01,"FanDuel","SEA @ CON",1022400190,"FPTS","First Points","Player","Game","Home/Away","Favorite/Underdog",0.0734,1263,0.0625,1500,0.0109,0.0058,0.5791,0.609578947368421,2024-09-01 16:27:04,2,"Tyasha Harris","Loss",0.5791,-0.5791,0.609578947368421,-0.609578947368421,"FPTS_Tyasha Harris_2024-09-01"
2024-09-01,"FanDuel","SEA @ CON",1022400190,"FPTS Team","First Points","Player","Team","Home/Away","Favorite/Underdog",0.2164,362,0.1667,500,0.0497,0.0298,2.9814,1.96144736842105,2024-09-01 12:27:20,1,"DiJonai Carrington","Loss",2.9814,-2.9814,1.96144736842105,-1.96144736842105,"FPTS Team_DiJonai Carrington_2024-09-01"
2024-09-01,"FanDuel","SEA @ CON",1022400190,"FPTS Team","First Points","Player","Team","Home/Away","Favorite/Underdog",0.167,499,0.1333,650,0.0337,0.0194,1.9438,1.27881578947368,2024-09-01 16:57:13,10,"Gabby Williams","Loss",0.534,-0.534,0.35131578947368,-0.35131578947368,"FPTS Team_Gabby Williams_2024-09-01"
2024-09-01,"FanDuel","SEA @ CON",1022400190,"FPTS Team","First Points","Player","Team","Home/Away","Favorite/Underdog",0.167,499,0.1429,600,0.0242,0.0141,1.4098,0.9275,2024-09-01 12:57:03,2,"Gabby Williams","Loss",0.631,-0.631,0.415131578947368,-0.415131578947368,"FPTS Team_Gabby Williams_2024-09-01"
2024-09-01,"FanDuel","SEA @ CON",1022400190,"FPTS Team","First Points","Player","Team","Home/Away","Favorite/Underdog",0.167,499,0.1538,550,0.0132,0.0078,0.7788,0.512368421052632,2024-09-01 12:27:20,1,"Gabby Williams","Loss",0.7788,-0.7788,0.512368421052632,-0.512368421052632,"FPTS Team_Gabby Williams_2024-09-01"
2024-09-01,"FanDuel","SEA @ CON",1022400190,"FPTS Team","First Points","Player","Team","Home/Away","Favorite/Underdog",0.2288,337,0.1818,450,0.0469,0.0287,2.8682,1.88697368421053,2024-09-01 16:57:13,10,"Jewell Loyd","Loss",0.1948,-0.1948,0.12815789473685,-0.12815789473685,"FPTS Team_Jewell Loyd_2024-09-01"
2024-09-01,"FanDuel","SEA @ CON",1022400190,"FPTS Team","First Points","Player","Team","Home/Away","Favorite/Underdog",0.2288,337,0.1852,440,0.0436,0.0267,2.6734,1.75881578947368,2024-09-01 15:57:08,8,"Jewell Loyd","Loss",0.4173,-0.4173,0.27453947368421,-0.27453947368421,"FPTS Team_Jewell Loyd_2024-09-01"
2024-09-01,"FanDuel","SEA @ CON",1022400190,"FPTS Team","First Points","Player","Team","Home/Away","Favorite/Underdog",0.2288,337,0.1923,420,0.0364,0.0226,2.2561,1.48427631578947,2024-09-01 12:57:03,2,"Jewell Loyd","Loss",0.9665,-0.9665,0.635855263157891,-0.635855263157891,"FPTS Team_Jewell Loyd_2024-09-01"
2024-09-01,"FanDuel","SEA @ CON",1022400190,"FPTS Team","First Points","Player","Team","Home/Away","Favorite/Underdog",0.2288,337,0.2083,380,0.0204,0.0129,1.2896,0.848421052631579,2024-09-01 12:27:20,1,"Jewell Loyd","Loss",1.2896,-1.2896,0.848421052631579,-0.848421052631579,"FPTS Team_Jewell Loyd_2024-09-01"
2024-09-01,"FanDuel","SEA @ CON",1022400190,"FPTS Team","First Points","Player","Team","Home/Away","Favorite/Underdog",0.1847,442,0.1538,550,0.0308,0.0182,1.8212,1.19815789473684,2024-09-01 12:27:20,1,"Skylar Diggins-Smith","Loss",1.8212,-1.8212,1.19815789473684,-1.19815789473684,"FPTS Team_Skylar Diggins-Smith_2024-09-01"
2024-09-01,"FanDuel","SEA @ CON",1022400190,"FPTS Team","First Points","Player","Team","Home/Away","Favorite/Underdog",0.1847,442,0.1429,600,0.0418,0.0244,2.4389,1.60453947368421,2024-09-01 14:56:58,6,"Skylar Diggins-Smith","Loss",0.6177,-0.6177,0.40638157894737,-0.40638157894737,"FPTS Team_Skylar Diggins-Smith_2024-09-01"
2024-09-01,"FanDuel","SEA @ CON",1022400190,"FPTS Team","First Points","Player","Team","Home/Away","Favorite/Underdog",0.1588,530,0.1429,600,0.0159,0.0093,0.9293,0.611381578947368,2024-09-01 16:27:04,6,"Tyasha Harris","Loss",0.9293,-0.9293,0.611381578947368,-0.611381578947368,"FPTS Team_Tyasha Harris_2024-09-01"
2024-09-03,"FanDuel","ATL @ PHO",1022400198,"FPTS","First Points","Player","Game","Home/Away","Favorite/Underdog",0.0894,1018,0.0769,1200,0.0125,0.0068,0.6783,0.714,2024-09-03 12:26:43,1,"Allisha Gray","Loss",0.6783,-0.6783,0.714,-0.714,"FPTS_Allisha Gray_2024-09-03"
2024-09-03,"Draft Kings","ATL @ PHO",1022400198,"FPTS","First FGM","Player","Game","Home/Away","Favorite/Underdog",0.0805,1143,0.0667,1400,0.0138,0.0074,0.7388,0.777684210526316,2024-09-03 12:26:43,1,"Naz Hillmon","Loss",0.7388,-0.7388,0.777684210526316,-0.777684210526316,"FPTS_Naz Hillmon_2024-09-03"
2024-09-03,"FanDuel","ATL @ PHO",1022400198,"FPTS","First Points","Player","Game","Home/Away","Favorite/Underdog",0.1192,739,0.1053,850,0.0139,0.0078,0.778,0.818947368421053,2024-09-03 17:26:45,1,"Tina Charles","Loss",0.778,-0.778,0.818947368421053,-0.818947368421053,"FPTS_Tina Charles_2024-09-03"
2024-09-03,"FanDuel","ATL @ PHO",1022400198,"FPTS Exact","First Points","Player","Exact","Home/Away","Favorite/Underdog",0.0379,2541,0.0278,3500,0.0101,0.0052,0.5187,0.64037037037037,2024-09-03 12:26:43,1,"Tina Charles_layup","Loss",0.5187,-0.5187,0.64037037037037,-0.64037037037037,"FPTS Exact_Tina Charles_layup_2024-09-03"
2024-09-03,"FanDuel","ATL @ PHO",1022400198,"FPTS Exact","First Points","Player","Exact","Home/Away","Favorite/Underdog",0.0379,2541,0.027,3600,0.0108,0.0056,0.5568,0.687407407407407,2024-09-03 17:26:45,4,"Tina Charles_layup","Loss",0.0380999999999999,-0.0380999999999999,0.047037037037037,-0.047037037037037,"FPTS Exact_Tina Charles_layup_2024-09-03"
2024-09-03,"FanDuel","ATL @ PHO",1022400198,"FPTS Team","First Points","Player","Team","Home/Away","Favorite/Underdog",0.1703,487,0.1429,600,0.0274,0.016,1.5998,1.0525,2024-09-04 01:56:39,5,"Diana Taurasi","Loss",1.5998,-1.5998,1.0525,-1.0525,"FPTS Team_Diana Taurasi_2024-09-03"
2024-09-03,"FanDuel","ATL @ PHO",1022400198,"FPTS Team","First Points","Player","Team","Home/Away","Favorite/Underdog",0.1533,552,0.1429,600,0.0105,0.0061,0.6109,0.401907894736842,2024-09-03 12:26:43,1,"Jordin Canada","Loss",0.6109,-0.6109,0.401907894736842,-0.401907894736842,"FPTS Team_Jordin Canada_2024-09-03"
2024-09-03,"FanDuel","CHI @ LVA",1022400197,"FPTS","First Points","Player","Game","Home/Away","Favorite/Underdog",0.1416,606,0.1176,750,0.0239,0.0136,1.3562,1.42757894736842,2024-09-03 23:56:48,10,"Angel Reese","Loss",1.0081,-1.0081,1.06115789473684,-1.06115789473684,"FPTS_Angel Reese_2024-09-03"
2024-09-03,"FanDuel","CHI @ LVA",1022400197,"FPTS","First Points","Player","Game","Home/Away","Favorite/Underdog",0.1416,606,0.125,700,0.0166,0.0095,0.9475,0.997368421052632,2024-09-03 19:56:45,2,"Angel Reese","Loss",0.3481,-0.3481,0.366421052631579,-0.366421052631579,"FPTS_Angel Reese_2024-09-03"
2024-09-03,"Draft Kings","CHI @ LVA",1022400197,"FPTS","First FGM","Player","Game","Home/Away","Favorite/Underdog",0.0864,1057,0.0588,1600,0.0276,0.0146,1.4647,1.54178947368421,2024-09-03 19:56:45,16,"Lindsay Allen","Loss",1.4647,-1.4647,1.54178947368421,-1.54178947368421,"FPTS_Lindsay Allen_2024-09-03"
2024-09-03,"FanDuel","CHI @ LVA",1022400197,"FPTS","First Points","Player","Game","Home/Away","Favorite/Underdog",0.0875,1043,0.0714,1300,0.0161,0.0087,0.8653,0.910842105263158,2024-09-03 19:56:45,1,"Rachel Banham","Loss",0.8653,-0.8653,0.910842105263158,-0.910842105263158,"FPTS_Rachel Banham_2024-09-03"
2024-09-03,"FanDuel","CHI @ LVA",1022400197,"FPTS","First Points","Player","Game","Home/Away","Favorite/Underdog",0.0875,1043,0.0667,1400,0.0208,0.0112,1.116,1.17473684210526,2024-09-03 21:56:52,5,"Rachel Banham","Loss",0.2507,-0.2507,0.263894736842102,-0.263894736842102,"FPTS_Rachel Banham_2024-09-03"
2024-09-03,"FanDuel","CHI @ LVA",1022400197,"FPTS Exact","First Points","Player","Exact","Home/Away","Favorite/Underdog",0.0398,2412,0.0278,3500,0.012,0.0062,0.6187,0.763827160493827,2024-09-03 19:56:45,1,"Angel Reese_other_fg","Loss",0.6187,-0.6187,0.763827160493827,-0.763827160493827,"FPTS Exact_Angel Reese_other_fg_2024-09-03"
2024-09-03,"FanDuel","CHI @ LVA",1022400197,"FPTS Team","First Points","Player","Team","Home/Away","Favorite/Underdog",0.2731,266,0.2439,310,0.0292,0.0193,1.928,1.26842105263158,2024-09-03 19:56:45,1,"Angel Reese","Loss",1.928,-1.928,1.26842105263158,-1.26842105263158,"FPTS Team_Angel Reese_2024-09-03"
2024-09-03,"FanDuel","CHI @ LVA",1022400197,"FPTS Team","First Points","Player","Team","Home/Away","Favorite/Underdog",0.2731,266,0.2381,320,0.035,0.0229,2.2944,1.50947368421053,2024-09-03 21:26:45,4,"Angel Reese","Loss",0.3664,-0.3664,0.24105263157895,-0.24105263157895,"FPTS Team_Angel Reese_2024-09-03"
2024-09-03,"FanDuel","CHI @ LVA",1022400197,"FPTS Team","First Points","Player","Team","Home/Away","Favorite/Underdog",0.1519,558,0.1333,650,0.0186,0.0107,1.0714,0.704868421052631,2024-09-03 14:56:44,2,"Jackie Young","Loss",1.0714,-1.0714,0.704868421052631,-0.704868421052631,"FPTS Team_Jackie Young_2024-09-03"
2024-09-03,"FanDuel","CHI @ LVA",1022400197,"FPTS Team","First Points","Player","Team","Home/Away","Favorite/Underdog",0.1603,524,0.1111,800,0.0492,0.0277,2.7681,1.82111842105263,2024-09-03 19:56:45,16,"Lindsay Allen","Loss",1.2069,-1.2069,0.79401315789474,-0.79401315789474,"FPTS Team_Lindsay Allen_2024-09-03"
2024-09-03,"FanDuel","CHI @ LVA",1022400197,"FPTS Team","First Points","Player","Team","Home/Away","Favorite/Underdog",0.1452,589,0.1176,750,0.0275,0.0156,1.5612,1.02710526315789,2024-09-03 12:26:43,1,"Lindsay Allen","Loss",1.5612,-1.5612,1.02710526315789,-1.02710526315789,"FPTS Team_Lindsay Allen_2024-09-03"
2024-09-03,"FanDuel","CHI @ LVA",1022400197,"FPTS Team","First Points","Player","Team","Home/Away","Favorite/Underdog",0.1688,493,0.1333,650,0.0354,0.0204,2.0434,1.34434210526316,2024-09-03 19:56:45,1,"Rachel Banham","Loss",2.0434,-2.0434,1.34434210526316,-1.34434210526316,"FPTS Team_Rachel Banham_2024-09-03"
2024-09-03,"FanDuel","SEA @ CON",1022400195,"FPTS","First Points","Player","Game","Home/Away","Favorite/Underdog",0.0974,927,0.0833,1100,0.014,0.0077,0.766,0.806315789473684,2024-09-03 21:56:52,1,"DiJonai Carrington","Win",0.766,8.426,0.806315789473684,8.86947368421052,"FPTS_DiJonai Carrington_2024-09-03"
2024-09-03,"Draft Kings","SEA @ CON",1022400195,"FPTS","First FGM","Player","Game","Home/Away","Favorite/Underdog",0.0925,981,0.0667,1400,0.0259,0.0139,1.3856,1.45852631578947,2024-09-03 14:26:45,1,"Gabby Williams","Loss",1.3856,-1.3856,1.45852631578947,-1.45852631578947,"FPTS_Gabby Williams_2024-09-03"
2024-09-03,"FanDuel","SEA @ CON",1022400195,"FPTS","First Points","Player","Game","Home/Away","Favorite/Underdog",0.0905,1005,0.05,1900,0.0405,0.0213,2.1325,2.24473684210526,2024-09-03 21:26:45,15,"Gabby Williams","Loss",0.2816,-0.2816,0.29642105263158,-0.29642105263158,"FPTS_Gabby Williams_2024-09-03"
2024-09-03,"FanDuel","SEA @ CON",1022400195,"FPTS","First Points","Player","Game","Home/Away","Favorite/Underdog",0.0905,1005,0.0556,1700,0.035,0.0185,1.8509,1.94831578947368,2024-09-03 16:56:48,6,"Gabby Williams","Loss",0.4653,-0.4653,0.48978947368421,-0.48978947368421,"FPTS_Gabby Williams_2024-09-03"
2024-09-03,"FanDuel","SEA @ CON",1022400195,"FPTS","First Points","Player","Game","Home/Away","Favorite/Underdog",0.1231,713,0.0952,950,0.0278,0.0154,1.5382,1.61915789473684,2024-09-03 12:26:43,1,"Jewell Loyd","Loss",1.5382,-1.5382,1.61915789473684,-1.61915789473684,"FPTS_Jewell Loyd_2024-09-03"
2024-09-03,"FanDuel","SEA @ CON",1022400195,"FPTS","First Points","Player","Game","Home/Away","Favorite/Underdog",0.1227,715,0.0909,1000,0.0318,0.0175,1.7491,1.84115789473684,2024-09-03 16:56:48,10,"Jewell Loyd","Loss",0.2109,-0.2109,0.222,-0.222,"FPTS_Jewell Loyd_2024-09-03"
2024-09-03,"FanDuel","SEA @ CON",1022400195,"FPTS Exact","First Points","Player","Exact","Home/Away","Favorite/Underdog",0.0377,2552,0.025,3900,0.0127,0.0065,0.6519,0.804814814814815,2024-09-03 22:56:43,15,"Jewell Loyd_layup","Loss",0.0324,-0.0324,0.04,-0.04,"FPTS Exact_Jewell Loyd_layup_2024-09-03"
2024-09-03,"FanDuel","SEA @ CON",1022400195,"FPTS Exact","First Points","Player","Exact","Home/Away","Favorite/Underdog",0.0377,2552,0.0256,3800,0.0121,0.0062,0.6195,0.764814814814815,2024-09-03 19:26:44,10,"Jewell Loyd_layup","Loss",0.0343,-0.0343,0.042345679012346,-0.042345679012346,"FPTS Exact_Jewell Loyd_layup_2024-09-03"
2024-09-03,"FanDuel","SEA @ CON",1022400195,"FPTS Exact","First Points","Player","Exact","Home/Away","Favorite/Underdog",0.0377,2552,0.0263,3700,0.0114,0.0059,0.5852,0.722469135802469,2024-09-03 16:26:42,5,"Jewell Loyd_layup","Loss",0.0308,-0.0308,0.038024691358025,-0.038024691358025,"FPTS Exact_Jewell Loyd_layup_2024-09-03"
2024-09-03,"FanDuel","SEA @ CON",1022400195,"FPTS Exact","First Points","Player","Exact","Home/Away","Favorite/Underdog",0.0378,2544,0.027,3600,0.0108,0.0055,0.5544,0.684444444444444,2024-09-03 13:56:48,3,"Jewell Loyd_layup","Loss",0.0381,-0.0381,0.047037037037037,-0.047037037037037,"FPTS Exact_Jewell Loyd_layup_2024-09-03"
2024-09-03,"FanDuel","SEA @ CON",1022400195,"FPTS Exact","First Points","Player","Exact","Home/Away","Favorite/Underdog",0.0378,2544,0.0278,3500,0.01,0.0052,0.5163,0.637407407407407,2024-09-03 12:26:43,1,"Jewell Loyd_layup","Loss",0.5163,-0.5163,0.637407407407407,-0.637407407407407,"FPTS Exact_Jewell Loyd_layup_2024-09-03"
2024-09-03,"FanDuel","SEA @ CON",1022400195,"FPTS Exact","First Points","Player","Exact","Home/Away","Favorite/Underdog",0.0424,2259,0.0323,3000,0.0101,0.0052,0.5233,0.646049382716049,2024-09-03 19:26:44,1,"Jewell Loyd_other_fg","Loss",0.5233,-0.5233,0.646049382716049,-0.646049382716049,"FPTS Exact_Jewell Loyd_other_fg_2024-09-03"
2024-09-03,"FanDuel","SEA @ CON",1022400195,"FPTS Team","First Points","Player","Team","Home/Away","Favorite/Underdog",0.2151,365,0.1754,470,0.0396,0.024,2.404,1.58157894736842,2024-09-03 22:26:47,21,"DiJonai Carrington","Win",0.1815,0.853049999999999,0.11940789473684,0.561217105263148,"FPTS Team_DiJonai Carrington_2024-09-03"
2024-09-03,"FanDuel","SEA @ CON",1022400195,"FPTS Team","First Points","Player","Team","Home/Away","Favorite/Underdog",0.2151,365,0.1786,460,0.0365,0.0222,2.2225,1.46217105263158,2024-09-03 21:26:45,19,"DiJonai Carrington","Win",0.1896,0.87216,0.12473684210526,0.573789473684197,"FPTS Team_DiJonai Carrington_2024-09-03"
2024-09-03,"FanDuel","SEA @ CON",1022400195,"FPTS Team","First Points","Player","Team","Home/Away","Favorite/Underdog",0.2151,365,0.1818,450,0.0333,0.0203,2.0329,1.33743421052632,2024-09-03 13:56:48,4,"DiJonai Carrington","Win",0.1982,0.891900000000001,0.13039473684211,0.586776315789495,"FPTS Team_DiJonai Carrington_2024-09-03"
2024-09-03,"FanDuel","SEA @ CON",1022400195,"FPTS Team","First Points","Player","Team","Home/Away","Favorite/Underdog",0.2151,365,0.1852,440,0.0299,0.0183,1.8347,1.20703947368421,2024-09-03 13:26:46,3,"DiJonai Carrington","Win",0.2074,0.91256,0.13644736842105,0.60036842105262,"FPTS Team_DiJonai Carrington_2024-09-03"
2024-09-03,"FanDuel","SEA @ CON",1022400195,"FPTS Team","First Points","Player","Team","Home/Away","Favorite/Underdog",0.2151,365,0.1887,430,0.0264,0.0163,1.6273,1.07059210526316,2024-09-03 12:26:43,1,"DiJonai Carrington","Win",1.6273,6.99739,1.07059210526316,4.60354605263159,"FPTS Team_DiJonai Carrington_2024-09-03"
2024-09-03,"FanDuel","SEA @ CON",1022400195,"FPTS Team","First Points","Player","Team","Home/Away","Favorite/Underdog",0.1654,505,0.0909,1000,0.0745,0.041,4.0971,2.69546052631579,2024-09-03 21:26:45,15,"Gabby Williams","Loss",0.2196,-0.2196,0.14447368421053,-0.14447368421053,"FPTS Team_Gabby Williams_2024-09-03"
2024-09-03,"FanDuel","SEA @ CON",1022400195,"FPTS Team","First Points","Player","Team","Home/Away","Favorite/Underdog",0.1654,505,0.0952,950,0.0702,0.0388,3.8775,2.55098684210526,2024-09-03 20:56:48,14,"Gabby Williams","Loss",0.2441,-0.2441,0.16059210526315,-0.16059210526315,"FPTS Team_Gabby Williams_2024-09-03"
2024-09-03,"FanDuel","SEA @ CON",1022400195,"FPTS Team","First Points","Player","Team","Home/Away","Favorite/Underdog",0.1654,505,0.1,900,0.0654,0.0363,3.6334,2.39039473684211,2024-09-03 19:56:45,12,"Gabby Williams","Loss",0.2727,-0.2727,0.17940789473685,-0.17940789473685,"FPTS Team_Gabby Williams_2024-09-03"
2024-09-03,"FanDuel","SEA @ CON",1022400195,"FPTS Team","First Points","Player","Team","Home/Away","Favorite/Underdog",0.1654,505,0.1053,850,0.0601,0.0336,3.3607,2.21098684210526,2024-09-03 16:56:48,6,"Gabby Williams","Loss",1.052,-1.052,0.69210526315789,-0.69210526315789,"FPTS Team_Gabby Williams_2024-09-03"
2024-09-03,"FanDuel","SEA @ CON",1022400195,"FPTS Team","First Points","Player","Team","Home/Away","Favorite/Underdog",0.1654,505,0.125,700,0.0404,0.0231,2.3087,1.51888157894737,2024-09-03 14:26:45,1,"Gabby Williams","Loss",2.3087,-2.3087,1.51888157894737,-1.51888157894737,"FPTS Team_Gabby Williams_2024-09-03"
2024-09-03,"FanDuel","SEA @ CON",1022400195,"FPTS Team","First Points","Player","Team","Home/Away","Favorite/Underdog",0.2249,345,0.1695,490,0.0554,0.0334,3.3351,2.19414473684211,2024-09-03 12:26:43,1,"Jewell Loyd","Loss",3.3351,-3.3351,2.19414473684211,-2.19414473684211,"FPTS Team_Jewell Loyd_2024-09-03"
2024-09-03,"FanDuel","SEA @ CON",1022400195,"FPTS Team","First Points","Player","Team","Home/Away","Favorite/Underdog",0.2242,346,0.1667,500,0.0576,0.0345,3.4537,2.27217105263158,2024-09-03 16:56:48,10,"Jewell Loyd","Loss",0.1186,-0.1186,0.0780263157894701,-0.0780263157894701,"FPTS Team_Jewell Loyd_2024-09-03"
2024-09-03,"FanDuel","SEA @ CON",1022400195,"FPTS Team","First Points","Player","Team","Home/Away","Favorite/Underdog",0.1571,536,0.1429,600,0.0143,0.0083,0.8337,0.548486842105263,2024-09-03 12:26:43,1,"Tyasha Harris","Loss",0.8337,-0.8337,0.548486842105263,-0.548486842105263,"FPTS Team_Tyasha Harris_2024-09-03"
2024-09-03,"FanDuel","WAS @ DAL",1022400196,"FPTS","First Points","Player","Game","Home/Away","Favorite/Underdog",0.1082,824,0.0667,1400,0.0416,0.0223,2.2273,2.34452631578947,2024-09-03 20:26:45,17,"Aaliyah Edwards","Loss",0.245,-0.245,0.2578947368421,-0.2578947368421,"FPTS_Aaliyah Edwards_2024-09-03"
2024-09-03,"FanDuel","WAS @ DAL",1022400196,"FPTS","First Points","Player","Game","Home/Away","Favorite/Underdog",0.1082,824,0.0714,1300,0.0368,0.0198,1.9823,2.08663157894737,2024-09-03 14:26:45,5,"Aaliyah Edwards","Loss",1.9823,-1.9823,2.08663157894737,-2.08663157894737,"FPTS_Aaliyah Edwards_2024-09-03"
2024-09-03,"Draft Kings","WAS @ DAL",1022400196,"FPTS","First FGM","Player","Game","Home/Away","Favorite/Underdog",0.0779,1184,0.0625,1500,0.0154,0.0082,0.8193,0.862421052631579,2024-09-03 14:26:45,1,"Julie Vanloo","Loss",0.8193,-0.8193,0.862421052631579,-0.862421052631579,"FPTS_Julie Vanloo_2024-09-03"
2024-09-03,"FanDuel","WAS @ DAL",1022400196,"FPTS Exact","First Points","Player","Exact","Home/Away","Favorite/Underdog",0.0319,3030,0.0204,4800,0.0115,0.0059,0.589,0.72716049382716,2024-09-03 20:26:45,6,"Aaliyah Edwards_other_fg","Loss",0.0215,-0.0215,0.026543209876543,-0.026543209876543,"FPTS Exact_Aaliyah Edwards_other_fg_2024-09-03"
2024-09-03,"FanDuel","WAS @ DAL",1022400196,"FPTS Exact","First Points","Player","Exact","Home/Away","Favorite/Underdog",0.0319,3030,0.0208,4700,0.0111,0.0057,0.5675,0.700617283950617,2024-09-03 15:56:42,4,"Aaliyah Edwards_other_fg","Loss",0.0224,-0.0224,0.027654320987654,-0.027654320987654,"FPTS Exact_Aaliyah Edwards_other_fg_2024-09-03"
2024-09-03,"FanDuel","WAS @ DAL",1022400196,"FPTS Exact","First Points","Player","Exact","Home/Away","Favorite/Underdog",0.0319,3030,0.0213,4600,0.0107,0.0055,0.5451,0.672962962962963,2024-09-03 14:56:44,2,"Aaliyah Edwards_other_fg","Loss",0.5451,-0.5451,0.672962962962963,-0.672962962962963,"FPTS Exact_Aaliyah Edwards_other_fg_2024-09-03"
2024-09-03,"FanDuel","WAS @ DAL",1022400196,"FPTS Exact","First Points","Player","Exact","Home/Away","Favorite/Underdog",0.03,3237,0.02,4900,0.01,0.0051,0.5087,0.628024691358025,2024-09-03 14:56:44,1,"Ariel Atkins_layup","Loss",0.5087,-0.5087,0.628024691358025,-0.628024691358025,"FPTS Exact_Ariel Atkins_layup_2024-09-03"
2024-09-03,"FanDuel","WAS @ DAL",1022400196,"FPTS Exact","First Points","Player","Exact","Home/Away","Favorite/Underdog",0.03,3237,0.0196,5000,0.0104,0.0053,0.5285,0.652469135802469,2024-09-03 20:56:48,4,"Ariel Atkins_layup","Loss",0.0197999999999999,-0.0197999999999999,0.024444444444444,-0.024444444444444,"FPTS Exact_Ariel Atkins_layup_2024-09-03"
2024-09-03,"FanDuel","WAS @ DAL",1022400196,"FPTS Team","First Points","Player","Team","Home/Away","Favorite/Underdog",0.2301,335,0.1695,490,0.0607,0.0365,3.6518,2.4025,2024-09-03 20:26:45,17,"Aaliyah Edwards","Loss",0.1636,-0.1636,0.10763157894737,-0.10763157894737,"FPTS Team_Aaliyah Edwards_2024-09-03"
2024-09-03,"FanDuel","WAS @ DAL",1022400196,"FPTS Team","First Points","Player","Team","Home/Away","Favorite/Underdog",0.2301,335,0.1724,480,0.0577,0.0349,3.4882,2.29486842105263,2024-09-03 15:56:42,8,"Aaliyah Edwards","Loss",3.4442,-3.4442,2.26592105263158,-2.26592105263158,"FPTS Team_Aaliyah Edwards_2024-09-03"
2024-09-03,"FanDuel","WAS @ DAL",1022400196,"FPTS Team","First Points","Player","Team","Home/Away","Favorite/Underdog",0.2301,335,0.1754,470,0.0547,0.0332,3.3176,2.18263157894737,2024-09-03 14:56:44,6,"Aaliyah Edwards","Loss",0.044,-0.044,0.0289473684210497,-0.0289473684210497,"FPTS Team_Aaliyah Edwards_2024-09-03"
2024-09-03,"FanDuel","WAS @ DAL",1022400196,"FPTS Team","First Points","Player","Team","Home/Away","Favorite/Underdog",0.1745,473,0.1538,550,0.0206,0.0122,1.2182,0.801447368421053,2024-09-03 12:26:43,1,"Arike Ogunbowale","Loss",1.2182,-1.2182,0.801447368421053,-0.801447368421053,"FPTS Team_Arike Ogunbowale_2024-09-03"
2024-09-03,"FanDuel","WAS @ DAL",1022400196,"FPTS Team","First Points","Player","Team","Home/Away","Favorite/Underdog",0.1251,699,0.0952,950,0.0298,0.0165,1.6493,1.08506578947368,2024-09-03 22:56:43,1,"Jacy Sheldon","Win",1.6493,15.66835,1.08506578947368,10.308125,"FPTS Team_Jacy Sheldon_2024-09-03"
2024-09-03,"FanDuel","WAS @ DAL",1022400196,"FTTS","First Points","Team","Quarter","Home/Away","Favorite/Underdog",0.4703,113,0.4255,135,0.0448,0.039,1.949,1.42262773722628,2024-09-03 12:26:43,1,"1Q_WAS","Win",1.949,2.63115,1.42262773722628,1.92054744525548,"FTTS_1Q_WAS_2024-09-03"
2024-09-03,"FanDuel","WAS @ DAL",1022400196,"FTTS","First Points","Team","Quarter","Home/Away","Favorite/Underdog",0.4703,113,0.4167,140,0.0537,0.046,2.2993,1.67832116788321,2024-09-03 14:56:44,6,"1Q_WAS","Win",0.3503,0.49042,0.25569343065693,0.357970802919702,"FTTS_1Q_WAS_2024-09-03"
2024-09-04,"Draft Kings","LAS @ IND",1022400199,"FPTS","First FGM","Player","Game","Home/Away","Favorite/Underdog",0.1094,814,0.0952,950,0.0141,0.0078,0.7819,0.823052631578947,2024-09-04 12:26:53,1,"Azurá Stevens","Loss",0.7819,-0.7819,0.823052631578947,-0.823052631578947,"FPTS_Azurá Stevens_2024-09-04"
2024-09-04,"FanDuel","LAS @ IND",1022400199,"FPTS","First Points","Player","Game","Home/Away","Favorite/Underdog",0.1123,790,0.0909,1000,0.0214,0.0118,1.1771,1.23905263157895,2024-09-04 14:26:33,5,"Azurá Stevens","Loss",0.2336,-0.2336,0.245894736842108,-0.245894736842108,"FPTS_Azurá Stevens_2024-09-04"
2024-09-04,"FanDuel","LAS @ IND",1022400199,"FPTS","First Points","Player","Game","Home/Away","Favorite/Underdog",0.1123,790,0.0952,950,0.0171,0.0094,0.9435,0.993157894736842,2024-09-04 13:26:34,3,"Azurá Stevens","Loss",0.1616,-0.1616,0.170105263157895,-0.170105263157895,"FPTS_Azurá Stevens_2024-09-04"
2024-09-04,"FanDuel","LAS @ IND",1022400199,"FPTS","First Points","Player","Game","Home/Away","Favorite/Underdog",0.0939,965,0.0833,1100,0.0106,0.0058,0.5763,0.606631578947369,2024-09-04 14:56:32,1,"Kelsey Mitchell","Win",0.5763,6.3393,0.606631578947369,6.67294736842106,"FPTS_Kelsey Mitchell_2024-09-04"
2024-09-04,"FanDuel","LAS @ IND",1022400199,"FPTS","First Points","Player","Game","Home/Away","Favorite/Underdog",0.0939,965,0.0769,1200,0.017,0.0092,0.9195,0.967894736842105,2024-09-04 20:26:40,12,"Kelsey Mitchell","Win",0.3432,4.1184,0.361263157894736,4.33515789473683,"FPTS_Kelsey Mitchell_2024-09-04"
2024-09-04,"FanDuel","LAS @ IND",1022400199,"FPTS","First Points","Player","Game","Home/Away","Favorite/Underdog",0.0759,1218,0.0556,1700,0.0203,0.0108,1.0755,1.13210526315789,2024-09-04 22:26:36,1,"Lexie Hull","Loss",1.0755,-1.0755,1.13210526315789,-1.13210526315789,"FPTS_Lexie Hull_2024-09-04"
2024-09-04,"FanDuel","LAS @ IND",1022400199,"FPTS","First Points","Player","Game","Home/Away","Favorite/Underdog",0.1154,767,0.0952,950,0.0201,0.0111,1.1132,1.17178947368421,2024-09-04 22:26:36,1,"NaLyssa Smith","Loss",1.1132,-1.1132,1.17178947368421,-1.17178947368421,"FPTS_NaLyssa Smith_2024-09-04"
2024-09-04,"FanDuel","LAS @ IND",1022400199,"FPTS","First Points","Player","Game","Home/Away","Favorite/Underdog",0.0847,1080,0.0556,1700,0.0292,0.0154,1.5443,1.62557894736842,2024-09-04 12:26:53,1,"Odyssey Sims","Loss",1.5443,-1.5443,1.62557894736842,-1.62557894736842,"FPTS_Odyssey Sims_2024-09-04"
2024-09-04,"FanDuel","LAS @ IND",1022400199,"FPTS","First Points","Player","Game","Home/Away","Favorite/Underdog",0.0847,1080,0.0526,1800,0.0321,0.0169,1.6939,1.78305263157895,2024-09-04 13:26:34,3,"Odyssey Sims","Loss",0.1496,-0.1496,0.15747368421053,-0.15747368421053,"FPTS_Odyssey Sims_2024-09-04"
2024-09-04,"BetRivers","LAS @ IND",1022400199,"FPTS","First FGM","Player","Game","Home/Away","Favorite/Underdog",0.0834,1098,0.0667,1400,0.0168,0.009,0.899,0.946315789473684,2024-09-04 12:26:53,1,"Stephanie Talbot","Loss",0.899,-0.899,0.946315789473684,-0.946315789473684,"FPTS_Stephanie Talbot_2024-09-04"
2024-09-04,"FanDuel","LAS @ IND",1022400199,"FPTS","First Points","Player","Game","Home/Away","Favorite/Underdog",0.0791,1164,0.0588,1600,0.0203,0.0108,1.0779,1.13463157894737,2024-09-04 21:56:39,20,"Stephanie Talbot","Loss",0.1789,-0.1789,0.188315789473686,-0.188315789473686,"FPTS_Stephanie Talbot_2024-09-04"
2024-09-04,"FanDuel","LAS @ IND",1022400199,"FPTS Exact","First Points","Player","Exact","Home/Away","Favorite/Underdog",0.0363,2656,0.0244,4000,0.0119,0.0061,0.6096,0.752592592592593,2024-09-04 21:26:38,18,"Kelsey Mitchell_layup","Win",0.0309,1.236,0.038148148148149,1.52592592592596,"FPTS Exact_Kelsey Mitchell_layup_2024-09-04"
2024-09-04,"FanDuel","LAS @ IND",1022400199,"FPTS Exact","First Points","Player","Exact","Home/Away","Favorite/Underdog",0.0363,2656,0.025,3900,0.0113,0.0058,0.5787,0.714444444444444,2024-09-04 14:26:33,5,"Kelsey Mitchell_layup","Win",0.0667,2.6013,0.082345679012345,3.21148148148146,"FPTS Exact_Kelsey Mitchell_layup_2024-09-04"
2024-09-04,"FanDuel","LAS @ IND",1022400199,"FPTS Exact","First Points","Player","Exact","Home/Away","Favorite/Underdog",0.0363,2656,0.0263,3700,0.01,0.0051,0.512,0.632098765432099,2024-09-04 12:26:53,1,"Kelsey Mitchell_layup","Win",0.512,18.944,0.632098765432099,23.3876543209877,"FPTS Exact_Kelsey Mitchell_layup_2024-09-04"
2024-09-04,"FanDuel","LAS @ IND",1022400199,"FPTS Team","First Points","Player","Team","Home/Away","Favorite/Underdog",0.2172,360,0.1961,410,0.0211,0.0131,1.314,0.864473684210526,2024-09-04 12:26:53,1,"Azurá Stevens","Loss",1.314,-1.314,0.864473684210526,-0.864473684210526,"FPTS Team_Azurá Stevens_2024-09-04"
2024-09-04,"FanDuel","LAS @ IND",1022400199,"FPTS Team","First Points","Player","Team","Home/Away","Favorite/Underdog",0.2172,360,0.1852,440,0.032,0.0196,1.9649,1.29269736842105,2024-09-04 13:26:34,3,"Azurá Stevens","Loss",0.6509,-0.6509,0.428223684210524,-0.428223684210524,"FPTS Team_Azurá Stevens_2024-09-04"
2024-09-04,"FanDuel","LAS @ IND",1022400199,"FPTS Team","First Points","Player","Team","Home/Away","Favorite/Underdog",0.1944,414,0.1538,550,0.0406,0.024,2.3985,1.57796052631579,2024-09-04 14:26:33,5,"Kelsey Mitchell","Win",0.7324,4.0282,0.48184210526316,2.65013157894738,"FPTS Team_Kelsey Mitchell_2024-09-04"
2024-09-04,"FanDuel","LAS @ IND",1022400199,"FPTS Team","First Points","Player","Team","Home/Away","Favorite/Underdog",0.1944,414,0.1667,500,0.0278,0.0167,1.6661,1.09611842105263,2024-09-04 12:26:53,1,"Kelsey Mitchell","Win",1.6661,8.3305,1.09611842105263,5.48059210526315,"FPTS Team_Kelsey Mitchell_2024-09-04"
2024-09-04,"MGM","LAS @ IND",1022400199,"FPTS Team","First FGM","Player","Team","Home/Away","Favorite/Underdog",0.2028,393,0.1538,550,0.0489,0.0289,2.8923,1.90282894736842,2024-09-04 19:26:38,15,"Kelsey Mitchell","Win",0.4938,2.7159,0.32486842105263,1.78677631578946,"FPTS Team_Kelsey Mitchell_2024-09-04"
2024-09-04,"FanDuel","LAS @ IND",1022400199,"FPTS Team","First Points","Player","Team","Home/Away","Favorite/Underdog",0.1571,537,0.1,900,0.0571,0.0317,3.1724,2.08710526315789,2024-09-04 22:56:40,22,"Lexie Hull","Loss",0.2755,-0.2755,0.18125,-0.18125,"FPTS Team_Lexie Hull_2024-09-04"
2024-09-04,"FanDuel","LAS @ IND",1022400199,"FPTS Team","First Points","Player","Team","Home/Away","Favorite/Underdog",0.1571,537,0.1053,850,0.0518,0.029,2.8969,1.90585526315789,2024-09-04 22:26:36,21,"Lexie Hull","Loss",1.5256,-1.5256,1.00368421052631,-1.00368421052631,"FPTS Team_Lexie Hull_2024-09-04"
2024-09-04,"FanDuel","LAS @ IND",1022400199,"FPTS Team","First Points","Player","Team","Home/Away","Favorite/Underdog",0.1571,537,0.1333,650,0.0238,0.0137,1.3713,0.902171052631579,2024-09-04 12:26:53,1,"Lexie Hull","Loss",1.3713,-1.3713,0.902171052631579,-0.902171052631579,"FPTS Team_Lexie Hull_2024-09-04"
2024-09-04,"FanDuel","LAS @ IND",1022400199,"FPTS Team","First Points","Player","Team","Home/Away","Favorite/Underdog",0.2389,319,0.1818,450,0.0571,0.0349,3.4895,2.29572368421053,2024-09-04 22:26:36,1,"NaLyssa Smith","Loss",3.4895,-3.4895,2.29572368421053,-2.29572368421053,"FPTS Team_NaLyssa Smith_2024-09-04"
2024-09-04,"MGM","LAS @ IND",1022400199,"FPTS Team","First FGM","Player","Team","Home/Away","Favorite/Underdog",0.1744,473,0.1429,600,0.0316,0.0184,1.8414,1.21144736842105,2024-09-04 19:26:38,1,"Odyssey Sims","Loss",1.8414,-1.8414,1.21144736842105,-1.21144736842105,"FPTS Team_Odyssey Sims_2024-09-04"
2024-09-04,"FanDuel","LAS @ IND",1022400199,"FPTS Team","First Points","Player","Team","Home/Away","Favorite/Underdog",0.153,554,0.125,700,0.028,0.016,1.6002,1.05276315789474,2024-09-04 12:26:53,1,"Stephanie Talbot","Loss",1.6002,-1.6002,1.05276315789474,-1.05276315789474,"FPTS Team_Stephanie Talbot_2024-09-04"
2024-09-04,"FanDuel","LAS @ IND",1022400199,"FPTS Team","First Points","Player","Team","Home/Away","Favorite/Underdog",0.153,554,0.1176,750,0.0354,0.02,2.0035,1.31809210526316,2024-09-04 21:26:38,19,"Stephanie Talbot","Loss",0.4033,-0.4033,0.26532894736842,-0.26532894736842,"FPTS Team_Stephanie Talbot_2024-09-04"
2024-09-04,"BetRivers","LAS @ IND",1022400199,"FTTS","First Points","Team","Quarter","Home/Away","Favorite/Underdog",0.5171,-107,0.5,100,0.0171,0.0171,0.8534,0.622919708029197,2024-09-04 12:26:53,1,"1Q_LAS","Loss",0.8534,-0.8534,0.622919708029197,-0.622919708029197,"FTTS_1Q_LAS_2024-09-04"
2024-09-05,"FanDuel","SEA @ NYL",1022400200,"FPTS","First Points","Player","Game","Home/Away","Favorite/Underdog",0.1548,546,0.1429,600,0.012,0.007,0.699,0.735789473684211,2024-09-05 17:26:53,1,"Breanna Stewart","Loss",0.699,-0.699,0.735789473684211,-0.735789473684211,"FPTS_Breanna Stewart_2024-09-05"
2024-09-05,"Draft Kings","SEA @ NYL",1022400200,"FPTS","First FGM","Player","Game","Home/Away","Favorite/Underdog",0.0855,1070,0.0714,1300,0.014,0.0076,0.7554,0.795157894736842,2024-09-05 12:27:13,1,"Courtney Vandersloot","Loss",0.7554,-0.7554,0.795157894736842,-0.795157894736842,"FPTS_Courtney Vandersloot_2024-09-05"
2024-09-05,"Draft Kings","SEA @ NYL",1022400200,"FPTS","First FGM","Player","Game","Home/Away","Favorite/Underdog",0.0833,1100,0.0625,1500,0.0208,0.0111,1.1109,1.16936842105263,2024-09-05 12:27:13,1,"Gabby Williams","Loss",1.1109,-1.1109,1.16936842105263,-1.16936842105263,"FPTS_Gabby Williams_2024-09-05"
2024-09-05,"MGM","SEA @ NYL",1022400200,"FPTS","First FGM","Player","Game","Home/Away","Favorite/Underdog",0.0833,1100,0.0556,1700,0.0278,0.0147,1.4703,1.54768421052632,2024-09-05 13:26:51,3,"Gabby Williams","Loss",0.3594,-0.3594,0.37831578947369,-0.37831578947369,"FPTS_Gabby Williams_2024-09-05"
2024-09-05,"FanDuel","SEA @ NYL",1022400200,"FPTS","First Points","Player","Game","Home/Away","Favorite/Underdog",0.1061,843,0.0714,1300,0.0346,0.0186,1.8649,1.96305263157895,2024-09-05 12:27:13,1,"Jewell Loyd","Loss",1.8649,-1.8649,1.96305263157895,-1.96305263157895,"FPTS_Jewell Loyd_2024-09-05"
2024-09-05,"FanDuel","SEA @ NYL",1022400200,"FPTS","First Points","Player","Game","Home/Away","Favorite/Underdog",0.0863,1059,0.0714,1300,0.0149,0.008,0.8012,0.843368421052632,2024-09-05 12:27:13,1,"Skylar Diggins-Smith","Win",0.8012,10.4156,0.843368421052632,10.9637894736842,"FPTS_Skylar Diggins-Smith_2024-09-05"
2024-09-05,"FanDuel","SEA @ NYL",1022400200,"FPTS","First Points","Player","Game","Home/Away","Favorite/Underdog",0.0863,1059,0.0625,1500,0.0238,0.0127,1.2698,1.33663157894737,2024-09-05 12:56:55,2,"Skylar Diggins-Smith","Win",0.4686,7.029,0.493263157894738,7.39894736842107,"FPTS_Skylar Diggins-Smith_2024-09-05"
2024-09-05,"FanDuel","SEA @ NYL",1022400200,"FPTS Exact","First Points","Player","Exact","Home/Away","Favorite/Underdog",0.0342,2824,0.0208,4700,0.0134,0.0068,0.6826,0.842716049382716,2024-09-05 12:27:13,1,"Jewell Loyd_layup","Loss",0.6826,-0.6826,0.842716049382716,-0.842716049382716,"FPTS Exact_Jewell Loyd_layup_2024-09-05"
2024-09-05,"FanDuel","SEA @ NYL",1022400200,"FPTS Exact","First Points","Player","Exact","Home/Away","Favorite/Underdog",0.0342,2824,0.0196,5000,0.0146,0.0074,0.7443,0.918888888888889,2024-09-05 22:56:51,22,"Jewell Loyd_layup","Loss",0.0617,-0.0617,0.0761728395061729,-0.0761728395061729,"FPTS Exact_Jewell Loyd_layup_2024-09-05"
2024-09-05,"FanDuel","SEA @ NYL",1022400200,"FPTS Exact","First Points","Player","Exact","Home/Away","Favorite/Underdog",0.0367,2623,0.0244,4000,0.0123,0.0063,0.6324,0.780740740740741,2024-09-05 22:56:51,1,"Jewell Loyd_other_fg","Loss",0.6324,-0.6324,0.780740740740741,-0.780740740740741,"FPTS Exact_Jewell Loyd_other_fg_2024-09-05"
2024-09-05,"FanDuel","SEA @ NYL",1022400200,"FPTS Exact","First Points","Player","Exact","Home/Away","Favorite/Underdog",0.0354,2722,0.025,3900,0.0104,0.0053,0.5349,0.66037037037037,2024-09-05 12:27:13,1,"Sabrina Ionescu_layup","Loss",0.5349,-0.5349,0.66037037037037,-0.66037037037037,"FPTS Exact_Sabrina Ionescu_layup_2024-09-05"
2024-09-05,"FanDuel","SEA @ NYL",1022400200,"FPTS Exact","First Points","Player","Exact","Home/Away","Favorite/Underdog",0.0354,2722,0.0244,4000,0.011,0.0057,0.5658,0.698518518518518,2024-09-05 15:56:54,4,"Sabrina Ionescu_layup","Loss",0.0308999999999999,-0.0308999999999999,0.0381481481481479,-0.0381481481481479,"FPTS Exact_Sabrina Ionescu_layup_2024-09-05"
2024-09-05,"FanDuel","SEA @ NYL",1022400200,"FPTS Team","First Points","Player","Team","Home/Away","Favorite/Underdog",0.2896,245,0.2632,280,0.0264,0.0179,1.7918,1.17881578947368,2024-09-05 12:27:13,1,"Breanna Stewart","Loss",1.7918,-1.7918,1.17881578947368,-1.17881578947368,"FPTS Team_Breanna Stewart_2024-09-05"
2024-09-05,"FanDuel","SEA @ NYL",1022400200,"FPTS Team","First Points","Player","Team","Home/Away","Favorite/Underdog",0.1474,579,0.125,700,0.0224,0.0128,1.2784,0.841052631578947,2024-09-05 12:27:13,1,"Courtney Vandersloot","Loss",1.2784,-1.2784,0.841052631578947,-0.841052631578947,"FPTS Team_Courtney Vandersloot_2024-09-05"
2024-09-05,"FanDuel","SEA @ NYL",1022400200,"FPTS Team","First Points","Player","Team","Home/Away","Favorite/Underdog",0.1474,579,0.1176,750,0.0297,0.0168,1.6844,1.10815789473684,2024-09-05 22:26:56,21,"Courtney Vandersloot","Loss",0.406,-0.406,0.267105263157893,-0.267105263157893,"FPTS Team_Courtney Vandersloot_2024-09-05"
2024-09-05,"FanDuel","SEA @ NYL",1022400200,"FPTS Team","First Points","Player","Team","Home/Away","Favorite/Underdog",0.1685,493,0.1111,800,0.0574,0.0323,3.2301,2.12506578947368,2024-09-05 22:56:51,22,"Gabby Williams","Loss",1.1992,-1.1992,0.78894736842105,-0.78894736842105,"FPTS Team_Gabby Williams_2024-09-05"
2024-09-05,"FanDuel","SEA @ NYL",1022400200,"FPTS Team","First Points","Player","Team","Home/Away","Favorite/Underdog",0.1685,493,0.1333,650,0.0352,0.0203,2.0309,1.33611842105263,2024-09-05 13:26:51,3,"Gabby Williams","Loss",0.533,-0.533,0.35065789473684,-0.35065789473684,"FPTS Team_Gabby Williams_2024-09-05"
2024-09-05,"FanDuel","SEA @ NYL",1022400200,"FPTS Team","First Points","Player","Team","Home/Away","Favorite/Underdog",0.1685,493,0.1429,600,0.0257,0.015,1.4979,0.98546052631579,2024-09-05 12:56:55,2,"Gabby Williams","Loss",0.6299,-0.6299,0.414407894736843,-0.414407894736843,"FPTS Team_Gabby Williams_2024-09-05"
2024-09-05,"FanDuel","SEA @ NYL",1022400200,"FPTS Team","First Points","Player","Team","Home/Away","Favorite/Underdog",0.1685,493,0.1538,550,0.0147,0.0087,0.868,0.571052631578947,2024-09-05 12:27:13,1,"Gabby Williams","Loss",0.868,-0.868,0.571052631578947,-0.571052631578947,"FPTS Team_Gabby Williams_2024-09-05"
2024-09-05,"FanDuel","SEA @ NYL",1022400200,"FPTS Team","First Points","Player","Team","Home/Away","Favorite/Underdog",0.228,339,0.1538,550,0.0741,0.0438,4.3797,2.88138157894737,2024-09-05 12:27:13,1,"Jewell Loyd","Loss",4.3797,-4.3797,2.88138157894737,-2.88138157894737,"FPTS Team_Jewell Loyd_2024-09-05"
2024-09-05,"FanDuel","SEA @ NYL",1022400200,"FPTS Team","First Points","Player","Team","Home/Away","Favorite/Underdog",0.1855,439,0.1538,550,0.0317,0.0187,1.8707,1.23072368421053,2024-09-05 12:27:13,1,"Skylar Diggins-Smith","Win",1.8707,10.28885,1.23072368421053,6.76898026315792,"FPTS Team_Skylar Diggins-Smith_2024-09-05"
2024-09-05,"FanDuel","SEA @ NYL",1022400200,"FPTS Team","First Points","Player","Team","Home/Away","Favorite/Underdog",0.1855,439,0.1429,600,0.0426,0.0249,2.4877,1.63664473684211,2024-09-05 12:56:55,2,"Skylar Diggins-Smith","Win",0.617,3.702,0.40592105263158,2.43552631578948,"FPTS Team_Skylar Diggins-Smith_2024-09-05"
2024-09-05,"FanDuel","WAS @ PHO",1022400201,"FPTS","First Points","Player","Game","Home/Away","Favorite/Underdog",0.0977,924,0.0833,1100,0.0143,0.0078,0.7825,0.823684210526316,2024-09-05 14:56:50,1,"Aaliyah Edwards","Loss",0.7825,-0.7825,0.823684210526316,-0.823684210526316,"FPTS_Aaliyah Edwards_2024-09-05"
2024-09-05,"Draft Kings","WAS @ PHO",1022400201,"FPTS","First FGM","Player","Game","Home/Away","Favorite/Underdog",0.0743,1245,0.0625,1500,0.0118,0.0063,0.6311,0.664315789473684,2024-09-05 14:56:50,1,"Julie Vanloo","Loss",0.6311,-0.6311,0.664315789473684,-0.664315789473684,"FPTS_Julie Vanloo_2024-09-05"
2024-09-05,"BetRivers","WAS @ PHO",1022400201,"FPTS","First FGM","Player","Game","Home/Away","Favorite/Underdog",0.0902,1009,0.0769,1200,0.0132,0.0072,0.7174,0.755157894736842,2024-09-06 01:56:48,8,"Natasha Cloud","Loss",0.1306,-0.1306,0.137473684210526,-0.137473684210526,"FPTS_Natasha Cloud_2024-09-05"
2024-09-05,"FanDuel","WAS @ PHO",1022400201,"FPTS","First Points","Player","Game","Home/Away","Favorite/Underdog",0.0823,1115,0.0714,1300,0.0109,0.0059,0.5868,0.617684210526316,2024-09-05 14:56:50,5,"Natasha Cloud","Loss",0.5868,-0.5868,0.617684210526316,-0.617684210526316,"FPTS_Natasha Cloud_2024-09-05"
2024-09-05,"FanDuel","WAS @ PHO",1022400201,"FPTS Exact","First Points","Player","Exact","Home/Away","Favorite/Underdog",0.0315,3074,0.0196,5000,0.0119,0.0061,0.6066,0.748888888888889,2024-09-06 01:56:48,13,"Diana Taurasi_layup","Loss",0.6066,-0.6066,0.748888888888889,-0.748888888888889,"FPTS Exact_Diana Taurasi_layup_2024-09-05"
2024-09-05,"FanDuel","WAS @ PHO",1022400201,"FPTS Team","First Points","Player","Team","Home/Away","Favorite/Underdog",0.1605,523,0.1429,600,0.0176,0.0103,1.0281,0.676381578947368,2024-09-05 19:26:50,1,"Diana Taurasi","Win",1.0281,6.1686,0.676381578947368,4.05828947368421,"FPTS Team_Diana Taurasi_2024-09-05"
2024-09-05,"FanDuel","WAS @ PHO",1022400201,"FPTS Team","First Points","Player","Team","Home/Away","Favorite/Underdog",0.1605,523,0.1333,650,0.0271,0.0157,1.5663,1.03046052631579,2024-09-06 00:56:50,5,"Diana Taurasi","Win",0.5382,3.4983,0.354078947368422,2.30151315789474,"FPTS Team_Diana Taurasi_2024-09-05"
2024-09-05,"MGM","WAS @ PHO",1022400201,"FPTS Team","First FGM","Player","Team","Home/Away","Favorite/Underdog",0.1657,503,0.1538,550,0.0119,0.007,0.7019,0.461776315789474,2024-09-05 14:56:50,1,"Julie Vanloo","Loss",0.7019,-0.7019,0.461776315789474,-0.461776315789474,"FPTS Team_Julie Vanloo_2024-09-05"
2024-09-05,"FanDuel","WAS @ PHO",1022400201,"FPTS Team","First Points","Player","Team","Home/Away","Favorite/Underdog",0.1469,581,0.1111,800,0.0358,0.0202,2.0155,1.32598684210526,2024-09-05 12:27:13,1,"Natasha Cloud","Loss",2.0155,-2.0155,1.32598684210526,-1.32598684210526,"FPTS Team_Natasha Cloud_2024-09-05"
2024-09-05,"MGM","WAS @ PHO",1022400201,"FPTS Team","First FGM","Player","Team","Home/Away","Favorite/Underdog",0.1635,512,0.1176,750,0.0459,0.026,2.5985,1.70953947368421,2024-09-06 01:56:48,28,"Natasha Cloud","Loss",0.583,-0.583,0.38355263157895,-0.38355263157895,"FPTS Team_Natasha Cloud_2024-09-05"
2024-09-05,"BetRivers","WAS @ PHO",1022400201,"FTTS","First Points","Team","Quarter","Home/Away","Favorite/Underdog",0.446,124,0.4348,130,0.0112,0.0099,0.4955,0.361678832116788,2024-09-05 12:27:13,1,"1Q_WAS","Loss",0.24775,-0.24775,0.180839416058394,-0.180839416058394,"FTTS_1Q_WAS_2024-09-05"
2024-09-05,"FanDuel","WAS @ PHO",1022400201,"FTTS","First Points","Team","Quarter","Home/Away","Favorite/Underdog",0.4397,127,0.4167,140,0.0231,0.0198,0.9886,0.721605839416058,2024-09-05 18:56:57,14,"1Q_WAS","Loss",0.0985,-0.0985,0.071897810218978,-0.071897810218978,"FTTS_1Q_WAS_2024-09-05"
2024-09-05,"FanDuel","WAS @ PHO",1022400201,"FTTS","First Points","Team","Quarter","Home/Away","Favorite/Underdog",0.446,124,0.4255,135,0.0205,0.0178,0.8901,0.64970802919708,2024-09-05 14:26:52,5,"1Q_WAS","Loss",0.3946,-0.3946,0.288029197080292,-0.288029197080292,"FTTS_1Q_WAS_2024-09-05"
2024-09-05,"FanDuel","WAS @ PHO",1022400201,"FTTS","First Points","Team","Quarter","Home/Away","Favorite/Underdog",0.446,124,0.4348,130,0.0112,0.0099,0.4955,0.361678832116788,2024-09-05 12:27:13,1,"1Q_WAS","Loss",0.24775,-0.24775,0.180839416058394,-0.180839416058394,"FTTS_1Q_WAS_2024-09-05"
2024-09-06,"Draft Kings","DAL @ ATL",1022400202,"FPTS","First FGM","Player","Game","Home/Away","Favorite/Underdog",0.0972,929,0.0769,1200,0.0202,0.011,1.0969,1.15463157894737,2024-09-06 12:27:04,1,"Arike Ogunbowale","Loss",1.0969,-1.0969,1.15463157894737,-1.15463157894737,"FPTS_Arike Ogunbowale_2024-09-06"
2024-09-06,"FanDuel","DAL @ ATL",1022400202,"FPTS","First Points","Player","Game","Home/Away","Favorite/Underdog",0.0742,1248,0.0588,1600,0.0154,0.0082,0.8172,0.86021052631579,2024-09-06 12:27:04,1,"Jacy Sheldon","Loss",0.8172,-0.8172,0.86021052631579,-0.86021052631579,"FPTS_Jacy Sheldon_2024-09-06"
2024-09-06,"FanDuel","DAL @ ATL",1022400202,"FPTS","First Points","Player","Game","Home/Away","Favorite/Underdog",0.0742,1248,0.0556,1700,0.0186,0.0099,0.9874,1.03936842105263,2024-09-06 12:56:43,2,"Jacy Sheldon","Loss",0.1702,-0.1702,0.17915789473684,-0.17915789473684,"FPTS_Jacy Sheldon_2024-09-06"
2024-09-06,"Draft Kings","DAL @ ATL",1022400202,"FPTS","First FGM","Player","Game","Home/Away","Favorite/Underdog",0.0731,1268,0.0625,1500,0.0106,0.0057,0.5659,0.595684210526316,2024-09-06 12:27:04,1,"Jordin Canada","Loss",0.5659,-0.5659,0.595684210526316,-0.595684210526316,"FPTS_Jordin Canada_2024-09-06"
2024-09-06,"BetRivers","DAL @ ATL",1022400202,"FPTS","First FGM","Player","Game","Home/Away","Favorite/Underdog",0.0783,1178,0.0667,1400,0.0116,0.0062,0.6215,0.65421052631579,2024-09-06 12:27:04,1,"Naz Hillmon","Loss",0.6215,-0.6215,0.65421052631579,-0.65421052631579,"FPTS_Naz Hillmon_2024-09-06"
2024-09-06,"FanDuel","DAL @ ATL",1022400202,"FPTS Exact","First Points","Player","Exact","Home/Away","Favorite/Underdog",0.0334,2898,0.0196,5000,0.0137,0.007,0.7012,0.865679012345679,2024-09-06 15:26:44,1,"Arike Ogunbowale_layup","Loss",0.7012,-0.7012,0.865679012345679,-0.865679012345679,"FPTS Exact_Arike Ogunbowale_layup_2024-09-06"
2024-09-06,"FanDuel","DAL @ ATL",1022400202,"FPTS Team","First Points","Player","Team","Home/Away","Favorite/Underdog",0.1743,474,0.1429,600,0.0315,0.0184,1.8358,1.20776315789474,2024-09-06 12:27:04,1,"Arike Ogunbowale","Loss",1.8358,-1.8358,1.20776315789474,-1.20776315789474,"FPTS Team_Arike Ogunbowale_2024-09-06"
2024-09-06,"MGM","DAL @ ATL",1022400202,"FPTS Team","First FGM","Player","Team","Home/Away","Favorite/Underdog",0.1761,468,0.1429,600,0.0332,0.0194,1.9373,1.27453947368421,2024-09-06 14:26:45,5,"Arike Ogunbowale","Loss",0.1015,-0.1015,0.0667763157894699,-0.0667763157894699,"FPTS Team_Arike Ogunbowale_2024-09-06"
2024-09-06,"FanDuel","DAL @ ATL",1022400202,"FPTS Team","First Points","Player","Team","Home/Away","Favorite/Underdog",0.1312,662,0.1053,850,0.026,0.0145,1.4514,0.954868421052632,2024-09-06 12:27:04,1,"Jacy Sheldon","Loss",1.4514,-1.4514,0.954868421052632,-0.954868421052632,"FPTS Team_Jacy Sheldon_2024-09-06"
2024-09-06,"FanDuel","DAL @ ATL",1022400202,"FPTS Team","First Points","Player","Team","Home/Away","Favorite/Underdog",0.1312,662,0.1,900,0.0312,0.0174,1.7353,1.14164473684211,2024-09-06 12:56:43,2,"Jacy Sheldon","Loss",0.2839,-0.2839,0.186776315789478,-0.186776315789478,"FPTS Team_Jacy Sheldon_2024-09-06"
2024-09-06,"FanDuel","DAL @ ATL",1022400202,"FPTS Team","First Points","Player","Team","Home/Away","Favorite/Underdog",0.1552,544,0.1429,600,0.0123,0.0072,0.7186,0.472763157894737,2024-09-06 12:56:43,1,"Jordin Canada","Loss",0.7186,-0.7186,0.472763157894737,-0.472763157894737,"FPTS Team_Jordin Canada_2024-09-06"
2024-09-06,"BetRivers","LAS @ CHI",1022400205,"FPTS","First FGM","Player","Game","Home/Away","Favorite/Underdog",0.0808,1137,0.0667,1400,0.0142,0.0076,0.7595,0.799473684210526,2024-09-06 12:27:04,1,"Lindsay Allen","Loss",0.7595,-0.7595,0.799473684210526,-0.799473684210526,"FPTS_Lindsay Allen_2024-09-06"
2024-09-06,"Draft Kings","LAS @ CHI",1022400205,"FPTS","First FGM","Player","Game","Home/Away","Favorite/Underdog",0.086,1063,0.0588,1600,0.0271,0.0144,1.4418,1.51768421052632,2024-09-06 12:27:04,1,"Odyssey Sims","Loss",1.4418,-1.4418,1.51768421052632,-1.51768421052632,"FPTS_Odyssey Sims_2024-09-06"
2024-09-06,"FanDuel","LAS @ CHI",1022400205,"FPTS Exact","First Points","Player","Exact","Home/Away","Favorite/Underdog",0.0361,2670,0.025,3900,0.0111,0.0057,0.5691,0.702592592592593,2024-09-06 12:27:04,1,"Dearica Hamby_other_fg","Loss",0.5691,-0.5691,0.702592592592593,-0.702592592592593,"FPTS Exact_Dearica Hamby_other_fg_2024-09-06"
2024-09-06,"FanDuel","LAS @ CHI",1022400205,"FPTS Exact","First Points","Player","Exact","Home/Away","Favorite/Underdog",0.0361,2670,0.0244,4000,0.0117,0.006,0.6,0.740740740740741,2024-09-06 12:56:43,2,"Dearica Hamby_other_fg","Loss",0.0308999999999999,-0.0308999999999999,0.038148148148148,-0.038148148148148,"FPTS Exact_Dearica Hamby_other_fg_2024-09-06"
2024-09-06,"FanDuel","LAS @ CHI",1022400205,"FPTS Team","First Points","Player","Team","Home/Away","Favorite/Underdog",0.2474,304,0.2083,380,0.039,0.0246,2.4647,1.62151315789474,2024-09-07 01:26:50,1,"Angel Reese","Win",2.4647,9.36586,1.62151315789474,6.16175000000001,"FPTS Team_Angel Reese_2024-09-06"
2024-09-06,"FanDuel","LAS @ CHI",1022400205,"FPTS Team","First Points","Player","Team","Home/Away","Favorite/Underdog",0.246,307,0.2273,340,0.0187,0.0121,1.2095,0.795723684210526,2024-09-06 12:27:04,1,"Chennedy Carter","Loss",1.2095,-1.2095,0.795723684210526,-0.795723684210526,"FPTS Team_Chennedy Carter_2024-09-06"
2024-09-06,"FanDuel","LAS @ CHI",1022400205,"FPTS Team","First Points","Player","Team","Home/Away","Favorite/Underdog",0.246,307,0.2128,370,0.0332,0.0211,2.1086,1.38723684210526,2024-09-06 20:56:48,17,"Chennedy Carter","Loss",0.8991,-0.8991,0.591513157894734,-0.591513157894734,"FPTS Team_Chennedy Carter_2024-09-06"
2024-09-06,"FanDuel","LAS @ CHI",1022400205,"FPTS Team","First Points","Player","Team","Home/Away","Favorite/Underdog",0.1449,590,0.125,700,0.0199,0.0114,1.1362,0.7475,2024-09-06 12:27:04,1,"Lindsay Allen","Loss",1.1362,-1.1362,0.7475,-0.7475,"FPTS Team_Lindsay Allen_2024-09-06"
2024-09-06,"MGM","LAS @ CHI",1022400205,"FPTS Team","First FGM","Player","Team","Home/Away","Favorite/Underdog",0.1573,536,0.125,700,0.0323,0.0184,1.8447,1.21361842105263,2024-09-06 14:26:45,5,"Lindsay Allen","Loss",0.7085,-0.7085,0.46611842105263,-0.46611842105263,"FPTS Team_Lindsay Allen_2024-09-06"
2024-09-06,"FanDuel","LAS @ CHI",1022400205,"FPTS Team","First Points","Player","Team","Home/Away","Favorite/Underdog",0.1656,504,0.125,700,0.0406,0.0232,2.3192,1.52578947368421,2024-09-06 12:56:43,2,"Odyssey Sims","Loss",0.4584,-0.4584,0.30157894736842,-0.30157894736842,"FPTS Team_Odyssey Sims_2024-09-06"
2024-09-06,"FanDuel","LAS @ CHI",1022400205,"FPTS Team","First Points","Player","Team","Home/Away","Favorite/Underdog",0.1656,504,0.1333,650,0.0323,0.0186,1.8608,1.22421052631579,2024-09-06 12:27:04,1,"Odyssey Sims","Loss",1.8608,-1.8608,1.22421052631579,-1.22421052631579,"FPTS Team_Odyssey Sims_2024-09-06"
2024-09-06,"MGM","LAS @ CHI",1022400205,"FPTS Team","First FGM","Player","Team","Home/Away","Favorite/Underdog",0.1769,465,0.1333,650,0.0435,0.0251,2.5125,1.65296052631579,2024-09-06 14:26:45,5,"Odyssey Sims","Loss",0.1933,-0.1933,0.12717105263158,-0.12717105263158,"FPTS Team_Odyssey Sims_2024-09-06"
2024-09-06,"FanDuel","LVA @ CON",1022400203,"FPTS","First Points","Player","Game","Home/Away","Favorite/Underdog",0.0977,924,0.0833,1100,0.0144,0.0078,0.7833,0.824526315789474,2024-09-06 13:56:45,1,"DiJonai Carrington","Loss",0.7833,-0.7833,0.824526315789474,-0.824526315789474,"FPTS_DiJonai Carrington_2024-09-06"
2024-09-06,"FanDuel","LVA @ CON",1022400203,"FPTS","First Points","Player","Game","Home/Away","Favorite/Underdog",0.0815,1127,0.0714,1300,0.01,0.0054,0.5409,0.569368421052632,2024-09-06 19:56:48,1,"Jackie Young","Loss",0.5409,-0.5409,0.569368421052632,-0.569368421052632,"FPTS_Jackie Young_2024-09-06"
2024-09-06,"FanDuel","LVA @ CON",1022400203,"FPTS","First Points","Player","Game","Home/Away","Favorite/Underdog",0.0776,1189,0.0625,1500,0.0151,0.008,0.8039,0.846210526315789,2024-09-06 23:26:50,1,"Megan Gustafson","Loss",0.8039,-0.8039,0.846210526315789,-0.846210526315789,"FPTS_Megan Gustafson_2024-09-06"
2024-09-06,"FanDuel","LVA @ CON",1022400203,"FPTS Team","First Points","Player","Team","Home/Away","Favorite/Underdog",0.2159,363,0.1724,480,0.0435,0.0263,2.6266,1.72802631578947,2024-09-06 13:56:45,4,"DiJonai Carrington","Loss",0.1738,-0.1738,0.11434210526315,-0.11434210526315,"FPTS Team_DiJonai Carrington_2024-09-06"
2024-09-06,"FanDuel","LVA @ CON",1022400203,"FPTS Team","First Points","Player","Team","Home/Away","Favorite/Underdog",0.2159,363,0.1754,470,0.0404,0.0245,2.4528,1.61368421052632,2024-09-06 13:26:46,3,"DiJonai Carrington","Loss",0.5688,-0.5688,0.37421052631579,-0.37421052631579,"FPTS Team_DiJonai Carrington_2024-09-06"
2024-09-06,"FanDuel","LVA @ CON",1022400203,"FPTS Team","First Points","Player","Team","Home/Away","Favorite/Underdog",0.2159,363,0.1852,440,0.0307,0.0188,1.884,1.23947368421053,2024-09-06 12:27:04,1,"DiJonai Carrington","Loss",1.884,-1.884,1.23947368421053,-1.23947368421053,"FPTS Team_DiJonai Carrington_2024-09-06"
2024-09-06,"MGM","LVA @ CON",1022400203,"FPTS Team","First FGM","Player","Team","Home/Away","Favorite/Underdog",0.1532,553,0.1333,650,0.0198,0.0114,1.144,0.752631578947368,2024-09-06 14:26:45,1,"Jackie Young","Loss",1.144,-1.144,0.752631578947368,-0.752631578947368,"FPTS Team_Jackie Young_2024-09-06"
2024-09-06,"FanDuel","LVA @ CON",1022400203,"FPTS Team","First Points","Player","Team","Home/Away","Favorite/Underdog",0.1417,606,0.1176,750,0.024,0.0136,1.3625,0.896381578947368,2024-09-06 23:26:50,1,"Megan Gustafson","Loss",1.3625,-1.3625,0.896381578947368,-0.896381578947368,"FPTS Team_Megan Gustafson_2024-09-06"
2024-09-06,"FanDuel","LVA @ CON",1022400203,"FPTS Team","First Points","Player","Team","Home/Away","Favorite/Underdog",0.1552,544,0.1429,600,0.0124,0.0072,0.7225,0.475328947368421,2024-09-06 12:27:04,1,"Tyasha Harris","Win",0.7225,4.335,0.475328947368421,2.85197368421053,"FPTS Team_Tyasha Harris_2024-09-06"
2024-09-06,"MGM","LVA @ CON",1022400203,"FPTS Team","First FGM","Player","Team","Home/Away","Favorite/Underdog",0.1563,540,0.1429,600,0.0134,0.0078,0.7818,0.514342105263158,2024-09-06 14:26:45,4,"Tyasha Harris","Win",0.0593,0.3558,0.039013157894737,0.234078947368422,"FPTS Team_Tyasha Harris_2024-09-06"
2024-09-06,"Draft Kings","MIN @ IND",1022400204,"FPTS","First FGM","Player","Game","Home/Away","Favorite/Underdog",0.0853,1072,0.0667,1400,0.0186,0.01,0.9979,1.05042105263158,2024-09-06 12:27:04,1,"Alanna Smith","Loss",0.9979,-0.9979,1.05042105263158,-1.05042105263158,"FPTS_Alanna Smith_2024-09-06"
2024-09-06,"FanDuel","MIN @ IND",1022400204,"FPTS","First Points","Player","Game","Home/Away","Favorite/Underdog",0.0979,921,0.0714,1300,0.0265,0.0143,1.4256,1.50063157894737,2024-09-06 12:27:04,1,"Courtney Williams","Loss",1.4256,-1.4256,1.50063157894737,-1.50063157894737,"FPTS_Courtney Williams_2024-09-06"
2024-09-06,"Draft Kings","MIN @ IND",1022400204,"FPTS","First FGM","Player","Game","Home/Away","Favorite/Underdog",0.0803,1145,0.0588,1600,0.0215,0.0114,1.1424,1.20252631578947,2024-09-06 12:27:04,1,"Lexie Hull","Win",1.1424,18.2784,1.20252631578947,19.2404210526315,"FPTS_Lexie Hull_2024-09-06"
2024-09-06,"FanDuel","MIN @ IND",1022400204,"FPTS","First Points","Player","Game","Home/Away","Favorite/Underdog",0.0807,1138,0.0556,1700,0.0252,0.0133,1.3335,1.40368421052632,2024-09-06 22:26:58,21,"Lexie Hull","Win",0.169,2.873,0.17789473684211,3.02421052631587,"FPTS_Lexie Hull_2024-09-06"
2024-09-06,"FanDuel","MIN @ IND",1022400204,"FPTS","First Points","Player","Game","Home/Away","Favorite/Underdog",0.0807,1138,0.0588,1600,0.0219,0.0116,1.1645,1.22578947368421,2024-09-06 13:26:46,3,"Lexie Hull","Win",0.0221,0.3536,0.0232631578947402,0.372210526315843,"FPTS_Lexie Hull_2024-09-06"
2024-09-06,"Caesars","MIN @ IND",1022400204,"FPTS","First Points","Player","Game","Home/Away","Favorite/Underdog",0.1329,653,0.1,900,0.0329,0.0183,1.826,1.92210526315789,2024-09-06 12:27:04,1,"NaLyssa Smith","Loss",1.826,-1.826,1.92210526315789,-1.92210526315789,"FPTS_NaLyssa Smith_2024-09-06"
2024-09-06,"MGM","MIN @ IND",1022400204,"FPTS Team","First FGM","Player","Team","Home/Away","Favorite/Underdog",0.1854,439,0.1667,500,0.0188,0.0113,1.1258,0.740657894736842,2024-09-06 14:26:45,1,"Alanna Smith","Win",1.1258,5.629,0.740657894736842,3.70328947368421,"FPTS Team_Alanna Smith_2024-09-06"
2024-09-06,"FanDuel","MIN @ IND",1022400204,"FPTS Team","First Points","Player","Team","Home/Away","Favorite/Underdog",0.2172,360,0.1538,550,0.0633,0.0374,3.7427,2.46230263157895,2024-09-06 12:27:04,1,"Courtney Williams","Loss",3.7427,-3.7427,2.46230263157895,-2.46230263157895,"FPTS Team_Courtney Williams_2024-09-06"
2024-09-06,"FanDuel","MIN @ IND",1022400204,"FPTS Team","First Points","Player","Team","Home/Away","Favorite/Underdog",0.147,580,0.1053,850,0.0418,0.0233,2.3334,1.53513157894737,2024-09-06 12:27:04,1,"Lexie Hull","Win",2.3334,19.8339,1.53513157894737,13.0486184210526,"FPTS Team_Lexie Hull_2024-09-06"
2024-09-06,"FanDuel","MIN @ IND",1022400204,"FPTS Team","First Points","Player","Team","Home/Away","Favorite/Underdog",0.147,580,0.1,900,0.047,0.0261,2.6121,1.71848684210526,2024-09-06 20:26:50,17,"Lexie Hull","Win",0.2787,2.5083,0.18335526315789,1.65019736842101,"FPTS Team_Lexie Hull_2024-09-06"
2024-09-06,"FanDuel","MIN @ IND",1022400204,"FPTS Team","First Points","Player","Team","Home/Away","Favorite/Underdog",0.2419,313,0.1754,470,0.0665,0.0403,4.0316,2.65236842105263,2024-09-06 23:26:50,23,"NaLyssa Smith","Loss",0.5499,-0.5499,0.36177631578947,-0.36177631578947,"FPTS Team_NaLyssa Smith_2024-09-06"
2024-09-06,"FanDuel","MIN @ IND",1022400204,"FPTS Team","First Points","Player","Team","Home/Away","Favorite/Underdog",0.2419,313,0.1852,440,0.0567,0.0348,3.4817,2.29059210526316,2024-09-06 14:56:50,6,"NaLyssa Smith","Loss",0.1124,-0.1124,0.0739473684210501,-0.0739473684210501,"FPTS Team_NaLyssa Smith_2024-09-06"
2024-09-06,"FanDuel","MIN @ IND",1022400204,"FPTS Team","First Points","Player","Team","Home/Away","Favorite/Underdog",0.2419,313,0.1887,430,0.0532,0.0328,3.2814,2.15881578947368,2024-09-06 12:27:04,1,"NaLyssa Smith","Loss",3.2814,-3.2814,2.15881578947368,-2.15881578947368,"FPTS Team_NaLyssa Smith_2024-09-06"
2024-09-06,"MGM","MIN @ IND",1022400204,"FPTS Team","First FGM","Player","Team","Home/Away","Favorite/Underdog",0.245,308,0.1905,425,0.0546,0.0337,3.3693,2.21664473684211,2024-09-06 14:26:45,5,"NaLyssa Smith","Loss",0.0878999999999999,-0.0878999999999999,0.0578289473684301,-0.0578289473684301,"FPTS Team_NaLyssa Smith_2024-09-06"
2024-09-07,"BetRivers","PHO @ SEA",1022400206,"FPTS","First FGM","Player","Game","Home/Away","Favorite/Underdog",0.0828,1107,0.0588,1600,0.024,0.0127,1.2749,1.342,2024-09-07 12:27:02,1,"Gabby Williams","Loss",1.2749,-1.2749,1.342,-1.342,"FPTS_Gabby Williams_2024-09-07"
2024-09-07,"FanDuel","PHO @ SEA",1022400206,"FPTS","First Points","Player","Game","Home/Away","Favorite/Underdog",0.0784,1175,0.05,1900,0.0284,0.015,1.4964,1.57515789473684,2024-09-07 16:56:50,10,"Gabby Williams","Loss",0.1347,-0.1347,0.14178947368421,-0.14178947368421,"FPTS_Gabby Williams_2024-09-07"
2024-09-07,"FanDuel","PHO @ SEA",1022400206,"FPTS","First Points","Player","Game","Home/Away","Favorite/Underdog",0.0784,1175,0.0526,1800,0.0258,0.0136,1.3617,1.43336842105263,2024-09-07 14:26:42,5,"Gabby Williams","Loss",0.0868,-0.0868,0.09136842105263,-0.09136842105263,"FPTS_Gabby Williams_2024-09-07"
2024-09-07,"FanDuel","PHO @ SEA",1022400206,"FPTS","First Points","Player","Game","Home/Away","Favorite/Underdog",0.1064,840,0.0769,1200,0.0295,0.016,1.5957,1.67968421052632,2024-09-07 12:27:02,1,"Jewell Loyd","Loss",1.5957,-1.5957,1.67968421052632,-1.67968421052632,"FPTS_Jewell Loyd_2024-09-07"
2024-09-07,"FanDuel","PHO @ SEA",1022400206,"FPTS","First Points","Player","Game","Home/Away","Favorite/Underdog",0.1064,840,0.0714,1300,0.035,0.0188,1.8821,1.98115789473684,2024-09-07 16:26:37,9,"Jewell Loyd","Loss",0.2864,-0.2864,0.30147368421052,-0.30147368421052,"FPTS_Jewell Loyd_2024-09-07"
2024-09-07,"Draft Kings","PHO @ SEA",1022400206,"FPTS","First FGM","Player","Game","Home/Away","Favorite/Underdog",0.1312,662,0.1176,750,0.0136,0.0077,0.7686,0.809052631578947,2024-09-07 19:56:44,1,"Kahleah Copper","Loss",0.7686,-0.7686,0.809052631578947,-0.809052631578947,"FPTS_Kahleah Copper_2024-09-07"
2024-09-07,"FanDuel","PHO @ SEA",1022400206,"FPTS","First Points","Player","Game","Home/Away","Favorite/Underdog",0.0832,1101,0.0714,1300,0.0118,0.0064,0.6359,0.669368421052632,2024-09-07 15:56:39,1,"Natasha Cloud","Loss",0.6359,-0.6359,0.669368421052632,-0.669368421052632,"FPTS_Natasha Cloud_2024-09-07"
2024-09-07,"Caesars","PHO @ SEA",1022400206,"FPTS","First Points","Player","Game","Home/Away","Favorite/Underdog",0.0832,1101,0.0667,1400,0.0166,0.0089,0.8878,0.934526315789474,2024-09-07 17:56:40,5,"Natasha Cloud","Loss",0.2519,-0.2519,0.265157894736842,-0.265157894736842,"FPTS_Natasha Cloud_2024-09-07"
2024-09-07,"Draft Kings","PHO @ SEA",1022400206,"FPTS","First FGM","Player","Game","Home/Away","Favorite/Underdog",0.0875,1043,0.0667,1400,0.0208,0.0111,1.1137,1.17231578947368,2024-09-07 19:56:44,9,"Natasha Cloud","Loss",0.2259,-0.2259,0.237789473684206,-0.237789473684206,"FPTS_Natasha Cloud_2024-09-07"
2024-09-07,"FanDuel","PHO @ SEA",1022400206,"FPTS","First Points","Player","Game","Home/Away","Favorite/Underdog",0.0892,1021,0.0769,1200,0.0123,0.0066,0.6642,0.699157894736842,2024-09-07 20:26:44,1,"Skylar Diggins-Smith","Loss",0.6642,-0.6642,0.699157894736842,-0.699157894736842,"FPTS_Skylar Diggins-Smith_2024-09-07"
2024-09-07,"FanDuel","PHO @ SEA",1022400206,"FPTS","First Points","Player","Game","Home/Away","Favorite/Underdog",0.0751,1231,0.0588,1600,0.0163,0.0087,0.8658,0.911368421052632,2024-09-07 15:26:43,1,"Sophie Cunningham","Win",0.8658,13.8528,0.911368421052632,14.5818947368421,"FPTS_Sophie Cunningham_2024-09-07"
2024-09-07,"FanDuel","PHO @ SEA",1022400206,"FPTS","First Points","Player","Game","Home/Away","Favorite/Underdog",0.0751,1231,0.0556,1700,0.0196,0.0104,1.0358,1.09031578947368,2024-09-08 00:56:47,19,"Sophie Cunningham","Win",0.17,2.89,0.178947368421048,3.04210526315781,"FPTS_Sophie Cunningham_2024-09-07"
2024-09-07,"FanDuel","PHO @ SEA",1022400206,"FPTS Exact","First Points","Player","Exact","Home/Away","Favorite/Underdog",0.0332,2915,0.0196,5000,0.0136,0.0069,0.6916,0.853827160493827,2024-09-07 12:27:02,1,"Diana Taurasi_layup","Loss",0.6916,-0.6916,0.853827160493827,-0.853827160493827,"FPTS Exact_Diana Taurasi_layup_2024-09-07"
2024-09-07,"FanDuel","PHO @ SEA",1022400206,"FPTS Exact","First Points","Player","Exact","Home/Away","Favorite/Underdog",0.0358,2693,0.0227,4300,0.0131,0.0067,0.6693,0.826296296296296,2024-09-07 12:27:02,1,"Jewell Loyd_layup","Loss",0.6693,-0.6693,0.826296296296296,-0.826296296296296,"FPTS Exact_Jewell Loyd_layup_2024-09-07"
2024-09-07,"FanDuel","PHO @ SEA",1022400206,"FPTS Exact","First Points","Player","Exact","Home/Away","Favorite/Underdog",0.0358,2693,0.0213,4600,0.0145,0.0074,0.7424,0.916543209876543,2024-09-07 16:26:37,9,"Jewell Loyd_layup","Loss",0.0730999999999999,-0.0730999999999999,0.0902469135802471,-0.0902469135802471,"FPTS Exact_Jewell Loyd_layup_2024-09-07"
2024-09-07,"FanDuel","PHO @ SEA",1022400206,"FPTS Exact","First Points","Player","Exact","Home/Away","Favorite/Underdog",0.0437,2188,0.0333,2900,0.0104,0.0054,0.5369,0.662839506172839,2024-09-07 14:26:42,1,"Kahleah Copper_other_fg","Loss",0.5369,-0.5369,0.662839506172839,-0.662839506172839,"FPTS Exact_Kahleah Copper_other_fg_2024-09-07"
2024-09-07,"MGM","PHO @ SEA",1022400206,"FPTS Team","First FGM","Player","Team","Home/Away","Favorite/Underdog",0.1683,494,0.1538,550,0.0144,0.0085,0.8531,0.56125,2024-09-07 13:56:44,1,"Diana Taurasi","Loss",0.8531,-0.8531,0.56125,-0.56125,"FPTS Team_Diana Taurasi_2024-09-07"
2024-09-07,"FanDuel","PHO @ SEA",1022400206,"FPTS Team","First Points","Player","Team","Home/Away","Favorite/Underdog",0.1685,493,0.1538,550,0.0147,0.0087,0.8684,0.571315789473684,2024-09-07 14:26:42,2,"Diana Taurasi","Loss",0.0153,-0.0153,0.010065789473684,-0.010065789473684,"FPTS Team_Diana Taurasi_2024-09-07"
2024-09-07,"FanDuel","PHO @ SEA",1022400206,"FPTS Team","First Points","Player","Team","Home/Away","Favorite/Underdog",0.1675,497,0.1111,800,0.0564,0.0317,3.1705,2.08585526315789,2024-09-07 16:26:37,9,"Gabby Williams","Loss",0.1998,-0.1998,0.13144736842105,-0.13144736842105,"FPTS Team_Gabby Williams_2024-09-07"
2024-09-07,"FanDuel","PHO @ SEA",1022400206,"FPTS Team","First Points","Player","Team","Home/Away","Favorite/Underdog",0.1675,497,0.1176,750,0.0498,0.0282,2.8236,1.85763157894737,2024-09-07 12:27:02,1,"Gabby Williams","Loss",2.8236,-2.8236,1.85763157894737,-1.85763157894737,"FPTS Team_Gabby Williams_2024-09-07"
2024-09-07,"MGM","PHO @ SEA",1022400206,"FPTS Team","First FGM","Player","Team","Home/Away","Favorite/Underdog",0.177,465,0.125,700,0.052,0.0297,2.9707,1.95440789473684,2024-09-07 13:56:44,4,"Gabby Williams","Loss",0.1471,-0.1471,0.0967763157894699,-0.0967763157894699,"FPTS Team_Gabby Williams_2024-09-07"
2024-09-07,"FanDuel","PHO @ SEA",1022400206,"FPTS Team","First Points","Player","Team","Home/Away","Favorite/Underdog",0.2272,340,0.1667,500,0.0605,0.0363,3.6295,2.38782894736842,2024-09-07 12:27:02,1,"Jewell Loyd","Loss",3.6295,-3.6295,2.38782894736842,-2.38782894736842,"FPTS Team_Jewell Loyd_2024-09-07"
2024-09-07,"FanDuel","PHO @ SEA",1022400206,"FPTS Team","First Points","Player","Team","Home/Away","Favorite/Underdog",0.2448,309,0.2222,350,0.0226,0.0145,1.4507,0.954407894736842,2024-09-07 15:26:43,7,"Kahleah Copper","Loss",0.3173,-0.3173,0.20875,-0.20875,"FPTS Team_Kahleah Copper_2024-09-07"
2024-09-07,"FanDuel","PHO @ SEA",1022400206,"FPTS Team","First Points","Player","Team","Home/Away","Favorite/Underdog",0.2448,309,0.2273,340,0.0175,0.0113,1.1334,0.745657894736842,2024-09-07 13:26:42,3,"Kahleah Copper","Loss",0.3365,-0.3365,0.221381578947368,-0.221381578947368,"FPTS Team_Kahleah Copper_2024-09-07"
2024-09-07,"FanDuel","PHO @ SEA",1022400206,"FPTS Team","First Points","Player","Team","Home/Away","Favorite/Underdog",0.2448,309,0.2326,330,0.0122,0.008,0.7969,0.524276315789474,2024-09-07 12:27:02,1,"Kahleah Copper","Loss",0.7969,-0.7969,0.524276315789474,-0.524276315789474,"FPTS Team_Kahleah Copper_2024-09-07"
2024-09-07,"FanDuel","PHO @ SEA",1022400206,"FPTS Team","First Points","Player","Team","Home/Away","Favorite/Underdog",0.1566,539,0.1176,750,0.0389,0.022,2.205,1.45065789473684,2024-09-08 00:26:51,23,"Natasha Cloud","Loss",0.4017,-0.4017,0.26427631578947,-0.26427631578947,"FPTS Team_Natasha Cloud_2024-09-07"
2024-09-07,"FanDuel","PHO @ SEA",1022400206,"FPTS Team","First Points","Player","Team","Home/Away","Favorite/Underdog",0.1566,539,0.125,700,0.0316,0.018,1.8033,1.18638157894737,2024-09-07 15:56:39,6,"Natasha Cloud","Loss",1.0041,-1.0041,0.660592105263159,-0.660592105263159,"FPTS Team_Natasha Cloud_2024-09-07"
2024-09-07,"FanDuel","PHO @ SEA",1022400206,"FPTS Team","First Points","Player","Team","Home/Away","Favorite/Underdog",0.1566,539,0.1429,600,0.0137,0.008,0.7992,0.525789473684211,2024-09-07 13:26:42,1,"Natasha Cloud","Loss",0.7992,-0.7992,0.525789473684211,-0.525789473684211,"FPTS Team_Natasha Cloud_2024-09-07"
2024-09-07,"FanDuel","PHO @ SEA",1022400206,"FPTS Team","First Points","Player","Team","Home/Away","Favorite/Underdog",0.1904,425,0.1724,480,0.018,0.0109,1.0889,0.716381578947368,2024-09-07 13:26:42,1,"Skylar Diggins-Smith","Win",1.0889,5.22672,0.716381578947368,3.43863157894737,"FPTS Team_Skylar Diggins-Smith_2024-09-07"
2024-09-07,"FanDuel","PHO @ SEA",1022400206,"FPTS Team","First Points","Player","Team","Home/Away","Favorite/Underdog",0.1904,425,0.1695,490,0.0209,0.0126,1.261,0.829605263157895,2024-09-07 20:26:44,15,"Skylar Diggins-Smith","Win",0.1721,0.84329,0.113223684210527,0.554796052631582,"FPTS Team_Skylar Diggins-Smith_2024-09-07"
2024-09-07,"FanDuel","PHO @ SEA",1022400206,"FPTS Team","First Points","Player","Team","Home/Away","Favorite/Underdog",0.1413,608,0.1053,850,0.036,0.0201,2.0132,1.32447368421053,2024-09-07 15:26:43,1,"Sophie Cunningham","Win",2.0132,17.1122,1.32447368421053,11.2580263157895,"FPTS Team_Sophie Cunningham_2024-09-07"
2024-09-07,"FanDuel","PHO @ SEA",1022400206,"FPTS Team","First Points","Player","Team","Home/Away","Favorite/Underdog",0.1413,608,0.1,900,0.0413,0.0229,2.2939,1.50914473684211,2024-09-07 16:26:37,3,"Sophie Cunningham","Win",0.2807,2.5263,0.18467105263158,1.66203947368422,"FPTS Team_Sophie Cunningham_2024-09-07"
2024-09-08,"ESPN","ATL @ IND",1022400208,"FPTS","First Points","Player","Game","Home/Away","Favorite/Underdog",0.0683,1364,0.0526,1800,0.0157,0.0083,0.8275,0.871052631578947,2024-09-08 12:27:14,1,"Jordin Canada","Loss",0.8275,-0.8275,0.871052631578947,-0.871052631578947,"FPTS_Jordin Canada_2024-09-08"
2024-09-08,"ESPN","ATL @ IND",1022400208,"FPTS","First Points","Player","Game","Home/Away","Favorite/Underdog",0.0803,1146,0.0588,1600,0.0215,0.0114,1.1395,1.19947368421053,2024-09-08 12:27:14,1,"Lexie Hull","Loss",0.56975,-0.56975,0.599736842105265,-0.599736842105265,"FPTS_Lexie Hull_2024-09-08"
2024-09-08,"FanDuel","ATL @ IND",1022400208,"FPTS","First Points","Player","Game","Home/Away","Favorite/Underdog",0.0803,1146,0.0588,1600,0.0215,0.0114,1.1395,1.19947368421053,2024-09-08 12:27:14,1,"Lexie Hull","Loss",0.56975,-0.56975,0.599736842105265,-0.599736842105265,"FPTS_Lexie Hull_2024-09-08"
2024-09-08,"BetRivers","ATL @ IND",1022400208,"FPTS","First FGM","Player","Game","Home/Away","Favorite/Underdog",0.1349,641,0.1111,800,0.0238,0.0134,1.3396,1.41010526315789,2024-09-08 12:27:14,1,"NaLyssa Smith","Loss",1.3396,-1.3396,1.41010526315789,-1.41010526315789,"FPTS_NaLyssa Smith_2024-09-08"
2024-09-08,"FanDuel","ATL @ IND",1022400208,"FPTS Exact","First Points","Player","Exact","Home/Away","Favorite/Underdog",0.0416,2301,0.0312,3100,0.0104,0.0054,0.5363,0.662098765432099,2024-09-08 17:26:56,1,"Kelsey Mitchell_layup","Loss",0.5363,-0.5363,0.662098765432099,-0.662098765432099,"FPTS Exact_Kelsey Mitchell_layup_2024-09-08"
2024-09-08,"FanDuel","ATL @ IND",1022400208,"FPTS Team","First Points","Player","Team","Home/Away","Favorite/Underdog",0.1541,549,0.1176,750,0.0365,0.0207,2.0677,1.36032894736842,2024-09-08 16:56:54,10,"Jordin Canada","Loss",0.4028,-0.4028,0.265,-0.265,"FPTS Team_Jordin Canada_2024-09-08"
2024-09-08,"FanDuel","ATL @ IND",1022400208,"FPTS Team","First Points","Player","Team","Home/Away","Favorite/Underdog",0.1541,549,0.125,700,0.0291,0.0166,1.6649,1.09532894736842,2024-09-08 12:56:51,2,"Jordin Canada","Loss",0.4648,-0.4648,0.305789473684209,-0.305789473684209,"FPTS Team_Jordin Canada_2024-09-08"
2024-09-08,"FanDuel","ATL @ IND",1022400208,"FPTS Team","First Points","Player","Team","Home/Away","Favorite/Underdog",0.1541,549,0.1333,650,0.0208,0.012,1.2001,0.789539473684211,2024-09-08 12:27:14,1,"Jordin Canada","Loss",1.2001,-1.2001,0.789539473684211,-0.789539473684211,"FPTS Team_Jordin Canada_2024-09-08"
2024-09-08,"FanDuel","ATL @ IND",1022400208,"FPTS Team","First Points","Player","Team","Home/Away","Favorite/Underdog",0.1969,408,0.1818,450,0.0151,0.0092,0.9214,0.606184210526316,2024-09-08 14:56:48,1,"Kelsey Mitchell","Loss",0.9214,-0.9214,0.606184210526316,-0.606184210526316,"FPTS Team_Kelsey Mitchell_2024-09-08"
2024-09-08,"FanDuel","ATL @ IND",1022400208,"FPTS Team","First Points","Player","Team","Home/Away","Favorite/Underdog",0.1969,408,0.1786,460,0.0183,0.0112,1.1154,0.733815789473684,2024-09-08 18:26:55,3,"Kelsey Mitchell","Loss",0.194,-0.194,0.127631578947368,-0.127631578947368,"FPTS Team_Kelsey Mitchell_2024-09-08"
2024-09-08,"FanDuel","ATL @ IND",1022400208,"FPTS Team","First Points","Player","Team","Home/Away","Favorite/Underdog",0.1442,594,0.1053,850,0.0389,0.0217,2.1739,1.43019736842105,2024-09-08 12:27:14,1,"Lexie Hull","Loss",2.1739,-2.1739,1.43019736842105,-1.43019736842105,"FPTS Team_Lexie Hull_2024-09-08"
2024-09-08,"FanDuel","ATL @ IND",1022400208,"FPTS Team","First Points","Player","Team","Home/Away","Favorite/Underdog",0.1442,594,0.1,900,0.0442,0.0245,2.4536,1.61421052631579,2024-09-08 15:56:49,8,"Lexie Hull","Loss",0.2797,-0.2797,0.18401315789474,-0.18401315789474,"FPTS Team_Lexie Hull_2024-09-08"
2024-09-08,"FanDuel","ATL @ IND",1022400208,"FPTS Team","First Points","Player","Team","Home/Away","Favorite/Underdog",0.241,315,0.2083,380,0.0327,0.0207,2.0657,1.35901315789474,2024-09-08 13:26:50,3,"NaLyssa Smith","Loss",0.2699,-0.2699,0.17756578947369,-0.17756578947369,"FPTS Team_NaLyssa Smith_2024-09-08"
2024-09-08,"FanDuel","ATL @ IND",1022400208,"FPTS Team","First Points","Player","Team","Home/Away","Favorite/Underdog",0.241,315,0.2128,370,0.0283,0.018,1.7958,1.18144736842105,2024-09-08 12:56:51,2,"NaLyssa Smith","Loss",0.2849,-0.2849,0.187434210526313,-0.187434210526313,"FPTS Team_NaLyssa Smith_2024-09-08"
2024-09-08,"FanDuel","ATL @ IND",1022400208,"FPTS Team","First Points","Player","Team","Home/Away","Favorite/Underdog",0.241,315,0.2174,360,0.0236,0.0151,1.5109,0.994013157894737,2024-09-08 12:27:14,1,"NaLyssa Smith","Loss",1.5109,-1.5109,0.994013157894737,-0.994013157894737,"FPTS Team_NaLyssa Smith_2024-09-08"
2024-09-08,"MGM","ATL @ IND",1022400208,"FPTS Team","First FGM","Player","Team","Home/Away","Favorite/Underdog",0.2467,305,0.2105,375,0.0362,0.0229,2.2933,1.50875,2024-09-08 14:26:44,4,"NaLyssa Smith","Loss",0.2276,-0.2276,0.14973684210526,-0.14973684210526,"FPTS Team_NaLyssa Smith_2024-09-08"
2024-09-08,"FanDuel","ATL @ IND",1022400208,"FPTS Team","First Points","Player","Team","Home/Away","Favorite/Underdog",0.1614,520,0.1429,600,0.0185,0.0108,1.0792,0.71,2024-09-08 12:27:14,1,"Naz Hillmon","Loss",1.0792,-1.0792,0.71,-0.71,"FPTS Team_Naz Hillmon_2024-09-08"
2024-09-08,"FanDuel","CON @ LAS",1022400211,"FPTS","First Points","Player","Game","Home/Away","Favorite/Underdog",0.1379,625,0.125,700,0.0129,0.0074,0.7399,0.778842105263158,2024-09-08 15:26:49,1,"Dearica Hamby","Loss",0.7399,-0.7399,0.778842105263158,-0.778842105263158,"FPTS_Dearica Hamby_2024-09-08"
2024-09-08,"Draft Kings","CON @ LAS",1022400211,"FPTS","First FGM","Player","Game","Home/Away","Favorite/Underdog",0.0936,968,0.0625,1500,0.0311,0.0166,1.6609,1.74831578947368,2024-09-08 12:27:14,1,"Odyssey Sims","Loss",1.6609,-1.6609,1.74831578947368,-1.74831578947368,"FPTS_Odyssey Sims_2024-09-08"
2024-09-08,"FanDuel","CON @ LAS",1022400211,"FPTS","First Points","Player","Game","Home/Away","Favorite/Underdog",0.0961,941,0.0556,1700,0.0405,0.0215,2.1455,2.25842105263158,2024-09-09 00:56:46,1,"Rae Burrell","Loss",2.1455,-2.1455,2.25842105263158,-2.25842105263158,"FPTS_Rae Burrell_2024-09-08"
2024-09-08,"FanDuel","CON @ LAS",1022400211,"FPTS Exact","First Points","Player","Exact","Home/Away","Favorite/Underdog",0.0413,2322,0.0233,4200,0.018,0.0092,0.9227,1.13913580246914,2024-09-08 15:56:49,8,"Dearica Hamby_other_fg","Loss",0.0348999999999999,-0.0348999999999999,0.04308641975309,-0.04308641975309,"FPTS Exact_Dearica Hamby_other_fg_2024-09-08"
2024-09-08,"FanDuel","CON @ LAS",1022400211,"FPTS Exact","First Points","Player","Exact","Home/Away","Favorite/Underdog",0.0429,2229,0.0256,3800,0.0173,0.0089,0.8878,1.09604938271605,2024-09-08 13:56:51,4,"Dearica Hamby_other_fg","Loss",0.034,-0.034,0.0419753086419801,-0.0419753086419801,"FPTS Exact_Dearica Hamby_other_fg_2024-09-08"
2024-09-08,"FanDuel","CON @ LAS",1022400211,"FPTS Exact","First Points","Player","Exact","Home/Away","Favorite/Underdog",0.0429,2229,0.0263,3700,0.0166,0.0085,0.8538,1.05407407407407,2024-09-08 12:27:14,1,"Dearica Hamby_other_fg","Loss",0.8538,-0.8538,1.05407407407407,-1.05407407407407,"FPTS Exact_Dearica Hamby_other_fg_2024-09-08"
2024-09-08,"FanDuel","CON @ LAS",1022400211,"FPTS Team","First Points","Player","Team","Home/Away","Favorite/Underdog",0.2181,358,0.1961,410,0.0221,0.0137,1.3717,0.902434210526316,2024-09-09 00:56:46,1,"Azurá Stevens","Loss",1.3717,-1.3717,0.902434210526316,-0.902434210526316,"FPTS Team_Azurá Stevens_2024-09-08"
2024-09-08,"FanDuel","CON @ LAS",1022400211,"FPTS Team","First Points","Player","Team","Home/Away","Favorite/Underdog",0.2185,358,0.1695,490,0.049,0.0295,2.9483,1.93967105263158,2024-09-08 20:56:57,18,"DiJonai Carrington","Loss",0.1661,-0.1661,0.10927631578947,-0.10927631578947,"FPTS Team_DiJonai Carrington_2024-09-08"
2024-09-08,"FanDuel","CON @ LAS",1022400211,"FPTS Team","First Points","Player","Team","Home/Away","Favorite/Underdog",0.2185,358,0.1724,480,0.046,0.0278,2.7822,1.83039473684211,2024-09-08 16:26:54,9,"DiJonai Carrington","Loss",0.354,-0.354,0.23289473684211,-0.23289473684211,"FPTS Team_DiJonai Carrington_2024-09-08"
2024-09-08,"FanDuel","CON @ LAS",1022400211,"FPTS Team","First Points","Player","Team","Home/Away","Favorite/Underdog",0.2185,358,0.1786,460,0.0399,0.0243,2.4282,1.5975,2024-09-08 12:27:14,1,"DiJonai Carrington","Loss",2.4282,-2.4282,1.5975,-1.5975,"FPTS Team_DiJonai Carrington_2024-09-08"
2024-09-08,"FanDuel","CON @ LAS",1022400211,"FPTS Team","First Points","Player","Team","Home/Away","Favorite/Underdog",0.1572,536,0.1053,850,0.0519,0.029,2.9029,1.90980263157895,2024-09-09 00:56:46,26,"Odyssey Sims","Loss",0.8129,-0.8129,0.53480263157895,-0.53480263157895,"FPTS Team_Odyssey Sims_2024-09-08"
2024-09-08,"FanDuel","CON @ LAS",1022400211,"FPTS Team","First Points","Player","Team","Home/Away","Favorite/Underdog",0.1616,519,0.125,700,0.0366,0.0209,2.09,1.375,2024-09-08 13:56:51,4,"Odyssey Sims","Loss",0.4607,-0.4607,0.30309210526316,-0.30309210526316,"FPTS Team_Odyssey Sims_2024-09-08"
2024-09-08,"FanDuel","CON @ LAS",1022400211,"FPTS Team","First Points","Player","Team","Home/Away","Favorite/Underdog",0.1616,519,0.1333,650,0.0282,0.0163,1.6293,1.07190789473684,2024-09-08 12:27:14,1,"Odyssey Sims","Loss",1.6293,-1.6293,1.07190789473684,-1.07190789473684,"FPTS Team_Odyssey Sims_2024-09-08"
2024-09-08,"FanDuel","CON @ LAS",1022400211,"FPTS Team","First Points","Player","Team","Home/Away","Favorite/Underdog",0.1741,474,0.1,900,0.0741,0.0412,4.119,2.70986842105263,2024-09-09 00:56:46,1,"Rae Burrell","Loss",4.119,-4.119,2.70986842105263,-2.70986842105263,"FPTS Team_Rae Burrell_2024-09-08"
2024-09-08,"FanDuel","CON @ LAS",1022400211,"FPTS Team","First Points","Player","Team","Home/Away","Favorite/Underdog",0.1543,548,0.1429,600,0.0115,0.0067,0.6689,0.440065789473684,2024-09-08 13:26:50,1,"Tyasha Harris","Loss",0.6689,-0.6689,0.440065789473684,-0.440065789473684,"FPTS Team_Tyasha Harris_2024-09-08"
2024-09-08,"BetRivers","CON @ LAS",1022400211,"FTTS","First Points","Team","Quarter","Home/Away","Favorite/Underdog",0.5517,-123,0.4878,105,0.0639,0.0624,3.1208,2.27795620437956,2024-09-08 12:27:14,1,"1Q_LAS","Win",3.1208,3.27684,2.27795620437956,2.39185401459854,"FTTS_1Q_LAS_2024-09-08"
2024-09-08,"Draft Kings","DAL @ CHI",1022400210,"FPTS","First FGM","Player","Game","Home/Away","Favorite/Underdog",0.1198,734,0.0769,1200,0.0429,0.0233,2.325,2.44736842105263,2024-09-08 20:26:57,1,"Isabelle Harrison","Loss",1.1625,-1.1625,1.22368421052632,-1.22368421052632,"FPTS_Isabelle Harrison_2024-09-08"
2024-09-08,"Fanatics","DAL @ CHI",1022400210,"FPTS","First FGM","Player","Game","Home/Away","Favorite/Underdog",0.1198,734,0.0769,1200,0.0429,0.0233,2.325,2.44736842105263,2024-09-08 20:26:57,1,"Isabelle Harrison","Loss",1.1625,-1.1625,1.22368421052632,-1.22368421052632,"FPTS_Isabelle Harrison_2024-09-08"
2024-09-08,"ESPN","DAL @ CHI",1022400210,"FPTS","First Points","Player","Game","Home/Away","Favorite/Underdog",0.0871,1048,0.0588,1600,0.0283,0.015,1.502,1.58105263157895,2024-09-08 12:27:14,1,"Lindsay Allen","Loss",1.502,-1.502,1.58105263157895,-1.58105263157895,"FPTS_Lindsay Allen_2024-09-08"
2024-09-08,"FanDuel","DAL @ CHI",1022400210,"FPTS","First Points","Player","Game","Home/Away","Favorite/Underdog",0.1048,854,0.0909,1000,0.0139,0.0076,0.7645,0.804736842105263,2024-09-08 12:56:51,1,"Michaela Onyenwere","Loss",0.7645,-0.7645,0.804736842105263,-0.804736842105263,"FPTS_Michaela Onyenwere_2024-09-08"
2024-09-08,"FanDuel","DAL @ CHI",1022400210,"FPTS Exact","First Points","Player","Exact","Home/Away","Favorite/Underdog",0.0531,1785,0.0417,2300,0.0114,0.0059,0.5945,0.733950617283951,2024-09-08 20:56:57,1,"Isabelle Harrison_other_fg","Loss",0.5945,-0.5945,0.733950617283951,-0.733950617283951,"FPTS Exact_Isabelle Harrison_other_fg_2024-09-08"
2024-09-08,"FanDuel","DAL @ CHI",1022400210,"FPTS Exact","First Points","Player","Exact","Home/Away","Favorite/Underdog",0.0531,1785,0.0385,2500,0.0146,0.0076,0.7592,0.937283950617284,2024-09-08 21:56:53,3,"Isabelle Harrison_other_fg","Loss",0.1647,-0.1647,0.203333333333333,-0.203333333333333,"FPTS Exact_Isabelle Harrison_other_fg_2024-09-08"
2024-09-08,"FanDuel","DAL @ CHI",1022400210,"FPTS Exact","First Points","Player","Exact","Home/Away","Favorite/Underdog",0.0319,3036,0.0217,4500,0.0101,0.0052,0.5187,0.64037037037037,2024-09-08 13:56:51,1,"Michaela Onyenwere_other_fg","Loss",0.5187,-0.5187,0.64037037037037,-0.64037037037037,"FPTS Exact_Michaela Onyenwere_other_fg_2024-09-08"
2024-09-08,"FanDuel","DAL @ CHI",1022400210,"FPTS Team","First Points","Player","Team","Home/Away","Favorite/Underdog",0.171,485,0.1538,550,0.0171,0.0101,1.0128,0.666315789473684,2024-09-08 12:27:14,1,"Arike Ogunbowale","Loss",1.0128,-1.0128,0.666315789473684,-0.666315789473684,"FPTS Team_Arike Ogunbowale_2024-09-08"
2024-09-08,"FanDuel","DAL @ CHI",1022400210,"FPTS Team","First Points","Player","Team","Home/Away","Favorite/Underdog",0.171,485,0.1429,600,0.0281,0.0164,1.6408,1.07947368421053,2024-09-08 14:26:44,5,"Arike Ogunbowale","Loss",0.628,-0.628,0.413157894736846,-0.413157894736846,"FPTS Team_Arike Ogunbowale_2024-09-08"
2024-09-08,"FanDuel","DAL @ CHI",1022400210,"FPTS Team","First Points","Player","Team","Home/Away","Favorite/Underdog",0.2325,330,0.1852,440,0.0473,0.029,2.9035,1.91019736842105,2024-09-08 20:26:57,1,"Isabelle Harrison","Loss",2.9035,-2.9035,1.91019736842105,-1.91019736842105,"FPTS Team_Isabelle Harrison_2024-09-08"
2024-09-08,"FanDuel","DAL @ CHI",1022400210,"FPTS Team","First Points","Player","Team","Home/Away","Favorite/Underdog",0.2325,330,0.1538,550,0.0787,0.0465,4.6479,3.05782894736842,2024-09-08 21:56:53,4,"Isabelle Harrison","Loss",1.7444,-1.7444,1.14763157894737,-1.14763157894737,"FPTS Team_Isabelle Harrison_2024-09-08"
2024-09-08,"FanDuel","DAL @ CHI",1022400210,"FPTS Team","First Points","Player","Team","Home/Away","Favorite/Underdog",0.1305,667,0.1053,850,0.0252,0.0141,1.4079,0.92625,2024-09-08 12:27:14,1,"Jacy Sheldon","Loss",1.4079,-1.4079,0.92625,-0.92625,"FPTS Team_Jacy Sheldon_2024-09-08"
2024-09-08,"FanDuel","DAL @ CHI",1022400210,"FPTS Team","First Points","Player","Team","Home/Away","Favorite/Underdog",0.1305,667,0.1,900,0.0305,0.0169,1.692,1.11315789473684,2024-09-08 12:56:51,2,"Jacy Sheldon","Loss",0.2841,-0.2841,0.18690789473684,-0.18690789473684,"FPTS Team_Jacy Sheldon_2024-09-08"
2024-09-08,"FanDuel","DAL @ CHI",1022400210,"FPTS Team","First Points","Player","Team","Home/Away","Favorite/Underdog",0.1672,498,0.1333,650,0.0339,0.0196,1.9558,1.28671052631579,2024-09-08 12:27:14,1,"Lindsay Allen","Loss",1.9558,-1.9558,1.28671052631579,-1.28671052631579,"FPTS Team_Lindsay Allen_2024-09-08"
2024-09-08,"FanDuel","DAL @ CHI",1022400210,"FPTS Team","First Points","Player","Team","Home/Away","Favorite/Underdog",0.2012,397,0.1786,460,0.0227,0.0138,1.3802,0.908026315789474,2024-09-08 12:27:14,1,"Michaela Onyenwere","Loss",1.3802,-1.3802,0.908026315789474,-0.908026315789474,"FPTS Team_Michaela Onyenwere_2024-09-08"
2024-09-08,"FanDuel","DAL @ CHI",1022400210,"FPTS Team","First Points","Player","Team","Home/Away","Favorite/Underdog",0.2012,397,0.1754,470,0.0258,0.0156,1.5649,1.02953947368421,2024-09-08 12:56:51,2,"Michaela Onyenwere","Loss",0.1847,-0.1847,0.121513157894736,-0.121513157894736,"FPTS Team_Michaela Onyenwere_2024-09-08"
2024-09-08,"FanDuel","LVA @ NYL",1022400209,"FPTS","First Points","Player","Game","Home/Away","Favorite/Underdog",0.0836,1097,0.0556,1700,0.028,0.0148,1.4832,1.56126315789474,2024-09-08 18:56:56,1,"Alysha Clark","Loss",1.4832,-1.4832,1.56126315789474,-1.56126315789474,"FPTS_Alysha Clark_2024-09-08"
2024-09-08,"FanDuel","LVA @ NYL",1022400209,"FPTS","First Points","Player","Game","Home/Away","Favorite/Underdog",0.0836,1097,0.0526,1800,0.0309,0.0163,1.6329,1.71884210526316,2024-09-08 19:26:54,2,"Alysha Clark","Loss",0.1497,-0.1497,0.15757894736842,-0.15757894736842,"FPTS_Alysha Clark_2024-09-08"
2024-09-08,"ESPN","LVA @ NYL",1022400209,"FPTS","First Points","Player","Game","Home/Away","Favorite/Underdog",0.0895,1018,0.0667,1400,0.0228,0.0122,1.2212,1.28547368421053,2024-09-08 17:26:56,1,"Chelsea Gray","Loss",1.2212,-1.2212,1.28547368421053,-1.28547368421053,"FPTS_Chelsea Gray_2024-09-08"
2024-09-08,"BetRivers","LVA @ NYL",1022400209,"FPTS","First FGM","Player","Game","Home/Away","Favorite/Underdog",0.0833,1101,0.0667,1400,0.0166,0.0089,0.8907,0.937578947368421,2024-09-08 12:27:14,1,"Courtney Vandersloot","Loss",0.44535,-0.44535,0.46878947368421,-0.46878947368421,"FPTS_Courtney Vandersloot_2024-09-08"
2024-09-08,"Draft Kings","LVA @ NYL",1022400209,"FPTS","First FGM","Player","Game","Home/Away","Favorite/Underdog",0.0833,1101,0.0667,1400,0.0166,0.0089,0.8907,0.937578947368421,2024-09-08 12:27:14,1,"Courtney Vandersloot","Loss",0.44535,-0.44535,0.46878947368421,-0.46878947368421,"FPTS_Courtney Vandersloot_2024-09-08"
2024-09-08,"ESPN","LVA @ NYL",1022400209,"FPTS","First Points","Player","Game","Home/Away","Favorite/Underdog",0.0931,974,0.0769,1200,0.0162,0.0088,0.8768,0.922947368421053,2024-09-08 17:26:56,1,"Jackie Young","Loss",0.8768,-0.8768,0.922947368421053,-0.922947368421053,"FPTS_Jackie Young_2024-09-08"
2024-09-08,"ESPN","LVA @ NYL",1022400209,"FPTS","First Points","Player","Game","Home/Away","Favorite/Underdog",0.085,1077,0.0625,1500,0.0225,0.012,1.199,1.26210526315789,2024-09-08 17:26:56,1,"Megan Gustafson","Loss",1.199,-1.199,1.26210526315789,-1.26210526315789,"FPTS_Megan Gustafson_2024-09-08"
2024-09-08,"FanDuel","LVA @ NYL",1022400209,"FPTS Exact","First Points","Player","Exact","Home/Away","Favorite/Underdog",0.0373,2582,0.0256,3800,0.0116,0.006,0.5978,0.738024691358025,2024-09-08 16:26:54,1,"Sabrina Ionescu_layup","Loss",0.5978,-0.5978,0.738024691358025,-0.738024691358025,"FPTS Exact_Sabrina Ionescu_layup_2024-09-08"
2024-09-08,"FanDuel","LVA @ NYL",1022400209,"FPTS Team","First Points","Player","Team","Home/Away","Favorite/Underdog",0.1855,439,0.125,700,0.0605,0.0346,3.4573,2.27453947368421,2024-09-08 18:56:56,1,"Alysha Clark","Loss",3.4573,-3.4573,2.27453947368421,-2.27453947368421,"FPTS Team_Alysha Clark_2024-09-08"
2024-09-08,"FanDuel","LVA @ NYL",1022400209,"FPTS Team","First Points","Player","Team","Home/Away","Favorite/Underdog",0.1696,490,0.1429,600,0.0268,0.0156,1.5608,1.02684210526316,2024-09-08 18:56:56,1,"Betnijah Laney-Hamilton","Loss",1.5608,-1.5608,1.02684210526316,-1.02684210526316,"FPTS Team_Betnijah Laney-Hamilton_2024-09-08"
2024-09-08,"FanDuel","LVA @ NYL",1022400209,"FPTS Team","First Points","Player","Team","Home/Away","Favorite/Underdog",0.2938,240,0.2703,270,0.0235,0.0161,1.6092,1.05868421052632,2024-09-08 12:27:14,1,"Breanna Stewart","Loss",1.6092,-1.6092,1.05868421052632,-1.05868421052632,"FPTS Team_Breanna Stewart_2024-09-08"
2024-09-08,"FanDuel","LVA @ NYL",1022400209,"FPTS Team","First Points","Player","Team","Home/Away","Favorite/Underdog",0.146,585,0.125,700,0.021,0.012,1.1985,0.788486842105263,2024-09-08 13:26:50,3,"Courtney Vandersloot","Loss",0.4693,-0.4693,0.30875,-0.30875,"FPTS Team_Courtney Vandersloot_2024-09-08"
2024-09-08,"FanDuel","LVA @ NYL",1022400209,"FPTS Team","First Points","Player","Team","Home/Away","Favorite/Underdog",0.146,585,0.1333,650,0.0126,0.0073,0.7292,0.479736842105263,2024-09-08 12:27:14,1,"Courtney Vandersloot","Loss",0.7292,-0.7292,0.479736842105263,-0.479736842105263,"FPTS Team_Courtney Vandersloot_2024-09-08"
2024-09-08,"MGM","LVA @ NYL",1022400209,"FPTS Team","First FGM","Player","Team","Home/Away","Favorite/Underdog",0.1517,559,0.1176,750,0.0341,0.0193,1.93,1.26973684210526,2024-09-08 14:26:44,5,"Courtney Vandersloot","Loss",0.7315,-0.7315,0.481249999999997,-0.481249999999997,"FPTS Team_Courtney Vandersloot_2024-09-08"
2024-09-08,"FanDuel","MIN @ WAS",1022400207,"FPTS","First Points","Player","Game","Home/Away","Favorite/Underdog",0.1149,771,0.1,900,0.0149,0.0083,0.8258,0.869263157894737,2024-09-08 18:26:55,1,"Aaliyah Edwards","Loss",0.8258,-0.8258,0.869263157894737,-0.869263157894737,"FPTS_Aaliyah Edwards_2024-09-08"
2024-09-08,"Caesars","MIN @ WAS",1022400207,"FPTS","First Points","Player","Game","Home/Away","Favorite/Underdog",0.1041,861,0.0833,1100,0.0207,0.0113,1.1317,1.19126315789474,2024-09-08 14:26:44,5,"Courtney Williams","Loss",1.1317,-1.1317,1.19126315789474,-1.19126315789474,"FPTS_Courtney Williams_2024-09-08"
2024-09-08,"ESPN","MIN @ WAS",1022400207,"FPTS","First Points","Player","Game","Home/Away","Favorite/Underdog",0.0879,1038,0.0769,1200,0.011,0.0059,0.5949,0.626210526315789,2024-09-08 14:26:44,1,"Stefanie Dolson","Loss",0.5949,-0.5949,0.626210526315789,-0.626210526315789,"FPTS_Stefanie Dolson_2024-09-08"
2024-09-08,"FanDuel","MIN @ WAS",1022400207,"FPTS Exact","First Points","Player","Exact","Home/Away","Favorite/Underdog",0.0387,2486,0.0238,4100,0.0149,0.0076,0.7614,0.94,2024-09-08 14:26:44,1,"Ariel Atkins_layup","Loss",0.7614,-0.7614,0.94,-0.94,"FPTS Exact_Ariel Atkins_layup_2024-09-08"
2024-09-08,"FanDuel","MIN @ WAS",1022400207,"FPTS Exact","First Points","Player","Exact","Home/Away","Favorite/Underdog",0.0387,2486,0.0233,4200,0.0154,0.0079,0.7893,0.974444444444444,2024-09-08 17:56:56,8,"Ariel Atkins_layup","Loss",0.0279,-0.0279,0.0344444444444441,-0.0344444444444441,"FPTS Exact_Ariel Atkins_layup_2024-09-08"
2024-09-08,"FanDuel","MIN @ WAS",1022400207,"FPTS Exact","First Points","Player","Exact","Home/Away","Favorite/Underdog",0.0317,3053,0.0196,5000,0.0121,0.0062,0.6175,0.762345679012346,2024-09-08 14:26:44,5,"Courtney Williams_layup","Loss",0.6175,-0.6175,0.762345679012346,-0.762345679012346,"FPTS Exact_Courtney Williams_layup_2024-09-08"
2024-09-08,"MGM","MIN @ WAS",1022400207,"FPTS Team","First FGM","Player","Team","Home/Away","Favorite/Underdog",0.188,432,0.1667,500,0.0213,0.0128,1.2805,0.842434210526316,2024-09-08 14:26:44,1,"Alanna Smith","Loss",1.2805,-1.2805,0.842434210526316,-0.842434210526316,"FPTS Team_Alanna Smith_2024-09-08"
2024-09-08,"FanDuel","MIN @ WAS",1022400207,"FPTS Team","First Points","Player","Team","Home/Away","Favorite/Underdog",0.2217,351,0.1667,500,0.055,0.033,3.3,2.17105263157895,2024-09-08 12:27:14,1,"Courtney Williams","Loss",3.3,-3.3,2.17105263157895,-2.17105263157895,"FPTS Team_Courtney Williams_2024-09-08"
2024-09-08,"FanDuel","MIN @ WAS",1022400207,"FPTS Team","First Points","Player","Team","Home/Away","Favorite/Underdog",0.2217,351,0.1538,550,0.0678,0.0401,4.0076,2.63657894736842,2024-09-08 15:56:49,8,"Courtney Williams","Loss",0.7076,-0.7076,0.46552631578947,-0.46552631578947,"FPTS Team_Courtney Williams_2024-09-08"
2024-09-08,"MGM","MIN @ WAS",1022400207,"FPTS Team","First FGM","Player","Team","Home/Away","Favorite/Underdog",0.165,506,0.1538,550,0.0111,0.0066,0.6583,0.433092105263158,2024-09-08 14:26:44,1,"Julie Vanloo","Win",0.6583,3.62065,0.433092105263158,2.38200657894737,"FPTS Team_Julie Vanloo_2024-09-08"
2024-09-08,"BetRivers","MIN @ WAS",1022400207,"FTTS","First Points","Team","Quarter","Home/Away","Favorite/Underdog",0.544,-119,0.5,100,0.044,0.044,2.2002,1.60598540145985,2024-09-08 12:27:14,1,"1Q_WAS","Loss",2.2002,-2.2002,1.60598540145985,-1.60598540145985,"FTTS_1Q_WAS_2024-09-08"
2024-09-10,"FanDuel","CON @ LAS",1022400214,"FPTS","First Points","Player","Game","Home/Away","Favorite/Underdog",0.1212,725,0.1053,850,0.016,0.0089,0.8929,0.939894736842105,2024-09-10 12:26:52,1,"Azurá Stevens","Loss",0.8929,-0.8929,0.939894736842105,-0.939894736842105,"FPTS_Azurá Stevens_2024-09-10"
2024-09-10,"FanDuel","CON @ LAS",1022400214,"FPTS","First Points","Player","Game","Home/Away","Favorite/Underdog",0.0952,950,0.0833,1100,0.0119,0.0065,0.6492,0.683368421052632,2024-09-10 13:26:55,1,"DiJonai Carrington","Loss",0.6492,-0.6492,0.683368421052632,-0.683368421052632,"FPTS_DiJonai Carrington_2024-09-10"
2024-09-10,"MGM","CON @ LAS",1022400214,"FPTS","First FGM","Player","Game","Home/Away","Favorite/Underdog",0.0949,954,0.0769,1200,0.018,0.0097,0.9737,1.02494736842105,2024-09-11 01:56:58,2,"DiJonai Carrington","Loss",0.3245,-0.3245,0.341578947368418,-0.341578947368418,"FPTS_DiJonai Carrington_2024-09-10"
2024-09-10,"BetRivers","CON @ LAS",1022400214,"FPTS","First FGM","Player","Game","Home/Away","Favorite/Underdog",0.0966,935,0.0588,1600,0.0378,0.0201,2.008,2.11368421052632,2024-09-10 12:26:52,1,"Odyssey Sims","Win",2.008,32.128,2.11368421052632,33.8189473684211,"FPTS_Odyssey Sims_2024-09-10"
2024-09-10,"FanDuel","CON @ LAS",1022400214,"FPTS","First Points","Player","Game","Home/Away","Favorite/Underdog",0.0918,990,0.05,1900,0.0418,0.022,2.1975,2.31315789473684,2024-09-10 17:26:56,11,"Rae Burrell","Loss",0.2812,-0.2812,0.296,-0.296,"FPTS_Rae Burrell_2024-09-10"
2024-09-10,"FanDuel","CON @ LAS",1022400214,"FPTS","First Points","Player","Game","Home/Away","Favorite/Underdog",0.0918,990,0.0556,1700,0.0362,0.0192,1.9163,2.01715789473684,2024-09-10 13:26:55,3,"Rae Burrell","Loss",0.167,-0.167,0.17578947368421,-0.17578947368421,"FPTS_Rae Burrell_2024-09-10"
2024-09-10,"FanDuel","CON @ LAS",1022400214,"FPTS","First Points","Player","Game","Home/Away","Favorite/Underdog",0.0918,990,0.0588,1600,0.0329,0.0175,1.7493,1.84136842105263,2024-09-10 12:26:52,1,"Rae Burrell","Loss",1.7493,-1.7493,1.84136842105263,-1.84136842105263,"FPTS_Rae Burrell_2024-09-10"
2024-09-10,"FanDuel","CON @ LAS",1022400214,"FPTS Exact","First Points","Player","Exact","Home/Away","Favorite/Underdog",0.0366,2635,0.0263,3700,0.0102,0.0053,0.5262,0.64962962962963,2024-09-10 16:56:50,1,"Rae Burrell_layup","Loss",0.5262,-0.5262,0.64962962962963,-0.64962962962963,"FPTS Exact_Rae Burrell_layup_2024-09-10"
2024-09-10,"FanDuel","CON @ LAS",1022400214,"FPTS Team","First Points","Player","Team","Home/Away","Favorite/Underdog",0.2189,357,0.1961,410,0.0228,0.0142,1.4189,0.933486842105263,2024-09-10 12:26:52,1,"Azurá Stevens","Loss",1.4189,-1.4189,0.933486842105263,-0.933486842105263,"FPTS Team_Azurá Stevens_2024-09-10"
2024-09-10,"FanDuel","CON @ LAS",1022400214,"FPTS Team","First Points","Player","Team","Home/Away","Favorite/Underdog",0.2135,368,0.1724,480,0.0411,0.0248,2.4811,1.63230263157895,2024-09-10 13:26:55,3,"DiJonai Carrington","Loss",0.3563,-0.3563,0.23440789473684,-0.23440789473684,"FPTS Team_DiJonai Carrington_2024-09-10"
2024-09-10,"FanDuel","CON @ LAS",1022400214,"FPTS Team","First Points","Player","Team","Home/Away","Favorite/Underdog",0.2135,368,0.1786,460,0.0349,0.0212,2.1248,1.39789473684211,2024-09-10 12:56:51,2,"DiJonai Carrington","Loss",0.1899,-0.1899,0.12493421052632,-0.12493421052632,"FPTS Team_DiJonai Carrington_2024-09-10"
2024-09-10,"FanDuel","CON @ LAS",1022400214,"FPTS Team","First Points","Player","Team","Home/Away","Favorite/Underdog",0.2135,368,0.1818,450,0.0317,0.0193,1.9349,1.27296052631579,2024-09-10 12:26:52,1,"DiJonai Carrington","Loss",1.9349,-1.9349,1.27296052631579,-1.27296052631579,"FPTS Team_DiJonai Carrington_2024-09-10"
2024-09-10,"FanDuel","CON @ LAS",1022400214,"FPTS Team","First Points","Player","Team","Home/Away","Favorite/Underdog",0.1637,511,0.1,900,0.0637,0.0354,3.5385,2.32796052631579,2024-09-10 13:26:55,3,"Odyssey Sims","Win",0.2733,2.4597,0.17980263157895,1.61822368421055,"FPTS Team_Odyssey Sims_2024-09-10"
2024-09-10,"FanDuel","CON @ LAS",1022400214,"FPTS Team","First Points","Player","Team","Home/Away","Favorite/Underdog",0.1637,511,0.1053,850,0.0584,0.0327,3.2652,2.14815789473684,2024-09-10 12:26:52,1,"Odyssey Sims","Win",3.2652,27.7542,2.14815789473684,18.2593421052631,"FPTS Team_Odyssey Sims_2024-09-10"
2024-09-10,"MGM","CON @ LAS",1022400214,"FPTS Team","First FGM","Player","Team","Home/Away","Favorite/Underdog",0.1743,474,0.1053,850,0.069,0.0386,3.8552,2.53631578947368,2024-09-10 13:56:49,4,"Odyssey Sims","Win",0.3167,2.69195,0.20835526315789,1.77101973684206,"FPTS Team_Odyssey Sims_2024-09-10"
2024-09-10,"FanDuel","CON @ LAS",1022400214,"FPTS Team","First Points","Player","Team","Home/Away","Favorite/Underdog",0.1657,504,0.1053,850,0.0604,0.0337,3.3747,2.22019736842105,2024-09-10 12:26:52,1,"Rae Burrell","Loss",3.3747,-3.3747,2.22019736842105,-2.22019736842105,"FPTS Team_Rae Burrell_2024-09-10"
2024-09-10,"FanDuel","CON @ LAS",1022400214,"FPTS Team","First Points","Player","Team","Home/Away","Favorite/Underdog",0.1657,504,0.0909,1000,0.0747,0.0411,4.1109,2.70453947368421,2024-09-10 16:56:50,10,"Rae Burrell","Loss",0.7362,-0.7362,0.48434210526316,-0.48434210526316,"FPTS Team_Rae Burrell_2024-09-10"
2024-09-10,"FanDuel","CON @ LAS",1022400214,"FPTS Team","First Points","Player","Team","Home/Away","Favorite/Underdog",0.1533,552,0.1429,600,0.0104,0.0061,0.6068,0.399210526315789,2024-09-10 12:56:51,1,"Tyasha Harris","Loss",0.6068,-0.6068,0.399210526315789,-0.399210526315789,"FPTS Team_Tyasha Harris_2024-09-10"
2024-09-10,"MGM","MIN @ ATL",1022400212,"FPTS","First FGM","Player","Game","Home/Away","Favorite/Underdog",0.0958,943,0.0833,1100,0.0125,0.0068,0.6825,0.718421052631579,2024-09-10 22:56:53,1,"Alanna Smith","Win",0.6825,7.5075,0.718421052631579,7.90263157894737,"FPTS_Alanna Smith_2024-09-10"
2024-09-10,"BetRivers","MIN @ ATL",1022400212,"FPTS","First FGM","Player","Game","Home/Away","Favorite/Underdog",0.0724,1281,0.0588,1600,0.0136,0.0072,0.7208,0.758736842105263,2024-09-10 12:26:52,1,"Jordin Canada","Loss",0.7208,-0.7208,0.758736842105263,-0.758736842105263,"FPTS_Jordin Canada_2024-09-10"
2024-09-10,"FanDuel","MIN @ ATL",1022400212,"FPTS","First Points","Player","Game","Home/Away","Favorite/Underdog",0.0703,1321,0.0526,1800,0.0177,0.0094,0.9351,0.984315789473684,2024-09-10 22:56:53,22,"Jordin Canada","Loss",0.1519,-0.1519,0.159894736842105,-0.159894736842105,"FPTS_Jordin Canada_2024-09-10"
2024-09-10,"FanDuel","MIN @ ATL",1022400212,"FPTS","First Points","Player","Game","Home/Away","Favorite/Underdog",0.0703,1321,0.0556,1700,0.0148,0.0078,0.7832,0.824421052631579,2024-09-10 14:56:49,6,"Jordin Canada","Loss",0.0624,-0.0624,0.065684210526316,-0.065684210526316,"FPTS_Jordin Canada_2024-09-10"
2024-09-10,"FanDuel","MIN @ ATL",1022400212,"FPTS","First Points","Player","Game","Home/Away","Favorite/Underdog",0.0973,928,0.0769,1200,0.0203,0.011,1.1012,1.15915789473684,2024-09-10 15:26:54,7,"Kayla McBride","Loss",0.3419,-0.3419,0.359894736842103,-0.359894736842103,"FPTS_Kayla McBride_2024-09-10"
2024-09-10,"FanDuel","MIN @ ATL",1022400212,"FPTS","First Points","Player","Game","Home/Away","Favorite/Underdog",0.0973,928,0.0833,1100,0.0139,0.0076,0.7593,0.799263157894737,2024-09-10 12:26:52,1,"Kayla McBride","Loss",0.7593,-0.7593,0.799263157894737,-0.799263157894737,"FPTS_Kayla McBride_2024-09-10"
2024-09-10,"MGM","MIN @ ATL",1022400212,"FPTS","First FGM","Player","Game","Home/Away","Favorite/Underdog",0.1016,885,0.0769,1200,0.0246,0.0133,1.3344,1.40463157894737,2024-09-10 22:56:53,22,"Kayla McBride","Loss",0.2332,-0.2332,0.24547368421053,-0.24547368421053,"FPTS_Kayla McBride_2024-09-10"
2024-09-10,"MGM","MIN @ ATL",1022400212,"FPTS","First FGM","Player","Game","Home/Away","Favorite/Underdog",0.0784,1175,0.0588,1600,0.0196,0.0104,1.0419,1.09673684210526,2024-09-10 22:56:53,1,"Naz Hillmon","Loss",1.0419,-1.0419,1.09673684210526,-1.09673684210526,"FPTS_Naz Hillmon_2024-09-10"
2024-09-10,"FanDuel","MIN @ ATL",1022400212,"FPTS Exact","First Points","Player","Exact","Home/Away","Favorite/Underdog",0.0316,3067,0.0204,4800,0.0112,0.0057,0.5701,0.703827160493827,2024-09-10 12:26:52,1,"Kayla McBride_layup","Loss",0.5701,-0.5701,0.703827160493827,-0.703827160493827,"FPTS Exact_Kayla McBride_layup_2024-09-10"
2024-09-10,"FanDuel","MIN @ ATL",1022400212,"FPTS Exact","First Points","Player","Exact","Home/Away","Favorite/Underdog",0.0316,3067,0.02,4900,0.0116,0.0059,0.5906,0.729135802469136,2024-09-10 22:26:54,15,"Kayla McBride_layup","Loss",0.0205,-0.0205,0.025308641975309,-0.025308641975309,"FPTS Exact_Kayla McBride_layup_2024-09-10"
2024-09-10,"FanDuel","MIN @ ATL",1022400212,"FPTS Exact","First Points","Player","Exact","Home/Away","Favorite/Underdog",0.0321,3016,0.0217,4500,0.0104,0.0053,0.5291,0.65320987654321,2024-09-10 12:56:51,1,"Rhyne Howard_layup","Loss",0.5291,-0.5291,0.65320987654321,-0.65320987654321,"FPTS Exact_Rhyne Howard_layup_2024-09-10"
2024-09-10,"MGM","MIN @ ATL",1022400212,"FPTS Team","First FGM","Player","Team","Home/Away","Favorite/Underdog",0.1799,456,0.1667,500,0.0133,0.008,0.7967,0.524144736842105,2024-09-10 13:56:49,1,"Alanna Smith","Win",0.7967,3.9835,0.524144736842105,2.62072368421053,"FPTS Team_Alanna Smith_2024-09-10"
2024-09-10,"FanDuel","MIN @ ATL",1022400212,"FPTS Team","First Points","Player","Team","Home/Away","Favorite/Underdog",0.1504,565,0.1,900,0.0504,0.028,2.8003,1.84230263157895,2024-09-10 15:56:52,8,"Jordin Canada","Win",0.3375,3.0375,0.22203947368421,1.99835526315789,"FPTS Team_Jordin Canada_2024-09-10"
2024-09-10,"FanDuel","MIN @ ATL",1022400212,"FPTS Team","First Points","Player","Team","Home/Away","Favorite/Underdog",0.1504,565,0.1176,750,0.0328,0.0186,1.8563,1.22125,2024-09-10 12:26:52,1,"Jordin Canada","Win",1.8563,13.92225,1.22125,9.159375,"FPTS Team_Jordin Canada_2024-09-10"
2024-09-10,"MGM","MIN @ ATL",1022400212,"FPTS Team","First FGM","Player","Team","Home/Away","Favorite/Underdog",0.1549,546,0.1111,800,0.0438,0.0246,2.4628,1.62026315789474,2024-09-10 13:56:49,4,"Jordin Canada","Win",0.6065,4.852,0.39901315789474,3.19210526315792,"FPTS Team_Jordin Canada_2024-09-10"
2024-09-10,"FanDuel","MIN @ ATL",1022400212,"FPTS Team","First Points","Player","Team","Home/Away","Favorite/Underdog",0.1827,447,0.1538,550,0.0289,0.0171,1.7058,1.12223684210526,2024-09-10 12:26:52,1,"Kayla McBride","Loss",1.7058,-1.7058,1.12223684210526,-1.12223684210526,"FPTS Team_Kayla McBride_2024-09-10"
2024-09-10,"FanDuel","MIN @ ATL",1022400212,"FTTS","First Points","Team","Quarter","Home/Away","Favorite/Underdog",0.5323,-114,0.5146,-106,0.0177,0.0182,0.9121,0.665766423357664,2024-09-10 15:26:54,1,"1Q_MIN","Win",0.9121,0.860471698113208,0.665766423357664,0.628081531469494,"FTTS_1Q_MIN_2024-09-10"
2024-09-10,"FanDuel","MIN @ ATL",1022400212,"FTTS","First Points","Team","Quarter","Home/Away","Favorite/Underdog",0.5323,-114,0.5098,-104,0.0225,0.0229,1.146,0.836496350364963,2024-09-10 15:56:52,2,"1Q_MIN","Win",0.2339,0.224903846153846,0.170729927007299,0.164163391353172,"FTTS_1Q_MIN_2024-09-10"
2024-09-10,"BetRivers","NYL @ DAL",1022400213,"FPTS","First FGM","Player","Game","Home/Away","Favorite/Underdog",0.0778,1185,0.0588,1600,0.019,0.0101,1.0084,1.06147368421053,2024-09-10 12:26:52,1,"Arike Ogunbowale","Loss",1.0084,-1.0084,1.06147368421053,-1.06147368421053,"FPTS_Arike Ogunbowale_2024-09-10"
2024-09-10,"FanDuel","NYL @ DAL",1022400213,"FPTS","First Points","Player","Game","Home/Away","Favorite/Underdog",0.0783,1177,0.0556,1700,0.0227,0.012,1.2032,1.26652631578947,2024-09-10 14:26:50,5,"Arike Ogunbowale","Loss",0.1694,-0.1694,0.17831578947368,-0.17831578947368,"FPTS_Arike Ogunbowale_2024-09-10"
2024-09-10,"FanDuel","NYL @ DAL",1022400213,"FPTS","First Points","Player","Game","Home/Away","Favorite/Underdog",0.0783,1177,0.0588,1600,0.0195,0.0103,1.0338,1.08821052631579,2024-09-10 13:26:55,3,"Arike Ogunbowale","Loss",0.0254000000000001,-0.0254000000000001,0.0267368421052601,-0.0267368421052601,"FPTS_Arike Ogunbowale_2024-09-10"
2024-09-10,"FanDuel","NYL @ DAL",1022400213,"FPTS","First Points","Player","Game","Home/Away","Favorite/Underdog",0.0606,1549,0.05,1900,0.0106,0.0056,0.5593,0.588736842105263,2024-09-10 12:26:52,1,"Jacy Sheldon","Loss",0.5593,-0.5593,0.588736842105263,-0.588736842105263,"FPTS_Jacy Sheldon_2024-09-10"
2024-09-10,"FanDuel","NYL @ DAL",1022400213,"FPTS","First Points","Player","Game","Home/Away","Favorite/Underdog",0.0907,1003,0.0667,1400,0.024,0.0129,1.2853,1.35294736842105,2024-09-10 21:56:52,1,"Satou Sabally","Loss",1.2853,-1.2853,1.35294736842105,-1.35294736842105,"FPTS_Satou Sabally_2024-09-10"
2024-09-10,"FanDuel","NYL @ DAL",1022400213,"FPTS Exact","First Points","Player","Exact","Home/Away","Favorite/Underdog",0.036,2678,0.0244,4000,0.0116,0.0059,0.595,0.734567901234568,2024-09-10 18:26:53,11,"Sabrina Ionescu_layup","Loss",0.0308999999999999,-0.0308999999999999,0.038148148148148,-0.038148148148148,"FPTS Exact_Sabrina Ionescu_layup_2024-09-10"
2024-09-10,"FanDuel","NYL @ DAL",1022400213,"FPTS Exact","First Points","Player","Exact","Home/Away","Favorite/Underdog",0.036,2678,0.025,3900,0.011,0.0056,0.5641,0.69641975308642,2024-09-10 13:56:49,3,"Sabrina Ionescu_layup","Loss",0.0325000000000001,-0.0325000000000001,0.040123456790124,-0.040123456790124,"FPTS Exact_Sabrina Ionescu_layup_2024-09-10"
2024-09-10,"FanDuel","NYL @ DAL",1022400213,"FPTS Exact","First Points","Player","Exact","Home/Away","Favorite/Underdog",0.036,2678,0.0256,3800,0.0104,0.0053,0.5316,0.656296296296296,2024-09-10 12:26:52,1,"Sabrina Ionescu_layup","Loss",0.5316,-0.5316,0.656296296296296,-0.656296296296296,"FPTS Exact_Sabrina Ionescu_layup_2024-09-10"
2024-09-10,"FanDuel","NYL @ DAL",1022400213,"FPTS Team","First Points","Player","Team","Home/Away","Favorite/Underdog",0.1688,493,0.125,700,0.0438,0.025,2.5003,1.64493421052632,2024-09-10 12:26:52,1,"Arike Ogunbowale","Loss",2.5003,-2.5003,1.64493421052632,-1.64493421052632,"FPTS Team_Arike Ogunbowale_2024-09-10"
2024-09-10,"FanDuel","NYL @ DAL",1022400213,"FPTS Team","First Points","Player","Team","Home/Away","Favorite/Underdog",0.1688,493,0.1176,750,0.0511,0.029,2.8961,1.90532894736842,2024-09-10 14:26:50,5,"Arike Ogunbowale","Loss",0.3958,-0.3958,0.2603947368421,-0.2603947368421,"FPTS Team_Arike Ogunbowale_2024-09-10"
2024-09-10,"FanDuel","NYL @ DAL",1022400213,"FPTS Team","First Points","Player","Team","Home/Away","Favorite/Underdog",0.1724,480,0.1538,550,0.0185,0.0109,1.0947,0.720197368421053,2024-09-10 23:56:54,1,"Betnijah Laney-Hamilton","Loss",1.0947,-1.0947,0.720197368421053,-0.720197368421053,"FPTS Team_Betnijah Laney-Hamilton_2024-09-10"
2024-09-10,"FanDuel","NYL @ DAL",1022400213,"FPTS Team","First Points","Player","Team","Home/Away","Favorite/Underdog",0.1307,665,0.0714,1300,0.0593,0.0319,3.1911,2.09940789473684,2024-09-10 21:56:52,20,"Jacy Sheldon","Loss",1.486,-1.486,0.97763157894737,-0.97763157894737,"FPTS Team_Jacy Sheldon_2024-09-10"
2024-09-10,"FanDuel","NYL @ DAL",1022400213,"FPTS Team","First Points","Player","Team","Home/Away","Favorite/Underdog",0.1307,665,0.1,900,0.0307,0.0171,1.7051,1.12177631578947,2024-09-10 13:56:49,4,"Jacy Sheldon","Loss",0.2841,-0.2841,0.186907894736838,-0.186907894736838,"FPTS Team_Jacy Sheldon_2024-09-10"
2024-09-10,"FanDuel","NYL @ DAL",1022400213,"FPTS Team","First Points","Player","Team","Home/Away","Favorite/Underdog",0.1307,665,0.1053,850,0.0254,0.0142,1.421,0.934868421052632,2024-09-10 12:26:52,1,"Jacy Sheldon","Loss",1.421,-1.421,0.934868421052632,-0.934868421052632,"FPTS Team_Jacy Sheldon_2024-09-10"
2024-09-10,"FanDuel","NYL @ DAL",1022400213,"FPTS Team","First Points","Player","Team","Home/Away","Favorite/Underdog",0.1954,412,0.1538,550,0.0416,0.0246,2.4575,1.61677631578947,2024-09-10 21:56:52,1,"Satou Sabally","Loss",2.4575,-2.4575,1.61677631578947,-1.61677631578947,"FPTS Team_Satou Sabally_2024-09-10"
2024-09-11,"FanDuel","LVA @ IND",1022400215,"FPTS","First Points","Player","Game","Home/Away","Favorite/Underdog",0.2033,392,0.1923,420,0.011,0.0068,0.6788,0.714526315789474,2024-09-11 16:26:32,1,"A'ja Wilson","Loss",0.6788,-0.6788,0.714526315789474,-0.714526315789474,"FPTS_A'ja Wilson_2024-09-11"
2024-09-11,"FanDuel","LVA @ IND",1022400215,"FPTS","First Points","Player","Game","Home/Away","Favorite/Underdog",0.1014,886,0.0909,1000,0.0105,0.0058,0.5757,0.606,2024-09-11 18:56:39,1,"Kelsey Mitchell","Win",0.5757,5.757,0.606,6.06,"FPTS_Kelsey Mitchell_2024-09-11"
2024-09-11,"FanDuel","LVA @ IND",1022400215,"FPTS","First Points","Player","Game","Home/Away","Favorite/Underdog",0.0694,1342,0.05,1900,0.0194,0.0102,1.0196,1.07326315789474,2024-09-11 12:27:10,1,"Lexie Hull","Loss",1.0196,-1.0196,1.07326315789474,-1.07326315789474,"FPTS_Lexie Hull_2024-09-11"
2024-09-11,"FanDuel","LVA @ IND",1022400215,"FPTS Exact","First Points","Player","Exact","Home/Away","Favorite/Underdog",0.1073,832,0.0952,950,0.0121,0.0067,0.669,0.825925925925926,2024-09-11 12:27:10,1,"A'ja Wilson_other_fg","Loss",0.669,-0.669,0.825925925925926,-0.825925925925926,"FPTS Exact_A'ja Wilson_other_fg_2024-09-11"
2024-09-11,"FanDuel","LVA @ IND",1022400215,"FPTS Exact","First Points","Player","Exact","Home/Away","Favorite/Underdog",0.0386,2494,0.0278,3500,0.0108,0.0055,0.5542,0.684197530864198,2024-09-11 18:56:39,1,"Kelsey Mitchell_layup","Win",0.5542,19.397,0.684197530864198,23.9469135802469,"FPTS Exact_Kelsey Mitchell_layup_2024-09-11"
2024-09-11,"FanDuel","LVA @ IND",1022400215,"FPTS Team","First Points","Player","Team","Home/Away","Favorite/Underdog",0.4087,145,0.3846,160,0.0241,0.0196,1.9592,1.28894736842105,2024-09-11 13:26:36,3,"A'ja Wilson","Win",0.5961,0.95376,0.392171052631576,0.627473684210521,"FPTS Team_A'ja Wilson_2024-09-11"
2024-09-11,"FanDuel","LVA @ IND",1022400215,"FPTS Team","First Points","Player","Team","Home/Away","Favorite/Underdog",0.4087,145,0.3922,155,0.0166,0.0136,1.3631,0.896776315789474,2024-09-11 12:27:10,1,"A'ja Wilson","Win",1.3631,2.112805,0.896776315789474,1.39000328947368,"FPTS Team_A'ja Wilson_2024-09-11"
2024-09-11,"MGM","LVA @ IND",1022400215,"FPTS Team","First FGM","Player","Team","Home/Away","Favorite/Underdog",0.4105,144,0.3571,180,0.0534,0.0415,4.1522,2.73171052631579,2024-09-11 22:56:43,21,"A'ja Wilson","Win",2.193,3.9474,1.44276315789474,2.59697368421054,"FPTS Team_A'ja Wilson_2024-09-11"
2024-09-11,"FanDuel","LVA @ IND",1022400215,"FPTS Team","First Points","Player","Team","Home/Away","Favorite/Underdog",0.2017,396,0.1724,480,0.0293,0.0177,1.7679,1.16309210526316,2024-09-11 20:56:37,15,"Kelsey Mitchell","Win",0.177,0.8496,0.11644736842105,0.55894736842104,"FPTS Team_Kelsey Mitchell_2024-09-11"
2024-09-11,"FanDuel","LVA @ IND",1022400215,"FPTS Team","First Points","Player","Team","Home/Away","Favorite/Underdog",0.2017,396,0.1754,470,0.0262,0.0159,1.5909,1.04664473684211,2024-09-11 18:56:39,11,"Kelsey Mitchell","Win",0.281,1.3207,0.184868421052636,0.868881578947389,"FPTS Team_Kelsey Mitchell_2024-09-11"
2024-09-11,"FanDuel","LVA @ IND",1022400215,"FPTS Team","First Points","Player","Team","Home/Away","Favorite/Underdog",0.2017,396,0.1887,430,0.013,0.008,0.8009,0.526907894736842,2024-09-11 12:27:10,1,"Kelsey Mitchell","Win",0.8009,3.44387,0.526907894736842,2.26570394736842,"FPTS Team_Kelsey Mitchell_2024-09-11"
2024-09-11,"MGM","LVA @ IND",1022400215,"FPTS Team","First FGM","Player","Team","Home/Away","Favorite/Underdog",0.2117,372,0.1905,425,0.0212,0.0131,1.3099,0.861776315789474,2024-09-11 15:56:38,5,"Kelsey Mitchell","Win",0.509,2.16325,0.334868421052632,1.42319078947369,"FPTS Team_Kelsey Mitchell_2024-09-11"
2024-09-11,"FanDuel","LVA @ IND",1022400215,"FPTS Team","First Points","Player","Team","Home/Away","Favorite/Underdog",0.138,625,0.0952,950,0.0428,0.0236,2.3635,1.55493421052632,2024-09-11 12:27:10,1,"Lexie Hull","Loss",2.3635,-2.3635,1.55493421052632,-1.55493421052632,"FPTS Team_Lexie Hull_2024-09-11"
2024-09-11,"FanDuel","LVA @ IND",1022400215,"FPTS Team","First Points","Player","Team","Home/Away","Favorite/Underdog",0.2352,325,0.2174,360,0.0178,0.0114,1.1362,0.7475,2024-09-11 18:56:39,1,"NaLyssa Smith","Loss",1.1362,-1.1362,0.7475,-0.7475,"FPTS Team_NaLyssa Smith_2024-09-11"
2024-09-11,"Caesars","SEA @ LAS",1022400217,"FPTS","First Points","Player","Game","Home/Away","Favorite/Underdog",0.1063,841,0.0952,950,0.011,0.0061,0.6095,0.641578947368421,2024-09-11 14:56:38,1,"Azurá Stevens","Loss",0.6095,-0.6095,0.641578947368421,-0.641578947368421,"FPTS_Azurá Stevens_2024-09-11"
2024-09-11,"FanDuel","SEA @ LAS",1022400217,"FPTS","First Points","Player","Game","Home/Away","Favorite/Underdog",0.1063,841,0.0909,1000,0.0154,0.0084,0.8447,0.889157894736842,2024-09-11 21:26:46,14,"Azurá Stevens","Loss",0.2352,-0.2352,0.247578947368421,-0.247578947368421,"FPTS_Azurá Stevens_2024-09-11"
2024-09-11,"FanDuel","SEA @ LAS",1022400217,"FPTS","First Points","Player","Game","Home/Away","Favorite/Underdog",0.0813,1130,0.0625,1500,0.0188,0.01,1.0034,1.05621052631579,2024-09-11 12:27:10,1,"Gabby Williams","Loss",1.0034,-1.0034,1.05621052631579,-1.05621052631579,"FPTS_Gabby Williams_2024-09-11"
2024-09-11,"BetRivers","SEA @ LAS",1022400217,"FPTS","First FGM","Player","Game","Home/Away","Favorite/Underdog",0.112,793,0.0909,1000,0.021,0.0116,1.1574,1.21831578947368,2024-09-11 12:27:10,1,"Jewell Loyd","Loss",1.1574,-1.1574,1.21831578947368,-1.21831578947368,"FPTS_Jewell Loyd_2024-09-11"
2024-09-11,"FanDuel","SEA @ LAS",1022400217,"FPTS","First Points","Player","Game","Home/Away","Favorite/Underdog",0.1127,788,0.0909,1000,0.0218,0.012,1.1964,1.25936842105263,2024-09-11 13:26:36,3,"Jewell Loyd","Loss",0.0389999999999999,-0.0389999999999999,0.0410526315789499,-0.0410526315789499,"FPTS_Jewell Loyd_2024-09-11"
2024-09-11,"FanDuel","SEA @ LAS",1022400217,"FPTS","First Points","Player","Game","Home/Away","Favorite/Underdog",0.0819,1121,0.0588,1600,0.023,0.0122,1.2242,1.28863157894737,2024-09-11 12:27:10,1,"Odyssey Sims","Loss",1.2242,-1.2242,1.28863157894737,-1.28863157894737,"FPTS_Odyssey Sims_2024-09-11"
2024-09-11,"ESPN","SEA @ LAS",1022400217,"FPTS","First Points","Player","Game","Home/Away","Favorite/Underdog",0.0827,1109,0.0556,1700,0.0272,0.0144,1.4379,1.51357894736842,2024-09-11 12:27:10,1,"Rae Burrell","Win",1.4379,24.4443,1.51357894736842,25.7308421052631,"FPTS_Rae Burrell_2024-09-11"
2024-09-11,"FanDuel","SEA @ LAS",1022400217,"FPTS","First Points","Player","Game","Home/Away","Favorite/Underdog",0.0827,1109,0.0526,1800,0.0301,0.0159,1.5878,1.67136842105263,2024-09-11 13:26:36,3,"Rae Burrell","Win",0.1499,2.6982,0.15778947368421,2.84021052631578,"FPTS_Rae Burrell_2024-09-11"
2024-09-11,"FanDuel","SEA @ LAS",1022400217,"FPTS Exact","First Points","Player","Exact","Home/Away","Favorite/Underdog",0.0358,2695,0.0256,3800,0.0101,0.0052,0.5203,0.642345679012346,2024-09-11 14:26:33,1,"Dearica Hamby_other_fg","Loss",0.5203,-0.5203,0.642345679012346,-0.642345679012346,"FPTS Exact_Dearica Hamby_other_fg_2024-09-11"
2024-09-11,"FanDuel","SEA @ LAS",1022400217,"FPTS Exact","First Points","Player","Exact","Home/Away","Favorite/Underdog",0.0358,2695,0.025,3900,0.0108,0.0055,0.5529,0.682592592592593,2024-09-11 22:26:40,12,"Dearica Hamby_other_fg","Loss",0.0326,-0.0326,0.040246913580247,-0.040246913580247,"FPTS Exact_Dearica Hamby_other_fg_2024-09-11"
2024-09-11,"FanDuel","SEA @ LAS",1022400217,"FPTS Exact","First Points","Player","Exact","Home/Away","Favorite/Underdog",0.0369,2612,0.0263,3700,0.0106,0.0054,0.5423,0.669506172839506,2024-09-11 13:26:36,1,"Jewell Loyd_layup","Loss",0.5423,-0.5423,0.669506172839506,-0.669506172839506,"FPTS Exact_Jewell Loyd_layup_2024-09-11"
2024-09-11,"FanDuel","SEA @ LAS",1022400217,"FPTS Exact","First Points","Player","Exact","Home/Away","Favorite/Underdog",0.0369,2612,0.0256,3800,0.0112,0.0058,0.5766,0.711851851851852,2024-09-11 14:56:38,2,"Jewell Loyd_layup","Loss",0.0343,-0.0343,0.042345679012346,-0.042345679012346,"FPTS Exact_Jewell Loyd_layup_2024-09-11"
2024-09-11,"FanDuel","SEA @ LAS",1022400217,"FPTS Team","First Points","Player","Team","Home/Away","Favorite/Underdog",0.2122,371,0.2,400,0.0122,0.0076,0.7637,0.502434210526316,2024-09-11 16:56:30,1,"Azurá Stevens","Loss",0.7637,-0.7637,0.502434210526316,-0.502434210526316,"FPTS Team_Azurá Stevens_2024-09-11"
2024-09-11,"FanDuel","SEA @ LAS",1022400217,"FPTS Team","First Points","Player","Team","Home/Away","Favorite/Underdog",0.2122,371,0.1961,410,0.0161,0.01,1.0039,0.660460526315789,2024-09-11 21:26:46,6,"Azurá Stevens","Loss",0.2402,-0.2402,0.158026315789473,-0.158026315789473,"FPTS Team_Azurá Stevens_2024-09-11"
2024-09-11,"FanDuel","SEA @ LAS",1022400217,"FPTS Team","First Points","Player","Team","Home/Away","Favorite/Underdog",0.1629,514,0.1176,750,0.0452,0.0256,2.5626,1.68592105263158,2024-09-11 12:27:10,1,"Gabby Williams","Loss",2.5626,-2.5626,1.68592105263158,-1.68592105263158,"FPTS Team_Gabby Williams_2024-09-11"
2024-09-11,"FanDuel","SEA @ LAS",1022400217,"FPTS Team","First Points","Player","Team","Home/Away","Favorite/Underdog",0.1629,514,0.1111,800,0.0518,0.0291,2.9114,1.91539473684211,2024-09-11 18:26:39,13,"Gabby Williams","Loss",0.3488,-0.3488,0.22947368421053,-0.22947368421053,"FPTS Team_Gabby Williams_2024-09-11"
2024-09-11,"FanDuel","SEA @ LAS",1022400217,"FPTS Team","First Points","Player","Team","Home/Away","Favorite/Underdog",0.2257,343,0.1695,490,0.0562,0.0338,3.3816,2.22473684210526,2024-09-11 12:27:10,1,"Jewell Loyd","Loss",3.3816,-3.3816,2.22473684210526,-2.22473684210526,"FPTS Team_Jewell Loyd_2024-09-11"
2024-09-11,"FanDuel","SEA @ LAS",1022400217,"FPTS Team","First Points","Player","Team","Home/Away","Favorite/Underdog",0.2257,343,0.1667,500,0.059,0.0354,3.5396,2.32868421052632,2024-09-11 13:26:36,3,"Jewell Loyd","Loss",0.158,-0.158,0.10394736842106,-0.10394736842106,"FPTS Team_Jewell Loyd_2024-09-11"
2024-09-11,"FanDuel","SEA @ LAS",1022400217,"FPTS Team","First Points","Player","Team","Home/Away","Favorite/Underdog",0.1635,512,0.125,700,0.0385,0.022,2.1995,1.44703947368421,2024-09-11 12:27:10,1,"Odyssey Sims","Loss",2.1995,-2.1995,1.44703947368421,-1.44703947368421,"FPTS Team_Odyssey Sims_2024-09-11"
2024-09-11,"MGM","SEA @ LAS",1022400217,"FPTS Team","First FGM","Player","Team","Home/Away","Favorite/Underdog",0.1736,476,0.1333,650,0.0403,0.0233,2.3258,1.53013157894737,2024-09-11 15:56:38,8,"Odyssey Sims","Loss",0.1263,-0.1263,0.0830921052631599,-0.0830921052631599,"FPTS Team_Odyssey Sims_2024-09-11"
2024-09-11,"FanDuel","SEA @ LAS",1022400217,"FPTS Team","First Points","Player","Team","Home/Away","Favorite/Underdog",0.1652,505,0.125,700,0.0402,0.023,2.2963,1.51072368421053,2024-09-11 12:27:10,1,"Rae Burrell","Win",2.2963,16.0741,1.51072368421053,10.5750657894737,"FPTS Team_Rae Burrell_2024-09-11"
2024-09-11,"FanDuel","SEA @ LAS",1022400217,"FPTS Team","First Points","Player","Team","Home/Away","Favorite/Underdog",0.1652,505,0.1111,800,0.0541,0.0304,3.0417,2.00111842105263,2024-09-11 13:26:36,3,"Rae Burrell","Win",0.7454,5.9632,0.4903947368421,3.9231578947368,"FPTS Team_Rae Burrell_2024-09-11"
2024-09-11,"FanDuel","SEA @ LAS",1022400217,"FPTS Team","First Points","Player","Team","Home/Away","Favorite/Underdog",0.194,415,0.1724,480,0.0216,0.0131,1.3061,0.859276315789474,2024-09-11 14:56:38,6,"Skylar Diggins-Smith","Loss",0.1786,-0.1786,0.1175,-0.1175,"FPTS Team_Skylar Diggins-Smith_2024-09-11"
2024-09-11,"FanDuel","SEA @ LAS",1022400217,"FPTS Team","First Points","Player","Team","Home/Away","Favorite/Underdog",0.194,415,0.1754,470,0.0186,0.0113,1.1275,0.741776315789474,2024-09-11 13:56:34,4,"Skylar Diggins-Smith","Loss",0.1864,-0.1864,0.122631578947369,-0.122631578947369,"FPTS Team_Skylar Diggins-Smith_2024-09-11"
2024-09-11,"FanDuel","SEA @ LAS",1022400217,"FPTS Team","First Points","Player","Team","Home/Away","Favorite/Underdog",0.194,415,0.1786,460,0.0155,0.0094,0.9411,0.619144736842105,2024-09-11 12:27:10,1,"Skylar Diggins-Smith","Loss",0.9411,-0.9411,0.619144736842105,-0.619144736842105,"FPTS Team_Skylar Diggins-Smith_2024-09-11"
2024-09-11,"FanDuel","SEA @ LAS",1022400217,"FTTS","First Points","Team","Quarter","Home/Away","Favorite/Underdog",0.5007,-100,0.4854,106,0.0153,0.0149,0.7437,0.542846715328467,2024-09-11 14:26:33,1,"1Q_LAS","Win",0.7437,0.788322,0.542846715328467,0.575417518248175,"FTTS_1Q_LAS_2024-09-11"
2024-09-11,"FanDuel","SEA @ LAS",1022400217,"FTTS","First Points","Team","Quarter","Home/Away","Favorite/Underdog",0.5007,-100,0.4808,108,0.02,0.0192,0.9618,0.702043795620438,2024-09-11 22:26:40,17,"1Q_LAS","Win",0.2181,0.235548,0.159197080291971,0.171932846715329,"FTTS_1Q_LAS_2024-09-11"
2024-09-11,"FanDuel","WAS @ CHI",1022400216,"FPTS","First Points","Player","Game","Home/Away","Favorite/Underdog",0.0953,949,0.0833,1100,0.012,0.0065,0.6533,0.687684210526316,2024-09-11 16:26:32,1,"Aaliyah Edwards","Loss",0.6533,-0.6533,0.687684210526316,-0.687684210526316,"FPTS_Aaliyah Edwards_2024-09-11"
2024-09-11,"FanDuel","WAS @ CHI",1022400216,"FPTS","First Points","Player","Game","Home/Away","Favorite/Underdog",0.0953,949,0.0769,1200,0.0184,0.01,0.996,1.04842105263158,2024-09-11 19:26:39,7,"Aaliyah Edwards","Loss",0.3427,-0.3427,0.360736842105264,-0.360736842105264,"FPTS_Aaliyah Edwards_2024-09-11"
2024-09-11,"FanDuel","WAS @ CHI",1022400216,"FPTS","First Points","Player","Game","Home/Away","Favorite/Underdog",0.1036,865,0.0909,1000,0.0127,0.007,0.7002,0.737052631578947,2024-09-11 21:26:46,1,"Ariel Atkins","Loss",0.7002,-0.7002,0.737052631578947,-0.737052631578947,"FPTS_Ariel Atkins_2024-09-11"
2024-09-11,"Caesars","WAS @ CHI",1022400216,"FPTS","First Points","Player","Game","Home/Away","Favorite/Underdog",0.1292,674,0.1176,750,0.0116,0.0066,0.6574,0.692,2024-09-11 14:26:33,1,"Isabelle Harrison","Loss",0.6574,-0.6574,0.692,-0.692,"FPTS_Isabelle Harrison_2024-09-11"
2024-09-11,"FanDuel","WAS @ CHI",1022400216,"FPTS","First Points","Player","Game","Home/Away","Favorite/Underdog",0.1292,674,0.1111,800,0.0181,0.0102,1.0202,1.07389473684211,2024-09-11 21:26:46,15,"Isabelle Harrison","Loss",0.3628,-0.3628,0.38189473684211,-0.38189473684211,"FPTS_Isabelle Harrison_2024-09-11"
2024-09-11,"FanDuel","WAS @ CHI",1022400216,"FPTS","First Points","Player","Game","Home/Away","Favorite/Underdog",0.0703,1323,0.0556,1700,0.0147,0.0078,0.7781,0.819052631578947,2024-09-11 20:56:37,1,"Julie Vanloo","Loss",0.7781,-0.7781,0.819052631578947,-0.819052631578947,"FPTS_Julie Vanloo_2024-09-11"
2024-09-11,"FanDuel","WAS @ CHI",1022400216,"FPTS","First Points","Player","Game","Home/Away","Favorite/Underdog",0.0703,1323,0.0526,1800,0.0176,0.0093,0.93,0.978947368421053,2024-09-11 22:26:40,4,"Julie Vanloo","Loss",0.1519,-0.1519,0.159894736842106,-0.159894736842106,"FPTS_Julie Vanloo_2024-09-11"
2024-09-11,"FanDuel","WAS @ CHI",1022400216,"FPTS","First Points","Player","Game","Home/Away","Favorite/Underdog",0.079,1166,0.0667,1400,0.0123,0.0066,0.6609,0.695684210526316,2024-09-11 20:26:41,1,"Stefanie Dolson","Loss",0.6609,-0.6609,0.695684210526316,-0.695684210526316,"FPTS_Stefanie Dolson_2024-09-11"
2024-09-11,"FanDuel","WAS @ CHI",1022400216,"FPTS","First Points","Player","Game","Home/Away","Favorite/Underdog",0.079,1166,0.0625,1500,0.0165,0.0088,0.8802,0.926526315789474,2024-09-11 20:56:37,2,"Stefanie Dolson","Loss",0.2193,-0.2193,0.230842105263158,-0.230842105263158,"FPTS_Stefanie Dolson_2024-09-11"
2024-09-11,"FanDuel","WAS @ CHI",1022400216,"FPTS Exact","First Points","Player","Exact","Home/Away","Favorite/Underdog",0.033,2928,0.0196,5000,0.0134,0.0068,0.6845,0.845061728395062,2024-09-11 12:27:10,1,"Ariel Atkins_layup","Loss",0.6845,-0.6845,0.845061728395062,-0.845061728395062,"FPTS Exact_Ariel Atkins_layup_2024-09-11"
2024-09-11,"FanDuel","WAS @ CHI",1022400216,"FPTS Exact","First Points","Player","Exact","Home/Away","Favorite/Underdog",0.0603,1558,0.05,1900,0.0103,0.0054,0.5426,0.669876543209876,2024-09-11 21:56:46,1,"Isabelle Harrison_other_fg","Loss",0.5426,-0.5426,0.669876543209876,-0.669876543209876,"FPTS Exact_Isabelle Harrison_other_fg_2024-09-11"
2024-09-11,"FanDuel","WAS @ CHI",1022400216,"FPTS Team","First Points","Player","Team","Home/Away","Favorite/Underdog",0.2394,318,0.1754,470,0.064,0.0388,3.8802,2.55276315789474,2024-09-11 21:26:46,19,"Isabelle Harrison","Loss",0.1759,-0.1759,0.11572368421053,-0.11572368421053,"FPTS Team_Isabelle Harrison_2024-09-11"
2024-09-11,"FanDuel","WAS @ CHI",1022400216,"FPTS Team","First Points","Player","Team","Home/Away","Favorite/Underdog",0.2394,318,0.1786,460,0.0609,0.037,3.7043,2.43703947368421,2024-09-11 20:56:37,18,"Isabelle Harrison","Loss",0.3758,-0.3758,0.24723684210526,-0.24723684210526,"FPTS Team_Isabelle Harrison_2024-09-11"
2024-09-11,"FanDuel","WAS @ CHI",1022400216,"FPTS Team","First Points","Player","Team","Home/Away","Favorite/Underdog",0.2394,318,0.1852,440,0.0542,0.0333,3.3285,2.18980263157895,2024-09-11 19:26:39,15,"Isabelle Harrison","Loss",0.201,-0.201,0.13223684210527,-0.13223684210527,"FPTS Team_Isabelle Harrison_2024-09-11"
2024-09-11,"FanDuel","WAS @ CHI",1022400216,"FPTS Team","First Points","Player","Team","Home/Away","Favorite/Underdog",0.2394,318,0.1887,430,0.0507,0.0313,3.1275,2.05756578947368,2024-09-11 17:26:32,11,"Isabelle Harrison","Loss",0.2105,-0.2105,0.13848684210526,-0.13848684210526,"FPTS Team_Isabelle Harrison_2024-09-11"
2024-09-11,"FanDuel","WAS @ CHI",1022400216,"FPTS Team","First Points","Player","Team","Home/Away","Favorite/Underdog",0.2394,318,0.1923,420,0.0471,0.0292,2.917,1.91907894736842,2024-09-11 16:56:30,10,"Isabelle Harrison","Loss",0.2209,-0.2209,0.14532894736842,-0.14532894736842,"FPTS Team_Isabelle Harrison_2024-09-11"
2024-09-11,"FanDuel","WAS @ CHI",1022400216,"FPTS Team","First Points","Player","Team","Home/Away","Favorite/Underdog",0.2394,318,0.1961,410,0.0433,0.027,2.6961,1.77375,2024-09-11 14:26:33,5,"Isabelle Harrison","Loss",0.2318,-0.2318,0.1525,-0.1525,"FPTS Team_Isabelle Harrison_2024-09-11"
2024-09-11,"FanDuel","WAS @ CHI",1022400216,"FPTS Team","First Points","Player","Team","Home/Away","Favorite/Underdog",0.2394,318,0.2,400,0.0394,0.0246,2.4643,1.62125,2024-09-11 12:56:33,2,"Isabelle Harrison","Loss",0.2438,-0.2438,0.16039473684211,-0.16039473684211,"FPTS Team_Isabelle Harrison_2024-09-11"
2024-09-11,"FanDuel","WAS @ CHI",1022400216,"FPTS Team","First Points","Player","Team","Home/Away","Favorite/Underdog",0.2394,318,0.2041,390,0.0353,0.0222,2.2205,1.46085526315789,2024-09-11 12:27:10,1,"Isabelle Harrison","Loss",2.2205,-2.2205,1.46085526315789,-1.46085526315789,"FPTS Team_Isabelle Harrison_2024-09-11"
2024-09-11,"FanDuel","WAS @ CHI",1022400216,"FPTS Team","First Points","Player","Team","Home/Away","Favorite/Underdog",0.1527,555,0.1333,650,0.0193,0.0112,1.1153,0.73375,2024-09-11 20:56:37,1,"Julie Vanloo","Loss",1.1153,-1.1153,0.73375,-0.73375,"FPTS Team_Julie Vanloo_2024-09-11"
2024-09-11,"FanDuel","WAS @ CHI",1022400216,"FPTS Team","First Points","Player","Team","Home/Away","Favorite/Underdog",0.1422,603,0.1111,800,0.0311,0.0175,1.748,1.15,2024-09-11 16:56:30,9,"Lindsay Allen","Loss",0.2284,-0.2284,0.150263157894737,-0.150263157894737,"FPTS Team_Lindsay Allen_2024-09-11"
2024-09-11,"FanDuel","WAS @ CHI",1022400216,"FPTS Team","First Points","Player","Team","Home/Away","Favorite/Underdog",0.1422,603,0.125,700,0.0172,0.0098,0.9821,0.646118421052632,2024-09-11 12:27:10,1,"Lindsay Allen","Loss",0.9821,-0.9821,0.646118421052632,-0.646118421052632,"FPTS Team_Lindsay Allen_2024-09-11"
2024-09-11,"MGM","WAS @ CHI",1022400216,"FPTS Team","First FGM","Player","Team","Home/Away","Favorite/Underdog",0.1516,560,0.125,700,0.0266,0.0152,1.5196,0.999736842105263,2024-09-11 15:56:38,7,"Lindsay Allen","Loss",0.5375,-0.5375,0.353618421052631,-0.353618421052631,"FPTS Team_Lindsay Allen_2024-09-11"
2024-09-11,"FanDuel","WAS @ CHI",1022400216,"FPTS Team","First Points","Player","Team","Home/Away","Favorite/Underdog",0.1717,482,0.1538,550,0.0178,0.0105,1.0538,0.693289473684211,2024-09-11 20:56:37,1,"Stefanie Dolson","Loss",1.0538,-1.0538,0.693289473684211,-0.693289473684211,"FPTS Team_Stefanie Dolson_2024-09-11"
2024-09-11,"FanDuel","WAS @ CHI",1022400216,"FTTS","First Points","Team","Quarter","Home/Away","Favorite/Underdog",0.4602,117,0.4098,144,0.0503,0.0427,2.1326,1.55664233576642,2024-09-11 12:27:10,1,"1Q_WAS","Win",2.1326,3.070944,1.55664233576642,2.24156496350364,"FTTS_1Q_WAS_2024-09-11"
2024-09-11,"FanDuel","WAS @ CHI",1022400216,"FTTS","First Points","Team","Quarter","Home/Away","Favorite/Underdog",0.4602,117,0.4065,146,0.0537,0.0452,2.261,1.65036496350365,2024-09-11 14:26:33,5,"1Q_WAS","Win",0.1284,0.187464,0.0937226277372298,0.136835036496356,"FTTS_1Q_WAS_2024-09-11"
2024-09-12,"FanDuel","NYL @ DAL",1022400218,"FPTS","First Points","Player","Game","Home/Away","Favorite/Underdog",0.0794,1160,0.0667,1400,0.0127,0.0068,0.6818,0.717684210526316,2024-09-12 22:57:01,1,"Arike Ogunbowale","Loss",0.6818,-0.6818,0.717684210526316,-0.717684210526316,"FPTS_Arike Ogunbowale_2024-09-12"
2024-09-12,"BetRivers","NYL @ DAL",1022400218,"FPTS","First FGM","Player","Game","Home/Away","Favorite/Underdog",0.0896,1016,0.0769,1200,0.0127,0.0069,0.6871,0.723263157894737,2024-09-12 12:27:16,1,"Betnijah Laney-Hamilton","Loss",0.6871,-0.6871,0.723263157894737,-0.723263157894737,"FPTS_Betnijah Laney-Hamilton_2024-09-12"
2024-09-12,"Draft Kings","NYL @ DAL",1022400218,"FPTS","First FGM","Player","Game","Home/Away","Favorite/Underdog",0.0896,1016,0.0625,1500,0.0271,0.0145,1.4458,1.52189473684211,2024-09-12 17:56:54,12,"Betnijah Laney-Hamilton","Loss",0.7587,-0.7587,0.798631578947373,-0.798631578947373,"FPTS_Betnijah Laney-Hamilton_2024-09-12"
2024-09-12,"Draft Kings","NYL @ DAL",1022400218,"FPTS","First FGM","Player","Game","Home/Away","Favorite/Underdog",0.0826,1111,0.0714,1300,0.0111,0.006,0.6002,0.63178947368421,2024-09-12 12:27:16,1,"Courtney Vandersloot","Loss",0.6002,-0.6002,0.63178947368421,-0.63178947368421,"FPTS_Courtney Vandersloot_2024-09-12"
2024-09-12,"Draft Kings","NYL @ DAL",1022400218,"FPTS","First FGM","Player","Game","Home/Away","Favorite/Underdog",0.0681,1369,0.0526,1800,0.0154,0.0081,0.8141,0.856947368421053,2024-09-12 12:27:16,1,"Jacy Sheldon","Loss",0.8141,-0.8141,0.856947368421053,-0.856947368421053,"FPTS_Jacy Sheldon_2024-09-12"
2024-09-12,"BetRivers","NYL @ DAL",1022400218,"FPTS","First FGM","Player","Game","Home/Away","Favorite/Underdog",0.0928,977,0.0667,1400,0.0261,0.014,1.4007,1.47442105263158,2024-09-12 12:27:16,1,"Satou Sabally","Loss",1.4007,-1.4007,1.47442105263158,-1.47442105263158,"FPTS_Satou Sabally_2024-09-12"
2024-09-12,"FanDuel","NYL @ DAL",1022400218,"FPTS","First Points","Player","Game","Home/Away","Favorite/Underdog",0.095,952,0.0556,1700,0.0395,0.0209,2.0904,2.20042105263158,2024-09-12 22:57:01,22,"Satou Sabally","Loss",0.3548,-0.3548,0.37347368421053,-0.37347368421053,"FPTS_Satou Sabally_2024-09-12"
2024-09-12,"FanDuel","NYL @ DAL",1022400218,"FPTS","First Points","Player","Game","Home/Away","Favorite/Underdog",0.095,952,0.0625,1500,0.0325,0.0174,1.7356,1.82694736842105,2024-09-12 14:27:00,5,"Satou Sabally","Loss",0.2155,-0.2155,0.22684210526316,-0.22684210526316,"FPTS_Satou Sabally_2024-09-12"
2024-09-12,"FanDuel","NYL @ DAL",1022400218,"FPTS","First Points","Player","Game","Home/Away","Favorite/Underdog",0.095,952,0.0667,1400,0.0284,0.0152,1.5201,1.60010526315789,2024-09-12 12:56:52,2,"Satou Sabally","Loss",0.1194,-0.1194,0.12568421052631,-0.12568421052631,"FPTS_Satou Sabally_2024-09-12"
2024-09-12,"FanDuel","NYL @ DAL",1022400218,"FPTS Exact","First Points","Player","Exact","Home/Away","Favorite/Underdog",0.0309,3141,0.02,4900,0.0109,0.0055,0.5536,0.683456790123457,2024-09-12 12:27:16,1,"Satou Sabally_other_fg","Loss",0.5536,-0.5536,0.683456790123457,-0.683456790123457,"FPTS Exact_Satou Sabally_other_fg_2024-09-12"
2024-09-12,"FanDuel","NYL @ DAL",1022400218,"FPTS Exact","First Points","Player","Exact","Home/Away","Favorite/Underdog",0.0309,3141,0.0196,5000,0.0112,0.0057,0.5734,0.707901234567901,2024-09-12 13:26:57,3,"Satou Sabally_other_fg","Loss",0.0198,-0.0198,0.024444444444444,-0.024444444444444,"FPTS Exact_Satou Sabally_other_fg_2024-09-12"
2024-09-12,"FanDuel","NYL @ DAL",1022400218,"FPTS Team","First Points","Player","Team","Home/Away","Favorite/Underdog",0.1687,493,0.1538,550,0.0149,0.0088,0.8778,0.5775,2024-09-12 22:57:01,1,"Arike Ogunbowale","Loss",0.8778,-0.8778,0.5775,-0.5775,"FPTS Team_Arike Ogunbowale_2024-09-12"
2024-09-12,"FanDuel","NYL @ DAL",1022400218,"FPTS Team","First Points","Player","Team","Home/Away","Favorite/Underdog",0.165,506,0.1333,650,0.0316,0.0183,1.8254,1.20092105263158,2024-09-12 12:27:16,1,"Betnijah Laney-Hamilton","Loss",1.8254,-1.8254,1.20092105263158,-1.20092105263158,"FPTS Team_Betnijah Laney-Hamilton_2024-09-12"
2024-09-12,"FanDuel","NYL @ DAL",1022400218,"FPTS Team","First Points","Player","Team","Home/Away","Favorite/Underdog",0.1435,597,0.1333,650,0.0102,0.0059,0.5894,0.387763157894737,2024-09-12 12:56:52,1,"Courtney Vandersloot","Loss",0.5894,-0.5894,0.387763157894737,-0.387763157894737,"FPTS Team_Courtney Vandersloot_2024-09-12"
2024-09-12,"MGM","NYL @ DAL",1022400218,"FPTS Team","First FGM","Player","Team","Home/Away","Favorite/Underdog",0.157,537,0.1333,650,0.0237,0.0137,1.3677,0.899802631578947,2024-09-12 13:26:57,2,"Courtney Vandersloot","Loss",0.7783,-0.7783,0.51203947368421,-0.51203947368421,"FPTS Team_Courtney Vandersloot_2024-09-12"
2024-09-12,"MGM","NYL @ DAL",1022400218,"FPTS Team","First FGM","Player","Team","Home/Away","Favorite/Underdog",0.1435,597,0.1333,650,0.0102,0.0059,0.5881,0.386907894736842,2024-09-12 13:26:57,1,"Jacy Sheldon","Loss",0.5881,-0.5881,0.386907894736842,-0.386907894736842,"FPTS Team_Jacy Sheldon_2024-09-12"
2024-09-12,"FanDuel","NYL @ DAL",1022400218,"FPTS Team","First Points","Player","Team","Home/Away","Favorite/Underdog",0.1357,637,0.125,700,0.0107,0.0061,0.6119,0.402565789473684,2024-09-12 22:57:01,20,"Jacy Sheldon","Loss",0.0238,-0.0238,0.015657894736842,-0.015657894736842,"FPTS Team_Jacy Sheldon_2024-09-12"
2024-09-12,"FanDuel","NYL @ DAL",1022400218,"FPTS Team","First Points","Player","Team","Home/Away","Favorite/Underdog",0.2019,395,0.1111,800,0.0908,0.0511,5.1097,3.36164473684211,2024-09-12 23:27:08,23,"Satou Sabally","Loss",0.3326,-0.3326,0.21881578947369,-0.21881578947369,"FPTS Team_Satou Sabally_2024-09-12"
2024-09-12,"FanDuel","NYL @ DAL",1022400218,"FPTS Team","First Points","Player","Team","Home/Away","Favorite/Underdog",0.2019,395,0.1176,750,0.0843,0.0478,4.7771,3.14282894736842,2024-09-12 22:57:01,22,"Satou Sabally","Loss",1.33,-1.33,0.875,-0.875,"FPTS Team_Satou Sabally_2024-09-12"
2024-09-12,"FanDuel","NYL @ DAL",1022400218,"FPTS Team","First Points","Player","Team","Home/Away","Favorite/Underdog",0.2019,395,0.1429,600,0.0591,0.0345,3.4471,2.26782894736842,2024-09-12 12:56:52,2,"Satou Sabally","Loss",0.6046,-0.6046,0.39776315789474,-0.39776315789474,"FPTS Team_Satou Sabally_2024-09-12"
2024-09-12,"FanDuel","NYL @ DAL",1022400218,"FPTS Team","First Points","Player","Team","Home/Away","Favorite/Underdog",0.2019,395,0.1538,550,0.0481,0.0284,2.8425,1.87006578947368,2024-09-12 12:27:16,1,"Satou Sabally","Loss",2.8425,-2.8425,1.87006578947368,-1.87006578947368,"FPTS Team_Satou Sabally_2024-09-12"
2024-09-12,"FanDuel","NYL @ DAL",1022400218,"FTTS","First Points","Team","Quarter","Home/Away","Favorite/Underdog",0.4706,112,0.4587,118,0.0119,0.011,0.5499,0.401386861313869,2024-09-12 14:27:00,1,"1Q_DAL","Loss",0.5499,-0.5499,0.401386861313869,-0.401386861313869,"FTTS_1Q_DAL_2024-09-12"
2024-09-13,"Draft Kings","CHI @ MIN",1022400222,"FPTS","First FGM","Player","Game","Home/Away","Favorite/Underdog",0.1362,634,0.0526,1800,0.0835,0.0441,4.4093,4.64136842105263,2024-09-13 12:27:36,1,"Isabelle Harrison","Loss",4.4093,-4.4093,4.64136842105263,-4.64136842105263,"FPTS_Isabelle Harrison_2024-09-13"
2024-09-13,"Draft Kings","CHI @ MIN",1022400222,"FPTS","First FGM","Player","Game","Home/Away","Favorite/Underdog",0.0879,1038,0.0588,1600,0.029,0.0154,1.5432,1.62442105263158,2024-09-13 12:27:36,1,"Lindsay Allen","Loss",1.5432,-1.5432,1.62442105263158,-1.62442105263158,"FPTS_Lindsay Allen_2024-09-13"
2024-09-13,"Draft Kings","CHI @ MIN",1022400222,"FPTS","First FGM","Player","Game","Home/Away","Favorite/Underdog",0.0984,916,0.0588,1600,0.0396,0.0211,2.1051,2.21589473684211,2024-09-13 12:27:36,1,"Michaela Onyenwere","Loss",2.1051,-2.1051,2.21589473684211,-2.21589473684211,"FPTS_Michaela Onyenwere_2024-09-13"
2024-09-13,"FanDuel","CHI @ MIN",1022400222,"FPTS Exact","First Points","Player","Exact","Home/Away","Favorite/Underdog",0.057,1655,0.0455,2100,0.0115,0.006,0.6031,0.744567901234568,2024-09-13 12:27:36,1,"Isabelle Harrison_layup","Loss",0.6031,-0.6031,0.744567901234568,-0.744567901234568,"FPTS Exact_Isabelle Harrison_layup_2024-09-13"
2024-09-13,"FanDuel","CHI @ MIN",1022400222,"FPTS Exact","First Points","Player","Exact","Home/Away","Favorite/Underdog",0.057,1655,0.0435,2200,0.0135,0.0071,0.7051,0.870493827160494,2024-09-13 21:56:52,13,"Isabelle Harrison_layup","Loss",0.102,-0.102,0.125925925925926,-0.125925925925926,"FPTS Exact_Isabelle Harrison_layup_2024-09-13"
2024-09-13,"FanDuel","CHI @ MIN",1022400222,"FPTS Exact","First Points","Player","Exact","Home/Away","Favorite/Underdog",0.0635,1476,0.0385,2500,0.025,0.013,1.2999,1.60481481481481,2024-09-13 12:27:36,1,"Isabelle Harrison_other_fg","Loss",1.2999,-1.2999,1.60481481481481,-1.60481481481481,"FPTS Exact_Isabelle Harrison_other_fg_2024-09-13"
2024-09-13,"FanDuel","CHI @ MIN",1022400222,"FPTS Exact","First Points","Player","Exact","Home/Away","Favorite/Underdog",0.0635,1476,0.037,2600,0.0264,0.0137,1.3719,1.6937037037037,2024-09-13 21:56:52,20,"Isabelle Harrison_other_fg","Loss",0.0719999999999998,-0.0719999999999998,0.0888888888888899,-0.0888888888888899,"FPTS Exact_Isabelle Harrison_other_fg_2024-09-13"
2024-09-13,"FanDuel","CHI @ MIN",1022400222,"FPTS Exact","First Points","Player","Exact","Home/Away","Favorite/Underdog",0.0296,3276,0.0196,5000,0.01,0.0051,0.5104,0.630123456790123,2024-09-13 12:27:36,1,"Michaela Onyenwere_other_fg","Loss",0.5104,-0.5104,0.630123456790123,-0.630123456790123,"FPTS Exact_Michaela Onyenwere_other_fg_2024-09-13"
2024-09-13,"FanDuel","CHI @ MIN",1022400222,"FPTS Team","First Points","Player","Team","Home/Away","Favorite/Underdog",0.2364,323,0.1429,600,0.0935,0.0546,5.4559,3.58940789473684,2024-09-13 12:27:36,1,"Isabelle Harrison","Loss",5.4559,-5.4559,3.58940789473684,-3.58940789473684,"FPTS Team_Isabelle Harrison_2024-09-13"
2024-09-13,"MGM","CHI @ MIN",1022400222,"FPTS Team","First FGM","Player","Team","Home/Away","Favorite/Underdog",0.2416,314,0.1333,650,0.1083,0.0625,6.247,4.10986842105263,2024-09-13 14:27:15,5,"Isabelle Harrison","Loss",0.7911,-0.7911,0.52046052631579,-0.52046052631579,"FPTS Team_Isabelle Harrison_2024-09-13"
2024-09-13,"FanDuel","CHI @ MIN",1022400222,"FPTS Team","First Points","Player","Team","Home/Away","Favorite/Underdog",0.1848,441,0.1667,500,0.0181,0.0109,1.0871,0.715197368421053,2024-09-13 12:27:36,1,"Kayla McBride","Loss",1.0871,-1.0871,0.715197368421053,-0.715197368421053,"FPTS Team_Kayla McBride_2024-09-13"
2024-09-13,"FanDuel","CHI @ MIN",1022400222,"FPTS Team","First Points","Player","Team","Home/Away","Favorite/Underdog",0.1848,441,0.1538,550,0.0309,0.0183,1.8282,1.20276315789474,2024-09-13 15:28:07,7,"Kayla McBride","Loss",0.7411,-0.7411,0.487565789473687,-0.487565789473687,"FPTS Team_Kayla McBride_2024-09-13"
2024-09-13,"FanDuel","CHI @ MIN",1022400222,"FPTS Team","First Points","Player","Team","Home/Away","Favorite/Underdog",0.144,594,0.1176,750,0.0263,0.0149,1.4931,0.982302631578947,2024-09-13 12:27:36,1,"Lindsay Allen","Loss",1.4931,-1.4931,0.982302631578947,-0.982302631578947,"FPTS Team_Lindsay Allen_2024-09-13"
2024-09-13,"FanDuel","CHI @ MIN",1022400222,"FPTS Team","First Points","Player","Team","Home/Away","Favorite/Underdog",0.144,594,0.1111,800,0.0329,0.0185,1.8498,1.21697368421053,2024-09-13 17:56:41,12,"Lindsay Allen","Loss",0.3567,-0.3567,0.234671052631583,-0.234671052631583,"FPTS Team_Lindsay Allen_2024-09-13"
2024-09-13,"FanDuel","CHI @ MIN",1022400222,"FPTS Team","First Points","Player","Team","Home/Away","Favorite/Underdog",0.1778,463,0.1429,600,0.0349,0.0204,2.0362,1.33960526315789,2024-09-13 12:27:36,1,"Michaela Onyenwere","Loss",2.0362,-2.0362,1.33960526315789,-1.33960526315789,"FPTS Team_Michaela Onyenwere_2024-09-13"
2024-09-13,"ESPN","CON @ PHO",1022400223,"FPTS","First Points","Player","Game","Home/Away","Favorite/Underdog",0.0915,993,0.0714,1300,0.0201,0.0108,1.0809,1.13778947368421,2024-09-13 12:27:36,1,"DiJonai Carrington","Loss",1.0809,-1.0809,1.13778947368421,-1.13778947368421,"FPTS_DiJonai Carrington_2024-09-13"
2024-09-13,"Draft Kings","CON @ PHO",1022400223,"FPTS","First FGM","Player","Game","Home/Away","Favorite/Underdog",0.0941,962,0.0588,1600,0.0353,0.0188,1.8754,1.97410526315789,2024-09-13 12:27:36,1,"Natasha Cloud","Loss",1.8754,-1.8754,1.97410526315789,-1.97410526315789,"FPTS_Natasha Cloud_2024-09-13"
2024-09-13,"Fanatics","CON @ PHO",1022400223,"FPTS","First FGM","Player","Game","Home/Away","Favorite/Underdog",0.1003,897,0.0625,1500,0.0378,0.0202,2.0157,2.12178947368421,2024-09-13 23:56:49,24,"Natasha Cloud","Loss",0.1403,-0.1403,0.14768421052632,-0.14768421052632,"FPTS_Natasha Cloud_2024-09-13"
2024-09-13,"Draft Kings","CON @ PHO",1022400223,"FPTS","First FGM","Player","Game","Home/Away","Favorite/Underdog",0.0899,1013,0.0667,1400,0.0232,0.0124,1.2424,1.30778947368421,2024-09-13 12:27:36,1,"Sophie Cunningham","Loss",1.2424,-1.2424,1.30778947368421,-1.30778947368421,"FPTS_Sophie Cunningham_2024-09-13"
2024-09-13,"Fanatics","CON @ PHO",1022400223,"FPTS","First FGM","Player","Game","Home/Away","Favorite/Underdog",0.0957,944,0.0714,1300,0.0243,0.0131,1.3095,1.37842105263158,2024-09-13 23:56:49,24,"Sophie Cunningham","Loss",0.0671000000000002,-0.0671000000000002,0.0706315789473702,-0.0706315789473702,"FPTS_Sophie Cunningham_2024-09-13"
2024-09-13,"Draft Kings","CON @ PHO",1022400223,"FPTS","First FGM","Player","Game","Home/Away","Favorite/Underdog",0.0665,1404,0.0526,1800,0.0138,0.0073,0.7307,0.769157894736842,2024-09-13 12:27:36,1,"Tyasha Harris","Loss",0.7307,-0.7307,0.769157894736842,-0.769157894736842,"FPTS_Tyasha Harris_2024-09-13"
2024-09-13,"FanDuel","CON @ PHO",1022400223,"FPTS Team","First Points","Player","Team","Home/Away","Favorite/Underdog",0.2161,363,0.1724,480,0.0436,0.0264,2.6367,1.73467105263158,2024-09-13 18:56:49,14,"DiJonai Carrington","Loss",0.1737,-0.1737,0.11427631578947,-0.11427631578947,"FPTS Team_DiJonai Carrington_2024-09-13"
2024-09-13,"FanDuel","CON @ PHO",1022400223,"FPTS Team","First Points","Player","Team","Home/Away","Favorite/Underdog",0.2161,363,0.1754,470,0.0406,0.0246,2.463,1.62039473684211,2024-09-13 15:28:07,7,"DiJonai Carrington","Loss",0.1813,-0.1813,0.11927631578948,-0.11927631578948,"FPTS Team_DiJonai Carrington_2024-09-13"
2024-09-13,"FanDuel","CON @ PHO",1022400223,"FPTS Team","First Points","Player","Team","Home/Away","Favorite/Underdog",0.2161,363,0.1786,460,0.0375,0.0228,2.2817,1.50111842105263,2024-09-13 13:57:18,4,"DiJonai Carrington","Loss",0.1894,-0.1894,0.12460526315789,-0.12460526315789,"FPTS Team_DiJonai Carrington_2024-09-13"
2024-09-13,"FanDuel","CON @ PHO",1022400223,"FPTS Team","First Points","Player","Team","Home/Away","Favorite/Underdog",0.2161,363,0.1818,450,0.0342,0.0209,2.0923,1.37651315789474,2024-09-13 12:27:36,1,"DiJonai Carrington","Loss",2.0923,-2.0923,1.37651315789474,-1.37651315789474,"FPTS Team_DiJonai Carrington_2024-09-13"
2024-09-13,"FanDuel","CON @ PHO",1022400223,"FPTS Team","First Points","Player","Team","Home/Away","Favorite/Underdog",0.1668,499,0.1111,800,0.0557,0.0313,3.1334,2.06144736842105,2024-09-14 00:26:45,25,"Natasha Cloud","Loss",0.6978,-0.6978,0.45907894736842,-0.45907894736842,"FPTS Team_Natasha Cloud_2024-09-13"
2024-09-13,"FanDuel","CON @ PHO",1022400223,"FPTS Team","First Points","Player","Team","Home/Away","Favorite/Underdog",0.1668,499,0.1176,750,0.0492,0.0279,2.7862,1.83302631578947,2024-09-13 23:56:49,24,"Natasha Cloud","Loss",2.4356,-2.4356,1.60236842105263,-1.60236842105263,"FPTS Team_Natasha Cloud_2024-09-13"
2024-09-13,"FanDuel","CON @ PHO",1022400223,"FPTS Team","First Points","Player","Team","Home/Away","Favorite/Underdog",0.1553,544,0.1333,650,0.022,0.0127,1.2666,0.83328947368421,2024-09-14 01:56:33,28,"Tyasha Harris","Loss",0.4042,-0.4042,0.265921052631578,-0.265921052631578,"FPTS Team_Tyasha Harris_2024-09-13"
2024-09-13,"FanDuel","CON @ PHO",1022400223,"FPTS Team","First Points","Player","Team","Home/Away","Favorite/Underdog",0.1553,544,0.1429,600,0.0124,0.0073,0.7251,0.477039473684211,2024-09-13 12:27:36,1,"Tyasha Harris","Loss",0.7251,-0.7251,0.477039473684211,-0.477039473684211,"FPTS Team_Tyasha Harris_2024-09-13"
2024-09-13,"MGM","CON @ PHO",1022400223,"FPTS Team","First FGM","Player","Team","Home/Away","Favorite/Underdog",0.1576,534,0.1429,600,0.0148,0.0086,0.8624,0.567368421052632,2024-09-13 13:27:20,3,"Tyasha Harris","Loss",0.1373,-0.1373,0.090328947368421,-0.090328947368421,"FPTS Team_Tyasha Harris_2024-09-13"
2024-09-13,"BetRivers","LVA @ IND",1022400220,"FPTS","First FGM","Player","Game","Home/Away","Favorite/Underdog",0.0833,1101,0.0667,1400,0.0166,0.0089,0.8906,0.937473684210526,2024-09-13 12:27:36,1,"Lexie Hull","Loss",0.4453,-0.4453,0.468736842105263,-0.468736842105263,"FPTS_Lexie Hull_2024-09-13"
2024-09-13,"Draft Kings","LVA @ IND",1022400220,"FPTS","First FGM","Player","Game","Home/Away","Favorite/Underdog",0.0833,1101,0.0667,1400,0.0166,0.0089,0.8906,0.937473684210526,2024-09-13 12:27:36,1,"Lexie Hull","Loss",0.4453,-0.4453,0.468736842105263,-0.468736842105263,"FPTS_Lexie Hull_2024-09-13"
2024-09-13,"Draft Kings","LVA @ IND",1022400220,"FPTS","First FGM","Player","Game","Home/Away","Favorite/Underdog",0.118,747,0.0909,1000,0.0271,0.0149,1.4911,1.56957894736842,2024-09-13 12:27:36,1,"NaLyssa Smith","Loss",1.4911,-1.4911,1.56957894736842,-1.56957894736842,"FPTS_NaLyssa Smith_2024-09-13"
2024-09-13,"FanDuel","LVA @ IND",1022400220,"FPTS Team","First Points","Player","Team","Home/Away","Favorite/Underdog",0.1467,582,0.1333,650,0.0134,0.0077,0.7708,0.507105263157895,2024-09-13 12:27:36,1,"Chelsea Gray","Loss",0.7708,-0.7708,0.507105263157895,-0.507105263157895,"FPTS Team_Chelsea Gray_2024-09-13"
2024-09-13,"FanDuel","LVA @ IND",1022400220,"FPTS Team","First Points","Player","Team","Home/Away","Favorite/Underdog",0.1473,579,0.1176,750,0.0297,0.0168,1.6824,1.10684210526316,2024-09-13 12:27:36,1,"Lexie Hull","Loss",1.6824,-1.6824,1.10684210526316,-1.10684210526316,"FPTS Team_Lexie Hull_2024-09-13"
2024-09-13,"FanDuel","LVA @ IND",1022400220,"FPTS Team","First Points","Player","Team","Home/Away","Favorite/Underdog",0.1473,579,0.1111,800,0.0362,0.0204,2.0377,1.34059210526316,2024-09-13 13:57:18,4,"Lexie Hull","Loss",0.3553,-0.3553,0.23375,-0.23375,"FPTS Team_Lexie Hull_2024-09-13"
2024-09-13,"FanDuel","LVA @ IND",1022400220,"FPTS Team","First Points","Player","Team","Home/Away","Favorite/Underdog",0.2226,349,0.1786,460,0.0441,0.0268,2.6817,1.76427631578947,2024-09-13 12:27:36,1,"NaLyssa Smith","Loss",2.6817,-2.6817,1.76427631578947,-1.76427631578947,"FPTS Team_NaLyssa Smith_2024-09-13"
2024-09-13,"MGM","LVA @ IND",1022400220,"FPTS Team","First FGM","Player","Team","Home/Away","Favorite/Underdog",0.23,335,0.1818,450,0.0482,0.0294,2.9449,1.93743421052632,2024-09-13 13:57:18,4,"NaLyssa Smith","Loss",0.2632,-0.2632,0.17315789473685,-0.17315789473685,"FPTS Team_NaLyssa Smith_2024-09-13"
2024-09-13,"FanDuel","SEA @ DAL",1022400221,"FPTS","First Points","Player","Game","Home/Away","Favorite/Underdog",0.0864,1057,0.0667,1400,0.0198,0.0106,1.0587,1.11442105263158,2024-09-13 13:27:20,1,"Arike Ogunbowale","Loss",1.0587,-1.0587,1.11442105263158,-1.11442105263158,"FPTS_Arike Ogunbowale_2024-09-13"
2024-09-13,"FanDuel","SEA @ DAL",1022400221,"FPTS","First Points","Player","Game","Home/Away","Favorite/Underdog",0.0864,1057,0.0625,1500,0.0239,0.0128,1.2762,1.34336842105263,2024-09-13 14:27:15,3,"Arike Ogunbowale","Loss",0.2175,-0.2175,0.22894736842105,-0.22894736842105,"FPTS_Arike Ogunbowale_2024-09-13"
2024-09-13,"Draft Kings","SEA @ DAL",1022400221,"FPTS","First FGM","Player","Game","Home/Away","Favorite/Underdog",0.0875,1043,0.0556,1700,0.0319,0.0169,1.6908,1.77978947368421,2024-09-13 12:27:36,1,"Gabby Williams","Loss",1.6908,-1.6908,1.77978947368421,-1.77978947368421,"FPTS_Gabby Williams_2024-09-13"
2024-09-13,"Draft Kings","SEA @ DAL",1022400221,"FPTS","First FGM","Player","Game","Home/Away","Favorite/Underdog",0.0718,1293,0.0526,1800,0.0191,0.0101,1.0102,1.06336842105263,2024-09-13 12:27:36,1,"Jacy Sheldon","Win",1.0102,18.1836,1.06336842105263,19.1406315789473,"FPTS_Jacy Sheldon_2024-09-13"
2024-09-13,"FanDuel","SEA @ DAL",1022400221,"FPTS","First Points","Player","Game","Home/Away","Favorite/Underdog",0.0767,1204,0.0556,1700,0.0211,0.0112,1.1186,1.17747368421053,2024-09-13 23:26:51,23,"Jacy Sheldon","Win",0.1084,1.8428,0.1141052631579,1.9397894736843,"FPTS_Jacy Sheldon_2024-09-13"
2024-09-13,"Draft Kings","SEA @ DAL",1022400221,"FPTS","First FGM","Player","Game","Home/Away","Favorite/Underdog",0.1115,796,0.0833,1100,0.0282,0.0154,1.539,1.62,2024-09-13 12:27:36,1,"Jewell Loyd","Loss",1.539,-1.539,1.62,-1.62,"FPTS_Jewell Loyd_2024-09-13"
2024-09-13,"Draft Kings","SEA @ DAL",1022400221,"FPTS","First FGM","Player","Game","Home/Away","Favorite/Underdog",0.1112,799,0.0625,1500,0.0487,0.026,2.5972,2.73389473684211,2024-09-13 17:28:11,11,"Satou Sabally","Loss",2.4891,-2.4891,2.62010526315789,-2.62010526315789,"FPTS_Satou Sabally_2024-09-13"
2024-09-13,"FanDuel","SEA @ DAL",1022400221,"FPTS","First Points","Player","Game","Home/Away","Favorite/Underdog",0.0957,945,0.0588,1600,0.0368,0.0196,1.9571,2.0601052631579,2024-09-13 13:27:20,3,"Satou Sabally","Loss",0.1081,-0.1081,0.11378947368422,-0.11378947368422,"FPTS_Satou Sabally_2024-09-13"
2024-09-13,"FanDuel","SEA @ DAL",1022400221,"FPTS Exact","First Points","Player","Exact","Home/Away","Favorite/Underdog",0.0311,3111,0.0204,4800,0.0107,0.0055,0.5481,0.676666666666667,2024-09-13 17:28:11,1,"Arike Ogunbowale_layup","Loss",0.5481,-0.5481,0.676666666666667,-0.676666666666667,"FPTS Exact_Arike Ogunbowale_layup_2024-09-13"
2024-09-13,"FanDuel","SEA @ DAL",1022400221,"FPTS Exact","First Points","Player","Exact","Home/Away","Favorite/Underdog",0.0345,2795,0.0196,5000,0.0149,0.0076,0.7618,0.940493827160494,2024-09-13 17:28:11,1,"Satou Sabally_other_fg","Loss",0.7618,-0.7618,0.940493827160494,-0.940493827160494,"FPTS Exact_Satou Sabally_other_fg_2024-09-13"
2024-09-13,"FanDuel","SEA @ DAL",1022400221,"FPTS Team","First Points","Player","Team","Home/Away","Favorite/Underdog",0.1744,473,0.1333,650,0.0411,0.0237,2.3692,1.55868421052632,2024-09-13 13:27:20,1,"Arike Ogunbowale","Loss",2.3692,-2.3692,1.55868421052632,-1.55868421052632,"FPTS Team_Arike Ogunbowale_2024-09-13"
2024-09-13,"FanDuel","SEA @ DAL",1022400221,"FPTS Team","First Points","Player","Team","Home/Away","Favorite/Underdog",0.1633,512,0.1176,750,0.0457,0.0259,2.5895,1.70361842105263,2024-09-13 12:27:36,1,"Gabby Williams","Loss",2.5895,-2.5895,1.70361842105263,-1.70361842105263,"FPTS Team_Gabby Williams_2024-09-13"
2024-09-13,"MGM","SEA @ DAL",1022400221,"FPTS Team","First FGM","Player","Team","Home/Away","Favorite/Underdog",0.1731,478,0.1176,750,0.0554,0.0314,3.1416,2.06684210526316,2024-09-13 13:57:18,4,"Gabby Williams","Loss",0.5521,-0.5521,0.36322368421053,-0.36322368421053,"FPTS Team_Gabby Williams_2024-09-13"
2024-09-13,"FanDuel","SEA @ DAL",1022400221,"FPTS Team","First Points","Player","Team","Home/Away","Favorite/Underdog",0.1548,546,0.125,700,0.0298,0.017,1.7032,1.12052631578947,2024-09-13 23:26:51,20,"Jacy Sheldon","Win",1.0223,7.1561,0.672565789473681,4.70796052631576,"FPTS Team_Jacy Sheldon_2024-09-13"
2024-09-13,"MGM","SEA @ DAL",1022400221,"FPTS Team","First FGM","Player","Team","Home/Away","Favorite/Underdog",0.1451,589,0.1333,650,0.0118,0.0068,0.6809,0.447960526315789,2024-09-13 13:57:18,1,"Jacy Sheldon","Win",0.6809,4.42585,0.447960526315789,2.91174342105263,"FPTS Team_Jacy Sheldon_2024-09-13"
2024-09-13,"FanDuel","SEA @ DAL",1022400221,"FPTS Team","First Points","Player","Team","Home/Away","Favorite/Underdog",0.2207,353,0.1695,490,0.0512,0.0308,3.0817,2.02743421052632,2024-09-13 12:27:36,1,"Jewell Loyd","Loss",3.0817,-3.0817,2.02743421052632,-2.02743421052632,"FPTS Team_Jewell Loyd_2024-09-13"
2024-09-13,"FanDuel","SEA @ DAL",1022400221,"FPTS Team","First Points","Player","Team","Home/Away","Favorite/Underdog",0.2207,353,0.1667,500,0.054,0.0324,3.2407,2.13203947368421,2024-09-13 12:57:16,2,"Jewell Loyd","Loss",0.159,-0.159,0.10460526315789,-0.10460526315789,"FPTS Team_Jewell Loyd_2024-09-13"
2024-09-13,"FanDuel","SEA @ DAL",1022400221,"FPTS Team","First Points","Player","Team","Home/Away","Favorite/Underdog",0.193,418,0.1176,750,0.0754,0.0427,4.2719,2.81046052631579,2024-09-13 14:27:15,5,"Satou Sabally","Loss",0.827599999999999,-0.827599999999999,0.54447368421053,-0.54447368421053,"FPTS Team_Satou Sabally_2024-09-13"
2024-09-13,"FanDuel","SEA @ DAL",1022400221,"FPTS Team","First Points","Player","Team","Home/Away","Favorite/Underdog",0.2147,366,0.1333,650,0.0814,0.047,4.6952,3.08894736842105,2024-09-13 17:28:11,11,"Satou Sabally","Loss",0.9406,-0.9406,0.61881578947368,-0.61881578947368,"FPTS Team_Satou Sabally_2024-09-13"
2024-09-13,"FanDuel","SEA @ DAL",1022400221,"FPTS Team","First Points","Player","Team","Home/Away","Favorite/Underdog",0.193,418,0.1429,600,0.0502,0.0293,2.927,1.92565789473684,2024-09-13 12:57:16,2,"Satou Sabally","Loss",0.6114,-0.6114,0.40223684210526,-0.40223684210526,"FPTS Team_Satou Sabally_2024-09-13"
2024-09-13,"FanDuel","SEA @ DAL",1022400221,"FPTS Team","First Points","Player","Team","Home/Away","Favorite/Underdog",0.193,418,0.1538,550,0.0392,0.0232,2.3156,1.52342105263158,2024-09-13 12:27:36,1,"Satou Sabally","Loss",2.3156,-2.3156,1.52342105263158,-1.52342105263158,"FPTS Team_Satou Sabally_2024-09-13"
2024-09-13,"FanDuel","SEA @ DAL",1022400221,"FPTS Team","First Points","Player","Team","Home/Away","Favorite/Underdog",0.1905,425,0.1695,490,0.021,0.0127,1.2662,0.833026315789474,2024-09-13 13:27:20,3,"Skylar Diggins-Smith","Loss",0.3515,-0.3515,0.23125,-0.23125,"FPTS Team_Skylar Diggins-Smith_2024-09-13"
2024-09-13,"FanDuel","SEA @ DAL",1022400221,"FPTS Team","First Points","Player","Team","Home/Away","Favorite/Underdog",0.1905,425,0.1754,470,0.0151,0.0091,0.9147,0.601776315789474,2024-09-13 12:57:16,2,"Skylar Diggins-Smith","Loss",0.1872,-0.1872,0.123157894736842,-0.123157894736842,"FPTS Team_Skylar Diggins-Smith_2024-09-13"
2024-09-13,"FanDuel","SEA @ DAL",1022400221,"FPTS Team","First Points","Player","Team","Home/Away","Favorite/Underdog",0.1905,425,0.1786,460,0.012,0.0073,0.7275,0.478618421052632,2024-09-13 12:27:36,1,"Skylar Diggins-Smith","Loss",0.7275,-0.7275,0.478618421052632,-0.478618421052632,"FPTS Team_Skylar Diggins-Smith_2024-09-13"
2024-09-13,"FanDuel","SEA @ DAL",1022400221,"FTTS","First Points","Team","Quarter","Home/Away","Favorite/Underdog",0.4954,102,0.4717,112,0.0237,0.0224,1.1196,0.817226277372263,2024-09-13 17:28:11,9,"1Q_DAL","Win",0.4067,0.455504,0.296861313868613,0.332484671532847,"FTTS_1Q_DAL_2024-09-13"
2024-09-13,"FanDuel","SEA @ DAL",1022400221,"FTTS","First Points","Team","Quarter","Home/Away","Favorite/Underdog",0.4956,102,0.4808,108,0.0148,0.0143,0.7129,0.52036496350365,2024-09-13 14:27:15,3,"1Q_DAL","Win",0.2203,0.237924,0.16080291970803,0.173667153284672,"FTTS_1Q_DAL_2024-09-13"
2024-09-13,"FanDuel","SEA @ DAL",1022400221,"FTTS","First Points","Team","Quarter","Home/Away","Favorite/Underdog",0.4956,102,0.4854,106,0.0101,0.0099,0.4926,0.35956204379562,2024-09-13 13:27:20,1,"1Q_DAL","Win",0.4926,0.522156,0.35956204379562,0.381135766423357,"FTTS_1Q_DAL_2024-09-13"
2024-09-13,"BetRivers","WAS @ ATL",1022400219,"FPTS","First FGM","Player","Game","Home/Away","Favorite/Underdog",0.1109,802,0.0909,1000,0.02,0.011,1.0976,1.15536842105263,2024-09-13 12:27:36,1,"Aaliyah Edwards","Loss",1.0976,-1.0976,1.15536842105263,-1.15536842105263,"FPTS_Aaliyah Edwards_2024-09-13"
2024-09-13,"FanDuel","WAS @ ATL",1022400219,"FPTS","First Points","Player","Game","Home/Away","Favorite/Underdog",0.1118,795,0.0833,1100,0.0284,0.0155,1.551,1.63263157894737,2024-09-13 20:56:51,18,"Aaliyah Edwards","Loss",0.4037,-0.4037,0.42494736842105,-0.42494736842105,"FPTS_Aaliyah Edwards_2024-09-13"
2024-09-13,"FanDuel","WAS @ ATL",1022400219,"FPTS","First Points","Player","Game","Home/Away","Favorite/Underdog",0.1118,795,0.0909,1000,0.0209,0.0115,1.1473,1.20768421052632,2024-09-13 15:58:34,8,"Aaliyah Edwards","Loss",0.0497000000000001,-0.0497000000000001,0.0523157894736899,-0.0523157894736899,"FPTS_Aaliyah Edwards_2024-09-13"
2024-09-13,"FanDuel","WAS @ ATL",1022400219,"FPTS","First Points","Player","Game","Home/Away","Favorite/Underdog",0.1162,760,0.1053,850,0.011,0.0061,0.6123,0.644526315789474,2024-09-13 18:56:49,1,"Ariel Atkins","Loss",0.6123,-0.6123,0.644526315789474,-0.644526315789474,"FPTS_Ariel Atkins_2024-09-13"
2024-09-13,"Draft Kings","WAS @ ATL",1022400219,"FPTS","First FGM","Player","Game","Home/Away","Favorite/Underdog",0.0736,1258,0.0588,1600,0.0148,0.0079,0.7861,0.827473684210526,2024-09-13 12:27:36,1,"Jordin Canada","Loss",0.7861,-0.7861,0.827473684210526,-0.827473684210526,"FPTS_Jordin Canada_2024-09-13"
2024-09-13,"BetRivers","WAS @ ATL",1022400219,"FPTS","First FGM","Player","Game","Home/Away","Favorite/Underdog",0.089,1024,0.0667,1400,0.0223,0.012,1.1959,1.25884210526316,2024-09-13 12:27:36,1,"Julie Vanloo","Loss",1.1959,-1.1959,1.25884210526316,-1.25884210526316,"FPTS_Julie Vanloo_2024-09-13"
2024-09-13,"FanDuel","WAS @ ATL",1022400219,"FPTS","First Points","Player","Game","Home/Away","Favorite/Underdog",0.0839,1092,0.0526,1800,0.0313,0.0165,1.6516,1.73852631578947,2024-09-13 21:56:52,20,"Julie Vanloo","Loss",0.318,-0.318,0.33473684210526,-0.33473684210526,"FPTS_Julie Vanloo_2024-09-13"
2024-09-13,"FanDuel","WAS @ ATL",1022400219,"FPTS","First Points","Player","Game","Home/Away","Favorite/Underdog",0.0839,1092,0.0588,1600,0.0251,0.0133,1.3336,1.40378947368421,2024-09-13 13:57:18,4,"Julie Vanloo","Loss",0.1377,-0.1377,0.14494736842105,-0.14494736842105,"FPTS_Julie Vanloo_2024-09-13"
2024-09-13,"Draft Kings","WAS @ ATL",1022400219,"FPTS","First FGM","Player","Game","Home/Away","Favorite/Underdog",0.0752,1230,0.0588,1600,0.0164,0.0087,0.8702,0.916,2024-09-13 12:27:36,1,"Naz Hillmon","Loss",0.8702,-0.8702,0.916,-0.916,"FPTS_Naz Hillmon_2024-09-13"
2024-09-13,"BetRivers","WAS @ ATL",1022400219,"FPTS","First FGM","Player","Game","Home/Away","Favorite/Underdog",0.0976,925,0.0769,1200,0.0207,0.0112,1.1199,1.17884210526316,2024-09-13 12:27:36,1,"Stefanie Dolson","Loss",1.1199,-1.1199,1.17884210526316,-1.17884210526316,"FPTS_Stefanie Dolson_2024-09-13"
2024-09-13,"FanDuel","WAS @ ATL",1022400219,"FPTS","First Points","Player","Game","Home/Away","Favorite/Underdog",0.0911,998,0.0667,1400,0.0244,0.0131,1.3063,1.37505263157895,2024-09-13 12:57:16,2,"Stefanie Dolson","Loss",0.1864,-0.1864,0.19621052631579,-0.19621052631579,"FPTS_Stefanie Dolson_2024-09-13"
2024-09-13,"FanDuel","WAS @ ATL",1022400219,"FPTS Exact","First Points","Player","Exact","Home/Away","Favorite/Underdog",0.0364,2645,0.0196,5000,0.0168,0.0086,0.8579,1.05913580246914,2024-09-13 18:26:52,13,"Ariel Atkins_layup","Loss",0.0197000000000001,-0.0197000000000001,0.02432098765433,-0.02432098765433,"FPTS Exact_Ariel Atkins_layup_2024-09-13"
2024-09-13,"FanDuel","WAS @ ATL",1022400219,"FPTS Exact","First Points","Player","Exact","Home/Away","Favorite/Underdog",0.0364,2645,0.02,4900,0.0164,0.0084,0.8382,1.03481481481481,2024-09-13 13:57:18,4,"Ariel Atkins_layup","Loss",0.0204,-0.0204,0.0251851851851799,-0.0251851851851799,"FPTS Exact_Ariel Atkins_layup_2024-09-13"
2024-09-13,"FanDuel","WAS @ ATL",1022400219,"FPTS Exact","First Points","Player","Exact","Home/Away","Favorite/Underdog",0.0364,2645,0.0204,4800,0.016,0.0082,0.8178,1.00962962962963,2024-09-13 12:57:16,2,"Ariel Atkins_layup","Loss",0.0669999999999999,-0.0669999999999999,0.0827160493827162,-0.0827160493827162,"FPTS Exact_Ariel Atkins_layup_2024-09-13"
2024-09-13,"FanDuel","WAS @ ATL",1022400219,"FPTS Exact","First Points","Player","Exact","Home/Away","Favorite/Underdog",0.0364,2645,0.0217,4500,0.0147,0.0075,0.7508,0.926913580246914,2024-09-13 12:27:36,1,"Ariel Atkins_layup","Loss",0.7508,-0.7508,0.926913580246914,-0.926913580246914,"FPTS Exact_Ariel Atkins_layup_2024-09-13"
2024-09-13,"FanDuel","WAS @ ATL",1022400219,"FPTS Team","First Points","Player","Team","Home/Away","Favorite/Underdog",0.2107,374,0.2,400,0.0107,0.0067,0.6718,0.441973684210526,2024-09-13 19:26:51,1,"Aaliyah Edwards","Loss",0.6718,-0.6718,0.441973684210526,-0.441973684210526,"FPTS Team_Aaliyah Edwards_2024-09-13"
2024-09-13,"FanDuel","WAS @ ATL",1022400219,"FPTS Team","First Points","Player","Team","Home/Away","Favorite/Underdog",0.2107,374,0.1923,420,0.0184,0.0114,1.1416,0.751052631578947,2024-09-13 20:56:51,4,"Aaliyah Edwards","Loss",0.4698,-0.4698,0.309078947368421,-0.309078947368421,"FPTS Team_Aaliyah Edwards_2024-09-13"
2024-09-13,"FanDuel","WAS @ ATL",1022400219,"FPTS Team","First Points","Player","Team","Home/Away","Favorite/Underdog",0.1524,556,0.1053,850,0.0471,0.0263,2.6314,1.73118421052632,2024-09-13 12:27:36,1,"Jordin Canada","Loss",2.6314,-2.6314,1.73118421052632,-1.73118421052632,"FPTS Team_Jordin Canada_2024-09-13"
2024-09-13,"FanDuel","WAS @ ATL",1022400219,"FPTS Team","First Points","Player","Team","Home/Away","Favorite/Underdog",0.1524,556,0.1,900,0.0524,0.0291,2.9084,1.91342105263158,2024-09-13 17:28:11,11,"Jordin Canada","Loss",0.277,-0.277,0.18223684210526,-0.18223684210526,"FPTS Team_Jordin Canada_2024-09-13"
2024-09-13,"FanDuel","WAS @ ATL",1022400219,"FPTS Team","First Points","Player","Team","Home/Away","Favorite/Underdog",0.1582,532,0.1333,650,0.0249,0.0144,1.4375,0.945723684210526,2024-09-13 12:27:36,1,"Julie Vanloo","Loss",1.4375,-1.4375,0.945723684210526,-0.945723684210526,"FPTS Team_Julie Vanloo_2024-09-13"
2024-09-13,"FanDuel","WAS @ ATL",1022400219,"FPTS Team","First Points","Player","Team","Home/Away","Favorite/Underdog",0.1582,532,0.125,700,0.0332,0.019,1.9,1.25,2024-09-13 20:56:51,18,"Julie Vanloo","Loss",0.4625,-0.4625,0.304276315789474,-0.304276315789474,"FPTS Team_Julie Vanloo_2024-09-13"
2024-09-13,"MGM","WAS @ ATL",1022400219,"FPTS Team","First FGM","Player","Team","Home/Away","Favorite/Underdog",0.1597,526,0.1333,650,0.0263,0.0152,1.5193,0.999539473684211,2024-09-13 12:57:16,1,"Naz Hillmon","Loss",1.5193,-1.5193,0.999539473684211,-0.999539473684211,"FPTS Team_Naz Hillmon_2024-09-13"
2024-09-13,"FanDuel","WAS @ ATL",1022400219,"FPTS Team","First Points","Player","Team","Home/Away","Favorite/Underdog",0.1717,482,0.1538,550,0.0178,0.0105,1.054,0.693421052631579,2024-09-13 12:27:36,1,"Stefanie Dolson","Loss",1.054,-1.054,0.693421052631579,-0.693421052631579,"FPTS Team_Stefanie Dolson_2024-09-13"
2024-09-13,"FanDuel","WAS @ ATL",1022400219,"FPTS Team","First Points","Player","Team","Home/Away","Favorite/Underdog",0.1717,482,0.1429,600,0.0288,0.0168,1.6815,1.10625,2024-09-13 23:26:51,23,"Stefanie Dolson","Loss",0.6275,-0.6275,0.412828947368421,-0.412828947368421,"FPTS Team_Stefanie Dolson_2024-09-13"
2024-09-13,"FanDuel","WAS @ ATL",1022400219,"FTTS","First Points","Team","Quarter","Home/Away","Favorite/Underdog",0.5303,-113,0.4545,120,0.0758,0.0695,3.4739,2.53569343065693,2024-09-13 13:57:18,4,"1Q_WAS","Loss",0.1659,-0.1659,0.12109489051094,-0.12109489051094,"FTTS_1Q_WAS_2024-09-13"
2024-09-13,"FanDuel","WAS @ ATL",1022400219,"FTTS","First Points","Team","Quarter","Home/Away","Favorite/Underdog",0.5303,-113,0.4587,118,0.0716,0.0662,3.308,2.41459854014599,2024-09-13 12:57:16,2,"1Q_WAS","Loss",0.1715,-0.1715,0.12518248175183,-0.12518248175183,"FTTS_1Q_WAS_2024-09-13"
2024-09-13,"FanDuel","WAS @ ATL",1022400219,"FTTS","First Points","Team","Quarter","Home/Away","Favorite/Underdog",0.5303,-113,0.463,116,0.0674,0.0627,3.1365,2.28941605839416,2024-09-13 12:27:36,1,"1Q_WAS","Loss",3.1365,-3.1365,2.28941605839416,-2.28941605839416,"FTTS_1Q_WAS_2024-09-13"
2024-09-15,"FanDuel","ATL @ WAS",1022400226,"FPTS","First Points","Player","Game","Home/Away","Favorite/Underdog",0.1031,870,0.0909,1000,0.0122,0.0067,0.6693,0.704526315789474,2024-09-15 18:56:56,1,"Allisha Gray","Loss",0.6693,-0.6693,0.704526315789474,-0.704526315789474,"FPTS_Allisha Gray_2024-09-15"
2024-09-15,"FanDuel","ATL @ WAS",1022400226,"FPTS","First Points","Player","Game","Home/Away","Favorite/Underdog",0.1154,766,0.0909,1000,0.0245,0.0135,1.3481,1.41905263157895,2024-09-15 18:56:56,1,"Emily Engstler","Win",1.3481,13.481,1.41905263157895,14.1905263157895,"FPTS_Emily Engstler_2024-09-15"
2024-09-15,"FanDuel","ATL @ WAS",1022400226,"FPTS","First Points","Player","Game","Home/Away","Favorite/Underdog",0.0767,1205,0.0526,1800,0.024,0.0127,1.2678,1.33452631578947,2024-09-15 14:56:49,6,"Jordin Canada","Loss",0.1508,-0.1508,0.15873684210526,-0.15873684210526,"FPTS_Jordin Canada_2024-09-15"
2024-09-15,"FanDuel","ATL @ WAS",1022400226,"FPTS","First Points","Player","Game","Home/Away","Favorite/Underdog",0.0767,1205,0.0556,1700,0.0211,0.0112,1.117,1.17578947368421,2024-09-15 13:26:54,3,"Jordin Canada","Loss",0.1698,-0.1698,0.178736842105263,-0.178736842105263,"FPTS_Jordin Canada_2024-09-15"
2024-09-15,"FanDuel","ATL @ WAS",1022400226,"FPTS","First Points","Player","Game","Home/Away","Favorite/Underdog",0.0767,1205,0.0588,1600,0.0178,0.0095,0.9472,0.997052631578947,2024-09-15 12:26:55,1,"Jordin Canada","Loss",0.9472,-0.9472,0.997052631578947,-0.997052631578947,"FPTS_Jordin Canada_2024-09-15"
2024-09-15,"FanDuel","ATL @ WAS",1022400226,"FPTS","First Points","Player","Game","Home/Away","Favorite/Underdog",0.0827,1109,0.0588,1600,0.0239,0.0127,1.2679,1.33463157894737,2024-09-15 12:26:55,1,"Julie Vanloo","Loss",1.2679,-1.2679,1.33463157894737,-1.33463157894737,"FPTS_Julie Vanloo_2024-09-15"
2024-09-15,"BetRivers","ATL @ WAS",1022400226,"FPTS","First FGM","Player","Game","Home/Away","Favorite/Underdog",0.0961,940,0.0667,1400,0.0295,0.0158,1.5788,1.66189473684211,2024-09-15 12:26:55,1,"Stefanie Dolson","Loss",1.5788,-1.5788,1.66189473684211,-1.66189473684211,"FPTS_Stefanie Dolson_2024-09-15"
2024-09-15,"FanDuel","ATL @ WAS",1022400226,"FPTS Exact","First Points","Player","Exact","Home/Away","Favorite/Underdog",0.0333,2899,0.0233,4200,0.0101,0.0052,0.5166,0.637777777777778,2024-09-15 16:56:50,1,"Ariel Atkins_layup","Loss",0.5166,-0.5166,0.637777777777778,-0.637777777777778,"FPTS Exact_Ariel Atkins_layup_2024-09-15"
2024-09-15,"FanDuel","ATL @ WAS",1022400226,"FPTS Exact","First Points","Player","Exact","Home/Away","Favorite/Underdog",0.0321,3013,0.0208,4700,0.0113,0.0058,0.5767,0.711975308641975,2024-09-15 18:56:56,1,"Emily Engstler_other_fg","Loss",0.5767,-0.5767,0.711975308641975,-0.711975308641975,"FPTS Exact_Emily Engstler_other_fg_2024-09-15"
2024-09-15,"FanDuel","ATL @ WAS",1022400226,"FPTS Team","First Points","Player","Team","Home/Away","Favorite/Underdog",0.2055,387,0.1538,550,0.0517,0.0305,3.0528,2.00842105263158,2024-09-15 18:56:56,1,"Allisha Gray","Loss",3.0528,-3.0528,2.00842105263158,-2.00842105263158,"FPTS Team_Allisha Gray_2024-09-15"
2024-09-15,"FanDuel","ATL @ WAS",1022400226,"FPTS Team","First Points","Player","Team","Home/Away","Favorite/Underdog",0.2316,332,0.2,400,0.0316,0.0197,1.9729,1.29796052631579,2024-09-15 18:56:56,1,"Emily Engstler","Win",1.9729,7.8916,1.29796052631579,5.19184210526316,"FPTS Team_Emily Engstler_2024-09-15"
2024-09-15,"FanDuel","ATL @ WAS",1022400226,"FPTS Team","First Points","Player","Team","Home/Away","Favorite/Underdog",0.1528,554,0.0909,1000,0.0619,0.0341,3.4055,2.24046052631579,2024-09-15 14:56:49,6,"Jordin Canada","Loss",0.223,-0.223,0.14671052631579,-0.14671052631579,"FPTS Team_Jordin Canada_2024-09-15"
2024-09-15,"FanDuel","ATL @ WAS",1022400226,"FPTS Team","First Points","Player","Team","Home/Away","Favorite/Underdog",0.1528,554,0.0952,950,0.0576,0.0318,3.1825,2.09375,2024-09-15 14:26:55,5,"Jordin Canada","Loss",0.5245,-0.5245,0.34506578947368,-0.34506578947368,"FPTS Team_Jordin Canada_2024-09-15"
2024-09-15,"FanDuel","ATL @ WAS",1022400226,"FPTS Team","First Points","Player","Team","Home/Away","Favorite/Underdog",0.1528,554,0.1053,850,0.0476,0.0266,2.658,1.74868421052632,2024-09-15 12:26:55,1,"Jordin Canada","Loss",2.658,-2.658,1.74868421052632,-1.74868421052632,"FPTS Team_Jordin Canada_2024-09-15"
2024-09-15,"FanDuel","ATL @ WAS",1022400226,"FPTS Team","First Points","Player","Team","Home/Away","Favorite/Underdog",0.1659,503,0.125,700,0.0409,0.0234,2.3372,1.53763157894737,2024-09-15 12:26:55,1,"Julie Vanloo","Loss",2.3372,-2.3372,1.53763157894737,-1.53763157894737,"FPTS Team_Julie Vanloo_2024-09-15"
2024-09-15,"FanDuel","ATL @ WAS",1022400226,"FPTS Team","First Points","Player","Team","Home/Away","Favorite/Underdog",0.1591,528,0.125,700,0.0341,0.0195,1.9502,1.28302631578947,2024-09-15 18:56:56,1,"Naz Hillmon","Loss",1.9502,-1.9502,1.28302631578947,-1.28302631578947,"FPTS Team_Naz Hillmon_2024-09-15"
2024-09-15,"FanDuel","ATL @ WAS",1022400226,"FPTS Team","First Points","Player","Team","Home/Away","Favorite/Underdog",0.1773,464,0.1538,550,0.0235,0.0139,1.3878,0.913026315789474,2024-09-15 12:26:55,1,"Stefanie Dolson","Loss",1.3878,-1.3878,0.913026315789474,-0.913026315789474,"FPTS Team_Stefanie Dolson_2024-09-15"
2024-09-15,"FanDuel","ATL @ WAS",1022400226,"FPTS Team","First Points","Player","Team","Home/Away","Favorite/Underdog",0.1773,464,0.1429,600,0.0345,0.0201,2.011,1.32302631578947,2024-09-15 13:26:54,3,"Stefanie Dolson","Loss",0.6232,-0.6232,0.409999999999996,-0.409999999999996,"FPTS Team_Stefanie Dolson_2024-09-15"
2024-09-15,"FanDuel","ATL @ WAS",1022400226,"FTTS","First Points","Team","Quarter","Home/Away","Favorite/Underdog",0.4984,101,0.4545,120,0.0439,0.0402,2.0113,1.46810218978102,2024-09-15 18:56:56,14,"1Q_WAS","Win",0.7464,0.89568,0.544817518248173,0.653781021897808,"FTTS_1Q_WAS_2024-09-15"
2024-09-15,"FanDuel","ATL @ WAS",1022400226,"FTTS","First Points","Team","Quarter","Home/Away","Favorite/Underdog",0.4984,101,0.4717,112,0.0267,0.0253,1.2649,0.923284671532847,2024-09-15 17:56:52,12,"1Q_WAS","Win",0.2036,0.228032,0.148613138686132,0.166446715328468,"FTTS_1Q_WAS_2024-09-15"
2024-09-15,"FanDuel","ATL @ WAS",1022400226,"FTTS","First Points","Team","Quarter","Home/Away","Favorite/Underdog",0.4984,101,0.4762,110,0.0222,0.0212,1.0613,0.774671532846715,2024-09-15 13:26:54,3,"1Q_WAS","Win",0.2111,0.23221,0.154087591240876,0.169496350364964,"FTTS_1Q_WAS_2024-09-15"
2024-09-15,"FanDuel","ATL @ WAS",1022400226,"FTTS","First Points","Team","Quarter","Home/Away","Favorite/Underdog",0.4984,101,0.4808,108,0.0177,0.017,0.8502,0.620583941605839,2024-09-15 12:26:55,1,"1Q_WAS","Win",0.8502,0.918216,0.620583941605839,0.670230656934306,"FTTS_1Q_WAS_2024-09-15"
2024-09-15,"Draft Kings","CON @ LVA",1022400228,"FPTS","First FGM","Player","Game","Home/Away","Favorite/Underdog",0.0733,1264,0.0625,1500,0.0108,0.0058,0.577,0.607368421052632,2024-09-15 12:26:55,1,"Tyasha Harris","Loss",0.577,-0.577,0.607368421052632,-0.607368421052632,"FPTS_Tyasha Harris_2024-09-15"
2024-09-15,"FanDuel","CON @ LVA",1022400228,"FPTS","First Points","Player","Game","Home/Away","Favorite/Underdog",0.0701,1326,0.0556,1700,0.0145,0.0077,0.7701,0.810631578947368,2024-09-15 17:26:49,11,"Tyasha Harris","Loss",0.1709,-0.1709,0.179894736842105,-0.179894736842105,"FPTS_Tyasha Harris_2024-09-15"
2024-09-15,"FanDuel","CON @ LVA",1022400228,"FPTS","First Points","Player","Game","Home/Away","Favorite/Underdog",0.0701,1326,0.0588,1600,0.0113,0.006,0.5992,0.630736842105263,2024-09-15 14:26:55,5,"Tyasha Harris","Loss",0.0222,-0.0222,0.023368421052631,-0.023368421052631,"FPTS_Tyasha Harris_2024-09-15"
2024-09-15,"FanDuel","CON @ LVA",1022400228,"FPTS Team","First Points","Player","Team","Home/Away","Favorite/Underdog",0.4057,146,0.3922,155,0.0136,0.0112,1.118,0.735526315789474,2024-09-15 21:56:41,1,"A'ja Wilson","Loss",1.118,-1.118,0.735526315789474,-0.735526315789474,"FPTS Team_A'ja Wilson_2024-09-15"
2024-09-15,"FanDuel","CON @ LVA",1022400228,"FPTS Team","First Points","Player","Team","Home/Away","Favorite/Underdog",0.1543,548,0.1333,650,0.0209,0.0121,1.2084,0.795,2024-09-15 12:26:55,1,"Chelsea Gray","Loss",1.2084,-1.2084,0.795,-0.795,"FPTS Team_Chelsea Gray_2024-09-15"
2024-09-15,"FanDuel","CON @ LVA",1022400228,"FPTS Team","First Points","Player","Team","Home/Away","Favorite/Underdog",0.2107,375,0.1961,410,0.0146,0.0091,0.9066,0.596447368421053,2024-09-15 13:26:54,1,"DiJonai Carrington","Loss",0.9066,-0.9066,0.596447368421053,-0.596447368421053,"FPTS Team_DiJonai Carrington_2024-09-15"
2024-09-15,"FanDuel","CON @ LVA",1022400228,"FPTS Team","First Points","Player","Team","Home/Away","Favorite/Underdog",0.154,549,0.1333,650,0.0207,0.0119,1.1923,0.784407894736842,2024-09-15 12:26:55,1,"Tyasha Harris","Win",1.1923,7.74995,0.784407894736842,5.09865131578947,"FPTS Team_Tyasha Harris_2024-09-15"
2024-09-15,"BetRivers","CON @ LVA",1022400228,"FTTS","First Points","Team","Quarter","Home/Away","Favorite/Underdog",0.4552,120,0.4444,125,0.0108,0.0097,0.4842,0.353430656934307,2024-09-15 12:26:55,1,"1Q_CON","Loss",0.4842,-0.4842,0.353430656934307,-0.353430656934307,"FTTS_1Q_CON_2024-09-15"
2024-09-15,"FanDuel","DAL @ IND",1022400224,"FPTS","First Points","Player","Game","Home/Away","Favorite/Underdog",0.0672,1387,0.0417,2300,0.0256,0.0133,1.3338,1.404,2024-09-15 14:56:49,6,"Jacy Sheldon","Loss",0.1931,-0.1931,0.20326315789474,-0.20326315789474,"FPTS_Jacy Sheldon_2024-09-15"
2024-09-15,"FanDuel","DAL @ IND",1022400224,"FPTS","First Points","Player","Game","Home/Away","Favorite/Underdog",0.0672,1387,0.0455,2100,0.0218,0.0114,1.1407,1.20073684210526,2024-09-15 13:26:54,3,"Jacy Sheldon","Loss",0.1111,-0.1111,0.11694736842105,-0.11694736842105,"FPTS_Jacy Sheldon_2024-09-15"
2024-09-15,"FanDuel","DAL @ IND",1022400224,"FPTS","First Points","Player","Game","Home/Away","Favorite/Underdog",0.0672,1387,0.0476,2000,0.0196,0.0103,1.0296,1.08378947368421,2024-09-15 12:26:55,1,"Jacy Sheldon","Loss",1.0296,-1.0296,1.08378947368421,-1.08378947368421,"FPTS_Jacy Sheldon_2024-09-15"
2024-09-15,"Draft Kings","DAL @ IND",1022400224,"FPTS","First FGM","Player","Game","Home/Away","Favorite/Underdog",0.0846,1081,0.0625,1500,0.0221,0.0118,1.181,1.24315789473684,2024-09-15 12:26:55,1,"Lexie Hull","Loss",1.181,-1.181,1.24315789473684,-1.24315789473684,"FPTS_Lexie Hull_2024-09-15"
2024-09-15,"Draft Kings","DAL @ IND",1022400224,"FPTS","First FGM","Player","Game","Home/Away","Favorite/Underdog",0.1199,734,0.0909,1000,0.029,0.0159,1.5931,1.67694736842105,2024-09-15 12:26:55,1,"NaLyssa Smith","Win",1.5931,15.931,1.67694736842105,16.7694736842105,"FPTS_NaLyssa Smith_2024-09-15"
2024-09-15,"FanDuel","DAL @ IND",1022400224,"FPTS","First Points","Player","Game","Home/Away","Favorite/Underdog",0.0933,972,0.0455,2100,0.0478,0.025,2.5036,2.63536842105263,2024-09-15 18:26:47,13,"Satou Sabally","Loss",0.3598,-0.3598,0.37873684210526,-0.37873684210526,"FPTS_Satou Sabally_2024-09-15"
2024-09-15,"FanDuel","DAL @ IND",1022400224,"FPTS","First Points","Player","Game","Home/Away","Favorite/Underdog",0.0933,972,0.0526,1800,0.0406,0.0214,2.1438,2.25663157894737,2024-09-15 14:26:55,5,"Satou Sabally","Loss",0.3148,-0.3148,0.33136842105263,-0.33136842105263,"FPTS_Satou Sabally_2024-09-15"
2024-09-15,"FanDuel","DAL @ IND",1022400224,"FPTS","First Points","Player","Game","Home/Away","Favorite/Underdog",0.0933,972,0.0588,1600,0.0344,0.0183,1.829,1.92526315789474,2024-09-15 13:26:54,3,"Satou Sabally","Loss",0.1889,-0.1889,0.19884210526316,-0.19884210526316,"FPTS_Satou Sabally_2024-09-15"
2024-09-15,"FanDuel","DAL @ IND",1022400224,"FPTS","First Points","Player","Game","Home/Away","Favorite/Underdog",0.0933,972,0.0625,1500,0.0308,0.0164,1.6401,1.72642105263158,2024-09-15 12:26:55,1,"Satou Sabally","Loss",1.6401,-1.6401,1.72642105263158,-1.72642105263158,"FPTS_Satou Sabally_2024-09-15"
2024-09-15,"FanDuel","DAL @ IND",1022400224,"FPTS Exact","First Points","Player","Exact","Home/Away","Favorite/Underdog",0.0338,2854,0.0238,4100,0.01,0.0051,0.5142,0.634814814814815,2024-09-15 18:26:47,1,"Satou Sabally_layup","Loss",0.5142,-0.5142,0.634814814814815,-0.634814814814815,"FPTS Exact_Satou Sabally_layup_2024-09-15"
2024-09-15,"FanDuel","DAL @ IND",1022400224,"FPTS Team","First Points","Player","Team","Home/Away","Favorite/Underdog",0.1415,606,0.0909,1000,0.0506,0.0279,2.785,1.83223684210526,2024-09-15 14:56:49,6,"Jacy Sheldon","Loss",0.2259,-0.2259,0.14861842105263,-0.14861842105263,"FPTS Team_Jacy Sheldon_2024-09-15"
2024-09-15,"FanDuel","DAL @ IND",1022400224,"FPTS Team","First Points","Player","Team","Home/Away","Favorite/Underdog",0.1415,606,0.0952,950,0.0463,0.0256,2.5591,1.68361842105263,2024-09-15 14:26:55,5,"Jacy Sheldon","Loss",0.251,-0.251,0.16513157894737,-0.16513157894737,"FPTS Team_Jacy Sheldon_2024-09-15"
2024-09-15,"FanDuel","DAL @ IND",1022400224,"FPTS Team","First Points","Player","Team","Home/Away","Favorite/Underdog",0.1415,606,0.1,900,0.0415,0.0231,2.3081,1.51848684210526,2024-09-15 12:26:55,1,"Jacy Sheldon","Loss",2.3081,-2.3081,1.51848684210526,-1.51848684210526,"FPTS Team_Jacy Sheldon_2024-09-15"
2024-09-15,"FanDuel","DAL @ IND",1022400224,"FPTS Team","First Points","Player","Team","Home/Away","Favorite/Underdog",0.1429,600,0.1111,800,0.0318,0.0179,1.7908,1.17815789473684,2024-09-15 12:26:55,1,"Lexie Hull","Loss",1.7908,-1.7908,1.17815789473684,-1.17815789473684,"FPTS Team_Lexie Hull_2024-09-15"
2024-09-15,"MGM","DAL @ IND",1022400224,"FPTS Team","First FGM","Player","Team","Home/Away","Favorite/Underdog",0.1623,516,0.1176,750,0.0446,0.0253,2.5297,1.66427631578947,2024-09-15 14:26:55,5,"Lexie Hull","Loss",0.7389,-0.7389,0.48611842105263,-0.48611842105263,"FPTS Team_Lexie Hull_2024-09-15"
2024-09-15,"FanDuel","DAL @ IND",1022400224,"FPTS Team","First Points","Player","Team","Home/Away","Favorite/Underdog",0.2235,347,0.1754,470,0.048,0.0291,2.9136,1.91684210526316,2024-09-15 12:26:55,1,"NaLyssa Smith","Win",2.9136,13.69392,1.91684210526316,9.00915789473685,"FPTS Team_NaLyssa Smith_2024-09-15"
2024-09-15,"MGM","DAL @ IND",1022400224,"FPTS Team","First FGM","Player","Team","Home/Away","Favorite/Underdog",0.2298,335,0.1739,475,0.0559,0.0338,3.3848,2.22684210526316,2024-09-15 14:26:55,5,"NaLyssa Smith","Win",0.4712,2.2382,0.31,1.4725,"FPTS Team_NaLyssa Smith_2024-09-15"
2024-09-15,"FanDuel","DAL @ IND",1022400224,"FPTS Team","First Points","Player","Team","Home/Away","Favorite/Underdog",0.1963,409,0.1053,850,0.0911,0.0509,5.0889,3.34796052631579,2024-09-15 18:26:47,13,"Satou Sabally","Loss",0.2954,-0.2954,0.19434210526316,-0.19434210526316,"FPTS Team_Satou Sabally_2024-09-15"
2024-09-15,"FanDuel","DAL @ IND",1022400224,"FPTS Team","First Points","Player","Team","Home/Away","Favorite/Underdog",0.1963,409,0.1111,800,0.0852,0.0479,4.7935,3.15361842105263,2024-09-15 14:26:55,5,"Satou Sabally","Loss",0.7176,-0.7176,0.47210526315789,-0.47210526315789,"FPTS Team_Satou Sabally_2024-09-15"
2024-09-15,"FanDuel","DAL @ IND",1022400224,"FPTS Team","First Points","Player","Team","Home/Away","Favorite/Underdog",0.1963,409,0.125,700,0.0713,0.0408,4.0759,2.68151315789474,2024-09-15 12:26:55,1,"Satou Sabally","Loss",4.0759,-4.0759,2.68151315789474,-2.68151315789474,"FPTS Team_Satou Sabally_2024-09-15"
2024-09-15,"FanDuel","DAL @ IND",1022400224,"FTTS","First Points","Team","Quarter","Home/Away","Favorite/Underdog",0.475,111,0.463,116,0.012,0.0112,0.5591,0.408102189781022,2024-09-15 17:26:49,1,"1Q_DAL","Loss",0.5591,-0.5591,0.408102189781022,-0.408102189781022,"FTTS_1Q_DAL_2024-09-15"
2024-09-15,"ESPN","LAS @ SEA",1022400229,"FPTS","First Points","Player","Game","Home/Away","Favorite/Underdog",0.1048,855,0.0909,1000,0.0139,0.0076,0.7619,0.802,2024-09-15 12:26:55,1,"Azurá Stevens","Loss",0.38095,-0.38095,0.401,-0.401,"FPTS_Azurá Stevens_2024-09-15"
2024-09-15,"FanDuel","LAS @ SEA",1022400229,"FPTS","First Points","Player","Game","Home/Away","Favorite/Underdog",0.1048,855,0.0909,1000,0.0139,0.0076,0.7619,0.802,2024-09-15 12:26:55,1,"Azurá Stevens","Loss",0.38095,-0.38095,0.401,-0.401,"FPTS_Azurá Stevens_2024-09-15"
2024-09-15,"BetRivers","LAS @ SEA",1022400229,"FPTS","First FGM","Player","Game","Home/Away","Favorite/Underdog",0.0959,942,0.0769,1200,0.019,0.0103,1.0297,1.08389473684211,2024-09-15 21:56:41,20,"Gabby Williams","Loss",1.0297,-1.0297,1.08389473684211,-1.08389473684211,"FPTS_Gabby Williams_2024-09-15"
2024-09-15,"Draft Kings","LAS @ SEA",1022400229,"FPTS","First FGM","Player","Game","Home/Away","Favorite/Underdog",0.0903,1007,0.0667,1400,0.0237,0.0127,1.2687,1.33547368421053,2024-09-15 21:56:41,20,"Mercedes Russell","Loss",1.2687,-1.2687,1.33547368421053,-1.33547368421053,"FPTS_Mercedes Russell_2024-09-15"
2024-09-15,"FanDuel","LAS @ SEA",1022400229,"FPTS","First Points","Player","Game","Home/Away","Favorite/Underdog",0.0815,1127,0.0714,1300,0.0101,0.0054,0.5428,0.571368421052632,2024-09-15 12:56:54,1,"Odyssey Sims","Loss",0.5428,-0.5428,0.571368421052632,-0.571368421052632,"FPTS_Odyssey Sims_2024-09-15"
2024-09-15,"FanDuel","LAS @ SEA",1022400229,"FPTS","First Points","Player","Game","Home/Away","Favorite/Underdog",0.0917,991,0.05,1900,0.0417,0.0219,2.1927,2.30810526315789,2024-09-15 21:56:41,15,"Rae Burrell","Loss",0.4482,-0.4482,0.47178947368421,-0.47178947368421,"FPTS_Rae Burrell_2024-09-15"
2024-09-15,"FanDuel","LAS @ SEA",1022400229,"FPTS","First Points","Player","Game","Home/Away","Favorite/Underdog",0.0917,991,0.0588,1600,0.0328,0.0174,1.7445,1.83631578947368,2024-09-15 15:56:55,3,"Rae Burrell","Loss",0.1892,-0.1892,0.19915789473684,-0.19915789473684,"FPTS_Rae Burrell_2024-09-15"
2024-09-15,"FanDuel","LAS @ SEA",1022400229,"FPTS","First Points","Player","Game","Home/Away","Favorite/Underdog",0.0917,991,0.0625,1500,0.0292,0.0156,1.5553,1.63715789473684,2024-09-15 14:56:49,1,"Rae Burrell","Loss",1.5553,-1.5553,1.63715789473684,-1.63715789473684,"FPTS_Rae Burrell_2024-09-15"
2024-09-15,"FanDuel","LAS @ SEA",1022400229,"FPTS Team","First Points","Player","Team","Home/Away","Favorite/Underdog",0.2119,372,0.1961,410,0.0158,0.0099,0.9851,0.648092105263158,2024-09-15 12:26:55,1,"Azurá Stevens","Loss",0.9851,-0.9851,0.648092105263158,-0.648092105263158,"FPTS Team_Azurá Stevens_2024-09-15"
2024-09-15,"MGM","LAS @ SEA",1022400229,"FPTS Team","First FGM","Player","Team","Home/Away","Favorite/Underdog",0.2106,375,0.1818,450,0.0288,0.0176,1.7572,1.15605263157895,2024-09-15 15:56:55,5,"Azurá Stevens","Loss",0.7721,-0.7721,0.507960526315792,-0.507960526315792,"FPTS Team_Azurá Stevens_2024-09-15"
2024-09-15,"FanDuel","LAS @ SEA",1022400229,"FPTS Team","First Points","Player","Team","Home/Away","Favorite/Underdog",0.1754,470,0.1333,650,0.042,0.0242,2.425,1.59539473684211,2024-09-15 12:26:55,1,"Gabby Williams","Loss",2.425,-2.425,1.59539473684211,-1.59539473684211,"FPTS Team_Gabby Williams_2024-09-15"
2024-09-15,"FanDuel","LAS @ SEA",1022400229,"FPTS Team","First Points","Player","Team","Home/Away","Favorite/Underdog",0.1811,452,0.1667,500,0.0144,0.0086,0.8635,0.568092105263158,2024-09-15 12:26:55,1,"Mercedes Russell","Loss",0.8635,-0.8635,0.568092105263158,-0.568092105263158,"FPTS Team_Mercedes Russell_2024-09-15"
2024-09-15,"MGM","LAS @ SEA",1022400229,"FPTS Team","First FGM","Player","Team","Home/Away","Favorite/Underdog",0.179,459,0.1333,650,0.0456,0.0263,2.6321,1.73164473684211,2024-09-15 21:56:41,19,"Mercedes Russell","Loss",1.7686,-1.7686,1.16355263157895,-1.16355263157895,"FPTS Team_Mercedes Russell_2024-09-15"
2024-09-15,"FanDuel","LAS @ SEA",1022400229,"FPTS Team","First Points","Player","Team","Home/Away","Favorite/Underdog",0.1649,506,0.1538,550,0.011,0.0065,0.6521,0.429013157894737,2024-09-15 12:26:55,1,"Odyssey Sims","Win",0.6521,3.58655,0.429013157894737,2.35957236842105,"FPTS Team_Odyssey Sims_2024-09-15"
2024-09-15,"FanDuel","LAS @ SEA",1022400229,"FPTS Team","First Points","Player","Team","Home/Away","Favorite/Underdog",0.1649,506,0.1429,600,0.022,0.0128,1.2847,0.845197368421053,2024-09-15 12:56:54,2,"Odyssey Sims","Win",0.6326,3.7956,0.416184210526316,2.4971052631579,"FPTS Team_Odyssey Sims_2024-09-15"
2024-09-15,"FanDuel","LAS @ SEA",1022400229,"FPTS Team","First Points","Player","Team","Home/Away","Favorite/Underdog",0.1854,439,0.125,700,0.0604,0.0345,3.4523,2.27125,2024-09-15 14:56:49,1,"Rae Burrell","Loss",3.4523,-3.4523,2.27125,-2.27125,"FPTS Team_Rae Burrell_2024-09-15"
2024-09-15,"FanDuel","LAS @ SEA",1022400229,"FPTS Team","First Points","Player","Team","Home/Away","Favorite/Underdog",0.1854,439,0.1053,850,0.0802,0.0448,4.4791,2.94677631578947,2024-09-15 21:56:41,15,"Rae Burrell","Loss",1.0268,-1.0268,0.67552631578947,-0.67552631578947,"FPTS Team_Rae Burrell_2024-09-15"
2024-09-15,"FanDuel","LAS @ SEA",1022400229,"FPTS Team","First Points","Player","Team","Home/Away","Favorite/Underdog",0.1847,442,0.1695,490,0.0152,0.0091,0.9127,0.600460526315789,2024-09-15 21:56:41,1,"Sami Whitcomb","Loss",0.9127,-0.9127,0.600460526315789,-0.600460526315789,"FPTS Team_Sami Whitcomb_2024-09-15"
2024-09-15,"BetRivers","MIN @ NYL",1022400225,"FPTS","First FGM","Player","Game","Home/Away","Favorite/Underdog",0.0885,1029,0.0769,1200,0.0116,0.0063,0.6295,0.662631578947368,2024-09-15 12:26:55,1,"Alanna Smith","Loss",0.209833333333333,-0.209833333333333,0.220877192982456,-0.220877192982456,"FPTS_Alanna Smith_2024-09-15"
2024-09-15,"Draft Kings","MIN @ NYL",1022400225,"FPTS","First FGM","Player","Game","Home/Away","Favorite/Underdog",0.0885,1029,0.0769,1200,0.0116,0.0063,0.6295,0.662631578947368,2024-09-15 12:26:55,1,"Alanna Smith","Loss",0.209833333333333,-0.209833333333333,0.220877192982456,-0.220877192982456,"FPTS_Alanna Smith_2024-09-15"
2024-09-15,"FanDuel","MIN @ NYL",1022400225,"FPTS","First Points","Player","Game","Home/Away","Favorite/Underdog",0.0808,1137,0.0588,1600,0.022,0.0117,1.1699,1.23147368421053,2024-09-15 15:26:50,7,"Alanna Smith","Loss",0.1915,-0.1915,0.20157894736842,-0.20157894736842,"FPTS_Alanna Smith_2024-09-15"
2024-09-15,"FanDuel","MIN @ NYL",1022400225,"FPTS","First Points","Player","Game","Home/Away","Favorite/Underdog",0.0808,1137,0.0625,1500,0.0183,0.0098,0.9784,1.02989473684211,2024-09-15 14:26:55,5,"Alanna Smith","Loss",0.3489,-0.3489,0.367263157894742,-0.367263157894742,"FPTS_Alanna Smith_2024-09-15"
2024-09-15,"Fanatics","MIN @ NYL",1022400225,"FPTS","First FGM","Player","Game","Home/Away","Favorite/Underdog",0.0885,1029,0.0769,1200,0.0116,0.0063,0.6295,0.662631578947368,2024-09-15 12:26:55,1,"Alanna Smith","Loss",0.209833333333333,-0.209833333333333,0.220877192982456,-0.220877192982456,"FPTS_Alanna Smith_2024-09-15"
2024-09-15,"Draft Kings","MIN @ NYL",1022400225,"FPTS","First FGM","Player","Game","Home/Away","Favorite/Underdog",0.0935,970,0.0667,1400,0.0268,0.0144,1.4376,1.51326315789474,2024-09-15 12:26:55,1,"Betnijah Laney-Hamilton","Win",1.4376,20.1264,1.51326315789474,21.1856842105264,"FPTS_Betnijah Laney-Hamilton_2024-09-15"
2024-09-15,"FanDuel","MIN @ NYL",1022400225,"FPTS","First Points","Player","Game","Home/Away","Favorite/Underdog",0.0993,907,0.0714,1300,0.0279,0.015,1.5027,1.58178947368421,2024-09-15 12:56:54,2,"Betnijah Laney-Hamilton","Win",0.0650999999999999,0.846299999999999,0.06852631578947,0.89084210526311,"FPTS_Betnijah Laney-Hamilton_2024-09-15"
2024-09-15,"FanDuel","MIN @ NYL",1022400225,"FPTS","First Points","Player","Game","Home/Away","Favorite/Underdog",0.0713,1302,0.0588,1600,0.0125,0.0066,0.664,0.698947368421053,2024-09-15 17:26:49,1,"Bridget Carleton","Loss",0.664,-0.664,0.698947368421053,-0.698947368421053,"FPTS_Bridget Carleton_2024-09-15"
2024-09-15,"FanDuel","MIN @ NYL",1022400225,"FPTS","First Points","Player","Game","Home/Away","Favorite/Underdog",0.0785,1174,0.0588,1600,0.0197,0.0104,1.0449,1.09989473684211,2024-09-15 16:56:50,1,"Courtney Vandersloot","Loss",1.0449,-1.0449,1.09989473684211,-1.09989473684211,"FPTS_Courtney Vandersloot_2024-09-15"
2024-09-15,"FanDuel","MIN @ NYL",1022400225,"FPTS","First Points","Player","Game","Home/Away","Favorite/Underdog",0.0946,957,0.0833,1100,0.0113,0.0062,0.6151,0.647473684210526,2024-09-15 14:26:55,1,"Courtney Williams","Loss",0.6151,-0.6151,0.647473684210526,-0.647473684210526,"FPTS_Courtney Williams_2024-09-15"
2024-09-15,"FanDuel","MIN @ NYL",1022400225,"FPTS","First Points","Player","Game","Home/Away","Favorite/Underdog",0.0946,957,0.0769,1200,0.0177,0.0096,0.9581,1.00852631578947,2024-09-15 16:56:50,4,"Courtney Williams","Loss",0.343,-0.343,0.361052631578944,-0.361052631578944,"FPTS_Courtney Williams_2024-09-15"
2024-09-15,"FanDuel","MIN @ NYL",1022400225,"FPTS Team","First Points","Player","Team","Home/Away","Favorite/Underdog",0.1801,455,0.1667,500,0.0135,0.0081,0.8077,0.531381578947368,2024-09-15 12:26:55,1,"Alanna Smith","Loss",0.8077,-0.8077,0.531381578947368,-0.531381578947368,"FPTS Team_Alanna Smith_2024-09-15"
2024-09-15,"FanDuel","MIN @ NYL",1022400225,"FPTS Team","First Points","Player","Team","Home/Away","Favorite/Underdog",0.1801,455,0.1538,550,0.0263,0.0155,1.553,1.02171052631579,2024-09-15 15:26:50,6,"Alanna Smith","Loss",0.7453,-0.7453,0.490328947368422,-0.490328947368422,"FPTS Team_Alanna Smith_2024-09-15"
2024-09-15,"FanDuel","MIN @ NYL",1022400225,"FPTS Team","First Points","Player","Team","Home/Away","Favorite/Underdog",0.1802,455,0.1176,750,0.0626,0.0355,3.5461,2.33296052631579,2024-09-15 12:26:55,1,"Betnijah Laney-Hamilton","Win",3.5461,26.59575,2.33296052631579,17.4972039473684,"FPTS Team_Betnijah Laney-Hamilton_2024-09-15"
2024-09-15,"FanDuel","MIN @ NYL",1022400225,"FPTS Team","First Points","Player","Team","Home/Away","Favorite/Underdog",0.1802,455,0.1111,800,0.0691,0.0389,3.8876,2.55763157894737,2024-09-15 12:56:54,2,"Betnijah Laney-Hamilton","Win",0.3415,2.732,0.22467105263158,1.79736842105264,"FPTS Team_Betnijah Laney-Hamilton_2024-09-15"
2024-09-15,"FanDuel","MIN @ NYL",1022400225,"FPTS Team","First Points","Player","Team","Home/Away","Favorite/Underdog",0.1424,602,0.1111,800,0.0313,0.0176,1.7604,1.15815789473684,2024-09-15 16:26:51,8,"Courtney Vandersloot","Loss",0.3574,-0.3574,0.235131578947366,-0.235131578947366,"FPTS Team_Courtney Vandersloot_2024-09-15"
2024-09-15,"FanDuel","MIN @ NYL",1022400225,"FPTS Team","First Points","Player","Team","Home/Away","Favorite/Underdog",0.1424,602,0.1176,750,0.0248,0.014,1.403,0.923026315789474,2024-09-15 14:26:55,4,"Courtney Vandersloot","Loss",0.4083,-0.4083,0.268618421052632,-0.268618421052632,"FPTS Team_Courtney Vandersloot_2024-09-15"
2024-09-15,"FanDuel","MIN @ NYL",1022400225,"FPTS Team","First Points","Player","Team","Home/Away","Favorite/Underdog",0.1424,602,0.125,700,0.0174,0.0099,0.9947,0.654407894736842,2024-09-15 12:56:54,1,"Courtney Vandersloot","Loss",0.9947,-0.9947,0.654407894736842,-0.654407894736842,"FPTS Team_Courtney Vandersloot_2024-09-15"
2024-09-15,"FanDuel","MIN @ NYL",1022400225,"FPTS Team","First Points","Player","Team","Home/Away","Favorite/Underdog",0.2108,374,0.2,400,0.0108,0.0067,0.675,0.444078947368421,2024-09-15 14:26:55,1,"Courtney Williams","Loss",0.675,-0.675,0.444078947368421,-0.444078947368421,"FPTS Team_Courtney Williams_2024-09-15"
2024-09-15,"FanDuel","MIN @ NYL",1022400225,"FPTS Team","First Points","Player","Team","Home/Away","Favorite/Underdog",0.2108,374,0.1923,420,0.0185,0.0114,1.1447,0.753092105263158,2024-09-15 14:56:49,2,"Courtney Williams","Loss",0.4697,-0.4697,0.309013157894737,-0.309013157894737,"FPTS Team_Courtney Williams_2024-09-15"
2024-09-15,"FanDuel","MIN @ NYL",1022400225,"FPTS Team","First Points","Player","Team","Home/Away","Favorite/Underdog",0.1991,402,0.1724,480,0.0267,0.0161,1.6102,1.05934210526316,2024-09-15 18:26:47,5,"Jonquel Jones","Loss",0.3627,-0.3627,0.238618421052634,-0.238618421052634,"FPTS Team_Jonquel Jones_2024-09-15"
2024-09-15,"FanDuel","MIN @ NYL",1022400225,"FPTS Team","First Points","Player","Team","Home/Away","Favorite/Underdog",0.1991,402,0.1786,460,0.0205,0.0125,1.2475,0.820723684210526,2024-09-15 17:26:49,3,"Jonquel Jones","Loss",0.3958,-0.3958,0.260394736842105,-0.260394736842105,"FPTS Team_Jonquel Jones_2024-09-15"
2024-09-15,"FanDuel","MIN @ NYL",1022400225,"FPTS Team","First Points","Player","Team","Home/Away","Favorite/Underdog",0.1991,402,0.1852,440,0.0139,0.0085,0.8517,0.560328947368421,2024-09-15 16:56:50,2,"Jonquel Jones","Loss",0.2116,-0.2116,0.139210526315789,-0.139210526315789,"FPTS Team_Jonquel Jones_2024-09-15"
2024-09-15,"FanDuel","MIN @ NYL",1022400225,"FPTS Team","First Points","Player","Team","Home/Away","Favorite/Underdog",0.1991,402,0.1887,430,0.0104,0.0064,0.6401,0.421118421052632,2024-09-15 16:26:51,1,"Jonquel Jones","Loss",0.6401,-0.6401,0.421118421052632,-0.421118421052632,"FPTS Team_Jonquel Jones_2024-09-15"
2024-09-15,"FanDuel","MIN @ NYL",1022400225,"FTTS","First Points","Team","Quarter","Home/Away","Favorite/Underdog",0.4488,123,0.4,150,0.0488,0.0407,2.0341,1.48474452554745,2024-09-15 16:56:50,10,"1Q_MIN","Loss",0.3828,-0.3828,0.27941605839417,-0.27941605839417,"FTTS_1Q_MIN_2024-09-15"
2024-09-15,"FanDuel","MIN @ NYL",1022400225,"FTTS","First Points","Team","Quarter","Home/Away","Favorite/Underdog",0.4488,123,0.4098,144,0.039,0.033,1.6513,1.20532846715328,2024-09-15 14:26:55,5,"1Q_MIN","Loss",0.1347,-0.1347,0.0983211678832101,-0.0983211678832101,"FTTS_1Q_MIN_2024-09-15"
2024-09-15,"FanDuel","MIN @ NYL",1022400225,"FTTS","First Points","Team","Quarter","Home/Away","Favorite/Underdog",0.4488,123,0.4132,142,0.0356,0.0303,1.5166,1.10700729927007,2024-09-15 12:56:54,2,"1Q_MIN","Loss",0.1387,-0.1387,0.10124087591241,-0.10124087591241,"FTTS_1Q_MIN_2024-09-15"
2024-09-15,"FanDuel","MIN @ NYL",1022400225,"FTTS","First Points","Team","Quarter","Home/Away","Favorite/Underdog",0.4488,123,0.4167,140,0.0322,0.0276,1.3779,1.00576642335766,2024-09-15 12:26:55,1,"1Q_MIN","Loss",1.3779,-1.3779,1.00576642335766,-1.00576642335766,"FTTS_1Q_MIN_2024-09-15"
2024-09-15,"Draft Kings","PHO @ CHI",1022400227,"FPTS","First FGM","Player","Game","Home/Away","Favorite/Underdog",0.0842,1088,0.0625,1500,0.0217,0.0116,1.1553,1.21610526315789,2024-09-15 19:56:48,1,"Celeste Taylor","Loss",1.1553,-1.1553,1.21610526315789,-1.21610526315789,"FPTS_Celeste Taylor_2024-09-15"
2024-09-15,"FanDuel","PHO @ CHI",1022400227,"FPTS","First Points","Player","Game","Home/Away","Favorite/Underdog",0.0692,1345,0.0556,1700,0.0137,0.0072,0.7235,0.761578947368421,2024-09-15 12:26:55,1,"Lindsay Allen","Loss",0.7235,-0.7235,0.761578947368421,-0.761578947368421,"FPTS_Lindsay Allen_2024-09-15"
2024-09-15,"FanDuel","PHO @ CHI",1022400227,"FPTS","First Points","Player","Game","Home/Away","Favorite/Underdog",0.0692,1345,0.0526,1800,0.0166,0.0088,0.8756,0.921684210526316,2024-09-15 12:56:54,2,"Lindsay Allen","Loss",0.1521,-0.1521,0.160105263157895,-0.160105263157895,"FPTS_Lindsay Allen_2024-09-15"
2024-09-15,"Draft Kings","PHO @ CHI",1022400227,"FPTS","First FGM","Player","Game","Home/Away","Favorite/Underdog",0.0938,966,0.0667,1400,0.0272,0.0146,1.4559,1.53252631578947,2024-09-15 21:56:41,20,"Michaela Onyenwere","Loss",1.4559,-1.4559,1.53252631578947,-1.53252631578947,"FPTS_Michaela Onyenwere_2024-09-15"
2024-09-15,"BetRivers","PHO @ CHI",1022400227,"FPTS","First FGM","Player","Game","Home/Away","Favorite/Underdog",0.0919,988,0.0667,1400,0.0252,0.0135,1.3525,1.42368421052632,2024-09-15 19:56:48,16,"Natasha Cloud","Loss",1.3525,-1.3525,1.42368421052632,-1.42368421052632,"FPTS_Natasha Cloud_2024-09-15"
2024-09-15,"MGM","PHO @ CHI",1022400227,"FPTS Team","First FGM","Player","Team","Home/Away","Favorite/Underdog",0.1624,516,0.1429,600,0.0195,0.0114,1.14,0.75,2024-09-15 19:56:48,1,"Celeste Taylor","Loss",1.14,-1.14,0.75,-0.75,"FPTS Team_Celeste Taylor_2024-09-15"
2024-09-15,"FanDuel","PHO @ CHI",1022400227,"FPTS Team","First Points","Player","Team","Home/Away","Favorite/Underdog",0.169,492,0.1538,550,0.0151,0.0089,0.8943,0.588355263157895,2024-09-15 18:26:47,1,"Diana Taurasi","Loss",0.8943,-0.8943,0.588355263157895,-0.588355263157895,"FPTS Team_Diana Taurasi_2024-09-15"
2024-09-15,"FanDuel","PHO @ CHI",1022400227,"FPTS Team","First Points","Player","Team","Home/Away","Favorite/Underdog",0.1446,592,0.1111,800,0.0335,0.0188,1.8817,1.23796052631579,2024-09-15 12:26:55,1,"Lindsay Allen","Loss",1.8817,-1.8817,1.23796052631579,-1.23796052631579,"FPTS Team_Lindsay Allen_2024-09-15"
2024-09-15,"FanDuel","PHO @ CHI",1022400227,"FPTS Team","First Points","Player","Team","Home/Away","Favorite/Underdog",0.1806,454,0.1429,600,0.0377,0.022,2.199,1.44671052631579,2024-09-15 12:56:54,2,"Michaela Onyenwere","Win",0.6208,3.7248,0.40842105263158,2.45052631578948,"FPTS Team_Michaela Onyenwere_2024-09-15"
2024-09-15,"FanDuel","PHO @ CHI",1022400227,"FPTS Team","First Points","Player","Team","Home/Away","Favorite/Underdog",0.1935,417,0.1538,550,0.0397,0.0234,2.3444,1.54236842105263,2024-09-15 21:56:41,20,"Michaela Onyenwere","Win",1.7236,9.4798,1.13394736842105,6.23671052631578,"FPTS Team_Michaela Onyenwere_2024-09-15"
2024-09-15,"FanDuel","PHO @ CHI",1022400227,"FPTS Team","First Points","Player","Team","Home/Away","Favorite/Underdog",0.1601,525,0.1176,750,0.0424,0.024,2.4029,1.58085526315789,2024-09-15 12:26:55,1,"Natasha Cloud","Loss",2.4029,-2.4029,1.58085526315789,-1.58085526315789,"FPTS Team_Natasha Cloud_2024-09-15"
2024-09-15,"FanDuel","PHO @ CHI",1022400227,"FPTS Team","First Points","Player","Team","Home/Away","Favorite/Underdog",0.1601,525,0.1111,800,0.0489,0.0275,2.7529,1.81111842105263,2024-09-15 12:56:54,2,"Natasha Cloud","Loss",0.35,-0.35,0.23026315789474,-0.23026315789474,"FPTS Team_Natasha Cloud_2024-09-15"
2024-09-15,"FanDuel","PHO @ CHI",1022400227,"FPTS Team","First Points","Player","Team","Home/Away","Favorite/Underdog",0.1718,482,0.1538,550,0.0179,0.0106,1.0598,0.697236842105263,2024-09-15 21:56:41,1,"Rachel Banham","Loss",1.0598,-1.0598,0.697236842105263,-0.697236842105263,"FPTS Team_Rachel Banham_2024-09-15"
2024-09-15,"FanDuel","PHO @ CHI",1022400227,"FTTS","First Points","Team","Quarter","Home/Away","Favorite/Underdog",0.4788,109,0.4673,114,0.0115,0.0108,0.5418,0.395474452554744,2024-09-15 12:56:54,1,"1Q_CHI","Loss",0.5418,-0.5418,0.395474452554744,-0.395474452554744,"FTTS_1Q_CHI_2024-09-15"
2024-09-15,"FanDuel","PHO @ CHI",1022400227,"FTTS","First Points","Team","Quarter","Home/Away","Favorite/Underdog",0.4788,109,0.463,116,0.0159,0.0148,0.7388,0.539270072992701,2024-09-15 15:26:50,6,"1Q_CHI","Loss",0.197,-0.197,0.143795620437957,-0.143795620437957,"FTTS_1Q_CHI_2024-09-15"
2024-09-17,"FanDuel","CHI @ ATL",1022400232,"FPTS","First Points","Player","Game","Home/Away","Favorite/Underdog",0.0877,1041,0.0714,1300,0.0162,0.0087,0.8744,0.920421052631579,2024-09-17 17:26:53,6,"Allisha Gray","Loss",0.2925,-0.2925,0.307894736842105,-0.307894736842105,"FPTS_Allisha Gray_2024-09-17"
2024-09-17,"FanDuel","CHI @ ATL",1022400232,"FPTS","First Points","Player","Game","Home/Away","Favorite/Underdog",0.1008,892,0.0769,1200,0.0239,0.0129,1.2948,1.36294736842105,2024-09-17 22:57:04,17,"Allisha Gray","Loss",1.0023,-1.0023,1.05505263157895,-1.05505263157895,"FPTS_Allisha Gray_2024-09-17"
2024-09-17,"BetRivers","CHI @ ATL",1022400232,"FPTS","First FGM","Player","Game","Home/Away","Favorite/Underdog",0.1345,643,0.1,900,0.0345,0.0192,1.9167,2.01757894736842,2024-09-17 22:57:04,1,"Isabelle Harrison","Loss",0.95835,-0.95835,1.00878947368421,-1.00878947368421,"FPTS_Isabelle Harrison_2024-09-17"
2024-09-17,"MGM","CHI @ ATL",1022400232,"FPTS","First FGM","Player","Game","Home/Away","Favorite/Underdog",0.1345,643,0.1,900,0.0345,0.0192,1.9167,2.01757894736842,2024-09-17 22:57:04,1,"Isabelle Harrison","Loss",0.95835,-0.95835,1.00878947368421,-1.00878947368421,"FPTS_Isabelle Harrison_2024-09-17"
2024-09-17,"FanDuel","CHI @ ATL",1022400232,"FPTS","First Points","Player","Game","Home/Away","Favorite/Underdog",0.081,1135,0.0667,1400,0.0143,0.0077,0.7658,0.806105263157895,2024-09-17 18:57:07,1,"Lindsay Allen","Loss",0.7658,-0.7658,0.806105263157895,-0.806105263157895,"FPTS_Lindsay Allen_2024-09-17"
2024-09-17,"FanDuel","CHI @ ATL",1022400232,"FPTS","First Points","Player","Game","Home/Away","Favorite/Underdog",0.069,1349,0.0556,1700,0.0135,0.0071,0.7123,0.749789473684211,2024-09-17 12:26:55,1,"Naz Hillmon","Loss",0.7123,-0.7123,0.749789473684211,-0.749789473684211,"FPTS_Naz Hillmon_2024-09-17"
2024-09-17,"FanDuel","CHI @ ATL",1022400232,"FPTS","First Points","Player","Game","Home/Away","Favorite/Underdog",0.0794,1160,0.0588,1600,0.0205,0.0109,1.0916,1.14905263157895,2024-09-17 22:57:04,12,"Naz Hillmon","Loss",0.3793,-0.3793,0.399263157894739,-0.399263157894739,"FPTS_Naz Hillmon_2024-09-17"
2024-09-17,"FanDuel","CHI @ ATL",1022400232,"FPTS Team","First Points","Player","Team","Home/Away","Favorite/Underdog",0.2017,396,0.1538,550,0.0478,0.0283,2.825,1.85855263157895,2024-09-17 12:26:55,1,"Allisha Gray","Loss",2.825,-2.825,1.85855263157895,-1.85855263157895,"FPTS Team_Allisha Gray_2024-09-17"
2024-09-17,"MGM","CHI @ ATL",1022400232,"FPTS Team","First FGM","Player","Team","Home/Away","Favorite/Underdog",0.269,272,0.1905,425,0.0785,0.0485,4.85,3.19078947368421,2024-09-17 22:57:04,1,"Isabelle Harrison","Loss",4.85,-4.85,3.19078947368421,-3.19078947368421,"FPTS Team_Isabelle Harrison_2024-09-17"
2024-09-17,"MGM","CHI @ ATL",1022400232,"FPTS Team","First FGM","Player","Team","Home/Away","Favorite/Underdog",0.1535,551,0.1429,600,0.0107,0.0062,0.6221,0.409276315789474,2024-09-17 14:56:55,1,"Jordin Canada","Win",0.6221,3.7326,0.409276315789474,2.45565789473684,"FPTS Team_Jordin Canada_2024-09-17"
2024-09-17,"FanDuel","CHI @ ATL",1022400232,"FPTS Team","First Points","Player","Team","Home/Away","Favorite/Underdog",0.1432,598,0.125,700,0.0182,0.0104,1.0416,0.685263157894737,2024-09-17 16:57:05,1,"Lindsay Allen","Loss",1.0416,-1.0416,0.685263157894737,-0.685263157894737,"FPTS Team_Lindsay Allen_2024-09-17"
2024-09-17,"FanDuel","CHI @ ATL",1022400232,"FPTS Team","First Points","Player","Team","Home/Away","Favorite/Underdog",0.1587,530,0.1176,750,0.0411,0.0233,2.3287,1.53203947368421,2024-09-17 12:26:55,1,"Naz Hillmon","Loss",2.3287,-2.3287,1.53203947368421,-1.53203947368421,"FPTS Team_Naz Hillmon_2024-09-17"
2024-09-17,"FanDuel","CHI @ ATL",1022400232,"FPTS Team","First Points","Player","Team","Home/Away","Favorite/Underdog",0.1694,490,0.1538,550,0.0156,0.0092,0.9203,0.60546052631579,2024-09-17 16:27:02,1,"Rachel Banham","Win",0.9203,5.06165,0.60546052631579,3.33003289473684,"FPTS Team_Rachel Banham_2024-09-17"
2024-09-17,"FanDuel","CHI @ ATL",1022400232,"FTTS","First Points","Team","Quarter","Home/Away","Favorite/Underdog",0.5653,-130,0.5327,-114,0.0326,0.0348,1.7415,1.27116788321168,2024-09-17 12:26:55,1,"1Q_CHI","Loss",1.7415,-1.7415,1.27116788321168,-1.27116788321168,"FTTS_1Q_CHI_2024-09-17"
2024-09-17,"FanDuel","LVA @ SEA",1022400234,"FPTS","First Points","Player","Game","Home/Away","Favorite/Underdog",0.2144,366,0.1961,410,0.0184,0.0114,1.1414,1.20147368421053,2024-09-17 12:26:55,1,"A'ja Wilson","Win",1.1414,4.67974,1.20147368421053,4.92604210526317,"FPTS_A'ja Wilson_2024-09-17"
2024-09-17,"FanDuel","LVA @ SEA",1022400234,"FPTS","First Points","Player","Game","Home/Away","Favorite/Underdog",0.0736,1258,0.0556,1700,0.0181,0.0096,0.9565,1.00684210526316,2024-09-18 00:26:47,1,"Chelsea Gray","Loss",0.9565,-0.9565,1.00684210526316,-1.00684210526316,"FPTS_Chelsea Gray_2024-09-17"
2024-09-17,"BetRivers","LVA @ SEA",1022400234,"FPTS","First FGM","Player","Game","Home/Away","Favorite/Underdog",0.0919,988,0.0769,1200,0.015,0.0081,0.8118,0.854526315789474,2024-09-17 12:26:55,1,"Gabby Williams","Loss",0.8118,-0.8118,0.854526315789474,-0.854526315789474,"FPTS_Gabby Williams_2024-09-17"
2024-09-17,"Draft Kings","LVA @ SEA",1022400234,"FPTS","First FGM","Player","Game","Home/Away","Favorite/Underdog",0.0889,1025,0.0769,1200,0.0119,0.0065,0.6468,0.680842105263158,2024-09-17 12:26:55,1,"Mercedes Russell","Loss",0.6468,-0.6468,0.680842105263158,-0.680842105263158,"FPTS_Mercedes Russell_2024-09-17"
2024-09-17,"Draft Kings","LVA @ SEA",1022400234,"FPTS","First FGM","Player","Game","Home/Away","Favorite/Underdog",0.0941,962,0.0833,1100,0.0108,0.0059,0.5888,0.619789473684211,2024-09-17 12:26:55,1,"Sami Whitcomb","Loss",0.5888,-0.5888,0.619789473684211,-0.619789473684211,"FPTS_Sami Whitcomb_2024-09-17"
2024-09-17,"FanDuel","LVA @ SEA",1022400234,"FPTS Exact","First Points","Player","Exact","Home/Away","Favorite/Underdog",0.1267,689,0.0952,950,0.0315,0.0174,1.7381,2.1458024691358,2024-09-17 12:26:55,1,"A'ja Wilson_other_fg","Loss",1.7381,-1.7381,2.1458024691358,-2.1458024691358,"FPTS Exact_A'ja Wilson_other_fg_2024-09-17"
2024-09-17,"FanDuel","LVA @ SEA",1022400234,"FPTS Team","First Points","Player","Team","Home/Away","Favorite/Underdog",0.4334,131,0.3774,165,0.0561,0.045,4.5012,2.96131578947368,2024-09-17 12:26:55,1,"A'ja Wilson","Win",4.5012,7.42698,2.96131578947368,4.88617105263157,"FPTS Team_A'ja Wilson_2024-09-17"
2024-09-17,"FanDuel","LVA @ SEA",1022400234,"FPTS Team","First Points","Player","Team","Home/Away","Favorite/Underdog",0.1488,572,0.1053,850,0.0435,0.0243,2.4333,1.60085526315789,2024-09-18 00:26:47,1,"Chelsea Gray","Loss",2.4333,-2.4333,1.60085526315789,-1.60085526315789,"FPTS Team_Chelsea Gray_2024-09-17"
2024-09-17,"FanDuel","LVA @ SEA",1022400234,"FPTS Team","First Points","Player","Team","Home/Away","Favorite/Underdog",0.1741,474,0.1538,550,0.0203,0.012,1.1985,0.788486842105263,2024-09-17 12:26:55,1,"Gabby Williams","Win",1.1985,6.59175,0.788486842105263,4.33667763157895,"FPTS Team_Gabby Williams_2024-09-17"
2024-09-17,"FanDuel","LVA @ SEA",1022400234,"FPTS Team","First Points","Player","Team","Home/Away","Favorite/Underdog",0.1324,655,0.1053,850,0.0271,0.0151,1.5146,0.996447368421053,2024-09-18 01:56:42,1,"Megan Gustafson","Loss",1.5146,-1.5146,0.996447368421053,-0.996447368421053,"FPTS Team_Megan Gustafson_2024-09-17"
2024-09-17,"BetRivers","LVA @ SEA",1022400234,"FTTS","First Points","Team","Quarter","Home/Away","Favorite/Underdog",0.5053,-102,0.4878,105,0.0174,0.017,0.8515,0.621532846715328,2024-09-17 12:26:55,1,"1Q_SEA","Loss",0.8515,-0.8515,0.621532846715328,-0.621532846715328,"FTTS_1Q_SEA_2024-09-17"
2024-09-17,"MGM","MIN @ CON",1022400230,"FPTS","First FGM","Player","Game","Home/Away","Favorite/Underdog",0.0968,933,0.0833,1100,0.0134,0.0073,0.7323,0.770842105263158,2024-09-17 22:57:04,1,"Alanna Smith","Loss",0.7323,-0.7323,0.770842105263158,-0.770842105263158,"FPTS_Alanna Smith_2024-09-17"
2024-09-17,"FanDuel","MIN @ CON",1022400230,"FPTS","First Points","Player","Game","Home/Away","Favorite/Underdog",0.108,826,0.0952,950,0.0127,0.007,0.7035,0.740526315789474,2024-09-17 12:26:55,1,"DiJonai Carrington","Loss",0.7035,-0.7035,0.740526315789474,-0.740526315789474,"FPTS_DiJonai Carrington_2024-09-17"
2024-09-17,"FanDuel","MIN @ CON",1022400230,"FPTS","First Points","Player","Game","Home/Away","Favorite/Underdog",0.108,826,0.0909,1000,0.0171,0.0094,0.9383,0.987684210526316,2024-09-17 22:57:04,4,"DiJonai Carrington","Loss",0.2348,-0.2348,0.247157894736842,-0.247157894736842,"FPTS_DiJonai Carrington_2024-09-17"
2024-09-17,"FanDuel","MIN @ CON",1022400230,"FPTS","First Points","Player","Game","Home/Away","Favorite/Underdog",0.076,1216,0.0588,1600,0.0172,0.0091,0.9127,0.960736842105263,2024-09-17 22:57:04,1,"Tyasha Harris","Loss",0.9127,-0.9127,0.960736842105263,-0.960736842105263,"FPTS_Tyasha Harris_2024-09-17"
2024-09-17,"FanDuel","MIN @ CON",1022400230,"FPTS Team","First Points","Player","Team","Home/Away","Favorite/Underdog",0.1831,446,0.1538,550,0.0293,0.0173,1.7286,1.13723684210526,2024-09-17 12:26:55,1,"Alanna Smith","Loss",1.7286,-1.7286,1.13723684210526,-1.13723684210526,"FPTS Team_Alanna Smith_2024-09-17"
2024-09-17,"FanDuel","MIN @ CON",1022400230,"FPTS Team","First Points","Player","Team","Home/Away","Favorite/Underdog",0.2102,376,0.1961,410,0.0141,0.0088,0.879,0.578289473684211,2024-09-17 13:26:53,1,"Courtney Williams","Loss",0.879,-0.879,0.578289473684211,-0.578289473684211,"FPTS Team_Courtney Williams_2024-09-17"
2024-09-17,"FanDuel","MIN @ CON",1022400230,"FPTS Team","First Points","Player","Team","Home/Away","Favorite/Underdog",0.2102,376,0.1923,420,0.0179,0.0111,1.1083,0.729144736842105,2024-09-17 15:26:54,4,"Courtney Williams","Loss",0.2293,-0.2293,0.150855263157894,-0.150855263157894,"FPTS Team_Courtney Williams_2024-09-17"
2024-09-17,"FanDuel","MIN @ CON",1022400230,"FPTS Team","First Points","Player","Team","Home/Away","Favorite/Underdog",0.2137,368,0.1961,410,0.0176,0.011,1.0972,0.721842105263158,2024-09-17 12:26:55,1,"DiJonai Carrington","Loss",1.0972,-1.0972,0.721842105263158,-0.721842105263158,"FPTS Team_DiJonai Carrington_2024-09-17"
2024-09-17,"FanDuel","MIN @ CON",1022400230,"FPTS Team","First Points","Player","Team","Home/Away","Favorite/Underdog",0.2137,368,0.1754,470,0.0383,0.0232,2.3213,1.52717105263158,2024-09-17 22:57:04,8,"DiJonai Carrington","Loss",1.2241,-1.2241,0.805328947368422,-0.805328947368422,"FPTS Team_DiJonai Carrington_2024-09-17"
2024-09-17,"FanDuel","MIN @ CON",1022400230,"FPTS Team","First Points","Player","Team","Home/Away","Favorite/Underdog",0.1504,565,0.1176,750,0.0328,0.0186,1.8585,1.22269736842105,2024-09-17 22:57:04,21,"Tyasha Harris","Loss",0.4045,-0.4045,0.266118421052629,-0.266118421052629,"FPTS Team_Tyasha Harris_2024-09-17"
2024-09-17,"FanDuel","MIN @ CON",1022400230,"FPTS Team","First Points","Player","Team","Home/Away","Favorite/Underdog",0.1504,565,0.125,700,0.0254,0.0145,1.454,0.956578947368421,2024-09-17 18:57:07,13,"Tyasha Harris","Loss",0.4668,-0.4668,0.307105263157895,-0.307105263157895,"FPTS Team_Tyasha Harris_2024-09-17"
2024-09-17,"FanDuel","MIN @ CON",1022400230,"FPTS Team","First Points","Player","Team","Home/Away","Favorite/Underdog",0.1504,565,0.1333,650,0.0171,0.0099,0.9872,0.649473684210526,2024-09-17 12:26:55,1,"Tyasha Harris","Loss",0.9872,-0.9872,0.649473684210526,-0.649473684210526,"FPTS Team_Tyasha Harris_2024-09-17"
2024-09-17,"BetRivers","MIN @ CON",1022400230,"FTTS","First Points","Team","Quarter","Home/Away","Favorite/Underdog",0.5052,-102,0.4878,105,0.0174,0.017,0.8485,0.619343065693431,2024-09-17 15:56:55,1,"1Q_CON","Loss",0.8485,-0.8485,0.619343065693431,-0.619343065693431,"FTTS_1Q_CON_2024-09-17"
2024-09-17,"FanDuel","NYL @ WAS",1022400231,"FPTS","First Points","Player","Game","Home/Away","Favorite/Underdog",0.0985,915,0.0833,1100,0.0152,0.0083,0.8283,0.871894736842105,2024-09-17 12:26:55,1,"Betnijah Laney-Hamilton","Loss",0.8283,-0.8283,0.871894736842105,-0.871894736842105,"FPTS_Betnijah Laney-Hamilton_2024-09-17"
2024-09-17,"FanDuel","NYL @ WAS",1022400231,"FPTS","First Points","Player","Game","Home/Away","Favorite/Underdog",0.0985,915,0.0769,1200,0.0216,0.0117,1.1698,1.23136842105263,2024-09-17 16:27:02,5,"Betnijah Laney-Hamilton","Loss",0.3415,-0.3415,0.359473684210525,-0.359473684210525,"FPTS_Betnijah Laney-Hamilton_2024-09-17"
2024-09-17,"BetRivers","NYL @ WAS",1022400231,"FPTS","First FGM","Player","Game","Home/Away","Favorite/Underdog",0.0788,1168,0.0667,1400,0.0122,0.0065,0.6524,0.686736842105263,2024-09-17 12:26:55,1,"Courtney Vandersloot","Loss",0.3262,-0.3262,0.343368421052631,-0.343368421052631,"FPTS_Courtney Vandersloot_2024-09-17"
2024-09-17,"Draft Kings","NYL @ WAS",1022400231,"FPTS","First FGM","Player","Game","Home/Away","Favorite/Underdog",0.0788,1168,0.0667,1400,0.0122,0.0065,0.6524,0.686736842105263,2024-09-17 12:26:55,1,"Courtney Vandersloot","Loss",0.3262,-0.3262,0.343368421052631,-0.343368421052631,"FPTS_Courtney Vandersloot_2024-09-17"
2024-09-17,"FanDuel","NYL @ WAS",1022400231,"FPTS","First Points","Player","Game","Home/Away","Favorite/Underdog",0.0718,1293,0.0556,1700,0.0162,0.0086,0.8585,0.903684210526316,2024-09-17 19:27:00,15,"Courtney Vandersloot","Loss",0.1707,-0.1707,0.179684210526316,-0.179684210526316,"FPTS_Courtney Vandersloot_2024-09-17"
2024-09-17,"FanDuel","NYL @ WAS",1022400231,"FPTS","First Points","Player","Game","Home/Away","Favorite/Underdog",0.0718,1293,0.0588,1600,0.0129,0.0069,0.6878,0.724,2024-09-17 17:26:53,11,"Courtney Vandersloot","Loss",0.0354,-0.0354,0.037263157894737,-0.037263157894737,"FPTS_Courtney Vandersloot_2024-09-17"
2024-09-17,"MGM","NYL @ WAS",1022400231,"FPTS","First FGM","Player","Game","Home/Away","Favorite/Underdog",0.0788,1168,0.0625,1500,0.0163,0.0087,0.8717,0.917578947368421,2024-09-17 21:26:43,19,"Courtney Vandersloot","Loss",0.0132,-0.0132,0.0138947368421051,-0.0138947368421051,"FPTS_Courtney Vandersloot_2024-09-17"
2024-09-17,"BetRivers","NYL @ WAS",1022400231,"FPTS","First FGM","Player","Game","Home/Away","Favorite/Underdog",0.1115,797,0.0769,1200,0.0346,0.0187,1.8718,1.97031578947368,2024-09-17 12:26:55,1,"Emily Engstler","Loss",0.9359,-0.9359,0.98515789473684,-0.98515789473684,"FPTS_Emily Engstler_2024-09-17"
2024-09-17,"Draft Kings","NYL @ WAS",1022400231,"FPTS","First FGM","Player","Game","Home/Away","Favorite/Underdog",0.1115,797,0.0769,1200,0.0346,0.0187,1.8718,1.97031578947368,2024-09-17 12:26:55,1,"Emily Engstler","Loss",0.9359,-0.9359,0.98515789473684,-0.98515789473684,"FPTS_Emily Engstler_2024-09-17"
2024-09-17,"FanDuel","NYL @ WAS",1022400231,"FPTS","First Points","Player","Game","Home/Away","Favorite/Underdog",0.1102,807,0.0714,1300,0.0388,0.0209,2.0904,2.20042105263158,2024-09-17 15:56:55,8,"Emily Engstler","Loss",0.2186,-0.2186,0.2301052631579,-0.2301052631579,"FPTS_Emily Engstler_2024-09-17"
2024-09-17,"MGM","NYL @ WAS",1022400231,"FPTS","First FGM","Player","Game","Home/Away","Favorite/Underdog",0.1115,797,0.0714,1300,0.0401,0.0216,2.1566,2.2701052631579,2024-09-17 21:26:43,19,"Emily Engstler","Loss",0.0662000000000003,-0.0662000000000003,0.06968421052632,-0.06968421052632,"FPTS_Emily Engstler_2024-09-17"
2024-09-17,"FanDuel","NYL @ WAS",1022400231,"FPTS","First Points","Player","Game","Home/Away","Favorite/Underdog",0.117,755,0.0952,950,0.0217,0.012,1.1999,1.26305263157895,2024-09-17 22:57:04,1,"Jonquel Jones","Loss",1.1999,-1.1999,1.26305263157895,-1.26305263157895,"FPTS_Jonquel Jones_2024-09-17"
2024-09-17,"Draft Kings","NYL @ WAS",1022400231,"FPTS","First FGM","Player","Game","Home/Away","Favorite/Underdog",0.0697,1334,0.0526,1800,0.0171,0.009,0.9028,0.950315789473684,2024-09-17 12:26:55,1,"Julie Vanloo","Win",0.9028,16.2504,0.950315789473684,17.1056842105263,"FPTS_Julie Vanloo_2024-09-17"
2024-09-17,"FanDuel","NYL @ WAS",1022400231,"FPTS","First Points","Player","Game","Home/Away","Favorite/Underdog",0.0631,1486,0.0455,2100,0.0176,0.0092,0.9228,0.971368421052632,2024-09-17 16:27:02,9,"Julie Vanloo","Win",0.0199999999999999,0.419999999999998,0.021052631578948,0.442105263157908,"FPTS_Julie Vanloo_2024-09-17"
2024-09-17,"FanDuel","NYL @ WAS",1022400231,"FPTS","First Points","Player","Game","Home/Away","Favorite/Underdog",0.0697,1335,0.0526,1800,0.0171,0.009,0.9011,0.948526315789474,2024-09-17 16:27:02,9,"Stefanie Dolson","Loss",0.152,-0.152,0.16,-0.16,"FPTS_Stefanie Dolson_2024-09-17"
2024-09-17,"FanDuel","NYL @ WAS",1022400231,"FPTS","First Points","Player","Game","Home/Away","Favorite/Underdog",0.0697,1335,0.0556,1700,0.0141,0.0075,0.7491,0.788526315789474,2024-09-17 13:56:55,4,"Stefanie Dolson","Loss",0.171,-0.171,0.18,-0.18,"FPTS_Stefanie Dolson_2024-09-17"
2024-09-17,"FanDuel","NYL @ WAS",1022400231,"FPTS","First Points","Player","Game","Home/Away","Favorite/Underdog",0.0697,1335,0.0588,1600,0.0109,0.0058,0.5781,0.608526315789474,2024-09-17 12:26:55,1,"Stefanie Dolson","Loss",0.5781,-0.5781,0.608526315789474,-0.608526315789474,"FPTS_Stefanie Dolson_2024-09-17"
2024-09-17,"FanDuel","NYL @ WAS",1022400231,"FPTS Exact","First Points","Player","Exact","Home/Away","Favorite/Underdog",0.0296,3274,0.0196,5000,0.01,0.0051,0.5115,0.631481481481481,2024-09-17 12:26:55,1,"Emily Engstler_other_fg","Loss",0.5115,-0.5115,0.631481481481481,-0.631481481481481,"FPTS Exact_Emily Engstler_other_fg_2024-09-17"
2024-09-17,"FanDuel","NYL @ WAS",1022400231,"FPTS Team","First Points","Player","Team","Home/Away","Favorite/Underdog",0.1736,476,0.125,700,0.0486,0.0278,2.7758,1.82618421052632,2024-09-17 12:26:55,1,"Betnijah Laney-Hamilton","Win",2.7758,19.4306,1.82618421052632,12.7832894736842,"FPTS Team_Betnijah Laney-Hamilton_2024-09-17"
2024-09-17,"FanDuel","NYL @ WAS",1022400231,"FPTS Team","First Points","Player","Team","Home/Away","Favorite/Underdog",0.1264,691,0.0909,1000,0.0355,0.0195,1.9547,1.28598684210526,2024-09-17 12:26:55,1,"Courtney Vandersloot","Loss",1.9547,-1.9547,1.28598684210526,-1.28598684210526,"FPTS Team_Courtney Vandersloot_2024-09-17"
2024-09-17,"MGM","NYL @ WAS",1022400231,"FPTS Team","First FGM","Player","Team","Home/Away","Favorite/Underdog",0.1405,612,0.1,900,0.0405,0.0225,2.2506,1.48065789473684,2024-09-17 14:26:55,5,"Courtney Vandersloot","Loss",0.2959,-0.2959,0.19467105263158,-0.19467105263158,"FPTS Team_Courtney Vandersloot_2024-09-17"
2024-09-17,"FanDuel","NYL @ WAS",1022400231,"FPTS Team","First Points","Player","Team","Home/Away","Favorite/Underdog",0.255,292,0.1887,430,0.0663,0.0408,4.0849,2.68743421052632,2024-09-17 21:56:51,20,"Emily Engstler","Loss",0.1607,-0.1607,0.10572368421053,-0.10572368421053,"FPTS Team_Emily Engstler_2024-09-17"
2024-09-17,"FanDuel","NYL @ WAS",1022400231,"FPTS Team","First Points","Player","Team","Home/Away","Favorite/Underdog",0.255,292,0.1961,410,0.0589,0.0366,3.6623,2.40940789473684,2024-09-17 12:26:55,1,"Emily Engstler","Loss",3.6623,-3.6623,2.40940789473684,-2.40940789473684,"FPTS Team_Emily Engstler_2024-09-17"
2024-09-17,"MGM","NYL @ WAS",1022400231,"FPTS Team","First FGM","Player","Team","Home/Away","Favorite/Underdog",0.254,294,0.1905,425,0.0635,0.0392,3.9242,2.58171052631579,2024-09-17 14:26:55,5,"Emily Engstler","Loss",0.2619,-0.2619,0.17230263157895,-0.17230263157895,"FPTS Team_Emily Engstler_2024-09-17"
2024-09-17,"FanDuel","NYL @ WAS",1022400231,"FPTS Team","First Points","Player","Team","Home/Away","Favorite/Underdog",0.206,385,0.1538,550,0.0522,0.0308,3.0847,2.02940789473684,2024-09-17 22:57:04,22,"Jonquel Jones","Loss",0.7217,-0.7217,0.47480263157895,-0.47480263157895,"FPTS Team_Jonquel Jones_2024-09-17"
2024-09-17,"FanDuel","NYL @ WAS",1022400231,"FPTS Team","First Points","Player","Team","Home/Away","Favorite/Underdog",0.206,385,0.1667,500,0.0394,0.0236,2.363,1.55460526315789,2024-09-17 17:56:59,12,"Jonquel Jones","Loss",0.3309,-0.3309,0.21769736842105,-0.21769736842105,"FPTS Team_Jonquel Jones_2024-09-17"
2024-09-17,"FanDuel","NYL @ WAS",1022400231,"FPTS Team","First Points","Player","Team","Home/Away","Favorite/Underdog",0.206,385,0.1724,480,0.0336,0.0203,2.0321,1.33690789473684,2024-09-17 15:26:54,7,"Jonquel Jones","Loss",0.3595,-0.3595,0.23651315789473,-0.23651315789473,"FPTS Team_Jonquel Jones_2024-09-17"
2024-09-17,"FanDuel","NYL @ WAS",1022400231,"FPTS Team","First Points","Player","Team","Home/Away","Favorite/Underdog",0.206,385,0.1786,460,0.0275,0.0167,1.6726,1.10039473684211,2024-09-17 12:26:55,1,"Jonquel Jones","Loss",1.6726,-1.6726,1.10039473684211,-1.10039473684211,"FPTS Team_Jonquel Jones_2024-09-17"
2024-09-17,"FanDuel","NYL @ WAS",1022400231,"FPTS Team","First Points","Player","Team","Home/Away","Favorite/Underdog",0.1459,586,0.125,700,0.0209,0.0119,1.1918,0.784078947368421,2024-09-17 12:26:55,1,"Julie Vanloo","Win",1.1918,8.3426,0.784078947368421,5.48855263157895,"FPTS Team_Julie Vanloo_2024-09-17"
2024-09-17,"FanDuel","NYL @ WAS",1022400231,"FPTS Team","First Points","Player","Team","Home/Away","Favorite/Underdog",0.1459,586,0.1176,750,0.0282,0.016,1.5985,1.05164473684211,2024-09-17 15:26:54,7,"Julie Vanloo","Win",0.4067,3.05025,0.267565789473689,2.00674342105267,"FPTS Team_Julie Vanloo_2024-09-17"
2024-09-17,"MGM","NYL @ WAS",1022400231,"FPTS Team","First FGM","Player","Team","Home/Away","Favorite/Underdog",0.1666,500,0.1538,550,0.0128,0.0075,0.7546,0.496447368421053,2024-09-17 14:26:55,1,"Stefanie Dolson","Loss",0.7546,-0.7546,0.496447368421053,-0.496447368421053,"FPTS Team_Stefanie Dolson_2024-09-17"
2024-09-17,"FanDuel","NYL @ WAS",1022400231,"FPTS Team","First Points","Player","Team","Home/Away","Favorite/Underdog",0.1612,520,0.1429,600,0.0183,0.0107,1.0699,0.703881578947368,2024-09-17 16:27:02,5,"Stefanie Dolson","Loss",0.3153,-0.3153,0.207434210526315,-0.207434210526315,"FPTS Team_Stefanie Dolson_2024-09-17"
2024-09-17,"FanDuel","NYL @ WAS",1022400231,"FTTS","First Points","Team","Quarter","Home/Away","Favorite/Underdog",0.4324,131,0.3774,165,0.0551,0.0442,2.2107,1.6136496350365,2024-09-17 12:26:55,1,"1Q_WAS","Win",2.2107,3.647655,1.6136496350365,2.66252189781022,"FTTS_1Q_WAS_2024-09-17"
2024-09-17,"Draft Kings","PHO @ LAS",1022400233,"FPTS","First FGM","Player","Game","Home/Away","Favorite/Underdog",0.0934,971,0.0833,1100,0.01,0.0055,0.5467,0.575473684210526,2024-09-17 12:26:55,1,"Azurá Stevens","Loss",0.5467,-0.5467,0.575473684210526,-0.575473684210526,"FPTS_Azurá Stevens_2024-09-17"
2024-09-17,"FanDuel","PHO @ LAS",1022400233,"FPTS","First Points","Player","Game","Home/Away","Favorite/Underdog",0.0943,961,0.0833,1100,0.011,0.006,0.5977,0.629157894736842,2024-09-17 13:26:53,3,"Azurá Stevens","Loss",0.051,-0.051,0.053684210526316,-0.053684210526316,"FPTS_Azurá Stevens_2024-09-17"
2024-09-17,"MGM","PHO @ LAS",1022400233,"FPTS","First FGM","Player","Game","Home/Away","Favorite/Underdog",0.0934,971,0.0769,1200,0.0164,0.0089,0.8901,0.936947368421053,2024-09-18 01:56:42,28,"Azurá Stevens","Loss",0.2924,-0.2924,0.307789473684211,-0.307789473684211,"FPTS_Azurá Stevens_2024-09-17"
2024-09-17,"FanDuel","PHO @ LAS",1022400233,"FPTS","First Points","Player","Game","Home/Away","Favorite/Underdog",0.0736,1258,0.0588,1600,0.0148,0.0079,0.7857,0.827052631578947,2024-09-17 12:26:55,1,"Odyssey Sims","Loss",0.7857,-0.7857,0.827052631578947,-0.827052631578947,"FPTS_Odyssey Sims_2024-09-17"
2024-09-17,"FanDuel","PHO @ LAS",1022400233,"FPTS","First Points","Player","Game","Home/Away","Favorite/Underdog",0.0808,1138,0.0455,2100,0.0353,0.0185,1.8493,1.94663157894737,2024-09-17 12:26:55,1,"Rae Burrell","Loss",1.8493,-1.8493,1.94663157894737,-1.94663157894737,"FPTS_Rae Burrell_2024-09-17"
2024-09-17,"FanDuel","PHO @ LAS",1022400233,"FPTS","First Points","Player","Game","Home/Away","Favorite/Underdog",0.0808,1138,0.0417,2300,0.0391,0.0204,2.0396,2.14694736842105,2024-09-17 13:26:53,3,"Rae Burrell","Loss",0.1903,-0.1903,0.20031578947368,-0.20031578947368,"FPTS_Rae Burrell_2024-09-17"
2024-09-17,"FanDuel","PHO @ LAS",1022400233,"FPTS Exact","First Points","Player","Exact","Home/Away","Favorite/Underdog",0.0342,2827,0.0222,4400,0.0119,0.0061,0.6104,0.75358024691358,2024-09-17 12:26:55,1,"Diana Taurasi_layup","Loss",0.6104,-0.6104,0.75358024691358,-0.75358024691358,"FPTS Exact_Diana Taurasi_layup_2024-09-17"
2024-09-17,"FanDuel","PHO @ LAS",1022400233,"FPTS Team","First Points","Player","Team","Home/Away","Favorite/Underdog",0.2086,379,0.1961,410,0.0125,0.0078,0.7791,0.512565789473684,2024-09-17 13:56:55,1,"Azurá Stevens","Loss",0.7791,-0.7791,0.512565789473684,-0.512565789473684,"FPTS Team_Azurá Stevens_2024-09-17"
2024-09-17,"FanDuel","PHO @ LAS",1022400233,"FPTS Team","First Points","Player","Team","Home/Away","Favorite/Underdog",0.1736,476,0.1429,600,0.0307,0.0179,1.7922,1.17907894736842,2024-09-17 12:26:55,1,"Natasha Cloud","Loss",1.7922,-1.7922,1.17907894736842,-1.17907894736842,"FPTS Team_Natasha Cloud_2024-09-17"
2024-09-17,"FanDuel","PHO @ LAS",1022400233,"FPTS Team","First Points","Player","Team","Home/Away","Favorite/Underdog",0.1629,514,0.1429,600,0.02,0.0117,1.1668,0.767631578947368,2024-09-17 12:26:55,1,"Odyssey Sims","Loss",1.1668,-1.1668,0.767631578947368,-0.767631578947368,"FPTS Team_Odyssey Sims_2024-09-17"
2024-09-17,"FanDuel","PHO @ LAS",1022400233,"FPTS Team","First Points","Player","Team","Home/Away","Favorite/Underdog",0.1787,460,0.1,900,0.0787,0.0437,4.3705,2.87532894736842,2024-09-17 15:56:55,8,"Rae Burrell","Win",0.2684,2.4156,0.17657894736842,1.58921052631578,"FPTS Team_Rae Burrell_2024-09-17"
2024-09-17,"FanDuel","PHO @ LAS",1022400233,"FPTS Team","First Points","Player","Team","Home/Away","Favorite/Underdog",0.1787,460,0.1053,850,0.0734,0.041,4.1021,2.69875,2024-09-17 13:26:53,3,"Rae Burrell","Win",0.3019,2.56615,0.19861842105263,1.68825657894735,"FPTS Team_Rae Burrell_2024-09-17"
2024-09-17,"FanDuel","PHO @ LAS",1022400233,"FPTS Team","First Points","Player","Team","Home/Away","Favorite/Underdog",0.1787,460,0.1111,800,0.0676,0.038,3.8002,2.50013157894737,2024-09-17 12:26:55,1,"Rae Burrell","Win",3.8002,30.4016,2.50013157894737,20.001052631579,"FPTS Team_Rae Burrell_2024-09-17"
2024-09-17,"FanDuel","PHO @ LAS",1022400233,"FTTS","First Points","Team","Quarter","Home/Away","Favorite/Underdog",0.452,121,0.4167,140,0.0353,0.0303,1.5145,1.10547445255474,2024-09-17 22:26:52,21,"1Q_LAS","Loss",0.1418,-0.1418,0.10350364963503,-0.10350364963503,"FTTS_1Q_LAS_2024-09-17"
2024-09-17,"FanDuel","PHO @ LAS",1022400233,"FTTS","First Points","Team","Quarter","Home/Away","Favorite/Underdog",0.452,121,0.4202,138,0.0318,0.0275,1.3727,1.00197080291971,2024-09-17 14:26:55,5,"1Q_LAS","Loss",0.146,-0.146,0.106569343065696,-0.106569343065696,"FTTS_1Q_LAS_2024-09-17"
2024-09-17,"FanDuel","PHO @ LAS",1022400233,"FTTS","First Points","Team","Quarter","Home/Away","Favorite/Underdog",0.452,121,0.4237,136,0.0283,0.0245,1.2267,0.895401459854014,2024-09-17 12:26:55,1,"1Q_LAS","Loss",1.2267,-1.2267,0.895401459854014,-0.895401459854014,"FTTS_1Q_LAS_2024-09-17"
2024-09-19,"Draft Kings","ATL @ NYL",1022400236,"FPTS","First FGM","Player","Game","Home/Away","Favorite/Underdog",0.1282,680,0.1111,800,0.0171,0.0096,0.9619,1.01252631578947,2024-09-19 21:56:46,1,"Tina Charles","Loss",0.9619,-0.9619,1.01252631578947,-1.01252631578947,"FPTS_Tina Charles_2024-09-19"
2024-09-22,"FanDuel","ATL @ NYL",1042400101,"FPTS","First Points","Player","Game","Home/Away","Favorite/Underdog",0.0833,1100,0.0588,1600,0.0245,0.013,1.3029,1.37147368421053,2024-09-22 12:26:32,1,"Allisha Gray","Loss",1.3029,-1.3029,1.37147368421053,-1.37147368421053,"FPTS_Allisha Gray_2024-09-22"
2024-09-22,"ESPN","ATL @ NYL",1042400101,"FPTS","First Points","Player","Game","Home/Away","Favorite/Underdog",0.1014,886,0.0833,1100,0.0181,0.0099,0.9875,1.03947368421053,2024-09-22 12:26:32,1,"Betnijah Laney-Hamilton","Loss",0.49375,-0.49375,0.519736842105265,-0.519736842105265,"FPTS_Betnijah Laney-Hamilton_2024-09-22"
2024-09-22,"FanDuel","ATL @ NYL",1042400101,"FPTS","First Points","Player","Game","Home/Away","Favorite/Underdog",0.1014,886,0.0833,1100,0.0181,0.0099,0.9875,1.03947368421053,2024-09-22 12:26:32,1,"Betnijah Laney-Hamilton","Loss",0.49375,-0.49375,0.519736842105265,-0.519736842105265,"FPTS_Betnijah Laney-Hamilton_2024-09-22"
2024-09-22,"ESPN","ATL @ NYL",1042400101,"FPTS","First Points","Player","Game","Home/Away","Favorite/Underdog",0.1021,879,0.0833,1100,0.0188,0.0102,1.0233,1.07715789473684,2024-09-22 16:26:34,9,"Betnijah Laney-Hamilton","Loss",0.0358000000000001,-0.0358000000000001,0.03768421052631,-0.03768421052631,"FPTS_Betnijah Laney-Hamilton_2024-09-22"
2024-09-22,"FanDuel","ATL @ NYL",1042400101,"FPTS","First Points","Player","Game","Home/Away","Favorite/Underdog",0.1162,761,0.0952,950,0.0209,0.0116,1.1571,1.218,2024-09-22 12:26:32,1,"Jonquel Jones","Loss",1.1571,-1.1571,1.218,-1.218,"FPTS_Jonquel Jones_2024-09-22"
2024-09-22,"FanDuel","ATL @ NYL",1042400101,"FPTS","First Points","Player","Game","Home/Away","Favorite/Underdog",0.1169,755,0.0909,1000,0.026,0.0143,1.431,1.50631578947368,2024-09-22 16:26:34,9,"Jonquel Jones","Loss",0.2739,-0.2739,0.28831578947368,-0.28831578947368,"FPTS_Jonquel Jones_2024-09-22"
2024-09-22,"FanDuel","ATL @ NYL",1042400101,"FPTS","First Points","Player","Game","Home/Away","Favorite/Underdog",0.0718,1292,0.0588,1600,0.013,0.0069,0.6918,0.72821052631579,2024-09-22 16:26:34,1,"Leonie Fiebich","Loss",0.6918,-0.6918,0.72821052631579,-0.72821052631579,"FPTS_Leonie Fiebich_2024-09-22"
2024-09-22,"FanDuel","ATL @ NYL",1042400101,"FPTS","First Points","Player","Game","Home/Away","Favorite/Underdog",0.0681,1369,0.0476,2000,0.0205,0.0107,1.0738,1.13031578947368,2024-09-22 12:26:32,1,"Naz Hillmon","Loss",1.0738,-1.0738,1.13031578947368,-1.13031578947368,"FPTS_Naz Hillmon_2024-09-22"
2024-09-22,"Draft Kings","ATL @ NYL",1042400101,"FPTS","First FGM","Player","Game","Home/Away","Favorite/Underdog",0.1244,704,0.1,900,0.0244,0.0136,1.3573,1.42873684210526,2024-09-22 12:26:32,1,"Tina Charles","Loss",0.67865,-0.67865,0.71436842105263,-0.71436842105263,"FPTS_Tina Charles_2024-09-22"
2024-09-22,"Fanatics","ATL @ NYL",1042400101,"FPTS","First FGM","Player","Game","Home/Away","Favorite/Underdog",0.1244,704,0.1,900,0.0244,0.0136,1.3573,1.42873684210526,2024-09-22 12:26:32,1,"Tina Charles","Loss",0.67865,-0.67865,0.71436842105263,-0.71436842105263,"FPTS_Tina Charles_2024-09-22"
2024-09-22,"FanDuel","ATL @ NYL",1042400101,"FPTS Exact","First Points","Player","Exact","Home/Away","Favorite/Underdog",0.0311,3117,0.0208,4700,0.0103,0.0052,0.5235,0.646296296296296,2024-09-22 16:56:33,1,"Jonquel Jones_other_fg","Loss",0.5235,-0.5235,0.646296296296296,-0.646296296296296,"FPTS Exact_Jonquel Jones_other_fg_2024-09-22"
2024-09-22,"FanDuel","ATL @ NYL",1042400101,"FPTS Team","First Points","Player","Team","Home/Away","Favorite/Underdog",0.1963,409,0.1538,550,0.0425,0.0251,2.5103,1.65151315789474,2024-09-22 12:26:32,1,"Allisha Gray","Loss",2.5103,-2.5103,1.65151315789474,-1.65151315789474,"FPTS Team_Allisha Gray_2024-09-22"
2024-09-22,"FanDuel","ATL @ NYL",1042400101,"FPTS Team","First Points","Player","Team","Home/Away","Favorite/Underdog",0.1763,467,0.125,700,0.0513,0.0293,2.9296,1.92736842105263,2024-09-22 12:26:32,1,"Betnijah Laney-Hamilton","Loss",2.9296,-2.9296,1.92736842105263,-1.92736842105263,"FPTS Team_Betnijah Laney-Hamilton_2024-09-22"
2024-09-22,"FanDuel","ATL @ NYL",1042400101,"FPTS Team","First Points","Player","Team","Home/Away","Favorite/Underdog",0.2032,392,0.1333,650,0.0699,0.0403,4.03,2.65131578947368,2024-09-22 16:26:34,9,"Jonquel Jones","Loss",0.587,-0.587,0.38618421052631,-0.38618421052631,"FPTS Team_Jonquel Jones_2024-09-22"
2024-09-22,"FanDuel","ATL @ NYL",1042400101,"FPTS Team","First Points","Player","Team","Home/Away","Favorite/Underdog",0.2019,395,0.1429,600,0.059,0.0344,3.443,2.26513157894737,2024-09-22 13:56:31,4,"Jonquel Jones","Loss",0.4147,-0.4147,0.27282894736842,-0.27282894736842,"FPTS Team_Jonquel Jones_2024-09-22"
2024-09-22,"FanDuel","ATL @ NYL",1042400101,"FPTS Team","First Points","Player","Team","Home/Away","Favorite/Underdog",0.2019,395,0.1538,550,0.048,0.0284,2.8384,1.86736842105263,2024-09-22 12:26:32,1,"Jonquel Jones","Loss",2.8384,-2.8384,1.86736842105263,-1.86736842105263,"FPTS Team_Jonquel Jones_2024-09-22"
2024-09-22,"MGM","ATL @ NYL",1042400101,"FPTS Team","First FGM","Player","Team","Home/Away","Favorite/Underdog",0.2239,347,0.1739,475,0.05,0.0303,3.0283,1.99230263157895,2024-09-22 12:56:31,2,"Jonquel Jones","Loss",0.1899,-0.1899,0.12493421052632,-0.12493421052632,"FPTS Team_Jonquel Jones_2024-09-22"
2024-09-22,"FanDuel","ATL @ NYL",1042400101,"FPTS Team","First Points","Player","Team","Home/Away","Favorite/Underdog",0.1248,701,0.0952,950,0.0296,0.0164,1.6364,1.07657894736842,2024-09-22 16:26:34,1,"Leonie Fiebich","Loss",1.6364,-1.6364,1.07657894736842,-1.07657894736842,"FPTS Team_Leonie Fiebich_2024-09-22"
2024-09-22,"FanDuel","ATL @ NYL",1042400101,"FPTS Team","First Points","Player","Team","Home/Away","Favorite/Underdog",0.1603,524,0.1333,650,0.027,0.0156,1.5584,1.02526315789474,2024-09-22 12:26:32,1,"Naz Hillmon","Loss",1.5584,-1.5584,1.02526315789474,-1.02526315789474,"FPTS Team_Naz Hillmon_2024-09-22"
2024-09-22,"FanDuel","ATL @ NYL",1042400101,"FPTS Team","First Points","Player","Team","Home/Away","Favorite/Underdog",0.1603,524,0.125,700,0.0353,0.0202,2.0197,1.32875,2024-09-22 14:56:32,6,"Naz Hillmon","Loss",0.4613,-0.4613,0.30348684210526,-0.30348684210526,"FPTS Team_Naz Hillmon_2024-09-22"
2024-09-22,"MGM","ATL @ NYL",1042400101,"FPTS Team","First FGM","Player","Team","Home/Away","Favorite/Underdog",0.2845,251,0.2564,290,0.0281,0.0189,1.8916,1.24447368421053,2024-09-22 12:56:31,1,"Tina Charles","Win",1.8916,5.48564,1.24447368421053,3.60897368421054,"FPTS Team_Tina Charles_2024-09-22"
2024-09-22,"FanDuel","ATL @ NYL",1042400101,"FTTS","First Points","Team","Quarter","Home/Away","Favorite/Underdog",0.4245,136,0.3817,162,0.0429,0.0347,1.7326,1.26467153284672,2024-09-22 16:56:33,10,"1Q_ATL","Loss",0.2248,-0.2248,0.16408759124088,-0.16408759124088,"FTTS_1Q_ATL_2024-09-22"
2024-09-22,"FanDuel","ATL @ NYL",1042400101,"FTTS","First Points","Team","Quarter","Home/Away","Favorite/Underdog",0.4245,136,0.3876,158,0.0369,0.0302,1.5078,1.10058394160584,2024-09-22 14:56:32,6,"1Q_ATL","Loss",0.2365,-0.2365,0.172627737226278,-0.172627737226278,"FTTS_1Q_ATL_2024-09-22"
2024-09-22,"FanDuel","ATL @ NYL",1042400101,"FTTS","First Points","Team","Quarter","Home/Away","Favorite/Underdog",0.4245,136,0.3937,154,0.0308,0.0254,1.2713,0.927956204379562,2024-09-22 12:26:32,1,"1Q_ATL","Loss",1.2713,-1.2713,0.927956204379562,-0.927956204379562,"FTTS_1Q_ATL_2024-09-22"
2024-09-22,"ESPN","IND @ CON",1042400121,"FPTS","First Points","Player","Game","Home/Away","Favorite/Underdog",0.0753,1227,0.0625,1500,0.0128,0.0068,0.685,0.721052631578948,2024-09-22 12:26:32,1,"Lexie Hull","Loss",0.685,-0.685,0.721052631578948,-0.721052631578948,"FPTS_Lexie Hull_2024-09-22"
2024-09-22,"FanDuel","IND @ CON",1042400121,"FPTS","First Points","Player","Game","Home/Away","Favorite/Underdog",0.0753,1227,0.0556,1700,0.0198,0.0105,1.0476,1.10273684210526,2024-09-22 15:26:33,7,"Lexie Hull","Loss",0.3626,-0.3626,0.381684210526312,-0.381684210526312,"FPTS_Lexie Hull_2024-09-22"
2024-09-22,"FanDuel","IND @ CON",1042400121,"FPTS","First Points","Player","Game","Home/Away","Favorite/Underdog",0.1306,666,0.0833,1100,0.0473,0.0258,2.579,2.71473684210526,2024-09-22 12:26:32,1,"NaLyssa Smith","Loss",2.579,-2.579,2.71473684210526,-2.71473684210526,"FPTS_NaLyssa Smith_2024-09-22"
2024-09-22,"FanDuel","IND @ CON",1042400121,"FPTS Exact","First Points","Player","Exact","Home/Away","Favorite/Underdog",0.0529,1791,0.0417,2300,0.0112,0.0059,0.5858,0.72320987654321,2024-09-22 12:26:32,1,"NaLyssa Smith_layup","Loss",0.5858,-0.5858,0.72320987654321,-0.72320987654321,"FPTS Exact_NaLyssa Smith_layup_2024-09-22"
2024-09-22,"FanDuel","IND @ CON",1042400121,"FPTS Exact","First Points","Player","Exact","Home/Away","Favorite/Underdog",0.0529,1791,0.04,2400,0.0129,0.0067,0.6716,0.829135802469136,2024-09-22 13:56:31,4,"NaLyssa Smith_layup","Loss",0.0858,-0.0858,0.105925925925926,-0.105925925925926,"FPTS Exact_NaLyssa Smith_layup_2024-09-22"
2024-09-22,"FanDuel","IND @ CON",1042400121,"FPTS Team","First Points","Player","Team","Home/Away","Favorite/Underdog",0.2125,371,0.2,400,0.0125,0.0078,0.7802,0.513289473684211,2024-09-22 12:26:32,1,"DiJonai Carrington","Loss",0.7802,-0.7802,0.513289473684211,-0.513289473684211,"FPTS Team_DiJonai Carrington_2024-09-22"
2024-09-22,"FanDuel","IND @ CON",1042400121,"FPTS Team","First Points","Player","Team","Home/Away","Favorite/Underdog",0.2125,371,0.1961,410,0.0164,0.0102,1.0203,0.67125,2024-09-22 16:56:33,6,"DiJonai Carrington","Loss",0.2401,-0.2401,0.157960526315789,-0.157960526315789,"FPTS Team_DiJonai Carrington_2024-09-22"
2024-09-22,"FanDuel","IND @ CON",1042400121,"FPTS Team","First Points","Player","Team","Home/Away","Favorite/Underdog",0.1332,651,0.1,900,0.0332,0.0185,1.8459,1.21440789473684,2024-09-22 16:56:33,10,"Lexie Hull","Loss",0.2832,-0.2832,0.18631578947368,-0.18631578947368,"FPTS Team_Lexie Hull_2024-09-22"
2024-09-22,"FanDuel","IND @ CON",1042400121,"FPTS Team","First Points","Player","Team","Home/Away","Favorite/Underdog",0.1332,651,0.1053,850,0.028,0.0156,1.5627,1.02809210526316,2024-09-22 15:26:33,7,"Lexie Hull","Loss",0.6798,-0.6798,0.447236842105265,-0.447236842105265,"FPTS Team_Lexie Hull_2024-09-22"
2024-09-22,"FanDuel","IND @ CON",1042400121,"FPTS Team","First Points","Player","Team","Home/Away","Favorite/Underdog",0.1332,651,0.1176,750,0.0156,0.0088,0.8829,0.580855263157895,2024-09-22 12:26:32,1,"Lexie Hull","Loss",0.8829,-0.8829,0.580855263157895,-0.580855263157895,"FPTS Team_Lexie Hull_2024-09-22"
2024-09-22,"FanDuel","IND @ CON",1042400121,"FPTS Team","First Points","Player","Team","Home/Away","Favorite/Underdog",0.231,333,0.1538,550,0.0771,0.0456,4.5568,2.99789473684211,2024-09-22 12:26:32,1,"NaLyssa Smith","Loss",4.5568,-4.5568,2.99789473684211,-2.99789473684211,"FPTS Team_NaLyssa Smith_2024-09-22"
2024-09-22,"FanDuel","IND @ CON",1042400121,"FPTS Team","First Points","Player","Team","Home/Away","Favorite/Underdog",0.231,333,0.1429,600,0.0881,0.0514,5.1394,3.38118421052632,2024-09-22 12:56:31,2,"NaLyssa Smith","Loss",0.5826,-0.5826,0.38328947368421,-0.38328947368421,"FPTS Team_NaLyssa Smith_2024-09-22"
2024-09-22,"Draft Kings","PHO @ MIN",1042400111,"FPTS","First FGM","Player","Game","Home/Away","Favorite/Underdog",0.0867,1054,0.0667,1400,0.02,0.0107,1.0727,1.12915789473684,2024-09-22 12:26:32,1,"Alanna Smith","Loss",1.0727,-1.0727,1.12915789473684,-1.12915789473684,"FPTS_Alanna Smith_2024-09-22"
2024-09-22,"FanDuel","PHO @ MIN",1042400111,"FPTS","First Points","Player","Game","Home/Away","Favorite/Underdog",0.0876,1042,0.0526,1800,0.035,0.0185,1.8452,1.94231578947368,2024-09-22 19:26:33,12,"Natasha Cloud","Loss",0.1491,-0.1491,0.15694736842105,-0.15694736842105,"FPTS_Natasha Cloud_2024-09-22"
2024-09-22,"FanDuel","PHO @ MIN",1042400111,"FPTS","First Points","Player","Game","Home/Away","Favorite/Underdog",0.0876,1042,0.0556,1700,0.032,0.017,1.6961,1.78536842105263,2024-09-22 16:26:34,6,"Natasha Cloud","Loss",0.8257,-0.8257,0.869157894736841,-0.869157894736841,"FPTS_Natasha Cloud_2024-09-22"
2024-09-22,"FanDuel","PHO @ MIN",1042400111,"FPTS","First Points","Player","Game","Home/Away","Favorite/Underdog",0.0876,1042,0.0714,1300,0.0162,0.0087,0.8704,0.916210526315789,2024-09-22 15:26:33,4,"Natasha Cloud","Loss",0.2925,-0.2925,0.307894736842105,-0.307894736842105,"FPTS_Natasha Cloud_2024-09-22"
2024-09-22,"FanDuel","PHO @ MIN",1042400111,"FPTS","First Points","Player","Game","Home/Away","Favorite/Underdog",0.0876,1042,0.0769,1200,0.0107,0.0058,0.5779,0.608315789473684,2024-09-22 13:56:31,1,"Natasha Cloud","Loss",0.5779,-0.5779,0.608315789473684,-0.608315789473684,"FPTS_Natasha Cloud_2024-09-22"
2024-09-22,"FanDuel","PHO @ MIN",1042400111,"FPTS","First Points","Player","Game","Home/Away","Favorite/Underdog",0.082,1120,0.0526,1800,0.0293,0.0155,1.5481,1.62957894736842,2024-09-22 16:56:33,7,"Sophie Cunningham","Loss",0.15,-0.15,0.1578947368421,-0.1578947368421,"FPTS_Sophie Cunningham_2024-09-22"
2024-09-22,"FanDuel","PHO @ MIN",1042400111,"FPTS","First Points","Player","Game","Home/Away","Favorite/Underdog",0.082,1120,0.0556,1700,0.0264,0.014,1.3981,1.47168421052632,2024-09-22 16:26:34,6,"Sophie Cunningham","Loss",0.5786,-0.5786,0.609052631578952,-0.609052631578952,"FPTS_Sophie Cunningham_2024-09-22"
2024-09-22,"FanDuel","PHO @ MIN",1042400111,"FPTS","First Points","Player","Game","Home/Away","Favorite/Underdog",0.082,1120,0.0667,1400,0.0153,0.0082,0.8195,0.862631578947368,2024-09-22 15:26:33,4,"Sophie Cunningham","Loss",0.2522,-0.2522,0.265473684210526,-0.265473684210526,"FPTS_Sophie Cunningham_2024-09-22"
2024-09-22,"FanDuel","PHO @ MIN",1042400111,"FPTS","First Points","Player","Game","Home/Away","Favorite/Underdog",0.082,1120,0.0714,1300,0.0105,0.0057,0.5673,0.597157894736842,2024-09-22 13:56:31,1,"Sophie Cunningham","Loss",0.5673,-0.5673,0.597157894736842,-0.597157894736842,"FPTS_Sophie Cunningham_2024-09-22"
2024-09-22,"FanDuel","PHO @ MIN",1042400111,"FPTS Exact","First Points","Player","Exact","Home/Away","Favorite/Underdog",0.0316,3064,0.02,4900,0.0116,0.0059,0.5922,0.731111111111111,2024-09-22 17:56:33,4,"Diana Taurasi_layup","Loss",0.0206,-0.0206,0.0254320987654321,-0.0254320987654321,"FPTS Exact_Diana Taurasi_layup_2024-09-22"
2024-09-22,"FanDuel","PHO @ MIN",1042400111,"FPTS Exact","First Points","Player","Exact","Home/Away","Favorite/Underdog",0.0316,3064,0.0204,4800,0.0112,0.0057,0.5716,0.705679012345679,2024-09-22 16:56:33,2,"Diana Taurasi_layup","Loss",0.0438,-0.0438,0.0540740740740739,-0.0540740740740739,"FPTS Exact_Diana Taurasi_layup_2024-09-22"
2024-09-22,"FanDuel","PHO @ MIN",1042400111,"FPTS Exact","First Points","Player","Exact","Home/Away","Favorite/Underdog",0.0316,3064,0.0213,4600,0.0103,0.0053,0.5278,0.651604938271605,2024-09-22 15:56:31,1,"Diana Taurasi_layup","Loss",0.5278,-0.5278,0.651604938271605,-0.651604938271605,"FPTS Exact_Diana Taurasi_layup_2024-09-22"
2024-09-22,"FanDuel","PHO @ MIN",1042400111,"FPTS Team","First Points","Player","Team","Home/Away","Favorite/Underdog",0.1836,445,0.1538,550,0.0297,0.0176,1.7568,1.15578947368421,2024-09-22 13:56:31,4,"Alanna Smith","Loss",0.1055,-0.1055,0.0694078947368399,-0.0694078947368399,"FPTS Team_Alanna Smith_2024-09-22"
2024-09-22,"FanDuel","PHO @ MIN",1042400111,"FPTS Team","First Points","Player","Team","Home/Away","Favorite/Underdog",0.1836,445,0.1667,500,0.0169,0.0101,1.0146,0.6675,2024-09-22 12:26:32,1,"Alanna Smith","Loss",1.0146,-1.0146,0.6675,-0.6675,"FPTS Team_Alanna Smith_2024-09-22"
2024-09-22,"MGM","PHO @ MIN",1042400111,"FPTS Team","First FGM","Player","Team","Home/Away","Favorite/Underdog",0.1942,415,0.1667,500,0.0275,0.0165,1.6513,1.08638157894737,2024-09-22 12:56:31,2,"Alanna Smith","Loss",0.6367,-0.6367,0.41888157894737,-0.41888157894737,"FPTS Team_Alanna Smith_2024-09-22"
2024-09-22,"MGM","PHO @ MIN",1042400111,"FPTS Team","First FGM","Player","Team","Home/Away","Favorite/Underdog",0.2034,392,0.1905,425,0.0129,0.008,0.7987,0.525460526315789,2024-09-22 12:56:31,1,"Courtney Williams","Win",0.7987,3.394475,0.525460526315789,2.2332072368421,"FPTS Team_Courtney Williams_2024-09-22"
2024-09-22,"FanDuel","PHO @ MIN",1042400111,"FPTS Team","First Points","Player","Team","Home/Away","Favorite/Underdog",0.2092,378,0.1961,410,0.0131,0.0081,0.8134,0.535131578947368,2024-09-22 17:26:32,10,"Courtney Williams","Win",0.0147,0.0602700000000002,0.00967105263157897,0.0396513157894738,"FPTS Team_Courtney Williams_2024-09-22"
2024-09-22,"FanDuel","PHO @ MIN",1042400111,"FPTS Team","First Points","Player","Team","Home/Away","Favorite/Underdog",0.1552,545,0.0909,1000,0.0642,0.0353,3.5337,2.32480263157895,2024-09-22 16:26:34,9,"Natasha Cloud","Loss",1.4081,-1.4081,0.92638157894737,-0.92638157894737,"FPTS Team_Natasha Cloud_2024-09-22"
2024-09-22,"FanDuel","PHO @ MIN",1042400111,"FPTS Team","First Points","Player","Team","Home/Away","Favorite/Underdog",0.1552,545,0.1176,750,0.0375,0.0213,2.1256,1.39842105263158,2024-09-22 15:26:33,7,"Natasha Cloud","Loss",0.8665,-0.8665,0.570065789473685,-0.570065789473685,"FPTS Team_Natasha Cloud_2024-09-22"
2024-09-22,"FanDuel","PHO @ MIN",1042400111,"FPTS Team","First Points","Player","Team","Home/Away","Favorite/Underdog",0.1552,545,0.1333,650,0.0218,0.0126,1.2591,0.828355263157895,2024-09-22 12:26:32,1,"Natasha Cloud","Loss",1.2591,-1.2591,0.828355263157895,-0.828355263157895,"FPTS Team_Natasha Cloud_2024-09-22"
2024-09-22,"FanDuel","PHO @ MIN",1042400111,"FPTS Team","First Points","Player","Team","Home/Away","Favorite/Underdog",0.1452,589,0.0909,1000,0.0543,0.0299,2.9854,1.96407894736842,2024-09-22 16:26:34,9,"Sophie Cunningham","Loss",1.0686,-1.0686,0.70302631578947,-0.70302631578947,"FPTS Team_Sophie Cunningham_2024-09-22"
2024-09-22,"FanDuel","PHO @ MIN",1042400111,"FPTS Team","First Points","Player","Team","Home/Away","Favorite/Underdog",0.1452,589,0.1111,800,0.0341,0.0192,1.9168,1.26105263157895,2024-09-22 15:26:33,7,"Sophie Cunningham","Loss",0.7632,-0.7632,0.502105263157897,-0.502105263157897,"FPTS Team_Sophie Cunningham_2024-09-22"
2024-09-22,"FanDuel","PHO @ MIN",1042400111,"FPTS Team","First Points","Player","Team","Home/Away","Favorite/Underdog",0.1452,589,0.125,700,0.0202,0.0115,1.1536,0.758947368421053,2024-09-22 12:26:32,1,"Sophie Cunningham","Loss",1.1536,-1.1536,0.758947368421053,-0.758947368421053,"FPTS Team_Sophie Cunningham_2024-09-22"
2024-09-22,"ESPN","SEA @ LVA",1042400131,"FPTS","First Points","Player","Game","Home/Away","Favorite/Underdog",0.0734,1263,0.0588,1600,0.0145,0.0077,0.7724,0.813052631578947,2024-09-22 12:26:32,1,"Chelsea Gray","Win",0.3862,6.1792,0.406526315789474,6.50442105263158,"FPTS_Chelsea Gray_2024-09-22"
2024-09-22,"FanDuel","SEA @ LVA",1042400131,"FPTS","First Points","Player","Game","Home/Away","Favorite/Underdog",0.072,1290,0.0476,2000,0.0243,0.0128,1.2776,1.34484210526316,2024-09-23 00:56:34,26,"Chelsea Gray","Win",0.1221,2.442,0.12852631578948,2.5705263157896,"FPTS_Chelsea Gray_2024-09-22"
2024-09-22,"FanDuel","SEA @ LVA",1042400131,"FPTS","First Points","Player","Game","Home/Away","Favorite/Underdog",0.072,1290,0.05,1900,0.022,0.0116,1.1555,1.21631578947368,2024-09-22 22:56:32,22,"Chelsea Gray","Win",0.1357,2.5783,0.14284210526315,2.71399999999985,"FPTS_Chelsea Gray_2024-09-22"
2024-09-22,"FanDuel","SEA @ LVA",1042400131,"FPTS","First Points","Player","Game","Home/Away","Favorite/Underdog",0.072,1290,0.0526,1800,0.0193,0.0102,1.0198,1.07347368421053,2024-09-22 20:56:38,18,"Chelsea Gray","Win",0.2474,4.4532,0.260421052631583,4.68757894736849,"FPTS_Chelsea Gray_2024-09-22"
2024-09-22,"FanDuel","SEA @ LVA",1042400131,"FPTS","First Points","Player","Game","Home/Away","Favorite/Underdog",0.0734,1263,0.0588,1600,0.0145,0.0077,0.7724,0.813052631578947,2024-09-22 12:26:32,1,"Chelsea Gray","Win",0.3862,6.1792,0.406526315789474,6.50442105263158,"FPTS_Chelsea Gray_2024-09-22"
2024-09-22,"FanDuel","SEA @ LVA",1042400131,"FPTS","First Points","Player","Game","Home/Away","Favorite/Underdog",0.0861,1061,0.0556,1700,0.0306,0.0162,1.6184,1.70357894736842,2024-09-23 01:56:31,28,"Gabby Williams","Loss",0.1606,-0.1606,0.16905263157895,-0.16905263157895,"FPTS_Gabby Williams_2024-09-22"
2024-09-22,"Fanatics","SEA @ LVA",1042400131,"FPTS","First FGM","Player","Game","Home/Away","Favorite/Underdog",0.0898,1013,0.0625,1500,0.0273,0.0146,1.4578,1.53452631578947,2024-09-22 14:56:32,6,"Gabby Williams","Loss",1.4578,-1.4578,1.53452631578947,-1.53452631578947,"FPTS_Gabby Williams_2024-09-22"
2024-09-22,"BetRivers","SEA @ LVA",1042400131,"FPTS","First FGM","Player","Game","Home/Away","Favorite/Underdog",0.1098,811,0.0909,1000,0.0189,0.0104,1.0399,1.09463157894737,2024-09-22 14:56:32,6,"Jewell Loyd","Loss",0.49275,-0.49275,0.518684210526316,-0.518684210526316,"FPTS_Jewell Loyd_2024-09-22"
2024-09-22,"Draft Kings","SEA @ LVA",1042400131,"FPTS","First FGM","Player","Game","Home/Away","Favorite/Underdog",0.1098,811,0.0909,1000,0.0189,0.0104,1.0399,1.09463157894737,2024-09-22 14:56:32,6,"Jewell Loyd","Loss",0.49275,-0.49275,0.518684210526316,-0.518684210526316,"FPTS_Jewell Loyd_2024-09-22"
2024-09-22,"MGM","SEA @ LVA",1042400131,"FPTS","First FGM","Player","Game","Home/Away","Favorite/Underdog",0.1098,811,0.0909,1000,0.0189,0.0104,1.0399,1.09463157894737,2024-09-22 14:56:32,6,"Jewell Loyd","Loss",0.0544,-0.0544,0.0572631578947373,-0.0572631578947373,"FPTS_Jewell Loyd_2024-09-22"
2024-09-22,"Draft Kings","SEA @ LVA",1042400131,"FPTS","First FGM","Player","Game","Home/Away","Favorite/Underdog",0.0842,1087,0.0667,1400,0.0176,0.0094,0.9419,0.991473684210526,2024-09-22 14:56:32,1,"Mercedes Russell","Loss",0.9419,-0.9419,0.991473684210526,-0.991473684210526,"FPTS_Mercedes Russell_2024-09-22"
2024-09-22,"FanDuel","SEA @ LVA",1042400131,"FPTS","First Points","Player","Game","Home/Away","Favorite/Underdog",0.0934,971,0.0833,1100,0.0101,0.0055,0.5494,0.578315789473684,2024-09-22 15:26:33,1,"Skylar Diggins-Smith","Loss",0.5494,-0.5494,0.578315789473684,-0.578315789473684,"FPTS_Skylar Diggins-Smith_2024-09-22"
2024-09-22,"FanDuel","SEA @ LVA",1042400131,"FPTS Team","First Points","Player","Team","Home/Away","Favorite/Underdog",0.4186,139,0.3922,155,0.0265,0.0218,2.177,1.43223684210526,2024-09-22 12:26:32,1,"A'ja Wilson","Loss",2.177,-2.177,1.43223684210526,-1.43223684210526,"FPTS Team_A'ja Wilson_2024-09-22"
2024-09-22,"FanDuel","SEA @ LVA",1042400131,"FPTS Team","First Points","Player","Team","Home/Away","Favorite/Underdog",0.4146,141,0.3846,160,0.0299,0.0243,2.4331,1.60072368421053,2024-09-22 14:56:32,6,"A'ja Wilson","Loss",0.2561,-0.2561,0.16848684210527,-0.16848684210527,"FPTS Team_A'ja Wilson_2024-09-22"
2024-09-22,"FanDuel","SEA @ LVA",1042400131,"FPTS Team","First Points","Player","Team","Home/Away","Favorite/Underdog",0.1443,593,0.0909,1000,0.0534,0.0294,2.9365,1.93190789473684,2024-09-22 20:56:38,18,"Chelsea Gray","Win",0.3968,3.968,0.26105263157895,2.6105263157895,"FPTS Team_Chelsea Gray_2024-09-22"
2024-09-22,"FanDuel","SEA @ LVA",1042400131,"FPTS Team","First Points","Player","Team","Home/Away","Favorite/Underdog",0.1457,586,0.1,900,0.0457,0.0254,2.5397,1.67085526315789,2024-09-22 13:26:31,3,"Chelsea Gray","Win",0.2792,2.5128,0.18368421052631,1.65315789473679,"FPTS Team_Chelsea Gray_2024-09-22"
2024-09-22,"FanDuel","SEA @ LVA",1042400131,"FPTS Team","First Points","Player","Team","Home/Away","Favorite/Underdog",0.1457,586,0.1053,850,0.0405,0.0226,2.2605,1.48717105263158,2024-09-22 12:26:32,1,"Chelsea Gray","Win",2.2605,19.21425,1.48717105263158,12.6409539473684,"FPTS Team_Chelsea Gray_2024-09-22"
2024-09-22,"FanDuel","SEA @ LVA",1042400131,"FPTS Team","First Points","Player","Team","Home/Away","Favorite/Underdog",0.1687,493,0.1333,650,0.0354,0.0204,2.0421,1.34348684210526,2024-09-22 12:26:32,1,"Gabby Williams","Loss",2.0421,-2.0421,1.34348684210526,-1.34348684210526,"FPTS Team_Gabby Williams_2024-09-22"
2024-09-22,"MGM","SEA @ LVA",1042400131,"FPTS Team","First FGM","Player","Team","Home/Away","Favorite/Underdog",0.1793,458,0.1176,750,0.0616,0.0349,3.4916,2.29710526315789,2024-09-22 14:56:32,6,"Gabby Williams","Loss",1.4495,-1.4495,0.95361842105263,-0.95361842105263,"FPTS Team_Gabby Williams_2024-09-22"
2024-09-22,"MGM","SEA @ LVA",1042400131,"FPTS Team","First FGM","Player","Team","Home/Away","Favorite/Underdog",0.2191,356,0.1739,475,0.0452,0.0274,2.7373,1.80085526315789,2024-09-22 14:56:32,5,"Jewell Loyd","Loss",2.7373,-2.7373,1.80085526315789,-1.80085526315789,"FPTS Team_Jewell Loyd_2024-09-22"
2024-09-22,"FanDuel","SEA @ LVA",1042400131,"FPTS Team","First Points","Player","Team","Home/Away","Favorite/Underdog",0.1052,850,0.0909,1000,0.0143,0.0079,0.7887,0.518881578947368,2024-09-23 01:56:31,1,"Kiah Stokes","Loss",0.7887,-0.7887,0.518881578947368,-0.518881578947368,"FPTS Team_Kiah Stokes_2024-09-22"
2024-09-22,"MGM","SEA @ LVA",1042400131,"FPTS Team","First FGM","Player","Team","Home/Away","Favorite/Underdog",0.1848,441,0.1333,650,0.0515,0.0297,2.9694,1.95355263157895,2024-09-22 14:56:32,5,"Skylar Diggins-Smith","Win",2.9694,19.3011,1.95355263157895,12.6980921052632,"FPTS Team_Skylar Diggins-Smith_2024-09-22"
2024-09-22,"FanDuel","SEA @ LVA",1042400131,"FTTS","First Points","Team","Quarter","Home/Away","Favorite/Underdog",0.5014,-101,0.4808,108,0.0206,0.0198,0.9912,0.723503649635036,2024-09-22 14:56:32,6,"1Q_SEA","Loss",0.9912,-0.9912,0.723503649635036,-0.723503649635036,"FTTS_1Q_SEA_2024-09-22"
2024-09-24,"FanDuel","ATL @ NYL",1042400102,"FPTS","First Points","Player","Game","Home/Away","Favorite/Underdog",0.0805,1142,0.0588,1600,0.0217,0.0115,1.1527,1.21336842105263,2024-09-24 12:26:34,1,"Allisha Gray","Loss",1.1527,-1.1527,1.21336842105263,-1.21336842105263,"FPTS_Allisha Gray_2024-09-24"
2024-09-24,"ESPN","ATL @ NYL",1042400102,"FPTS","First Points","Player","Game","Home/Away","Favorite/Underdog",0.1066,838,0.0769,1200,0.0297,0.0161,1.6075,1.69210526315789,2024-09-24 12:26:34,1,"Betnijah Laney-Hamilton","Loss",0.80375,-0.80375,0.846052631578945,-0.846052631578945,"FPTS_Betnijah Laney-Hamilton_2024-09-24"
2024-09-24,"FanDuel","ATL @ NYL",1042400102,"FPTS","First Points","Player","Game","Home/Away","Favorite/Underdog",0.1066,838,0.0769,1200,0.0297,0.0161,1.6075,1.69210526315789,2024-09-24 12:26:34,1,"Betnijah Laney-Hamilton","Loss",0.80375,-0.80375,0.846052631578945,-0.846052631578945,"FPTS_Betnijah Laney-Hamilton_2024-09-24"
2024-09-24,"FanDuel","ATL @ NYL",1042400102,"FPTS","First Points","Player","Game","Home/Away","Favorite/Underdog",0.1066,838,0.0714,1300,0.0352,0.0189,1.8939,1.99357894736842,2024-09-24 12:56:33,2,"Betnijah Laney-Hamilton","Loss",0.2864,-0.2864,0.30147368421053,-0.30147368421053,"FPTS_Betnijah Laney-Hamilton_2024-09-24"
2024-09-24,"FanDuel","ATL @ NYL",1042400102,"FPTS","First Points","Player","Game","Home/Away","Favorite/Underdog",0.1145,774,0.0833,1100,0.0311,0.017,1.6985,1.78789473684211,2024-09-24 12:26:34,1,"Jonquel Jones","Loss",1.6985,-1.6985,1.78789473684211,-1.78789473684211,"FPTS_Jonquel Jones_2024-09-24"
2024-09-24,"FanDuel","ATL @ NYL",1042400102,"FPTS","First Points","Player","Game","Home/Away","Favorite/Underdog",0.067,1392,0.0556,1700,0.0115,0.0061,0.6074,0.639368421052632,2024-09-24 12:56:33,1,"Naz Hillmon","Loss",0.6074,-0.6074,0.639368421052632,-0.639368421052632,"FPTS_Naz Hillmon_2024-09-24"
2024-09-24,"FanDuel","ATL @ NYL",1042400102,"FPTS Team","First Points","Player","Team","Home/Away","Favorite/Underdog",0.1961,410,0.1538,550,0.0422,0.0249,2.4949,1.64138157894737,2024-09-24 12:26:34,1,"Allisha Gray","Loss",2.4949,-2.4949,1.64138157894737,-1.64138157894737,"FPTS Team_Allisha Gray_2024-09-24"
2024-09-24,"FanDuel","ATL @ NYL",1042400102,"FPTS Team","First Points","Player","Team","Home/Away","Favorite/Underdog",0.1809,453,0.1176,750,0.0632,0.0358,3.5838,2.35776315789474,2024-09-24 12:26:34,1,"Betnijah Laney-Hamilton","Loss",3.5838,-3.5838,2.35776315789474,-2.35776315789474,"FPTS Team_Betnijah Laney-Hamilton_2024-09-24"
2024-09-24,"FanDuel","ATL @ NYL",1042400102,"FPTS Team","First Points","Player","Team","Home/Away","Favorite/Underdog",0.1942,415,0.125,700,0.0692,0.0396,3.957,2.60328947368421,2024-09-24 12:26:34,1,"Jonquel Jones","Loss",3.957,-3.957,2.60328947368421,-2.60328947368421,"FPTS Team_Jonquel Jones_2024-09-24"
2024-09-24,"FanDuel","ATL @ NYL",1042400102,"FPTS Team","First Points","Player","Team","Home/Away","Favorite/Underdog",0.1353,639,0.125,700,0.0103,0.0059,0.5908,0.388684210526316,2024-09-24 12:56:33,1,"Leonie Fiebich","Loss",0.5908,-0.5908,0.388684210526316,-0.388684210526316,"FPTS Team_Leonie Fiebich_2024-09-24"
2024-09-24,"FanDuel","ATL @ NYL",1042400102,"FPTS Team","First Points","Player","Team","Home/Away","Favorite/Underdog",0.1353,639,0.1111,800,0.0242,0.0136,1.3628,0.896578947368421,2024-09-24 13:56:33,3,"Leonie Fiebich","Loss",0.772,-0.772,0.507894736842105,-0.507894736842105,"FPTS Team_Leonie Fiebich_2024-09-24"
2024-09-24,"FanDuel","ATL @ NYL",1042400102,"FPTS Team","First Points","Player","Team","Home/Away","Favorite/Underdog",0.1632,513,0.1429,600,0.0204,0.0119,1.1874,0.781184210526316,2024-09-24 13:26:33,1,"Naz Hillmon","Win",1.1874,7.1244,0.781184210526316,4.6871052631579,"FPTS Team_Naz Hillmon_2024-09-24"
2024-09-24,"MGM","ATL @ NYL",1042400102,"FPTS Team","First FGM","Player","Team","Home/Away","Favorite/Underdog",0.2925,242,0.2778,260,0.0147,0.0102,1.0198,0.670921052631579,2024-09-24 14:56:34,1,"Tina Charles","Loss",1.0198,-1.0198,0.670921052631579,-0.670921052631579,"FPTS Team_Tina Charles_2024-09-24"
2024-09-24,"FanDuel","ATL @ NYL",1042400102,"FTTS","First Points","Team","Quarter","Home/Away","Favorite/Underdog",0.4107,143,0.3876,158,0.0231,0.0189,0.9426,0.688029197080292,2024-09-24 12:26:34,1,"1Q_ATL","Loss",0.9426,-0.9426,0.688029197080292,-0.688029197080292,"FTTS_1Q_ATL_2024-09-24"
2024-09-24,"FanDuel","SEA @ LVA",1042400132,"FPTS","First Points","Player","Game","Home/Away","Favorite/Underdog",0.0802,1147,0.0588,1600,0.0214,0.0114,1.1363,1.19610526315789,2024-09-24 12:26:34,1,"Chelsea Gray","Loss",1.1363,-1.1363,1.19610526315789,-1.19610526315789,"FPTS_Chelsea Gray_2024-09-24"
2024-09-24,"Draft Kings","SEA @ LVA",1042400132,"FPTS","First FGM","Player","Game","Home/Away","Favorite/Underdog",0.0895,1017,0.0588,1600,0.0307,0.0163,1.6306,1.71642105263158,2024-09-24 12:26:34,1,"Gabby Williams","Loss",1.6306,-1.6306,1.71642105263158,-1.71642105263158,"FPTS_Gabby Williams_2024-09-24"
2024-09-24,"BetRivers","SEA @ LVA",1042400132,"FPTS","First FGM","Player","Game","Home/Away","Favorite/Underdog",0.1033,868,0.0909,1000,0.0124,0.0068,0.6809,0.716736842105263,2024-09-24 12:26:34,1,"Jewell Loyd","Loss",0.6809,-0.6809,0.716736842105263,-0.716736842105263,"FPTS_Jewell Loyd_2024-09-24"
2024-09-24,"FanDuel","SEA @ LVA",1042400132,"FPTS","First Points","Player","Game","Home/Away","Favorite/Underdog",0.1032,869,0.0833,1100,0.0199,0.0109,1.086,1.14315789473684,2024-09-24 13:26:33,3,"Jewell Loyd","Loss",0.4051,-0.4051,0.426421052631577,-0.426421052631577,"FPTS_Jewell Loyd_2024-09-24"
2024-09-24,"Draft Kings","SEA @ LVA",1042400132,"FPTS","First FGM","Player","Game","Home/Away","Favorite/Underdog",0.0896,1016,0.0769,1200,0.0127,0.0069,0.688,0.724210526315789,2024-09-24 12:26:34,1,"Skylar Diggins-Smith","Loss",0.688,-0.688,0.724210526315789,-0.724210526315789,"FPTS_Skylar Diggins-Smith_2024-09-24"
2024-09-24,"FanDuel","SEA @ LVA",1042400132,"FPTS Team","First Points","Player","Team","Home/Away","Favorite/Underdog",0.1581,533,0.1053,850,0.0528,0.0295,2.9509,1.94138157894737,2024-09-24 12:26:34,1,"Chelsea Gray","Loss",2.9509,-2.9509,1.94138157894737,-1.94138157894737,"FPTS Team_Chelsea Gray_2024-09-24"
2024-09-24,"FanDuel","SEA @ LVA",1042400132,"FPTS Team","First Points","Player","Team","Home/Away","Favorite/Underdog",0.175,471,0.1176,750,0.0574,0.0325,3.2518,2.13934210526316,2024-09-24 18:26:37,13,"Gabby Williams","Loss",0.3928,-0.3928,0.25842105263158,-0.25842105263158,"FPTS Team_Gabby Williams_2024-09-24"
2024-09-24,"FanDuel","SEA @ LVA",1042400132,"FPTS Team","First Points","Player","Team","Home/Away","Favorite/Underdog",0.175,471,0.125,700,0.05,0.0286,2.859,1.88092105263158,2024-09-24 16:26:35,9,"Gabby Williams","Loss",0.4533,-0.4533,0.29822368421053,-0.29822368421053,"FPTS Team_Gabby Williams_2024-09-24"
2024-09-24,"FanDuel","SEA @ LVA",1042400132,"FPTS Team","First Points","Player","Team","Home/Away","Favorite/Underdog",0.175,471,0.1333,650,0.0417,0.0241,2.4057,1.58269736842105,2024-09-24 12:26:34,1,"Gabby Williams","Loss",2.4057,-2.4057,1.58269736842105,-1.58269736842105,"FPTS Team_Gabby Williams_2024-09-24"
2024-09-24,"FanDuel","SEA @ LVA",1042400132,"FPTS Team","First Points","Player","Team","Home/Away","Favorite/Underdog",0.1581,533,0.1429,600,0.0152,0.0089,0.8888,0.584736842105263,2024-09-24 19:56:35,1,"Jackie Young","Loss",0.8888,-0.8888,0.584736842105263,-0.584736842105263,"FPTS Team_Jackie Young_2024-09-24"
2024-09-24,"FanDuel","SEA @ LVA",1042400132,"FPTS Team","First Points","Player","Team","Home/Away","Favorite/Underdog",0.2096,377,0.1667,500,0.0429,0.0258,2.5765,1.69506578947368,2024-09-24 21:56:34,20,"Jewell Loyd","Win",0.3293,1.6465,0.2166447368421,1.0832236842105,"FPTS Team_Jewell Loyd_2024-09-24"
2024-09-24,"FanDuel","SEA @ LVA",1042400132,"FPTS Team","First Points","Player","Team","Home/Away","Favorite/Underdog",0.2096,377,0.1724,480,0.0372,0.0225,2.2472,1.47842105263158,2024-09-24 14:56:34,6,"Jewell Loyd","Win",0.358,1.7184,0.23552631578947,1.13052631578946,"FPTS Team_Jewell Loyd_2024-09-24"
2024-09-24,"FanDuel","SEA @ LVA",1042400132,"FPTS Team","First Points","Player","Team","Home/Away","Favorite/Underdog",0.2096,377,0.1786,460,0.031,0.0189,1.8892,1.24289473684211,2024-09-24 13:26:33,3,"Jewell Loyd","Win",0.3905,1.7963,0.256907894736847,1.1817763157895,"FPTS Team_Jewell Loyd_2024-09-24"
2024-09-24,"FanDuel","SEA @ LVA",1042400132,"FPTS Team","First Points","Player","Team","Home/Away","Favorite/Underdog",0.2096,377,0.1852,440,0.0244,0.015,1.4987,0.985986842105263,2024-09-24 12:26:34,1,"Jewell Loyd","Win",1.4987,6.59428,0.985986842105263,4.33834210526316,"FPTS Team_Jewell Loyd_2024-09-24"
2024-09-25,"ESPN","IND @ CON",1042400122,"FPTS","First Points","Player","Game","Home/Away","Favorite/Underdog",0.0783,1177,0.0625,1500,0.0158,0.0084,0.8439,0.888315789473684,2024-09-25 12:26:55,1,"Lexie Hull","Loss",0.8439,-0.8439,0.888315789473684,-0.888315789473684,"FPTS_Lexie Hull_2024-09-25"
2024-09-25,"FanDuel","IND @ CON",1042400122,"FPTS","First Points","Player","Game","Home/Away","Favorite/Underdog",0.0783,1177,0.0526,1800,0.0257,0.0136,1.3559,1.42726315789474,2024-09-25 19:26:28,15,"Lexie Hull","Loss",0.1506,-0.1506,0.15852631578948,-0.15852631578948,"FPTS_Lexie Hull_2024-09-25"
2024-09-25,"FanDuel","IND @ CON",1042400122,"FPTS","First Points","Player","Game","Home/Away","Favorite/Underdog",0.0783,1177,0.0556,1700,0.0228,0.0121,1.2053,1.26873684210526,2024-09-25 18:56:28,14,"Lexie Hull","Loss",0.1694,-0.1694,0.17831578947368,-0.17831578947368,"FPTS_Lexie Hull_2024-09-25"
2024-09-25,"FanDuel","IND @ CON",1042400122,"FPTS","First Points","Player","Game","Home/Away","Favorite/Underdog",0.0783,1177,0.0588,1600,0.0195,0.0104,1.0359,1.09042105263158,2024-09-25 12:56:30,2,"Lexie Hull","Loss",0.192,-0.192,0.202105263157896,-0.202105263157896,"FPTS_Lexie Hull_2024-09-25"
2024-09-25,"FanDuel","IND @ CON",1042400122,"FPTS","First Points","Player","Game","Home/Away","Favorite/Underdog",0.1115,797,0.0833,1100,0.0281,0.0153,1.5344,1.61515789473684,2024-09-25 23:26:29,1,"Temi Fagbenle","Loss",1.5344,-1.5344,1.61515789473684,-1.61515789473684,"FPTS_Temi Fagbenle_2024-09-25"
2024-09-25,"FanDuel","IND @ CON",1042400122,"FPTS Exact","First Points","Player","Exact","Home/Away","Favorite/Underdog",0.0465,2051,0.0345,2800,0.012,0.0062,0.6223,0.768271604938272,2024-09-25 19:56:29,1,"Kelsey Mitchell_layup","Loss",0.6223,-0.6223,0.768271604938272,-0.768271604938272,"FPTS Exact_Kelsey Mitchell_layup_2024-09-25"
2024-09-25,"FanDuel","IND @ CON",1042400122,"FPTS Team","First Points","Player","Team","Home/Away","Favorite/Underdog",0.2117,372,0.1818,450,0.0299,0.0182,1.8244,1.20026315789474,2024-09-25 13:56:30,4,"DiJonai Carrington","Loss",0.4074,-0.4074,0.268026315789477,-0.268026315789477,"FPTS Team_DiJonai Carrington_2024-09-25"
2024-09-25,"FanDuel","IND @ CON",1042400122,"FPTS Team","First Points","Player","Team","Home/Away","Favorite/Underdog",0.2117,372,0.1887,430,0.023,0.0142,1.417,0.932236842105263,2024-09-25 12:56:30,2,"DiJonai Carrington","Loss",0.4472,-0.4472,0.294210526315789,-0.294210526315789,"FPTS Team_DiJonai Carrington_2024-09-25"
2024-09-25,"FanDuel","IND @ CON",1042400122,"FPTS Team","First Points","Player","Team","Home/Away","Favorite/Underdog",0.2117,372,0.1961,410,0.0156,0.0097,0.9698,0.638026315789474,2024-09-25 12:26:55,1,"DiJonai Carrington","Loss",0.9698,-0.9698,0.638026315789474,-0.638026315789474,"FPTS Team_DiJonai Carrington_2024-09-25"
2024-09-25,"FanDuel","IND @ CON",1042400122,"FPTS Team","First Points","Player","Team","Home/Away","Favorite/Underdog",0.1356,637,0.0909,1000,0.0447,0.0246,2.4586,1.6175,2024-09-25 19:26:28,15,"Lexie Hull","Loss",0.4802,-0.4802,0.31592105263158,-0.31592105263158,"FPTS Team_Lexie Hull_2024-09-25"
2024-09-25,"FanDuel","IND @ CON",1042400122,"FPTS Team","First Points","Player","Team","Home/Away","Favorite/Underdog",0.1356,637,0.1,900,0.0356,0.0198,1.9784,1.30157894736842,2024-09-25 18:56:28,14,"Lexie Hull","Loss",0.2825,-0.2825,0.18585526315789,-0.18585526315789,"FPTS Team_Lexie Hull_2024-09-25"
2024-09-25,"FanDuel","IND @ CON",1042400122,"FPTS Team","First Points","Player","Team","Home/Away","Favorite/Underdog",0.1356,637,0.1053,850,0.0303,0.017,1.6959,1.11572368421053,2024-09-25 17:56:34,12,"Lexie Hull","Loss",0.3178,-0.3178,0.209078947368425,-0.209078947368425,"FPTS Team_Lexie Hull_2024-09-25"
2024-09-25,"FanDuel","IND @ CON",1042400122,"FPTS Team","First Points","Player","Team","Home/Away","Favorite/Underdog",0.1356,637,0.1111,800,0.0245,0.0138,1.3781,0.906644736842105,2024-09-25 12:56:30,2,"Lexie Hull","Loss",0.3601,-0.3601,0.236907894736842,-0.236907894736842,"FPTS Team_Lexie Hull_2024-09-25"
2024-09-25,"FanDuel","IND @ CON",1042400122,"FPTS Team","First Points","Player","Team","Home/Away","Favorite/Underdog",0.1356,637,0.1176,750,0.018,0.0102,1.018,0.669736842105263,2024-09-25 12:26:55,1,"Lexie Hull","Loss",1.018,-1.018,0.669736842105263,-0.669736842105263,"FPTS Team_Lexie Hull_2024-09-25"
2024-09-25,"FanDuel","IND @ CON",1042400122,"FPTS Team","First Points","Player","Team","Home/Away","Favorite/Underdog",0.1997,401,0.1887,430,0.011,0.0068,0.6808,0.447894736842105,2024-09-25 23:26:29,1,"Marina Mabrey","Loss",0.6808,-0.6808,0.447894736842105,-0.447894736842105,"FPTS Team_Marina Mabrey_2024-09-25"
2024-09-25,"FanDuel","IND @ CON",1042400122,"FPTS Team","First Points","Player","Team","Home/Away","Favorite/Underdog",0.193,418,0.1429,600,0.0501,0.0292,2.9236,1.92342105263158,2024-09-25 23:26:29,1,"Temi Fagbenle","Loss",2.9236,-2.9236,1.92342105263158,-1.92342105263158,"FPTS Team_Temi Fagbenle_2024-09-25"
2024-09-25,"BetRivers","IND @ CON",1042400122,"FTTS","First Points","Team","Quarter","Home/Away","Favorite/Underdog",0.5776,-137,0.5475,-121,0.0301,0.0333,1.6627,1.2136496350365,2024-09-25 23:26:29,23,"1Q_IND","Win",1.6627,1.37413223140496,1.2136496350365,1.00301622730289,"FTTS_1Q_IND_2024-09-25"
2024-09-25,"Draft Kings","PHO @ MIN",1042400112,"FPTS","First FGM","Player","Game","Home/Away","Favorite/Underdog",0.0863,1058,0.0588,1600,0.0275,0.0146,1.4612,1.53810526315789,2024-09-25 12:26:55,1,"Alanna Smith","Loss",1.4612,-1.4612,1.53810526315789,-1.53810526315789,"FPTS_Alanna Smith_2024-09-25"
2024-09-25,"Draft Kings","PHO @ MIN",1042400112,"FPTS","First FGM","Player","Game","Home/Away","Favorite/Underdog",0.0875,1042,0.0769,1200,0.0106,0.0057,0.5746,0.604842105263158,2024-09-25 12:26:55,1,"Courtney Williams","Loss",0.5746,-0.5746,0.604842105263158,-0.604842105263158,"FPTS_Courtney Williams_2024-09-25"
2024-09-25,"FanDuel","PHO @ MIN",1042400112,"FPTS","First Points","Player","Game","Home/Away","Favorite/Underdog",0.1087,820,0.0952,950,0.0135,0.0074,0.7439,0.783052631578947,2024-09-25 23:56:27,1,"Diana Taurasi","Loss",0.7439,-0.7439,0.783052631578947,-0.783052631578947,"FPTS_Diana Taurasi_2024-09-25"
2024-09-25,"ESPN","PHO @ MIN",1042400112,"FPTS","First Points","Player","Game","Home/Away","Favorite/Underdog",0.096,941,0.0714,1300,0.0246,0.0132,1.3248,1.39452631578947,2024-09-25 12:26:55,1,"Natasha Cloud","Win",0.6624,8.6112,0.697263157894735,9.06442105263156,"FPTS_Natasha Cloud_2024-09-25"
2024-09-25,"FanDuel","PHO @ MIN",1042400112,"FPTS","First Points","Player","Game","Home/Away","Favorite/Underdog",0.096,941,0.0714,1300,0.0246,0.0132,1.3248,1.39452631578947,2024-09-25 12:26:55,1,"Natasha Cloud","Win",0.6624,8.6112,0.697263157894735,9.06442105263156,"FPTS_Natasha Cloud_2024-09-25"
2024-09-25,"FanDuel","PHO @ MIN",1042400112,"FPTS","First Points","Player","Game","Home/Away","Favorite/Underdog",0.096,941,0.0667,1400,0.0294,0.0157,1.5732,1.656,2024-09-25 15:26:29,7,"Natasha Cloud","Win",0.2484,3.4776,0.26147368421053,3.66063157894742,"FPTS_Natasha Cloud_2024-09-25"
2024-09-25,"FanDuel","PHO @ MIN",1042400112,"FPTS","First Points","Player","Game","Home/Away","Favorite/Underdog",0.0879,1038,0.0588,1600,0.029,0.0154,1.5423,1.62347368421053,2024-09-25 12:26:55,1,"Sophie Cunningham","Loss",1.5423,-1.5423,1.62347368421053,-1.62347368421053,"FPTS_Sophie Cunningham_2024-09-25"
2024-09-25,"FanDuel","PHO @ MIN",1042400112,"FPTS Exact","First Points","Player","Exact","Home/Away","Favorite/Underdog",0.0337,2864,0.0196,5000,0.0141,0.0072,0.7207,0.889753086419753,2024-09-26 00:26:28,24,"Diana Taurasi_layup","Loss",0.0197000000000001,-0.0197000000000001,0.024320987654321,-0.024320987654321,"FPTS Exact_Diana Taurasi_layup_2024-09-25"
2024-09-25,"FanDuel","PHO @ MIN",1042400112,"FPTS Exact","First Points","Player","Exact","Home/Away","Favorite/Underdog",0.0337,2864,0.02,4900,0.0137,0.007,0.701,0.865432098765432,2024-09-25 23:56:27,23,"Diana Taurasi_layup","Loss",0.0206,-0.0206,0.0254320987654321,-0.0254320987654321,"FPTS Exact_Diana Taurasi_layup_2024-09-25"
2024-09-25,"FanDuel","PHO @ MIN",1042400112,"FPTS Exact","First Points","Player","Exact","Home/Away","Favorite/Underdog",0.0337,2864,0.0204,4800,0.0133,0.0068,0.6804,0.84,2024-09-25 22:26:29,20,"Diana Taurasi_layup","Loss",0.0437,-0.0437,0.053950617283951,-0.053950617283951,"FPTS Exact_Diana Taurasi_layup_2024-09-25"
2024-09-25,"FanDuel","PHO @ MIN",1042400112,"FPTS Exact","First Points","Player","Exact","Home/Away","Favorite/Underdog",0.0337,2864,0.0213,4600,0.0125,0.0064,0.6367,0.786049382716049,2024-09-25 19:56:29,15,"Diana Taurasi_layup","Loss",0.0234000000000001,-0.0234000000000001,0.028888888888889,-0.028888888888889,"FPTS Exact_Diana Taurasi_layup_2024-09-25"
2024-09-25,"FanDuel","PHO @ MIN",1042400112,"FPTS Exact","First Points","Player","Exact","Home/Away","Favorite/Underdog",0.0337,2864,0.0217,4500,0.012,0.0061,0.6133,0.75716049382716,2024-09-25 12:56:30,1,"Diana Taurasi_layup","Loss",0.6133,-0.6133,0.75716049382716,-0.75716049382716,"FPTS Exact_Diana Taurasi_layup_2024-09-25"
2024-09-25,"FanDuel","PHO @ MIN",1042400112,"FPTS Team","First Points","Player","Team","Home/Away","Favorite/Underdog",0.192,421,0.1538,550,0.0382,0.0226,2.2554,1.48381578947368,2024-09-25 12:26:55,1,"Alanna Smith","Loss",2.2554,-2.2554,1.48381578947368,-1.48381578947368,"FPTS Team_Alanna Smith_2024-09-25"
2024-09-25,"MGM","PHO @ MIN",1042400112,"FPTS Team","First FGM","Player","Team","Home/Away","Favorite/Underdog",0.2035,392,0.1538,550,0.0496,0.0293,2.9316,1.92868421052632,2024-09-25 17:56:34,12,"Alanna Smith","Loss",0.6762,-0.6762,0.44486842105264,-0.44486842105264,"FPTS Team_Alanna Smith_2024-09-25"
2024-09-25,"FanDuel","PHO @ MIN",1042400112,"FPTS Team","First Points","Player","Team","Home/Away","Favorite/Underdog",0.2084,380,0.1961,410,0.0123,0.0077,0.7679,0.505197368421053,2024-09-25 15:56:29,1,"Courtney Williams","Loss",0.7679,-0.7679,0.505197368421053,-0.505197368421053,"FPTS Team_Courtney Williams_2024-09-25"
2024-09-25,"MGM","PHO @ MIN",1042400112,"FPTS Team","First FGM","Player","Team","Home/Away","Favorite/Underdog",0.2063,385,0.1739,475,0.0324,0.0196,1.9598,1.28934210526316,2024-09-25 17:56:34,2,"Courtney Williams","Loss",1.1919,-1.1919,0.784144736842107,-0.784144736842107,"FPTS Team_Courtney Williams_2024-09-25"
2024-09-25,"FanDuel","PHO @ MIN",1042400112,"FPTS Team","First Points","Player","Team","Home/Away","Favorite/Underdog",0.185,441,0.1667,500,0.0183,0.011,1.0982,0.7225,2024-09-25 23:56:27,1,"Diana Taurasi","Loss",1.0982,-1.0982,0.7225,-0.7225,"FPTS Team_Diana Taurasi_2024-09-25"
2024-09-25,"FanDuel","PHO @ MIN",1042400112,"FPTS Team","First Points","Player","Team","Home/Away","Favorite/Underdog",0.1634,512,0.1176,750,0.0458,0.0259,2.5935,1.70625,2024-09-25 12:26:55,1,"Natasha Cloud","Win",2.5935,19.45125,1.70625,12.796875,"FPTS Team_Natasha Cloud_2024-09-25"
2024-09-25,"FanDuel","PHO @ MIN",1042400112,"FPTS Team","First Points","Player","Team","Home/Away","Favorite/Underdog",0.1634,512,0.1111,800,0.0523,0.0294,2.9421,1.93559210526316,2024-09-25 15:56:29,8,"Natasha Cloud","Win",0.3486,2.7888,0.22934210526316,1.83473684210528,"FPTS Team_Natasha Cloud_2024-09-25"
2024-09-25,"FanDuel","PHO @ MIN",1042400112,"FPTS Team","First Points","Player","Team","Home/Away","Favorite/Underdog",0.1495,569,0.1,900,0.0495,0.0275,2.7499,1.80914473684211,2024-09-25 12:26:55,1,"Sophie Cunningham","Loss",2.7499,-2.7499,1.80914473684211,-1.80914473684211,"FPTS Team_Sophie Cunningham_2024-09-25"
2024-09-29,"Draft Kings","CON @ MIN",1042400211,"FPTS","First FGM","Player","Game","Home/Away","Favorite/Underdog",0.0991,910,0.0714,1300,0.0276,0.0149,1.4873,1.56557894736842,2024-09-29 12:26:32,1,"Alanna Smith","Loss",1.4873,-1.4873,1.56557894736842,-1.56557894736842,"FPTS_Alanna Smith_2024-09-29"
2024-09-29,"Draft Kings","CON @ MIN",1042400211,"FPTS","First FGM","Player","Game","Home/Away","Favorite/Underdog",0.1017,884,0.0833,1100,0.0183,0.01,1.0002,1.05284210526316,2024-09-29 12:26:32,1,"Alyssa Thomas","Loss",1.0002,-1.0002,1.05284210526316,-1.05284210526316,"FPTS_Alyssa Thomas_2024-09-29"
2024-09-29,"ESPN","CON @ MIN",1042400211,"FPTS","First Points","Player","Game","Home/Away","Favorite/Underdog",0.1064,840,0.0667,1400,0.0398,0.0213,2.13,2.24210526315789,2024-09-29 12:26:32,1,"DiJonai Carrington","Loss",2.13,-2.13,2.24210526315789,-2.24210526315789,"FPTS_DiJonai Carrington_2024-09-29"
2024-09-29,"FanDuel","CON @ MIN",1042400211,"FPTS Team","First Points","Player","Team","Home/Away","Favorite/Underdog",0.1905,425,0.1667,500,0.0239,0.0143,1.4322,0.942236842105263,2024-09-29 12:26:32,1,"Alanna Smith","Loss",1.4322,-1.4322,0.942236842105263,-0.942236842105263,"FPTS Team_Alanna Smith_2024-09-29"
2024-09-29,"MGM","CON @ MIN",1042400211,"FPTS Team","First FGM","Player","Team","Home/Away","Favorite/Underdog",0.1987,403,0.1538,550,0.0449,0.0265,2.6517,1.74453947368421,2024-09-29 13:56:30,4,"Alanna Smith","Loss",1.2195,-1.2195,0.802302631578947,-0.802302631578947,"FPTS Team_Alanna Smith_2024-09-29"
2024-09-29,"FanDuel","CON @ MIN",1042400211,"FPTS Team","First Points","Player","Team","Home/Away","Favorite/Underdog",0.2122,371,0.1333,650,0.0789,0.0455,4.5522,2.99486842105263,2024-09-29 12:26:32,1,"DiJonai Carrington","Loss",4.5522,-4.5522,2.99486842105263,-2.99486842105263,"FPTS Team_DiJonai Carrington_2024-09-29"
2024-09-29,"Draft Kings","LVA @ NYL",1042400201,"FPTS","First FGM","Player","Game","Home/Away","Favorite/Underdog",0.0913,996,0.0769,1200,0.0144,0.0078,0.7773,0.818210526315789,2024-09-29 12:26:32,1,"Betnijah Laney-Hamilton","Loss",0.7773,-0.7773,0.818210526315789,-0.818210526315789,"FPTS_Betnijah Laney-Hamilton_2024-09-29"
2024-09-29,"Draft Kings","LVA @ NYL",1042400201,"FPTS","First FGM","Player","Game","Home/Away","Favorite/Underdog",0.0758,1219,0.0625,1500,0.0133,0.0071,0.7089,0.746210526315789,2024-09-29 12:26:32,1,"Chelsea Gray","Loss",0.7089,-0.7089,0.746210526315789,-0.746210526315789,"FPTS_Chelsea Gray_2024-09-29"
2024-09-29,"FanDuel","LVA @ NYL",1042400201,"FPTS","First Points","Player","Game","Home/Away","Favorite/Underdog",0.0758,1218,0.0625,1500,0.0133,0.0071,0.7119,0.749368421052632,2024-09-29 18:56:33,14,"Chelsea Gray","Loss",0.003,-0.003,0.00315789473684303,-0.00315789473684303,"FPTS_Chelsea Gray_2024-09-29"
2024-09-29,"Draft Kings","LVA @ NYL",1042400201,"FPTS","First FGM","Player","Game","Home/Away","Favorite/Underdog",0.0839,1093,0.0588,1600,0.025,0.0133,1.3299,1.39989473684211,2024-09-29 12:26:32,1,"Leonie Fiebich","Loss",1.3299,-1.3299,1.39989473684211,-1.39989473684211,"FPTS_Leonie Fiebich_2024-09-29"
2024-09-29,"FanDuel","LVA @ NYL",1042400201,"FPTS Team","First Points","Player","Team","Home/Away","Favorite/Underdog",0.1808,453,0.1538,550,0.0269,0.0159,1.5899,1.04598684210526,2024-09-29 12:26:32,1,"Betnijah Laney-Hamilton","Loss",1.5899,-1.5899,1.04598684210526,-1.04598684210526,"FPTS Team_Betnijah Laney-Hamilton_2024-09-29"
2024-09-29,"FanDuel","LVA @ NYL",1042400201,"FPTS Team","First Points","Player","Team","Home/Away","Favorite/Underdog",0.1808,453,0.1429,600,0.0379,0.0221,2.2105,1.45427631578947,2024-09-29 14:26:31,5,"Betnijah Laney-Hamilton","Loss",0.6206,-0.6206,0.40828947368421,-0.40828947368421,"FPTS Team_Betnijah Laney-Hamilton_2024-09-29"
2024-09-29,"FanDuel","LVA @ NYL",1042400201,"FPTS Team","First Points","Player","Team","Home/Away","Favorite/Underdog",0.1655,504,0.1333,650,0.0321,0.0185,1.8539,1.21967105263158,2024-09-29 18:56:33,11,"Chelsea Gray","Loss",0.535,-0.535,0.351973684210527,-0.351973684210527,"FPTS Team_Chelsea Gray_2024-09-29"
2024-09-29,"FanDuel","LVA @ NYL",1042400201,"FPTS Team","First Points","Player","Team","Home/Away","Favorite/Underdog",0.1655,504,0.1429,600,0.0226,0.0132,1.3189,0.867697368421053,2024-09-29 14:56:28,3,"Chelsea Gray","Loss",0.568,-0.568,0.373684210526316,-0.373684210526316,"FPTS Team_Chelsea Gray_2024-09-29"
2024-09-29,"MGM","LVA @ NYL",1042400201,"FPTS Team","First FGM","Player","Team","Home/Away","Favorite/Underdog",0.1666,500,0.1538,550,0.0127,0.0075,0.7509,0.494013157894737,2024-09-29 13:56:30,1,"Chelsea Gray","Loss",0.7509,-0.7509,0.494013157894737,-0.494013157894737,"FPTS Team_Chelsea Gray_2024-09-29"
2024-09-29,"FanDuel","LVA @ NYL",1042400201,"FPTS Team","First Points","Player","Team","Home/Away","Favorite/Underdog",0.1143,775,0.0909,1000,0.0234,0.0129,1.2871,0.846776315789474,2024-09-29 18:56:33,1,"Kiah Stokes","Loss",1.2871,-1.2871,0.846776315789474,-0.846776315789474,"FPTS Team_Kiah Stokes_2024-09-29"
2024-09-29,"MGM","LVA @ NYL",1042400201,"FPTS Team","First FGM","Player","Team","Home/Away","Favorite/Underdog",0.1539,550,0.125,700,0.0289,0.0165,1.6504,1.08578947368421,2024-09-29 13:56:30,1,"Leonie Fiebich","Loss",1.6504,-1.6504,1.08578947368421,-1.08578947368421,"FPTS Team_Leonie Fiebich_2024-09-29"
2024-09-29,"FanDuel","LVA @ NYL",1042400201,"FPTS Team","First Points","Player","Team","Home/Away","Favorite/Underdog",0.1425,602,0.1111,800,0.0314,0.0177,1.7655,1.16151315789474,2024-09-29 18:56:33,11,"Leonie Fiebich","Loss",0.1151,-0.1151,0.07572368421053,-0.07572368421053,"FPTS Team_Leonie Fiebich_2024-09-29"
2024-10-01,"MGM","CON @ MIN",1042400212,"FPTS","First FGM","Player","Game","Home/Away","Favorite/Underdog",0.0976,925,0.0833,1100,0.0142,0.0078,0.7769,0.817789473684211,2024-10-01 15:56:37,1,"Alanna Smith","Loss",0.7769,-0.7769,0.817789473684211,-0.817789473684211,"FPTS_Alanna Smith_2024-10-01"
2024-10-01,"FanDuel","CON @ MIN",1042400212,"FPTS","First Points","Player","Game","Home/Away","Favorite/Underdog",0.0927,979,0.0769,1200,0.0158,0.0085,0.8539,0.898842105263158,2024-10-01 23:56:26,11,"Alanna Smith","Loss",0.077,-0.077,0.081052631578947,-0.081052631578947,"FPTS_Alanna Smith_2024-10-01"
2024-10-01,"FanDuel","CON @ MIN",1042400212,"FPTS","First Points","Player","Game","Home/Away","Favorite/Underdog",0.1082,824,0.0667,1400,0.0415,0.0223,2.2252,2.34231578947368,2024-10-01 12:26:33,1,"DiJonai Carrington","Loss",2.2252,-2.2252,2.34231578947368,-2.34231578947368,"FPTS_DiJonai Carrington_2024-10-01"
2024-10-01,"FanDuel","CON @ MIN",1042400212,"FPTS","First Points","Player","Game","Home/Away","Favorite/Underdog",0.1025,876,0.0588,1600,0.0437,0.0232,2.3208,2.44294736842105,2024-10-02 00:26:29,25,"DiJonai Carrington","Loss",0.0956000000000001,-0.0956000000000001,0.10063157894737,-0.10063157894737,"FPTS_DiJonai Carrington_2024-10-01"
2024-10-01,"FanDuel","CON @ MIN",1042400212,"FPTS Team","First Points","Player","Team","Home/Away","Favorite/Underdog",0.1903,426,0.1667,500,0.0236,0.0142,1.4174,0.9325,2024-10-01 12:26:33,1,"Alanna Smith","Loss",1.4174,-1.4174,0.9325,-0.9325,"FPTS Team_Alanna Smith_2024-10-01"
2024-10-01,"FanDuel","CON @ MIN",1042400212,"FPTS Team","First Points","Player","Team","Home/Away","Favorite/Underdog",0.1903,426,0.1538,550,0.0364,0.0215,2.1535,1.41677631578947,2024-10-01 13:56:30,4,"Alanna Smith","Loss",0.7361,-0.7361,0.48427631578947,-0.48427631578947,"FPTS Team_Alanna Smith_2024-10-01"
2024-10-01,"FanDuel","CON @ MIN",1042400212,"FPTS Team","First Points","Player","Team","Home/Away","Favorite/Underdog",0.211,374,0.1333,650,0.0776,0.0448,4.4783,2.94625,2024-10-01 12:26:33,1,"DiJonai Carrington","Loss",4.4783,-4.4783,2.94625,-2.94625,"FPTS Team_DiJonai Carrington_2024-10-01"
2024-10-01,"FanDuel","CON @ MIN",1042400212,"FPTS Team","First Points","Player","Team","Home/Away","Favorite/Underdog",0.211,374,0.125,700,0.086,0.0491,4.9118,3.23144736842105,2024-10-01 22:26:29,21,"DiJonai Carrington","Loss",0.4335,-0.4335,0.28519736842105,-0.28519736842105,"FPTS Team_DiJonai Carrington_2024-10-01"
2024-10-01,"FanDuel","LVA @ NYL",1042400202,"FPTS","First Points","Player","Game","Home/Away","Favorite/Underdog",0.0665,1405,0.0526,1800,0.0138,0.0073,0.7301,0.768526315789474,2024-10-01 23:26:25,1,"Alysha Clark","Win",0.7301,13.1418,0.768526315789474,13.8334736842105,"FPTS_Alysha Clark_2024-10-01"
2024-10-01,"Draft Kings","LVA @ NYL",1042400202,"FPTS","First FGM","Player","Game","Home/Away","Favorite/Underdog",0.0882,1034,0.0714,1300,0.0168,0.009,0.9041,0.951684210526316,2024-10-01 12:26:33,1,"Betnijah Laney-Hamilton","Loss",0.9041,-0.9041,0.951684210526316,-0.951684210526316,"FPTS_Betnijah Laney-Hamilton_2024-10-01"
2024-10-01,"FanDuel","LVA @ NYL",1042400202,"FPTS","First Points","Player","Game","Home/Away","Favorite/Underdog",0.0722,1284,0.0556,1700,0.0167,0.0088,0.8836,0.930105263157895,2024-10-01 23:26:25,18,"Chelsea Gray","Loss",0.0289,-0.0289,0.030421052631579,-0.030421052631579,"FPTS_Chelsea Gray_2024-10-01"
2024-10-01,"FanDuel","LVA @ NYL",1042400202,"FPTS","First Points","Player","Game","Home/Away","Favorite/Underdog",0.0749,1235,0.0588,1600,0.0161,0.0085,0.8547,0.899684210526316,2024-10-01 12:56:31,2,"Chelsea Gray","Loss",0.1928,-0.1928,0.202947368421053,-0.202947368421053,"FPTS_Chelsea Gray_2024-10-01"
2024-10-01,"FanDuel","LVA @ NYL",1042400202,"FPTS","First Points","Player","Game","Home/Away","Favorite/Underdog",0.0749,1235,0.0625,1500,0.0124,0.0066,0.6619,0.696736842105263,2024-10-01 12:26:33,1,"Chelsea Gray","Loss",0.6619,-0.6619,0.696736842105263,-0.696736842105263,"FPTS_Chelsea Gray_2024-10-01"
2024-10-01,"Draft Kings","LVA @ NYL",1042400202,"FPTS","First FGM","Player","Game","Home/Away","Favorite/Underdog",0.0775,1190,0.0667,1400,0.0109,0.0058,0.5813,0.611894736842105,2024-10-01 12:26:33,1,"Leonie Fiebich","Loss",0.5813,-0.5813,0.611894736842105,-0.611894736842105,"FPTS_Leonie Fiebich_2024-10-01"
2024-10-01,"FanDuel","LVA @ NYL",1042400202,"FPTS Team","First Points","Player","Team","Home/Away","Favorite/Underdog",0.1453,588,0.1176,750,0.0276,0.0156,1.5644,1.02921052631579,2024-10-01 23:26:25,1,"Alysha Clark","Win",1.5644,11.733,1.02921052631579,7.71907894736843,"FPTS Team_Alysha Clark_2024-10-01"
2024-10-01,"MGM","LVA @ NYL",1042400202,"FPTS Team","First FGM","Player","Team","Home/Away","Favorite/Underdog",0.1638,511,0.125,700,0.0388,0.0222,2.2161,1.45796052631579,2024-10-01 13:56:30,1,"Betnijah Laney-Hamilton","Win",2.2161,15.5127,1.45796052631579,10.2057236842105,"FPTS Team_Betnijah Laney-Hamilton_2024-10-01"
2024-10-01,"FanDuel","LVA @ NYL",1042400202,"FPTS Team","First Points","Player","Team","Home/Away","Favorite/Underdog",0.1637,511,0.1333,650,0.0304,0.0175,1.7525,1.15296052631579,2024-10-01 12:26:33,1,"Chelsea Gray","Loss",1.7525,-1.7525,1.15296052631579,-1.15296052631579,"FPTS Team_Chelsea Gray_2024-10-01"
2024-10-01,"FanDuel","LVA @ NYL",1042400202,"FPTS Team","First Points","Player","Team","Home/Away","Favorite/Underdog",0.1579,533,0.125,700,0.0329,0.0188,1.8791,1.23625,2024-10-01 23:26:25,23,"Chelsea Gray","Loss",0.1266,-0.1266,0.08328947368421,-0.08328947368421,"FPTS Team_Chelsea Gray_2024-10-01"
2024-10-01,"FanDuel","LVA @ NYL",1042400202,"FPTS Team","First Points","Player","Team","Home/Away","Favorite/Underdog",0.1368,631,0.125,700,0.0118,0.0068,0.6751,0.444144736842105,2024-10-01 12:26:33,1,"Leonie Fiebich","Loss",0.6751,-0.6751,0.444144736842105,-0.444144736842105,"FPTS Team_Leonie Fiebich_2024-10-01"
2024-10-01,"MGM","LVA @ NYL",1042400202,"FPTS Team","First FGM","Player","Team","Home/Away","Favorite/Underdog",0.1439,595,0.1176,750,0.0263,0.0149,1.4885,0.979276315789474,2024-10-01 13:56:30,3,"Leonie Fiebich","Loss",0.8134,-0.8134,0.535131578947369,-0.535131578947369,"FPTS Team_Leonie Fiebich_2024-10-01"
2024-10-04,"FanDuel","MIN @ CON",1042400213,"FPTS","First Points","Player","Game","Home/Away","Favorite/Underdog",0.0949,953,0.0833,1100,0.0116,0.0063,0.6336,0.666947368421053,2024-10-04 16:26:31,1,"Alanna Smith","Loss",0.6336,-0.6336,0.666947368421053,-0.666947368421053,"FPTS_Alanna Smith_2024-10-04"
2024-10-04,"FanDuel","MIN @ CON",1042400213,"FPTS","First Points","Player","Game","Home/Away","Favorite/Underdog",0.0949,953,0.0714,1300,0.0235,0.0127,1.2665,1.33315789473684,2024-10-04 16:56:30,2,"Alanna Smith","Loss",0.6329,-0.6329,0.666210526315787,-0.666210526315787,"FPTS_Alanna Smith_2024-10-04"
2024-10-04,"FanDuel","MIN @ CON",1042400213,"FPTS","First Points","Player","Game","Home/Away","Favorite/Underdog",0.0771,1196,0.0667,1400,0.0105,0.0056,0.5607,0.59021052631579,2024-10-04 17:26:29,1,"Bridget Carleton","Loss",0.5607,-0.5607,0.59021052631579,-0.59021052631579,"FPTS_Bridget Carleton_2024-10-04"
2024-10-04,"FanDuel","MIN @ CON",1042400213,"FPTS","First Points","Player","Game","Home/Away","Favorite/Underdog",0.1091,816,0.0952,950,0.0139,0.0077,0.7671,0.807473684210526,2024-10-04 16:56:30,1,"Courtney Williams","Loss",0.7671,-0.7671,0.807473684210526,-0.807473684210526,"FPTS_Courtney Williams_2024-10-04"
2024-10-04,"FanDuel","MIN @ CON",1042400213,"FPTS","First Points","Player","Game","Home/Away","Favorite/Underdog",0.1091,816,0.0909,1000,0.0182,0.01,1.0015,1.05421052631579,2024-10-04 17:26:29,2,"Courtney Williams","Loss",0.2344,-0.2344,0.246736842105264,-0.246736842105264,"FPTS_Courtney Williams_2024-10-04"
2024-10-04,"ESPN","MIN @ CON",1042400213,"FPTS","First Points","Player","Game","Home/Away","Favorite/Underdog",0.1001,899,0.0714,1300,0.0286,0.0154,1.5425,1.62368421052632,2024-10-04 12:56:49,1,"DiJonai Carrington","Win",0.77125,10.02625,0.81184210526316,10.5539473684211,"FPTS_DiJonai Carrington_2024-10-04"
2024-10-04,"FanDuel","MIN @ CON",1042400213,"FPTS","First Points","Player","Game","Home/Away","Favorite/Underdog",0.1001,899,0.0714,1300,0.0286,0.0154,1.5425,1.62368421052632,2024-10-04 12:56:49,1,"DiJonai Carrington","Win",0.77125,10.02625,0.81184210526316,10.5539473684211,"FPTS_DiJonai Carrington_2024-10-04"
2024-10-04,"FanDuel","MIN @ CON",1042400213,"FPTS Exact","First Points","Player","Exact","Home/Away","Favorite/Underdog",0.0307,3159,0.0196,5000,0.0111,0.0056,0.5648,0.697283950617284,2024-10-04 12:56:49,1,"Courtney Williams_layup","Loss",0.5648,-0.5648,0.697283950617284,-0.697283950617284,"FPTS Exact_Courtney Williams_layup_2024-10-04"
2024-10-04,"FanDuel","MIN @ CON",1042400213,"FPTS Team","First Points","Player","Team","Home/Away","Favorite/Underdog",0.1875,433,0.1429,600,0.0447,0.0261,2.6054,1.71407894736842,2024-10-04 18:26:27,6,"Alanna Smith","Loss",0.6155,-0.6155,0.40493421052631,-0.40493421052631,"FPTS Team_Alanna Smith_2024-10-04"
2024-10-04,"FanDuel","MIN @ CON",1042400213,"FPTS Team","First Points","Player","Team","Home/Away","Favorite/Underdog",0.1875,433,0.1538,550,0.0337,0.0199,1.9899,1.30914473684211,2024-10-04 16:56:30,3,"Alanna Smith","Loss",0.7386,-0.7386,0.485921052631584,-0.485921052631584,"FPTS Team_Alanna Smith_2024-10-04"
2024-10-04,"FanDuel","MIN @ CON",1042400213,"FPTS Team","First Points","Player","Team","Home/Away","Favorite/Underdog",0.1875,433,0.1667,500,0.0209,0.0125,1.2513,0.823223684210526,2024-10-04 15:56:34,1,"Alanna Smith","Loss",1.2513,-1.2513,0.823223684210526,-0.823223684210526,"FPTS Team_Alanna Smith_2024-10-04"
2024-10-04,"FanDuel","MIN @ CON",1042400213,"FPTS Team","First Points","Player","Team","Home/Away","Favorite/Underdog",0.1523,556,0.1333,650,0.019,0.011,1.0963,0.72125,2024-10-04 17:26:29,1,"Bridget Carleton","Loss",1.0963,-1.0963,0.72125,-0.72125,"FPTS Team_Bridget Carleton_2024-10-04"
2024-10-04,"FanDuel","MIN @ CON",1042400213,"FPTS Team","First Points","Player","Team","Home/Away","Favorite/Underdog",0.2155,364,0.1923,420,0.0232,0.0144,1.4361,0.944802631578947,2024-10-04 16:56:30,1,"Courtney Williams","Loss",1.4361,-1.4361,0.944802631578947,-0.944802631578947,"FPTS Team_Courtney Williams_2024-10-04"
2024-10-04,"FanDuel","MIN @ CON",1042400213,"FPTS Team","First Points","Player","Team","Home/Away","Favorite/Underdog",0.2155,364,0.1852,440,0.0303,0.0186,1.8606,1.22407894736842,2024-10-04 17:26:29,2,"Courtney Williams","Loss",0.4245,-0.4245,0.279276315789473,-0.279276315789473,"FPTS Team_Courtney Williams_2024-10-04"
2024-10-04,"FanDuel","MIN @ CON",1042400213,"FPTS Team","First Points","Player","Team","Home/Away","Favorite/Underdog",0.2027,393,0.1333,650,0.0694,0.04,4.003,2.63355263157895,2024-10-04 12:56:49,1,"DiJonai Carrington","Win",4.003,26.0195,2.63355263157895,17.1180921052632,"FPTS Team_DiJonai Carrington_2024-10-04"
2024-10-04,"FanDuel","NYL @ LVA",1042400203,"FPTS","First Points","Player","Game","Home/Away","Favorite/Underdog",0.0975,925,0.0833,1100,0.0142,0.0077,0.7745,0.815263157894737,2024-10-04 19:56:38,1,"Betnijah Laney-Hamilton","Loss",0.7745,-0.7745,0.815263157894737,-0.815263157894737,"FPTS_Betnijah Laney-Hamilton_2024-10-04"
2024-10-04,"FanDuel","NYL @ LVA",1042400203,"FPTS","First Points","Player","Game","Home/Away","Favorite/Underdog",0.0722,1284,0.0526,1800,0.0196,0.0103,1.0348,1.08926315789474,2024-10-04 23:26:28,5,"Chelsea Gray","Loss",0.1515,-0.1515,0.15947368421053,-0.15947368421053,"FPTS_Chelsea Gray_2024-10-04"
2024-10-04,"FanDuel","NYL @ LVA",1042400203,"FPTS","First Points","Player","Game","Home/Away","Favorite/Underdog",0.0722,1284,0.0556,1700,0.0167,0.0088,0.8833,0.92978947368421,2024-10-04 21:56:26,2,"Chelsea Gray","Loss",0.1706,-0.1706,0.17957894736842,-0.17957894736842,"FPTS_Chelsea Gray_2024-10-04"
2024-10-04,"FanDuel","NYL @ LVA",1042400203,"FPTS","First Points","Player","Game","Home/Away","Favorite/Underdog",0.0722,1284,0.0588,1600,0.0134,0.0071,0.7127,0.75021052631579,2024-10-04 21:26:28,1,"Chelsea Gray","Loss",0.7127,-0.7127,0.75021052631579,-0.75021052631579,"FPTS_Chelsea Gray_2024-10-04"
2024-10-04,"FanDuel","NYL @ LVA",1042400203,"FPTS","First Points","Player","Game","Home/Away","Favorite/Underdog",0.0722,1285,0.0556,1700,0.0166,0.0088,0.8804,0.926736842105263,2024-10-04 15:56:34,1,"Jackie Young","Loss",0.8804,-0.8804,0.926736842105263,-0.926736842105263,"FPTS_Jackie Young_2024-10-04"
2024-10-04,"Draft Kings","NYL @ LVA",1042400203,"FPTS","First FGM","Player","Game","Home/Away","Favorite/Underdog",0.0778,1186,0.0625,1500,0.0153,0.0081,0.8141,0.856947368421053,2024-10-04 12:56:49,1,"Leonie Fiebich","Loss",0.40705,-0.40705,0.428473684210527,-0.428473684210527,"FPTS_Leonie Fiebich_2024-10-04"
2024-10-04,"Fanatics","NYL @ LVA",1042400203,"FPTS","First FGM","Player","Game","Home/Away","Favorite/Underdog",0.0778,1186,0.0625,1500,0.0153,0.0081,0.8141,0.856947368421053,2024-10-04 12:56:49,1,"Leonie Fiebich","Loss",0.40705,-0.40705,0.428473684210527,-0.428473684210527,"FPTS_Leonie Fiebich_2024-10-04"
2024-10-04,"FanDuel","NYL @ LVA",1042400203,"FPTS","First Points","Player","Game","Home/Away","Favorite/Underdog",0.0742,1248,0.0556,1700,0.0186,0.0099,0.9869,1.03884210526316,2024-10-05 00:26:32,24,"Leonie Fiebich","Loss",0.1728,-0.1728,0.181894736842107,-0.181894736842107,"FPTS_Leonie Fiebich_2024-10-04"
2024-10-04,"FanDuel","NYL @ LVA",1042400203,"FPTS Exact","First Points","Player","Exact","Home/Away","Favorite/Underdog",0.0607,1547,0.05,1900,0.0107,0.0056,0.5643,0.696666666666667,2024-10-05 00:56:25,1,"Breanna Stewart_layup","Loss",0.5643,-0.5643,0.696666666666667,-0.696666666666667,"FPTS Exact_Breanna Stewart_layup_2024-10-04"
2024-10-04,"FanDuel","NYL @ LVA",1042400203,"FPTS Team","First Points","Player","Team","Home/Away","Favorite/Underdog",0.177,465,0.1667,500,0.0103,0.0062,0.62,0.407894736842105,2024-10-04 12:56:49,1,"Betnijah Laney-Hamilton","Loss",0.62,-0.62,0.407894736842105,-0.407894736842105,"FPTS Team_Betnijah Laney-Hamilton_2024-10-04"
2024-10-04,"FanDuel","NYL @ LVA",1042400203,"FPTS Team","First Points","Player","Team","Home/Away","Favorite/Underdog",0.177,465,0.1538,550,0.0232,0.0137,1.3682,0.900131578947369,2024-10-04 13:26:30,2,"Betnijah Laney-Hamilton","Loss",0.7482,-0.7482,0.492236842105264,-0.492236842105264,"FPTS Team_Betnijah Laney-Hamilton_2024-10-04"
2024-10-04,"FanDuel","NYL @ LVA",1042400203,"FPTS Team","First Points","Player","Team","Home/Away","Favorite/Underdog",0.1609,522,0.1111,800,0.0498,0.028,2.8006,1.8425,2024-10-04 22:26:25,17,"Chelsea Gray","Loss",0.3496,-0.3496,0.23,-0.23,"FPTS Team_Chelsea Gray_2024-10-04"
2024-10-04,"FanDuel","NYL @ LVA",1042400203,"FPTS Team","First Points","Player","Team","Home/Away","Favorite/Underdog",0.1609,522,0.1176,750,0.0433,0.0245,2.451,1.6125,2024-10-04 21:26:28,15,"Chelsea Gray","Loss",0.3996,-0.3996,0.26289473684211,-0.26289473684211,"FPTS Team_Chelsea Gray_2024-10-04"
2024-10-04,"FanDuel","NYL @ LVA",1042400203,"FPTS Team","First Points","Player","Team","Home/Away","Favorite/Underdog",0.1609,522,0.125,700,0.0359,0.0205,2.0514,1.34960526315789,2024-10-04 16:26:31,5,"Chelsea Gray","Loss",0.461,-0.461,0.30328947368421,-0.30328947368421,"FPTS Team_Chelsea Gray_2024-10-04"
2024-10-04,"FanDuel","NYL @ LVA",1042400203,"FPTS Team","First Points","Player","Team","Home/Away","Favorite/Underdog",0.1609,522,0.1333,650,0.0276,0.0159,1.5904,1.04631578947368,2024-10-04 15:56:34,4,"Chelsea Gray","Loss",0.5379,-0.5379,0.353881578947364,-0.353881578947364,"FPTS Team_Chelsea Gray_2024-10-04"
2024-10-04,"FanDuel","NYL @ LVA",1042400203,"FPTS Team","First Points","Player","Team","Home/Away","Favorite/Underdog",0.1609,522,0.1429,600,0.018,0.0105,1.0525,0.692434210526316,2024-10-04 12:56:49,1,"Chelsea Gray","Loss",1.0525,-1.0525,0.692434210526316,-0.692434210526316,"FPTS Team_Chelsea Gray_2024-10-04"
2024-10-04,"FanDuel","NYL @ LVA",1042400203,"FPTS Team","First Points","Player","Team","Home/Away","Favorite/Underdog",0.1608,522,0.1111,800,0.0497,0.0279,2.7938,1.83802631578947,2024-10-04 18:56:28,8,"Jackie Young","Loss",0.3497,-0.3497,0.23006578947368,-0.23006578947368,"FPTS Team_Jackie Young_2024-10-04"
2024-10-04,"FanDuel","NYL @ LVA",1042400203,"FPTS Team","First Points","Player","Team","Home/Away","Favorite/Underdog",0.1608,522,0.1176,750,0.0431,0.0244,2.4441,1.60796052631579,2024-10-04 15:56:34,2,"Jackie Young","Loss",1.3987,-1.3987,0.920197368421053,-0.920197368421053,"FPTS Team_Jackie Young_2024-10-04"
2024-10-04,"FanDuel","NYL @ LVA",1042400203,"FPTS Team","First Points","Player","Team","Home/Away","Favorite/Underdog",0.1608,522,0.1429,600,0.0179,0.0105,1.0454,0.687763157894737,2024-10-04 12:56:49,1,"Jackie Young","Loss",1.0454,-1.0454,0.687763157894737,-0.687763157894737,"FPTS Team_Jackie Young_2024-10-04"
2024-10-04,"FanDuel","NYL @ LVA",1042400203,"FPTS Team","First Points","Player","Team","Home/Away","Favorite/Underdog",0.1347,643,0.1176,750,0.017,0.0096,0.9637,0.634013157894737,2024-10-04 12:56:49,1,"Leonie Fiebich","Loss",0.9637,-0.9637,0.634013157894737,-0.634013157894737,"FPTS Team_Leonie Fiebich_2024-10-04"
2024-10-04,"FanDuel","NYL @ LVA",1042400203,"FPTS Team","First Points","Player","Team","Home/Away","Favorite/Underdog",0.1347,643,0.1111,800,0.0235,0.0132,1.3242,0.871184210526316,2024-10-04 13:26:30,2,"Leonie Fiebich","Loss",0.3605,-0.3605,0.237171052631579,-0.237171052631579,"FPTS Team_Leonie Fiebich_2024-10-04"
2024-10-04,"FanDuel","NYL @ LVA",1042400203,"FTTS","First Points","Team","Quarter","Home/Away","Favorite/Underdog",0.551,-123,0.5349,-115,0.0161,0.0174,0.8678,0.633430656934307,2024-10-05 00:26:32,1,"1Q_NYL","Loss",0.8678,-0.8678,0.633430656934307,-0.633430656934307,"FTTS_1Q_NYL_2024-10-04"
2024-10-06,"BetRivers","MIN @ CON",1042400214,"FPTS","First FGM","Player","Game","Home/Away","Favorite/Underdog",0.1019,881,0.0769,1200,0.025,0.0135,1.3534,1.42463157894737,2024-10-06 12:26:27,1,"Alanna Smith","Loss",1.3534,-1.3534,1.42463157894737,-1.42463157894737,"FPTS_Alanna Smith_2024-10-06"
2024-10-06,"MGM","MIN @ CON",1042400214,"FPTS","First FGM","Player","Game","Home/Away","Favorite/Underdog",0.1019,881,0.0714,1300,0.0305,0.0164,1.6413,1.72768421052632,2024-10-06 13:56:29,4,"Alanna Smith","Loss",0.2879,-0.2879,0.30305263157895,-0.30305263157895,"FPTS_Alanna Smith_2024-10-06"
2024-10-06,"FanDuel","MIN @ CON",1042400214,"FPTS","First Points","Player","Game","Home/Away","Favorite/Underdog",0.0785,1173,0.0667,1400,0.0119,0.0064,0.6353,0.668736842105263,2024-10-06 12:56:30,1,"Bridget Carleton","Loss",0.6353,-0.6353,0.668736842105263,-0.668736842105263,"FPTS_Bridget Carleton_2024-10-06"
2024-10-06,"Fanatics","MIN @ CON",1042400214,"FPTS","First FGM","Player","Game","Home/Away","Favorite/Underdog",0.106,843,0.0833,1100,0.0227,0.0124,1.2372,1.30231578947368,2024-10-06 12:26:27,1,"Courtney Williams","Win",1.2372,13.6092,1.30231578947368,14.3254736842105,"FPTS_Courtney Williams_2024-10-06"
2024-10-06,"Caesars","MIN @ CON",1042400214,"FPTS","First Points","Player","Game","Home/Away","Favorite/Underdog",0.1057,846,0.0909,1000,0.0148,0.0082,0.816,0.858947368421053,2024-10-06 12:26:27,1,"DiJonai Carrington","Loss",0.272,-0.272,0.286315789473684,-0.286315789473684,"FPTS_DiJonai Carrington_2024-10-06"
2024-10-06,"ESPN","MIN @ CON",1042400214,"FPTS","First Points","Player","Game","Home/Away","Favorite/Underdog",0.1057,846,0.0909,1000,0.0148,0.0082,0.816,0.858947368421053,2024-10-06 12:26:27,1,"DiJonai Carrington","Loss",0.272,-0.272,0.286315789473684,-0.286315789473684,"FPTS_DiJonai Carrington_2024-10-06"
2024-10-06,"FanDuel","MIN @ CON",1042400214,"FPTS","First Points","Player","Game","Home/Away","Favorite/Underdog",0.1057,846,0.0833,1100,0.0224,0.0122,1.2225,1.28684210526316,2024-10-06 13:56:29,4,"DiJonai Carrington","Loss",0.4065,-0.4065,0.427894736842107,-0.427894736842107,"FPTS_DiJonai Carrington_2024-10-06"
2024-10-06,"FanDuel","MIN @ CON",1042400214,"FPTS","First Points","Player","Game","Home/Away","Favorite/Underdog",0.1057,846,0.0909,1000,0.0148,0.0082,0.816,0.858947368421053,2024-10-06 12:26:27,1,"DiJonai Carrington","Loss",0.272,-0.272,0.286315789473684,-0.286315789473684,"FPTS_DiJonai Carrington_2024-10-06"
2024-10-06,"FanDuel","MIN @ CON",1042400214,"FPTS Exact","First Points","Player","Exact","Home/Away","Favorite/Underdog",0.0299,3249,0.0196,5000,0.0102,0.0052,0.5227,0.645308641975309,2024-10-06 12:26:27,1,"Courtney Williams_layup","Loss",0.5227,-0.5227,0.645308641975309,-0.645308641975309,"FPTS Exact_Courtney Williams_layup_2024-10-06"
2024-10-06,"FanDuel","MIN @ CON",1042400214,"FPTS Team","First Points","Player","Team","Home/Away","Favorite/Underdog",0.1859,438,0.1429,600,0.0431,0.0251,2.5115,1.65230263157895,2024-10-06 13:26:32,3,"Alanna Smith","Loss",0.6168,-0.6168,0.40578947368421,-0.40578947368421,"FPTS Team_Alanna Smith_2024-10-06"
2024-10-06,"FanDuel","MIN @ CON",1042400214,"FPTS Team","First Points","Player","Team","Home/Away","Favorite/Underdog",0.1859,438,0.1538,550,0.0321,0.0189,1.8947,1.24651315789474,2024-10-06 12:26:27,1,"Alanna Smith","Loss",1.8947,-1.8947,1.24651315789474,-1.24651315789474,"FPTS Team_Alanna Smith_2024-10-06"
2024-10-06,"MGM","MIN @ CON",1042400214,"FPTS Team","First FGM","Player","Team","Home/Away","Favorite/Underdog",0.2001,400,0.1429,600,0.0572,0.0334,3.3391,2.19677631578947,2024-10-06 13:56:29,4,"Alanna Smith","Loss",0.8276,-0.8276,0.54447368421052,-0.54447368421052,"FPTS Team_Alanna Smith_2024-10-06"
2024-10-06,"FanDuel","MIN @ CON",1042400214,"FPTS Team","First Points","Player","Team","Home/Away","Favorite/Underdog",0.1543,548,0.1429,600,0.0115,0.0067,0.6684,0.439736842105263,2024-10-06 12:26:27,1,"Bridget Carleton","Loss",0.6684,-0.6684,0.439736842105263,-0.439736842105263,"FPTS Team_Bridget Carleton_2024-10-06"
2024-10-06,"FanDuel","MIN @ CON",1042400214,"FPTS Team","First Points","Player","Team","Home/Away","Favorite/Underdog",0.1543,548,0.1333,650,0.021,0.0121,1.2106,0.796447368421053,2024-10-06 13:26:32,3,"Bridget Carleton","Loss",0.5422,-0.5422,0.35671052631579,-0.35671052631579,"FPTS Team_Bridget Carleton_2024-10-06"
2024-10-06,"FanDuel","MIN @ CON",1042400214,"FPTS Team","First Points","Player","Team","Home/Away","Favorite/Underdog",0.2117,372,0.1887,430,0.023,0.0142,1.4181,0.932960526315789,2024-10-06 12:26:27,1,"Courtney Williams","Win",1.4181,6.09783,0.932960526315789,4.01173026315789,"FPTS Team_Courtney Williams_2024-10-06"
2024-10-06,"FanDuel","MIN @ CON",1042400214,"FPTS Team","First Points","Player","Team","Home/Away","Favorite/Underdog",0.2117,372,0.1852,440,0.0265,0.0163,1.6265,1.07006578947368,2024-10-06 15:56:34,8,"Courtney Williams","Win",0.2084,0.916960000000001,0.137105263157891,0.603263157894721,"FPTS Team_Courtney Williams_2024-10-06"
2024-10-06,"FanDuel","MIN @ CON",1042400214,"FPTS Team","First Points","Player","Team","Home/Away","Favorite/Underdog",0.2165,362,0.1667,500,0.0499,0.0299,2.9913,1.96796052631579,2024-10-06 20:26:29,17,"DiJonai Carrington","Loss",2.9913,-2.9913,1.96796052631579,-1.96796052631579,"FPTS Team_DiJonai Carrington_2024-10-06"
2024-10-06,"FanDuel","MIN @ CON",1042400214,"FPTS Team","First Points","Player","Team","Home/Away","Favorite/Underdog",0.1563,540,0.1333,650,0.023,0.0132,1.3243,0.87125,2024-10-06 20:56:28,1,"Tyasha Harris","Loss",1.3243,-1.3243,0.87125,-0.87125,"FPTS Team_Tyasha Harris_2024-10-06"
2024-10-06,"Draft Kings","NYL @ LVA",1042400204,"FPTS","First FGM","Player","Game","Home/Away","Favorite/Underdog",0.0915,993,0.0769,1200,0.0145,0.0079,0.7881,0.829578947368421,2024-10-06 12:26:27,1,"Betnijah Laney-Hamilton","Loss",0.7881,-0.7881,0.829578947368421,-0.829578947368421,"FPTS_Betnijah Laney-Hamilton_2024-10-06"
2024-10-06,"ESPN","NYL @ LVA",1042400204,"FPTS","First Points","Player","Game","Home/Away","Favorite/Underdog",0.0756,1222,0.0588,1600,0.0168,0.0089,0.8928,0.939789473684211,2024-10-06 12:26:27,1,"Chelsea Gray","Loss",0.4464,-0.4464,0.469894736842105,-0.469894736842105,"FPTS_Chelsea Gray_2024-10-06"
2024-10-06,"FanDuel","NYL @ LVA",1042400204,"FPTS","First Points","Player","Game","Home/Away","Favorite/Underdog",0.0756,1222,0.0588,1600,0.0168,0.0089,0.8928,0.939789473684211,2024-10-06 12:26:27,1,"Chelsea Gray","Loss",0.4464,-0.4464,0.469894736842105,-0.469894736842105,"FPTS_Chelsea Gray_2024-10-06"
2024-10-06,"FanDuel","NYL @ LVA",1042400204,"FPTS","First Points","Player","Game","Home/Away","Favorite/Underdog",0.0756,1222,0.0556,1700,0.0201,0.0106,1.0627,1.11863157894737,2024-10-06 16:56:30,10,"Chelsea Gray","Loss",0.1699,-0.1699,0.178842105263159,-0.178842105263159,"FPTS_Chelsea Gray_2024-10-06"
2024-10-06,"FanDuel","NYL @ LVA",1042400204,"FPTS","First Points","Player","Game","Home/Away","Favorite/Underdog",0.0783,1177,0.0625,1500,0.0158,0.0084,0.843,0.887368421052632,2024-10-06 12:26:27,1,"Jackie Young","Win",0.843,12.645,0.887368421052632,13.3105263157895,"FPTS_Jackie Young_2024-10-06"
2024-10-06,"MGM","NYL @ LVA",1042400204,"FPTS","First FGM","Player","Game","Home/Away","Favorite/Underdog",0.0784,1175,0.0625,1500,0.0159,0.0085,0.8504,0.895157894736842,2024-10-06 13:26:32,3,"Jackie Young","Win",0.00740000000000007,0.111000000000001,0.00778947368421001,0.11684210526315,"FPTS_Jackie Young_2024-10-06"
2024-10-06,"ESPN","NYL @ LVA",1042400204,"FPTS","First Points","Player","Game","Home/Away","Favorite/Underdog",0.0752,1230,0.0625,1500,0.0127,0.0068,0.678,0.713684210526316,2024-10-06 12:26:27,1,"Leonie Fiebich","Loss",0.339,-0.339,0.356842105263158,-0.356842105263158,"FPTS_Leonie Fiebich_2024-10-06"
2024-10-06,"FanDuel","NYL @ LVA",1042400204,"FPTS","First Points","Player","Game","Home/Away","Favorite/Underdog",0.0752,1230,0.0455,2100,0.0298,0.0156,1.5587,1.64073684210526,2024-10-06 18:56:28,14,"Leonie Fiebich","Loss",0.1101,-0.1101,0.1158947368421,-0.1158947368421,"FPTS_Leonie Fiebich_2024-10-06"
2024-10-06,"FanDuel","NYL @ LVA",1042400204,"FPTS","First Points","Player","Game","Home/Away","Favorite/Underdog",0.0752,1230,0.0476,2000,0.0276,0.0145,1.4486,1.52484210526316,2024-10-06 16:26:28,9,"Leonie Fiebich","Loss",0.1217,-0.1217,0.1281052631579,-0.1281052631579,"FPTS_Leonie Fiebich_2024-10-06"
2024-10-06,"FanDuel","NYL @ LVA",1042400204,"FPTS","First Points","Player","Game","Home/Away","Favorite/Underdog",0.0752,1230,0.05,1900,0.0252,0.0133,1.3269,1.39673684210526,2024-10-06 14:56:30,6,"Leonie Fiebich","Loss",0.2863,-0.2863,0.30136842105263,-0.30136842105263,"FPTS_Leonie Fiebich_2024-10-06"
2024-10-06,"FanDuel","NYL @ LVA",1042400204,"FPTS","First Points","Player","Game","Home/Away","Favorite/Underdog",0.0752,1230,0.0556,1700,0.0197,0.0104,1.0406,1.09536842105263,2024-10-06 13:56:29,4,"Leonie Fiebich","Loss",0.17,-0.17,0.178947368421051,-0.178947368421051,"FPTS_Leonie Fiebich_2024-10-06"
2024-10-06,"FanDuel","NYL @ LVA",1042400204,"FPTS","First Points","Player","Game","Home/Away","Favorite/Underdog",0.0752,1230,0.0588,1600,0.0164,0.0087,0.8706,0.916421052631579,2024-10-06 12:56:30,2,"Leonie Fiebich","Loss",0.1926,-0.1926,0.202736842105263,-0.202736842105263,"FPTS_Leonie Fiebich_2024-10-06"
2024-10-06,"FanDuel","NYL @ LVA",1042400204,"FPTS","First Points","Player","Game","Home/Away","Favorite/Underdog",0.0752,1230,0.0625,1500,0.0127,0.0068,0.678,0.713684210526316,2024-10-06 12:26:27,1,"Leonie Fiebich","Loss",0.339,-0.339,0.356842105263158,-0.356842105263158,"FPTS_Leonie Fiebich_2024-10-06"
2024-10-06,"FanDuel","NYL @ LVA",1042400204,"FPTS Team","First Points","Player","Team","Home/Away","Favorite/Underdog",0.1779,462,0.1538,550,0.0241,0.0142,1.4225,0.935855263157895,2024-10-06 15:26:29,1,"Betnijah Laney-Hamilton","Loss",1.4225,-1.4225,0.935855263157895,-0.935855263157895,"FPTS Team_Betnijah Laney-Hamilton_2024-10-06"
2024-10-06,"FanDuel","NYL @ LVA",1042400204,"FPTS Team","First Points","Player","Team","Home/Away","Favorite/Underdog",0.163,514,0.1176,750,0.0453,0.0257,2.5694,1.69039473684211,2024-10-06 12:26:27,1,"Chelsea Gray","Loss",2.5694,-2.5694,1.69039473684211,-1.69039473684211,"FPTS Team_Chelsea Gray_2024-10-06"
2024-10-06,"FanDuel","NYL @ LVA",1042400204,"FPTS Team","First Points","Player","Team","Home/Away","Favorite/Underdog",0.163,514,0.1111,800,0.0519,0.0292,2.9182,1.91986842105263,2024-10-06 16:56:30,10,"Chelsea Gray","Loss",0.3488,-0.3488,0.22947368421052,-0.22947368421052,"FPTS Team_Chelsea Gray_2024-10-06"
2024-10-06,"FanDuel","NYL @ LVA",1042400204,"FPTS Team","First Points","Player","Team","Home/Away","Favorite/Underdog",0.1688,493,0.125,700,0.0438,0.025,2.5007,1.64519736842105,2024-10-06 12:26:27,1,"Jackie Young","Win",2.5007,17.5049,1.64519736842105,11.5163815789473,"FPTS Team_Jackie Young_2024-10-06"
2024-10-06,"MGM","NYL @ LVA",1042400204,"FPTS Team","First FGM","Player","Team","Home/Away","Favorite/Underdog",0.1697,489,0.125,700,0.0447,0.0255,2.5538,1.68013157894737,2024-10-06 13:26:32,3,"Jackie Young","Win",0.0530999999999997,0.371699999999998,0.0349342105263202,0.244539473684241,"FPTS Team_Jackie Young_2024-10-06"
2024-10-06,"FanDuel","NYL @ LVA",1042400204,"FPTS Team","First Points","Player","Team","Home/Away","Favorite/Underdog",0.1403,613,0.0909,1000,0.0494,0.0272,2.7177,1.78796052631579,2024-10-06 14:56:30,6,"Leonie Fiebich","Loss",0.7585,-0.7585,0.49901315789474,-0.49901315789474,"FPTS Team_Leonie Fiebich_2024-10-06"
2024-10-06,"FanDuel","NYL @ LVA",1042400204,"FPTS Team","First Points","Player","Team","Home/Away","Favorite/Underdog",0.1403,613,0.1053,850,0.0351,0.0196,1.9592,1.28894736842105,2024-10-06 13:56:29,4,"Leonie Fiebich","Loss",0.6743,-0.6743,0.443618421052629,-0.443618421052629,"FPTS Team_Leonie Fiebich_2024-10-06"
2024-10-06,"FanDuel","NYL @ LVA",1042400204,"FPTS Team","First Points","Player","Team","Home/Away","Favorite/Underdog",0.1403,613,0.1176,750,0.0227,0.0128,1.2849,0.845328947368421,2024-10-06 12:56:30,2,"Leonie Fiebich","Loss",0.4093,-0.4093,0.269276315789474,-0.269276315789474,"FPTS Team_Leonie Fiebich_2024-10-06"
2024-10-06,"FanDuel","NYL @ LVA",1042400204,"FPTS Team","First Points","Player","Team","Home/Away","Favorite/Underdog",0.1403,613,0.125,700,0.0153,0.0088,0.8756,0.576052631578947,2024-10-06 12:26:27,1,"Leonie Fiebich","Loss",0.8756,-0.8756,0.576052631578947,-0.576052631578947,"FPTS Team_Leonie Fiebich_2024-10-06"
2024-10-08,"Draft Kings","CON @ MIN",1042400215,"FPTS","First FGM","Player","Game","Home/Away","Favorite/Underdog",0.0968,934,0.0667,1400,0.0301,0.0161,1.612,1.69684210526316,2024-10-08 12:26:24,1,"Alanna Smith","Loss",1.612,-1.612,1.69684210526316,-1.69684210526316,"FPTS_Alanna Smith_2024-10-08"
2024-10-08,"Draft Kings","CON @ MIN",1042400215,"FPTS","First FGM","Player","Game","Home/Away","Favorite/Underdog",0.101,891,0.0909,1000,0.01,0.0055,0.5523,0.581368421052632,2024-10-08 12:26:24,1,"Courtney Williams","Loss",0.5523,-0.5523,0.581368421052632,-0.581368421052632,"FPTS_Courtney Williams_2024-10-08"
2024-10-08,"Draft Kings","CON @ MIN",1042400215,"FPTS","First FGM","Player","Game","Home/Away","Favorite/Underdog",0.0988,913,0.0833,1100,0.0154,0.0084,0.8417,0.886,2024-10-08 12:26:24,1,"DiJonai Carrington","Loss",0.8417,-0.8417,0.886,-0.886,"FPTS_DiJonai Carrington_2024-10-08"
2024-10-08,"Draft Kings","CON @ MIN",1042400215,"FPTS","First FGM","Player","Game","Home/Away","Favorite/Underdog",0.0799,1152,0.0588,1600,0.0211,0.0112,1.1195,1.17842105263158,2024-10-08 12:26:24,1,"Tyasha Harris","Loss",1.1195,-1.1195,1.17842105263158,-1.17842105263158,"FPTS_Tyasha Harris_2024-10-08"
2024-10-08,"FanDuel","CON @ MIN",1042400215,"FPTS Exact","First Points","Player","Exact","Home/Away","Favorite/Underdog",0.0302,3211,0.0196,5000,0.0106,0.0054,0.5404,0.66716049382716,2024-10-08 12:26:24,1,"Courtney Williams_layup","Loss",0.5404,-0.5404,0.66716049382716,-0.66716049382716,"FPTS Exact_Courtney Williams_layup_2024-10-08"
2024-10-08,"FanDuel","CON @ MIN",1042400215,"FPTS Team","First Points","Player","Team","Home/Away","Favorite/Underdog",0.1821,449,0.1538,550,0.0282,0.0167,1.6685,1.09769736842105,2024-10-08 15:26:25,7,"Alanna Smith","Loss",0.6151,-0.6151,0.404671052631576,-0.404671052631576,"FPTS Team_Alanna Smith_2024-10-08"
2024-10-08,"FanDuel","CON @ MIN",1042400215,"FPTS Team","First Points","Player","Team","Home/Away","Favorite/Underdog",0.1821,449,0.1667,500,0.0154,0.0092,0.9249,0.608486842105263,2024-10-08 12:26:24,1,"Alanna Smith","Loss",0.9249,-0.9249,0.608486842105263,-0.608486842105263,"FPTS Team_Alanna Smith_2024-10-08"
2024-10-08,"MGM","CON @ MIN",1042400215,"FPTS Team","First FGM","Player","Team","Home/Away","Favorite/Underdog",0.1913,423,0.1739,475,0.0174,0.0105,1.0534,0.693026315789474,2024-10-08 13:56:26,4,"Alanna Smith","Loss",0.1285,-0.1285,0.084539473684211,-0.084539473684211,"FPTS Team_Alanna Smith_2024-10-08"
2024-10-08,"FanDuel","CON @ MIN",1042400215,"FPTS Team","First Points","Player","Team","Home/Away","Favorite/Underdog",0.1544,548,0.1429,600,0.0116,0.0068,0.6757,0.44453947368421,2024-10-08 12:26:24,1,"Bridget Carleton","Loss",0.6757,-0.6757,0.44453947368421,-0.44453947368421,"FPTS Team_Bridget Carleton_2024-10-08"
2024-10-08,"FanDuel","CON @ MIN",1042400215,"FPTS Team","First Points","Player","Team","Home/Away","Favorite/Underdog",0.2085,380,0.1852,440,0.0233,0.0143,1.4324,0.942368421052632,2024-10-08 12:26:24,1,"DiJonai Carrington","Loss",1.4324,-1.4324,0.942368421052632,-0.942368421052632,"FPTS Team_DiJonai Carrington_2024-10-08"
2024-10-08,"FanDuel","CON @ MIN",1042400215,"FPTS Team","First Points","Player","Team","Home/Away","Favorite/Underdog",0.1583,532,0.1333,650,0.025,0.0144,1.441,0.948026315789474,2024-10-08 12:26:24,1,"Tyasha Harris","Loss",1.441,-1.441,0.948026315789474,-0.948026315789474,"FPTS Team_Tyasha Harris_2024-10-08"
2024-10-10,"BetRivers","MIN @ NYL",1042400301,"FPTS","First FGM","Player","Game","Home/Away","Favorite/Underdog",0.0815,1127,0.0667,1400,0.0148,0.0079,0.7932,0.834947368421053,2024-10-10 12:26:26,1,"Alanna Smith","Loss",0.7932,-0.7932,0.834947368421053,-0.834947368421053,"FPTS_Alanna Smith_2024-10-10"
2024-10-10,"Draft Kings","MIN @ NYL",1042400301,"FPTS","First FGM","Player","Game","Home/Away","Favorite/Underdog",0.0697,1335,0.0588,1600,0.0108,0.0058,0.5758,0.606105263157895,2024-10-10 12:26:26,1,"Bridget Carleton","Loss",0.5758,-0.5758,0.606105263157895,-0.606105263157895,"FPTS_Bridget Carleton_2024-10-10"
2024-10-10,"Draft Kings","MIN @ NYL",1042400301,"FPTS","First FGM","Player","Game","Home/Away","Favorite/Underdog",0.0839,1092,0.0625,1500,0.0214,0.0114,1.1395,1.19947368421053,2024-10-10 12:26:26,1,"Leonie Fiebich","Loss",1.1395,-1.1395,1.19947368421053,-1.19947368421053,"FPTS_Leonie Fiebich_2024-10-10"
2024-10-10,"MGM","MIN @ NYL",1042400301,"FPTS","First FGM","Player","Game","Home/Away","Favorite/Underdog",0.0839,1092,0.0588,1600,0.025,0.0133,1.3304,1.40042105263158,2024-10-10 13:56:33,4,"Leonie Fiebich","Loss",0.1909,-0.1909,0.20094736842105,-0.20094736842105,"FPTS_Leonie Fiebich_2024-10-10"
2024-10-10,"FanDuel","MIN @ NYL",1042400301,"FPTS Team","First Points","Player","Team","Home/Away","Favorite/Underdog",0.1681,495,0.1538,550,0.0143,0.0084,0.842,0.553947368421053,2024-10-10 12:56:25,1,"Alanna Smith","Loss",0.842,-0.842,0.553947368421053,-0.553947368421053,"FPTS Team_Alanna Smith_2024-10-10"
2024-10-10,"MGM","MIN @ NYL",1042400301,"FPTS Team","First FGM","Player","Team","Home/Away","Favorite/Underdog",0.1882,431,0.1667,500,0.0216,0.0129,1.2934,0.850921052631579,2024-10-10 13:56:33,3,"Alanna Smith","Loss",0.4514,-0.4514,0.296973684210526,-0.296973684210526,"FPTS Team_Alanna Smith_2024-10-10"
2024-10-10,"FanDuel","MIN @ NYL",1042400301,"FPTS Team","First Points","Player","Team","Home/Away","Favorite/Underdog",0.1737,476,0.1538,550,0.0199,0.0117,1.1748,0.772894736842105,2024-10-10 15:26:28,1,"Betnijah Laney-Hamilton","Loss",1.1748,-1.1748,0.772894736842105,-0.772894736842105,"FPTS Team_Betnijah Laney-Hamilton_2024-10-10"
2024-10-10,"MGM","MIN @ NYL",1042400301,"FPTS Team","First FGM","Player","Team","Home/Away","Favorite/Underdog",0.1609,521,0.1429,600,0.0181,0.0105,1.0547,0.693881578947368,2024-10-10 13:56:33,1,"Bridget Carleton","Loss",1.0547,-1.0547,0.693881578947368,-0.693881578947368,"FPTS Team_Bridget Carleton_2024-10-10"
2024-10-10,"FanDuel","MIN @ NYL",1042400301,"FPTS Team","First Points","Player","Team","Home/Away","Favorite/Underdog",0.2209,353,0.2083,380,0.0125,0.0079,0.791,0.520394736842105,2024-10-10 12:56:25,1,"Courtney Williams","Win",0.791,3.0058,0.520394736842105,1.9775,"FPTS Team_Courtney Williams_2024-10-10"
2024-10-10,"FanDuel","MIN @ NYL",1042400301,"FPTS Team","First Points","Player","Team","Home/Away","Favorite/Underdog",0.2026,394,0.1852,440,0.0174,0.0107,1.0698,0.703815789473684,2024-10-10 16:26:29,1,"Jonquel Jones","Win",1.0698,4.70712,0.703815789473684,3.09678947368421,"FPTS Team_Jonquel Jones_2024-10-10"
2024-10-10,"FanDuel","MIN @ NYL",1042400301,"FPTS Team","First Points","Player","Team","Home/Away","Favorite/Underdog",0.1339,647,0.0909,1000,0.043,0.0237,2.3652,1.55605263157895,2024-10-10 12:56:25,2,"Leonie Fiebich","Loss",0.2279,-0.2279,0.14993421052632,-0.14993421052632,"FPTS Team_Leonie Fiebich_2024-10-10"
2024-10-10,"FanDuel","MIN @ NYL",1042400301,"FPTS Team","First Points","Player","Team","Home/Away","Favorite/Underdog",0.1339,647,0.0952,950,0.0387,0.0214,2.1373,1.40611842105263,2024-10-10 12:26:26,1,"Leonie Fiebich","Loss",2.1373,-2.1373,1.40611842105263,-1.40611842105263,"FPTS Team_Leonie Fiebich_2024-10-10"
2024-10-10,"MGM","MIN @ NYL",1042400301,"FPTS Team","First FGM","Player","Team","Home/Away","Favorite/Underdog",0.1479,576,0.0952,950,0.0526,0.0291,2.9088,1.91368421052632,2024-10-10 13:56:33,4,"Leonie Fiebich","Loss",0.5436,-0.5436,0.35763157894737,-0.35763157894737,"FPTS Team_Leonie Fiebich_2024-10-10"
2024-10-10,"FanDuel","MIN @ NYL",1042400301,"FTTS","First Points","Team","Quarter","Home/Away","Favorite/Underdog",0.4213,137,0.4065,146,0.0148,0.0124,0.622,0.454014598540146,2024-10-10 12:26:26,1,"1Q_MIN","Loss",0.622,-0.622,0.454014598540146,-0.454014598540146,"FTTS_1Q_MIN_2024-10-10"
2024-10-13,"BetRivers","MIN @ NYL",1042400302,"FPTS","First FGM","Player","Game","Home/Away","Favorite/Underdog",0.0828,1108,0.0667,1400,0.0161,0.0086,0.8616,0.906947368421053,2024-10-13 12:26:23,1,"Alanna Smith","Loss",0.4308,-0.4308,0.453473684210526,-0.453473684210526,"FPTS_Alanna Smith_2024-10-13"
2024-10-13,"Fanatics","MIN @ NYL",1042400302,"FPTS","First FGM","Player","Game","Home/Away","Favorite/Underdog",0.0828,1108,0.0667,1400,0.0161,0.0086,0.8616,0.906947368421053,2024-10-13 12:26:23,1,"Alanna Smith","Loss",0.4308,-0.4308,0.453473684210526,-0.453473684210526,"FPTS_Alanna Smith_2024-10-13"
2024-10-13,"MGM","MIN @ NYL",1042400302,"FPTS","First FGM","Player","Game","Home/Away","Favorite/Underdog",0.0828,1108,0.0588,1600,0.0239,0.0127,1.2711,1.338,2024-10-13 13:26:25,3,"Alanna Smith","Loss",0.4095,-0.4095,0.431052631578947,-0.431052631578947,"FPTS_Alanna Smith_2024-10-13"
2024-10-13,"Draft Kings","MIN @ NYL",1042400302,"FPTS","First FGM","Player","Game","Home/Away","Favorite/Underdog",0.0896,1016,0.0769,1200,0.0127,0.0069,0.6879,0.724105263157895,2024-10-13 12:26:23,1,"Betnijah Laney-Hamilton","Loss",0.34395,-0.34395,0.362052631578948,-0.362052631578948,"FPTS_Betnijah Laney-Hamilton_2024-10-13"
2024-10-13,"Fanatics","MIN @ NYL",1042400302,"FPTS","First FGM","Player","Game","Home/Away","Favorite/Underdog",0.0896,1016,0.0769,1200,0.0127,0.0069,0.6879,0.724105263157895,2024-10-13 12:26:23,1,"Betnijah Laney-Hamilton","Loss",0.34395,-0.34395,0.362052631578948,-0.362052631578948,"FPTS_Betnijah Laney-Hamilton_2024-10-13"
2024-10-13,"Draft Kings","MIN @ NYL",1042400302,"FPTS","First FGM","Player","Game","Home/Away","Favorite/Underdog",0.0698,1333,0.0588,1600,0.011,0.0058,0.582,0.612631578947368,2024-10-13 12:26:23,1,"Bridget Carleton","Loss",0.582,-0.582,0.612631578947368,-0.612631578947368,"FPTS_Bridget Carleton_2024-10-13"
2024-10-13,"ESPN","MIN @ NYL",1042400302,"FPTS","First Points","Player","Game","Home/Away","Favorite/Underdog",0.0989,911,0.0667,1400,0.0322,0.0173,1.7277,1.81863157894737,2024-10-13 12:26:23,1,"Courtney Williams","Loss",1.7277,-1.7277,1.81863157894737,-1.81863157894737,"FPTS_Courtney Williams_2024-10-13"
2024-10-13,"BetRivers","MIN @ NYL",1042400302,"FPTS","First FGM","Player","Game","Home/Away","Favorite/Underdog",0.0829,1106,0.0667,1400,0.0163,0.0087,0.8719,0.917789473684211,2024-10-13 12:26:23,1,"Leonie Fiebich","Loss",0.8719,-0.8719,0.917789473684211,-0.917789473684211,"FPTS_Leonie Fiebich_2024-10-13"
2024-10-13,"MGM","MIN @ NYL",1042400302,"FPTS","First FGM","Player","Game","Home/Away","Favorite/Underdog",0.0829,1106,0.0625,1500,0.0204,0.0109,1.0902,1.14757894736842,2024-10-13 13:26:25,3,"Leonie Fiebich","Loss",0.2183,-0.2183,0.229789473684209,-0.229789473684209,"FPTS_Leonie Fiebich_2024-10-13"
2024-10-13,"MGM","MIN @ NYL",1042400302,"FPTS Team","First FGM","Player","Team","Home/Away","Favorite/Underdog",0.1895,428,0.1429,600,0.0466,0.0272,2.7205,1.78980263157895,2024-10-13 13:26:25,1,"Alanna Smith","Win",2.7205,16.323,1.78980263157895,10.7388157894737,"FPTS Team_Alanna Smith_2024-10-13"
2024-10-13,"FanDuel","MIN @ NYL",1042400302,"FPTS Team","First Points","Player","Team","Home/Away","Favorite/Underdog",0.3048,228,0.2778,260,0.0271,0.0187,1.8739,1.23282894736842,2024-10-13 18:56:26,6,"Breanna Stewart","Loss",0.5347,-0.5347,0.351776315789473,-0.351776315789473,"FPTS Team_Breanna Stewart_2024-10-13"
2024-10-13,"FanDuel","MIN @ NYL",1042400302,"FPTS Team","First Points","Player","Team","Home/Away","Favorite/Underdog",0.3048,228,0.2857,250,0.0191,0.0134,1.3392,0.881052631578947,2024-10-13 17:26:24,3,"Breanna Stewart","Loss",0.5793,-0.5793,0.381118421052631,-0.381118421052631,"FPTS Team_Breanna Stewart_2024-10-13"
2024-10-13,"FanDuel","MIN @ NYL",1042400302,"FPTS Team","First Points","Player","Team","Home/Away","Favorite/Underdog",0.3048,228,0.2941,240,0.0107,0.0076,0.7599,0.499934210526316,2024-10-13 15:26:23,1,"Breanna Stewart","Loss",0.7599,-0.7599,0.499934210526316,-0.499934210526316,"FPTS Team_Breanna Stewart_2024-10-13"
2024-10-13,"FanDuel","MIN @ NYL",1042400302,"FPTS Team","First Points","Player","Team","Home/Away","Favorite/Underdog",0.2303,334,0.2083,380,0.022,0.0139,1.3901,0.91453947368421,2024-10-13 12:26:23,1,"Courtney Williams","Loss",1.3901,-1.3901,0.91453947368421,-0.91453947368421,"FPTS Team_Courtney Williams_2024-10-13"
2024-10-13,"FanDuel","MIN @ NYL",1042400302,"FPTS Team","First Points","Player","Team","Home/Away","Favorite/Underdog",0.2303,334,0.2,400,0.0303,0.019,1.8965,1.24769736842105,2024-10-13 13:56:28,4,"Courtney Williams","Loss",0.5064,-0.5064,0.33315789473684,-0.33315789473684,"FPTS Team_Courtney Williams_2024-10-13"
2024-10-13,"MGM","MIN @ NYL",1042400302,"FPTS Team","First FGM","Player","Team","Home/Away","Favorite/Underdog",0.223,348,0.2105,375,0.0125,0.0079,0.7926,0.521447368421053,2024-10-13 13:56:28,1,"Jonquel Jones","Loss",0.7926,-0.7926,0.521447368421053,-0.521447368421053,"FPTS Team_Jonquel Jones_2024-10-13"
2024-10-13,"FanDuel","MIN @ NYL",1042400302,"FPTS Team","First Points","Player","Team","Home/Away","Favorite/Underdog",0.1346,643,0.1053,850,0.0293,0.0164,1.6383,1.07782894736842,2024-10-13 12:26:23,1,"Leonie Fiebich","Loss",1.6383,-1.6383,1.07782894736842,-1.07782894736842,"FPTS Team_Leonie Fiebich_2024-10-13"
2024-10-13,"MGM","MIN @ NYL",1042400302,"FPTS Team","First FGM","Player","Team","Home/Away","Favorite/Underdog",0.1472,579,0.1,900,0.0472,0.0262,2.6245,1.72664473684211,2024-10-13 13:56:28,4,"Leonie Fiebich","Loss",0.9862,-0.9862,0.64881578947369,-0.64881578947369,"FPTS Team_Leonie Fiebich_2024-10-13"
2024-10-13,"FanDuel","MIN @ NYL",1042400302,"FTTS","First Points","Team","Quarter","Home/Away","Favorite/Underdog",0.4294,133,0.4032,148,0.0262,0.022,1.0978,0.801313868613139,2024-10-13 12:26:23,1,"1Q_MIN","Loss",1.0978,-1.0978,0.801313868613139,-0.801313868613139,"FTTS_1Q_MIN_2024-10-13"
2024-10-16,"Draft Kings","NYL @ MIN",1042400303,"FPTS","First FGM","Player","Game","Home/Away","Favorite/Underdog",0.0804,1144,0.0588,1600,0.0215,0.0114,1.1439,1.20410526315789,2024-10-16 12:26:18,1,"Alanna Smith","Loss",1.1439,-1.1439,1.20410526315789,-1.20410526315789,"FPTS_Alanna Smith_2024-10-16"
2024-10-16,"Draft Kings","NYL @ MIN",1042400303,"FPTS","First FGM","Player","Game","Home/Away","Favorite/Underdog",0.088,1036,0.0588,1600,0.0292,0.0155,1.5497,1.63126315789474,2024-10-16 12:26:18,1,"Leonie Fiebich","Win",1.5497,24.7952,1.63126315789474,26.1002105263158,"FPTS_Leonie Fiebich_2024-10-16"
2024-10-16,"FanDuel","NYL @ MIN",1042400303,"FPTS Team","First Points","Player","Team","Home/Away","Favorite/Underdog",0.1695,490,0.1538,550,0.0157,0.0092,0.9248,0.608421052631579,2024-10-16 12:26:18,1,"Alanna Smith","Loss",0.9248,-0.9248,0.608421052631579,-0.608421052631579,"FPTS Team_Alanna Smith_2024-10-16"
2024-10-16,"MGM","NYL @ MIN",1042400303,"FPTS Team","First FGM","Player","Team","Home/Away","Favorite/Underdog",0.1903,425,0.1538,550,0.0365,0.0216,2.1565,1.41875,2024-10-16 13:26:16,3,"Alanna Smith","Loss",1.2317,-1.2317,0.810328947368421,-0.810328947368421,"FPTS Team_Alanna Smith_2024-10-16"
2024-10-16,"FanDuel","NYL @ MIN",1042400303,"FPTS Team","First Points","Player","Team","Home/Away","Favorite/Underdog",0.2902,245,0.2632,280,0.0271,0.0184,1.8376,1.20894736842105,2024-10-16 21:56:17,15,"Breanna Stewart","Loss",0.4694,-0.4694,0.308815789473681,-0.308815789473681,"FPTS Team_Breanna Stewart_2024-10-16"
2024-10-16,"FanDuel","NYL @ MIN",1042400303,"FPTS Team","First Points","Player","Team","Home/Away","Favorite/Underdog",0.2902,245,0.2703,270,0.02,0.0137,1.3682,0.900131578947369,2024-10-16 21:26:16,14,"Breanna Stewart","Loss",0.5056,-0.5056,0.332631578947369,-0.332631578947369,"FPTS Team_Breanna Stewart_2024-10-16"
2024-10-16,"FanDuel","NYL @ MIN",1042400303,"FPTS Team","First Points","Player","Team","Home/Away","Favorite/Underdog",0.2902,245,0.2778,260,0.0125,0.0086,0.8626,0.5675,2024-10-16 13:56:17,1,"Breanna Stewart","Loss",0.8626,-0.8626,0.5675,-0.5675,"FPTS Team_Breanna Stewart_2024-10-16"
2024-10-16,"MGM","NYL @ MIN",1042400303,"FPTS Team","First FGM","Player","Team","Home/Away","Favorite/Underdog",0.1611,521,0.1429,600,0.0182,0.0106,1.0634,0.699605263157895,2024-10-16 13:26:16,1,"Bridget Carleton","Loss",1.0634,-1.0634,0.699605263157895,-0.699605263157895,"FPTS Team_Bridget Carleton_2024-10-16"
2024-10-16,"FanDuel","NYL @ MIN",1042400303,"FPTS Team","First Points","Player","Team","Home/Away","Favorite/Underdog",0.1405,612,0.1053,850,0.0353,0.0197,1.9717,1.29717105263158,2024-10-16 12:26:18,1,"Leonie Fiebich","Win",1.9717,16.75945,1.29717105263158,11.0259539473684,"FPTS Team_Leonie Fiebich_2024-10-16"
2024-10-16,"MGM","NYL @ MIN",1042400303,"FPTS Team","First FGM","Player","Team","Home/Away","Favorite/Underdog",0.1523,557,0.1111,800,0.0412,0.0232,2.316,1.52368421052632,2024-10-16 13:26:16,3,"Leonie Fiebich","Win",0.3443,2.7544,0.22651315789474,1.81210526315792,"FPTS Team_Leonie Fiebich_2024-10-16"
2024-10-16,"FanDuel","NYL @ MIN",1042400303,"FTTS","First Points","Team","Quarter","Home/Away","Favorite/Underdog",0.4259,135,0.4132,142,0.0127,0.0108,0.5396,0.393868613138686,2024-10-16 18:26:21,1,"1Q_MIN","Loss",0.5396,-0.5396,0.393868613138686,-0.393868613138686,"FTTS_1Q_MIN_2024-10-16"
2024-10-18,"BetRivers","NYL @ MIN",1042400304,"FPTS","First FGM","Player","Game","Home/Away","Favorite/Underdog",0.0815,1126,0.0625,1500,0.019,0.0102,1.0157,1.06915789473684,2024-10-18 12:26:20,1,"Alanna Smith","Loss",0.50785,-0.50785,0.53457894736842,-0.53457894736842,"FPTS_Alanna Smith_2024-10-18"
2024-10-18,"Draft Kings","NYL @ MIN",1042400304,"FPTS","First FGM","Player","Game","Home/Away","Favorite/Underdog",0.0815,1126,0.0625,1500,0.019,0.0102,1.0157,1.06915789473684,2024-10-18 12:26:20,1,"Alanna Smith","Loss",0.50785,-0.50785,0.53457894736842,-0.53457894736842,"FPTS_Alanna Smith_2024-10-18"
2024-10-18,"FanDuel","NYL @ MIN",1042400304,"FPTS","First Points","Player","Game","Home/Away","Favorite/Underdog",0.1676,497,0.1538,550,0.0137,0.0081,0.8114,0.854105263157895,2024-10-18 12:26:20,1,"Breanna Stewart","Loss",0.8114,-0.8114,0.854105263157895,-0.854105263157895,"FPTS_Breanna Stewart_2024-10-18"
2024-10-18,"BetRivers","NYL @ MIN",1042400304,"FPTS","First FGM","Player","Game","Home/Away","Favorite/Underdog",0.0871,1048,0.0769,1200,0.0102,0.0055,0.5529,0.582,2024-10-18 12:26:20,1,"Leonie Fiebich","Loss",0.1843,-0.1843,0.194,-0.194,"FPTS_Leonie Fiebich_2024-10-18"
2024-10-18,"Draft Kings","NYL @ MIN",1042400304,"FPTS","First FGM","Player","Game","Home/Away","Favorite/Underdog",0.0871,1048,0.0769,1200,0.0102,0.0055,0.5529,0.582,2024-10-18 12:26:20,1,"Leonie Fiebich","Loss",0.1843,-0.1843,0.194,-0.194,"FPTS_Leonie Fiebich_2024-10-18"
2024-10-18,"Fanatics","NYL @ MIN",1042400304,"FPTS","First FGM","Player","Game","Home/Away","Favorite/Underdog",0.0871,1048,0.0769,1200,0.0102,0.0055,0.5529,0.582,2024-10-18 12:26:20,1,"Leonie Fiebich","Loss",0.1843,-0.1843,0.194,-0.194,"FPTS_Leonie Fiebich_2024-10-18"
2024-10-18,"FanDuel","NYL @ MIN",1042400304,"FPTS Exact","First Points","Player","Exact","Home/Away","Favorite/Underdog",0.0302,3212,0.0196,5000,0.0106,0.0054,0.5399,0.666543209876543,2024-10-18 12:26:20,1,"Courtney Williams_layup","Loss",0.5399,-0.5399,0.666543209876543,-0.666543209876543,"FPTS Exact_Courtney Williams_layup_2024-10-18"
2024-10-18,"FanDuel","NYL @ MIN",1042400304,"FPTS Team","First Points","Player","Team","Home/Away","Favorite/Underdog",0.1646,507,0.1429,600,0.0218,0.0127,1.2702,0.835657894736842,2024-10-18 12:26:20,1,"Alanna Smith","Loss",1.2702,-1.2702,0.835657894736842,-0.835657894736842,"FPTS Team_Alanna Smith_2024-10-18"
2024-10-18,"MGM","NYL @ MIN",1042400304,"FPTS Team","First FGM","Player","Team","Home/Away","Favorite/Underdog",0.1885,430,0.1538,550,0.0347,0.0205,2.0502,1.34881578947368,2024-10-18 12:56:20,2,"Alanna Smith","Loss",0.78,-0.78,0.513157894736838,-0.513157894736838,"FPTS Team_Alanna Smith_2024-10-18"
2024-10-18,"FanDuel","NYL @ MIN",1042400304,"FPTS Team","First Points","Player","Team","Home/Away","Favorite/Underdog",0.1683,494,0.1538,550,0.0144,0.0085,0.8515,0.560197368421053,2024-10-18 17:26:18,1,"Betnijah Laney-Hamilton","Win",0.8515,4.68325,0.560197368421053,3.08108552631579,"FPTS Team_Betnijah Laney-Hamilton_2024-10-18"
2024-10-18,"FanDuel","NYL @ MIN",1042400304,"FPTS Team","First Points","Player","Team","Home/Away","Favorite/Underdog",0.1683,494,0.1429,600,0.0254,0.0148,1.4816,0.974736842105263,2024-10-18 17:56:18,2,"Betnijah Laney-Hamilton","Win",0.6301,3.7806,0.41453947368421,2.48723684210526,"FPTS Team_Betnijah Laney-Hamilton_2024-10-18"
2024-10-18,"FanDuel","NYL @ MIN",1042400304,"FPTS Team","First Points","Player","Team","Home/Away","Favorite/Underdog",0.2947,239,0.2381,320,0.0566,0.0372,3.7158,2.44460526315789,2024-10-18 12:26:20,1,"Breanna Stewart","Loss",3.7158,-3.7158,2.44460526315789,-2.44460526315789,"FPTS Team_Breanna Stewart_2024-10-18"
2024-10-18,"FanDuel","NYL @ MIN",1042400304,"FPTS Team","First Points","Player","Team","Home/Away","Favorite/Underdog",0.1449,590,0.1176,750,0.0272,0.0154,1.5421,1.01453947368421,2024-10-18 15:26:20,7,"Leonie Fiebich","Loss",0.3767,-0.3767,0.24782894736842,-0.24782894736842,"FPTS Team_Leonie Fiebich_2024-10-18"
2024-10-18,"FanDuel","NYL @ MIN",1042400304,"FPTS Team","First Points","Player","Team","Home/Away","Favorite/Underdog",0.1449,590,0.125,700,0.0199,0.0113,1.1349,0.746644736842105,2024-10-18 12:26:20,1,"Leonie Fiebich","Loss",1.1349,-1.1349,0.746644736842105,-0.746644736842105,"FPTS Team_Leonie Fiebich_2024-10-18"
2024-10-18,"MGM","NYL @ MIN",1042400304,"FPTS Team","First FGM","Player","Team","Home/Away","Favorite/Underdog",0.1535,551,0.1333,650,0.0202,0.0117,1.1654,0.76671052631579,2024-10-18 12:56:20,2,"Leonie Fiebich","Loss",0.0305,-0.0305,0.020065789473685,-0.020065789473685,"FPTS Team_Leonie Fiebich_2024-10-18"
2024-10-18,"FanDuel","NYL @ MIN",1042400304,"FTTS","First Points","Team","Quarter","Home/Away","Favorite/Underdog",0.4314,132,0.4202,138,0.0112,0.0097,0.4841,0.353357664233577,2024-10-18 17:56:18,1,"1Q_MIN","Win",0.4841,0.668058,0.353357664233577,0.487633576642336,"FTTS_1Q_MIN_2024-10-18"
2024-10-18,"FanDuel","NYL @ MIN",1042400304,"FTTS","First Points","Team","Quarter","Home/Away","Favorite/Underdog",0.4314,132,0.4167,140,0.0147,0.0126,0.6312,0.460729927007299,2024-10-18 21:56:26,9,"1Q_MIN","Win",0.1471,0.20594,0.107372262773722,0.150321167883211,"FTTS_1Q_MIN_2024-10-18"
2024-10-20,"Draft Kings","MIN @ NYL",1042400305,"FPTS","First FGM","Player","Game","Home/Away","Favorite/Underdog",0.0812,1131,0.0588,1600,0.0224,0.0119,1.1892,1.25178947368421,2024-10-20 12:26:19,1,"Alanna Smith","Loss",1.1892,-1.1892,1.25178947368421,-1.25178947368421,"FPTS_Alanna Smith_2024-10-20"
2024-10-20,"Draft Kings","MIN @ NYL",1042400305,"FPTS","First FGM","Player","Game","Home/Away","Favorite/Underdog",0.0885,1030,0.0769,1200,0.0116,0.0063,0.6268,0.659789473684211,2024-10-20 12:26:19,1,"Leonie Fiebich","Loss",0.6268,-0.6268,0.659789473684211,-0.659789473684211,"FPTS_Leonie Fiebich_2024-10-20"
2024-10-20,"FanDuel","MIN @ NYL",1042400305,"FPTS Team","First Points","Player","Team","Home/Away","Favorite/Underdog",0.1666,500,0.1538,550,0.0127,0.0075,0.753,0.495394736842105,2024-10-20 12:26:19,1,"Alanna Smith","Loss",0.753,-0.753,0.495394736842105,-0.495394736842105,"FPTS Team_Alanna Smith_2024-10-20"
2024-10-20,"MGM","MIN @ NYL",1042400305,"FPTS Team","First FGM","Player","Team","Home/Away","Favorite/Underdog",0.19,426,0.1538,550,0.0361,0.0214,2.1351,1.40467105263158,2024-10-20 13:26:19,3,"Alanna Smith","Loss",1.3821,-1.3821,0.909276315789475,-0.909276315789475,"FPTS Team_Alanna Smith_2024-10-20"
2024-10-20,"FanDuel","MIN @ NYL",1042400305,"FPTS Team","First Points","Player","Team","Home/Away","Favorite/Underdog",0.2921,242,0.2703,270,0.0218,0.0149,1.4927,0.98203947368421,2024-10-20 12:26:19,1,"Breanna Stewart","Loss",1.4927,-1.4927,0.98203947368421,-0.98203947368421,"FPTS Team_Breanna Stewart_2024-10-20"
2024-10-20,"FanDuel","MIN @ NYL",1042400305,"FPTS Team","First Points","Player","Team","Home/Away","Favorite/Underdog",0.2921,242,0.2632,280,0.0289,0.0196,1.9609,1.29006578947368,2024-10-20 14:26:19,5,"Breanna Stewart","Loss",0.4682,-0.4682,0.30802631578947,-0.30802631578947,"FPTS Team_Breanna Stewart_2024-10-20"
2024-10-20,"MGM","MIN @ NYL",1042400305,"FPTS Team","First FGM","Player","Team","Home/Away","Favorite/Underdog",0.1546,547,0.1333,650,0.0212,0.0123,1.2251,0.805986842105263,2024-10-20 13:26:19,1,"Leonie Fiebich","Loss",1.2251,-1.2251,0.805986842105263,-0.805986842105263,"FPTS Team_Leonie Fiebich_2024-10-20"
2024-10-20,"FanDuel","MIN @ NYL",1042400305,"FPTS Team","First Points","Player","Team","Home/Away","Favorite/Underdog",0.145,590,0.1176,750,0.0274,0.0155,1.5508,1.02026315789474,2024-10-20 23:56:28,22,"Leonie Fiebich","Loss",0.3257,-0.3257,0.214276315789477,-0.214276315789477,"FPTS Team_Leonie Fiebich_2024-10-20"
2024-10-20,"FanDuel","MIN @ NYL",1042400305,"FTTS","First Points","Team","Quarter","Home/Away","Favorite/Underdog",0.4213,137,0.4098,144,0.0115,0.0097,0.4851,0.354087591240876,2024-10-20 12:56:19,1,"1Q_MIN","Win",0.4851,0.698544,0.354087591240876,0.509886131386861,"FTTS_1Q_MIN_2024-10-20"
2024-10-20,"FanDuel","MIN @ NYL",1042400305,"FTTS","First Points","Team","Quarter","Home/Away","Favorite/Underdog",0.4213,137,0.4065,146,0.0148,0.0125,0.6227,0.454525547445255,2024-10-20 23:26:18,17,"1Q_MIN","Win",0.1376,0.200896,0.100437956204379,0.146639416058393,"FTTS_1Q_MIN_2024-10-20"
