"game_date","game","quarter","team_abbreviation","quarter_team","run_timestamp_utc","site","prob","line","edge","kelly","units","prob_model","line_model","units_standardized"
2026-05-08,"CON @ NYL","1Q","NYL","1Q NYL",2026-05-08 15:46:44.98701,"fd",0.4902,104,-0.0291,-0.0286,-1.4284,0.4611,117,-0.927532467532467
2026-05-08,"WAS @ TOR","1Q","WAS","1Q WAS",2026-05-08 15:46:44.98701,"fd",0.5349,-115,-0.063,-0.0677,-3.3843,0.4719,112,-2.1975974025974
2026-05-08,"GSV @ SEA","1Q","SEA","1Q SEA",2026-05-08 15:46:44.98701,"fd",0.5968,-148,-0.0462,-0.0573,-2.8653,0.5506,-122,-1.86058441558442
2026-05-08,"CON @ NYL","1Q","CON","1Q CON",2026-05-08 15:46:44.98701,"fd",0.5745,-135,-0.0355,-0.0418,-2.0877,0.5389,-117,-1.35564935064935
2026-05-08,"GSV @ SEA","1Q","GSV","1Q GSV",2026-05-08 15:46:44.98701,"fd",0.4673,114,-0.0178,-0.0168,-0.8376,0.4494,122,-0.543896103896104
2026-05-08,"WAS @ TOR","1Q","TOR","1Q TOR",2026-05-08 15:46:44.98701,"fd",0.5305,-113,-0.0024,-0.0026,-0.1298,0.5281,-112,-0.0842857142857143
2026-05-08,"CON @ NYL","1Q","NYL","1Q NYL",2026-05-08 16:44:49.128413,"fd",0.4902,104,-0.0291,-0.0286,-1.4284,0.4611,117,-0.927532467532467
2026-05-08,"WAS @ TOR","1Q","WAS","1Q WAS",2026-05-08 16:44:49.128413,"fd",0.5349,-115,-0.063,-0.0677,-3.3843,0.4719,112,-2.1975974025974
2026-05-08,"GSV @ SEA","1Q","SEA","1Q SEA",2026-05-08 16:44:49.128413,"fd",0.5968,-148,-0.0462,-0.0573,-2.8653,0.5506,-122,-1.86058441558442
2026-05-08,"CON @ NYL","1Q","CON","1Q CON",2026-05-08 16:44:49.128413,"fd",0.5745,-135,-0.0355,-0.0418,-2.0877,0.5389,-117,-1.35564935064935
2026-05-08,"GSV @ SEA","1Q","GSV","1Q GSV",2026-05-08 16:44:49.128413,"fd",0.4673,114,-0.0178,-0.0168,-0.8376,0.4494,122,-0.543896103896104
2026-05-08,"WAS @ TOR","1Q","TOR","1Q TOR",2026-05-08 16:44:49.128413,"fd",0.5305,-113,-0.0024,-0.0026,-0.1298,0.5281,-112,-0.0842857142857143
2026-05-08,"CON @ NYL","1Q","NYL","1Q NYL",2026-05-08 17:36:57.152855,"fd",0.4902,104,-0.0291,-0.0286,-1.4284,0.4611,117,-0.927532467532467
2026-05-08,"WAS @ TOR","1Q","WAS","1Q WAS",2026-05-08 17:36:57.152855,"fd",0.5349,-115,-0.063,-0.0677,-3.3843,0.4719,112,-2.1975974025974
2026-05-08,"GSV @ SEA","1Q","SEA","1Q SEA",2026-05-08 17:36:57.152855,"fd",0.6032,-152,-0.0526,-0.0663,-3.3148,0.5506,-122,-2.15246753246753
2026-05-08,"CON @ NYL","1Q","CON","1Q CON",2026-05-08 17:36:57.152855,"fd",0.5745,-135,-0.0355,-0.0418,-2.0877,0.5389,-117,-1.35564935064935
2026-05-08,"GSV @ SEA","1Q","GSV","1Q GSV",2026-05-08 17:36:57.152855,"fd",0.463,116,-0.0135,-0.0126,-0.6295,0.4494,122,-0.408766233766234
2026-05-08,"WAS @ TOR","1Q","TOR","1Q TOR",2026-05-08 17:36:57.152855,"fd",0.5305,-113,-0.0024,-0.0026,-0.1298,0.5281,-112,-0.0842857142857143
2026-05-08,"CON @ NYL","1Q","NYL","1Q NYL",2026-05-08 18:06:15.278109,"fd",0.4902,104,-0.0291,-0.0286,-1.4284,0.4611,117,-0.927532467532467
2026-05-08,"WAS @ TOR","1Q","WAS","1Q WAS",2026-05-08 18:06:15.278109,"fd",0.5349,-115,-0.063,-0.0677,-3.3843,0.4719,112,-2.1975974025974
2026-05-08,"GSV @ SEA","1Q","SEA","1Q SEA",2026-05-08 18:06:15.278109,"fd",0.6032,-152,-0.0526,-0.0663,-3.3148,0.5506,-122,-2.15246753246753
2026-05-08,"CON @ NYL","1Q","CON","1Q CON",2026-05-08 18:06:15.278109,"fd",0.5745,-135,-0.0355,-0.0418,-2.0877,0.5389,-117,-1.35564935064935
2026-05-08,"GSV @ SEA","1Q","GSV","1Q GSV",2026-05-08 18:06:15.278109,"fd",0.463,116,-0.0135,-0.0126,-0.6295,0.4494,122,-0.408766233766234
2026-05-08,"WAS @ TOR","1Q","TOR","1Q TOR",2026-05-08 18:06:15.278109,"fd",0.5305,-113,-0.0024,-0.0026,-0.1298,0.5281,-112,-0.0842857142857143
2026-05-08,"CON @ NYL","1Q","NYL","1Q NYL",2026-05-08 18:34:32.373406,"fd",0.4902,104,-0.0291,-0.0286,-1.4284,0.4611,117,-0.927532467532467
2026-05-08,"WAS @ TOR","1Q","WAS","1Q WAS",2026-05-08 18:34:32.373406,"fd",0.5349,-115,-0.063,-0.0677,-3.3843,0.4719,112,-2.1975974025974
2026-05-08,"GSV @ SEA","1Q","SEA","1Q SEA",2026-05-08 18:34:32.373406,"fd",0.6032,-152,-0.0526,-0.0663,-3.3148,0.5506,-122,-2.15246753246753
2026-05-08,"CON @ NYL","1Q","CON","1Q CON",2026-05-08 18:34:32.373406,"fd",0.5745,-135,-0.0355,-0.0418,-2.0877,0.5389,-117,-1.35564935064935
2026-05-08,"GSV @ SEA","1Q","GSV","1Q GSV",2026-05-08 18:34:32.373406,"fd",0.463,116,-0.0135,-0.0126,-0.6295,0.4494,122,-0.408766233766234
2026-05-08,"WAS @ TOR","1Q","TOR","1Q TOR",2026-05-08 18:34:32.373406,"fd",0.5305,-113,-0.0024,-0.0026,-0.1298,0.5281,-112,-0.0842857142857143
2026-05-08,"CON @ NYL","1Q","NYL","1Q NYL",2026-05-08 19:05:35.159722,"fd",0.4902,104,-0.0291,-0.0286,-1.4284,0.4611,117,-0.927532467532467
2026-05-08,"WAS @ TOR","1Q","WAS","1Q WAS",2026-05-08 19:05:35.159722,"fd",0.5349,-115,-0.063,-0.0677,-3.3843,0.4719,112,-2.1975974025974
2026-05-08,"GSV @ SEA","1Q","SEA","1Q SEA",2026-05-08 19:05:35.159722,"fd",0.6032,-152,-0.0526,-0.0663,-3.3148,0.5506,-122,-2.15246753246753
2026-05-08,"CON @ NYL","1Q","CON","1Q CON",2026-05-08 19:05:35.159722,"fd",0.5745,-135,-0.0355,-0.0418,-2.0877,0.5389,-117,-1.35564935064935
2026-05-08,"GSV @ SEA","1Q","GSV","1Q GSV",2026-05-08 19:05:35.159722,"fd",0.463,116,-0.0135,-0.0126,-0.6295,0.4494,122,-0.408766233766234
2026-05-08,"WAS @ TOR","1Q","TOR","1Q TOR",2026-05-08 19:05:35.159722,"fd",0.5305,-113,-0.0024,-0.0026,-0.1298,0.5281,-112,-0.0842857142857143
2026-05-08,"CON @ NYL","1Q","NYL","1Q NYL",2026-05-08 19:35:21.134708,"fd",0.4854,106,-0.0244,-0.0237,-1.184,0.4611,117,-0.768831168831169
2026-05-08,"WAS @ TOR","1Q","WAS","1Q WAS",2026-05-08 19:35:21.134708,"fd",0.5327,-114,-0.0608,-0.065,-3.2523,0.4719,112,-2.11188311688312
2026-05-08,"GSV @ SEA","1Q","SEA","1Q SEA",2026-05-08 19:35:21.134708,"fd",0.6032,-152,-0.0526,-0.0663,-3.3148,0.5506,-122,-2.15246753246753
2026-05-08,"CON @ NYL","1Q","CON","1Q CON",2026-05-08 19:35:21.134708,"fd",0.5798,-138,-0.0409,-0.0487,-2.4335,0.5389,-117,-1.5801948051948
2026-05-08,"GSV @ SEA","1Q","GSV","1Q GSV",2026-05-08 19:35:21.134708,"fd",0.463,116,-0.0135,-0.0126,-0.6295,0.4494,122,-0.408766233766234
2026-05-08,"WAS @ TOR","1Q","TOR","1Q TOR",2026-05-08 19:35:21.134708,"fd",0.5327,-114,-0.0046,-0.005,-0.2477,0.5281,-112,-0.160844155844156
2026-05-08,"CON @ NYL","1Q","NYL","1Q NYL",2026-05-08 20:16:25.196903,"fd",0.4854,106,-0.0244,-0.0237,-1.184,0.4611,117,-0.768831168831169
2026-05-08,"WAS @ TOR","1Q","WAS","1Q WAS",2026-05-08 20:16:25.196903,"fd",0.5327,-114,-0.0608,-0.065,-3.2523,0.4719,112,-2.11188311688312
2026-05-08,"GSV @ SEA","1Q","SEA","1Q SEA",2026-05-08 20:16:25.196903,"fd",0.6032,-152,-0.0526,-0.0663,-3.3148,0.5506,-122,-2.15246753246753
2026-05-08,"CON @ NYL","1Q","CON","1Q CON",2026-05-08 20:16:25.196903,"fd",0.5798,-138,-0.0409,-0.0487,-2.4335,0.5389,-117,-1.5801948051948
2026-05-08,"GSV @ SEA","1Q","GSV","1Q GSV",2026-05-08 20:16:25.196903,"fd",0.463,116,-0.0135,-0.0126,-0.6295,0.4494,122,-0.408766233766234
2026-05-08,"WAS @ TOR","1Q","TOR","1Q TOR",2026-05-08 20:16:25.196903,"fd",0.5327,-114,-0.0046,-0.005,-0.2477,0.5281,-112,-0.160844155844156
2026-05-08,"CON @ NYL","1Q","NYL","1Q NYL",2026-05-08 21:02:56.783661,"fd",0.4854,106,-0.0244,-0.0237,-1.184,0.4611,117,-0.768831168831169
2026-05-08,"WAS @ TOR","1Q","WAS","1Q WAS",2026-05-08 21:02:56.783661,"fd",0.5327,-114,-0.0608,-0.065,-3.2523,0.4719,112,-2.11188311688312
2026-05-08,"GSV @ SEA","1Q","SEA","1Q SEA",2026-05-08 21:02:56.783661,"fd",0.6032,-152,-0.0526,-0.0663,-3.3148,0.5506,-122,-2.15246753246753
2026-05-08,"CON @ NYL","1Q","CON","1Q CON",2026-05-08 21:02:56.783661,"fd",0.5798,-138,-0.0409,-0.0487,-2.4335,0.5389,-117,-1.5801948051948
2026-05-08,"GSV @ SEA","1Q","GSV","1Q GSV",2026-05-08 21:02:56.783661,"fd",0.463,116,-0.0135,-0.0126,-0.6295,0.4494,122,-0.408766233766234
2026-05-08,"WAS @ TOR","1Q","TOR","1Q TOR",2026-05-08 21:02:56.783661,"fd",0.5327,-114,-0.0046,-0.005,-0.2477,0.5281,-112,-0.160844155844156
2026-05-08,"CON @ NYL","1Q","NYL","1Q NYL",2026-05-08 21:51:30.53819,"fd",0.4854,106,-0.0244,-0.0237,-1.184,0.4611,117,-0.768831168831169
2026-05-08,"WAS @ TOR","1Q","WAS","1Q WAS",2026-05-08 21:51:30.53819,"fd",0.5327,-114,-0.0608,-0.065,-3.2523,0.4719,112,-2.11188311688312
2026-05-08,"GSV @ SEA","1Q","SEA","1Q SEA",2026-05-08 21:51:30.53819,"fd",0.6032,-152,-0.0526,-0.0663,-3.3148,0.5506,-122,-2.15246753246753
2026-05-08,"CON @ NYL","1Q","CON","1Q CON",2026-05-08 21:51:30.53819,"fd",0.5798,-138,-0.0409,-0.0487,-2.4335,0.5389,-117,-1.5801948051948
2026-05-08,"GSV @ SEA","1Q","GSV","1Q GSV",2026-05-08 21:51:30.53819,"fd",0.463,116,-0.0135,-0.0126,-0.6295,0.4494,122,-0.408766233766234
2026-05-08,"WAS @ TOR","1Q","TOR","1Q TOR",2026-05-08 21:51:30.53819,"fd",0.5327,-114,-0.0046,-0.005,-0.2477,0.5281,-112,-0.160844155844156
2026-05-08,"CON @ NYL","1Q","NYL","1Q NYL",2026-05-08 22:34:26.66875,"fd",0.4902,104,-0.0291,-0.0286,-1.4284,0.4611,117,-0.927532467532467
2026-05-08,"WAS @ TOR","1Q","WAS","1Q WAS",2026-05-08 22:34:26.66875,"fd",0.5238,-110,-0.0519,-0.0545,-2.7242,0.4719,112,-1.76896103896104
2026-05-08,"GSV @ SEA","1Q","SEA","1Q SEA",2026-05-08 22:34:26.66875,"fd",0.6032,-152,-0.0526,-0.0663,-3.3148,0.5506,-122,-2.15246753246753
2026-05-08,"CON @ NYL","1Q","CON","1Q CON",2026-05-08 22:34:26.66875,"fd",0.5745,-135,-0.0355,-0.0418,-2.0877,0.5389,-117,-1.35564935064935
2026-05-08,"GSV @ SEA","1Q","GSV","1Q GSV",2026-05-08 22:34:26.66875,"fd",0.463,116,-0.0135,-0.0126,-0.6295,0.4494,122,-0.408766233766234
2026-05-08,"WAS @ TOR","1Q","TOR","1Q TOR",2026-05-08 22:34:26.66875,"fd",0.5413,-118,-0.0132,-0.0144,-0.7197,0.5281,-112,-0.467337662337662
2026-05-08,"CON @ NYL","1Q","NYL","1Q NYL",2026-05-08 23:19:26.469548,"fd",0.4854,106,-0.0244,-0.0237,-1.184,0.4611,117,-0.768831168831169
2026-05-08,"WAS @ TOR","1Q","WAS","1Q WAS",2026-05-08 23:19:26.469548,"fd",0.5305,-113,-0.0586,-0.0624,-3.1202,0.4719,112,-2.0261038961039
2026-05-08,"GSV @ SEA","1Q","SEA","1Q SEA",2026-05-08 23:19:26.469548,"fd",0.6032,-152,-0.0526,-0.0663,-3.3148,0.5506,-122,-2.15246753246753
2026-05-08,"CON @ NYL","1Q","CON","1Q CON",2026-05-08 23:19:26.469548,"fd",0.5798,-138,-0.0409,-0.0487,-2.4335,0.5389,-117,-1.5801948051948
2026-05-08,"GSV @ SEA","1Q","GSV","1Q GSV",2026-05-08 23:19:26.469548,"fd",0.463,116,-0.0135,-0.0126,-0.6295,0.4494,122,-0.408766233766234
2026-05-08,"WAS @ TOR","1Q","TOR","1Q TOR",2026-05-08 23:19:26.469548,"fd",0.5349,-115,-0.0068,-0.0073,-0.3657,0.5281,-112,-0.237467532467532
2026-05-09,"PHX @ LVA","1Q","PHX","1Q PHX",2026-05-09 16:00:27.188344,"fd",0.5238,-110,0.0135,0.0142,0.7077,0.5373,-116,0.459545454545455
2026-05-09,"DAL @ IND","1Q","DAL","1Q DAL",2026-05-09 16:00:27.188344,"fd",0.463,116,0.0049,0.0046,0.2293,0.4679,114,0.148896103896104
2026-05-09,"ATL @ MIN","1Q","MIN","1Q MIN",2026-05-09 16:00:27.188344,"fd",0.4902,104,-0.0083,-0.0081,-0.4073,0.4819,108,-0.264480519480519
2026-05-09,"CHI @ PDX","1Q","PDX","1Q PDX",2026-05-09 16:00:27.188344,"fd",0.4237,136,0.026,0.0226,1.1279,0.4497,122,0.732402597402597
2026-05-09,"PHX @ LVA","1Q","LVA","1Q LVA",2026-05-09 16:00:27.188344,"fd",0.5413,-118,-0.0786,-0.0856,-4.2823,0.4627,116,-2.78071428571429
2026-05-09,"DAL @ IND","1Q","IND","1Q IND",2026-05-09 16:00:27.188344,"fd",0.6032,-152,-0.0711,-0.0895,-4.477,0.5321,-114,-2.90714285714286
2026-05-09,"CHI @ PDX","1Q","CHI","1Q CHI",2026-05-09 16:00:27.188344,"fd",0.6403,-178,-0.09,-0.1251,-6.2562,0.5503,-122,-4.06246753246753
2026-05-09,"ATL @ MIN","1Q","ATL","1Q ATL",2026-05-09 16:00:27.188344,"fd",0.5745,-135,-0.0564,-0.0662,-3.311,0.5181,-108,-2.15
2026-05-09,"PHX @ LVA","1Q","PHX","1Q PHX",2026-05-09 16:45:50.396268,"fd",0.5238,-110,0.0135,0.0142,0.7077,0.5373,-116,0.459545454545455
2026-05-09,"DAL @ IND","1Q","DAL","1Q DAL",2026-05-09 16:45:50.396268,"fd",0.463,116,0.0049,0.0046,0.2293,0.4679,114,0.148896103896104
2026-05-09,"ATL @ MIN","1Q","MIN","1Q MIN",2026-05-09 16:45:50.396268,"fd",0.495,102,-0.0132,-0.013,-0.6515,0.4819,108,-0.423051948051948
2026-05-09,"CHI @ PDX","1Q","PDX","1Q PDX",2026-05-09 16:45:50.396268,"fd",0.4237,136,0.026,0.0226,1.1279,0.4497,122,0.732402597402597
2026-05-09,"PHX @ LVA","1Q","LVA","1Q LVA",2026-05-09 16:45:50.396268,"fd",0.5413,-118,-0.0786,-0.0856,-4.2823,0.4627,116,-2.78071428571429
2026-05-09,"DAL @ IND","1Q","IND","1Q IND",2026-05-09 16:45:50.396268,"fd",0.6032,-152,-0.0711,-0.0895,-4.477,0.5321,-114,-2.90714285714286
2026-05-09,"CHI @ PDX","1Q","CHI","1Q CHI",2026-05-09 16:45:50.396268,"fd",0.6403,-178,-0.09,-0.1251,-6.2562,0.5503,-122,-4.06246753246753
2026-05-09,"ATL @ MIN","1Q","ATL","1Q ATL",2026-05-09 16:45:50.396268,"fd",0.569,-132,-0.0509,-0.059,-2.9496,0.5181,-108,-1.91532467532468
2026-05-09,"PHX @ LVA","1Q","PHX","1Q PHX",2026-05-09 17:28:24.686746,"fd",0.5238,-110,0.0135,0.0142,0.7077,0.5373,-116,0.459545454545455
2026-05-09,"ATL @ MIN","1Q","MIN","1Q MIN",2026-05-09 17:28:24.686746,"fd",0.495,102,-0.0132,-0.013,-0.6515,0.4819,108,-0.423051948051948
2026-05-09,"CHI @ PDX","1Q","PDX","1Q PDX",2026-05-09 17:28:24.686746,"fd",0.4237,136,0.026,0.0226,1.1279,0.4497,122,0.732402597402597
2026-05-09,"PHX @ LVA","1Q","LVA","1Q LVA",2026-05-09 17:28:24.686746,"fd",0.5413,-118,-0.0786,-0.0856,-4.2823,0.4627,116,-2.78071428571429
2026-05-09,"CHI @ PDX","1Q","CHI","1Q CHI",2026-05-09 17:28:24.686746,"fd",0.6403,-178,-0.09,-0.1251,-6.2562,0.5503,-122,-4.06246753246753
2026-05-09,"ATL @ MIN","1Q","ATL","1Q ATL",2026-05-09 17:28:24.686746,"fd",0.569,-132,-0.0509,-0.059,-2.9496,0.5181,-108,-1.91532467532468
2026-05-09,"PHX @ LVA","1Q","PHX","1Q PHX",2026-05-09 18:24:11.632819,"fd",0.5238,-110,0.0135,0.0142,0.7077,0.5373,-116,0.459545454545455
2026-05-09,"ATL @ MIN","1Q","MIN","1Q MIN",2026-05-09 18:24:11.632819,"fd",0.4902,104,-0.0083,-0.0081,-0.4073,0.4819,108,-0.264480519480519
2026-05-09,"CHI @ PDX","1Q","PDX","1Q PDX",2026-05-09 18:24:11.632819,"fd",0.4237,136,0.026,0.0226,1.1279,0.4497,122,0.732402597402597
2026-05-09,"PHX @ LVA","1Q","LVA","1Q LVA",2026-05-09 18:24:11.632819,"fd",0.5413,-118,-0.0786,-0.0856,-4.2823,0.4627,116,-2.78071428571429
2026-05-09,"CHI @ PDX","1Q","CHI","1Q CHI",2026-05-09 18:24:11.632819,"fd",0.6403,-178,-0.09,-0.1251,-6.2562,0.5503,-122,-4.06246753246753
2026-05-09,"ATL @ MIN","1Q","ATL","1Q ATL",2026-05-09 18:24:11.632819,"fd",0.5745,-135,-0.0564,-0.0662,-3.311,0.5181,-108,-2.15
2026-05-09,"PHX @ LVA","1Q","PHX","1Q PHX",2026-05-09 19:20:48.122816,"fd",0.5238,-110,0.0135,0.0142,0.7077,0.5373,-116,0.459545454545455
2026-05-09,"ATL @ MIN","1Q","MIN","1Q MIN",2026-05-09 19:20:48.122816,"fd",0.4902,104,-0.0083,-0.0081,-0.4073,0.4819,108,-0.264480519480519
2026-05-09,"CHI @ PDX","1Q","PDX","1Q PDX",2026-05-09 19:20:48.122816,"fd",0.4237,136,0.026,0.0226,1.1279,0.4497,122,0.732402597402597
2026-05-09,"PHX @ LVA","1Q","LVA","1Q LVA",2026-05-09 19:20:48.122816,"fd",0.5413,-118,-0.0786,-0.0856,-4.2823,0.4627,116,-2.78071428571429
2026-05-09,"CHI @ PDX","1Q","CHI","1Q CHI",2026-05-09 19:20:48.122816,"fd",0.6403,-178,-0.09,-0.1251,-6.2562,0.5503,-122,-4.06246753246753
2026-05-09,"ATL @ MIN","1Q","ATL","1Q ATL",2026-05-09 19:20:48.122816,"fd",0.5745,-135,-0.0564,-0.0662,-3.311,0.5181,-108,-2.15
2026-05-09,"PHX @ LVA","1Q","PHX","1Q PHX",2026-05-09 19:53:53.13484,"fd",0.5238,-110,0.0135,0.0142,0.7077,0.5373,-116,0.459545454545455
2026-05-09,"ATL @ MIN","1Q","MIN","1Q MIN",2026-05-09 19:53:53.13484,"fd",0.4902,104,-0.0083,-0.0081,-0.4073,0.4819,108,-0.264480519480519
2026-05-09,"CHI @ PDX","1Q","PDX","1Q PDX",2026-05-09 19:53:53.13484,"fd",0.4237,136,0.026,0.0226,1.1279,0.4497,122,0.732402597402597
2026-05-09,"PHX @ LVA","1Q","LVA","1Q LVA",2026-05-09 19:53:53.13484,"fd",0.5413,-118,-0.0786,-0.0856,-4.2823,0.4627,116,-2.78071428571429
2026-05-09,"CHI @ PDX","1Q","CHI","1Q CHI",2026-05-09 19:53:53.13484,"fd",0.6403,-178,-0.09,-0.1251,-6.2562,0.5503,-122,-4.06246753246753
2026-05-09,"ATL @ MIN","1Q","ATL","1Q ATL",2026-05-09 19:53:53.13484,"fd",0.5745,-135,-0.0564,-0.0662,-3.311,0.5181,-108,-2.15
2026-05-09,"ATL @ MIN","1Q","MIN","1Q MIN",2026-05-09 20:50:36.49996,"fd",0.4902,104,-0.0083,-0.0081,-0.4073,0.4819,108,-0.264480519480519
2026-05-09,"CHI @ PDX","1Q","PDX","1Q PDX",2026-05-09 20:50:36.49996,"fd",0.4237,136,0.026,0.0226,1.1279,0.4497,122,0.732402597402597
2026-05-09,"CHI @ PDX","1Q","CHI","1Q CHI",2026-05-09 20:50:36.49996,"fd",0.6403,-178,-0.09,-0.1251,-6.2562,0.5503,-122,-4.06246753246753
2026-05-09,"ATL @ MIN","1Q","ATL","1Q ATL",2026-05-09 20:50:36.49996,"fd",0.5745,-135,-0.0564,-0.0662,-3.311,0.5181,-108,-2.15
2026-05-09,"ATL @ MIN","1Q","MIN","1Q MIN",2026-05-09 21:28:36.59201,"fd",0.4902,104,-0.0083,-0.0081,-0.4073,0.4819,108,-0.264480519480519
2026-05-09,"CHI @ PDX","1Q","PDX","1Q PDX",2026-05-09 21:28:36.59201,"fd",0.4237,136,0.026,0.0226,1.1279,0.4497,122,0.732402597402597
2026-05-09,"CHI @ PDX","1Q","CHI","1Q CHI",2026-05-09 21:28:36.59201,"fd",0.6403,-178,-0.09,-0.1251,-6.2562,0.5503,-122,-4.06246753246753
2026-05-09,"ATL @ MIN","1Q","ATL","1Q ATL",2026-05-09 21:28:36.59201,"fd",0.5745,-135,-0.0564,-0.0662,-3.311,0.5181,-108,-2.15
2026-05-09,"ATL @ MIN","1Q","MIN","1Q MIN",2026-05-09 21:56:32.271392,"fd",0.4902,104,-0.0083,-0.0081,-0.4073,0.4819,108,-0.264480519480519
2026-05-09,"CHI @ PDX","1Q","PDX","1Q PDX",2026-05-09 21:56:32.271392,"fd",0.4237,136,0.026,0.0226,1.1279,0.4497,122,0.732402597402597
2026-05-09,"CHI @ PDX","1Q","CHI","1Q CHI",2026-05-09 21:56:32.271392,"fd",0.6403,-178,-0.09,-0.1251,-6.2562,0.5503,-122,-4.06246753246753
2026-05-09,"ATL @ MIN","1Q","ATL","1Q ATL",2026-05-09 21:56:32.271392,"fd",0.5745,-135,-0.0564,-0.0662,-3.311,0.5181,-108,-2.15
2026-05-09,"ATL @ MIN","1Q","MIN","1Q MIN",2026-05-09 22:26:30.99509,"fd",0.4854,106,-0.0039,-0.0038,-0.1883,0.4816,108,-0.122272727272727
2026-05-09,"CHI @ PDX","1Q","PDX","1Q PDX",2026-05-09 22:26:30.99509,"fd",0.4237,136,0.026,0.0226,1.1279,0.4497,122,0.732402597402597
2026-05-09,"CHI @ PDX","1Q","CHI","1Q CHI",2026-05-09 22:26:30.99509,"fd",0.6403,-178,-0.09,-0.1251,-6.2562,0.5503,-122,-4.06246753246753
2026-05-09,"ATL @ MIN","1Q","ATL","1Q ATL",2026-05-09 22:26:30.99509,"fd",0.5798,-138,-0.0614,-0.0731,-3.6529,0.5184,-108,-2.37201298701299
2026-05-09,"ATL @ MIN","1Q","MIN","1Q MIN",2026-05-09 22:56:31.807807,"fd",0.4854,106,-0.0039,-0.0038,-0.1883,0.4816,108,-0.122272727272727
2026-05-09,"CHI @ PDX","1Q","PDX","1Q PDX",2026-05-09 22:56:31.807807,"fd",0.4237,136,0.026,0.0226,1.1279,0.4497,122,0.732402597402597
2026-05-09,"CHI @ PDX","1Q","CHI","1Q CHI",2026-05-09 22:56:31.807807,"fd",0.6403,-178,-0.09,-0.1251,-6.2562,0.5503,-122,-4.06246753246753
2026-05-09,"ATL @ MIN","1Q","ATL","1Q ATL",2026-05-09 22:56:31.807807,"fd",0.5798,-138,-0.0614,-0.0731,-3.6529,0.5184,-108,-2.37201298701299
2026-05-09,"ATL @ MIN","1Q","MIN","1Q MIN",2026-05-09 23:26:30.754232,"fd",0.4808,108,8e-04,8e-04,0.0382,0.4816,108,0.0248051948051948
2026-05-09,"CHI @ PDX","1Q","PDX","1Q PDX",2026-05-09 23:26:30.754232,"fd",0.4237,136,0.026,0.0226,1.1279,0.4497,122,0.732402597402597
2026-05-09,"CHI @ PDX","1Q","CHI","1Q CHI",2026-05-09 23:26:30.754232,"fd",0.6403,-178,-0.09,-0.1251,-6.2562,0.5503,-122,-4.06246753246753
2026-05-09,"ATL @ MIN","1Q","ATL","1Q ATL",2026-05-09 23:26:30.754232,"fd",0.5833,-140,-0.0649,-0.0779,-3.8937,0.5184,-108,-2.52837662337662
2026-05-09,"ATL @ MIN","1Q","MIN","1Q MIN",2026-05-09 23:56:31.651489,"fd",0.4854,106,-0.0039,-0.0038,-0.1883,0.4816,108,-0.122272727272727
2026-05-09,"CHI @ PDX","1Q","PDX","1Q PDX",2026-05-09 23:56:31.651489,"fd",0.4237,136,0.026,0.0226,1.1279,0.4497,122,0.732402597402597
2026-05-09,"CHI @ PDX","1Q","CHI","1Q CHI",2026-05-09 23:56:31.651489,"fd",0.6403,-178,-0.09,-0.1251,-6.2562,0.5503,-122,-4.06246753246753
2026-05-09,"ATL @ MIN","1Q","ATL","1Q ATL",2026-05-09 23:56:31.651489,"fd",0.5798,-138,-0.0614,-0.0731,-3.6529,0.5184,-108,-2.37201298701299
2026-05-09,"CHI @ PDX","1Q","PDX","1Q PDX",2026-05-10 00:26:32.111946,"fd",0.4274,134,0.0224,0.0195,0.977,0.4497,122,0.634415584415584
2026-05-09,"CHI @ PDX","1Q","CHI","1Q CHI",2026-05-10 00:26:32.111946,"fd",0.6377,-176,-0.0874,-0.1206,-6.0313,0.5503,-122,-3.91642857142857
2026-05-09,"CHI @ PDX","1Q","PDX","1Q PDX",2026-05-10 00:56:30.831879,"fd",0.431,132,0.0187,0.0164,0.8214,0.4497,122,0.533376623376623
2026-05-09,"CHI @ PDX","1Q","CHI","1Q CHI",2026-05-10 00:56:30.831879,"fd",0.635,-174,-0.0848,-0.1161,-5.8064,0.5503,-122,-3.77038961038961
2026-05-10,"NYL @ WAS","1Q","NYL","1Q NYL",2026-05-10 15:27:08.859208,"fd",0.6032,-152,-0.064,-0.0806,-4.0312,0.5392,-117,-2.61766233766234
2026-05-10,"PHX @ GSV","1Q","PHX","1Q PHX",2026-05-10 15:27:08.859208,"fd",0.5652,-130,0.0016,0.0018,0.0924,0.5668,-131,0.06
2026-05-10,"LVA @ LAS","1Q","LVA","1Q LVA",2026-05-10 15:27:08.859208,"fd",0.5305,-113,-0.0231,-0.0246,-1.2308,0.5074,-103,-0.799220779220779
2026-05-10,"SEA @ CON","1Q","CON","1Q CON",2026-05-10 15:27:08.859208,"fd",0.6154,-160,-0.0996,-0.1294,-6.4708,0.5158,-107,-4.20181818181818
2026-05-10,"LVA @ LAS","1Q","LAS","1Q LAS",2026-05-10 15:27:08.859208,"fd",0.5349,-115,-0.0423,-0.0455,-2.2729,0.4926,103,-1.47590909090909
2026-05-10,"NYL @ WAS","1Q","WAS","1Q WAS",2026-05-10 15:27:08.859208,"fd",0.463,116,-0.0021,-0.002,-0.1001,0.4608,117,-0.065
2026-05-10,"SEA @ CON","1Q","SEA","1Q SEA",2026-05-10 15:27:08.859208,"fd",0.4505,122,0.0337,0.0307,1.5338,0.4842,107,0.995974025974026
2026-05-10,"PHX @ GSV","1Q","GSV","1Q GSV",2026-05-10 15:27:08.859208,"fd",0.5,100,-0.0668,-0.0668,-3.3413,0.4332,131,-2.16967532467532
2026-05-10,"NYL @ WAS","1Q","NYL","1Q NYL",2026-05-10 18:29:02.435266,"fd",0.6094,-156,-0.0629,-0.0805,-4.0233,0.5465,-121,-2.61253246753247
2026-05-10,"PHX @ GSV","1Q","PHX","1Q PHX",2026-05-10 18:29:02.435266,"fd",0.5652,-130,0.0165,0.0189,0.946,0.5817,-139,0.614285714285714
2026-05-10,"LVA @ LAS","1Q","LVA","1Q LVA",2026-05-10 18:29:02.435266,"fd",0.5238,-110,-0.0173,-0.0182,-0.9092,0.5065,-103,-0.59038961038961
2026-05-10,"LVA @ LAS","1Q","LAS","1Q LAS",2026-05-10 18:29:02.435266,"fd",0.5413,-118,-0.0478,-0.0521,-2.6038,0.4935,103,-1.69077922077922
2026-05-10,"NYL @ WAS","1Q","WAS","1Q WAS",2026-05-10 18:29:02.435266,"fd",0.4545,120,-0.0011,-0.001,-0.0484,0.4535,121,-0.0314285714285714
2026-05-10,"PHX @ GSV","1Q","GSV","1Q GSV",2026-05-10 18:29:02.435266,"fd",0.5,100,-0.0817,-0.0817,-4.0835,0.4183,139,-2.65162337662338
2026-05-10,"PHX @ GSV","1Q","PHX","1Q PHX",2026-05-10 22:35:50.619736,"fd",0.5614,-128,-0.0206,-0.0234,-1.1724,0.5408,-118,-0.761298701298701
2026-05-10,"PHX @ GSV","1Q","GSV","1Q GSV",2026-05-10 22:35:50.619736,"fd",0.505,-102,-0.0458,-0.0462,-2.3122,0.4592,118,-1.50142857142857
2026-05-10,"PHX @ GSV","1Q","PHX","1Q PHX",2026-05-10 22:55:56.842647,"fd",0.5614,-128,-0.0206,-0.0234,-1.1724,0.5408,-118,-0.761298701298701
2026-05-10,"PHX @ GSV","1Q","GSV","1Q GSV",2026-05-10 22:55:56.842647,"fd",0.505,-102,-0.0458,-0.0462,-2.3122,0.4592,118,-1.50142857142857
2026-05-10,"PHX @ GSV","1Q","PHX","1Q PHX",2026-05-10 23:16:15.014803,"fd",0.5614,-128,-0.0206,-0.0234,-1.1724,0.5408,-118,-0.761298701298701
2026-05-10,"PHX @ GSV","1Q","GSV","1Q GSV",2026-05-10 23:16:15.014803,"fd",0.505,-102,-0.0458,-0.0462,-2.3122,0.4592,118,-1.50142857142857
2026-05-10,"PHX @ GSV","1Q","PHX","1Q PHX",2026-05-10 23:51:38.717656,"fd",0.5614,-128,-0.0206,-0.0234,-1.1724,0.5408,-118,-0.761298701298701
2026-05-10,"PHX @ GSV","1Q","GSV","1Q GSV",2026-05-10 23:51:38.717656,"fd",0.505,-102,-0.0458,-0.0462,-2.3122,0.4592,118,-1.50142857142857
2026-05-10,"PHX @ GSV","1Q","PHX","1Q PHX",2026-05-11 00:22:26.86093,"fd",0.5614,-128,-0.0206,-0.0234,-1.1724,0.5408,-118,-0.761298701298701
2026-05-10,"PHX @ GSV","1Q","GSV","1Q GSV",2026-05-11 00:22:26.86093,"fd",0.505,-102,-0.0458,-0.0462,-2.3122,0.4592,118,-1.50142857142857
2026-05-12,"NYL @ PDX","1Q","NYL","1Q NYL",2026-05-12 12:27:57.174768,"fd",0.6528,-188,-0.1062,-0.1529,-7.6448,0.5466,-121,-4.96415584415584
2026-05-12,"MIN @ PHX","1Q","PHX","1Q PHX",2026-05-12 12:27:57.174768,"fd",0.5968,-148,-0.0459,-0.0569,-2.8474,0.5508,-123,-1.84896103896104
2026-05-12,"ATL @ DAL","1Q","DAL","1Q DAL",2026-05-12 12:27:57.174768,"fd",0.5192,-108,-0.0457,-0.0475,-2.3771,0.4735,111,-1.54357142857143
2026-05-12,"MIN @ PHX","1Q","MIN","1Q MIN",2026-05-12 12:27:57.174768,"fd",0.4673,114,-0.0181,-0.017,-0.8512,0.4492,123,-0.552727272727273
2026-05-12,"NYL @ PDX","1Q","PDX","1Q PDX",2026-05-12 12:27:57.174768,"fd",0.4132,142,0.0402,0.0342,1.7117,0.4534,121,1.11149350649351
2026-05-12,"ATL @ DAL","1Q","ATL","1Q ATL",2026-05-12 12:27:57.174768,"fd",0.5455,-120,-0.019,-0.0209,-1.0434,0.5265,-111,-0.677532467532468
2026-05-12,"NYL @ PDX","1Q","NYL","1Q NYL",2026-05-12 13:19:15.869018,"fd",0.6552,-190,-0.1086,-0.1574,-7.8711,0.5466,-121,-5.1111038961039
2026-05-12,"MIN @ PHX","1Q","PHX","1Q PHX",2026-05-12 13:19:15.869018,"fd",0.5968,-148,-0.0459,-0.0569,-2.8474,0.5508,-123,-1.84896103896104
2026-05-12,"ATL @ DAL","1Q","DAL","1Q DAL",2026-05-12 13:19:15.869018,"fd",0.5192,-108,-0.0457,-0.0475,-2.3771,0.4735,111,-1.54357142857143
2026-05-12,"MIN @ PHX","1Q","MIN","1Q MIN",2026-05-12 13:19:15.869018,"fd",0.4673,114,-0.0181,-0.017,-0.8512,0.4492,123,-0.552727272727273
2026-05-12,"NYL @ PDX","1Q","PDX","1Q PDX",2026-05-12 13:19:15.869018,"fd",0.4098,144,0.0436,0.0369,1.8452,0.4534,121,1.19818181818182
2026-05-12,"ATL @ DAL","1Q","ATL","1Q ATL",2026-05-12 13:19:15.869018,"fd",0.5455,-120,-0.019,-0.0209,-1.0434,0.5265,-111,-0.677532467532468
2026-05-12,"NYL @ PDX","1Q","NYL","1Q NYL",2026-05-12 13:49:36.090686,"fd",0.6622,-196,-0.1156,-0.171,-8.5512,0.5466,-121,-5.55272727272727
2026-05-12,"MIN @ PHX","1Q","PHX","1Q PHX",2026-05-12 13:49:36.090686,"fd",0.5968,-148,-0.0459,-0.0569,-2.8471,0.5509,-123,-1.84876623376623
2026-05-12,"ATL @ DAL","1Q","DAL","1Q DAL",2026-05-12 13:49:36.090686,"fd",0.5192,-108,-0.0457,-0.0475,-2.3771,0.4735,111,-1.54357142857143
2026-05-12,"MIN @ PHX","1Q","MIN","1Q MIN",2026-05-12 13:49:36.090686,"fd",0.4673,114,-0.0181,-0.017,-0.8515,0.4491,123,-0.552922077922078
2026-05-12,"NYL @ PDX","1Q","PDX","1Q PDX",2026-05-12 13:49:36.090686,"fd",0.4032,148,0.0502,0.042,2.1016,0.4534,121,1.36467532467532
2026-05-12,"ATL @ DAL","1Q","ATL","1Q ATL",2026-05-12 13:49:36.090686,"fd",0.5455,-120,-0.019,-0.0209,-1.0434,0.5265,-111,-0.677532467532468
2026-05-12,"NYL @ PDX","1Q","NYL","1Q NYL",2026-05-12 14:18:54.660078,"fd",0.6622,-196,-0.1156,-0.171,-8.5516,0.5466,-121,-5.55298701298701
2026-05-12,"MIN @ PHX","1Q","PHX","1Q PHX",2026-05-12 14:18:54.660078,"fd",0.5968,-148,-0.0459,-0.0569,-2.8471,0.5509,-123,-1.84876623376623
2026-05-12,"ATL @ DAL","1Q","DAL","1Q DAL",2026-05-12 14:18:54.660078,"fd",0.5238,-110,-0.0503,-0.0528,-2.6404,0.4735,111,-1.71454545454545
2026-05-12,"MIN @ PHX","1Q","MIN","1Q MIN",2026-05-12 14:18:54.660078,"fd",0.4673,114,-0.0181,-0.017,-0.8515,0.4491,123,-0.552922077922078
2026-05-12,"NYL @ PDX","1Q","PDX","1Q PDX",2026-05-12 14:18:54.660078,"fd",0.4032,148,0.0502,0.042,2.1019,0.4534,121,1.36487012987013
2026-05-12,"ATL @ DAL","1Q","ATL","1Q ATL",2026-05-12 14:18:54.660078,"fd",0.5455,-120,-0.019,-0.0209,-1.0434,0.5265,-111,-0.677532467532468
2026-05-12,"NYL @ PDX","1Q","NYL","1Q NYL",2026-05-12 14:49:11.713347,"fd",0.6622,-196,-0.1156,-0.171,-8.5516,0.5466,-121,-5.55298701298701
2026-05-12,"MIN @ PHX","1Q","PHX","1Q PHX",2026-05-12 14:49:11.713347,"fd",0.5968,-148,-0.0459,-0.0569,-2.8471,0.5509,-123,-1.84876623376623
2026-05-12,"ATL @ DAL","1Q","DAL","1Q DAL",2026-05-12 14:49:11.713347,"fd",0.5192,-108,-0.0457,-0.0475,-2.3771,0.4735,111,-1.54357142857143
2026-05-12,"MIN @ PHX","1Q","MIN","1Q MIN",2026-05-12 14:49:11.713347,"fd",0.4673,114,-0.0181,-0.017,-0.8515,0.4491,123,-0.552922077922078
2026-05-12,"NYL @ PDX","1Q","PDX","1Q PDX",2026-05-12 14:49:11.713347,"fd",0.4032,148,0.0502,0.042,2.1019,0.4534,121,1.36487012987013
2026-05-12,"ATL @ DAL","1Q","ATL","1Q ATL",2026-05-12 14:49:11.713347,"fd",0.5455,-120,-0.019,-0.0209,-1.0434,0.5265,-111,-0.677532467532468
2026-05-12,"NYL @ PDX","1Q","NYL","1Q NYL",2026-05-12 15:19:27.866632,"fd",0.6622,-196,-0.1156,-0.171,-8.5516,0.5466,-121,-5.55298701298701
2026-05-12,"MIN @ PHX","1Q","PHX","1Q PHX",2026-05-12 15:19:27.866632,"fd",0.5968,-148,-0.0459,-0.0569,-2.8471,0.5509,-123,-1.84876623376623
2026-05-12,"ATL @ DAL","1Q","DAL","1Q DAL",2026-05-12 15:19:27.866632,"fd",0.5192,-108,-0.0457,-0.0475,-2.3771,0.4735,111,-1.54357142857143
2026-05-12,"MIN @ PHX","1Q","MIN","1Q MIN",2026-05-12 15:19:27.866632,"fd",0.4673,114,-0.0181,-0.017,-0.8515,0.4491,123,-0.552922077922078
2026-05-12,"NYL @ PDX","1Q","PDX","1Q PDX",2026-05-12 15:19:27.866632,"fd",0.4032,148,0.0502,0.042,2.1019,0.4534,121,1.36487012987013
2026-05-12,"ATL @ DAL","1Q","ATL","1Q ATL",2026-05-12 15:19:27.866632,"fd",0.5455,-120,-0.019,-0.0209,-1.0434,0.5265,-111,-0.677532467532468
2026-05-12,"NYL @ PDX","1Q","NYL","1Q NYL",2026-05-12 15:48:45.419228,"fd",0.6622,-196,-0.1156,-0.171,-8.5516,0.5466,-121,-5.55298701298701
2026-05-12,"MIN @ PHX","1Q","PHX","1Q PHX",2026-05-12 15:48:45.419228,"fd",0.5968,-148,-0.0459,-0.0569,-2.8471,0.5509,-123,-1.84876623376623
2026-05-12,"ATL @ DAL","1Q","DAL","1Q DAL",2026-05-12 15:48:45.419228,"fd",0.5238,-110,-0.0503,-0.0528,-2.6404,0.4735,111,-1.71454545454545
2026-05-12,"MIN @ PHX","1Q","MIN","1Q MIN",2026-05-12 15:48:45.419228,"fd",0.4673,114,-0.0181,-0.017,-0.8515,0.4491,123,-0.552922077922078
2026-05-12,"NYL @ PDX","1Q","PDX","1Q PDX",2026-05-12 15:48:45.419228,"fd",0.4032,148,0.0502,0.042,2.1019,0.4534,121,1.36487012987013
2026-05-12,"ATL @ DAL","1Q","ATL","1Q ATL",2026-05-12 15:48:45.419228,"fd",0.5455,-120,-0.019,-0.0209,-1.0434,0.5265,-111,-0.677532467532468
2026-05-12,"NYL @ PDX","1Q","NYL","1Q NYL",2026-05-12 16:19:00.587629,"fd",0.6622,-196,-0.1156,-0.171,-8.5516,0.5466,-121,-5.55298701298701
2026-05-12,"MIN @ PHX","1Q","PHX","1Q PHX",2026-05-12 16:19:00.587629,"fd",0.5968,-148,-0.0459,-0.0569,-2.8471,0.5509,-123,-1.84876623376623
2026-05-12,"ATL @ DAL","1Q","DAL","1Q DAL",2026-05-12 16:19:00.587629,"fd",0.5238,-110,-0.0503,-0.0528,-2.6404,0.4735,111,-1.71454545454545
2026-05-12,"MIN @ PHX","1Q","MIN","1Q MIN",2026-05-12 16:19:00.587629,"fd",0.4673,114,-0.0181,-0.017,-0.8515,0.4491,123,-0.552922077922078
2026-05-12,"NYL @ PDX","1Q","PDX","1Q PDX",2026-05-12 16:19:00.587629,"fd",0.4032,148,0.0502,0.042,2.1019,0.4534,121,1.36487012987013
2026-05-12,"ATL @ DAL","1Q","ATL","1Q ATL",2026-05-12 16:19:00.587629,"fd",0.5455,-120,-0.019,-0.0209,-1.0434,0.5265,-111,-0.677532467532468
2026-05-12,"NYL @ PDX","1Q","NYL","1Q NYL",2026-05-12 16:49:15.059664,"fd",0.6622,-196,-0.1156,-0.171,-8.5516,0.5466,-121,-5.55298701298701
2026-05-12,"MIN @ PHX","1Q","PHX","1Q PHX",2026-05-12 16:49:15.059664,"fd",0.5968,-148,-0.0459,-0.0569,-2.8471,0.5509,-123,-1.84876623376623
2026-05-12,"ATL @ DAL","1Q","DAL","1Q DAL",2026-05-12 16:49:15.059664,"fd",0.5192,-108,-0.0457,-0.0475,-2.3771,0.4735,111,-1.54357142857143
2026-05-12,"MIN @ PHX","1Q","MIN","1Q MIN",2026-05-12 16:49:15.059664,"fd",0.4673,114,-0.0181,-0.017,-0.8515,0.4491,123,-0.552922077922078
2026-05-12,"NYL @ PDX","1Q","PDX","1Q PDX",2026-05-12 16:49:15.059664,"fd",0.4032,148,0.0502,0.042,2.1019,0.4534,121,1.36487012987013
2026-05-12,"ATL @ DAL","1Q","ATL","1Q ATL",2026-05-12 16:49:15.059664,"fd",0.5455,-120,-0.019,-0.0209,-1.0434,0.5265,-111,-0.677532467532468
2026-05-12,"NYL @ PDX","1Q","NYL","1Q NYL",2026-05-12 17:19:35.609947,"fd",0.6622,-196,-0.1156,-0.171,-8.5516,0.5466,-121,-5.55298701298701
2026-05-12,"MIN @ PHX","1Q","PHX","1Q PHX",2026-05-12 17:19:35.609947,"fd",0.5968,-148,-0.0459,-0.0569,-2.8471,0.5509,-123,-1.84876623376623
2026-05-12,"ATL @ DAL","1Q","DAL","1Q DAL",2026-05-12 17:19:35.609947,"fd",0.5192,-108,-0.0457,-0.0475,-2.3771,0.4735,111,-1.54357142857143
2026-05-12,"MIN @ PHX","1Q","MIN","1Q MIN",2026-05-12 17:19:35.609947,"fd",0.4673,114,-0.0181,-0.017,-0.8515,0.4491,123,-0.552922077922078
2026-05-12,"NYL @ PDX","1Q","PDX","1Q PDX",2026-05-12 17:19:35.609947,"fd",0.4032,148,0.0502,0.042,2.1019,0.4534,121,1.36487012987013
2026-05-12,"ATL @ DAL","1Q","ATL","1Q ATL",2026-05-12 17:19:35.609947,"fd",0.5455,-120,-0.019,-0.0209,-1.0434,0.5265,-111,-0.677532467532468
2026-05-12,"NYL @ PDX","1Q","NYL","1Q NYL",2026-05-12 17:48:51.335906,"fd",0.6622,-196,-0.1156,-0.171,-8.5516,0.5466,-121,-5.55298701298701
2026-05-12,"MIN @ PHX","1Q","PHX","1Q PHX",2026-05-12 17:48:51.335906,"fd",0.5968,-148,-0.0459,-0.0569,-2.8471,0.5509,-123,-1.84876623376623
2026-05-12,"ATL @ DAL","1Q","DAL","1Q DAL",2026-05-12 17:48:51.335906,"fd",0.5238,-110,-0.0503,-0.0528,-2.6404,0.4735,111,-1.71454545454545
2026-05-12,"MIN @ PHX","1Q","MIN","1Q MIN",2026-05-12 17:48:51.335906,"fd",0.4673,114,-0.0181,-0.017,-0.8515,0.4491,123,-0.552922077922078
2026-05-12,"NYL @ PDX","1Q","PDX","1Q PDX",2026-05-12 17:48:51.335906,"fd",0.4032,148,0.0502,0.042,2.1019,0.4534,121,1.36487012987013
2026-05-12,"ATL @ DAL","1Q","ATL","1Q ATL",2026-05-12 17:48:51.335906,"fd",0.5413,-118,-0.0148,-0.0161,-0.8067,0.5265,-111,-0.523831168831169
2026-05-12,"NYL @ PDX","1Q","NYL","1Q NYL",2026-05-12 18:19:05.996302,"fd",0.6622,-196,-0.1156,-0.171,-8.5516,0.5466,-121,-5.55298701298701
2026-05-12,"MIN @ PHX","1Q","PHX","1Q PHX",2026-05-12 18:19:05.996302,"fd",0.5968,-148,-0.0459,-0.0569,-2.8471,0.5509,-123,-1.84876623376623
2026-05-12,"ATL @ DAL","1Q","DAL","1Q DAL",2026-05-12 18:19:05.996302,"fd",0.5238,-110,-0.0503,-0.0528,-2.6401,0.4735,111,-1.71435064935065
2026-05-12,"MIN @ PHX","1Q","MIN","1Q MIN",2026-05-12 18:19:05.996302,"fd",0.4673,114,-0.0181,-0.017,-0.8515,0.4491,123,-0.552922077922078
2026-05-12,"NYL @ PDX","1Q","PDX","1Q PDX",2026-05-12 18:19:05.996302,"fd",0.4032,148,0.0502,0.042,2.1019,0.4534,121,1.36487012987013
2026-05-12,"ATL @ DAL","1Q","ATL","1Q ATL",2026-05-12 18:19:05.996302,"fd",0.5413,-118,-0.0148,-0.0161,-0.807,0.5265,-111,-0.524025974025974
2026-05-12,"NYL @ PDX","1Q","NYL","1Q NYL",2026-05-12 18:49:21.117402,"fd",0.6622,-196,-0.1156,-0.171,-8.5516,0.5466,-121,-5.55298701298701
2026-05-12,"MIN @ PHX","1Q","PHX","1Q PHX",2026-05-12 18:49:21.117402,"fd",0.5968,-148,-0.0459,-0.0569,-2.8471,0.5509,-123,-1.84876623376623
2026-05-12,"ATL @ DAL","1Q","DAL","1Q DAL",2026-05-12 18:49:21.117402,"fd",0.5238,-110,-0.0503,-0.0528,-2.6401,0.4735,111,-1.71435064935065
2026-05-12,"MIN @ PHX","1Q","MIN","1Q MIN",2026-05-12 18:49:21.117402,"fd",0.4673,114,-0.0181,-0.017,-0.8515,0.4491,123,-0.552922077922078
2026-05-12,"NYL @ PDX","1Q","PDX","1Q PDX",2026-05-12 18:49:21.117402,"fd",0.4032,148,0.0502,0.042,2.1019,0.4534,121,1.36487012987013
2026-05-12,"ATL @ DAL","1Q","ATL","1Q ATL",2026-05-12 18:49:21.117402,"fd",0.5413,-118,-0.0148,-0.0161,-0.807,0.5265,-111,-0.524025974025974
2026-05-12,"NYL @ PDX","1Q","NYL","1Q NYL",2026-05-12 19:18:36.688435,"fd",0.6622,-196,-0.1156,-0.171,-8.5516,0.5466,-121,-5.55298701298701
2026-05-12,"MIN @ PHX","1Q","PHX","1Q PHX",2026-05-12 19:18:36.688435,"fd",0.5968,-148,-0.0459,-0.0569,-2.8471,0.5509,-123,-1.84876623376623
2026-05-12,"ATL @ DAL","1Q","DAL","1Q DAL",2026-05-12 19:18:36.688435,"fd",0.5238,-110,-0.0503,-0.0528,-2.6401,0.4735,111,-1.71435064935065
2026-05-12,"MIN @ PHX","1Q","MIN","1Q MIN",2026-05-12 19:18:36.688435,"fd",0.4673,114,-0.0181,-0.017,-0.8515,0.4491,123,-0.552922077922078
2026-05-12,"NYL @ PDX","1Q","PDX","1Q PDX",2026-05-12 19:18:36.688435,"fd",0.4032,148,0.0502,0.042,2.1019,0.4534,121,1.36487012987013
2026-05-12,"ATL @ DAL","1Q","ATL","1Q ATL",2026-05-12 19:18:36.688435,"fd",0.5413,-118,-0.0148,-0.0161,-0.807,0.5265,-111,-0.524025974025974
2026-05-12,"NYL @ PDX","1Q","NYL","1Q NYL",2026-05-12 19:48:52.030918,"fd",0.6622,-196,-0.1156,-0.171,-8.5516,0.5466,-121,-5.55298701298701
2026-05-12,"MIN @ PHX","1Q","PHX","1Q PHX",2026-05-12 19:48:52.030918,"fd",0.5968,-148,-0.0459,-0.0569,-2.8471,0.5509,-123,-1.84876623376623
2026-05-12,"ATL @ DAL","1Q","DAL","1Q DAL",2026-05-12 19:48:52.030918,"fd",0.5238,-110,-0.0503,-0.0528,-2.6401,0.4735,111,-1.71435064935065
2026-05-12,"MIN @ PHX","1Q","MIN","1Q MIN",2026-05-12 19:48:52.030918,"fd",0.4673,114,-0.0181,-0.017,-0.8515,0.4491,123,-0.552922077922078
2026-05-12,"NYL @ PDX","1Q","PDX","1Q PDX",2026-05-12 19:48:52.030918,"fd",0.4032,148,0.0502,0.042,2.1019,0.4534,121,1.36487012987013
2026-05-12,"ATL @ DAL","1Q","ATL","1Q ATL",2026-05-12 19:48:52.030918,"fd",0.5413,-118,-0.0148,-0.0161,-0.807,0.5265,-111,-0.524025974025974
2026-05-12,"NYL @ PDX","1Q","NYL","1Q NYL",2026-05-12 20:19:09.546635,"fd",0.6622,-196,-0.1156,-0.171,-8.5516,0.5466,-121,-5.55298701298701
2026-05-12,"MIN @ PHX","1Q","PHX","1Q PHX",2026-05-12 20:19:09.546635,"fd",0.5968,-148,-0.0459,-0.0569,-2.8471,0.5509,-123,-1.84876623376623
2026-05-12,"ATL @ DAL","1Q","DAL","1Q DAL",2026-05-12 20:19:09.546635,"fd",0.5238,-110,-0.0503,-0.0528,-2.6401,0.4735,111,-1.71435064935065
2026-05-12,"MIN @ PHX","1Q","MIN","1Q MIN",2026-05-12 20:19:09.546635,"fd",0.4673,114,-0.0181,-0.017,-0.8515,0.4491,123,-0.552922077922078
2026-05-12,"NYL @ PDX","1Q","PDX","1Q PDX",2026-05-12 20:19:09.546635,"fd",0.4032,148,0.0502,0.042,2.1019,0.4534,121,1.36487012987013
2026-05-12,"ATL @ DAL","1Q","ATL","1Q ATL",2026-05-12 20:19:09.546635,"fd",0.5413,-118,-0.0148,-0.0161,-0.807,0.5265,-111,-0.524025974025974
2026-05-12,"NYL @ PDX","1Q","NYL","1Q NYL",2026-05-12 20:49:26.042076,"fd",0.6622,-196,-0.1156,-0.171,-8.5516,0.5466,-121,-5.55298701298701
2026-05-12,"MIN @ PHX","1Q","PHX","1Q PHX",2026-05-12 20:49:26.042076,"fd",0.5968,-148,-0.0459,-0.0569,-2.8471,0.5509,-123,-1.84876623376623
2026-05-12,"ATL @ DAL","1Q","DAL","1Q DAL",2026-05-12 20:49:26.042076,"fd",0.5238,-110,-0.0503,-0.0528,-2.6401,0.4735,111,-1.71435064935065
2026-05-12,"MIN @ PHX","1Q","MIN","1Q MIN",2026-05-12 20:49:26.042076,"fd",0.4673,114,-0.0181,-0.017,-0.8515,0.4491,123,-0.552922077922078
2026-05-12,"NYL @ PDX","1Q","PDX","1Q PDX",2026-05-12 20:49:26.042076,"fd",0.4032,148,0.0502,0.042,2.1019,0.4534,121,1.36487012987013
2026-05-12,"ATL @ DAL","1Q","ATL","1Q ATL",2026-05-12 20:49:26.042076,"fd",0.5413,-118,-0.0148,-0.0161,-0.807,0.5265,-111,-0.524025974025974
2026-05-12,"NYL @ PDX","1Q","NYL","1Q NYL",2026-05-12 21:18:40.092905,"fd",0.6622,-196,-0.1156,-0.171,-8.5516,0.5466,-121,-5.55298701298701
2026-05-12,"MIN @ PHX","1Q","PHX","1Q PHX",2026-05-12 21:18:40.092905,"fd",0.6032,-152,-0.0523,-0.0659,-3.2962,0.5509,-123,-2.14038961038961
2026-05-12,"ATL @ DAL","1Q","DAL","1Q DAL",2026-05-12 21:18:40.092905,"fd",0.5238,-110,-0.0503,-0.0528,-2.6401,0.4735,111,-1.71435064935065
2026-05-12,"MIN @ PHX","1Q","MIN","1Q MIN",2026-05-12 21:18:40.092905,"fd",0.463,116,-0.0138,-0.0129,-0.6432,0.4491,123,-0.417662337662338
2026-05-12,"NYL @ PDX","1Q","PDX","1Q PDX",2026-05-12 21:18:40.092905,"fd",0.4032,148,0.0502,0.042,2.1019,0.4534,121,1.36487012987013
2026-05-12,"ATL @ DAL","1Q","ATL","1Q ATL",2026-05-12 21:18:40.092905,"fd",0.5413,-118,-0.0148,-0.0161,-0.807,0.5265,-111,-0.524025974025974
2026-05-12,"NYL @ PDX","1Q","NYL","1Q NYL",2026-05-12 21:48:56.472481,"fd",0.6622,-196,-0.1156,-0.171,-8.5516,0.5466,-121,-5.55298701298701
2026-05-12,"MIN @ PHX","1Q","PHX","1Q PHX",2026-05-12 21:48:56.472481,"fd",0.6032,-152,-0.0523,-0.0659,-3.2962,0.5509,-123,-2.14038961038961
2026-05-12,"ATL @ DAL","1Q","DAL","1Q DAL",2026-05-12 21:48:56.472481,"fd",0.5238,-110,-0.0503,-0.0528,-2.6401,0.4735,111,-1.71435064935065
2026-05-12,"MIN @ PHX","1Q","MIN","1Q MIN",2026-05-12 21:48:56.472481,"fd",0.463,116,-0.0138,-0.0129,-0.6432,0.4491,123,-0.417662337662338
2026-05-12,"NYL @ PDX","1Q","PDX","1Q PDX",2026-05-12 21:48:56.472481,"fd",0.4032,148,0.0502,0.042,2.1019,0.4534,121,1.36487012987013
2026-05-12,"ATL @ DAL","1Q","ATL","1Q ATL",2026-05-12 21:48:56.472481,"fd",0.5413,-118,-0.0148,-0.0161,-0.807,0.5265,-111,-0.524025974025974
2026-05-12,"NYL @ PDX","1Q","NYL","1Q NYL",2026-05-12 22:18:37.984713,"fd",0.6622,-196,-0.1156,-0.171,-8.5516,0.5466,-121,-5.55298701298701
2026-05-12,"MIN @ PHX","1Q","PHX","1Q PHX",2026-05-12 22:18:37.984713,"fd",0.6032,-152,-0.0523,-0.0659,-3.2962,0.5509,-123,-2.14038961038961
2026-05-12,"ATL @ DAL","1Q","DAL","1Q DAL",2026-05-12 22:18:37.984713,"fd",0.5238,-110,-0.0503,-0.0528,-2.6401,0.4735,111,-1.71435064935065
2026-05-12,"MIN @ PHX","1Q","MIN","1Q MIN",2026-05-12 22:18:37.984713,"fd",0.463,116,-0.0138,-0.0129,-0.6432,0.4491,123,-0.417662337662338
2026-05-12,"NYL @ PDX","1Q","PDX","1Q PDX",2026-05-12 22:18:37.984713,"fd",0.4032,148,0.0502,0.042,2.1019,0.4534,121,1.36487012987013
2026-05-12,"ATL @ DAL","1Q","ATL","1Q ATL",2026-05-12 22:18:37.984713,"fd",0.5413,-118,-0.0148,-0.0161,-0.807,0.5265,-111,-0.524025974025974
2026-05-12,"NYL @ PDX","1Q","NYL","1Q NYL",2026-05-12 22:48:54.559152,"fd",0.6622,-196,-0.1156,-0.171,-8.5516,0.5466,-121,-5.55298701298701
2026-05-12,"MIN @ PHX","1Q","PHX","1Q PHX",2026-05-12 22:48:54.559152,"fd",0.6032,-152,-0.0523,-0.0659,-3.2962,0.5509,-123,-2.14038961038961
2026-05-12,"ATL @ DAL","1Q","DAL","1Q DAL",2026-05-12 22:48:54.559152,"fd",0.5305,-113,-0.057,-0.0607,-3.035,0.4735,111,-1.97077922077922
2026-05-12,"MIN @ PHX","1Q","MIN","1Q MIN",2026-05-12 22:48:54.559152,"fd",0.463,116,-0.0138,-0.0129,-0.6432,0.4491,123,-0.417662337662338
2026-05-12,"NYL @ PDX","1Q","PDX","1Q PDX",2026-05-12 22:48:54.559152,"fd",0.4032,148,0.0502,0.042,2.1019,0.4534,121,1.36487012987013
2026-05-12,"ATL @ DAL","1Q","ATL","1Q ATL",2026-05-12 22:48:54.559152,"fd",0.5349,-115,-0.0084,-0.009,-0.4518,0.5265,-111,-0.293376623376623
2026-05-12,"NYL @ PDX","1Q","NYL","1Q NYL",2026-05-12 23:19:07.947521,"fd",0.6622,-196,-0.1156,-0.171,-8.5516,0.5466,-121,-5.55298701298701
2026-05-12,"MIN @ PHX","1Q","PHX","1Q PHX",2026-05-12 23:19:07.947521,"fd",0.6032,-152,-0.0523,-0.0659,-3.2962,0.5509,-123,-2.14038961038961
2026-05-12,"ATL @ DAL","1Q","DAL","1Q DAL",2026-05-12 23:19:07.947521,"fd",0.5305,-113,-0.057,-0.0607,-3.035,0.4735,111,-1.97077922077922
2026-05-12,"MIN @ PHX","1Q","MIN","1Q MIN",2026-05-12 23:19:07.947521,"fd",0.463,116,-0.0138,-0.0129,-0.6432,0.4491,123,-0.417662337662338
2026-05-12,"NYL @ PDX","1Q","PDX","1Q PDX",2026-05-12 23:19:07.947521,"fd",0.4032,148,0.0502,0.042,2.1019,0.4534,121,1.36487012987013
2026-05-12,"ATL @ DAL","1Q","ATL","1Q ATL",2026-05-12 23:19:07.947521,"fd",0.5349,-115,-0.0084,-0.009,-0.4518,0.5265,-111,-0.293376623376623
2026-05-12,"NYL @ PDX","1Q","NYL","1Q NYL",2026-05-12 23:49:22.671711,"fd",0.6622,-196,-0.1156,-0.171,-8.552,0.5466,-121,-5.55324675324675
2026-05-12,"MIN @ PHX","1Q","PHX","1Q PHX",2026-05-12 23:49:22.671711,"fd",0.6032,-152,-0.0523,-0.0659,-3.2962,0.5509,-123,-2.14038961038961
2026-05-12,"ATL @ DAL","1Q","DAL","1Q DAL",2026-05-12 23:49:22.671711,"fd",0.5305,-113,-0.057,-0.0607,-3.035,0.4735,111,-1.97077922077922
2026-05-12,"MIN @ PHX","1Q","MIN","1Q MIN",2026-05-12 23:49:22.671711,"fd",0.463,116,-0.0138,-0.0129,-0.6432,0.4491,123,-0.417662337662338
2026-05-12,"NYL @ PDX","1Q","PDX","1Q PDX",2026-05-12 23:49:22.671711,"fd",0.4032,148,0.0502,0.042,2.1021,0.4534,121,1.365
2026-05-12,"ATL @ DAL","1Q","ATL","1Q ATL",2026-05-12 23:49:22.671711,"fd",0.5349,-115,-0.0084,-0.009,-0.4518,0.5265,-111,-0.293376623376623
2026-05-12,"NYL @ PDX","1Q","NYL","1Q NYL",2026-05-13 00:18:38.002281,"fd",0.6622,-196,-0.1156,-0.171,-8.552,0.5466,-121,-5.55324675324675
2026-05-12,"MIN @ PHX","1Q","PHX","1Q PHX",2026-05-13 00:18:38.002281,"fd",0.6032,-152,-0.0523,-0.0659,-3.2962,0.5509,-123,-2.14038961038961
2026-05-12,"MIN @ PHX","1Q","MIN","1Q MIN",2026-05-13 00:18:38.002281,"fd",0.463,116,-0.0138,-0.0129,-0.6432,0.4491,123,-0.417662337662338
2026-05-12,"NYL @ PDX","1Q","PDX","1Q PDX",2026-05-13 00:18:38.002281,"fd",0.4032,148,0.0502,0.042,2.1021,0.4534,121,1.365
2026-05-12,"NYL @ PDX","1Q","NYL","1Q NYL",2026-05-13 00:48:52.677883,"fd",0.6575,-192,-0.1109,-0.162,-8.0982,0.5466,-121,-5.25857142857143
2026-05-12,"MIN @ PHX","1Q","PHX","1Q PHX",2026-05-13 00:48:52.677883,"fd",0.6032,-152,-0.0523,-0.0659,-3.2962,0.5509,-123,-2.14038961038961
2026-05-12,"MIN @ PHX","1Q","MIN","1Q MIN",2026-05-13 00:48:52.677883,"fd",0.463,116,-0.0138,-0.0129,-0.6432,0.4491,123,-0.417662337662338
2026-05-12,"NYL @ PDX","1Q","PDX","1Q PDX",2026-05-13 00:48:52.677883,"fd",0.4065,146,0.0469,0.0395,1.9754,0.4534,121,1.28272727272727
2026-05-12,"NYL @ PDX","1Q","NYL","1Q NYL",2026-05-13 01:19:08.283044,"fd",0.6454,-182,-0.0988,-0.1393,-6.9647,0.5466,-121,-4.52253246753247
2026-05-12,"MIN @ PHX","1Q","PHX","1Q PHX",2026-05-13 01:19:08.283044,"fd",0.6032,-152,-0.0523,-0.0659,-3.2959,0.5509,-123,-2.14019480519481
2026-05-12,"MIN @ PHX","1Q","MIN","1Q MIN",2026-05-13 01:19:08.283044,"fd",0.463,116,-0.0138,-0.0129,-0.6434,0.4491,123,-0.417792207792208
2026-05-12,"NYL @ PDX","1Q","PDX","1Q PDX",2026-05-13 01:19:08.283044,"fd",0.4202,138,0.0332,0.0287,1.4328,0.4534,121,0.93038961038961
2026-05-12,"NYL @ PDX","1Q","NYL","1Q NYL",2026-05-13 01:49:23.221211,"fd",0.6479,-184,-0.1013,-0.1438,-7.1914,0.5466,-121,-4.66974025974026
2026-05-12,"MIN @ PHX","1Q","PHX","1Q PHX",2026-05-13 01:49:23.221211,"fd",0.6032,-152,-0.0523,-0.0659,-3.2962,0.5509,-123,-2.14038961038961
2026-05-12,"MIN @ PHX","1Q","MIN","1Q MIN",2026-05-13 01:49:23.221211,"fd",0.463,116,-0.0138,-0.0129,-0.6432,0.4491,123,-0.417662337662338
2026-05-12,"NYL @ PDX","1Q","PDX","1Q PDX",2026-05-13 01:49:23.221211,"fd",0.4167,140,0.0367,0.0315,1.5743,0.4534,121,1.02227272727273
2026-05-13,"LVA @ CON","1Q","LVA","1Q LVA",2026-05-13 12:02:43.302412,"fd",0.4808,108,-0.0233,-0.0225,-1.1238,0.4574,119,-0.72974025974026
2026-05-13,"IND @ LAS","1Q","LAS","1Q LAS",2026-05-13 12:02:43.302412,"fd",0.4902,104,-0.0188,-0.0184,-0.9216,0.4714,112,-0.598441558441558
2026-05-13,"SEA @ TOR","1Q","SEA","1Q SEA",2026-05-13 12:02:43.302412,"fd",0.6094,-156,-0.0559,-0.0715,-3.5748,0.5535,-124,-2.3212987012987
2026-05-13,"CHI @ GSV","1Q","CHI","1Q CHI",2026-05-13 12:02:43.302412,"fd",0.5652,-130,-0.0379,-0.0436,-2.1819,0.5273,-112,-1.41681818181818
2026-05-13,"LVA @ CON","1Q","CON","1Q CON",2026-05-13 12:02:43.302412,"fd",0.5833,-140,-0.0408,-0.0489,-2.4457,0.5426,-119,-1.58811688311688
2026-05-13,"IND @ LAS","1Q","IND","1Q IND",2026-05-13 12:02:43.302412,"fd",0.5745,-135,-0.0459,-0.0539,-2.6949,0.5286,-112,-1.74993506493506
2026-05-13,"CHI @ GSV","1Q","GSV","1Q GSV",2026-05-13 12:02:43.302412,"fd",0.5,100,-0.0273,-0.0273,-1.3635,0.4727,112,-0.88538961038961
2026-05-13,"SEA @ TOR","1Q","TOR","1Q TOR",2026-05-13 12:02:43.302412,"fd",0.4545,120,-0.0081,-0.0074,-0.3696,0.4465,124,-0.24
2026-05-13,"LVA @ CON","1Q","LVA","1Q LVA",2026-05-13 12:22:03.893019,"fd",0.4854,106,-0.0273,-0.0266,-1.3279,0.4581,118,-0.862272727272727
2026-05-13,"IND @ LAS","1Q","LAS","1Q LAS",2026-05-13 12:22:03.893019,"fd",0.4902,104,-0.0188,-0.0184,-0.9216,0.4714,112,-0.598441558441558
2026-05-13,"SEA @ TOR","1Q","SEA","1Q SEA",2026-05-13 12:22:03.893019,"fd",0.6094,-156,-0.0559,-0.0715,-3.5748,0.5535,-124,-2.3212987012987
2026-05-13,"CHI @ GSV","1Q","CHI","1Q CHI",2026-05-13 12:22:03.893019,"fd",0.5652,-130,-0.0373,-0.0429,-2.1464,0.5279,-112,-1.39376623376623
2026-05-13,"LVA @ CON","1Q","CON","1Q CON",2026-05-13 12:22:03.893019,"fd",0.5798,-138,-0.0379,-0.0451,-2.2572,0.5419,-118,-1.46571428571429
2026-05-13,"IND @ LAS","1Q","IND","1Q IND",2026-05-13 12:22:03.893019,"fd",0.5745,-135,-0.0459,-0.0539,-2.6949,0.5286,-112,-1.74993506493506
2026-05-13,"CHI @ GSV","1Q","GSV","1Q GSV",2026-05-13 12:22:03.893019,"fd",0.5,100,-0.0279,-0.0279,-1.3945,0.4721,112,-0.905519480519481
2026-05-13,"SEA @ TOR","1Q","TOR","1Q TOR",2026-05-13 12:22:03.893019,"fd",0.4545,120,-0.0081,-0.0074,-0.3696,0.4465,124,-0.24
2026-05-13,"LVA @ CON","1Q","LVA","1Q LVA",2026-05-13 12:51:23.391659,"fd",0.4854,106,-0.0273,-0.0266,-1.3279,0.4581,118,-0.862272727272727
2026-05-13,"IND @ LAS","1Q","LAS","1Q LAS",2026-05-13 12:51:23.391659,"fd",0.4902,104,-0.0188,-0.0184,-0.9216,0.4714,112,-0.598441558441558
2026-05-13,"SEA @ TOR","1Q","SEA","1Q SEA",2026-05-13 12:51:23.391659,"fd",0.6094,-156,-0.0559,-0.0715,-3.5748,0.5535,-124,-2.3212987012987
2026-05-13,"CHI @ GSV","1Q","CHI","1Q CHI",2026-05-13 12:51:23.391659,"fd",0.5652,-130,-0.0373,-0.0429,-2.1464,0.5279,-112,-1.39376623376623
2026-05-13,"LVA @ CON","1Q","CON","1Q CON",2026-05-13 12:51:23.391659,"fd",0.5798,-138,-0.0379,-0.0451,-2.2572,0.5419,-118,-1.46571428571429
2026-05-13,"IND @ LAS","1Q","IND","1Q IND",2026-05-13 12:51:23.391659,"fd",0.5745,-135,-0.0459,-0.0539,-2.6949,0.5286,-112,-1.74993506493506
2026-05-13,"CHI @ GSV","1Q","GSV","1Q GSV",2026-05-13 12:51:23.391659,"fd",0.5,100,-0.0279,-0.0279,-1.3945,0.4721,112,-0.905519480519481
2026-05-13,"SEA @ TOR","1Q","TOR","1Q TOR",2026-05-13 12:51:23.391659,"fd",0.4545,120,-0.0081,-0.0074,-0.3696,0.4465,124,-0.24
2026-05-13,"LVA @ CON","1Q","LVA","1Q LVA",2026-05-13 13:21:22.918721,"fd",0.4808,108,-0.0227,-0.0218,-1.0912,0.4581,118,-0.708571428571429
2026-05-13,"IND @ LAS","1Q","LAS","1Q LAS",2026-05-13 13:21:22.918721,"fd",0.4902,104,-0.0188,-0.0184,-0.9216,0.4714,112,-0.598441558441558
2026-05-13,"SEA @ TOR","1Q","SEA","1Q SEA",2026-05-13 13:21:22.918721,"fd",0.6094,-156,-0.0559,-0.0715,-3.5748,0.5535,-124,-2.3212987012987
2026-05-13,"CHI @ GSV","1Q","CHI","1Q CHI",2026-05-13 13:21:22.918721,"fd",0.5614,-128,-0.0335,-0.0382,-1.9103,0.5279,-112,-1.24045454545455
2026-05-13,"LVA @ CON","1Q","CON","1Q CON",2026-05-13 13:21:22.918721,"fd",0.5833,-140,-0.0414,-0.0497,-2.4863,0.5419,-118,-1.61448051948052
2026-05-13,"IND @ LAS","1Q","IND","1Q IND",2026-05-13 13:21:22.918721,"fd",0.5745,-135,-0.0459,-0.0539,-2.6949,0.5286,-112,-1.74993506493506
2026-05-13,"CHI @ GSV","1Q","GSV","1Q GSV",2026-05-13 13:21:22.918721,"fd",0.505,-102,-0.0328,-0.0332,-1.6584,0.4721,112,-1.07688311688312
2026-05-13,"SEA @ TOR","1Q","TOR","1Q TOR",2026-05-13 13:21:22.918721,"fd",0.4545,120,-0.0081,-0.0074,-0.3696,0.4465,124,-0.24
2026-05-13,"LVA @ CON","1Q","LVA","1Q LVA",2026-05-13 13:51:23.86118,"fd",0.4808,108,-0.0227,-0.0218,-1.0912,0.4581,118,-0.708571428571429
2026-05-13,"IND @ LAS","1Q","LAS","1Q LAS",2026-05-13 13:51:23.86118,"fd",0.4902,104,-0.0188,-0.0184,-0.9216,0.4714,112,-0.598441558441558
2026-05-13,"SEA @ TOR","1Q","SEA","1Q SEA",2026-05-13 13:51:23.86118,"fd",0.6154,-160,-0.0619,-0.0804,-4.0213,0.5535,-124,-2.61123376623377
2026-05-13,"CHI @ GSV","1Q","CHI","1Q CHI",2026-05-13 13:51:23.86118,"fd",0.5614,-128,-0.0335,-0.0382,-1.9103,0.5279,-112,-1.24045454545455
2026-05-13,"LVA @ CON","1Q","CON","1Q CON",2026-05-13 13:51:23.86118,"fd",0.5833,-140,-0.0414,-0.0497,-2.4863,0.5419,-118,-1.61448051948052
2026-05-13,"IND @ LAS","1Q","IND","1Q IND",2026-05-13 13:51:23.86118,"fd",0.5745,-135,-0.0459,-0.0539,-2.6949,0.5286,-112,-1.74993506493506
2026-05-13,"CHI @ GSV","1Q","GSV","1Q GSV",2026-05-13 13:51:23.86118,"fd",0.505,-102,-0.0328,-0.0332,-1.6584,0.4721,112,-1.07688311688312
2026-05-13,"SEA @ TOR","1Q","TOR","1Q TOR",2026-05-13 13:51:23.86118,"fd",0.4505,122,-0.004,-0.0036,-0.1805,0.4465,124,-0.117207792207792
2026-05-13,"LVA @ CON","1Q","LVA","1Q LVA",2026-05-13 14:21:22.95918,"fd",0.4854,106,-0.0273,-0.0266,-1.3279,0.4581,118,-0.862272727272727
2026-05-13,"IND @ LAS","1Q","LAS","1Q LAS",2026-05-13 14:21:22.95918,"fd",0.4902,104,-0.0188,-0.0184,-0.9216,0.4714,112,-0.598441558441558
2026-05-13,"SEA @ TOR","1Q","SEA","1Q SEA",2026-05-13 14:21:22.95918,"fd",0.6154,-160,-0.0619,-0.0804,-4.0213,0.5535,-124,-2.61123376623377
2026-05-13,"CHI @ GSV","1Q","CHI","1Q CHI",2026-05-13 14:21:22.95918,"fd",0.5652,-130,-0.0373,-0.0429,-2.1464,0.5279,-112,-1.39376623376623
2026-05-13,"LVA @ CON","1Q","CON","1Q CON",2026-05-13 14:21:22.95918,"fd",0.5798,-138,-0.0379,-0.0451,-2.2572,0.5419,-118,-1.46571428571429
2026-05-13,"IND @ LAS","1Q","IND","1Q IND",2026-05-13 14:21:22.95918,"fd",0.5745,-135,-0.0459,-0.0539,-2.6949,0.5286,-112,-1.74993506493506
2026-05-13,"CHI @ GSV","1Q","GSV","1Q GSV",2026-05-13 14:21:22.95918,"fd",0.5,100,-0.0279,-0.0279,-1.3945,0.4721,112,-0.905519480519481
2026-05-13,"SEA @ TOR","1Q","TOR","1Q TOR",2026-05-13 14:21:22.95918,"fd",0.4505,122,-0.004,-0.0036,-0.1805,0.4465,124,-0.117207792207792
2026-05-13,"LVA @ CON","1Q","LVA","1Q LVA",2026-05-13 14:51:23.89217,"fd",0.4854,106,-0.0273,-0.0266,-1.3279,0.4581,118,-0.862272727272727
2026-05-13,"IND @ LAS","1Q","LAS","1Q LAS",2026-05-13 14:51:23.89217,"fd",0.4902,104,-0.0188,-0.0184,-0.9216,0.4714,112,-0.598441558441558
2026-05-13,"SEA @ TOR","1Q","SEA","1Q SEA",2026-05-13 14:51:23.89217,"fd",0.6154,-160,-0.0619,-0.0804,-4.0213,0.5535,-124,-2.61123376623377
2026-05-13,"CHI @ GSV","1Q","CHI","1Q CHI",2026-05-13 14:51:23.89217,"fd",0.5652,-130,-0.0373,-0.0429,-2.1464,0.5279,-112,-1.39376623376623
2026-05-13,"LVA @ CON","1Q","CON","1Q CON",2026-05-13 14:51:23.89217,"fd",0.5798,-138,-0.0379,-0.0451,-2.2572,0.5419,-118,-1.46571428571429
2026-05-13,"IND @ LAS","1Q","IND","1Q IND",2026-05-13 14:51:23.89217,"fd",0.5745,-135,-0.0459,-0.0539,-2.6949,0.5286,-112,-1.74993506493506
2026-05-13,"CHI @ GSV","1Q","GSV","1Q GSV",2026-05-13 14:51:23.89217,"fd",0.5,100,-0.0279,-0.0279,-1.3945,0.4721,112,-0.905519480519481
2026-05-13,"SEA @ TOR","1Q","TOR","1Q TOR",2026-05-13 14:51:23.89217,"fd",0.4505,122,-0.004,-0.0036,-0.1805,0.4465,124,-0.117207792207792
2026-05-13,"LVA @ CON","1Q","LVA","1Q LVA",2026-05-13 15:21:25.020379,"fd",0.4854,106,-0.0273,-0.0266,-1.3279,0.4581,118,-0.862272727272727
2026-05-13,"IND @ LAS","1Q","LAS","1Q LAS",2026-05-13 15:21:25.020379,"fd",0.4902,104,-0.0188,-0.0184,-0.9216,0.4714,112,-0.598441558441558
2026-05-13,"SEA @ TOR","1Q","SEA","1Q SEA",2026-05-13 15:21:25.020379,"fd",0.6154,-160,-0.0619,-0.0804,-4.0213,0.5535,-124,-2.61123376623377
2026-05-13,"CHI @ GSV","1Q","CHI","1Q CHI",2026-05-13 15:21:25.020379,"fd",0.5652,-130,-0.0373,-0.0429,-2.1464,0.5279,-112,-1.39376623376623
2026-05-13,"LVA @ CON","1Q","CON","1Q CON",2026-05-13 15:21:25.020379,"fd",0.5798,-138,-0.0379,-0.0451,-2.2572,0.5419,-118,-1.46571428571429
2026-05-13,"IND @ LAS","1Q","IND","1Q IND",2026-05-13 15:21:25.020379,"fd",0.5745,-135,-0.0459,-0.0539,-2.6949,0.5286,-112,-1.74993506493506
2026-05-13,"CHI @ GSV","1Q","GSV","1Q GSV",2026-05-13 15:21:25.020379,"fd",0.5,100,-0.0279,-0.0279,-1.3945,0.4721,112,-0.905519480519481
2026-05-13,"SEA @ TOR","1Q","TOR","1Q TOR",2026-05-13 15:21:25.020379,"fd",0.4505,122,-0.004,-0.0036,-0.1805,0.4465,124,-0.117207792207792
2026-05-13,"LVA @ CON","1Q","LVA","1Q LVA",2026-05-13 15:51:23.048339,"fd",0.4854,106,-0.0273,-0.0266,-1.3279,0.4581,118,-0.862272727272727
2026-05-13,"IND @ LAS","1Q","LAS","1Q LAS",2026-05-13 15:51:23.048339,"fd",0.4902,104,-0.0188,-0.0184,-0.9216,0.4714,112,-0.598441558441558
2026-05-13,"SEA @ TOR","1Q","SEA","1Q SEA",2026-05-13 15:51:23.048339,"fd",0.6154,-160,-0.0619,-0.0804,-4.0213,0.5535,-124,-2.61123376623377
2026-05-13,"CHI @ GSV","1Q","CHI","1Q CHI",2026-05-13 15:51:23.048339,"fd",0.5652,-130,-0.0373,-0.0429,-2.1464,0.5279,-112,-1.39376623376623
2026-05-13,"LVA @ CON","1Q","CON","1Q CON",2026-05-13 15:51:23.048339,"fd",0.5798,-138,-0.0379,-0.0451,-2.2572,0.5419,-118,-1.46571428571429
2026-05-13,"IND @ LAS","1Q","IND","1Q IND",2026-05-13 15:51:23.048339,"fd",0.5745,-135,-0.0459,-0.0539,-2.6949,0.5286,-112,-1.74993506493506
2026-05-13,"CHI @ GSV","1Q","GSV","1Q GSV",2026-05-13 15:51:23.048339,"fd",0.5,100,-0.0279,-0.0279,-1.3945,0.4721,112,-0.905519480519481
2026-05-13,"SEA @ TOR","1Q","TOR","1Q TOR",2026-05-13 15:51:23.048339,"fd",0.4505,122,-0.004,-0.0036,-0.1805,0.4465,124,-0.117207792207792
2026-05-13,"LVA @ CON","1Q","LVA","1Q LVA",2026-05-13 16:21:23.213271,"fd",0.4902,104,-0.0321,-0.0315,-1.5737,0.4581,118,-1.02188311688312
2026-05-13,"IND @ LAS","1Q","LAS","1Q LAS",2026-05-13 16:21:23.213271,"fd",0.4902,104,-0.0188,-0.0184,-0.9216,0.4714,112,-0.598441558441558
2026-05-13,"SEA @ TOR","1Q","SEA","1Q SEA",2026-05-13 16:21:23.213271,"fd",0.6154,-160,-0.0619,-0.0804,-4.0213,0.5535,-124,-2.61123376623377
2026-05-13,"CHI @ GSV","1Q","CHI","1Q CHI",2026-05-13 16:21:23.213271,"fd",0.5652,-130,-0.0373,-0.0429,-2.1464,0.5279,-112,-1.39376623376623
2026-05-13,"LVA @ CON","1Q","CON","1Q CON",2026-05-13 16:21:23.213271,"fd",0.5745,-135,-0.0326,-0.0383,-1.9137,0.5419,-118,-1.24266233766234
2026-05-13,"IND @ LAS","1Q","IND","1Q IND",2026-05-13 16:21:23.213271,"fd",0.5745,-135,-0.0459,-0.0539,-2.6949,0.5286,-112,-1.74993506493506
2026-05-13,"CHI @ GSV","1Q","GSV","1Q GSV",2026-05-13 16:21:23.213271,"fd",0.5,100,-0.0279,-0.0279,-1.3945,0.4721,112,-0.905519480519481
2026-05-13,"SEA @ TOR","1Q","TOR","1Q TOR",2026-05-13 16:21:23.213271,"fd",0.4505,122,-0.004,-0.0036,-0.1805,0.4465,124,-0.117207792207792
2026-05-13,"LVA @ CON","1Q","LVA","1Q LVA",2026-05-13 16:51:22.249728,"fd",0.4902,104,-0.0321,-0.0315,-1.5737,0.4581,118,-1.02188311688312
2026-05-13,"IND @ LAS","1Q","LAS","1Q LAS",2026-05-13 16:51:22.249728,"fd",0.4902,104,-0.0188,-0.0184,-0.9216,0.4714,112,-0.598441558441558
2026-05-13,"SEA @ TOR","1Q","SEA","1Q SEA",2026-05-13 16:51:22.249728,"fd",0.6154,-160,-0.0619,-0.0804,-4.0213,0.5535,-124,-2.61123376623377
2026-05-13,"CHI @ GSV","1Q","CHI","1Q CHI",2026-05-13 16:51:22.249728,"fd",0.5614,-128,-0.0335,-0.0382,-1.9103,0.5279,-112,-1.24045454545455
2026-05-13,"LVA @ CON","1Q","CON","1Q CON",2026-05-13 16:51:22.249728,"fd",0.5745,-135,-0.0326,-0.0383,-1.9137,0.5419,-118,-1.24266233766234
2026-05-13,"IND @ LAS","1Q","IND","1Q IND",2026-05-13 16:51:22.249728,"fd",0.5745,-135,-0.0459,-0.0539,-2.6949,0.5286,-112,-1.74993506493506
2026-05-13,"CHI @ GSV","1Q","GSV","1Q GSV",2026-05-13 16:51:22.249728,"fd",0.505,-102,-0.0328,-0.0332,-1.6584,0.4721,112,-1.07688311688312
2026-05-13,"SEA @ TOR","1Q","TOR","1Q TOR",2026-05-13 16:51:22.249728,"fd",0.4505,122,-0.004,-0.0036,-0.1805,0.4465,124,-0.117207792207792
2026-05-13,"LVA @ CON","1Q","LVA","1Q LVA",2026-05-13 17:21:23.046846,"fd",0.4902,104,-0.0321,-0.0315,-1.5737,0.4581,118,-1.02188311688312
2026-05-13,"IND @ LAS","1Q","LAS","1Q LAS",2026-05-13 17:21:23.046846,"fd",0.4902,104,-0.0188,-0.0184,-0.9216,0.4714,112,-0.598441558441558
2026-05-13,"SEA @ TOR","1Q","SEA","1Q SEA",2026-05-13 17:21:23.046846,"fd",0.6154,-160,-0.0619,-0.0804,-4.0213,0.5535,-124,-2.61123376623377
2026-05-13,"CHI @ GSV","1Q","CHI","1Q CHI",2026-05-13 17:21:23.046846,"fd",0.5556,-125,-0.0277,-0.0311,-1.5562,0.5279,-112,-1.01051948051948
2026-05-13,"LVA @ CON","1Q","CON","1Q CON",2026-05-13 17:21:23.046846,"fd",0.5745,-135,-0.0326,-0.0383,-1.9137,0.5419,-118,-1.24266233766234
2026-05-13,"IND @ LAS","1Q","IND","1Q IND",2026-05-13 17:21:23.046846,"fd",0.5745,-135,-0.0459,-0.0539,-2.6949,0.5286,-112,-1.74993506493506
2026-05-13,"CHI @ GSV","1Q","GSV","1Q GSV",2026-05-13 17:21:23.046846,"fd",0.5098,-104,-0.0377,-0.0384,-1.9224,0.4721,112,-1.24831168831169
2026-05-13,"SEA @ TOR","1Q","TOR","1Q TOR",2026-05-13 17:21:23.046846,"fd",0.4505,122,-0.004,-0.0036,-0.1805,0.4465,124,-0.117207792207792
2026-05-13,"LVA @ CON","1Q","LVA","1Q LVA",2026-05-13 17:51:22.99335,"fd",0.4902,104,-0.0321,-0.0315,-1.5737,0.4581,118,-1.02188311688312
2026-05-13,"IND @ LAS","1Q","LAS","1Q LAS",2026-05-13 17:51:22.99335,"fd",0.4902,104,-0.0188,-0.0184,-0.9216,0.4714,112,-0.598441558441558
2026-05-13,"SEA @ TOR","1Q","SEA","1Q SEA",2026-05-13 17:51:22.99335,"fd",0.6154,-160,-0.0619,-0.0804,-4.0213,0.5535,-124,-2.61123376623377
2026-05-13,"CHI @ GSV","1Q","CHI","1Q CHI",2026-05-13 17:51:22.99335,"fd",0.5614,-128,-0.0335,-0.0382,-1.9103,0.5279,-112,-1.24045454545455
2026-05-13,"LVA @ CON","1Q","CON","1Q CON",2026-05-13 17:51:22.99335,"fd",0.5745,-135,-0.0326,-0.0383,-1.9137,0.5419,-118,-1.24266233766234
2026-05-13,"IND @ LAS","1Q","IND","1Q IND",2026-05-13 17:51:22.99335,"fd",0.5745,-135,-0.0459,-0.0539,-2.6949,0.5286,-112,-1.74993506493506
2026-05-13,"CHI @ GSV","1Q","GSV","1Q GSV",2026-05-13 17:51:22.99335,"fd",0.505,-102,-0.0328,-0.0332,-1.6584,0.4721,112,-1.07688311688312
2026-05-13,"SEA @ TOR","1Q","TOR","1Q TOR",2026-05-13 17:51:22.99335,"fd",0.4505,122,-0.004,-0.0036,-0.1805,0.4465,124,-0.117207792207792
2026-05-13,"LVA @ CON","1Q","LVA","1Q LVA",2026-05-13 18:21:23.262557,"fd",0.4854,106,-0.0273,-0.0266,-1.3279,0.4581,118,-0.862272727272727
2026-05-13,"IND @ LAS","1Q","LAS","1Q LAS",2026-05-13 18:21:23.262557,"fd",0.4902,104,-0.0188,-0.0184,-0.9216,0.4714,112,-0.598441558441558
2026-05-13,"SEA @ TOR","1Q","SEA","1Q SEA",2026-05-13 18:21:23.262557,"fd",0.6154,-160,-0.0619,-0.0804,-4.0213,0.5535,-124,-2.61123376623377
2026-05-13,"CHI @ GSV","1Q","CHI","1Q CHI",2026-05-13 18:21:23.262557,"fd",0.5614,-128,-0.0335,-0.0382,-1.9103,0.5279,-112,-1.24045454545455
2026-05-13,"LVA @ CON","1Q","CON","1Q CON",2026-05-13 18:21:23.262557,"fd",0.5798,-138,-0.0379,-0.0451,-2.2572,0.5419,-118,-1.46571428571429
2026-05-13,"IND @ LAS","1Q","IND","1Q IND",2026-05-13 18:21:23.262557,"fd",0.5745,-135,-0.0459,-0.0539,-2.6949,0.5286,-112,-1.74993506493506
2026-05-13,"CHI @ GSV","1Q","GSV","1Q GSV",2026-05-13 18:21:23.262557,"fd",0.505,-102,-0.0328,-0.0332,-1.6584,0.4721,112,-1.07688311688312
2026-05-13,"SEA @ TOR","1Q","TOR","1Q TOR",2026-05-13 18:21:23.262557,"fd",0.4505,122,-0.004,-0.0036,-0.1805,0.4465,124,-0.117207792207792
2026-05-13,"LVA @ CON","1Q","LVA","1Q LVA",2026-05-13 18:51:23.310309,"fd",0.4902,104,-0.0321,-0.0315,-1.5737,0.4581,118,-1.02188311688312
2026-05-13,"IND @ LAS","1Q","LAS","1Q LAS",2026-05-13 18:51:23.310309,"fd",0.4902,104,-0.0188,-0.0184,-0.9216,0.4714,112,-0.598441558441558
2026-05-13,"SEA @ TOR","1Q","SEA","1Q SEA",2026-05-13 18:51:23.310309,"fd",0.6154,-160,-0.0619,-0.0804,-4.0213,0.5535,-124,-2.61123376623377
2026-05-13,"CHI @ GSV","1Q","CHI","1Q CHI",2026-05-13 18:51:23.310309,"fd",0.5614,-128,-0.0335,-0.0382,-1.9103,0.5279,-112,-1.24045454545455
2026-05-13,"LVA @ CON","1Q","CON","1Q CON",2026-05-13 18:51:23.310309,"fd",0.5798,-138,-0.0379,-0.0451,-2.2572,0.5419,-118,-1.46571428571429
2026-05-13,"IND @ LAS","1Q","IND","1Q IND",2026-05-13 18:51:23.310309,"fd",0.5745,-135,-0.0459,-0.0539,-2.6949,0.5286,-112,-1.74993506493506
2026-05-13,"CHI @ GSV","1Q","GSV","1Q GSV",2026-05-13 18:51:23.310309,"fd",0.505,-102,-0.0328,-0.0332,-1.6584,0.4721,112,-1.07688311688312
2026-05-13,"SEA @ TOR","1Q","TOR","1Q TOR",2026-05-13 18:51:23.310309,"fd",0.4505,122,-0.004,-0.0036,-0.1805,0.4465,124,-0.117207792207792
2026-05-13,"LVA @ CON","1Q","LVA","1Q LVA",2026-05-13 19:21:24.14043,"fd",0.4902,104,-0.0321,-0.0315,-1.5737,0.4581,118,-1.02188311688312
2026-05-13,"IND @ LAS","1Q","LAS","1Q LAS",2026-05-13 19:21:24.14043,"fd",0.4902,104,-0.0188,-0.0184,-0.9216,0.4714,112,-0.598441558441558
2026-05-13,"SEA @ TOR","1Q","SEA","1Q SEA",2026-05-13 19:21:24.14043,"fd",0.6212,-164,-0.0677,-0.0894,-4.4678,0.5535,-124,-2.90116883116883
2026-05-13,"CHI @ GSV","1Q","CHI","1Q CHI",2026-05-13 19:21:24.14043,"fd",0.5614,-128,-0.0335,-0.0382,-1.9103,0.5279,-112,-1.24045454545455
2026-05-13,"LVA @ CON","1Q","CON","1Q CON",2026-05-13 19:21:24.14043,"fd",0.5798,-138,-0.0379,-0.0451,-2.2572,0.5419,-118,-1.46571428571429
2026-05-13,"IND @ LAS","1Q","IND","1Q IND",2026-05-13 19:21:24.14043,"fd",0.5745,-135,-0.0459,-0.0539,-2.6949,0.5286,-112,-1.74993506493506
2026-05-13,"CHI @ GSV","1Q","GSV","1Q GSV",2026-05-13 19:21:24.14043,"fd",0.505,-102,-0.0328,-0.0332,-1.6584,0.4721,112,-1.07688311688312
2026-05-13,"SEA @ TOR","1Q","TOR","1Q TOR",2026-05-13 19:21:24.14043,"fd",0.4444,125,0.002,0.0018,0.0917,0.4465,124,0.0595454545454545
2026-05-13,"LVA @ CON","1Q","LVA","1Q LVA",2026-05-13 19:51:22.652838,"fd",0.4854,106,-0.0273,-0.0266,-1.3279,0.4581,118,-0.862272727272727
2026-05-13,"IND @ LAS","1Q","LAS","1Q LAS",2026-05-13 19:51:22.652838,"fd",0.4902,104,-0.0188,-0.0184,-0.9216,0.4714,112,-0.598441558441558
2026-05-13,"SEA @ TOR","1Q","SEA","1Q SEA",2026-05-13 19:51:22.652838,"fd",0.6154,-160,-0.0619,-0.0804,-4.0213,0.5535,-124,-2.61123376623377
2026-05-13,"CHI @ GSV","1Q","CHI","1Q CHI",2026-05-13 19:51:22.652838,"fd",0.5614,-128,-0.0335,-0.0382,-1.9103,0.5279,-112,-1.24045454545455
2026-05-13,"LVA @ CON","1Q","CON","1Q CON",2026-05-13 19:51:22.652838,"fd",0.5798,-138,-0.0379,-0.0451,-2.2572,0.5419,-118,-1.46571428571429
2026-05-13,"IND @ LAS","1Q","IND","1Q IND",2026-05-13 19:51:22.652838,"fd",0.5745,-135,-0.0459,-0.0539,-2.6949,0.5286,-112,-1.74993506493506
2026-05-13,"CHI @ GSV","1Q","GSV","1Q GSV",2026-05-13 19:51:22.652838,"fd",0.505,-102,-0.0328,-0.0332,-1.6584,0.4721,112,-1.07688311688312
2026-05-13,"SEA @ TOR","1Q","TOR","1Q TOR",2026-05-13 19:51:22.652838,"fd",0.4505,122,-0.004,-0.0036,-0.1805,0.4465,124,-0.117207792207792
2026-05-13,"LVA @ CON","1Q","LVA","1Q LVA",2026-05-13 20:21:22.072455,"fd",0.4854,106,-0.0273,-0.0266,-1.3279,0.4581,118,-0.862272727272727
2026-05-13,"IND @ LAS","1Q","LAS","1Q LAS",2026-05-13 20:21:22.072455,"fd",0.4902,104,-0.0188,-0.0184,-0.9216,0.4714,112,-0.598441558441558
2026-05-13,"SEA @ TOR","1Q","SEA","1Q SEA",2026-05-13 20:21:22.072455,"fd",0.6154,-160,-0.0619,-0.0804,-4.0213,0.5535,-124,-2.61123376623377
2026-05-13,"CHI @ GSV","1Q","CHI","1Q CHI",2026-05-13 20:21:22.072455,"fd",0.5614,-128,-0.0335,-0.0382,-1.9103,0.5279,-112,-1.24045454545455
2026-05-13,"LVA @ CON","1Q","CON","1Q CON",2026-05-13 20:21:22.072455,"fd",0.5798,-138,-0.0379,-0.0451,-2.2572,0.5419,-118,-1.46571428571429
2026-05-13,"IND @ LAS","1Q","IND","1Q IND",2026-05-13 20:21:22.072455,"fd",0.5745,-135,-0.0459,-0.0539,-2.6949,0.5286,-112,-1.74993506493506
2026-05-13,"CHI @ GSV","1Q","GSV","1Q GSV",2026-05-13 20:21:22.072455,"fd",0.505,-102,-0.0328,-0.0332,-1.6584,0.4721,112,-1.07688311688312
2026-05-13,"SEA @ TOR","1Q","TOR","1Q TOR",2026-05-13 20:21:22.072455,"fd",0.4505,122,-0.004,-0.0036,-0.1805,0.4465,124,-0.117207792207792
2026-05-13,"LVA @ CON","1Q","LVA","1Q LVA",2026-05-13 20:51:22.035926,"fd",0.4854,106,-0.0273,-0.0266,-1.3279,0.4581,118,-0.862272727272727
2026-05-13,"IND @ LAS","1Q","LAS","1Q LAS",2026-05-13 20:51:22.035926,"fd",0.4902,104,-0.0188,-0.0184,-0.9216,0.4714,112,-0.598441558441558
2026-05-13,"SEA @ TOR","1Q","SEA","1Q SEA",2026-05-13 20:51:22.035926,"fd",0.6212,-164,-0.0677,-0.0894,-4.4678,0.5535,-124,-2.90116883116883
2026-05-13,"CHI @ GSV","1Q","CHI","1Q CHI",2026-05-13 20:51:22.035926,"fd",0.5614,-128,-0.0335,-0.0382,-1.9103,0.5279,-112,-1.24045454545455
2026-05-13,"LVA @ CON","1Q","CON","1Q CON",2026-05-13 20:51:22.035926,"fd",0.5798,-138,-0.0379,-0.0451,-2.2572,0.5419,-118,-1.46571428571429
2026-05-13,"IND @ LAS","1Q","IND","1Q IND",2026-05-13 20:51:22.035926,"fd",0.5745,-135,-0.0459,-0.0539,-2.6949,0.5286,-112,-1.74993506493506
2026-05-13,"CHI @ GSV","1Q","GSV","1Q GSV",2026-05-13 20:51:22.035926,"fd",0.505,-102,-0.0328,-0.0332,-1.6584,0.4721,112,-1.07688311688312
2026-05-13,"SEA @ TOR","1Q","TOR","1Q TOR",2026-05-13 20:51:22.035926,"fd",0.4444,125,0.002,0.0018,0.0917,0.4465,124,0.0595454545454545
2026-05-13,"LVA @ CON","1Q","LVA","1Q LVA",2026-05-13 21:21:22.239286,"fd",0.4854,106,-0.0273,-0.0266,-1.3279,0.4581,118,-0.862272727272727
2026-05-13,"IND @ LAS","1Q","LAS","1Q LAS",2026-05-13 21:21:22.239286,"fd",0.4902,104,-0.0188,-0.0184,-0.9216,0.4714,112,-0.598441558441558
2026-05-13,"SEA @ TOR","1Q","SEA","1Q SEA",2026-05-13 21:21:22.239286,"fd",0.6154,-160,-0.0619,-0.0804,-4.0213,0.5535,-124,-2.61123376623377
2026-05-13,"CHI @ GSV","1Q","CHI","1Q CHI",2026-05-13 21:21:22.239286,"fd",0.5614,-128,-0.0335,-0.0382,-1.9103,0.5279,-112,-1.24045454545455
2026-05-13,"LVA @ CON","1Q","CON","1Q CON",2026-05-13 21:21:22.239286,"fd",0.5798,-138,-0.0379,-0.0451,-2.2572,0.5419,-118,-1.46571428571429
2026-05-13,"IND @ LAS","1Q","IND","1Q IND",2026-05-13 21:21:22.239286,"fd",0.5745,-135,-0.0459,-0.0539,-2.6949,0.5286,-112,-1.74993506493506
2026-05-13,"CHI @ GSV","1Q","GSV","1Q GSV",2026-05-13 21:21:22.239286,"fd",0.505,-102,-0.0328,-0.0332,-1.6584,0.4721,112,-1.07688311688312
2026-05-13,"SEA @ TOR","1Q","TOR","1Q TOR",2026-05-13 21:21:22.239286,"fd",0.4505,122,-0.004,-0.0036,-0.1805,0.4465,124,-0.117207792207792
2026-05-13,"LVA @ CON","1Q","LVA","1Q LVA",2026-05-13 21:51:21.902493,"fd",0.4854,106,-0.0273,-0.0266,-1.3279,0.4581,118,-0.862272727272727
2026-05-13,"IND @ LAS","1Q","LAS","1Q LAS",2026-05-13 21:51:21.902493,"fd",0.4902,104,-0.0188,-0.0184,-0.9216,0.4714,112,-0.598441558441558
2026-05-13,"SEA @ TOR","1Q","SEA","1Q SEA",2026-05-13 21:51:21.902493,"fd",0.6154,-160,-0.0619,-0.0804,-4.0213,0.5535,-124,-2.61123376623377
2026-05-13,"CHI @ GSV","1Q","CHI","1Q CHI",2026-05-13 21:51:21.902493,"fd",0.5614,-128,-0.0335,-0.0382,-1.9103,0.5279,-112,-1.24045454545455
2026-05-13,"LVA @ CON","1Q","CON","1Q CON",2026-05-13 21:51:21.902493,"fd",0.5798,-138,-0.0379,-0.0451,-2.2572,0.5419,-118,-1.46571428571429
2026-05-13,"IND @ LAS","1Q","IND","1Q IND",2026-05-13 21:51:21.902493,"fd",0.5745,-135,-0.0459,-0.0539,-2.6949,0.5286,-112,-1.74993506493506
2026-05-13,"CHI @ GSV","1Q","GSV","1Q GSV",2026-05-13 21:51:21.902493,"fd",0.505,-102,-0.0328,-0.0332,-1.6584,0.4721,112,-1.07688311688312
2026-05-13,"SEA @ TOR","1Q","TOR","1Q TOR",2026-05-13 21:51:21.902493,"fd",0.4505,122,-0.004,-0.0036,-0.1805,0.4465,124,-0.117207792207792
2026-05-13,"LVA @ CON","1Q","LVA","1Q LVA",2026-05-13 22:21:23.42192,"fd",0.4854,106,-0.0273,-0.0266,-1.3279,0.4581,118,-0.862272727272727
2026-05-13,"IND @ LAS","1Q","LAS","1Q LAS",2026-05-13 22:21:23.42192,"fd",0.4902,104,-0.0188,-0.0184,-0.9216,0.4714,112,-0.598441558441558
2026-05-13,"SEA @ TOR","1Q","SEA","1Q SEA",2026-05-13 22:21:23.42192,"fd",0.6154,-160,-0.0619,-0.0804,-4.0213,0.5535,-124,-2.61123376623377
2026-05-13,"CHI @ GSV","1Q","CHI","1Q CHI",2026-05-13 22:21:23.42192,"fd",0.5614,-128,-0.0335,-0.0382,-1.9103,0.5279,-112,-1.24045454545455
2026-05-13,"LVA @ CON","1Q","CON","1Q CON",2026-05-13 22:21:23.42192,"fd",0.5798,-138,-0.0379,-0.0451,-2.2572,0.5419,-118,-1.46571428571429
2026-05-13,"IND @ LAS","1Q","IND","1Q IND",2026-05-13 22:21:23.42192,"fd",0.5745,-135,-0.0459,-0.0539,-2.6949,0.5286,-112,-1.74993506493506
2026-05-13,"CHI @ GSV","1Q","GSV","1Q GSV",2026-05-13 22:21:23.42192,"fd",0.505,-102,-0.0328,-0.0332,-1.6584,0.4721,112,-1.07688311688312
2026-05-13,"SEA @ TOR","1Q","TOR","1Q TOR",2026-05-13 22:21:23.42192,"fd",0.4505,122,-0.004,-0.0036,-0.1805,0.4465,124,-0.117207792207792
2026-05-13,"LVA @ CON","1Q","LVA","1Q LVA",2026-05-13 22:51:22.491458,"fd",0.4902,104,-0.0321,-0.0315,-1.5737,0.4581,118,-1.02188311688312
2026-05-13,"IND @ LAS","1Q","LAS","1Q LAS",2026-05-13 22:51:22.491458,"fd",0.4902,104,-0.0188,-0.0184,-0.9216,0.4714,112,-0.598441558441558
2026-05-13,"SEA @ TOR","1Q","SEA","1Q SEA",2026-05-13 22:51:22.491458,"fd",0.6154,-160,-0.0619,-0.0804,-4.0213,0.5535,-124,-2.61123376623377
2026-05-13,"CHI @ GSV","1Q","CHI","1Q CHI",2026-05-13 22:51:22.491458,"fd",0.5614,-128,-0.0335,-0.0382,-1.9103,0.5279,-112,-1.24045454545455
2026-05-13,"LVA @ CON","1Q","CON","1Q CON",2026-05-13 22:51:22.491458,"fd",0.569,-132,-0.0271,-0.0314,-1.5701,0.5419,-118,-1.01954545454545
2026-05-13,"IND @ LAS","1Q","IND","1Q IND",2026-05-13 22:51:22.491458,"fd",0.5745,-135,-0.0459,-0.0539,-2.6949,0.5286,-112,-1.74993506493506
2026-05-13,"CHI @ GSV","1Q","GSV","1Q GSV",2026-05-13 22:51:22.491458,"fd",0.505,-102,-0.0328,-0.0332,-1.6584,0.4721,112,-1.07688311688312
2026-05-13,"SEA @ TOR","1Q","TOR","1Q TOR",2026-05-13 22:51:22.491458,"fd",0.4505,122,-0.004,-0.0036,-0.1805,0.4465,124,-0.117207792207792
2026-05-13,"LVA @ CON","1Q","LVA","1Q LVA",2026-05-13 23:21:22.487875,"fd",0.495,102,-0.0369,-0.0366,-1.8291,0.4581,118,-1.18772727272727
2026-05-13,"IND @ LAS","1Q","LAS","1Q LAS",2026-05-13 23:21:22.487875,"fd",0.495,102,-0.0236,-0.0234,-1.1708,0.4714,112,-0.76025974025974
2026-05-13,"CHI @ GSV","1Q","CHI","1Q CHI",2026-05-13 23:21:22.487875,"fd",0.5833,-140,-0.0554,-0.0665,-3.3266,0.5279,-112,-2.16012987012987
2026-05-13,"LVA @ CON","1Q","CON","1Q CON",2026-05-13 23:21:22.487875,"fd",0.569,-132,-0.0271,-0.0314,-1.5701,0.5419,-118,-1.01954545454545
2026-05-13,"IND @ LAS","1Q","IND","1Q IND",2026-05-13 23:21:22.487875,"fd",0.569,-132,-0.0404,-0.0468,-2.3413,0.5286,-112,-1.52032467532468
2026-05-13,"CHI @ GSV","1Q","GSV","1Q GSV",2026-05-13 23:21:22.487875,"fd",0.4808,108,-0.0087,-0.0083,-0.4169,0.4721,112,-0.270714285714286
2026-05-13,"LVA @ CON","1Q","LVA","1Q LVA",2026-05-13 23:51:22.557239,"fd",0.495,102,-0.0369,-0.0366,-1.8291,0.4581,118,-1.18772727272727
2026-05-13,"IND @ LAS","1Q","LAS","1Q LAS",2026-05-13 23:51:22.557239,"fd",0.495,102,-0.0236,-0.0234,-1.1708,0.4714,112,-0.76025974025974
2026-05-13,"CHI @ GSV","1Q","CHI","1Q CHI",2026-05-13 23:51:22.557239,"fd",0.5798,-138,-0.0519,-0.0618,-3.0906,0.5279,-112,-2.00688311688312
2026-05-13,"LVA @ CON","1Q","CON","1Q CON",2026-05-13 23:51:22.557239,"fd",0.569,-132,-0.0271,-0.0314,-1.5701,0.5419,-118,-1.01954545454545
2026-05-13,"IND @ LAS","1Q","IND","1Q IND",2026-05-13 23:51:22.557239,"fd",0.569,-132,-0.0404,-0.0468,-2.3413,0.5286,-112,-1.52032467532468
2026-05-13,"CHI @ GSV","1Q","GSV","1Q GSV",2026-05-13 23:51:22.557239,"fd",0.4854,106,-0.0133,-0.0129,-0.6475,0.4721,112,-0.420454545454545
2026-05-13,"IND @ LAS","1Q","LAS","1Q LAS",2026-05-14 00:21:22.743223,"fd",0.495,102,-0.0236,-0.0234,-1.1708,0.4714,112,-0.76025974025974
2026-05-13,"CHI @ GSV","1Q","CHI","1Q CHI",2026-05-14 00:21:22.743223,"fd",0.5798,-138,-0.0519,-0.0618,-3.0906,0.5279,-112,-2.00688311688312
2026-05-13,"IND @ LAS","1Q","IND","1Q IND",2026-05-14 00:21:22.743223,"fd",0.569,-132,-0.0404,-0.0468,-2.3413,0.5286,-112,-1.52032467532468
2026-05-13,"CHI @ GSV","1Q","GSV","1Q GSV",2026-05-14 00:21:22.743223,"fd",0.4854,106,-0.0133,-0.0129,-0.6475,0.4721,112,-0.420454545454545
2026-05-13,"IND @ LAS","1Q","LAS","1Q LAS",2026-05-14 00:51:24.175465,"fd",0.4902,104,-0.0188,-0.0184,-0.9216,0.4714,112,-0.598441558441558
2026-05-13,"CHI @ GSV","1Q","CHI","1Q CHI",2026-05-14 00:51:24.175465,"fd",0.5798,-138,-0.0519,-0.0618,-3.0906,0.5279,-112,-2.00688311688312
2026-05-13,"IND @ LAS","1Q","IND","1Q IND",2026-05-14 00:51:24.175465,"fd",0.5745,-135,-0.0459,-0.0539,-2.6949,0.5286,-112,-1.74993506493506
2026-05-13,"CHI @ GSV","1Q","GSV","1Q GSV",2026-05-14 00:51:24.175465,"fd",0.4854,106,-0.0133,-0.0129,-0.6475,0.4721,112,-0.420454545454545
2026-05-13,"IND @ LAS","1Q","LAS","1Q LAS",2026-05-14 01:21:24.630305,"fd",0.4902,104,-0.0188,-0.0184,-0.9216,0.4714,112,-0.598441558441558
2026-05-13,"CHI @ GSV","1Q","CHI","1Q CHI",2026-05-14 01:21:24.630305,"fd",0.5798,-138,-0.0519,-0.0618,-3.0906,0.5279,-112,-2.00688311688312
2026-05-13,"IND @ LAS","1Q","IND","1Q IND",2026-05-14 01:21:24.630305,"fd",0.5745,-135,-0.0459,-0.0539,-2.6949,0.5286,-112,-1.74993506493506
2026-05-13,"CHI @ GSV","1Q","GSV","1Q GSV",2026-05-14 01:21:24.630305,"fd",0.4854,106,-0.0133,-0.0129,-0.6475,0.4721,112,-0.420454545454545
2026-05-13,"IND @ LAS","1Q","LAS","1Q LAS",2026-05-14 01:51:21.825189,"fd",0.4902,104,-0.0188,-0.0184,-0.9216,0.4714,112,-0.598441558441558
2026-05-13,"CHI @ GSV","1Q","CHI","1Q CHI",2026-05-14 01:51:21.825189,"fd",0.5833,-140,-0.0554,-0.0665,-3.3266,0.5279,-112,-2.16012987012987
2026-05-13,"IND @ LAS","1Q","IND","1Q IND",2026-05-14 01:51:21.825189,"fd",0.5745,-135,-0.0459,-0.0539,-2.6949,0.5286,-112,-1.74993506493506
2026-05-13,"CHI @ GSV","1Q","GSV","1Q GSV",2026-05-14 01:51:21.825189,"fd",0.4808,108,-0.0087,-0.0083,-0.4169,0.4721,112,-0.270714285714286
2026-05-13,"IND @ LAS","1Q","LAS","1Q LAS",2026-05-14 02:21:22.971351,"fd",0.4902,104,-0.0188,-0.0184,-0.9216,0.4714,112,-0.598441558441558
2026-05-13,"IND @ LAS","1Q","IND","1Q IND",2026-05-14 02:21:22.971351,"fd",0.5745,-135,-0.0459,-0.0539,-2.6949,0.5286,-112,-1.74993506493506
2026-05-14,"NYL @ PDX","1Q","NYL","1Q NYL",2026-05-14 12:57:09.79135,"fd",0.6403,-178,-0.09,-0.1252,-6.2582,0.5502,-122,-4.06376623376623
2026-05-14,"MIN @ DAL","1Q","DAL","1Q DAL",2026-05-14 12:57:09.79135,"fd",0.5327,-114,-0.05,-0.0535,-2.6734,0.4827,107,-1.73597402597403
2026-05-14,"MIN @ DAL","1Q","MIN","1Q MIN",2026-05-14 12:57:09.79135,"fd",0.5327,-114,-0.0155,-0.0165,-0.8266,0.5173,-107,-0.536753246753247
2026-05-14,"NYL @ PDX","1Q","PDX","1Q PDX",2026-05-14 12:57:09.79135,"fd",0.4237,136,0.026,0.0226,1.1292,0.4498,122,0.733246753246753
2026-05-14,"NYL @ PDX","1Q","NYL","1Q NYL",2026-05-14 13:21:33.782104,"fd",0.6403,-178,-0.0901,-0.1252,-6.2603,0.5502,-122,-4.06512987012987
2026-05-14,"MIN @ DAL","1Q","DAL","1Q DAL",2026-05-14 13:21:33.782104,"fd",0.5327,-114,-0.0499,-0.0534,-2.6723,0.4828,107,-1.73525974025974
2026-05-14,"MIN @ DAL","1Q","MIN","1Q MIN",2026-05-14 13:21:33.782104,"fd",0.5327,-114,-0.0155,-0.0166,-0.8277,0.5172,-107,-0.537467532467532
2026-05-14,"NYL @ PDX","1Q","PDX","1Q PDX",2026-05-14 13:21:33.782104,"fd",0.4237,136,0.0261,0.0226,1.1306,0.4498,122,0.734155844155844
2026-05-14,"NYL @ PDX","1Q","NYL","1Q NYL",2026-05-14 13:51:17.497333,"fd",0.6403,-178,-0.0901,-0.1252,-6.2603,0.5502,-122,-4.06512987012987
2026-05-14,"MIN @ DAL","1Q","DAL","1Q DAL",2026-05-14 13:51:17.497333,"fd",0.5327,-114,-0.0499,-0.0534,-2.6723,0.4828,107,-1.73525974025974
2026-05-14,"MIN @ DAL","1Q","MIN","1Q MIN",2026-05-14 13:51:17.497333,"fd",0.5327,-114,-0.0155,-0.0166,-0.8277,0.5172,-107,-0.537467532467532
2026-05-14,"NYL @ PDX","1Q","PDX","1Q PDX",2026-05-14 13:51:17.497333,"fd",0.4237,136,0.0261,0.0226,1.1306,0.4498,122,0.734155844155844
2026-05-14,"NYL @ PDX","1Q","NYL","1Q NYL",2026-05-14 14:21:17.722665,"fd",0.6403,-178,-0.0901,-0.1252,-6.2603,0.5502,-122,-4.06512987012987
2026-05-14,"MIN @ DAL","1Q","DAL","1Q DAL",2026-05-14 14:21:17.722665,"fd",0.5327,-114,-0.0499,-0.0534,-2.6723,0.4828,107,-1.73525974025974
2026-05-14,"MIN @ DAL","1Q","MIN","1Q MIN",2026-05-14 14:21:17.722665,"fd",0.5327,-114,-0.0155,-0.0166,-0.8277,0.5172,-107,-0.537467532467532
2026-05-14,"NYL @ PDX","1Q","PDX","1Q PDX",2026-05-14 14:21:17.722665,"fd",0.4237,136,0.0261,0.0226,1.1306,0.4498,122,0.734155844155844
2026-05-14,"NYL @ PDX","1Q","NYL","1Q NYL",2026-05-14 14:51:17.848502,"fd",0.6403,-178,-0.0901,-0.1252,-6.2603,0.5502,-122,-4.06512987012987
2026-05-14,"MIN @ DAL","1Q","DAL","1Q DAL",2026-05-14 14:51:17.848502,"fd",0.5327,-114,-0.0499,-0.0534,-2.6723,0.4828,107,-1.73525974025974
2026-05-14,"MIN @ DAL","1Q","MIN","1Q MIN",2026-05-14 14:51:17.848502,"fd",0.5327,-114,-0.0155,-0.0166,-0.8277,0.5172,-107,-0.537467532467532
2026-05-14,"NYL @ PDX","1Q","PDX","1Q PDX",2026-05-14 14:51:17.848502,"fd",0.4237,136,0.0261,0.0226,1.1306,0.4498,122,0.734155844155844
2026-05-14,"NYL @ PDX","1Q","NYL","1Q NYL",2026-05-14 15:21:17.985149,"fd",0.6403,-178,-0.0901,-0.1252,-6.2603,0.5502,-122,-4.06512987012987
2026-05-14,"MIN @ DAL","1Q","DAL","1Q DAL",2026-05-14 15:21:17.985149,"fd",0.5327,-114,-0.0499,-0.0534,-2.6723,0.4828,107,-1.73525974025974
2026-05-14,"MIN @ DAL","1Q","MIN","1Q MIN",2026-05-14 15:21:17.985149,"fd",0.5327,-114,-0.0155,-0.0166,-0.8277,0.5172,-107,-0.537467532467532
2026-05-14,"NYL @ PDX","1Q","PDX","1Q PDX",2026-05-14 15:21:17.985149,"fd",0.4237,136,0.0261,0.0226,1.1306,0.4498,122,0.734155844155844
2026-05-14,"NYL @ PDX","1Q","NYL","1Q NYL",2026-05-14 15:51:17.570916,"fd",0.6403,-178,-0.0901,-0.1252,-6.2603,0.5502,-122,-4.06512987012987
2026-05-14,"MIN @ DAL","1Q","DAL","1Q DAL",2026-05-14 15:51:17.570916,"fd",0.5327,-114,-0.0499,-0.0534,-2.6723,0.4828,107,-1.73525974025974
2026-05-14,"MIN @ DAL","1Q","MIN","1Q MIN",2026-05-14 15:51:17.570916,"fd",0.5327,-114,-0.0155,-0.0166,-0.8277,0.5172,-107,-0.537467532467532
2026-05-14,"NYL @ PDX","1Q","PDX","1Q PDX",2026-05-14 15:51:17.570916,"fd",0.4237,136,0.0261,0.0226,1.1306,0.4498,122,0.734155844155844
2026-05-14,"NYL @ PDX","1Q","NYL","1Q NYL",2026-05-14 16:21:17.495574,"fd",0.6403,-178,-0.0901,-0.1252,-6.2603,0.5502,-122,-4.06512987012987
2026-05-14,"MIN @ DAL","1Q","DAL","1Q DAL",2026-05-14 16:21:17.495574,"fd",0.5327,-114,-0.0499,-0.0534,-2.6723,0.4828,107,-1.73525974025974
2026-05-14,"MIN @ DAL","1Q","MIN","1Q MIN",2026-05-14 16:21:17.495574,"fd",0.5327,-114,-0.0155,-0.0166,-0.8277,0.5172,-107,-0.537467532467532
2026-05-14,"NYL @ PDX","1Q","PDX","1Q PDX",2026-05-14 16:21:17.495574,"fd",0.4237,136,0.0261,0.0226,1.1306,0.4498,122,0.734155844155844
2026-05-14,"NYL @ PDX","1Q","NYL","1Q NYL",2026-05-14 16:51:17.43099,"fd",0.6403,-178,-0.0901,-0.1252,-6.2603,0.5502,-122,-4.06512987012987
2026-05-14,"MIN @ DAL","1Q","DAL","1Q DAL",2026-05-14 16:51:17.43099,"fd",0.5327,-114,-0.0499,-0.0534,-2.6723,0.4828,107,-1.73525974025974
2026-05-14,"MIN @ DAL","1Q","MIN","1Q MIN",2026-05-14 16:51:17.43099,"fd",0.5327,-114,-0.0155,-0.0166,-0.8277,0.5172,-107,-0.537467532467532
2026-05-14,"NYL @ PDX","1Q","PDX","1Q PDX",2026-05-14 16:51:17.43099,"fd",0.4237,136,0.0261,0.0226,1.1306,0.4498,122,0.734155844155844
2026-05-14,"NYL @ PDX","1Q","NYL","1Q NYL",2026-05-14 17:21:17.832873,"fd",0.6403,-178,-0.0901,-0.1252,-6.2603,0.5502,-122,-4.06512987012987
2026-05-14,"MIN @ DAL","1Q","DAL","1Q DAL",2026-05-14 17:21:17.832873,"fd",0.5327,-114,-0.0499,-0.0534,-2.6723,0.4828,107,-1.73525974025974
2026-05-14,"MIN @ DAL","1Q","MIN","1Q MIN",2026-05-14 17:21:17.832873,"fd",0.5327,-114,-0.0155,-0.0166,-0.8277,0.5172,-107,-0.537467532467532
2026-05-14,"NYL @ PDX","1Q","PDX","1Q PDX",2026-05-14 17:21:17.832873,"fd",0.4237,136,0.0261,0.0226,1.1306,0.4498,122,0.734155844155844
2026-05-14,"NYL @ PDX","1Q","NYL","1Q NYL",2026-05-14 17:51:19.437165,"fd",0.6454,-182,-0.0952,-0.1342,-6.7101,0.5502,-122,-4.35720779220779
2026-05-14,"MIN @ DAL","1Q","DAL","1Q DAL",2026-05-14 17:51:19.437165,"fd",0.5327,-114,-0.0499,-0.0534,-2.6723,0.4828,107,-1.73525974025974
2026-05-14,"MIN @ DAL","1Q","MIN","1Q MIN",2026-05-14 17:51:19.437165,"fd",0.5327,-114,-0.0155,-0.0166,-0.8277,0.5172,-107,-0.537467532467532
2026-05-14,"NYL @ PDX","1Q","PDX","1Q PDX",2026-05-14 17:51:19.437165,"fd",0.4202,138,0.0296,0.0255,1.2771,0.4498,122,0.829285714285714
2026-05-14,"NYL @ PDX","1Q","NYL","1Q NYL",2026-05-14 18:21:17.42305,"fd",0.6403,-178,-0.0901,-0.1252,-6.2603,0.5502,-122,-4.06512987012987
2026-05-14,"MIN @ DAL","1Q","DAL","1Q DAL",2026-05-14 18:21:17.42305,"fd",0.5327,-114,-0.0499,-0.0534,-2.6723,0.4828,107,-1.73525974025974
2026-05-14,"MIN @ DAL","1Q","MIN","1Q MIN",2026-05-14 18:21:17.42305,"fd",0.5327,-114,-0.0155,-0.0166,-0.8277,0.5172,-107,-0.537467532467532
2026-05-14,"NYL @ PDX","1Q","PDX","1Q PDX",2026-05-14 18:21:17.42305,"fd",0.4237,136,0.0261,0.0226,1.1306,0.4498,122,0.734155844155844
2026-05-14,"NYL @ PDX","1Q","NYL","1Q NYL",2026-05-14 18:51:17.223974,"fd",0.6403,-178,-0.0901,-0.1252,-6.2603,0.5502,-122,-4.06512987012987
2026-05-14,"MIN @ DAL","1Q","DAL","1Q DAL",2026-05-14 18:51:17.223974,"fd",0.5327,-114,-0.0499,-0.0534,-2.6723,0.4828,107,-1.73525974025974
2026-05-14,"MIN @ DAL","1Q","MIN","1Q MIN",2026-05-14 18:51:17.223974,"fd",0.5327,-114,-0.0155,-0.0166,-0.8277,0.5172,-107,-0.537467532467532
2026-05-14,"NYL @ PDX","1Q","PDX","1Q PDX",2026-05-14 18:51:17.223974,"fd",0.4237,136,0.0261,0.0226,1.1306,0.4498,122,0.734155844155844
2026-05-14,"NYL @ PDX","1Q","NYL","1Q NYL",2026-05-14 19:21:18.233158,"fd",0.6403,-178,-0.0901,-0.1252,-6.2603,0.5502,-122,-4.06512987012987
2026-05-14,"MIN @ DAL","1Q","DAL","1Q DAL",2026-05-14 19:21:18.233158,"fd",0.5327,-114,-0.0499,-0.0534,-2.6723,0.4828,107,-1.73525974025974
2026-05-14,"MIN @ DAL","1Q","MIN","1Q MIN",2026-05-14 19:21:18.233158,"fd",0.5327,-114,-0.0155,-0.0166,-0.8277,0.5172,-107,-0.537467532467532
2026-05-14,"NYL @ PDX","1Q","PDX","1Q PDX",2026-05-14 19:21:18.233158,"fd",0.4237,136,0.0261,0.0226,1.1306,0.4498,122,0.734155844155844
2026-05-14,"NYL @ PDX","1Q","NYL","1Q NYL",2026-05-14 19:51:17.713563,"fd",0.6403,-178,-0.0901,-0.1252,-6.2603,0.5502,-122,-4.06512987012987
2026-05-14,"MIN @ DAL","1Q","DAL","1Q DAL",2026-05-14 19:51:17.713563,"fd",0.5327,-114,-0.0499,-0.0534,-2.6723,0.4828,107,-1.73525974025974
2026-05-14,"MIN @ DAL","1Q","MIN","1Q MIN",2026-05-14 19:51:17.713563,"fd",0.5327,-114,-0.0155,-0.0166,-0.8277,0.5172,-107,-0.537467532467532
2026-05-14,"NYL @ PDX","1Q","PDX","1Q PDX",2026-05-14 19:51:17.713563,"fd",0.4237,136,0.0261,0.0226,1.1306,0.4498,122,0.734155844155844
2026-05-14,"NYL @ PDX","1Q","NYL","1Q NYL",2026-05-14 20:21:16.756775,"fd",0.6403,-178,-0.0901,-0.1252,-6.2603,0.5502,-122,-4.06512987012987
2026-05-14,"MIN @ DAL","1Q","DAL","1Q DAL",2026-05-14 20:21:16.756775,"fd",0.5327,-114,-0.0499,-0.0534,-2.6723,0.4828,107,-1.73525974025974
2026-05-14,"MIN @ DAL","1Q","MIN","1Q MIN",2026-05-14 20:21:16.756775,"fd",0.5327,-114,-0.0155,-0.0166,-0.8277,0.5172,-107,-0.537467532467532
2026-05-14,"NYL @ PDX","1Q","PDX","1Q PDX",2026-05-14 20:21:16.756775,"fd",0.4237,136,0.0261,0.0226,1.1306,0.4498,122,0.734155844155844
2026-05-14,"NYL @ PDX","1Q","NYL","1Q NYL",2026-05-14 20:51:18.142707,"fd",0.6403,-178,-0.0901,-0.1252,-6.2603,0.5502,-122,-4.06512987012987
2026-05-14,"MIN @ DAL","1Q","DAL","1Q DAL",2026-05-14 20:51:18.142707,"fd",0.5327,-114,-0.0499,-0.0534,-2.6723,0.4828,107,-1.73525974025974
2026-05-14,"MIN @ DAL","1Q","MIN","1Q MIN",2026-05-14 20:51:18.142707,"fd",0.5327,-114,-0.0155,-0.0166,-0.8277,0.5172,-107,-0.537467532467532
2026-05-14,"NYL @ PDX","1Q","PDX","1Q PDX",2026-05-14 20:51:18.142707,"fd",0.4237,136,0.0261,0.0226,1.1306,0.4498,122,0.734155844155844
2026-05-14,"NYL @ PDX","1Q","NYL","1Q NYL",2026-05-14 21:21:18.040057,"fd",0.6403,-178,-0.0901,-0.1252,-6.2603,0.5502,-122,-4.06512987012987
2026-05-14,"MIN @ DAL","1Q","DAL","1Q DAL",2026-05-14 21:21:18.040057,"fd",0.5327,-114,-0.0499,-0.0534,-2.6723,0.4828,107,-1.73525974025974
2026-05-14,"MIN @ DAL","1Q","MIN","1Q MIN",2026-05-14 21:21:18.040057,"fd",0.5327,-114,-0.0155,-0.0166,-0.8277,0.5172,-107,-0.537467532467532
2026-05-14,"NYL @ PDX","1Q","PDX","1Q PDX",2026-05-14 21:21:18.040057,"fd",0.4237,136,0.0261,0.0226,1.1306,0.4498,122,0.734155844155844
2026-05-14,"NYL @ PDX","1Q","NYL","1Q NYL",2026-05-14 21:51:17.900783,"fd",0.6403,-178,-0.0901,-0.1252,-6.2603,0.5502,-122,-4.06512987012987
2026-05-14,"MIN @ DAL","1Q","DAL","1Q DAL",2026-05-14 21:51:17.900783,"fd",0.5327,-114,-0.0499,-0.0534,-2.6723,0.4828,107,-1.73525974025974
2026-05-14,"MIN @ DAL","1Q","MIN","1Q MIN",2026-05-14 21:51:17.900783,"fd",0.5327,-114,-0.0155,-0.0166,-0.8277,0.5172,-107,-0.537467532467532
2026-05-14,"NYL @ PDX","1Q","PDX","1Q PDX",2026-05-14 21:51:17.900783,"fd",0.4237,136,0.0261,0.0226,1.1306,0.4498,122,0.734155844155844
2026-05-14,"NYL @ PDX","1Q","NYL","1Q NYL",2026-05-14 22:21:17.564492,"fd",0.6403,-178,-0.0901,-0.1252,-6.2603,0.5502,-122,-4.06512987012987
2026-05-14,"MIN @ DAL","1Q","DAL","1Q DAL",2026-05-14 22:21:17.564492,"fd",0.5327,-114,-0.0499,-0.0534,-2.6723,0.4828,107,-1.73525974025974
2026-05-14,"MIN @ DAL","1Q","MIN","1Q MIN",2026-05-14 22:21:17.564492,"fd",0.5327,-114,-0.0155,-0.0166,-0.8277,0.5172,-107,-0.537467532467532
2026-05-14,"NYL @ PDX","1Q","PDX","1Q PDX",2026-05-14 22:21:17.564492,"fd",0.4237,136,0.0261,0.0226,1.1306,0.4498,122,0.734155844155844
2026-05-14,"NYL @ PDX","1Q","NYL","1Q NYL",2026-05-14 22:51:16.338923,"fd",0.6454,-182,-0.0952,-0.1342,-6.7101,0.5502,-122,-4.35720779220779
2026-05-14,"MIN @ DAL","1Q","DAL","1Q DAL",2026-05-14 22:51:16.338923,"fd",0.5327,-114,-0.0499,-0.0534,-2.6723,0.4828,107,-1.73525974025974
2026-05-14,"MIN @ DAL","1Q","MIN","1Q MIN",2026-05-14 22:51:16.338923,"fd",0.5327,-114,-0.0155,-0.0166,-0.8277,0.5172,-107,-0.537467532467532
2026-05-14,"NYL @ PDX","1Q","PDX","1Q PDX",2026-05-14 22:51:16.338923,"fd",0.4202,138,0.0296,0.0255,1.2771,0.4498,122,0.829285714285714
2026-05-14,"NYL @ PDX","1Q","NYL","1Q NYL",2026-05-14 23:21:17.438519,"fd",0.6454,-182,-0.0952,-0.1342,-6.7101,0.5502,-122,-4.35720779220779
2026-05-14,"MIN @ DAL","1Q","DAL","1Q DAL",2026-05-14 23:21:17.438519,"fd",0.5327,-114,-0.0499,-0.0534,-2.6723,0.4828,107,-1.73525974025974
2026-05-14,"MIN @ DAL","1Q","MIN","1Q MIN",2026-05-14 23:21:17.438519,"fd",0.5327,-114,-0.0155,-0.0166,-0.8277,0.5172,-107,-0.537467532467532
2026-05-14,"NYL @ PDX","1Q","PDX","1Q PDX",2026-05-14 23:21:17.438519,"fd",0.4202,138,0.0296,0.0255,1.2771,0.4498,122,0.829285714285714
2026-05-14,"NYL @ PDX","1Q","NYL","1Q NYL",2026-05-14 23:51:17.34107,"fd",0.6454,-182,-0.0952,-0.1342,-6.7101,0.5502,-122,-4.35720779220779
2026-05-14,"MIN @ DAL","1Q","DAL","1Q DAL",2026-05-14 23:51:17.34107,"fd",0.5327,-114,-0.0499,-0.0534,-2.6723,0.4828,107,-1.73525974025974
2026-05-14,"MIN @ DAL","1Q","MIN","1Q MIN",2026-05-14 23:51:17.34107,"fd",0.5327,-114,-0.0155,-0.0166,-0.8277,0.5172,-107,-0.537467532467532
2026-05-14,"NYL @ PDX","1Q","PDX","1Q PDX",2026-05-14 23:51:17.34107,"fd",0.4202,138,0.0296,0.0255,1.2771,0.4498,122,0.829285714285714
2026-05-14,"NYL @ PDX","1Q","NYL","1Q NYL",2026-05-15 00:21:16.745562,"fd",0.6454,-182,-0.0952,-0.1342,-6.7101,0.5502,-122,-4.35720779220779
2026-05-14,"NYL @ PDX","1Q","PDX","1Q PDX",2026-05-15 00:21:16.745562,"fd",0.4202,138,0.0296,0.0255,1.2771,0.4498,122,0.829285714285714
2026-05-14,"NYL @ PDX","1Q","NYL","1Q NYL",2026-05-15 00:51:18.652044,"fd",0.6403,-178,-0.0901,-0.1252,-6.2603,0.5502,-122,-4.06512987012987
2026-05-14,"NYL @ PDX","1Q","PDX","1Q PDX",2026-05-15 00:51:18.652044,"fd",0.4237,136,0.0261,0.0226,1.1306,0.4498,122,0.734155844155844
2026-05-14,"NYL @ PDX","1Q","NYL","1Q NYL",2026-05-15 01:21:16.335821,"fd",0.6403,-178,-0.0901,-0.1252,-6.2603,0.5502,-122,-4.06512987012987
2026-05-14,"NYL @ PDX","1Q","PDX","1Q PDX",2026-05-15 01:21:16.335821,"fd",0.4237,136,0.0261,0.0226,1.1306,0.4498,122,0.734155844155844
2026-05-14,"NYL @ PDX","1Q","NYL","1Q NYL",2026-05-15 01:51:17.41028,"fd",0.6528,-188,-0.1026,-0.1477,-7.3848,0.5502,-122,-4.79532467532468
2026-05-14,"NYL @ PDX","1Q","PDX","1Q PDX",2026-05-15 01:51:17.41028,"fd",0.4132,142,0.0366,0.0312,1.5579,0.4498,122,1.01162337662338
2026-05-15,"CHI @ PHX","1Q","PHX","1Q PHX",2026-05-15 11:22:33.740731,"fd",0.5349,-115,-0.0162,-0.0174,-0.8718,0.5187,-108,-0.566103896103896
2026-05-15,"LVA @ CON","1Q","LVA","1Q LVA",2026-05-15 11:22:33.740731,"fd",0.4902,104,-0.0305,-0.0299,-1.496,0.4597,118,-0.971428571428571
2026-05-15,"TOR @ LAS","1Q","LAS","1Q LAS",2026-05-15 11:22:33.740731,"fd",0.5305,-113,-0.0446,-0.0475,-2.376,0.4859,106,-1.54285714285714
2026-05-15,"WAS @ IND","1Q","WAS","1Q WAS",2026-05-15 11:22:33.740731,"fd",0.463,116,0.0017,0.0016,0.0782,0.4646,115,0.0507792207792208
2026-05-15,"LVA @ CON","1Q","CON","1Q CON",2026-05-15 11:22:33.740731,"fd",0.5745,-135,-0.0342,-0.0401,-2.0067,0.5403,-118,-1.30305194805195
2026-05-15,"WAS @ IND","1Q","IND","1Q IND",2026-05-15 11:22:33.740731,"fd",0.6032,-152,-0.0678,-0.0855,-4.2725,0.5354,-115,-2.77435064935065
2026-05-15,"CHI @ PHX","1Q","CHI","1Q CHI",2026-05-15 11:22:33.740731,"fd",0.5305,-113,-0.0492,-0.0524,-2.6189,0.4813,108,-1.70058441558442
2026-05-15,"TOR @ LAS","1Q","TOR","1Q TOR",2026-05-15 11:22:33.740731,"fd",0.5349,-115,-0.0208,-0.0223,-1.117,0.5141,-106,-0.725324675324675
2026-05-15,"CHI @ PHX","1Q","PHX","1Q PHX",2026-05-15 13:51:21.928135,"fd",0.5349,-115,-0.0162,-0.0174,-0.8718,0.5187,-108,-0.566103896103896
2026-05-15,"LVA @ CON","1Q","LVA","1Q LVA",2026-05-15 13:51:21.928135,"fd",0.4854,106,-0.0257,-0.025,-1.2509,0.4597,118,-0.812272727272727
2026-05-15,"TOR @ LAS","1Q","LAS","1Q LAS",2026-05-15 13:51:21.928135,"fd",0.5305,-113,-0.0446,-0.0475,-2.376,0.4859,106,-1.54285714285714
2026-05-15,"WAS @ IND","1Q","WAS","1Q WAS",2026-05-15 13:51:21.928135,"fd",0.4673,114,-0.0026,-0.0025,-0.1242,0.4646,115,-0.0806493506493507
2026-05-15,"LVA @ CON","1Q","CON","1Q CON",2026-05-15 13:51:21.928135,"fd",0.5798,-138,-0.0395,-0.047,-2.3515,0.5403,-118,-1.52694805194805
2026-05-15,"WAS @ IND","1Q","IND","1Q IND",2026-05-15 13:51:21.928135,"fd",0.5968,-148,-0.0614,-0.0762,-3.8079,0.5354,-115,-2.47266233766234
2026-05-15,"CHI @ PHX","1Q","CHI","1Q CHI",2026-05-15 13:51:21.928135,"fd",0.5305,-113,-0.0492,-0.0524,-2.6189,0.4813,108,-1.70058441558442
2026-05-15,"TOR @ LAS","1Q","TOR","1Q TOR",2026-05-15 13:51:21.928135,"fd",0.5349,-115,-0.0208,-0.0223,-1.117,0.5141,-106,-0.725324675324675
2026-05-15,"CHI @ PHX","1Q","PHX","1Q PHX",2026-05-15 13:51:54.602262,"fd",0.5349,-115,-0.0162,-0.0174,-0.8718,0.5187,-108,-0.566103896103896
2026-05-15,"LVA @ CON","1Q","LVA","1Q LVA",2026-05-15 13:51:54.602262,"fd",0.4854,106,-0.0257,-0.025,-1.2509,0.4597,118,-0.812272727272727
2026-05-15,"TOR @ LAS","1Q","LAS","1Q LAS",2026-05-15 13:51:54.602262,"fd",0.5305,-113,-0.0446,-0.0475,-2.376,0.4859,106,-1.54285714285714
2026-05-15,"WAS @ IND","1Q","WAS","1Q WAS",2026-05-15 13:51:54.602262,"fd",0.4673,114,-0.0026,-0.0025,-0.1242,0.4646,115,-0.0806493506493507
2026-05-15,"LVA @ CON","1Q","CON","1Q CON",2026-05-15 13:51:54.602262,"fd",0.5798,-138,-0.0395,-0.047,-2.3515,0.5403,-118,-1.52694805194805
2026-05-15,"WAS @ IND","1Q","IND","1Q IND",2026-05-15 13:51:54.602262,"fd",0.5968,-148,-0.0614,-0.0762,-3.8079,0.5354,-115,-2.47266233766234
2026-05-15,"CHI @ PHX","1Q","CHI","1Q CHI",2026-05-15 13:51:54.602262,"fd",0.5305,-113,-0.0492,-0.0524,-2.6189,0.4813,108,-1.70058441558442
2026-05-15,"TOR @ LAS","1Q","TOR","1Q TOR",2026-05-15 13:51:54.602262,"fd",0.5349,-115,-0.0208,-0.0223,-1.117,0.5141,-106,-0.725324675324675
2026-05-15,"CHI @ PHX","1Q","PHX","1Q PHX",2026-05-15 14:21:43.703268,"fd",0.5327,-114,-0.014,-0.015,-0.7514,0.5187,-108,-0.487922077922078
2026-05-15,"LVA @ CON","1Q","LVA","1Q LVA",2026-05-15 14:21:43.703268,"fd",0.4854,106,-0.0257,-0.025,-1.2509,0.4597,118,-0.812272727272727
2026-05-15,"TOR @ LAS","1Q","LAS","1Q LAS",2026-05-15 14:21:43.703268,"fd",0.5305,-113,-0.0446,-0.0475,-2.376,0.4859,106,-1.54285714285714
2026-05-15,"WAS @ IND","1Q","WAS","1Q WAS",2026-05-15 14:21:43.703268,"fd",0.4673,114,-0.0026,-0.0025,-0.1242,0.4646,115,-0.0806493506493507
2026-05-15,"LVA @ CON","1Q","CON","1Q CON",2026-05-15 14:21:43.703268,"fd",0.5798,-138,-0.0395,-0.047,-2.3515,0.5403,-118,-1.52694805194805
2026-05-15,"WAS @ IND","1Q","IND","1Q IND",2026-05-15 14:21:43.703268,"fd",0.5968,-148,-0.0614,-0.0762,-3.8079,0.5354,-115,-2.47266233766234
2026-05-15,"CHI @ PHX","1Q","CHI","1Q CHI",2026-05-15 14:21:43.703268,"fd",0.5327,-114,-0.0514,-0.055,-2.7486,0.4813,108,-1.78480519480519
2026-05-15,"TOR @ LAS","1Q","TOR","1Q TOR",2026-05-15 14:21:43.703268,"fd",0.5349,-115,-0.0208,-0.0223,-1.117,0.5141,-106,-0.725324675324675
2026-05-15,"CHI @ PHX","1Q","PHX","1Q PHX",2026-05-15 14:51:42.203677,"fd",0.5327,-114,-0.014,-0.015,-0.7514,0.5187,-108,-0.487922077922078
2026-05-15,"LVA @ CON","1Q","LVA","1Q LVA",2026-05-15 14:51:42.203677,"fd",0.4854,106,-0.0257,-0.025,-1.2509,0.4597,118,-0.812272727272727
2026-05-15,"TOR @ LAS","1Q","LAS","1Q LAS",2026-05-15 14:51:42.203677,"fd",0.5305,-113,-0.0446,-0.0475,-2.376,0.4859,106,-1.54285714285714
2026-05-15,"WAS @ IND","1Q","WAS","1Q WAS",2026-05-15 14:51:42.203677,"fd",0.4673,114,-0.0026,-0.0025,-0.1242,0.4646,115,-0.0806493506493507
2026-05-15,"LVA @ CON","1Q","CON","1Q CON",2026-05-15 14:51:42.203677,"fd",0.5798,-138,-0.0395,-0.047,-2.3515,0.5403,-118,-1.52694805194805
2026-05-15,"WAS @ IND","1Q","IND","1Q IND",2026-05-15 14:51:42.203677,"fd",0.5968,-148,-0.0614,-0.0762,-3.8079,0.5354,-115,-2.47266233766234
2026-05-15,"CHI @ PHX","1Q","CHI","1Q CHI",2026-05-15 14:51:42.203677,"fd",0.5327,-114,-0.0514,-0.055,-2.7486,0.4813,108,-1.78480519480519
2026-05-15,"TOR @ LAS","1Q","TOR","1Q TOR",2026-05-15 14:51:42.203677,"fd",0.5349,-115,-0.0208,-0.0223,-1.117,0.5141,-106,-0.725324675324675
2026-05-15,"CHI @ PHX","1Q","PHX","1Q PHX",2026-05-15 15:21:43.6519,"fd",0.5327,-114,-0.014,-0.015,-0.7514,0.5187,-108,-0.487922077922078
2026-05-15,"LVA @ CON","1Q","LVA","1Q LVA",2026-05-15 15:21:43.6519,"fd",0.4854,106,-0.0257,-0.025,-1.2509,0.4597,118,-0.812272727272727
2026-05-15,"TOR @ LAS","1Q","LAS","1Q LAS",2026-05-15 15:21:43.6519,"fd",0.5305,-113,-0.0446,-0.0475,-2.376,0.4859,106,-1.54285714285714
2026-05-15,"WAS @ IND","1Q","WAS","1Q WAS",2026-05-15 15:21:43.6519,"fd",0.463,116,0.0017,0.0016,0.0782,0.4646,115,0.0507792207792208
2026-05-15,"LVA @ CON","1Q","CON","1Q CON",2026-05-15 15:21:43.6519,"fd",0.5798,-138,-0.0395,-0.047,-2.3515,0.5403,-118,-1.52694805194805
2026-05-15,"WAS @ IND","1Q","IND","1Q IND",2026-05-15 15:21:43.6519,"fd",0.6032,-152,-0.0678,-0.0855,-4.2725,0.5354,-115,-2.77435064935065
2026-05-15,"CHI @ PHX","1Q","CHI","1Q CHI",2026-05-15 15:21:43.6519,"fd",0.5327,-114,-0.0514,-0.055,-2.7486,0.4813,108,-1.78480519480519
2026-05-15,"TOR @ LAS","1Q","TOR","1Q TOR",2026-05-15 15:21:43.6519,"fd",0.5349,-115,-0.0208,-0.0223,-1.117,0.5141,-106,-0.725324675324675
2026-05-15,"CHI @ PHX","1Q","PHX","1Q PHX",2026-05-15 15:51:42.871832,"fd",0.5327,-114,-0.014,-0.015,-0.7514,0.5187,-108,-0.487922077922078
2026-05-15,"LVA @ CON","1Q","LVA","1Q LVA",2026-05-15 15:51:42.871832,"fd",0.4673,114,-0.0076,-0.0071,-0.3567,0.4597,118,-0.231623376623377
2026-05-15,"TOR @ LAS","1Q","LAS","1Q LAS",2026-05-15 15:51:42.871832,"fd",0.5305,-113,-0.0446,-0.0475,-2.376,0.4859,106,-1.54285714285714
2026-05-15,"WAS @ IND","1Q","WAS","1Q WAS",2026-05-15 15:51:42.871832,"fd",0.463,116,0.0017,0.0016,0.0782,0.4646,115,0.0507792207792208
2026-05-15,"LVA @ CON","1Q","CON","1Q CON",2026-05-15 15:51:42.871832,"fd",0.5968,-148,-0.0565,-0.07,-3.5007,0.5403,-118,-2.27318181818182
2026-05-15,"WAS @ IND","1Q","IND","1Q IND",2026-05-15 15:51:42.871832,"fd",0.6032,-152,-0.0678,-0.0855,-4.2725,0.5354,-115,-2.77435064935065
2026-05-15,"CHI @ PHX","1Q","CHI","1Q CHI",2026-05-15 15:51:42.871832,"fd",0.5327,-114,-0.0514,-0.055,-2.7486,0.4813,108,-1.78480519480519
2026-05-15,"TOR @ LAS","1Q","TOR","1Q TOR",2026-05-15 15:51:42.871832,"fd",0.5349,-115,-0.0208,-0.0223,-1.117,0.5141,-106,-0.725324675324675
2026-05-15,"CHI @ PHX","1Q","PHX","1Q PHX",2026-05-15 16:21:45.195846,"fd",0.5327,-114,-0.014,-0.015,-0.7514,0.5187,-108,-0.487922077922078
2026-05-15,"LVA @ CON","1Q","LVA","1Q LVA",2026-05-15 16:21:45.195846,"fd",0.4673,114,-0.0076,-0.0071,-0.3567,0.4597,118,-0.231623376623377
2026-05-15,"TOR @ LAS","1Q","LAS","1Q LAS",2026-05-15 16:21:45.195846,"fd",0.5305,-113,-0.0446,-0.0475,-2.376,0.4859,106,-1.54285714285714
2026-05-15,"WAS @ IND","1Q","WAS","1Q WAS",2026-05-15 16:21:45.195846,"fd",0.463,116,0.0017,0.0016,0.0782,0.4646,115,0.0507792207792208
2026-05-15,"LVA @ CON","1Q","CON","1Q CON",2026-05-15 16:21:45.195846,"fd",0.5968,-148,-0.0565,-0.07,-3.5007,0.5403,-118,-2.27318181818182
2026-05-15,"WAS @ IND","1Q","IND","1Q IND",2026-05-15 16:21:45.195846,"fd",0.6032,-152,-0.0678,-0.0855,-4.2725,0.5354,-115,-2.77435064935065
2026-05-15,"CHI @ PHX","1Q","CHI","1Q CHI",2026-05-15 16:21:45.195846,"fd",0.5327,-114,-0.0514,-0.055,-2.7486,0.4813,108,-1.78480519480519
2026-05-15,"TOR @ LAS","1Q","TOR","1Q TOR",2026-05-15 16:21:45.195846,"fd",0.5349,-115,-0.0208,-0.0223,-1.117,0.5141,-106,-0.725324675324675
2026-05-15,"CHI @ PHX","1Q","PHX","1Q PHX",2026-05-15 16:51:42.604522,"fd",0.5327,-114,-0.014,-0.015,-0.7514,0.5187,-108,-0.487922077922078
2026-05-15,"LVA @ CON","1Q","LVA","1Q LVA",2026-05-15 16:51:42.604522,"fd",0.4673,114,-0.0076,-0.0071,-0.3567,0.4597,118,-0.231623376623377
2026-05-15,"TOR @ LAS","1Q","LAS","1Q LAS",2026-05-15 16:51:42.604522,"fd",0.5305,-113,-0.0446,-0.0475,-2.376,0.4859,106,-1.54285714285714
2026-05-15,"WAS @ IND","1Q","WAS","1Q WAS",2026-05-15 16:51:42.604522,"fd",0.463,116,0.0017,0.0016,0.0782,0.4646,115,0.0507792207792208
2026-05-15,"LVA @ CON","1Q","CON","1Q CON",2026-05-15 16:51:42.604522,"fd",0.5968,-148,-0.0565,-0.07,-3.5007,0.5403,-118,-2.27318181818182
2026-05-15,"WAS @ IND","1Q","IND","1Q IND",2026-05-15 16:51:42.604522,"fd",0.6032,-152,-0.0678,-0.0855,-4.2725,0.5354,-115,-2.77435064935065
2026-05-15,"CHI @ PHX","1Q","CHI","1Q CHI",2026-05-15 16:51:42.604522,"fd",0.5327,-114,-0.0514,-0.055,-2.7486,0.4813,108,-1.78480519480519
2026-05-15,"TOR @ LAS","1Q","TOR","1Q TOR",2026-05-15 16:51:42.604522,"fd",0.5349,-115,-0.0208,-0.0223,-1.117,0.5141,-106,-0.725324675324675
2026-05-15,"CHI @ PHX","1Q","PHX","1Q PHX",2026-05-15 17:21:42.293274,"fd",0.5327,-114,-0.014,-0.015,-0.7514,0.5187,-108,-0.487922077922078
2026-05-15,"LVA @ CON","1Q","LVA","1Q LVA",2026-05-15 17:21:42.293274,"fd",0.4673,114,-0.0076,-0.0071,-0.3567,0.4597,118,-0.231623376623377
2026-05-15,"TOR @ LAS","1Q","LAS","1Q LAS",2026-05-15 17:21:42.293274,"fd",0.5305,-113,-0.0446,-0.0475,-2.376,0.4859,106,-1.54285714285714
2026-05-15,"WAS @ IND","1Q","WAS","1Q WAS",2026-05-15 17:21:42.293274,"fd",0.463,116,0.0017,0.0016,0.0782,0.4646,115,0.0507792207792208
2026-05-15,"LVA @ CON","1Q","CON","1Q CON",2026-05-15 17:21:42.293274,"fd",0.5968,-148,-0.0565,-0.07,-3.5007,0.5403,-118,-2.27318181818182
2026-05-15,"WAS @ IND","1Q","IND","1Q IND",2026-05-15 17:21:42.293274,"fd",0.6032,-152,-0.0678,-0.0855,-4.2725,0.5354,-115,-2.77435064935065
2026-05-15,"CHI @ PHX","1Q","CHI","1Q CHI",2026-05-15 17:21:42.293274,"fd",0.5327,-114,-0.0514,-0.055,-2.7486,0.4813,108,-1.78480519480519
2026-05-15,"TOR @ LAS","1Q","TOR","1Q TOR",2026-05-15 17:21:42.293274,"fd",0.5349,-115,-0.0208,-0.0223,-1.117,0.5141,-106,-0.725324675324675
2026-05-15,"CHI @ PHX","1Q","PHX","1Q PHX",2026-05-15 17:51:40.686617,"fd",0.5327,-114,-0.014,-0.015,-0.7514,0.5187,-108,-0.487922077922078
2026-05-15,"LVA @ CON","1Q","LVA","1Q LVA",2026-05-15 17:51:40.686617,"fd",0.4673,114,-0.0076,-0.0071,-0.3567,0.4597,118,-0.231623376623377
2026-05-15,"TOR @ LAS","1Q","LAS","1Q LAS",2026-05-15 17:51:40.686617,"fd",0.5305,-113,-0.0446,-0.0475,-2.376,0.4859,106,-1.54285714285714
2026-05-15,"WAS @ IND","1Q","WAS","1Q WAS",2026-05-15 17:51:40.686617,"fd",0.463,116,0.0017,0.0016,0.0782,0.4646,115,0.0507792207792208
2026-05-15,"LVA @ CON","1Q","CON","1Q CON",2026-05-15 17:51:40.686617,"fd",0.5968,-148,-0.0565,-0.07,-3.5007,0.5403,-118,-2.27318181818182
2026-05-15,"WAS @ IND","1Q","IND","1Q IND",2026-05-15 17:51:40.686617,"fd",0.6032,-152,-0.0678,-0.0855,-4.2725,0.5354,-115,-2.77435064935065
2026-05-15,"CHI @ PHX","1Q","CHI","1Q CHI",2026-05-15 17:51:40.686617,"fd",0.5327,-114,-0.0514,-0.055,-2.7486,0.4813,108,-1.78480519480519
2026-05-15,"TOR @ LAS","1Q","TOR","1Q TOR",2026-05-15 17:51:40.686617,"fd",0.5349,-115,-0.0208,-0.0223,-1.117,0.5141,-106,-0.725324675324675
2026-05-15,"CHI @ PHX","1Q","PHX","1Q PHX",2026-05-15 18:21:44.216357,"fd",0.5327,-114,-0.014,-0.015,-0.7514,0.5187,-108,-0.487922077922078
2026-05-15,"LVA @ CON","1Q","LVA","1Q LVA",2026-05-15 18:21:44.216357,"fd",0.4673,114,-0.0076,-0.0071,-0.3567,0.4597,118,-0.231623376623377
2026-05-15,"TOR @ LAS","1Q","LAS","1Q LAS",2026-05-15 18:21:44.216357,"fd",0.5305,-113,-0.0446,-0.0475,-2.376,0.4859,106,-1.54285714285714
2026-05-15,"WAS @ IND","1Q","WAS","1Q WAS",2026-05-15 18:21:44.216357,"fd",0.463,116,0.0017,0.0016,0.0782,0.4646,115,0.0507792207792208
2026-05-15,"LVA @ CON","1Q","CON","1Q CON",2026-05-15 18:21:44.216357,"fd",0.5968,-148,-0.0565,-0.07,-3.5007,0.5403,-118,-2.27318181818182
2026-05-15,"WAS @ IND","1Q","IND","1Q IND",2026-05-15 18:21:44.216357,"fd",0.6032,-152,-0.0678,-0.0855,-4.2725,0.5354,-115,-2.77435064935065
2026-05-15,"CHI @ PHX","1Q","CHI","1Q CHI",2026-05-15 18:21:44.216357,"fd",0.5327,-114,-0.0514,-0.055,-2.7486,0.4813,108,-1.78480519480519
2026-05-15,"TOR @ LAS","1Q","TOR","1Q TOR",2026-05-15 18:21:44.216357,"fd",0.5349,-115,-0.0208,-0.0223,-1.117,0.5141,-106,-0.725324675324675
2026-05-15,"CHI @ PHX","1Q","PHX","1Q PHX",2026-05-15 18:51:43.086076,"fd",0.5327,-114,-0.014,-0.015,-0.7514,0.5187,-108,-0.487922077922078
2026-05-15,"LVA @ CON","1Q","LVA","1Q LVA",2026-05-15 18:51:43.086076,"fd",0.4673,114,-0.0076,-0.0071,-0.3567,0.4597,118,-0.231623376623377
2026-05-15,"TOR @ LAS","1Q","LAS","1Q LAS",2026-05-15 18:51:43.086076,"fd",0.5305,-113,-0.0446,-0.0475,-2.376,0.4859,106,-1.54285714285714
2026-05-15,"WAS @ IND","1Q","WAS","1Q WAS",2026-05-15 18:51:43.086076,"fd",0.4587,118,0.0059,0.0055,0.2738,0.4646,115,0.177792207792208
2026-05-15,"LVA @ CON","1Q","CON","1Q CON",2026-05-15 18:51:43.086076,"fd",0.5968,-148,-0.0565,-0.07,-3.5007,0.5403,-118,-2.27318181818182
2026-05-15,"WAS @ IND","1Q","IND","1Q IND",2026-05-15 18:51:43.086076,"fd",0.6063,-154,-0.0709,-0.0901,-4.5049,0.5354,-115,-2.92525974025974
2026-05-15,"CHI @ PHX","1Q","CHI","1Q CHI",2026-05-15 18:51:43.086076,"fd",0.5327,-114,-0.0514,-0.055,-2.7486,0.4813,108,-1.78480519480519
2026-05-15,"TOR @ LAS","1Q","TOR","1Q TOR",2026-05-15 18:51:43.086076,"fd",0.5349,-115,-0.0208,-0.0223,-1.117,0.5141,-106,-0.725324675324675
2026-05-15,"CHI @ PHX","1Q","PHX","1Q PHX",2026-05-15 19:21:44.680031,"fd",0.5327,-114,-0.014,-0.015,-0.7514,0.5187,-108,-0.487922077922078
2026-05-15,"LVA @ CON","1Q","LVA","1Q LVA",2026-05-15 19:21:44.680031,"fd",0.4673,114,-0.0076,-0.0071,-0.3567,0.4597,118,-0.231623376623377
2026-05-15,"TOR @ LAS","1Q","LAS","1Q LAS",2026-05-15 19:21:44.680031,"fd",0.5305,-113,-0.0446,-0.0475,-2.376,0.4859,106,-1.54285714285714
2026-05-15,"WAS @ IND","1Q","WAS","1Q WAS",2026-05-15 19:21:44.680031,"fd",0.4587,118,0.0059,0.0055,0.2738,0.4646,115,0.177792207792208
2026-05-15,"LVA @ CON","1Q","CON","1Q CON",2026-05-15 19:21:44.680031,"fd",0.5968,-148,-0.0565,-0.07,-3.5007,0.5403,-118,-2.27318181818182
2026-05-15,"WAS @ IND","1Q","IND","1Q IND",2026-05-15 19:21:44.680031,"fd",0.6063,-154,-0.0709,-0.0901,-4.5049,0.5354,-115,-2.92525974025974
2026-05-15,"CHI @ PHX","1Q","CHI","1Q CHI",2026-05-15 19:21:44.680031,"fd",0.5327,-114,-0.0514,-0.055,-2.7486,0.4813,108,-1.78480519480519
2026-05-15,"TOR @ LAS","1Q","TOR","1Q TOR",2026-05-15 19:21:44.680031,"fd",0.5349,-115,-0.0208,-0.0223,-1.117,0.5141,-106,-0.725324675324675
2026-05-15,"CHI @ PHX","1Q","PHX","1Q PHX",2026-05-15 19:51:43.217583,"fd",0.5327,-114,-0.014,-0.015,-0.7514,0.5187,-108,-0.487922077922078
2026-05-15,"LVA @ CON","1Q","LVA","1Q LVA",2026-05-15 19:51:43.217583,"fd",0.4673,114,-0.0076,-0.0071,-0.3567,0.4597,118,-0.231623376623377
2026-05-15,"TOR @ LAS","1Q","LAS","1Q LAS",2026-05-15 19:51:43.217583,"fd",0.5305,-113,-0.0446,-0.0475,-2.376,0.4859,106,-1.54285714285714
2026-05-15,"WAS @ IND","1Q","WAS","1Q WAS",2026-05-15 19:51:43.217583,"fd",0.4587,118,0.0059,0.0055,0.2738,0.4646,115,0.177792207792208
2026-05-15,"LVA @ CON","1Q","CON","1Q CON",2026-05-15 19:51:43.217583,"fd",0.5968,-148,-0.0565,-0.07,-3.5007,0.5403,-118,-2.27318181818182
2026-05-15,"WAS @ IND","1Q","IND","1Q IND",2026-05-15 19:51:43.217583,"fd",0.6063,-154,-0.0709,-0.0901,-4.5049,0.5354,-115,-2.92525974025974
2026-05-15,"CHI @ PHX","1Q","CHI","1Q CHI",2026-05-15 19:51:43.217583,"fd",0.5327,-114,-0.0514,-0.055,-2.7486,0.4813,108,-1.78480519480519
2026-05-15,"TOR @ LAS","1Q","TOR","1Q TOR",2026-05-15 19:51:43.217583,"fd",0.5349,-115,-0.0208,-0.0223,-1.117,0.5141,-106,-0.725324675324675
2026-05-15,"CHI @ PHX","1Q","PHX","1Q PHX",2026-05-15 20:21:42.747408,"fd",0.5327,-114,-0.014,-0.015,-0.7514,0.5187,-108,-0.487922077922078
2026-05-15,"LVA @ CON","1Q","LVA","1Q LVA",2026-05-15 20:21:42.747408,"fd",0.4673,114,-0.0076,-0.0071,-0.3567,0.4597,118,-0.231623376623377
2026-05-15,"TOR @ LAS","1Q","LAS","1Q LAS",2026-05-15 20:21:42.747408,"fd",0.5305,-113,-0.0446,-0.0475,-2.376,0.4859,106,-1.54285714285714
2026-05-15,"WAS @ IND","1Q","WAS","1Q WAS",2026-05-15 20:21:42.747408,"fd",0.4587,118,0.0059,0.0055,0.2738,0.4646,115,0.177792207792208
2026-05-15,"LVA @ CON","1Q","CON","1Q CON",2026-05-15 20:21:42.747408,"fd",0.5968,-148,-0.0565,-0.07,-3.5007,0.5403,-118,-2.27318181818182
2026-05-15,"WAS @ IND","1Q","IND","1Q IND",2026-05-15 20:21:42.747408,"fd",0.6063,-154,-0.0709,-0.0901,-4.5049,0.5354,-115,-2.92525974025974
2026-05-15,"CHI @ PHX","1Q","CHI","1Q CHI",2026-05-15 20:21:42.747408,"fd",0.5327,-114,-0.0514,-0.055,-2.7486,0.4813,108,-1.78480519480519
2026-05-15,"TOR @ LAS","1Q","TOR","1Q TOR",2026-05-15 20:21:42.747408,"fd",0.5349,-115,-0.0208,-0.0223,-1.117,0.5141,-106,-0.725324675324675
2026-05-15,"CHI @ PHX","1Q","PHX","1Q PHX",2026-05-15 20:51:42.878117,"fd",0.5327,-114,-0.014,-0.015,-0.7514,0.5187,-108,-0.487922077922078
2026-05-15,"LVA @ CON","1Q","LVA","1Q LVA",2026-05-15 20:51:42.878117,"fd",0.6721,-205,-0.1202,-0.1833,-9.1674,0.5519,-123,-5.95285714285714
2026-05-15,"TOR @ LAS","1Q","LAS","1Q LAS",2026-05-15 20:51:42.878117,"fd",0.5305,-113,-0.0446,-0.0475,-2.376,0.4859,106,-1.54285714285714
2026-05-15,"WAS @ IND","1Q","WAS","1Q WAS",2026-05-15 20:51:42.878117,"fd",0.4587,118,0.0059,0.0055,0.2738,0.4646,115,0.177792207792208
2026-05-15,"LVA @ CON","1Q","CON","1Q CON",2026-05-15 20:51:42.878117,"fd",0.3937,154,0.0544,0.0449,2.243,0.4481,123,1.45649350649351
2026-05-15,"WAS @ IND","1Q","IND","1Q IND",2026-05-15 20:51:42.878117,"fd",0.6063,-154,-0.0709,-0.0901,-4.5049,0.5354,-115,-2.92525974025974
2026-05-15,"CHI @ PHX","1Q","CHI","1Q CHI",2026-05-15 20:51:42.878117,"fd",0.5327,-114,-0.0514,-0.055,-2.7486,0.4813,108,-1.78480519480519
2026-05-15,"TOR @ LAS","1Q","TOR","1Q TOR",2026-05-15 20:51:42.878117,"fd",0.5349,-115,-0.0208,-0.0223,-1.117,0.5141,-106,-0.725324675324675
2026-05-15,"CHI @ PHX","1Q","PHX","1Q PHX",2026-05-15 21:21:40.945622,"fd",0.5327,-114,-0.014,-0.015,-0.7514,0.5187,-108,-0.487922077922078
2026-05-15,"LVA @ CON","1Q","LVA","1Q LVA",2026-05-15 21:21:40.945622,"fd",0.6721,-205,-0.1202,-0.1833,-9.1674,0.5519,-123,-5.95285714285714
2026-05-15,"TOR @ LAS","1Q","LAS","1Q LAS",2026-05-15 21:21:40.945622,"fd",0.5305,-113,-0.0446,-0.0475,-2.376,0.4859,106,-1.54285714285714
2026-05-15,"WAS @ IND","1Q","WAS","1Q WAS",2026-05-15 21:21:40.945622,"fd",0.4587,118,0.0059,0.0055,0.2738,0.4646,115,0.177792207792208
2026-05-15,"LVA @ CON","1Q","CON","1Q CON",2026-05-15 21:21:40.945622,"fd",0.3937,154,0.0544,0.0449,2.243,0.4481,123,1.45649350649351
2026-05-15,"WAS @ IND","1Q","IND","1Q IND",2026-05-15 21:21:40.945622,"fd",0.6063,-154,-0.0709,-0.0901,-4.5049,0.5354,-115,-2.92525974025974
2026-05-15,"CHI @ PHX","1Q","CHI","1Q CHI",2026-05-15 21:21:40.945622,"fd",0.5327,-114,-0.0514,-0.055,-2.7486,0.4813,108,-1.78480519480519
2026-05-15,"TOR @ LAS","1Q","TOR","1Q TOR",2026-05-15 21:21:40.945622,"fd",0.5349,-115,-0.0208,-0.0223,-1.117,0.5141,-106,-0.725324675324675
2026-05-15,"CHI @ PHX","1Q","PHX","1Q PHX",2026-05-15 21:51:43.666273,"fd",0.5327,-114,-0.014,-0.015,-0.7514,0.5187,-108,-0.487922077922078
2026-05-15,"LVA @ CON","1Q","LVA","1Q LVA",2026-05-15 21:51:43.666273,"fd",0.6721,-205,-0.1202,-0.1833,-9.1674,0.5519,-123,-5.95285714285714
2026-05-15,"TOR @ LAS","1Q","LAS","1Q LAS",2026-05-15 21:51:43.666273,"fd",0.5305,-113,-0.0446,-0.0475,-2.376,0.4859,106,-1.54285714285714
2026-05-15,"WAS @ IND","1Q","WAS","1Q WAS",2026-05-15 21:51:43.666273,"fd",0.4587,118,0.0059,0.0055,0.2738,0.4646,115,0.177792207792208
2026-05-15,"LVA @ CON","1Q","CON","1Q CON",2026-05-15 21:51:43.666273,"fd",0.3937,154,0.0544,0.0449,2.243,0.4481,123,1.45649350649351
2026-05-15,"WAS @ IND","1Q","IND","1Q IND",2026-05-15 21:51:43.666273,"fd",0.6063,-154,-0.0709,-0.0901,-4.5049,0.5354,-115,-2.92525974025974
2026-05-15,"CHI @ PHX","1Q","CHI","1Q CHI",2026-05-15 21:51:43.666273,"fd",0.5327,-114,-0.0514,-0.055,-2.7486,0.4813,108,-1.78480519480519
2026-05-15,"TOR @ LAS","1Q","TOR","1Q TOR",2026-05-15 21:51:43.666273,"fd",0.5349,-115,-0.0208,-0.0223,-1.117,0.5141,-106,-0.725324675324675
2026-05-15,"CHI @ PHX","1Q","PHX","1Q PHX",2026-05-15 22:21:41.670285,"fd",0.5349,-115,-0.0162,-0.0174,-0.8718,0.5187,-108,-0.566103896103896
2026-05-15,"LVA @ CON","1Q","LVA","1Q LVA",2026-05-15 22:21:41.670285,"fd",0.6721,-205,-0.1202,-0.1833,-9.1674,0.5519,-123,-5.95285714285714
2026-05-15,"TOR @ LAS","1Q","LAS","1Q LAS",2026-05-15 22:21:41.670285,"fd",0.5327,-114,-0.0468,-0.0501,-2.5045,0.4859,106,-1.6262987012987
2026-05-15,"WAS @ IND","1Q","WAS","1Q WAS",2026-05-15 22:21:41.670285,"fd",0.4587,118,0.0059,0.0055,0.2738,0.4646,115,0.177792207792208
2026-05-15,"LVA @ CON","1Q","CON","1Q CON",2026-05-15 22:21:41.670285,"fd",0.3937,154,0.0544,0.0449,2.243,0.4481,123,1.45649350649351
2026-05-15,"WAS @ IND","1Q","IND","1Q IND",2026-05-15 22:21:41.670285,"fd",0.6063,-154,-0.0709,-0.0901,-4.5049,0.5354,-115,-2.92525974025974
2026-05-15,"CHI @ PHX","1Q","CHI","1Q CHI",2026-05-15 22:21:41.670285,"fd",0.5305,-113,-0.0492,-0.0524,-2.6189,0.4813,108,-1.70058441558442
2026-05-15,"TOR @ LAS","1Q","TOR","1Q TOR",2026-05-15 22:21:41.670285,"fd",0.5327,-114,-0.0186,-0.0199,-0.9955,0.5141,-106,-0.646428571428571
2026-05-15,"CHI @ PHX","1Q","PHX","1Q PHX",2026-05-15 22:51:42.186889,"fd",0.5349,-115,-0.0162,-0.0174,-0.8718,0.5187,-108,-0.566103896103896
2026-05-15,"LVA @ CON","1Q","LVA","1Q LVA",2026-05-15 22:51:42.186889,"fd",0.6721,-205,-0.1202,-0.1833,-9.1674,0.5519,-123,-5.95285714285714
2026-05-15,"TOR @ LAS","1Q","LAS","1Q LAS",2026-05-15 22:51:42.186889,"fd",0.5305,-113,-0.0446,-0.0475,-2.376,0.4859,106,-1.54285714285714
2026-05-15,"WAS @ IND","1Q","WAS","1Q WAS",2026-05-15 22:51:42.186889,"fd",0.4545,120,0.0101,0.0093,0.4628,0.4646,115,0.300519480519481
2026-05-15,"LVA @ CON","1Q","CON","1Q CON",2026-05-15 22:51:42.186889,"fd",0.3937,154,0.0544,0.0449,2.243,0.4481,123,1.45649350649351
2026-05-15,"WAS @ IND","1Q","IND","1Q IND",2026-05-15 22:51:42.186889,"fd",0.6094,-156,-0.074,-0.0947,-4.7372,0.5354,-115,-3.0761038961039
2026-05-15,"CHI @ PHX","1Q","CHI","1Q CHI",2026-05-15 22:51:42.186889,"fd",0.5305,-113,-0.0492,-0.0524,-2.6189,0.4813,108,-1.70058441558442
2026-05-15,"TOR @ LAS","1Q","TOR","1Q TOR",2026-05-15 22:51:42.186889,"fd",0.5349,-115,-0.0208,-0.0223,-1.117,0.5141,-106,-0.725324675324675
2026-05-15,"CHI @ PHX","1Q","PHX","1Q PHX",2026-05-15 23:21:40.739017,"fd",0.5349,-115,-0.0162,-0.0174,-0.8718,0.5187,-108,-0.566103896103896
2026-05-15,"LVA @ CON","1Q","LVA","1Q LVA",2026-05-15 23:21:40.739017,"fd",0.6721,-205,-0.1217,-0.1856,-9.2815,0.5504,-122,-6.02694805194805
2026-05-15,"TOR @ LAS","1Q","LAS","1Q LAS",2026-05-15 23:21:40.739017,"fd",0.5305,-113,-0.0446,-0.0475,-2.376,0.4859,106,-1.54285714285714
2026-05-15,"WAS @ IND","1Q","WAS","1Q WAS",2026-05-15 23:21:40.739017,"fd",0.4587,118,0.0054,0.005,0.2516,0.4642,115,0.163376623376623
2026-05-15,"LVA @ CON","1Q","CON","1Q CON",2026-05-15 23:21:40.739017,"fd",0.3937,154,0.0559,0.0461,2.3047,0.4496,122,1.49655844155844
2026-05-15,"WAS @ IND","1Q","IND","1Q IND",2026-05-15 23:21:40.739017,"fd",0.6063,-154,-0.0705,-0.0895,-4.4743,0.5358,-115,-2.90538961038961
2026-05-15,"CHI @ PHX","1Q","CHI","1Q CHI",2026-05-15 23:21:40.739017,"fd",0.5305,-113,-0.0492,-0.0524,-2.6189,0.4813,108,-1.70058441558442
2026-05-15,"TOR @ LAS","1Q","TOR","1Q TOR",2026-05-15 23:21:40.739017,"fd",0.5349,-115,-0.0208,-0.0223,-1.117,0.5141,-106,-0.725324675324675
2026-05-15,"CHI @ PHX","1Q","PHX","1Q PHX",2026-05-15 23:51:44.971017,"fd",0.5349,-115,-0.0162,-0.0174,-0.8718,0.5187,-108,-0.566103896103896
2026-05-15,"TOR @ LAS","1Q","LAS","1Q LAS",2026-05-15 23:51:44.971017,"fd",0.5305,-113,-0.0446,-0.0475,-2.376,0.4859,106,-1.54285714285714
2026-05-15,"CHI @ PHX","1Q","CHI","1Q CHI",2026-05-15 23:51:44.971017,"fd",0.5305,-113,-0.0492,-0.0524,-2.6189,0.4813,108,-1.70058441558442
2026-05-15,"TOR @ LAS","1Q","TOR","1Q TOR",2026-05-15 23:51:44.971017,"fd",0.5349,-115,-0.0208,-0.0223,-1.117,0.5141,-106,-0.725324675324675
2026-05-15,"CHI @ PHX","1Q","PHX","1Q PHX",2026-05-16 00:21:22.199501,"fd",0.5349,-115,-0.0162,-0.0174,-0.8718,0.5187,-108,-0.566103896103896
2026-05-15,"TOR @ LAS","1Q","LAS","1Q LAS",2026-05-16 00:21:22.199501,"fd",0.5305,-113,-0.0446,-0.0475,-2.376,0.4859,106,-1.54285714285714
2026-05-15,"CHI @ PHX","1Q","CHI","1Q CHI",2026-05-16 00:21:22.199501,"fd",0.5305,-113,-0.0492,-0.0524,-2.6189,0.4813,108,-1.70058441558442
2026-05-15,"TOR @ LAS","1Q","TOR","1Q TOR",2026-05-16 00:21:22.199501,"fd",0.5349,-115,-0.0208,-0.0223,-1.117,0.5141,-106,-0.725324675324675
2026-05-15,"CHI @ PHX","1Q","PHX","1Q PHX",2026-05-16 00:51:23.741371,"fd",0.5413,-118,-0.0226,-0.0247,-1.2328,0.5187,-108,-0.80051948051948
2026-05-15,"TOR @ LAS","1Q","LAS","1Q LAS",2026-05-16 00:51:23.741371,"fd",0.5327,-114,-0.0468,-0.0501,-2.5045,0.4859,106,-1.6262987012987
2026-05-15,"CHI @ PHX","1Q","CHI","1Q CHI",2026-05-16 00:51:23.741371,"fd",0.5305,-113,-0.0492,-0.0524,-2.6189,0.4813,108,-1.70058441558442
2026-05-15,"TOR @ LAS","1Q","TOR","1Q TOR",2026-05-16 00:51:23.741371,"fd",0.5327,-114,-0.0186,-0.0199,-0.9955,0.5141,-106,-0.646428571428571
2026-05-15,"CHI @ PHX","1Q","PHX","1Q PHX",2026-05-16 01:21:26.110022,"fd",0.5413,-118,-0.0226,-0.0247,-1.2328,0.5187,-108,-0.80051948051948
2026-05-15,"TOR @ LAS","1Q","LAS","1Q LAS",2026-05-16 01:21:26.110022,"fd",0.5327,-114,-0.0468,-0.0501,-2.5045,0.4859,106,-1.6262987012987
2026-05-15,"CHI @ PHX","1Q","CHI","1Q CHI",2026-05-16 01:21:26.110022,"fd",0.5238,-110,-0.0425,-0.0446,-2.2299,0.4813,108,-1.44798701298701
2026-05-15,"TOR @ LAS","1Q","TOR","1Q TOR",2026-05-16 01:21:26.110022,"fd",0.5327,-114,-0.0186,-0.0199,-0.9955,0.5141,-106,-0.646428571428571
2026-05-15,"CHI @ PHX","1Q","PHX","1Q PHX",2026-05-16 01:51:23.171665,"fd",0.5349,-115,-0.0162,-0.0174,-0.8718,0.5187,-108,-0.566103896103896
2026-05-15,"TOR @ LAS","1Q","LAS","1Q LAS",2026-05-16 01:51:23.171665,"fd",0.5327,-114,-0.0468,-0.0501,-2.5045,0.4859,106,-1.6262987012987
2026-05-15,"CHI @ PHX","1Q","CHI","1Q CHI",2026-05-16 01:51:23.171665,"fd",0.5305,-113,-0.0492,-0.0524,-2.6189,0.4813,108,-1.70058441558442
2026-05-15,"TOR @ LAS","1Q","TOR","1Q TOR",2026-05-16 01:51:23.171665,"fd",0.5327,-114,-0.0186,-0.0199,-0.9955,0.5141,-106,-0.646428571428571
2026-05-17,"LVA @ ATL","1Q","LVA","1Q LVA",2026-05-17 11:22:05.038707,"fd",0.5455,-120,-0.0515,-0.0567,-2.8334,0.4939,102,-1.83987012987013
2026-05-17,"TOR @ LAS","1Q","LAS","1Q LAS",2026-05-17 11:22:05.038707,"fd",0.5305,-113,-0.0398,-0.0424,-2.122,0.4907,104,-1.37792207792208
2026-05-17,"CHI @ MIN","1Q","MIN","1Q MIN",2026-05-17 11:22:05.038707,"fd",0.4808,108,-0.0121,-0.0116,-0.5811,0.4687,113,-0.377337662337662
2026-05-17,"SEA @ IND","1Q","IND","1Q IND",2026-05-17 11:22:05.038707,"fd",0.6269,-168,-0.0891,-0.1193,-5.9668,0.5378,-116,-3.87454545454545
2026-05-17,"SEA @ IND","1Q","SEA","1Q SEA",2026-05-17 11:22:05.038707,"fd",0.4386,128,0.0236,0.021,1.0507,0.4622,116,0.682272727272727
2026-05-17,"CHI @ MIN","1Q","CHI","1Q CHI",2026-05-17 11:22:05.038707,"fd",0.5833,-140,-0.052,-0.0624,-3.122,0.5313,-113,-2.02727272727273
2026-05-17,"LVA @ ATL","1Q","ATL","1Q ATL",2026-05-17 11:22:05.038707,"fd",0.5192,-108,-0.0132,-0.0137,-0.6848,0.5061,-102,-0.444675324675325
2026-05-17,"TOR @ LAS","1Q","TOR","1Q TOR",2026-05-17 11:22:05.038707,"fd",0.5349,-115,-0.0256,-0.0275,-1.3733,0.5093,-104,-0.891753246753247
2026-05-17,"LVA @ ATL","1Q","LVA","1Q LVA",2026-05-17 11:51:39.943501,"fd",0.5455,-120,-0.0515,-0.0567,-2.8334,0.4939,102,-1.83987012987013
2026-05-17,"TOR @ LAS","1Q","LAS","1Q LAS",2026-05-17 11:51:39.943501,"fd",0.5305,-113,-0.0398,-0.0424,-2.122,0.4907,104,-1.37792207792208
2026-05-17,"CHI @ MIN","1Q","MIN","1Q MIN",2026-05-17 11:51:39.943501,"fd",0.4808,108,-0.0121,-0.0116,-0.5811,0.4687,113,-0.377337662337662
2026-05-17,"SEA @ IND","1Q","IND","1Q IND",2026-05-17 11:51:39.943501,"fd",0.6269,-168,-0.0891,-0.1193,-5.9668,0.5378,-116,-3.87454545454545
2026-05-17,"SEA @ IND","1Q","SEA","1Q SEA",2026-05-17 11:51:39.943501,"fd",0.4386,128,0.0236,0.021,1.0507,0.4622,116,0.682272727272727
2026-05-17,"CHI @ MIN","1Q","CHI","1Q CHI",2026-05-17 11:51:39.943501,"fd",0.5833,-140,-0.052,-0.0624,-3.122,0.5313,-113,-2.02727272727273
2026-05-17,"LVA @ ATL","1Q","ATL","1Q ATL",2026-05-17 11:51:39.943501,"fd",0.5192,-108,-0.0132,-0.0137,-0.6848,0.5061,-102,-0.444675324675325
2026-05-17,"TOR @ LAS","1Q","TOR","1Q TOR",2026-05-17 11:51:39.943501,"fd",0.5349,-115,-0.0256,-0.0275,-1.3733,0.5093,-104,-0.891753246753247
2026-05-17,"LVA @ ATL","1Q","LVA","1Q LVA",2026-05-17 12:21:42.20838,"fd",0.5455,-120,-0.0515,-0.0567,-2.8334,0.4939,102,-1.83987012987013
2026-05-17,"TOR @ LAS","1Q","LAS","1Q LAS",2026-05-17 12:21:42.20838,"fd",0.5305,-113,-0.0398,-0.0424,-2.122,0.4907,104,-1.37792207792208
2026-05-17,"CHI @ MIN","1Q","MIN","1Q MIN",2026-05-17 12:21:42.20838,"fd",0.4808,108,-0.0121,-0.0116,-0.5811,0.4687,113,-0.377337662337662
2026-05-17,"SEA @ IND","1Q","IND","1Q IND",2026-05-17 12:21:42.20838,"fd",0.6269,-168,-0.0891,-0.1193,-5.9668,0.5378,-116,-3.87454545454545
2026-05-17,"SEA @ IND","1Q","SEA","1Q SEA",2026-05-17 12:21:42.20838,"fd",0.4386,128,0.0236,0.021,1.0507,0.4622,116,0.682272727272727
2026-05-17,"CHI @ MIN","1Q","CHI","1Q CHI",2026-05-17 12:21:42.20838,"fd",0.5833,-140,-0.052,-0.0624,-3.122,0.5313,-113,-2.02727272727273
2026-05-17,"LVA @ ATL","1Q","ATL","1Q ATL",2026-05-17 12:21:42.20838,"fd",0.5192,-108,-0.0132,-0.0137,-0.6848,0.5061,-102,-0.444675324675325
2026-05-17,"TOR @ LAS","1Q","TOR","1Q TOR",2026-05-17 12:21:42.20838,"fd",0.5349,-115,-0.0256,-0.0275,-1.3733,0.5093,-104,-0.891753246753247
2026-05-17,"LVA @ ATL","1Q","LVA","1Q LVA",2026-05-17 12:51:42.739486,"fd",0.5455,-120,-0.0515,-0.0567,-2.8334,0.4939,102,-1.83987012987013
2026-05-17,"TOR @ LAS","1Q","LAS","1Q LAS",2026-05-17 12:51:42.739486,"fd",0.5305,-113,-0.0398,-0.0424,-2.122,0.4907,104,-1.37792207792208
2026-05-17,"CHI @ MIN","1Q","MIN","1Q MIN",2026-05-17 12:51:42.739486,"fd",0.4808,108,-0.0121,-0.0116,-0.5811,0.4687,113,-0.377337662337662
2026-05-17,"SEA @ IND","1Q","IND","1Q IND",2026-05-17 12:51:42.739486,"fd",0.6269,-168,-0.0891,-0.1193,-5.9668,0.5378,-116,-3.87454545454545
2026-05-17,"SEA @ IND","1Q","SEA","1Q SEA",2026-05-17 12:51:42.739486,"fd",0.4386,128,0.0236,0.021,1.0507,0.4622,116,0.682272727272727
2026-05-17,"CHI @ MIN","1Q","CHI","1Q CHI",2026-05-17 12:51:42.739486,"fd",0.5833,-140,-0.052,-0.0624,-3.122,0.5313,-113,-2.02727272727273
2026-05-17,"LVA @ ATL","1Q","ATL","1Q ATL",2026-05-17 12:51:42.739486,"fd",0.5192,-108,-0.0132,-0.0137,-0.6848,0.5061,-102,-0.444675324675325
2026-05-17,"TOR @ LAS","1Q","TOR","1Q TOR",2026-05-17 12:51:42.739486,"fd",0.5349,-115,-0.0256,-0.0275,-1.3733,0.5093,-104,-0.891753246753247
2026-05-17,"LVA @ ATL","1Q","LVA","1Q LVA",2026-05-17 13:21:43.454498,"fd",0.5455,-120,-0.0515,-0.0567,-2.8334,0.4939,102,-1.83987012987013
2026-05-17,"TOR @ LAS","1Q","LAS","1Q LAS",2026-05-17 13:21:43.454498,"fd",0.5305,-113,-0.0398,-0.0424,-2.122,0.4907,104,-1.37792207792208
2026-05-17,"CHI @ MIN","1Q","MIN","1Q MIN",2026-05-17 13:21:43.454498,"fd",0.4808,108,-0.0121,-0.0116,-0.5811,0.4687,113,-0.377337662337662
2026-05-17,"SEA @ IND","1Q","IND","1Q IND",2026-05-17 13:21:43.454498,"fd",0.6296,-170,-0.0918,-0.124,-6.1979,0.5378,-116,-4.02461038961039
2026-05-17,"SEA @ IND","1Q","SEA","1Q SEA",2026-05-17 13:21:43.454498,"fd",0.4348,130,0.0274,0.0242,1.2123,0.4622,116,0.787207792207792
2026-05-17,"CHI @ MIN","1Q","CHI","1Q CHI",2026-05-17 13:21:43.454498,"fd",0.5833,-140,-0.052,-0.0624,-3.122,0.5313,-113,-2.02727272727273
2026-05-17,"LVA @ ATL","1Q","ATL","1Q ATL",2026-05-17 13:21:43.454498,"fd",0.5192,-108,-0.0132,-0.0137,-0.6848,0.5061,-102,-0.444675324675325
2026-05-17,"TOR @ LAS","1Q","TOR","1Q TOR",2026-05-17 13:21:43.454498,"fd",0.5349,-115,-0.0256,-0.0275,-1.3733,0.5093,-104,-0.891753246753247
2026-05-17,"LVA @ ATL","1Q","LVA","1Q LVA",2026-05-17 13:51:42.733285,"fd",0.5455,-120,-0.0515,-0.0567,-2.8334,0.4939,102,-1.83987012987013
2026-05-17,"TOR @ LAS","1Q","LAS","1Q LAS",2026-05-17 13:51:42.733285,"fd",0.5305,-113,-0.0398,-0.0424,-2.122,0.4907,104,-1.37792207792208
2026-05-17,"CHI @ MIN","1Q","MIN","1Q MIN",2026-05-17 13:51:42.733285,"fd",0.4762,110,-0.0075,-0.0072,-0.3575,0.4687,113,-0.232142857142857
2026-05-17,"SEA @ IND","1Q","IND","1Q IND",2026-05-17 13:51:42.733285,"fd",0.6296,-170,-0.0918,-0.124,-6.1979,0.5378,-116,-4.02461038961039
2026-05-17,"SEA @ IND","1Q","SEA","1Q SEA",2026-05-17 13:51:42.733285,"fd",0.4348,130,0.0274,0.0242,1.2123,0.4622,116,0.787207792207792
2026-05-17,"CHI @ MIN","1Q","CHI","1Q CHI",2026-05-17 13:51:42.733285,"fd",0.5902,-144,-0.0589,-0.0718,-3.5907,0.5313,-113,-2.33162337662338
2026-05-17,"LVA @ ATL","1Q","ATL","1Q ATL",2026-05-17 13:51:42.733285,"fd",0.5192,-108,-0.0132,-0.0137,-0.6848,0.5061,-102,-0.444675324675325
2026-05-17,"TOR @ LAS","1Q","TOR","1Q TOR",2026-05-17 13:51:42.733285,"fd",0.5349,-115,-0.0256,-0.0275,-1.3733,0.5093,-104,-0.891753246753247
2026-05-17,"LVA @ ATL","1Q","LVA","1Q LVA",2026-05-17 14:21:41.668293,"fd",0.5455,-120,-0.0515,-0.0567,-2.8334,0.4939,102,-1.83987012987013
2026-05-17,"TOR @ LAS","1Q","LAS","1Q LAS",2026-05-17 14:21:41.668293,"fd",0.5305,-113,-0.0398,-0.0424,-2.122,0.4907,104,-1.37792207792208
2026-05-17,"CHI @ MIN","1Q","MIN","1Q MIN",2026-05-17 14:21:41.668293,"fd",0.4762,110,-0.0075,-0.0072,-0.3575,0.4687,113,-0.232142857142857
2026-05-17,"SEA @ IND","1Q","IND","1Q IND",2026-05-17 14:21:41.668293,"fd",0.6296,-170,-0.0918,-0.124,-6.1979,0.5378,-116,-4.02461038961039
2026-05-17,"SEA @ IND","1Q","SEA","1Q SEA",2026-05-17 14:21:41.668293,"fd",0.4348,130,0.0274,0.0242,1.2123,0.4622,116,0.787207792207792
2026-05-17,"CHI @ MIN","1Q","CHI","1Q CHI",2026-05-17 14:21:41.668293,"fd",0.5902,-144,-0.0589,-0.0718,-3.5907,0.5313,-113,-2.33162337662338
2026-05-17,"LVA @ ATL","1Q","ATL","1Q ATL",2026-05-17 14:21:41.668293,"fd",0.5192,-108,-0.0132,-0.0137,-0.6848,0.5061,-102,-0.444675324675325
2026-05-17,"TOR @ LAS","1Q","TOR","1Q TOR",2026-05-17 14:21:41.668293,"fd",0.5349,-115,-0.0256,-0.0275,-1.3733,0.5093,-104,-0.891753246753247
2026-05-17,"LVA @ ATL","1Q","LVA","1Q LVA",2026-05-17 14:51:39.997933,"fd",0.5455,-120,-0.0535,-0.0589,-2.9448,0.4919,103,-1.91220779220779
2026-05-17,"TOR @ LAS","1Q","LAS","1Q LAS",2026-05-17 14:51:39.997933,"fd",0.5305,-113,-0.0398,-0.0424,-2.122,0.4907,104,-1.37792207792208
2026-05-17,"CHI @ MIN","1Q","MIN","1Q MIN",2026-05-17 14:51:39.997933,"fd",0.4762,110,-0.0075,-0.0072,-0.3575,0.4687,113,-0.232142857142857
2026-05-17,"SEA @ IND","1Q","IND","1Q IND",2026-05-17 14:51:39.997933,"fd",0.6296,-170,-0.0918,-0.124,-6.1979,0.5378,-116,-4.02461038961039
2026-05-17,"SEA @ IND","1Q","SEA","1Q SEA",2026-05-17 14:51:39.997933,"fd",0.4348,130,0.0274,0.0242,1.2123,0.4622,116,0.787207792207792
2026-05-17,"CHI @ MIN","1Q","CHI","1Q CHI",2026-05-17 14:51:39.997933,"fd",0.5902,-144,-0.0589,-0.0718,-3.5907,0.5313,-113,-2.33162337662338
2026-05-17,"LVA @ ATL","1Q","ATL","1Q ATL",2026-05-17 14:51:39.997933,"fd",0.5192,-108,-0.0111,-0.0116,-0.5795,0.5081,-103,-0.376298701298701
2026-05-17,"TOR @ LAS","1Q","TOR","1Q TOR",2026-05-17 14:51:39.997933,"fd",0.5349,-115,-0.0256,-0.0275,-1.3733,0.5093,-104,-0.891753246753247
2026-05-17,"LVA @ ATL","1Q","LVA","1Q LVA",2026-05-17 15:21:39.064899,"fd",0.5455,-120,-0.0535,-0.0589,-2.9448,0.4919,103,-1.91220779220779
2026-05-17,"TOR @ LAS","1Q","LAS","1Q LAS",2026-05-17 15:21:39.064899,"fd",0.5305,-113,-0.0398,-0.0424,-2.122,0.4907,104,-1.37792207792208
2026-05-17,"CHI @ MIN","1Q","MIN","1Q MIN",2026-05-17 15:21:39.064899,"fd",0.4762,110,-0.0075,-0.0072,-0.3575,0.4687,113,-0.232142857142857
2026-05-17,"SEA @ IND","1Q","IND","1Q IND",2026-05-17 15:21:39.064899,"fd",0.6296,-170,-0.0918,-0.124,-6.1979,0.5378,-116,-4.02461038961039
2026-05-17,"SEA @ IND","1Q","SEA","1Q SEA",2026-05-17 15:21:39.064899,"fd",0.4348,130,0.0274,0.0242,1.2123,0.4622,116,0.787207792207792
2026-05-17,"CHI @ MIN","1Q","CHI","1Q CHI",2026-05-17 15:21:39.064899,"fd",0.5902,-144,-0.0589,-0.0718,-3.5907,0.5313,-113,-2.33162337662338
2026-05-17,"LVA @ ATL","1Q","ATL","1Q ATL",2026-05-17 15:21:39.064899,"fd",0.5192,-108,-0.0111,-0.0116,-0.5795,0.5081,-103,-0.376298701298701
2026-05-17,"TOR @ LAS","1Q","TOR","1Q TOR",2026-05-17 15:21:39.064899,"fd",0.5349,-115,-0.0256,-0.0275,-1.3733,0.5093,-104,-0.891753246753247
2026-05-17,"LVA @ ATL","1Q","LVA","1Q LVA",2026-05-17 15:51:41.013652,"fd",0.5495,-122,-0.0576,-0.064,-3.1988,0.4919,103,-2.07714285714286
2026-05-17,"TOR @ LAS","1Q","LAS","1Q LAS",2026-05-17 15:51:41.013652,"fd",0.5305,-113,-0.0398,-0.0424,-2.122,0.4907,104,-1.37792207792208
2026-05-17,"CHI @ MIN","1Q","MIN","1Q MIN",2026-05-17 15:51:41.013652,"fd",0.4762,110,-0.0075,-0.0072,-0.3575,0.4687,113,-0.232142857142857
2026-05-17,"SEA @ IND","1Q","IND","1Q IND",2026-05-17 15:51:41.013652,"fd",0.6296,-170,-0.0918,-0.124,-6.1979,0.5378,-116,-4.02461038961039
2026-05-17,"SEA @ IND","1Q","SEA","1Q SEA",2026-05-17 15:51:41.013652,"fd",0.4348,130,0.0274,0.0242,1.2123,0.4622,116,0.787207792207792
2026-05-17,"CHI @ MIN","1Q","CHI","1Q CHI",2026-05-17 15:51:41.013652,"fd",0.5902,-144,-0.0589,-0.0718,-3.5907,0.5313,-113,-2.33162337662338
2026-05-17,"LVA @ ATL","1Q","ATL","1Q ATL",2026-05-17 15:51:41.013652,"fd",0.5146,-106,-0.0065,-0.0067,-0.3335,0.5081,-103,-0.216558441558442
2026-05-17,"TOR @ LAS","1Q","TOR","1Q TOR",2026-05-17 15:51:41.013652,"fd",0.5349,-115,-0.0256,-0.0275,-1.3733,0.5093,-104,-0.891753246753247
2026-05-17,"LVA @ ATL","1Q","LVA","1Q LVA",2026-05-17 16:21:40.323171,"fd",0.5495,-122,-0.0576,-0.064,-3.1988,0.4919,103,-2.07714285714286
2026-05-17,"TOR @ LAS","1Q","LAS","1Q LAS",2026-05-17 16:21:40.323171,"fd",0.5305,-113,-0.0398,-0.0424,-2.122,0.4907,104,-1.37792207792208
2026-05-17,"CHI @ MIN","1Q","MIN","1Q MIN",2026-05-17 16:21:40.323171,"fd",0.4808,108,-0.0121,-0.0116,-0.5811,0.4687,113,-0.377337662337662
2026-05-17,"SEA @ IND","1Q","IND","1Q IND",2026-05-17 16:21:40.323171,"fd",0.6296,-170,-0.0918,-0.124,-6.1979,0.5378,-116,-4.02461038961039
2026-05-17,"SEA @ IND","1Q","SEA","1Q SEA",2026-05-17 16:21:40.323171,"fd",0.4348,130,0.0274,0.0242,1.2123,0.4622,116,0.787207792207792
2026-05-17,"CHI @ MIN","1Q","CHI","1Q CHI",2026-05-17 16:21:40.323171,"fd",0.5833,-140,-0.052,-0.0624,-3.122,0.5313,-113,-2.02727272727273
2026-05-17,"LVA @ ATL","1Q","ATL","1Q ATL",2026-05-17 16:21:40.323171,"fd",0.5146,-106,-0.0065,-0.0067,-0.3335,0.5081,-103,-0.216558441558442
2026-05-17,"TOR @ LAS","1Q","TOR","1Q TOR",2026-05-17 16:21:40.323171,"fd",0.5349,-115,-0.0256,-0.0275,-1.3733,0.5093,-104,-0.891753246753247
2026-05-17,"LVA @ ATL","1Q","LVA","1Q LVA",2026-05-17 16:51:44.20879,"fd",0.5495,-122,-0.0576,-0.064,-3.1988,0.4919,103,-2.07714285714286
2026-05-17,"TOR @ LAS","1Q","LAS","1Q LAS",2026-05-17 16:51:44.20879,"fd",0.5305,-113,-0.0398,-0.0424,-2.122,0.4907,104,-1.37792207792208
2026-05-17,"CHI @ MIN","1Q","MIN","1Q MIN",2026-05-17 16:51:44.20879,"fd",0.4808,108,-0.0121,-0.0116,-0.5811,0.4687,113,-0.377337662337662
2026-05-17,"SEA @ IND","1Q","IND","1Q IND",2026-05-17 16:51:44.20879,"fd",0.6296,-170,-0.0918,-0.124,-6.1979,0.5378,-116,-4.02461038961039
2026-05-17,"SEA @ IND","1Q","SEA","1Q SEA",2026-05-17 16:51:44.20879,"fd",0.4348,130,0.0274,0.0242,1.2123,0.4622,116,0.787207792207792
2026-05-17,"CHI @ MIN","1Q","CHI","1Q CHI",2026-05-17 16:51:44.20879,"fd",0.5833,-140,-0.052,-0.0624,-3.122,0.5313,-113,-2.02727272727273
2026-05-17,"LVA @ ATL","1Q","ATL","1Q ATL",2026-05-17 16:51:44.20879,"fd",0.5146,-106,-0.0065,-0.0067,-0.3335,0.5081,-103,-0.216558441558442
2026-05-17,"TOR @ LAS","1Q","TOR","1Q TOR",2026-05-17 16:51:44.20879,"fd",0.5349,-115,-0.0256,-0.0275,-1.3733,0.5093,-104,-0.891753246753247
2026-05-17,"LVA @ ATL","1Q","LVA","1Q LVA",2026-05-17 17:21:40.444149,"fd",0.5495,-122,-0.0576,-0.064,-3.1988,0.4919,103,-2.07714285714286
2026-05-17,"TOR @ LAS","1Q","LAS","1Q LAS",2026-05-17 17:21:40.444149,"fd",0.5305,-113,-0.0398,-0.0424,-2.122,0.4907,104,-1.37792207792208
2026-05-17,"CHI @ MIN","1Q","MIN","1Q MIN",2026-05-17 17:21:40.444149,"fd",0.4808,108,-0.0121,-0.0116,-0.5811,0.4687,113,-0.377337662337662
2026-05-17,"SEA @ IND","1Q","IND","1Q IND",2026-05-17 17:21:40.444149,"fd",0.6296,-170,-0.0918,-0.124,-6.1979,0.5378,-116,-4.02461038961039
2026-05-17,"SEA @ IND","1Q","SEA","1Q SEA",2026-05-17 17:21:40.444149,"fd",0.4348,130,0.0274,0.0242,1.2123,0.4622,116,0.787207792207792
2026-05-17,"CHI @ MIN","1Q","CHI","1Q CHI",2026-05-17 17:21:40.444149,"fd",0.5833,-140,-0.052,-0.0624,-3.122,0.5313,-113,-2.02727272727273
2026-05-17,"LVA @ ATL","1Q","ATL","1Q ATL",2026-05-17 17:21:40.444149,"fd",0.5146,-106,-0.0065,-0.0067,-0.3335,0.5081,-103,-0.216558441558442
2026-05-17,"TOR @ LAS","1Q","TOR","1Q TOR",2026-05-17 17:21:40.444149,"fd",0.5349,-115,-0.0256,-0.0275,-1.3733,0.5093,-104,-0.891753246753247
2026-05-17,"LVA @ ATL","1Q","LVA","1Q LVA",2026-05-17 17:51:43.401482,"fd",0.5495,-122,-0.0576,-0.064,-3.1988,0.4919,103,-2.07714285714286
2026-05-17,"TOR @ LAS","1Q","LAS","1Q LAS",2026-05-17 17:51:43.401482,"fd",0.5305,-113,-0.0398,-0.0424,-2.122,0.4907,104,-1.37792207792208
2026-05-17,"CHI @ MIN","1Q","MIN","1Q MIN",2026-05-17 17:51:43.401482,"fd",0.4808,108,-0.0121,-0.0116,-0.5811,0.4687,113,-0.377337662337662
2026-05-17,"SEA @ IND","1Q","IND","1Q IND",2026-05-17 17:51:43.401482,"fd",0.6296,-170,-0.0918,-0.124,-6.1979,0.5378,-116,-4.02461038961039
2026-05-17,"SEA @ IND","1Q","SEA","1Q SEA",2026-05-17 17:51:43.401482,"fd",0.4348,130,0.0274,0.0242,1.2123,0.4622,116,0.787207792207792
2026-05-17,"CHI @ MIN","1Q","CHI","1Q CHI",2026-05-17 17:51:43.401482,"fd",0.5833,-140,-0.052,-0.0624,-3.122,0.5313,-113,-2.02727272727273
2026-05-17,"LVA @ ATL","1Q","ATL","1Q ATL",2026-05-17 17:51:43.401482,"fd",0.5146,-106,-0.0065,-0.0067,-0.3335,0.5081,-103,-0.216558441558442
2026-05-17,"TOR @ LAS","1Q","TOR","1Q TOR",2026-05-17 17:51:43.401482,"fd",0.5349,-115,-0.0256,-0.0275,-1.3733,0.5093,-104,-0.891753246753247
2026-05-17,"TOR @ LAS","1Q","LAS","1Q LAS",2026-05-17 18:21:41.50727,"fd",0.5305,-113,-0.0398,-0.0424,-2.122,0.4907,104,-1.37792207792208
2026-05-17,"CHI @ MIN","1Q","MIN","1Q MIN",2026-05-17 18:21:41.50727,"fd",0.4808,108,-0.0121,-0.0116,-0.5811,0.4687,113,-0.377337662337662
2026-05-17,"SEA @ IND","1Q","IND","1Q IND",2026-05-17 18:21:41.50727,"fd",0.6296,-170,-0.0918,-0.124,-6.1979,0.5378,-116,-4.02461038961039
2026-05-17,"SEA @ IND","1Q","SEA","1Q SEA",2026-05-17 18:21:41.50727,"fd",0.4348,130,0.0274,0.0242,1.2123,0.4622,116,0.787207792207792
2026-05-17,"CHI @ MIN","1Q","CHI","1Q CHI",2026-05-17 18:21:41.50727,"fd",0.5833,-140,-0.052,-0.0624,-3.122,0.5313,-113,-2.02727272727273
2026-05-17,"TOR @ LAS","1Q","TOR","1Q TOR",2026-05-17 18:21:41.50727,"fd",0.5349,-115,-0.0256,-0.0275,-1.3733,0.5093,-104,-0.891753246753247
2026-05-17,"TOR @ LAS","1Q","LAS","1Q LAS",2026-05-17 18:51:43.145511,"fd",0.5305,-113,-0.0398,-0.0424,-2.122,0.4907,104,-1.37792207792208
2026-05-17,"CHI @ MIN","1Q","MIN","1Q MIN",2026-05-17 18:51:43.145511,"fd",0.4808,108,-0.0121,-0.0116,-0.5811,0.4687,113,-0.377337662337662
2026-05-17,"SEA @ IND","1Q","IND","1Q IND",2026-05-17 18:51:43.145511,"fd",0.6296,-170,-0.0918,-0.124,-6.1979,0.5378,-116,-4.02461038961039
2026-05-17,"SEA @ IND","1Q","SEA","1Q SEA",2026-05-17 18:51:43.145511,"fd",0.4348,130,0.0274,0.0242,1.2123,0.4622,116,0.787207792207792
2026-05-17,"CHI @ MIN","1Q","CHI","1Q CHI",2026-05-17 18:51:43.145511,"fd",0.5833,-140,-0.052,-0.0624,-3.122,0.5313,-113,-2.02727272727273
2026-05-17,"TOR @ LAS","1Q","TOR","1Q TOR",2026-05-17 18:51:43.145511,"fd",0.5349,-115,-0.0256,-0.0275,-1.3733,0.5093,-104,-0.891753246753247
2026-05-17,"TOR @ LAS","1Q","LAS","1Q LAS",2026-05-17 19:21:41.167999,"fd",0.5305,-113,-0.0398,-0.0424,-2.122,0.4907,104,-1.37792207792208
2026-05-17,"CHI @ MIN","1Q","MIN","1Q MIN",2026-05-17 19:21:41.167999,"fd",0.4808,108,-0.0121,-0.0116,-0.5811,0.4687,113,-0.377337662337662
2026-05-17,"SEA @ IND","1Q","IND","1Q IND",2026-05-17 19:21:41.167999,"fd",0.6296,-170,-0.0918,-0.124,-6.1979,0.5378,-116,-4.02461038961039
2026-05-17,"SEA @ IND","1Q","SEA","1Q SEA",2026-05-17 19:21:41.167999,"fd",0.4348,130,0.0274,0.0242,1.2123,0.4622,116,0.787207792207792
2026-05-17,"CHI @ MIN","1Q","CHI","1Q CHI",2026-05-17 19:21:41.167999,"fd",0.5833,-140,-0.052,-0.0624,-3.122,0.5313,-113,-2.02727272727273
2026-05-17,"TOR @ LAS","1Q","TOR","1Q TOR",2026-05-17 19:21:41.167999,"fd",0.5349,-115,-0.0256,-0.0275,-1.3733,0.5093,-104,-0.891753246753247
2026-05-17,"TOR @ LAS","1Q","LAS","1Q LAS",2026-05-17 19:51:41.052941,"fd",0.5305,-113,-0.0398,-0.0424,-2.122,0.4907,104,-1.37792207792208
2026-05-17,"CHI @ MIN","1Q","MIN","1Q MIN",2026-05-17 19:51:41.052941,"fd",0.4808,108,-0.0121,-0.0116,-0.5811,0.4687,113,-0.377337662337662
2026-05-17,"SEA @ IND","1Q","IND","1Q IND",2026-05-17 19:51:41.052941,"fd",0.6296,-170,-0.0918,-0.124,-6.1979,0.5378,-116,-4.02461038961039
2026-05-17,"SEA @ IND","1Q","SEA","1Q SEA",2026-05-17 19:51:41.052941,"fd",0.431,132,0.0312,0.0274,1.369,0.4622,116,0.888961038961039
2026-05-17,"CHI @ MIN","1Q","CHI","1Q CHI",2026-05-17 19:51:41.052941,"fd",0.5833,-140,-0.052,-0.0624,-3.122,0.5313,-113,-2.02727272727273
2026-05-17,"TOR @ LAS","1Q","TOR","1Q TOR",2026-05-17 19:51:41.052941,"fd",0.5349,-115,-0.0256,-0.0275,-1.3733,0.5093,-104,-0.891753246753247
2026-05-17,"TOR @ LAS","1Q","LAS","1Q LAS",2026-05-17 20:21:43.48432,"fd",0.5305,-113,-0.0398,-0.0424,-2.122,0.4907,104,-1.37792207792208
2026-05-17,"CHI @ MIN","1Q","MIN","1Q MIN",2026-05-17 20:21:43.48432,"fd",0.4808,108,-0.0121,-0.0116,-0.5811,0.4687,113,-0.377337662337662
2026-05-17,"SEA @ IND","1Q","IND","1Q IND",2026-05-17 20:21:43.48432,"fd",0.6296,-170,-0.1089,-0.147,-7.3493,0.5208,-109,-4.77227272727273
2026-05-17,"SEA @ IND","1Q","SEA","1Q SEA",2026-05-17 20:21:43.48432,"fd",0.431,132,0.0482,0.0424,2.1185,0.4792,109,1.37564935064935
2026-05-17,"CHI @ MIN","1Q","CHI","1Q CHI",2026-05-17 20:21:43.48432,"fd",0.5833,-140,-0.052,-0.0624,-3.122,0.5313,-113,-2.02727272727273
2026-05-17,"TOR @ LAS","1Q","TOR","1Q TOR",2026-05-17 20:21:43.48432,"fd",0.5349,-115,-0.0256,-0.0275,-1.3733,0.5093,-104,-0.891753246753247
2026-05-17,"TOR @ LAS","1Q","LAS","1Q LAS",2026-05-17 20:51:42.931702,"fd",0.5305,-113,-0.0398,-0.0424,-2.122,0.4907,104,-1.37792207792208
2026-05-17,"CHI @ MIN","1Q","MIN","1Q MIN",2026-05-17 20:51:42.931702,"fd",0.4808,108,-0.0121,-0.0116,-0.5811,0.4687,113,-0.377337662337662
2026-05-17,"SEA @ IND","1Q","IND","1Q IND",2026-05-17 20:51:42.931702,"fd",0.6269,-168,-0.1061,-0.1422,-7.1097,0.5208,-109,-4.61668831168831
2026-05-17,"SEA @ IND","1Q","SEA","1Q SEA",2026-05-17 20:51:42.931702,"fd",0.4386,128,0.0407,0.0362,1.8103,0.4792,109,1.17551948051948
2026-05-17,"CHI @ MIN","1Q","CHI","1Q CHI",2026-05-17 20:51:42.931702,"fd",0.5833,-140,-0.052,-0.0624,-3.122,0.5313,-113,-2.02727272727273
2026-05-17,"TOR @ LAS","1Q","TOR","1Q TOR",2026-05-17 20:51:42.931702,"fd",0.5349,-115,-0.0256,-0.0275,-1.3733,0.5093,-104,-0.891753246753247
2026-05-17,"TOR @ LAS","1Q","LAS","1Q LAS",2026-05-17 21:21:40.75,"fd",0.5305,-113,-0.0398,-0.0424,-2.122,0.4907,104,-1.37792207792208
2026-05-17,"CHI @ MIN","1Q","MIN","1Q MIN",2026-05-17 21:21:40.75,"fd",0.4762,110,-0.0075,-0.0072,-0.3575,0.4687,113,-0.232142857142857
2026-05-17,"SEA @ IND","1Q","IND","1Q IND",2026-05-17 21:21:40.75,"fd",0.6269,-168,-0.1061,-0.1422,-7.1097,0.5208,-109,-4.61668831168831
2026-05-17,"SEA @ IND","1Q","SEA","1Q SEA",2026-05-17 21:21:40.75,"fd",0.4386,128,0.0407,0.0362,1.8103,0.4792,109,1.17551948051948
2026-05-17,"CHI @ MIN","1Q","CHI","1Q CHI",2026-05-17 21:21:40.75,"fd",0.5833,-140,-0.052,-0.0624,-3.122,0.5313,-113,-2.02727272727273
2026-05-17,"TOR @ LAS","1Q","TOR","1Q TOR",2026-05-17 21:21:40.75,"fd",0.5349,-115,-0.0256,-0.0275,-1.3733,0.5093,-104,-0.891753246753247
2026-05-17,"TOR @ LAS","1Q","LAS","1Q LAS",2026-05-17 21:51:41.325733,"fd",0.5305,-113,-0.0398,-0.0424,-2.122,0.4907,104,-1.37792207792208
2026-05-17,"CHI @ MIN","1Q","MIN","1Q MIN",2026-05-17 21:51:41.325733,"fd",0.4762,110,-0.0075,-0.0072,-0.3575,0.4687,113,-0.232142857142857
2026-05-17,"SEA @ IND","1Q","IND","1Q IND",2026-05-17 21:51:41.325733,"fd",0.6269,-168,-0.1072,-0.1436,-7.1819,0.5197,-108,-4.66357142857143
2026-05-17,"SEA @ IND","1Q","SEA","1Q SEA",2026-05-17 21:51:41.325733,"fd",0.4386,128,0.0417,0.0372,1.8583,0.4803,108,1.20668831168831
2026-05-17,"CHI @ MIN","1Q","CHI","1Q CHI",2026-05-17 21:51:41.325733,"fd",0.5902,-144,-0.0589,-0.0718,-3.5907,0.5313,-113,-2.33162337662338
2026-05-17,"TOR @ LAS","1Q","TOR","1Q TOR",2026-05-17 21:51:41.325733,"fd",0.5349,-115,-0.0256,-0.0275,-1.3733,0.5093,-104,-0.891753246753247
2026-05-17,"TOR @ LAS","1Q","LAS","1Q LAS",2026-05-17 22:21:42.368481,"fd",0.5238,-110,-0.035,-0.0368,-1.8383,0.4888,105,-1.1937012987013
2026-05-17,"CHI @ MIN","1Q","MIN","1Q MIN",2026-05-17 22:21:42.368481,"fd",0.4854,106,-0.0215,-0.0208,-1.0424,0.464,116,-0.676883116883117
2026-05-17,"CHI @ MIN","1Q","CHI","1Q CHI",2026-05-17 22:21:42.368481,"fd",0.5798,-138,-0.0438,-0.0521,-2.6069,0.536,-116,-1.69279220779221
2026-05-17,"TOR @ LAS","1Q","TOR","1Q TOR",2026-05-17 22:21:42.368481,"fd",0.5413,-118,-0.0301,-0.0328,-1.6393,0.5112,-105,-1.06448051948052
2026-05-17,"TOR @ LAS","1Q","LAS","1Q LAS",2026-05-17 22:51:40.743379,"fd",0.5305,-113,-0.0405,-0.0432,-2.159,0.49,104,-1.40194805194805
2026-05-17,"CHI @ MIN","1Q","MIN","1Q MIN",2026-05-17 22:51:40.743379,"fd",0.4854,106,-0.0215,-0.0208,-1.0424,0.464,116,-0.676883116883117
2026-05-17,"CHI @ MIN","1Q","CHI","1Q CHI",2026-05-17 22:51:40.743379,"fd",0.5798,-138,-0.0438,-0.0521,-2.6069,0.536,-116,-1.69279220779221
2026-05-17,"TOR @ LAS","1Q","TOR","1Q TOR",2026-05-17 22:51:40.743379,"fd",0.5349,-115,-0.0249,-0.0267,-1.336,0.51,-104,-0.867532467532468
2026-05-18,"WAS @ DAL","1Q","DAL","1Q DAL",2026-05-18 11:22:10.386929,"fd",0.5146,-106,-0.0355,-0.0365,-1.8271,0.4791,109,-1.18642857142857
2026-05-18,"CON @ PDX","1Q","CON","1Q CON",2026-05-18 11:22:10.386929,"fd",0.6528,-188,-0.0955,-0.1375,-6.875,0.5573,-126,-4.46428571428571
2026-05-18,"WAS @ DAL","1Q","WAS","1Q WAS",2026-05-18 11:22:10.386929,"fd",0.5495,-122,-0.0286,-0.0318,-1.5892,0.5209,-109,-1.03194805194805
2026-05-18,"CON @ PDX","1Q","PDX","1Q PDX",2026-05-18 11:22:10.386929,"fd",0.4132,142,0.0295,0.0251,1.2562,0.4427,126,0.815714285714286
2026-05-18,"WAS @ DAL","1Q","DAL","1Q DAL",2026-05-18 11:51:27.249507,"fd",0.5146,-106,-0.0355,-0.0365,-1.8271,0.4791,109,-1.18642857142857
2026-05-18,"CON @ PDX","1Q","CON","1Q CON",2026-05-18 11:51:27.249507,"fd",0.6528,-188,-0.0955,-0.1375,-6.875,0.5573,-126,-4.46428571428571
2026-05-18,"WAS @ DAL","1Q","WAS","1Q WAS",2026-05-18 11:51:27.249507,"fd",0.5495,-122,-0.0286,-0.0318,-1.5892,0.5209,-109,-1.03194805194805
2026-05-18,"CON @ PDX","1Q","PDX","1Q PDX",2026-05-18 11:51:27.249507,"fd",0.4132,142,0.0295,0.0251,1.2562,0.4427,126,0.815714285714286
2026-05-18,"WAS @ DAL","1Q","DAL","1Q DAL",2026-05-18 12:21:29.402709,"fd",0.5146,-106,-0.0355,-0.0365,-1.8271,0.4791,109,-1.18642857142857
2026-05-18,"CON @ PDX","1Q","CON","1Q CON",2026-05-18 12:21:29.402709,"fd",0.6528,-188,-0.0955,-0.1375,-6.875,0.5573,-126,-4.46428571428571
2026-05-18,"WAS @ DAL","1Q","WAS","1Q WAS",2026-05-18 12:21:29.402709,"fd",0.5495,-122,-0.0286,-0.0318,-1.5892,0.5209,-109,-1.03194805194805
2026-05-18,"CON @ PDX","1Q","PDX","1Q PDX",2026-05-18 12:21:29.402709,"fd",0.4132,142,0.0295,0.0251,1.2562,0.4427,126,0.815714285714286
2026-05-18,"WAS @ DAL","1Q","DAL","1Q DAL",2026-05-18 12:51:29.03915,"fd",0.5146,-106,-0.0355,-0.0365,-1.8271,0.4791,109,-1.18642857142857
2026-05-18,"CON @ PDX","1Q","CON","1Q CON",2026-05-18 12:51:29.03915,"fd",0.6528,-188,-0.0955,-0.1375,-6.875,0.5573,-126,-4.46428571428571
2026-05-18,"WAS @ DAL","1Q","WAS","1Q WAS",2026-05-18 12:51:29.03915,"fd",0.5495,-122,-0.0286,-0.0318,-1.5892,0.5209,-109,-1.03194805194805
2026-05-18,"CON @ PDX","1Q","PDX","1Q PDX",2026-05-18 12:51:29.03915,"fd",0.4132,142,0.0295,0.0251,1.2562,0.4427,126,0.815714285714286
2026-05-18,"WAS @ DAL","1Q","DAL","1Q DAL",2026-05-18 13:21:29.006312,"fd",0.5146,-106,-0.0355,-0.0365,-1.8271,0.4791,109,-1.18642857142857
2026-05-18,"CON @ PDX","1Q","CON","1Q CON",2026-05-18 13:21:29.006312,"fd",0.6528,-188,-0.0955,-0.1375,-6.875,0.5573,-126,-4.46428571428571
2026-05-18,"WAS @ DAL","1Q","WAS","1Q WAS",2026-05-18 13:21:29.006312,"fd",0.5495,-122,-0.0286,-0.0318,-1.5892,0.5209,-109,-1.03194805194805
2026-05-18,"CON @ PDX","1Q","PDX","1Q PDX",2026-05-18 13:21:29.006312,"fd",0.4132,142,0.0295,0.0251,1.2562,0.4427,126,0.815714285714286
2026-05-18,"WAS @ DAL","1Q","DAL","1Q DAL",2026-05-18 13:51:30.002495,"fd",0.5146,-106,-0.0355,-0.0365,-1.8271,0.4791,109,-1.18642857142857
2026-05-18,"CON @ PDX","1Q","CON","1Q CON",2026-05-18 13:51:30.002495,"fd",0.6528,-188,-0.0955,-0.1375,-6.875,0.5573,-126,-4.46428571428571
2026-05-18,"WAS @ DAL","1Q","WAS","1Q WAS",2026-05-18 13:51:30.002495,"fd",0.5495,-122,-0.0286,-0.0318,-1.5892,0.5209,-109,-1.03194805194805
2026-05-18,"CON @ PDX","1Q","PDX","1Q PDX",2026-05-18 13:51:30.002495,"fd",0.4132,142,0.0295,0.0251,1.2562,0.4427,126,0.815714285714286
2026-05-18,"WAS @ DAL","1Q","DAL","1Q DAL",2026-05-18 14:21:31.1519,"fd",0.5098,-104,-0.0307,-0.0313,-1.5666,0.4791,109,-1.01727272727273
2026-05-18,"CON @ PDX","1Q","CON","1Q CON",2026-05-18 14:21:31.1519,"fd",0.6528,-188,-0.0955,-0.1375,-6.875,0.5573,-126,-4.46428571428571
2026-05-18,"WAS @ DAL","1Q","WAS","1Q WAS",2026-05-18 14:21:31.1519,"fd",0.5556,-125,-0.0346,-0.039,-1.9486,0.5209,-109,-1.26532467532468
2026-05-18,"CON @ PDX","1Q","PDX","1Q PDX",2026-05-18 14:21:31.1519,"fd",0.4132,142,0.0295,0.0251,1.2562,0.4427,126,0.815714285714286
2026-05-18,"WAS @ DAL","1Q","DAL","1Q DAL",2026-05-18 14:51:29.665717,"fd",0.5098,-104,-0.0307,-0.0313,-1.5666,0.4791,109,-1.01727272727273
2026-05-18,"CON @ PDX","1Q","CON","1Q CON",2026-05-18 14:51:29.665717,"fd",0.6528,-188,-0.0955,-0.1375,-6.875,0.5573,-126,-4.46428571428571
2026-05-18,"WAS @ DAL","1Q","WAS","1Q WAS",2026-05-18 14:51:29.665717,"fd",0.5556,-125,-0.0346,-0.039,-1.9486,0.5209,-109,-1.26532467532468
2026-05-18,"CON @ PDX","1Q","PDX","1Q PDX",2026-05-18 14:51:29.665717,"fd",0.4132,142,0.0295,0.0251,1.2562,0.4427,126,0.815714285714286
2026-05-18,"WAS @ DAL","1Q","DAL","1Q DAL",2026-05-18 15:21:29.53586,"fd",0.5098,-104,-0.0307,-0.0313,-1.5666,0.4791,109,-1.01727272727273
2026-05-18,"CON @ PDX","1Q","CON","1Q CON",2026-05-18 15:21:29.53586,"fd",0.6528,-188,-0.0955,-0.1375,-6.875,0.5573,-126,-4.46428571428571
2026-05-18,"WAS @ DAL","1Q","WAS","1Q WAS",2026-05-18 15:21:29.53586,"fd",0.5556,-125,-0.0346,-0.039,-1.9486,0.5209,-109,-1.26532467532468
2026-05-18,"CON @ PDX","1Q","PDX","1Q PDX",2026-05-18 15:21:29.53586,"fd",0.4132,142,0.0295,0.0251,1.2562,0.4427,126,0.815714285714286
2026-05-18,"WAS @ DAL","1Q","DAL","1Q DAL",2026-05-18 15:51:29.151403,"fd",0.5098,-104,-0.0307,-0.0313,-1.5666,0.4791,109,-1.01727272727273
2026-05-18,"CON @ PDX","1Q","CON","1Q CON",2026-05-18 15:51:29.151403,"fd",0.6528,-188,-0.0955,-0.1375,-6.875,0.5573,-126,-4.46428571428571
2026-05-18,"WAS @ DAL","1Q","WAS","1Q WAS",2026-05-18 15:51:29.151403,"fd",0.5556,-125,-0.0346,-0.039,-1.9486,0.5209,-109,-1.26532467532468
2026-05-18,"CON @ PDX","1Q","PDX","1Q PDX",2026-05-18 15:51:29.151403,"fd",0.4132,142,0.0295,0.0251,1.2562,0.4427,126,0.815714285714286
2026-05-18,"WAS @ DAL","1Q","DAL","1Q DAL",2026-05-18 16:21:30.55342,"fd",0.5098,-104,-0.0307,-0.0313,-1.5666,0.4791,109,-1.01727272727273
2026-05-18,"CON @ PDX","1Q","CON","1Q CON",2026-05-18 16:21:30.55342,"fd",0.6528,-188,-0.0955,-0.1375,-6.875,0.5573,-126,-4.46428571428571
2026-05-18,"WAS @ DAL","1Q","WAS","1Q WAS",2026-05-18 16:21:30.55342,"fd",0.5556,-125,-0.0346,-0.039,-1.9486,0.5209,-109,-1.26532467532468
2026-05-18,"CON @ PDX","1Q","PDX","1Q PDX",2026-05-18 16:21:30.55342,"fd",0.4132,142,0.0295,0.0251,1.2562,0.4427,126,0.815714285714286
2026-05-18,"WAS @ DAL","1Q","DAL","1Q DAL",2026-05-18 16:51:27.688713,"fd",0.5098,-104,-0.0307,-0.0313,-1.5666,0.4791,109,-1.01727272727273
2026-05-18,"CON @ PDX","1Q","CON","1Q CON",2026-05-18 16:51:27.688713,"fd",0.6528,-188,-0.0955,-0.1375,-6.875,0.5573,-126,-4.46428571428571
2026-05-18,"WAS @ DAL","1Q","WAS","1Q WAS",2026-05-18 16:51:27.688713,"fd",0.5556,-125,-0.0346,-0.039,-1.9486,0.5209,-109,-1.26532467532468
2026-05-18,"CON @ PDX","1Q","PDX","1Q PDX",2026-05-18 16:51:27.688713,"fd",0.4132,142,0.0295,0.0251,1.2562,0.4427,126,0.815714285714286
2026-05-18,"WAS @ DAL","1Q","DAL","1Q DAL",2026-05-18 17:21:29.468456,"fd",0.505,-102,-0.0259,-0.0261,-1.3062,0.4791,109,-0.848181818181818
2026-05-18,"CON @ PDX","1Q","CON","1Q CON",2026-05-18 17:21:29.468456,"fd",0.6528,-188,-0.0955,-0.1375,-6.875,0.5573,-126,-4.46428571428571
2026-05-18,"WAS @ DAL","1Q","WAS","1Q WAS",2026-05-18 17:21:29.468456,"fd",0.5614,-128,-0.0405,-0.0462,-2.3079,0.5209,-109,-1.49863636363636
2026-05-18,"CON @ PDX","1Q","PDX","1Q PDX",2026-05-18 17:21:29.468456,"fd",0.4132,142,0.0295,0.0251,1.2562,0.4427,126,0.815714285714286
2026-05-18,"WAS @ DAL","1Q","DAL","1Q DAL",2026-05-18 17:51:29.756085,"fd",0.505,-102,-0.0259,-0.0261,-1.3062,0.4791,109,-0.848181818181818
2026-05-18,"CON @ PDX","1Q","CON","1Q CON",2026-05-18 17:51:29.756085,"fd",0.6528,-188,-0.0955,-0.1375,-6.875,0.5573,-126,-4.46428571428571
2026-05-18,"WAS @ DAL","1Q","WAS","1Q WAS",2026-05-18 17:51:29.756085,"fd",0.5614,-128,-0.0405,-0.0462,-2.3079,0.5209,-109,-1.49863636363636
2026-05-18,"CON @ PDX","1Q","PDX","1Q PDX",2026-05-18 17:51:29.756085,"fd",0.4132,142,0.0295,0.0251,1.2562,0.4427,126,0.815714285714286
2026-05-18,"WAS @ DAL","1Q","DAL","1Q DAL",2026-05-18 18:21:29.464248,"fd",0.505,-102,-0.0259,-0.0261,-1.3062,0.4791,109,-0.848181818181818
2026-05-18,"CON @ PDX","1Q","CON","1Q CON",2026-05-18 18:21:29.464248,"fd",0.6528,-188,-0.0955,-0.1375,-6.875,0.5573,-126,-4.46428571428571
2026-05-18,"WAS @ DAL","1Q","WAS","1Q WAS",2026-05-18 18:21:29.464248,"fd",0.5614,-128,-0.0405,-0.0462,-2.3079,0.5209,-109,-1.49863636363636
2026-05-18,"CON @ PDX","1Q","PDX","1Q PDX",2026-05-18 18:21:29.464248,"fd",0.4132,142,0.0295,0.0251,1.2562,0.4427,126,0.815714285714286
2026-05-18,"WAS @ DAL","1Q","DAL","1Q DAL",2026-05-18 18:51:30.306789,"fd",0.5098,-104,-0.0307,-0.0313,-1.5666,0.4791,109,-1.01727272727273
2026-05-18,"CON @ PDX","1Q","CON","1Q CON",2026-05-18 18:51:30.306789,"fd",0.6552,-190,-0.0979,-0.1419,-7.0964,0.5573,-126,-4.60805194805195
2026-05-18,"WAS @ DAL","1Q","WAS","1Q WAS",2026-05-18 18:51:30.306789,"fd",0.5556,-125,-0.0346,-0.039,-1.9486,0.5209,-109,-1.26532467532468
2026-05-18,"CON @ PDX","1Q","PDX","1Q PDX",2026-05-18 18:51:30.306789,"fd",0.4098,144,0.0329,0.0279,1.3925,0.4427,126,0.904220779220779
2026-05-18,"WAS @ DAL","1Q","DAL","1Q DAL",2026-05-18 19:21:30.369256,"fd",0.5098,-104,-0.0307,-0.0313,-1.5666,0.4791,109,-1.01727272727273
2026-05-18,"CON @ PDX","1Q","CON","1Q CON",2026-05-18 19:21:30.369256,"fd",0.6528,-188,-0.0955,-0.1375,-6.875,0.5573,-126,-4.46428571428571
2026-05-18,"WAS @ DAL","1Q","WAS","1Q WAS",2026-05-18 19:21:30.369256,"fd",0.5556,-125,-0.0346,-0.039,-1.9486,0.5209,-109,-1.26532467532468
2026-05-18,"CON @ PDX","1Q","PDX","1Q PDX",2026-05-18 19:21:30.369256,"fd",0.4098,144,0.0329,0.0279,1.3925,0.4427,126,0.904220779220779
2026-05-18,"WAS @ DAL","1Q","DAL","1Q DAL",2026-05-18 19:51:30.032662,"fd",0.5098,-104,-0.0307,-0.0313,-1.5666,0.4791,109,-1.01727272727273
2026-05-18,"CON @ PDX","1Q","CON","1Q CON",2026-05-18 19:51:30.032662,"fd",0.6552,-190,-0.0979,-0.1419,-7.0964,0.5573,-126,-4.60805194805195
2026-05-18,"WAS @ DAL","1Q","WAS","1Q WAS",2026-05-18 19:51:30.032662,"fd",0.5556,-125,-0.0346,-0.039,-1.9486,0.5209,-109,-1.26532467532468
2026-05-18,"CON @ PDX","1Q","PDX","1Q PDX",2026-05-18 19:51:30.032662,"fd",0.4098,144,0.0329,0.0279,1.3925,0.4427,126,0.904220779220779
2026-05-18,"WAS @ DAL","1Q","DAL","1Q DAL",2026-05-18 20:21:30.067709,"fd",0.5098,-104,-0.0307,-0.0313,-1.5666,0.4791,109,-1.01727272727273
2026-05-18,"CON @ PDX","1Q","CON","1Q CON",2026-05-18 20:21:30.067709,"fd",0.6552,-190,-0.0979,-0.1419,-7.0964,0.5573,-126,-4.60805194805195
2026-05-18,"WAS @ DAL","1Q","WAS","1Q WAS",2026-05-18 20:21:30.067709,"fd",0.5556,-125,-0.0346,-0.039,-1.9486,0.5209,-109,-1.26532467532468
2026-05-18,"CON @ PDX","1Q","PDX","1Q PDX",2026-05-18 20:21:30.067709,"fd",0.4098,144,0.0329,0.0279,1.3925,0.4427,126,0.904220779220779
2026-05-18,"WAS @ DAL","1Q","DAL","1Q DAL",2026-05-18 20:51:28.789757,"fd",0.5098,-104,-0.0307,-0.0313,-1.5666,0.4791,109,-1.01727272727273
2026-05-18,"CON @ PDX","1Q","CON","1Q CON",2026-05-18 20:51:28.789757,"fd",0.6552,-190,-0.0979,-0.1419,-7.0964,0.5573,-126,-4.60805194805195
2026-05-18,"WAS @ DAL","1Q","WAS","1Q WAS",2026-05-18 20:51:28.789757,"fd",0.5556,-125,-0.0346,-0.039,-1.9486,0.5209,-109,-1.26532467532468
2026-05-18,"CON @ PDX","1Q","PDX","1Q PDX",2026-05-18 20:51:28.789757,"fd",0.4098,144,0.0329,0.0279,1.3925,0.4427,126,0.904220779220779
2026-05-18,"WAS @ DAL","1Q","DAL","1Q DAL",2026-05-18 21:21:29.465028,"fd",0.5098,-104,-0.0307,-0.0313,-1.5666,0.4791,109,-1.01727272727273
2026-05-18,"CON @ PDX","1Q","CON","1Q CON",2026-05-18 21:21:29.465028,"fd",0.6552,-190,-0.0979,-0.1419,-7.0964,0.5573,-126,-4.60805194805195
2026-05-18,"WAS @ DAL","1Q","WAS","1Q WAS",2026-05-18 21:21:29.465028,"fd",0.5556,-125,-0.0346,-0.039,-1.9486,0.5209,-109,-1.26532467532468
2026-05-18,"CON @ PDX","1Q","PDX","1Q PDX",2026-05-18 21:21:29.465028,"fd",0.4098,144,0.0329,0.0279,1.3925,0.4427,126,0.904220779220779
2026-05-18,"WAS @ DAL","1Q","DAL","1Q DAL",2026-05-18 21:51:29.478613,"fd",0.5098,-104,-0.0307,-0.0313,-1.5666,0.4791,109,-1.01727272727273
2026-05-18,"CON @ PDX","1Q","CON","1Q CON",2026-05-18 21:51:29.478613,"fd",0.6552,-190,-0.0979,-0.1419,-7.0964,0.5573,-126,-4.60805194805195
2026-05-18,"WAS @ DAL","1Q","WAS","1Q WAS",2026-05-18 21:51:29.478613,"fd",0.5556,-125,-0.0346,-0.039,-1.9486,0.5209,-109,-1.26532467532468
2026-05-18,"CON @ PDX","1Q","PDX","1Q PDX",2026-05-18 21:51:29.478613,"fd",0.4098,144,0.0329,0.0279,1.3925,0.4427,126,0.904220779220779
2026-05-18,"WAS @ DAL","1Q","DAL","1Q DAL",2026-05-18 22:21:27.6915,"fd",0.5098,-104,-0.0307,-0.0313,-1.5666,0.4791,109,-1.01727272727273
2026-05-18,"CON @ PDX","1Q","CON","1Q CON",2026-05-18 22:21:27.6915,"fd",0.6552,-190,-0.0979,-0.1419,-7.0964,0.5573,-126,-4.60805194805195
2026-05-18,"WAS @ DAL","1Q","WAS","1Q WAS",2026-05-18 22:21:27.6915,"fd",0.5556,-125,-0.0346,-0.039,-1.9486,0.5209,-109,-1.26532467532468
2026-05-18,"CON @ PDX","1Q","PDX","1Q PDX",2026-05-18 22:21:27.6915,"fd",0.4098,144,0.0329,0.0279,1.3925,0.4427,126,0.904220779220779
2026-05-18,"WAS @ DAL","1Q","DAL","1Q DAL",2026-05-18 22:51:29.40183,"fd",0.5146,-106,-0.0355,-0.0365,-1.8271,0.4791,109,-1.18642857142857
2026-05-18,"CON @ PDX","1Q","CON","1Q CON",2026-05-18 22:51:29.40183,"fd",0.6552,-190,-0.0979,-0.1419,-7.0964,0.5573,-126,-4.60805194805195
2026-05-18,"WAS @ DAL","1Q","WAS","1Q WAS",2026-05-18 22:51:29.40183,"fd",0.5495,-122,-0.0286,-0.0318,-1.5892,0.5209,-109,-1.03194805194805
2026-05-18,"CON @ PDX","1Q","PDX","1Q PDX",2026-05-18 22:51:29.40183,"fd",0.4098,144,0.0329,0.0279,1.3925,0.4427,126,0.904220779220779
2026-05-18,"WAS @ DAL","1Q","DAL","1Q DAL",2026-05-18 23:21:46.046468,"fd",0.5146,-106,-0.0355,-0.0365,-1.8271,0.4791,109,-1.18642857142857
2026-05-18,"CON @ PDX","1Q","CON","1Q CON",2026-05-18 23:21:46.046468,"fd",0.6552,-190,-0.0979,-0.1419,-7.0964,0.5573,-126,-4.60805194805195
2026-05-18,"WAS @ DAL","1Q","WAS","1Q WAS",2026-05-18 23:21:46.046468,"fd",0.5495,-122,-0.0286,-0.0318,-1.5892,0.5209,-109,-1.03194805194805
2026-05-18,"CON @ PDX","1Q","PDX","1Q PDX",2026-05-18 23:21:46.046468,"fd",0.4098,144,0.0329,0.0279,1.3925,0.4427,126,0.904220779220779
2026-05-18,"WAS @ DAL","1Q","DAL","1Q DAL",2026-05-18 23:51:28.220963,"fd",0.5098,-104,-0.0307,-0.0313,-1.5666,0.4791,109,-1.01727272727273
2026-05-18,"CON @ PDX","1Q","CON","1Q CON",2026-05-18 23:51:28.220963,"fd",0.6528,-188,-0.0955,-0.1375,-6.875,0.5573,-126,-4.46428571428571
2026-05-18,"WAS @ DAL","1Q","WAS","1Q WAS",2026-05-18 23:51:28.220963,"fd",0.5556,-125,-0.0346,-0.039,-1.9486,0.5209,-109,-1.26532467532468
2026-05-18,"CON @ PDX","1Q","PDX","1Q PDX",2026-05-18 23:51:28.220963,"fd",0.4132,142,0.0295,0.0251,1.2562,0.4427,126,0.815714285714286
2026-05-18,"CON @ PDX","1Q","CON","1Q CON",2026-05-19 00:21:28.874414,"fd",0.6552,-190,-0.0979,-0.1419,-7.0964,0.5573,-126,-4.60805194805195
2026-05-18,"CON @ PDX","1Q","PDX","1Q PDX",2026-05-19 00:21:28.874414,"fd",0.4098,144,0.0329,0.0279,1.3925,0.4427,126,0.904220779220779
2026-05-18,"CON @ PDX","1Q","CON","1Q CON",2026-05-19 00:51:25.480824,"fd",0.6528,-188,-0.0955,-0.1375,-6.875,0.5573,-126,-4.46428571428571
2026-05-18,"CON @ PDX","1Q","PDX","1Q PDX",2026-05-19 00:51:25.480824,"fd",0.4132,142,0.0295,0.0251,1.2562,0.4427,126,0.815714285714286
2026-05-18,"CON @ PDX","1Q","CON","1Q CON",2026-05-19 01:21:25.145858,"fd",0.6528,-188,-0.0955,-0.1375,-6.875,0.5573,-126,-4.46428571428571
2026-05-18,"CON @ PDX","1Q","PDX","1Q PDX",2026-05-19 01:21:25.145858,"fd",0.4132,142,0.0295,0.0251,1.2562,0.4427,126,0.815714285714286
2026-05-18,"CON @ PDX","1Q","CON","1Q CON",2026-05-19 01:51:25.207478,"fd",0.6552,-190,-0.0889,-0.129,-6.4482,0.5662,-131,-4.18714285714286
2026-05-18,"CON @ PDX","1Q","PDX","1Q PDX",2026-05-19 01:51:25.207478,"fd",0.4098,144,0.0239,0.0203,1.0138,0.4338,131,0.658311688311688
2026-05-18,"CON @ PDX","1Q","CON","1Q CON",2026-05-19 02:21:23.949793,"fd",0.6552,-190,-0.0889,-0.129,-6.4482,0.5662,-131,-4.18714285714286
2026-05-18,"CON @ PDX","1Q","PDX","1Q PDX",2026-05-19 02:21:23.949793,"fd",0.4098,144,0.0239,0.0203,1.0138,0.4338,131,0.658311688311688
2026-05-18,"CON @ PDX","1Q","CON","1Q CON",2026-05-19 02:51:23.27003,"fd",0.6552,-190,-0.0889,-0.129,-6.4482,0.5662,-131,-4.18714285714286
2026-05-18,"CON @ PDX","1Q","PDX","1Q PDX",2026-05-19 02:51:23.27003,"fd",0.4098,144,0.0239,0.0203,1.0138,0.4338,131,0.658311688311688
2026-05-19,"TOR @ PHX","1Q","PHX","1Q PHX",2026-05-19 11:22:03.882169,"fd",0.5798,-138,-0.0299,-0.0355,-1.7763,0.55,-122,-1.15344155844156
2026-05-19,"TOR @ PHX","1Q","TOR","1Q TOR",2026-05-19 11:22:03.882169,"fd",0.4854,106,-0.0354,-0.0344,-1.7207,0.45,122,-1.11733766233766
2026-05-19,"TOR @ PHX","1Q","PHX","1Q PHX",2026-05-19 11:51:26.576256,"fd",0.5798,-138,-0.0299,-0.0355,-1.7763,0.55,-122,-1.15344155844156
2026-05-19,"TOR @ PHX","1Q","TOR","1Q TOR",2026-05-19 11:51:26.576256,"fd",0.4854,106,-0.0354,-0.0344,-1.7207,0.45,122,-1.11733766233766
2026-05-19,"TOR @ PHX","1Q","PHX","1Q PHX",2026-05-19 12:21:28.706131,"fd",0.5798,-138,-0.0299,-0.0355,-1.7763,0.55,-122,-1.15344155844156
2026-05-19,"TOR @ PHX","1Q","TOR","1Q TOR",2026-05-19 12:21:28.706131,"fd",0.4854,106,-0.0354,-0.0344,-1.7207,0.45,122,-1.11733766233766
2026-05-19,"TOR @ PHX","1Q","PHX","1Q PHX",2026-05-19 12:51:28.911577,"fd",0.5798,-138,-0.0299,-0.0355,-1.7763,0.55,-122,-1.15344155844156
2026-05-19,"TOR @ PHX","1Q","TOR","1Q TOR",2026-05-19 12:51:28.911577,"fd",0.4854,106,-0.0354,-0.0344,-1.7207,0.45,122,-1.11733766233766
2026-05-19,"TOR @ PHX","1Q","PHX","1Q PHX",2026-05-19 13:21:28.090626,"fd",0.5798,-138,-0.0299,-0.0355,-1.7763,0.55,-122,-1.15344155844156
2026-05-19,"TOR @ PHX","1Q","TOR","1Q TOR",2026-05-19 13:21:28.090626,"fd",0.4902,104,-0.0402,-0.0394,-1.9701,0.45,122,-1.27928571428571
2026-05-19,"TOR @ PHX","1Q","PHX","1Q PHX",2026-05-19 13:51:31.355501,"fd",0.5798,-138,-0.0299,-0.0355,-1.7763,0.55,-122,-1.15344155844156
2026-05-19,"TOR @ PHX","1Q","TOR","1Q TOR",2026-05-19 13:51:31.355501,"fd",0.4854,106,-0.0354,-0.0344,-1.7207,0.45,122,-1.11733766233766
2026-05-19,"TOR @ PHX","1Q","PHX","1Q PHX",2026-05-19 14:21:26.737724,"fd",0.5798,-138,-0.0299,-0.0355,-1.7763,0.55,-122,-1.15344155844156
2026-05-19,"TOR @ PHX","1Q","TOR","1Q TOR",2026-05-19 14:21:26.737724,"fd",0.4854,106,-0.0354,-0.0344,-1.7207,0.45,122,-1.11733766233766
2026-05-19,"TOR @ PHX","1Q","PHX","1Q PHX",2026-05-19 14:51:26.472802,"fd",0.5798,-138,-0.0299,-0.0355,-1.7763,0.55,-122,-1.15344155844156
2026-05-19,"TOR @ PHX","1Q","TOR","1Q TOR",2026-05-19 14:51:26.472802,"fd",0.4854,106,-0.0354,-0.0344,-1.7207,0.45,122,-1.11733766233766
2026-05-19,"TOR @ PHX","1Q","PHX","1Q PHX",2026-05-19 15:21:28.162115,"fd",0.5798,-138,-0.0299,-0.0355,-1.7763,0.55,-122,-1.15344155844156
2026-05-19,"TOR @ PHX","1Q","TOR","1Q TOR",2026-05-19 15:21:28.162115,"fd",0.4854,106,-0.0354,-0.0344,-1.7207,0.45,122,-1.11733766233766
2026-05-19,"TOR @ PHX","1Q","PHX","1Q PHX",2026-05-19 15:51:27.895953,"fd",0.5745,-135,-0.0245,-0.0288,-1.4387,0.55,-122,-0.934220779220779
2026-05-19,"TOR @ PHX","1Q","TOR","1Q TOR",2026-05-19 15:51:27.895953,"fd",0.4902,104,-0.0402,-0.0394,-1.9701,0.45,122,-1.27928571428571
2026-05-19,"TOR @ PHX","1Q","PHX","1Q PHX",2026-05-19 16:21:28.605995,"fd",0.5745,-135,-0.0245,-0.0288,-1.4387,0.55,-122,-0.934220779220779
2026-05-19,"TOR @ PHX","1Q","TOR","1Q TOR",2026-05-19 16:21:28.605995,"fd",0.4902,104,-0.0402,-0.0394,-1.9701,0.45,122,-1.27928571428571
2026-05-19,"TOR @ PHX","1Q","PHX","1Q PHX",2026-05-19 16:51:27.092414,"fd",0.5745,-135,-0.0245,-0.0288,-1.4387,0.55,-122,-0.934220779220779
2026-05-19,"TOR @ PHX","1Q","TOR","1Q TOR",2026-05-19 16:51:27.092414,"fd",0.4902,104,-0.0402,-0.0394,-1.9701,0.45,122,-1.27928571428571
2026-05-19,"TOR @ PHX","1Q","PHX","1Q PHX",2026-05-19 17:21:28.154088,"fd",0.5798,-138,-0.0299,-0.0355,-1.7763,0.55,-122,-1.15344155844156
2026-05-19,"TOR @ PHX","1Q","TOR","1Q TOR",2026-05-19 17:21:28.154088,"fd",0.4902,104,-0.0402,-0.0394,-1.9701,0.45,122,-1.27928571428571
2026-05-19,"TOR @ PHX","1Q","PHX","1Q PHX",2026-05-19 17:51:27.327915,"fd",0.5798,-138,-0.0299,-0.0355,-1.7763,0.55,-122,-1.15344155844156
2026-05-19,"TOR @ PHX","1Q","TOR","1Q TOR",2026-05-19 17:51:27.327915,"fd",0.4902,104,-0.0402,-0.0394,-1.9701,0.45,122,-1.27928571428571
2026-05-19,"TOR @ PHX","1Q","PHX","1Q PHX",2026-05-19 18:21:28.10106,"fd",0.5798,-138,-0.0299,-0.0355,-1.7763,0.55,-122,-1.15344155844156
2026-05-19,"TOR @ PHX","1Q","TOR","1Q TOR",2026-05-19 18:21:28.10106,"fd",0.4902,104,-0.0402,-0.0394,-1.9701,0.45,122,-1.27928571428571
2026-05-19,"TOR @ PHX","1Q","PHX","1Q PHX",2026-05-19 18:51:26.694453,"fd",0.5798,-138,-0.0299,-0.0355,-1.7763,0.55,-122,-1.15344155844156
2026-05-19,"TOR @ PHX","1Q","TOR","1Q TOR",2026-05-19 18:51:26.694453,"fd",0.4854,106,-0.0354,-0.0344,-1.7207,0.45,122,-1.11733766233766
2026-05-19,"TOR @ PHX","1Q","PHX","1Q PHX",2026-05-19 19:21:27.313983,"fd",0.5798,-138,-0.0299,-0.0355,-1.7763,0.55,-122,-1.15344155844156
2026-05-19,"TOR @ PHX","1Q","TOR","1Q TOR",2026-05-19 19:21:27.313983,"fd",0.4854,106,-0.0354,-0.0344,-1.7207,0.45,122,-1.11733766233766
2026-05-19,"TOR @ PHX","1Q","PHX","1Q PHX",2026-05-19 19:51:30.341105,"fd",0.5798,-138,-0.0568,-0.0676,-3.3819,0.523,-110,-2.19603896103896
2026-05-19,"TOR @ PHX","1Q","TOR","1Q TOR",2026-05-19 19:51:30.341105,"fd",0.4854,106,-0.0084,-0.0082,-0.4096,0.477,110,-0.265974025974026
2026-05-19,"TOR @ PHX","1Q","PHX","1Q PHX",2026-05-19 20:21:30.080419,"fd",0.5798,-138,-0.0568,-0.0676,-3.3819,0.523,-110,-2.19603896103896
2026-05-19,"TOR @ PHX","1Q","TOR","1Q TOR",2026-05-19 20:21:30.080419,"fd",0.4854,106,-0.0084,-0.0082,-0.4096,0.477,110,-0.265974025974026
2026-05-19,"TOR @ PHX","1Q","PHX","1Q PHX",2026-05-19 20:51:29.021082,"fd",0.5798,-138,-0.0568,-0.0676,-3.3819,0.523,-110,-2.19603896103896
2026-05-19,"TOR @ PHX","1Q","TOR","1Q TOR",2026-05-19 20:51:29.021082,"fd",0.4854,106,-0.0084,-0.0082,-0.4096,0.477,110,-0.265974025974026
2026-05-19,"TOR @ PHX","1Q","PHX","1Q PHX",2026-05-19 21:21:29.491709,"fd",0.5798,-138,-0.0568,-0.0676,-3.3819,0.523,-110,-2.19603896103896
2026-05-19,"TOR @ PHX","1Q","TOR","1Q TOR",2026-05-19 21:21:29.491709,"fd",0.4854,106,-0.0084,-0.0082,-0.4096,0.477,110,-0.265974025974026
2026-05-19,"TOR @ PHX","1Q","PHX","1Q PHX",2026-05-19 21:51:31.435488,"fd",0.5798,-138,-0.0568,-0.0676,-3.3819,0.523,-110,-2.19603896103896
2026-05-19,"TOR @ PHX","1Q","TOR","1Q TOR",2026-05-19 21:51:31.435488,"fd",0.4854,106,-0.0084,-0.0082,-0.4096,0.477,110,-0.265974025974026
2026-05-19,"TOR @ PHX","1Q","PHX","1Q PHX",2026-05-19 22:21:29.828532,"fd",0.5833,-140,-0.0603,-0.0724,-3.6204,0.523,-110,-2.35090909090909
2026-05-19,"TOR @ PHX","1Q","TOR","1Q TOR",2026-05-19 22:21:29.828532,"fd",0.4808,108,-0.0038,-0.0036,-0.1812,0.477,110,-0.117662337662338
2026-05-19,"TOR @ PHX","1Q","PHX","1Q PHX",2026-05-19 22:51:33.754198,"fd",0.5833,-140,-0.0603,-0.0724,-3.6204,0.523,-110,-2.35090909090909
2026-05-19,"TOR @ PHX","1Q","TOR","1Q TOR",2026-05-19 22:51:33.754198,"fd",0.4808,108,-0.0038,-0.0036,-0.1812,0.477,110,-0.117662337662338
2026-05-19,"TOR @ PHX","1Q","PHX","1Q PHX",2026-05-19 23:21:29.990737,"fd",0.5833,-140,-0.0603,-0.0724,-3.6204,0.523,-110,-2.35090909090909
2026-05-19,"TOR @ PHX","1Q","TOR","1Q TOR",2026-05-19 23:21:29.990737,"fd",0.4808,108,-0.0038,-0.0036,-0.1812,0.477,110,-0.117662337662338
2026-05-19,"TOR @ PHX","1Q","PHX","1Q PHX",2026-05-19 23:51:29.624038,"fd",0.5833,-140,-0.0603,-0.0724,-3.6204,0.523,-110,-2.35090909090909
2026-05-19,"TOR @ PHX","1Q","TOR","1Q TOR",2026-05-19 23:51:29.624038,"fd",0.4808,108,-0.0038,-0.0036,-0.1812,0.477,110,-0.117662337662338
2026-05-19,"TOR @ PHX","1Q","PHX","1Q PHX",2026-05-20 00:21:56.668771,"fd",0.5798,-138,-0.0568,-0.0676,-3.3819,0.523,-110,-2.19603896103896
2026-05-19,"TOR @ PHX","1Q","TOR","1Q TOR",2026-05-20 00:21:56.668771,"fd",0.4854,106,-0.0084,-0.0082,-0.4096,0.477,110,-0.265974025974026
2026-05-19,"TOR @ PHX","1Q","PHX","1Q PHX",2026-05-20 00:51:38.535987,"fd",0.5798,-138,-0.0568,-0.0676,-3.3819,0.523,-110,-2.19603896103896
2026-05-19,"TOR @ PHX","1Q","TOR","1Q TOR",2026-05-20 00:51:38.535987,"fd",0.4854,106,-0.0084,-0.0082,-0.4096,0.477,110,-0.265974025974026
2026-05-19,"TOR @ PHX","1Q","PHX","1Q PHX",2026-05-20 01:21:38.056943,"fd",0.5798,-138,-0.0568,-0.0676,-3.3819,0.523,-110,-2.19603896103896
2026-05-19,"TOR @ PHX","1Q","TOR","1Q TOR",2026-05-20 01:21:38.056943,"fd",0.4854,106,-0.0084,-0.0082,-0.4096,0.477,110,-0.265974025974026
2026-05-19,"TOR @ PHX","1Q","PHX","1Q PHX",2026-05-20 01:51:40.593552,"fd",0.5798,-138,-0.0543,-0.0646,-3.2308,0.5255,-111,-2.09792207792208
2026-05-19,"TOR @ PHX","1Q","TOR","1Q TOR",2026-05-20 01:51:40.593552,"fd",0.4854,106,-0.011,-0.0107,-0.5329,0.4745,111,-0.346038961038961
2026-05-19,"TOR @ PHX","1Q","PHX","1Q PHX",2026-05-20 02:21:40.105862,"fd",0.5798,-138,-0.0543,-0.0646,-3.2308,0.5255,-111,-2.09792207792208
2026-05-19,"TOR @ PHX","1Q","TOR","1Q TOR",2026-05-20 02:21:40.105862,"fd",0.4854,106,-0.011,-0.0107,-0.5329,0.4745,111,-0.346038961038961
2026-05-19,"TOR @ PHX","1Q","PHX","1Q PHX",2026-05-20 02:51:37.717319,"fd",0.5798,-138,-0.0543,-0.0646,-3.2308,0.5255,-111,-2.09792207792208
2026-05-19,"TOR @ PHX","1Q","TOR","1Q TOR",2026-05-20 02:51:37.717319,"fd",0.4854,106,-0.011,-0.0107,-0.5329,0.4745,111,-0.346038961038961
2026-05-20,"DAL @ CHI","1Q","DAL","1Q DAL",2026-05-20 11:21:55.378164,"fd",0.4348,130,0.0269,0.0238,1.1881,0.4616,117,0.771493506493506
2026-05-20,"CON @ SEA","1Q","CON","1Q CON",2026-05-20 11:21:55.378164,"fd",0.6269,-168,-0.0757,-0.1014,-5.0686,0.5512,-123,-3.2912987012987
2026-05-20,"PDX @ IND","1Q","IND","1Q IND",2026-05-20 11:21:55.378164,"fd",0.6154,-160,-0.0596,-0.0775,-3.8772,0.5557,-125,-2.51766233766234
2026-05-20,"PDX @ IND","1Q","PDX","1Q PDX",2026-05-20 11:21:55.378164,"fd",0.4505,122,-0.0062,-0.0056,-0.2814,0.4443,125,-0.182727272727273
2026-05-20,"CON @ SEA","1Q","SEA","1Q SEA",2026-05-20 11:21:55.378164,"fd",0.4386,128,0.0102,0.0091,0.4537,0.4488,123,0.29461038961039
2026-05-20,"DAL @ CHI","1Q","CHI","1Q CHI",2026-05-20 11:21:55.378164,"fd",0.6296,-170,-0.0913,-0.1232,-6.161,0.5384,-117,-4.00064935064935
2026-05-20,"DAL @ CHI","1Q","DAL","1Q DAL",2026-05-20 11:51:33.388224,"fd",0.4348,130,0.0269,0.0238,1.1881,0.4616,117,0.771493506493506
2026-05-20,"CON @ SEA","1Q","CON","1Q CON",2026-05-20 11:51:33.388224,"fd",0.6269,-168,-0.0757,-0.1014,-5.0686,0.5512,-123,-3.2912987012987
2026-05-20,"PDX @ IND","1Q","IND","1Q IND",2026-05-20 11:51:33.388224,"fd",0.6154,-160,-0.0596,-0.0775,-3.8772,0.5557,-125,-2.51766233766234
2026-05-20,"PDX @ IND","1Q","PDX","1Q PDX",2026-05-20 11:51:33.388224,"fd",0.4505,122,-0.0062,-0.0056,-0.2814,0.4443,125,-0.182727272727273
2026-05-20,"CON @ SEA","1Q","SEA","1Q SEA",2026-05-20 11:51:33.388224,"fd",0.4386,128,0.0102,0.0091,0.4537,0.4488,123,0.29461038961039
2026-05-20,"DAL @ CHI","1Q","CHI","1Q CHI",2026-05-20 11:51:33.388224,"fd",0.6296,-170,-0.0913,-0.1232,-6.161,0.5384,-117,-4.00064935064935
2026-05-20,"DAL @ CHI","1Q","DAL","1Q DAL",2026-05-20 12:21:34.715384,"fd",0.4348,130,0.0269,0.0238,1.1881,0.4616,117,0.771493506493506
2026-05-20,"CON @ SEA","1Q","CON","1Q CON",2026-05-20 12:21:34.715384,"fd",0.6269,-168,-0.0757,-0.1014,-5.0686,0.5512,-123,-3.2912987012987
2026-05-20,"PDX @ IND","1Q","IND","1Q IND",2026-05-20 12:21:34.715384,"fd",0.6154,-160,-0.0596,-0.0775,-3.8772,0.5557,-125,-2.51766233766234
2026-05-20,"PDX @ IND","1Q","PDX","1Q PDX",2026-05-20 12:21:34.715384,"fd",0.4505,122,-0.0062,-0.0056,-0.2814,0.4443,125,-0.182727272727273
2026-05-20,"CON @ SEA","1Q","SEA","1Q SEA",2026-05-20 12:21:34.715384,"fd",0.4386,128,0.0102,0.0091,0.4537,0.4488,123,0.29461038961039
2026-05-20,"DAL @ CHI","1Q","CHI","1Q CHI",2026-05-20 12:21:34.715384,"fd",0.6296,-170,-0.0913,-0.1232,-6.161,0.5384,-117,-4.00064935064935
2026-05-20,"DAL @ CHI","1Q","DAL","1Q DAL",2026-05-20 12:51:34.526102,"fd",0.4348,130,0.0269,0.0238,1.1881,0.4616,117,0.771493506493506
2026-05-20,"CON @ SEA","1Q","CON","1Q CON",2026-05-20 12:51:34.526102,"fd",0.6269,-168,-0.0757,-0.1014,-5.0686,0.5512,-123,-3.2912987012987
2026-05-20,"PDX @ IND","1Q","IND","1Q IND",2026-05-20 12:51:34.526102,"fd",0.6154,-160,-0.0596,-0.0775,-3.8772,0.5557,-125,-2.51766233766234
2026-05-20,"PDX @ IND","1Q","PDX","1Q PDX",2026-05-20 12:51:34.526102,"fd",0.4505,122,-0.0062,-0.0056,-0.2814,0.4443,125,-0.182727272727273
2026-05-20,"CON @ SEA","1Q","SEA","1Q SEA",2026-05-20 12:51:34.526102,"fd",0.4386,128,0.0102,0.0091,0.4537,0.4488,123,0.29461038961039
2026-05-20,"DAL @ CHI","1Q","CHI","1Q CHI",2026-05-20 12:51:34.526102,"fd",0.6296,-170,-0.0913,-0.1232,-6.161,0.5384,-117,-4.00064935064935
2026-05-20,"DAL @ CHI","1Q","DAL","1Q DAL",2026-05-20 13:21:34.992679,"fd",0.4348,130,0.0269,0.0238,1.1881,0.4616,117,0.771493506493506
2026-05-20,"CON @ SEA","1Q","CON","1Q CON",2026-05-20 13:21:34.992679,"fd",0.6269,-168,-0.0757,-0.1014,-5.0686,0.5512,-123,-3.2912987012987
2026-05-20,"PDX @ IND","1Q","IND","1Q IND",2026-05-20 13:21:34.992679,"fd",0.6154,-160,-0.0596,-0.0775,-3.8772,0.5557,-125,-2.51766233766234
2026-05-20,"PDX @ IND","1Q","PDX","1Q PDX",2026-05-20 13:21:34.992679,"fd",0.4505,122,-0.0062,-0.0056,-0.2814,0.4443,125,-0.182727272727273
2026-05-20,"CON @ SEA","1Q","SEA","1Q SEA",2026-05-20 13:21:34.992679,"fd",0.4386,128,0.0102,0.0091,0.4537,0.4488,123,0.29461038961039
2026-05-20,"DAL @ CHI","1Q","CHI","1Q CHI",2026-05-20 13:21:34.992679,"fd",0.6296,-170,-0.0913,-0.1232,-6.161,0.5384,-117,-4.00064935064935
2026-05-20,"DAL @ CHI","1Q","DAL","1Q DAL",2026-05-20 13:51:35.604389,"fd",0.4348,130,0.0269,0.0238,1.1881,0.4616,117,0.771493506493506
2026-05-20,"CON @ SEA","1Q","CON","1Q CON",2026-05-20 13:51:35.604389,"fd",0.6269,-168,-0.0757,-0.1014,-5.0686,0.5512,-123,-3.2912987012987
2026-05-20,"PDX @ IND","1Q","IND","1Q IND",2026-05-20 13:51:35.604389,"fd",0.6154,-160,-0.0596,-0.0775,-3.8772,0.5557,-125,-2.51766233766234
2026-05-20,"PDX @ IND","1Q","PDX","1Q PDX",2026-05-20 13:51:35.604389,"fd",0.4505,122,-0.0062,-0.0056,-0.2814,0.4443,125,-0.182727272727273
2026-05-20,"CON @ SEA","1Q","SEA","1Q SEA",2026-05-20 13:51:35.604389,"fd",0.4386,128,0.0102,0.0091,0.4537,0.4488,123,0.29461038961039
2026-05-20,"DAL @ CHI","1Q","CHI","1Q CHI",2026-05-20 13:51:35.604389,"fd",0.6296,-170,-0.0913,-0.1232,-6.161,0.5384,-117,-4.00064935064935
2026-05-20,"DAL @ CHI","1Q","DAL","1Q DAL",2026-05-20 14:21:34.717348,"fd",0.4348,130,0.0269,0.0238,1.1881,0.4616,117,0.771493506493506
2026-05-20,"CON @ SEA","1Q","CON","1Q CON",2026-05-20 14:21:34.717348,"fd",0.6269,-168,-0.0757,-0.1014,-5.0686,0.5512,-123,-3.2912987012987
2026-05-20,"PDX @ IND","1Q","IND","1Q IND",2026-05-20 14:21:34.717348,"fd",0.6154,-160,-0.0596,-0.0775,-3.8772,0.5557,-125,-2.51766233766234
2026-05-20,"PDX @ IND","1Q","PDX","1Q PDX",2026-05-20 14:21:34.717348,"fd",0.4505,122,-0.0062,-0.0056,-0.2814,0.4443,125,-0.182727272727273
2026-05-20,"CON @ SEA","1Q","SEA","1Q SEA",2026-05-20 14:21:34.717348,"fd",0.4386,128,0.0102,0.0091,0.4537,0.4488,123,0.29461038961039
2026-05-20,"DAL @ CHI","1Q","CHI","1Q CHI",2026-05-20 14:21:34.717348,"fd",0.6296,-170,-0.0913,-0.1232,-6.161,0.5384,-117,-4.00064935064935
2026-05-20,"DAL @ CHI","1Q","DAL","1Q DAL",2026-05-20 14:51:33.601169,"fd",0.4348,130,0.0269,0.0238,1.1881,0.4616,117,0.771493506493506
2026-05-20,"CON @ SEA","1Q","CON","1Q CON",2026-05-20 14:51:33.601169,"fd",0.6269,-168,-0.0757,-0.1014,-5.0686,0.5512,-123,-3.2912987012987
2026-05-20,"PDX @ IND","1Q","IND","1Q IND",2026-05-20 14:51:33.601169,"fd",0.6154,-160,-0.0596,-0.0775,-3.8772,0.5557,-125,-2.51766233766234
2026-05-20,"PDX @ IND","1Q","PDX","1Q PDX",2026-05-20 14:51:33.601169,"fd",0.4505,122,-0.0062,-0.0056,-0.2814,0.4443,125,-0.182727272727273
2026-05-20,"CON @ SEA","1Q","SEA","1Q SEA",2026-05-20 14:51:33.601169,"fd",0.4386,128,0.0102,0.0091,0.4537,0.4488,123,0.29461038961039
2026-05-20,"DAL @ CHI","1Q","CHI","1Q CHI",2026-05-20 14:51:33.601169,"fd",0.6296,-170,-0.0913,-0.1232,-6.161,0.5384,-117,-4.00064935064935
2026-05-20,"DAL @ CHI","1Q","DAL","1Q DAL",2026-05-20 17:04:24.361437,"fd",0.4348,130,0.0306,0.027,1.3525,0.4654,115,0.878246753246753
2026-05-20,"CON @ SEA","1Q","CON","1Q CON",2026-05-20 17:04:24.361437,"fd",0.6296,-170,-0.0834,-0.1126,-5.6292,0.5462,-120,-3.65532467532468
2026-05-20,"PDX @ IND","1Q","IND","1Q IND",2026-05-20 17:04:24.361437,"fd",0.6154,-160,-0.0743,-0.0966,-4.8286,0.5411,-118,-3.13545454545455
2026-05-20,"PDX @ IND","1Q","PDX","1Q PDX",2026-05-20 17:04:24.361437,"fd",0.4505,122,0.0085,0.0077,0.3844,0.4589,118,0.24961038961039
2026-05-20,"CON @ SEA","1Q","SEA","1Q SEA",2026-05-20 17:04:24.361437,"fd",0.4348,130,0.019,0.0168,0.8397,0.4538,120,0.54525974025974
2026-05-20,"DAL @ CHI","1Q","CHI","1Q CHI",2026-05-20 17:04:24.361437,"fd",0.6296,-170,-0.095,-0.1282,-6.4118,0.5346,-115,-4.16350649350649
2026-05-20,"DAL @ CHI","1Q","DAL","1Q DAL",2026-05-20 17:21:33.489357,"fd",0.4348,130,0.0306,0.027,1.3525,0.4654,115,0.878246753246753
2026-05-20,"CON @ SEA","1Q","CON","1Q CON",2026-05-20 17:21:33.489357,"fd",0.6296,-170,-0.0834,-0.1126,-5.6292,0.5462,-120,-3.65532467532468
2026-05-20,"PDX @ IND","1Q","IND","1Q IND",2026-05-20 17:21:33.489357,"fd",0.6154,-160,-0.0743,-0.0966,-4.8286,0.5411,-118,-3.13545454545455
2026-05-20,"PDX @ IND","1Q","PDX","1Q PDX",2026-05-20 17:21:33.489357,"fd",0.4505,122,0.0085,0.0077,0.3844,0.4589,118,0.24961038961039
2026-05-20,"CON @ SEA","1Q","SEA","1Q SEA",2026-05-20 17:21:33.489357,"fd",0.4348,130,0.019,0.0168,0.8397,0.4538,120,0.54525974025974
2026-05-20,"DAL @ CHI","1Q","CHI","1Q CHI",2026-05-20 17:21:33.489357,"fd",0.6296,-170,-0.095,-0.1282,-6.4118,0.5346,-115,-4.16350649350649
2026-05-20,"DAL @ CHI","1Q","DAL","1Q DAL",2026-05-20 17:51:35.690071,"fd",0.4348,130,0.0306,0.027,1.3525,0.4654,115,0.878246753246753
2026-05-20,"CON @ SEA","1Q","CON","1Q CON",2026-05-20 17:51:35.690071,"fd",0.6296,-170,-0.0834,-0.1126,-5.6292,0.5462,-120,-3.65532467532468
2026-05-20,"PDX @ IND","1Q","IND","1Q IND",2026-05-20 17:51:35.690071,"fd",0.6154,-160,-0.0743,-0.0966,-4.8286,0.5411,-118,-3.13545454545455
2026-05-20,"PDX @ IND","1Q","PDX","1Q PDX",2026-05-20 17:51:35.690071,"fd",0.4505,122,0.0085,0.0077,0.3844,0.4589,118,0.24961038961039
2026-05-20,"CON @ SEA","1Q","SEA","1Q SEA",2026-05-20 17:51:35.690071,"fd",0.4348,130,0.019,0.0168,0.8397,0.4538,120,0.54525974025974
2026-05-20,"DAL @ CHI","1Q","CHI","1Q CHI",2026-05-20 17:51:35.690071,"fd",0.6296,-170,-0.095,-0.1282,-6.4118,0.5346,-115,-4.16350649350649
2026-05-20,"DAL @ CHI","1Q","DAL","1Q DAL",2026-05-20 18:21:34.109076,"fd",0.4348,130,0.0306,0.027,1.3525,0.4654,115,0.878246753246753
2026-05-20,"CON @ SEA","1Q","CON","1Q CON",2026-05-20 18:21:34.109076,"fd",0.6296,-170,-0.0834,-0.1126,-5.6292,0.5462,-120,-3.65532467532468
2026-05-20,"PDX @ IND","1Q","IND","1Q IND",2026-05-20 18:21:34.109076,"fd",0.6154,-160,-0.0743,-0.0966,-4.8286,0.5411,-118,-3.13545454545455
2026-05-20,"PDX @ IND","1Q","PDX","1Q PDX",2026-05-20 18:21:34.109076,"fd",0.4505,122,0.0085,0.0077,0.3844,0.4589,118,0.24961038961039
2026-05-20,"CON @ SEA","1Q","SEA","1Q SEA",2026-05-20 18:21:34.109076,"fd",0.4348,130,0.019,0.0168,0.8397,0.4538,120,0.54525974025974
2026-05-20,"DAL @ CHI","1Q","CHI","1Q CHI",2026-05-20 18:21:34.109076,"fd",0.6296,-170,-0.095,-0.1282,-6.4118,0.5346,-115,-4.16350649350649
2026-05-20,"DAL @ CHI","1Q","DAL","1Q DAL",2026-05-20 18:51:32.889765,"fd",0.4348,130,0.0306,0.027,1.3525,0.4654,115,0.878246753246753
2026-05-20,"CON @ SEA","1Q","CON","1Q CON",2026-05-20 18:51:32.889765,"fd",0.6269,-168,-0.0806,-0.108,-5.4024,0.5462,-120,-3.50805194805195
2026-05-20,"PDX @ IND","1Q","IND","1Q IND",2026-05-20 18:51:32.889765,"fd",0.6154,-160,-0.0743,-0.0966,-4.8286,0.5411,-118,-3.13545454545455
2026-05-20,"PDX @ IND","1Q","PDX","1Q PDX",2026-05-20 18:51:32.889765,"fd",0.4505,122,0.0085,0.0077,0.3844,0.4589,118,0.24961038961039
2026-05-20,"CON @ SEA","1Q","SEA","1Q SEA",2026-05-20 18:51:32.889765,"fd",0.4386,128,0.0152,0.0135,0.6755,0.4538,120,0.438636363636364
2026-05-20,"DAL @ CHI","1Q","CHI","1Q CHI",2026-05-20 18:51:32.889765,"fd",0.6296,-170,-0.095,-0.1282,-6.4118,0.5346,-115,-4.16350649350649
2026-05-20,"DAL @ CHI","1Q","DAL","1Q DAL",2026-05-20 19:21:34.717206,"fd",0.4348,130,0.0306,0.027,1.3525,0.4654,115,0.878246753246753
2026-05-20,"CON @ SEA","1Q","CON","1Q CON",2026-05-20 19:21:34.717206,"fd",0.6296,-170,-0.0834,-0.1126,-5.6292,0.5462,-120,-3.65532467532468
2026-05-20,"PDX @ IND","1Q","IND","1Q IND",2026-05-20 19:21:34.717206,"fd",0.6154,-160,-0.0743,-0.0966,-4.8286,0.5411,-118,-3.13545454545455
2026-05-20,"PDX @ IND","1Q","PDX","1Q PDX",2026-05-20 19:21:34.717206,"fd",0.4505,122,0.0085,0.0077,0.3844,0.4589,118,0.24961038961039
2026-05-20,"CON @ SEA","1Q","SEA","1Q SEA",2026-05-20 19:21:34.717206,"fd",0.4348,130,0.019,0.0168,0.8397,0.4538,120,0.54525974025974
2026-05-20,"DAL @ CHI","1Q","CHI","1Q CHI",2026-05-20 19:21:34.717206,"fd",0.6296,-170,-0.095,-0.1282,-6.4118,0.5346,-115,-4.16350649350649
2026-05-20,"DAL @ CHI","1Q","DAL","1Q DAL",2026-05-20 19:51:34.110324,"fd",0.4348,130,0.0306,0.027,1.3525,0.4654,115,0.878246753246753
2026-05-20,"CON @ SEA","1Q","CON","1Q CON",2026-05-20 19:51:34.110324,"fd",0.6296,-170,-0.0834,-0.1126,-5.6292,0.5462,-120,-3.65532467532468
2026-05-20,"PDX @ IND","1Q","IND","1Q IND",2026-05-20 19:51:34.110324,"fd",0.6154,-160,-0.0743,-0.0966,-4.8286,0.5411,-118,-3.13545454545455
2026-05-20,"PDX @ IND","1Q","PDX","1Q PDX",2026-05-20 19:51:34.110324,"fd",0.4505,122,0.0085,0.0077,0.3844,0.4589,118,0.24961038961039
2026-05-20,"CON @ SEA","1Q","SEA","1Q SEA",2026-05-20 19:51:34.110324,"fd",0.4348,130,0.019,0.0168,0.8397,0.4538,120,0.54525974025974
2026-05-20,"DAL @ CHI","1Q","CHI","1Q CHI",2026-05-20 19:51:34.110324,"fd",0.6296,-170,-0.095,-0.1282,-6.4118,0.5346,-115,-4.16350649350649
2026-05-20,"DAL @ CHI","1Q","DAL","1Q DAL",2026-05-20 20:21:34.20741,"fd",0.4348,130,0.0306,0.027,1.3525,0.4654,115,0.878246753246753
2026-05-20,"CON @ SEA","1Q","CON","1Q CON",2026-05-20 20:21:34.20741,"fd",0.6296,-170,-0.0834,-0.1126,-5.6292,0.5462,-120,-3.65532467532468
2026-05-20,"PDX @ IND","1Q","IND","1Q IND",2026-05-20 20:21:34.20741,"fd",0.6094,-156,-0.0683,-0.0874,-4.3697,0.5411,-118,-2.83746753246753
2026-05-20,"PDX @ IND","1Q","PDX","1Q PDX",2026-05-20 20:21:34.20741,"fd",0.4545,120,0.0044,0.004,0.1996,0.4589,118,0.12961038961039
2026-05-20,"CON @ SEA","1Q","SEA","1Q SEA",2026-05-20 20:21:34.20741,"fd",0.4348,130,0.019,0.0168,0.8397,0.4538,120,0.54525974025974
2026-05-20,"DAL @ CHI","1Q","CHI","1Q CHI",2026-05-20 20:21:34.20741,"fd",0.6296,-170,-0.095,-0.1282,-6.4118,0.5346,-115,-4.16350649350649
2026-05-20,"DAL @ CHI","1Q","DAL","1Q DAL",2026-05-20 20:52:04.243151,"fd",0.4348,130,0.0306,0.027,1.3525,0.4654,115,0.878246753246753
2026-05-20,"CON @ SEA","1Q","CON","1Q CON",2026-05-20 20:52:04.243151,"fd",0.6296,-170,-0.0834,-0.1126,-5.6292,0.5462,-120,-3.65532467532468
2026-05-20,"PDX @ IND","1Q","IND","1Q IND",2026-05-20 20:52:04.243151,"fd",0.6094,-156,-0.0683,-0.0874,-4.3697,0.5411,-118,-2.83746753246753
2026-05-20,"PDX @ IND","1Q","PDX","1Q PDX",2026-05-20 20:52:04.243151,"fd",0.4545,120,0.0044,0.004,0.1996,0.4589,118,0.12961038961039
2026-05-20,"CON @ SEA","1Q","SEA","1Q SEA",2026-05-20 20:52:04.243151,"fd",0.4348,130,0.019,0.0168,0.8397,0.4538,120,0.54525974025974
2026-05-20,"DAL @ CHI","1Q","CHI","1Q CHI",2026-05-20 20:52:04.243151,"fd",0.6296,-170,-0.095,-0.1282,-6.4118,0.5346,-115,-4.16350649350649
2026-05-20,"DAL @ CHI","1Q","DAL","1Q DAL",2026-05-20 21:21:32.950129,"fd",0.4348,130,0.0306,0.027,1.3525,0.4654,115,0.878246753246753
2026-05-20,"CON @ SEA","1Q","CON","1Q CON",2026-05-20 21:21:32.950129,"fd",0.6296,-170,-0.0834,-0.1126,-5.6292,0.5462,-120,-3.65532467532468
2026-05-20,"PDX @ IND","1Q","IND","1Q IND",2026-05-20 21:21:32.950129,"fd",0.6094,-156,-0.0683,-0.0874,-4.3697,0.5411,-118,-2.83746753246753
2026-05-20,"PDX @ IND","1Q","PDX","1Q PDX",2026-05-20 21:21:32.950129,"fd",0.4545,120,0.0044,0.004,0.1996,0.4589,118,0.12961038961039
2026-05-20,"CON @ SEA","1Q","SEA","1Q SEA",2026-05-20 21:21:32.950129,"fd",0.4348,130,0.019,0.0168,0.8397,0.4538,120,0.54525974025974
2026-05-20,"DAL @ CHI","1Q","CHI","1Q CHI",2026-05-20 21:21:32.950129,"fd",0.6296,-170,-0.095,-0.1282,-6.4118,0.5346,-115,-4.16350649350649
2026-05-20,"DAL @ CHI","1Q","DAL","1Q DAL",2026-05-20 21:51:33.647121,"fd",0.4348,130,0.0306,0.027,1.3525,0.4654,115,0.878246753246753
2026-05-20,"CON @ SEA","1Q","CON","1Q CON",2026-05-20 21:51:33.647121,"fd",0.6296,-170,-0.0834,-0.1126,-5.6292,0.5462,-120,-3.65532467532468
2026-05-20,"PDX @ IND","1Q","IND","1Q IND",2026-05-20 21:51:33.647121,"fd",0.6063,-154,-0.065,-0.0825,-4.1244,0.5413,-118,-2.67818181818182
2026-05-20,"PDX @ IND","1Q","PDX","1Q PDX",2026-05-20 21:51:33.647121,"fd",0.4587,118,-1e-04,-1e-04,-0.0029,0.4587,118,-0.00188311688311688
2026-05-20,"CON @ SEA","1Q","SEA","1Q SEA",2026-05-20 21:51:33.647121,"fd",0.4348,130,0.019,0.0168,0.8397,0.4538,120,0.54525974025974
2026-05-20,"DAL @ CHI","1Q","CHI","1Q CHI",2026-05-20 21:51:33.647121,"fd",0.6296,-170,-0.095,-0.1282,-6.4118,0.5346,-115,-4.16350649350649
2026-05-20,"DAL @ CHI","1Q","DAL","1Q DAL",2026-05-20 22:21:37.510491,"fd",0.4348,130,0.0306,0.027,1.3525,0.4654,115,0.878246753246753
2026-05-20,"CON @ SEA","1Q","CON","1Q CON",2026-05-20 22:21:37.510491,"fd",0.6296,-170,-0.0834,-0.1126,-5.6292,0.5462,-120,-3.65532467532468
2026-05-20,"PDX @ IND","1Q","IND","1Q IND",2026-05-20 22:21:37.510491,"fd",0.6063,-154,-0.0962,-0.1222,-6.1112,0.5101,-104,-3.96831168831169
2026-05-20,"PDX @ IND","1Q","PDX","1Q PDX",2026-05-20 22:21:37.510491,"fd",0.4587,118,0.0312,0.0288,1.4422,0.4899,104,0.936493506493506
2026-05-20,"CON @ SEA","1Q","SEA","1Q SEA",2026-05-20 22:21:37.510491,"fd",0.4348,130,0.019,0.0168,0.8397,0.4538,120,0.54525974025974
2026-05-20,"DAL @ CHI","1Q","CHI","1Q CHI",2026-05-20 22:21:37.510491,"fd",0.6296,-170,-0.095,-0.1282,-6.4118,0.5346,-115,-4.16350649350649
2026-05-20,"DAL @ CHI","1Q","DAL","1Q DAL",2026-05-20 22:51:33.359492,"fd",0.4386,128,0.0268,0.0238,1.1918,0.4654,115,0.773896103896104
2026-05-20,"CON @ SEA","1Q","CON","1Q CON",2026-05-20 22:51:33.359492,"fd",0.6296,-170,-0.0834,-0.1126,-5.6292,0.5462,-120,-3.65532467532468
2026-05-20,"PDX @ IND","1Q","IND","1Q IND",2026-05-20 22:51:33.359492,"fd",0.6032,-152,-0.0548,-0.069,-3.4498,0.5484,-121,-2.24012987012987
2026-05-20,"PDX @ IND","1Q","PDX","1Q PDX",2026-05-20 22:51:33.359492,"fd",0.463,116,-0.0114,-0.0106,-0.5297,0.4516,121,-0.343961038961039
2026-05-20,"CON @ SEA","1Q","SEA","1Q SEA",2026-05-20 22:51:33.359492,"fd",0.4386,128,0.0152,0.0135,0.6755,0.4538,120,0.438636363636364
2026-05-20,"DAL @ CHI","1Q","CHI","1Q CHI",2026-05-20 22:51:33.359492,"fd",0.6269,-168,-0.0922,-0.1236,-6.1792,0.5346,-115,-4.01246753246753
2026-05-20,"DAL @ CHI","1Q","DAL","1Q DAL",2026-05-20 23:21:36.208207,"fd",0.4386,128,0.0268,0.0238,1.1918,0.4654,115,0.773896103896104
2026-05-20,"CON @ SEA","1Q","CON","1Q CON",2026-05-20 23:21:36.208207,"fd",0.6226,-165,-0.0764,-0.1012,-5.062,0.5462,-120,-3.28701298701299
2026-05-20,"CON @ SEA","1Q","SEA","1Q SEA",2026-05-20 23:21:36.208207,"fd",0.4425,126,0.0113,0.0101,0.5062,0.4538,120,0.328701298701299
2026-05-20,"DAL @ CHI","1Q","CHI","1Q CHI",2026-05-20 23:21:36.208207,"fd",0.6269,-168,-0.0922,-0.1236,-6.1792,0.5346,-115,-4.01246753246753
2026-05-20,"DAL @ CHI","1Q","DAL","1Q DAL",2026-05-20 23:51:34.662665,"fd",0.4425,126,0.0229,0.0205,1.0261,0.4654,115,0.666298701298701
2026-05-20,"CON @ SEA","1Q","CON","1Q CON",2026-05-20 23:51:34.662665,"fd",0.6226,-165,-0.0764,-0.1012,-5.062,0.5462,-120,-3.28701298701299
2026-05-20,"CON @ SEA","1Q","SEA","1Q SEA",2026-05-20 23:51:34.662665,"fd",0.4425,126,0.0113,0.0101,0.5062,0.4538,120,0.328701298701299
2026-05-20,"DAL @ CHI","1Q","CHI","1Q CHI",2026-05-20 23:51:34.662665,"fd",0.6226,-165,-0.088,-0.1166,-5.8301,0.5346,-115,-3.78577922077922
2026-05-20,"DAL @ CHI","1Q","DAL","1Q DAL",2026-05-21 00:21:51.77989,"fd",0.4425,126,0.0229,0.0205,1.0261,0.4654,115,0.666298701298701
2026-05-20,"CON @ SEA","1Q","CON","1Q CON",2026-05-21 00:21:51.77989,"fd",0.4762,110,0.07,0.0669,3.343,0.5462,-120,2.17077922077922
2026-05-20,"CON @ SEA","1Q","SEA","1Q SEA",2026-05-21 00:21:51.77989,"fd",0.5902,-144,-0.1364,-0.1664,-8.3202,0.4538,120,-5.40272727272727
2026-05-20,"DAL @ CHI","1Q","CHI","1Q CHI",2026-05-21 00:21:51.77989,"fd",0.6226,-165,-0.088,-0.1166,-5.8301,0.5346,-115,-3.78577922077922
2026-05-20,"DAL @ CHI","1Q","DAL","1Q DAL",2026-05-21 00:51:36.706578,"fd",0.4425,126,0.0229,0.0205,1.0261,0.4654,115,0.666298701298701
2026-05-20,"CON @ SEA","1Q","CON","1Q CON",2026-05-21 00:51:36.706578,"fd",0.4762,110,0.07,0.0669,3.343,0.5462,-120,2.17077922077922
2026-05-20,"CON @ SEA","1Q","SEA","1Q SEA",2026-05-21 00:51:36.706578,"fd",0.5902,-144,-0.1364,-0.1664,-8.3202,0.4538,120,-5.40272727272727
2026-05-20,"DAL @ CHI","1Q","CHI","1Q CHI",2026-05-21 00:51:36.706578,"fd",0.6226,-165,-0.088,-0.1166,-5.8301,0.5346,-115,-3.78577922077922
2026-05-20,"CON @ SEA","1Q","CON","1Q CON",2026-05-21 01:21:38.766826,"fd",0.4854,106,-0.0051,-0.0049,-0.2457,0.4804,108,-0.159545454545455
2026-05-20,"CON @ SEA","1Q","SEA","1Q SEA",2026-05-21 01:21:38.766826,"fd",0.5798,-138,-0.0602,-0.0717,-3.5826,0.5196,-108,-2.32636363636364
2026-05-20,"CON @ SEA","1Q","CON","1Q CON",2026-05-21 01:51:41.278823,"fd",0.4808,108,2e-04,2e-04,0.009,0.481,108,0.00584415584415584
2026-05-20,"CON @ SEA","1Q","SEA","1Q SEA",2026-05-21 01:51:41.278823,"fd",0.5833,-140,-0.0643,-0.0771,-3.8574,0.519,-108,-2.50480519480519
2026-05-20,"CON @ SEA","1Q","CON","1Q CON",2026-05-21 02:21:43.371959,"fd",0.4808,108,2e-04,2e-04,0.009,0.481,108,0.00584415584415584
2026-05-20,"CON @ SEA","1Q","SEA","1Q SEA",2026-05-21 02:21:43.371959,"fd",0.5833,-140,-0.0643,-0.0771,-3.8574,0.519,-108,-2.50480519480519
2026-05-20,"CON @ SEA","1Q","CON","1Q CON",2026-05-21 02:51:36.267802,"fd",0.4808,108,2e-04,2e-04,0.009,0.481,108,0.00584415584415584
2026-05-20,"CON @ SEA","1Q","SEA","1Q SEA",2026-05-21 02:51:36.267802,"fd",0.5833,-140,-0.0643,-0.0771,-3.8574,0.519,-108,-2.50480519480519
2026-05-21,"GSV @ NYL","1Q","NYL","1Q NYL",2026-05-21 11:22:26.617591,"fd",0.5902,-144,-0.0582,-0.071,-3.5487,0.532,-114,-2.30435064935065
2026-05-21,"LAS @ PHX","1Q","PHX","1Q PHX",2026-05-21 11:22:26.617591,"fd",0.5798,-138,-0.044,-0.0523,-2.6166,0.5359,-115,-1.69909090909091
2026-05-21,"TOR @ MIN","1Q","MIN","1Q MIN",2026-05-21 11:22:26.617591,"fd",0.5146,-106,-0.0446,-0.0459,-2.2943,0.47,113,-1.48980519480519
2026-05-21,"LAS @ PHX","1Q","LAS","1Q LAS",2026-05-21 11:22:26.617591,"fd",0.4854,106,-0.0213,-0.0207,-1.0345,0.4641,115,-0.671753246753247
2026-05-21,"GSV @ NYL","1Q","GSV","1Q GSV",2026-05-21 11:22:26.617591,"fd",0.4762,110,-0.0082,-0.0078,-0.3904,0.468,114,-0.253506493506494
2026-05-21,"TOR @ MIN","1Q","TOR","1Q TOR",2026-05-21 11:22:26.617591,"fd",0.5495,-122,-0.0196,-0.0217,-1.0857,0.53,-113,-0.705
2026-05-21,"GSV @ NYL","1Q","NYL","1Q NYL",2026-05-21 11:51:37.418303,"fd",0.5902,-144,-0.0582,-0.071,-3.5487,0.532,-114,-2.30435064935065
2026-05-21,"LAS @ PHX","1Q","PHX","1Q PHX",2026-05-21 11:51:37.418303,"fd",0.5798,-138,-0.044,-0.0523,-2.6166,0.5359,-115,-1.69909090909091
2026-05-21,"TOR @ MIN","1Q","MIN","1Q MIN",2026-05-21 11:51:37.418303,"fd",0.5146,-106,-0.0446,-0.0459,-2.2943,0.47,113,-1.48980519480519
2026-05-21,"LAS @ PHX","1Q","LAS","1Q LAS",2026-05-21 11:51:37.418303,"fd",0.4854,106,-0.0213,-0.0207,-1.0345,0.4641,115,-0.671753246753247
2026-05-21,"GSV @ NYL","1Q","GSV","1Q GSV",2026-05-21 11:51:37.418303,"fd",0.4762,110,-0.0082,-0.0078,-0.3904,0.468,114,-0.253506493506494
2026-05-21,"TOR @ MIN","1Q","TOR","1Q TOR",2026-05-21 11:51:37.418303,"fd",0.5495,-122,-0.0196,-0.0217,-1.0857,0.53,-113,-0.705
2026-05-21,"GSV @ NYL","1Q","NYL","1Q NYL",2026-05-21 12:21:36.738641,"fd",0.5902,-144,-0.0582,-0.071,-3.5487,0.532,-114,-2.30435064935065
2026-05-21,"LAS @ PHX","1Q","PHX","1Q PHX",2026-05-21 12:21:36.738641,"fd",0.5798,-138,-0.044,-0.0523,-2.6166,0.5359,-115,-1.69909090909091
2026-05-21,"TOR @ MIN","1Q","MIN","1Q MIN",2026-05-21 12:21:36.738641,"fd",0.5146,-106,-0.0446,-0.0459,-2.2943,0.47,113,-1.48980519480519
2026-05-21,"LAS @ PHX","1Q","LAS","1Q LAS",2026-05-21 12:21:36.738641,"fd",0.4854,106,-0.0213,-0.0207,-1.0345,0.4641,115,-0.671753246753247
2026-05-21,"GSV @ NYL","1Q","GSV","1Q GSV",2026-05-21 12:21:36.738641,"fd",0.4762,110,-0.0082,-0.0078,-0.3904,0.468,114,-0.253506493506494
2026-05-21,"TOR @ MIN","1Q","TOR","1Q TOR",2026-05-21 12:21:36.738641,"fd",0.5495,-122,-0.0196,-0.0217,-1.0857,0.53,-113,-0.705
2026-05-21,"GSV @ NYL","1Q","NYL","1Q NYL",2026-05-21 12:51:39.037911,"fd",0.5902,-144,-0.0582,-0.071,-3.5487,0.532,-114,-2.30435064935065
2026-05-21,"LAS @ PHX","1Q","PHX","1Q PHX",2026-05-21 12:51:39.037911,"fd",0.5798,-138,-0.044,-0.0523,-2.6166,0.5359,-115,-1.69909090909091
2026-05-21,"TOR @ MIN","1Q","MIN","1Q MIN",2026-05-21 12:51:39.037911,"fd",0.5146,-106,-0.0446,-0.0459,-2.2943,0.47,113,-1.48980519480519
2026-05-21,"LAS @ PHX","1Q","LAS","1Q LAS",2026-05-21 12:51:39.037911,"fd",0.4854,106,-0.0213,-0.0207,-1.0345,0.4641,115,-0.671753246753247
2026-05-21,"GSV @ NYL","1Q","GSV","1Q GSV",2026-05-21 12:51:39.037911,"fd",0.4762,110,-0.0082,-0.0078,-0.3904,0.468,114,-0.253506493506494
2026-05-21,"TOR @ MIN","1Q","TOR","1Q TOR",2026-05-21 12:51:39.037911,"fd",0.5495,-122,-0.0196,-0.0217,-1.0857,0.53,-113,-0.705
2026-05-21,"GSV @ NYL","1Q","NYL","1Q NYL",2026-05-21 13:21:39.636669,"fd",0.5902,-144,-0.0582,-0.071,-3.5487,0.532,-114,-2.30435064935065
2026-05-21,"LAS @ PHX","1Q","PHX","1Q PHX",2026-05-21 13:21:39.636669,"fd",0.5798,-138,-0.044,-0.0523,-2.6166,0.5359,-115,-1.69909090909091
2026-05-21,"TOR @ MIN","1Q","MIN","1Q MIN",2026-05-21 13:21:39.636669,"fd",0.5146,-106,-0.0446,-0.0459,-2.2943,0.47,113,-1.48980519480519
2026-05-21,"LAS @ PHX","1Q","LAS","1Q LAS",2026-05-21 13:21:39.636669,"fd",0.4854,106,-0.0213,-0.0207,-1.0345,0.4641,115,-0.671753246753247
2026-05-21,"GSV @ NYL","1Q","GSV","1Q GSV",2026-05-21 13:21:39.636669,"fd",0.4762,110,-0.0082,-0.0078,-0.3904,0.468,114,-0.253506493506494
2026-05-21,"TOR @ MIN","1Q","TOR","1Q TOR",2026-05-21 13:21:39.636669,"fd",0.5495,-122,-0.0196,-0.0217,-1.0857,0.53,-113,-0.705
2026-05-21,"GSV @ NYL","1Q","NYL","1Q NYL",2026-05-21 13:51:40.995899,"fd",0.5902,-144,-0.0582,-0.071,-3.5487,0.532,-114,-2.30435064935065
2026-05-21,"LAS @ PHX","1Q","PHX","1Q PHX",2026-05-21 13:51:40.995899,"fd",0.5798,-138,-0.044,-0.0523,-2.6166,0.5359,-115,-1.69909090909091
2026-05-21,"TOR @ MIN","1Q","MIN","1Q MIN",2026-05-21 13:51:40.995899,"fd",0.5146,-106,-0.0446,-0.0459,-2.2943,0.47,113,-1.48980519480519
2026-05-21,"LAS @ PHX","1Q","LAS","1Q LAS",2026-05-21 13:51:40.995899,"fd",0.4854,106,-0.0213,-0.0207,-1.0345,0.4641,115,-0.671753246753247
2026-05-21,"GSV @ NYL","1Q","GSV","1Q GSV",2026-05-21 13:51:40.995899,"fd",0.4762,110,-0.0082,-0.0078,-0.3904,0.468,114,-0.253506493506494
2026-05-21,"TOR @ MIN","1Q","TOR","1Q TOR",2026-05-21 13:51:40.995899,"fd",0.5495,-122,-0.0196,-0.0217,-1.0857,0.53,-113,-0.705
2026-05-21,"GSV @ NYL","1Q","NYL","1Q NYL",2026-05-21 14:21:38.987241,"fd",0.5902,-144,-0.0582,-0.071,-3.5487,0.532,-114,-2.30435064935065
2026-05-21,"LAS @ PHX","1Q","PHX","1Q PHX",2026-05-21 14:21:38.987241,"fd",0.5798,-138,-0.044,-0.0523,-2.6166,0.5359,-115,-1.69909090909091
2026-05-21,"TOR @ MIN","1Q","MIN","1Q MIN",2026-05-21 14:21:38.987241,"fd",0.5146,-106,-0.0446,-0.0459,-2.2943,0.47,113,-1.48980519480519
2026-05-21,"LAS @ PHX","1Q","LAS","1Q LAS",2026-05-21 14:21:38.987241,"fd",0.4854,106,-0.0213,-0.0207,-1.0345,0.4641,115,-0.671753246753247
2026-05-21,"GSV @ NYL","1Q","GSV","1Q GSV",2026-05-21 14:21:38.987241,"fd",0.4762,110,-0.0082,-0.0078,-0.3904,0.468,114,-0.253506493506494
2026-05-21,"TOR @ MIN","1Q","TOR","1Q TOR",2026-05-21 14:21:38.987241,"fd",0.5495,-122,-0.0196,-0.0217,-1.0857,0.53,-113,-0.705
2026-05-21,"GSV @ NYL","1Q","NYL","1Q NYL",2026-05-21 14:51:38.563807,"fd",0.5902,-144,-0.0582,-0.071,-3.5487,0.532,-114,-2.30435064935065
2026-05-21,"LAS @ PHX","1Q","PHX","1Q PHX",2026-05-21 14:51:38.563807,"fd",0.5798,-138,-0.044,-0.0523,-2.6166,0.5359,-115,-1.69909090909091
2026-05-21,"TOR @ MIN","1Q","MIN","1Q MIN",2026-05-21 14:51:38.563807,"fd",0.5146,-106,-0.0446,-0.0459,-2.2943,0.47,113,-1.48980519480519
2026-05-21,"LAS @ PHX","1Q","LAS","1Q LAS",2026-05-21 14:51:38.563807,"fd",0.4854,106,-0.0213,-0.0207,-1.0345,0.4641,115,-0.671753246753247
2026-05-21,"GSV @ NYL","1Q","GSV","1Q GSV",2026-05-21 14:51:38.563807,"fd",0.4762,110,-0.0082,-0.0078,-0.3904,0.468,114,-0.253506493506494
2026-05-21,"TOR @ MIN","1Q","TOR","1Q TOR",2026-05-21 14:51:38.563807,"fd",0.5495,-122,-0.0196,-0.0217,-1.0857,0.53,-113,-0.705
2026-05-21,"GSV @ NYL","1Q","NYL","1Q NYL",2026-05-21 15:21:46.970421,"fd",0.5902,-144,-0.0582,-0.071,-3.5487,0.532,-114,-2.30435064935065
2026-05-21,"LAS @ PHX","1Q","PHX","1Q PHX",2026-05-21 15:21:46.970421,"fd",0.5798,-138,-0.044,-0.0523,-2.6166,0.5359,-115,-1.69909090909091
2026-05-21,"TOR @ MIN","1Q","MIN","1Q MIN",2026-05-21 15:21:46.970421,"fd",0.5146,-106,-0.0446,-0.0459,-2.2943,0.47,113,-1.48980519480519
2026-05-21,"LAS @ PHX","1Q","LAS","1Q LAS",2026-05-21 15:21:46.970421,"fd",0.4854,106,-0.0213,-0.0207,-1.0345,0.4641,115,-0.671753246753247
2026-05-21,"GSV @ NYL","1Q","GSV","1Q GSV",2026-05-21 15:21:46.970421,"fd",0.4762,110,-0.0082,-0.0078,-0.3904,0.468,114,-0.253506493506494
2026-05-21,"TOR @ MIN","1Q","TOR","1Q TOR",2026-05-21 15:21:46.970421,"fd",0.5495,-122,-0.0196,-0.0217,-1.0857,0.53,-113,-0.705
2026-05-21,"GSV @ NYL","1Q","NYL","1Q NYL",2026-05-21 15:51:38.795434,"fd",0.5902,-144,-0.0587,-0.0716,-3.5825,0.5314,-113,-2.3262987012987
2026-05-21,"LAS @ PHX","1Q","PHX","1Q PHX",2026-05-21 15:51:38.795434,"fd",0.5798,-138,-0.044,-0.0523,-2.6166,0.5359,-115,-1.69909090909091
2026-05-21,"TOR @ MIN","1Q","MIN","1Q MIN",2026-05-21 15:51:38.795434,"fd",0.5146,-106,-0.0446,-0.0459,-2.2943,0.47,113,-1.48980519480519
2026-05-21,"LAS @ PHX","1Q","LAS","1Q LAS",2026-05-21 15:51:38.795434,"fd",0.4854,106,-0.0213,-0.0207,-1.0345,0.4641,115,-0.671753246753247
2026-05-21,"GSV @ NYL","1Q","GSV","1Q GSV",2026-05-21 15:51:38.795434,"fd",0.4762,110,-0.0076,-0.0073,-0.364,0.4686,113,-0.236363636363636
2026-05-21,"TOR @ MIN","1Q","TOR","1Q TOR",2026-05-21 15:51:38.795434,"fd",0.5495,-122,-0.0196,-0.0217,-1.0857,0.53,-113,-0.705
2026-05-21,"GSV @ NYL","1Q","NYL","1Q NYL",2026-05-21 16:21:39.734913,"fd",0.5902,-144,-0.0587,-0.0716,-3.5825,0.5314,-113,-2.3262987012987
2026-05-21,"LAS @ PHX","1Q","PHX","1Q PHX",2026-05-21 16:21:39.734913,"fd",0.5798,-138,-0.044,-0.0523,-2.6166,0.5359,-115,-1.69909090909091
2026-05-21,"TOR @ MIN","1Q","MIN","1Q MIN",2026-05-21 16:21:39.734913,"fd",0.5146,-106,-0.0446,-0.0459,-2.2943,0.47,113,-1.48980519480519
2026-05-21,"LAS @ PHX","1Q","LAS","1Q LAS",2026-05-21 16:21:39.734913,"fd",0.4854,106,-0.0213,-0.0207,-1.0345,0.4641,115,-0.671753246753247
2026-05-21,"GSV @ NYL","1Q","GSV","1Q GSV",2026-05-21 16:21:39.734913,"fd",0.4762,110,-0.0076,-0.0073,-0.364,0.4686,113,-0.236363636363636
2026-05-21,"TOR @ MIN","1Q","TOR","1Q TOR",2026-05-21 16:21:39.734913,"fd",0.5495,-122,-0.0196,-0.0217,-1.0857,0.53,-113,-0.705
2026-05-21,"GSV @ NYL","1Q","NYL","1Q NYL",2026-05-21 16:51:30.387808,"fd",0.5833,-140,-0.0519,-0.0623,-3.1139,0.5314,-113,-2.02201298701299
2026-05-21,"LAS @ PHX","1Q","PHX","1Q PHX",2026-05-21 16:51:30.387808,"fd",0.5798,-138,-0.044,-0.0523,-2.6166,0.5359,-115,-1.69909090909091
2026-05-21,"TOR @ MIN","1Q","MIN","1Q MIN",2026-05-21 16:51:30.387808,"fd",0.5146,-106,-0.0446,-0.0459,-2.2943,0.47,113,-1.48980519480519
2026-05-21,"LAS @ PHX","1Q","LAS","1Q LAS",2026-05-21 16:51:30.387808,"fd",0.4854,106,-0.0213,-0.0207,-1.0345,0.4641,115,-0.671753246753247
2026-05-21,"GSV @ NYL","1Q","GSV","1Q GSV",2026-05-21 16:51:30.387808,"fd",0.4808,108,-0.0122,-0.0118,-0.5876,0.4686,113,-0.381558441558442
2026-05-21,"TOR @ MIN","1Q","TOR","1Q TOR",2026-05-21 16:51:30.387808,"fd",0.5495,-122,-0.0196,-0.0217,-1.0857,0.53,-113,-0.705
2026-05-21,"GSV @ NYL","1Q","NYL","1Q NYL",2026-05-21 17:21:36.102163,"fd",0.5833,-140,-0.0519,-0.0623,-3.1139,0.5314,-113,-2.02201298701299
2026-05-21,"LAS @ PHX","1Q","PHX","1Q PHX",2026-05-21 17:21:36.102163,"fd",0.5798,-138,-0.044,-0.0523,-2.6166,0.5359,-115,-1.69909090909091
2026-05-21,"TOR @ MIN","1Q","MIN","1Q MIN",2026-05-21 17:21:36.102163,"fd",0.5146,-106,-0.0446,-0.0459,-2.2943,0.47,113,-1.48980519480519
2026-05-21,"LAS @ PHX","1Q","LAS","1Q LAS",2026-05-21 17:21:36.102163,"fd",0.4854,106,-0.0213,-0.0207,-1.0345,0.4641,115,-0.671753246753247
2026-05-21,"GSV @ NYL","1Q","GSV","1Q GSV",2026-05-21 17:21:36.102163,"fd",0.4808,108,-0.0122,-0.0118,-0.5876,0.4686,113,-0.381558441558442
2026-05-21,"TOR @ MIN","1Q","TOR","1Q TOR",2026-05-21 17:21:36.102163,"fd",0.5495,-122,-0.0196,-0.0217,-1.0857,0.53,-113,-0.705
2026-05-21,"GSV @ NYL","1Q","NYL","1Q NYL",2026-05-21 17:51:33.728665,"fd",0.5833,-140,-0.0519,-0.0623,-3.1139,0.5314,-113,-2.02201298701299
2026-05-21,"LAS @ PHX","1Q","PHX","1Q PHX",2026-05-21 17:51:33.728665,"fd",0.5798,-138,-0.044,-0.0523,-2.6166,0.5359,-115,-1.69909090909091
2026-05-21,"TOR @ MIN","1Q","MIN","1Q MIN",2026-05-21 17:51:33.728665,"fd",0.5146,-106,-0.0446,-0.0459,-2.2943,0.47,113,-1.48980519480519
2026-05-21,"LAS @ PHX","1Q","LAS","1Q LAS",2026-05-21 17:51:33.728665,"fd",0.4854,106,-0.0213,-0.0207,-1.0345,0.4641,115,-0.671753246753247
2026-05-21,"GSV @ NYL","1Q","GSV","1Q GSV",2026-05-21 17:51:33.728665,"fd",0.4808,108,-0.0122,-0.0118,-0.5876,0.4686,113,-0.381558441558442
2026-05-21,"TOR @ MIN","1Q","TOR","1Q TOR",2026-05-21 17:51:33.728665,"fd",0.5495,-122,-0.0196,-0.0217,-1.0857,0.53,-113,-0.705
2026-05-21,"GSV @ NYL","1Q","NYL","1Q NYL",2026-05-21 18:21:36.783497,"fd",0.5833,-140,-0.0519,-0.0623,-3.1139,0.5314,-113,-2.02201298701299
2026-05-21,"LAS @ PHX","1Q","PHX","1Q PHX",2026-05-21 18:21:36.783497,"fd",0.5798,-138,-0.044,-0.0523,-2.6166,0.5359,-115,-1.69909090909091
2026-05-21,"TOR @ MIN","1Q","MIN","1Q MIN",2026-05-21 18:21:36.783497,"fd",0.5146,-106,-0.0446,-0.0459,-2.2943,0.47,113,-1.48980519480519
2026-05-21,"LAS @ PHX","1Q","LAS","1Q LAS",2026-05-21 18:21:36.783497,"fd",0.4854,106,-0.0213,-0.0207,-1.0345,0.4641,115,-0.671753246753247
2026-05-21,"GSV @ NYL","1Q","GSV","1Q GSV",2026-05-21 18:21:36.783497,"fd",0.4808,108,-0.0122,-0.0118,-0.5876,0.4686,113,-0.381558441558442
2026-05-21,"TOR @ MIN","1Q","TOR","1Q TOR",2026-05-21 18:21:36.783497,"fd",0.5495,-122,-0.0196,-0.0217,-1.0857,0.53,-113,-0.705
2026-05-21,"GSV @ NYL","1Q","NYL","1Q NYL",2026-05-21 18:51:33.464393,"fd",0.5833,-140,-0.0519,-0.0623,-3.1139,0.5314,-113,-2.02201298701299
2026-05-21,"LAS @ PHX","1Q","PHX","1Q PHX",2026-05-21 18:51:33.464393,"fd",0.5798,-138,-0.044,-0.0523,-2.6166,0.5359,-115,-1.69909090909091
2026-05-21,"TOR @ MIN","1Q","MIN","1Q MIN",2026-05-21 18:51:33.464393,"fd",0.5098,-104,-0.0398,-0.0406,-2.0293,0.47,113,-1.31772727272727
2026-05-21,"LAS @ PHX","1Q","LAS","1Q LAS",2026-05-21 18:51:33.464393,"fd",0.4854,106,-0.0213,-0.0207,-1.0345,0.4641,115,-0.671753246753247
2026-05-21,"GSV @ NYL","1Q","GSV","1Q GSV",2026-05-21 18:51:33.464393,"fd",0.4808,108,-0.0122,-0.0118,-0.5876,0.4686,113,-0.381558441558442
2026-05-21,"TOR @ MIN","1Q","TOR","1Q TOR",2026-05-21 18:51:33.464393,"fd",0.5556,-125,-0.0256,-0.0288,-1.4382,0.53,-113,-0.933896103896104
2026-05-21,"GSV @ NYL","1Q","NYL","1Q NYL",2026-05-21 19:21:35.962967,"fd",0.5833,-140,-0.0519,-0.0623,-3.1139,0.5314,-113,-2.02201298701299
2026-05-21,"LAS @ PHX","1Q","PHX","1Q PHX",2026-05-21 19:21:35.962967,"fd",0.5798,-138,-0.044,-0.0523,-2.6166,0.5359,-115,-1.69909090909091
2026-05-21,"TOR @ MIN","1Q","MIN","1Q MIN",2026-05-21 19:21:35.962967,"fd",0.5098,-104,-0.0398,-0.0406,-2.0293,0.47,113,-1.31772727272727
2026-05-21,"LAS @ PHX","1Q","LAS","1Q LAS",2026-05-21 19:21:35.962967,"fd",0.4854,106,-0.0213,-0.0207,-1.0345,0.4641,115,-0.671753246753247
2026-05-21,"GSV @ NYL","1Q","GSV","1Q GSV",2026-05-21 19:21:35.962967,"fd",0.4808,108,-0.0122,-0.0118,-0.5876,0.4686,113,-0.381558441558442
2026-05-21,"TOR @ MIN","1Q","TOR","1Q TOR",2026-05-21 19:21:35.962967,"fd",0.5556,-125,-0.0256,-0.0288,-1.4382,0.53,-113,-0.933896103896104
2026-05-21,"GSV @ NYL","1Q","NYL","1Q NYL",2026-05-21 19:51:36.189975,"fd",0.5833,-140,-0.0519,-0.0623,-3.1139,0.5314,-113,-2.02201298701299
2026-05-21,"LAS @ PHX","1Q","PHX","1Q PHX",2026-05-21 19:51:36.189975,"fd",0.5798,-138,-0.044,-0.0523,-2.6166,0.5359,-115,-1.69909090909091
2026-05-21,"TOR @ MIN","1Q","MIN","1Q MIN",2026-05-21 19:51:36.189975,"fd",0.5098,-104,-0.0398,-0.0406,-2.0293,0.47,113,-1.31772727272727
2026-05-21,"LAS @ PHX","1Q","LAS","1Q LAS",2026-05-21 19:51:36.189975,"fd",0.4854,106,-0.0213,-0.0207,-1.0345,0.4641,115,-0.671753246753247
2026-05-21,"GSV @ NYL","1Q","GSV","1Q GSV",2026-05-21 19:51:36.189975,"fd",0.4808,108,-0.0122,-0.0118,-0.5876,0.4686,113,-0.381558441558442
2026-05-21,"TOR @ MIN","1Q","TOR","1Q TOR",2026-05-21 19:51:36.189975,"fd",0.5556,-125,-0.0256,-0.0288,-1.4382,0.53,-113,-0.933896103896104
2026-05-21,"GSV @ NYL","1Q","NYL","1Q NYL",2026-05-21 20:21:34.703185,"fd",0.5833,-140,-0.0519,-0.0623,-3.1139,0.5314,-113,-2.02201298701299
2026-05-21,"LAS @ PHX","1Q","PHX","1Q PHX",2026-05-21 20:21:34.703185,"fd",0.5798,-138,-0.044,-0.0523,-2.6166,0.5359,-115,-1.69909090909091
2026-05-21,"TOR @ MIN","1Q","MIN","1Q MIN",2026-05-21 20:21:34.703185,"fd",0.5098,-104,-0.0398,-0.0406,-2.0293,0.47,113,-1.31772727272727
2026-05-21,"LAS @ PHX","1Q","LAS","1Q LAS",2026-05-21 20:21:34.703185,"fd",0.4854,106,-0.0213,-0.0207,-1.0345,0.4641,115,-0.671753246753247
2026-05-21,"GSV @ NYL","1Q","GSV","1Q GSV",2026-05-21 20:21:34.703185,"fd",0.4808,108,-0.0122,-0.0118,-0.5876,0.4686,113,-0.381558441558442
2026-05-21,"TOR @ MIN","1Q","TOR","1Q TOR",2026-05-21 20:21:34.703185,"fd",0.5556,-125,-0.0256,-0.0288,-1.4382,0.53,-113,-0.933896103896104
2026-05-21,"GSV @ NYL","1Q","NYL","1Q NYL",2026-05-21 20:51:33.576297,"fd",0.5833,-140,-0.0519,-0.0623,-3.1139,0.5314,-113,-2.02201298701299
2026-05-21,"LAS @ PHX","1Q","PHX","1Q PHX",2026-05-21 20:51:33.576297,"fd",0.5798,-138,-0.044,-0.0523,-2.6166,0.5359,-115,-1.69909090909091
2026-05-21,"TOR @ MIN","1Q","MIN","1Q MIN",2026-05-21 20:51:33.576297,"fd",0.5098,-104,-0.0398,-0.0406,-2.0293,0.47,113,-1.31772727272727
2026-05-21,"LAS @ PHX","1Q","LAS","1Q LAS",2026-05-21 20:51:33.576297,"fd",0.4854,106,-0.0213,-0.0207,-1.0345,0.4641,115,-0.671753246753247
2026-05-21,"GSV @ NYL","1Q","GSV","1Q GSV",2026-05-21 20:51:33.576297,"fd",0.4808,108,-0.0122,-0.0118,-0.5876,0.4686,113,-0.381558441558442
2026-05-21,"TOR @ MIN","1Q","TOR","1Q TOR",2026-05-21 20:51:33.576297,"fd",0.5556,-125,-0.0256,-0.0288,-1.4382,0.53,-113,-0.933896103896104
2026-05-21,"GSV @ NYL","1Q","NYL","1Q NYL",2026-05-21 21:21:34.490272,"fd",0.5833,-140,-0.0519,-0.0623,-3.1139,0.5314,-113,-2.02201298701299
2026-05-21,"LAS @ PHX","1Q","PHX","1Q PHX",2026-05-21 21:21:34.490272,"fd",0.5798,-138,-0.044,-0.0523,-2.6166,0.5359,-115,-1.69909090909091
2026-05-21,"TOR @ MIN","1Q","MIN","1Q MIN",2026-05-21 21:21:34.490272,"fd",0.5098,-104,-0.0398,-0.0406,-2.0293,0.47,113,-1.31772727272727
2026-05-21,"LAS @ PHX","1Q","LAS","1Q LAS",2026-05-21 21:21:34.490272,"fd",0.4854,106,-0.0213,-0.0207,-1.0345,0.4641,115,-0.671753246753247
2026-05-21,"GSV @ NYL","1Q","GSV","1Q GSV",2026-05-21 21:21:34.490272,"fd",0.4808,108,-0.0122,-0.0118,-0.5876,0.4686,113,-0.381558441558442
2026-05-21,"TOR @ MIN","1Q","TOR","1Q TOR",2026-05-21 21:21:34.490272,"fd",0.5556,-125,-0.0256,-0.0288,-1.4382,0.53,-113,-0.933896103896104
2026-05-21,"GSV @ NYL","1Q","NYL","1Q NYL",2026-05-21 21:51:35.283804,"fd",0.5833,-140,-0.0519,-0.0623,-3.1139,0.5314,-113,-2.02201298701299
2026-05-21,"LAS @ PHX","1Q","PHX","1Q PHX",2026-05-21 21:51:35.283804,"fd",0.5798,-138,-0.044,-0.0523,-2.6166,0.5359,-115,-1.69909090909091
2026-05-21,"TOR @ MIN","1Q","MIN","1Q MIN",2026-05-21 21:51:35.283804,"fd",0.5098,-104,-0.0398,-0.0406,-2.0293,0.47,113,-1.31772727272727
2026-05-21,"LAS @ PHX","1Q","LAS","1Q LAS",2026-05-21 21:51:35.283804,"fd",0.4854,106,-0.0213,-0.0207,-1.0345,0.4641,115,-0.671753246753247
2026-05-21,"GSV @ NYL","1Q","GSV","1Q GSV",2026-05-21 21:51:35.283804,"fd",0.4808,108,-0.0122,-0.0118,-0.5876,0.4686,113,-0.381558441558442
2026-05-21,"TOR @ MIN","1Q","TOR","1Q TOR",2026-05-21 21:51:35.283804,"fd",0.5556,-125,-0.0256,-0.0288,-1.4382,0.53,-113,-0.933896103896104
2026-05-21,"GSV @ NYL","1Q","NYL","1Q NYL",2026-05-21 22:21:33.877306,"fd",0.5833,-140,-0.052,-0.0624,-3.1208,0.5313,-113,-2.02649350649351
2026-05-21,"LAS @ PHX","1Q","PHX","1Q PHX",2026-05-21 22:21:33.877306,"fd",0.5798,-138,-0.044,-0.0523,-2.6166,0.5359,-115,-1.69909090909091
2026-05-21,"TOR @ MIN","1Q","MIN","1Q MIN",2026-05-21 22:21:33.877306,"fd",0.5098,-104,-0.0398,-0.0406,-2.0293,0.47,113,-1.31772727272727
2026-05-21,"LAS @ PHX","1Q","LAS","1Q LAS",2026-05-21 22:21:33.877306,"fd",0.4854,106,-0.0213,-0.0207,-1.0345,0.4641,115,-0.671753246753247
2026-05-21,"GSV @ NYL","1Q","GSV","1Q GSV",2026-05-21 22:21:33.877306,"fd",0.4808,108,-0.0121,-0.0116,-0.582,0.4687,113,-0.377922077922078
2026-05-21,"TOR @ MIN","1Q","TOR","1Q TOR",2026-05-21 22:21:33.877306,"fd",0.5556,-125,-0.0256,-0.0288,-1.4382,0.53,-113,-0.933896103896104
2026-05-21,"GSV @ NYL","1Q","NYL","1Q NYL",2026-05-21 22:51:34.497585,"fd",0.5833,-140,-0.052,-0.0624,-3.1208,0.5313,-113,-2.02649350649351
2026-05-21,"LAS @ PHX","1Q","PHX","1Q PHX",2026-05-21 22:51:34.497585,"fd",0.5798,-138,-0.044,-0.0523,-2.6166,0.5359,-115,-1.69909090909091
2026-05-21,"TOR @ MIN","1Q","MIN","1Q MIN",2026-05-21 22:51:34.497585,"fd",0.5098,-104,-0.0398,-0.0406,-2.0293,0.47,113,-1.31772727272727
2026-05-21,"LAS @ PHX","1Q","LAS","1Q LAS",2026-05-21 22:51:34.497585,"fd",0.4854,106,-0.0213,-0.0207,-1.0345,0.4641,115,-0.671753246753247
2026-05-21,"GSV @ NYL","1Q","GSV","1Q GSV",2026-05-21 22:51:34.497585,"fd",0.4808,108,-0.0121,-0.0116,-0.582,0.4687,113,-0.377922077922078
2026-05-21,"TOR @ MIN","1Q","TOR","1Q TOR",2026-05-21 22:51:34.497585,"fd",0.5556,-125,-0.0256,-0.0288,-1.4382,0.53,-113,-0.933896103896104
2026-05-21,"GSV @ NYL","1Q","NYL","1Q NYL",2026-05-21 23:21:33.431188,"fd",0.5833,-140,-0.052,-0.0624,-3.1208,0.5313,-113,-2.02649350649351
2026-05-21,"LAS @ PHX","1Q","PHX","1Q PHX",2026-05-21 23:21:33.431188,"fd",0.5798,-138,-0.044,-0.0523,-2.6166,0.5359,-115,-1.69909090909091
2026-05-21,"TOR @ MIN","1Q","MIN","1Q MIN",2026-05-21 23:21:33.431188,"fd",0.505,-102,-0.0349,-0.0353,-1.7643,0.47,113,-1.14564935064935
2026-05-21,"LAS @ PHX","1Q","LAS","1Q LAS",2026-05-21 23:21:33.431188,"fd",0.4854,106,-0.0213,-0.0207,-1.0345,0.4641,115,-0.671753246753247
2026-05-21,"GSV @ NYL","1Q","GSV","1Q GSV",2026-05-21 23:21:33.431188,"fd",0.4808,108,-0.0121,-0.0116,-0.582,0.4687,113,-0.377922077922078
2026-05-21,"TOR @ MIN","1Q","TOR","1Q TOR",2026-05-21 23:21:33.431188,"fd",0.5614,-128,-0.0314,-0.0358,-1.7907,0.53,-113,-1.16279220779221
2026-05-21,"GSV @ NYL","1Q","NYL","1Q NYL",2026-05-21 23:51:34.162023,"fd",0.5833,-140,-0.0526,-0.0631,-3.1541,0.5308,-113,-2.04811688311688
2026-05-21,"LAS @ PHX","1Q","PHX","1Q PHX",2026-05-21 23:51:34.162023,"fd",0.5798,-138,-0.044,-0.0523,-2.6166,0.5359,-115,-1.69909090909091
2026-05-21,"TOR @ MIN","1Q","MIN","1Q MIN",2026-05-21 23:51:34.162023,"fd",0.505,-102,-0.0349,-0.0353,-1.7643,0.47,113,-1.14564935064935
2026-05-21,"LAS @ PHX","1Q","LAS","1Q LAS",2026-05-21 23:51:34.162023,"fd",0.4854,106,-0.0213,-0.0207,-1.0345,0.4641,115,-0.671753246753247
2026-05-21,"GSV @ NYL","1Q","GSV","1Q GSV",2026-05-21 23:51:34.162023,"fd",0.4808,108,-0.0115,-0.0111,-0.5554,0.4692,113,-0.360649350649351
2026-05-21,"TOR @ MIN","1Q","TOR","1Q TOR",2026-05-21 23:51:34.162023,"fd",0.5614,-128,-0.0314,-0.0358,-1.7907,0.53,-113,-1.16279220779221
2026-05-21,"LAS @ PHX","1Q","PHX","1Q PHX",2026-05-22 00:21:34.017126,"fd",0.5745,-135,-0.0386,-0.0454,-2.2685,0.5359,-115,-1.47305194805195
2026-05-21,"LAS @ PHX","1Q","LAS","1Q LAS",2026-05-22 00:21:34.017126,"fd",0.4902,104,-0.0261,-0.0256,-1.2775,0.4641,115,-0.829545454545455
2026-05-21,"LAS @ PHX","1Q","PHX","1Q PHX",2026-05-22 00:51:34.963947,"fd",0.5745,-135,-0.0386,-0.0454,-2.2685,0.5359,-115,-1.47305194805195
2026-05-21,"LAS @ PHX","1Q","LAS","1Q LAS",2026-05-22 00:51:34.963947,"fd",0.4902,104,-0.0261,-0.0256,-1.2775,0.4641,115,-0.829545454545455
2026-05-21,"LAS @ PHX","1Q","PHX","1Q PHX",2026-05-22 01:21:34.177705,"fd",0.5745,-135,-0.0377,-0.0443,-2.2155,0.5368,-116,-1.43863636363636
2026-05-21,"LAS @ PHX","1Q","LAS","1Q LAS",2026-05-22 01:21:34.177705,"fd",0.4902,104,-0.027,-0.0264,-1.3218,0.4632,116,-0.858311688311688
2026-05-21,"LAS @ PHX","1Q","PHX","1Q PHX",2026-05-22 01:51:33.921235,"fd",0.5745,-135,-0.0377,-0.0443,-2.2155,0.5368,-116,-1.43863636363636
2026-05-21,"LAS @ PHX","1Q","LAS","1Q LAS",2026-05-22 01:51:33.921235,"fd",0.4902,104,-0.027,-0.0264,-1.3218,0.4632,116,-0.858311688311688
2026-05-21,"LAS @ PHX","1Q","PHX","1Q PHX",2026-05-22 02:21:33.789496,"fd",0.5745,-135,-0.0377,-0.0443,-2.2155,0.5368,-116,-1.43863636363636
2026-05-21,"LAS @ PHX","1Q","LAS","1Q LAS",2026-05-22 02:21:33.789496,"fd",0.4902,104,-0.027,-0.0264,-1.3218,0.4632,116,-0.858311688311688
2026-05-21,"LAS @ PHX","1Q","PHX","1Q PHX",2026-05-22 02:51:32.654506,"fd",0.5745,-135,-0.0377,-0.0443,-2.2155,0.5368,-116,-1.43863636363636
2026-05-21,"LAS @ PHX","1Q","LAS","1Q LAS",2026-05-22 02:51:32.654506,"fd",0.4902,104,-0.027,-0.0264,-1.3218,0.4632,116,-0.858311688311688
2026-05-22,"DAL @ ATL","1Q","DAL","1Q DAL",2026-05-22 12:22:26.105333,"fd",0.5098,-104,-0.0359,-0.0366,-1.8317,0.4739,111,-1.18941558441558
2026-05-22,"CON @ SEA","1Q","CON","1Q CON",2026-05-22 12:22:26.105333,"fd",0.5798,-138,-0.0322,-0.0383,-1.9135,0.5477,-121,-1.24253246753247
2026-05-22,"GSV @ IND","1Q","IND","1Q IND",2026-05-22 12:22:26.105333,"fd",0.5798,-138,-0.0478,-0.0569,-2.8448,0.532,-114,-1.84727272727273
2026-05-22,"CON @ SEA","1Q","SEA","1Q SEA",2026-05-22 12:22:26.105333,"fd",0.4854,106,-0.0331,-0.0322,-1.6086,0.4523,121,-1.04454545454545
2026-05-22,"DAL @ ATL","1Q","ATL","1Q ATL",2026-05-22 12:22:26.105333,"fd",0.5556,-125,-0.0294,-0.0331,-1.6562,0.5261,-111,-1.07545454545455
2026-05-22,"GSV @ IND","1Q","GSV","1Q GSV",2026-05-22 12:22:26.105333,"fd",0.4854,106,-0.0175,-0.017,-0.8482,0.468,114,-0.550779220779221
2026-05-22,"DAL @ ATL","1Q","DAL","1Q DAL",2026-05-22 12:51:28.991546,"fd",0.5098,-104,-0.0359,-0.0366,-1.8317,0.4739,111,-1.18941558441558
2026-05-22,"CON @ SEA","1Q","CON","1Q CON",2026-05-22 12:51:28.991546,"fd",0.5798,-138,-0.0322,-0.0383,-1.9135,0.5477,-121,-1.24253246753247
2026-05-22,"GSV @ IND","1Q","IND","1Q IND",2026-05-22 12:51:28.991546,"fd",0.5798,-138,-0.0478,-0.0569,-2.8448,0.532,-114,-1.84727272727273
2026-05-22,"CON @ SEA","1Q","SEA","1Q SEA",2026-05-22 12:51:28.991546,"fd",0.4854,106,-0.0331,-0.0322,-1.6086,0.4523,121,-1.04454545454545
2026-05-22,"DAL @ ATL","1Q","ATL","1Q ATL",2026-05-22 12:51:28.991546,"fd",0.5556,-125,-0.0294,-0.0331,-1.6562,0.5261,-111,-1.07545454545455
2026-05-22,"GSV @ IND","1Q","GSV","1Q GSV",2026-05-22 12:51:28.991546,"fd",0.4854,106,-0.0175,-0.017,-0.8482,0.468,114,-0.550779220779221
2026-05-22,"DAL @ ATL","1Q","DAL","1Q DAL",2026-05-22 13:21:30.168209,"fd",0.5098,-104,-0.0359,-0.0366,-1.8317,0.4739,111,-1.18941558441558
2026-05-22,"CON @ SEA","1Q","CON","1Q CON",2026-05-22 13:21:30.168209,"fd",0.5798,-138,-0.0322,-0.0383,-1.9135,0.5477,-121,-1.24253246753247
2026-05-22,"GSV @ IND","1Q","IND","1Q IND",2026-05-22 13:21:30.168209,"fd",0.5798,-138,-0.0478,-0.0569,-2.8448,0.532,-114,-1.84727272727273
2026-05-22,"CON @ SEA","1Q","SEA","1Q SEA",2026-05-22 13:21:30.168209,"fd",0.4854,106,-0.0331,-0.0322,-1.6086,0.4523,121,-1.04454545454545
2026-05-22,"DAL @ ATL","1Q","ATL","1Q ATL",2026-05-22 13:21:30.168209,"fd",0.5556,-125,-0.0294,-0.0331,-1.6562,0.5261,-111,-1.07545454545455
2026-05-22,"GSV @ IND","1Q","GSV","1Q GSV",2026-05-22 13:21:30.168209,"fd",0.4854,106,-0.0175,-0.017,-0.8482,0.468,114,-0.550779220779221
2026-05-22,"DAL @ ATL","1Q","DAL","1Q DAL",2026-05-22 13:51:30.237235,"fd",0.5146,-106,-0.0407,-0.0419,-2.0947,0.4739,111,-1.36019480519481
2026-05-22,"CON @ SEA","1Q","CON","1Q CON",2026-05-22 13:51:30.237235,"fd",0.5745,-135,-0.0268,-0.0315,-1.5742,0.5477,-121,-1.02220779220779
2026-05-22,"GSV @ IND","1Q","IND","1Q IND",2026-05-22 13:51:30.237235,"fd",0.5798,-138,-0.0478,-0.0569,-2.8448,0.532,-114,-1.84727272727273
2026-05-22,"CON @ SEA","1Q","SEA","1Q SEA",2026-05-22 13:51:30.237235,"fd",0.4902,104,-0.0379,-0.0371,-1.857,0.4523,121,-1.20584415584416
2026-05-22,"DAL @ ATL","1Q","ATL","1Q ATL",2026-05-22 13:51:30.237235,"fd",0.5495,-122,-0.0234,-0.026,-1.3008,0.5261,-111,-0.844675324675325
2026-05-22,"GSV @ IND","1Q","GSV","1Q GSV",2026-05-22 13:51:30.237235,"fd",0.4854,106,-0.0175,-0.017,-0.8482,0.468,114,-0.550779220779221
2026-05-22,"DAL @ ATL","1Q","DAL","1Q DAL",2026-05-22 14:21:30.328609,"fd",0.5146,-106,-0.0407,-0.0419,-2.0947,0.4739,111,-1.36019480519481
2026-05-22,"CON @ SEA","1Q","CON","1Q CON",2026-05-22 14:21:30.328609,"fd",0.5745,-135,-0.025,-0.0294,-1.4704,0.5494,-122,-0.954805194805195
2026-05-22,"GSV @ IND","1Q","IND","1Q IND",2026-05-22 14:21:30.328609,"fd",0.5798,-138,-0.0478,-0.0569,-2.8448,0.532,-114,-1.84727272727273
2026-05-22,"CON @ SEA","1Q","SEA","1Q SEA",2026-05-22 14:21:30.328609,"fd",0.4902,104,-0.0396,-0.0389,-1.9437,0.4506,122,-1.26214285714286
2026-05-22,"DAL @ ATL","1Q","ATL","1Q ATL",2026-05-22 14:21:30.328609,"fd",0.5495,-122,-0.0234,-0.026,-1.3008,0.5261,-111,-0.844675324675325
2026-05-22,"GSV @ IND","1Q","GSV","1Q GSV",2026-05-22 14:21:30.328609,"fd",0.4854,106,-0.0175,-0.017,-0.8482,0.468,114,-0.550779220779221
2026-05-22,"DAL @ ATL","1Q","DAL","1Q DAL",2026-05-22 14:51:29.134784,"fd",0.5146,-106,-0.0407,-0.0419,-2.0947,0.4739,111,-1.36019480519481
2026-05-22,"CON @ SEA","1Q","CON","1Q CON",2026-05-22 14:51:29.134784,"fd",0.6403,-178,-0.0908,-0.1263,-6.3139,0.5494,-122,-4.09993506493506
2026-05-22,"GSV @ IND","1Q","IND","1Q IND",2026-05-22 14:51:29.134784,"fd",0.5798,-138,-0.0478,-0.0569,-2.8448,0.532,-114,-1.84727272727273
2026-05-22,"CON @ SEA","1Q","SEA","1Q SEA",2026-05-22 14:51:29.134784,"fd",0.4237,136,0.0268,0.0233,1.164,0.4506,122,0.755844155844156
2026-05-22,"DAL @ ATL","1Q","ATL","1Q ATL",2026-05-22 14:51:29.134784,"fd",0.5495,-122,-0.0234,-0.026,-1.3008,0.5261,-111,-0.844675324675325
2026-05-22,"GSV @ IND","1Q","GSV","1Q GSV",2026-05-22 14:51:29.134784,"fd",0.4854,106,-0.0175,-0.017,-0.8482,0.468,114,-0.550779220779221
2026-05-22,"DAL @ ATL","1Q","DAL","1Q DAL",2026-05-22 15:21:16.949916,"fd",0.5146,-106,-0.0407,-0.0419,-2.0947,0.4739,111,-1.36019480519481
2026-05-22,"CON @ SEA","1Q","CON","1Q CON",2026-05-22 15:21:16.949916,"fd",0.6528,-188,-0.1033,-0.1488,-7.4403,0.5494,-122,-4.83136363636364
2026-05-22,"GSV @ IND","1Q","IND","1Q IND",2026-05-22 15:21:16.949916,"fd",0.5798,-138,-0.0478,-0.0569,-2.8448,0.532,-114,-1.84727272727273
2026-05-22,"CON @ SEA","1Q","SEA","1Q SEA",2026-05-22 15:21:16.949916,"fd",0.4132,142,0.0373,0.0318,1.5908,0.4506,122,1.03298701298701
2026-05-22,"DAL @ ATL","1Q","ATL","1Q ATL",2026-05-22 15:21:16.949916,"fd",0.5495,-122,-0.0234,-0.026,-1.3008,0.5261,-111,-0.844675324675325
2026-05-22,"GSV @ IND","1Q","GSV","1Q GSV",2026-05-22 15:21:16.949916,"fd",0.4854,106,-0.0175,-0.017,-0.8482,0.468,114,-0.550779220779221
2026-05-22,"DAL @ ATL","1Q","DAL","1Q DAL",2026-05-22 15:51:15.205068,"fd",0.5146,-106,-0.0407,-0.0419,-2.0947,0.4739,111,-1.36019480519481
2026-05-22,"CON @ SEA","1Q","CON","1Q CON",2026-05-22 15:51:15.205068,"fd",0.6528,-188,-0.1033,-0.1488,-7.4403,0.5494,-122,-4.83136363636364
2026-05-22,"GSV @ IND","1Q","IND","1Q IND",2026-05-22 15:51:15.205068,"fd",0.5798,-138,-0.0478,-0.0569,-2.8448,0.532,-114,-1.84727272727273
2026-05-22,"CON @ SEA","1Q","SEA","1Q SEA",2026-05-22 15:51:15.205068,"fd",0.4132,142,0.0373,0.0318,1.5908,0.4506,122,1.03298701298701
2026-05-22,"DAL @ ATL","1Q","ATL","1Q ATL",2026-05-22 15:51:15.205068,"fd",0.5495,-122,-0.0234,-0.026,-1.3008,0.5261,-111,-0.844675324675325
2026-05-22,"GSV @ IND","1Q","GSV","1Q GSV",2026-05-22 15:51:15.205068,"fd",0.4854,106,-0.0175,-0.017,-0.8482,0.468,114,-0.550779220779221
2026-05-22,"DAL @ ATL","1Q","DAL","1Q DAL",2026-05-22 16:21:14.229353,"fd",0.5146,-106,-0.0407,-0.0419,-2.0947,0.4739,111,-1.36019480519481
2026-05-22,"CON @ SEA","1Q","CON","1Q CON",2026-05-22 16:21:14.229353,"fd",0.6528,-188,-0.1033,-0.1488,-7.4403,0.5494,-122,-4.83136363636364
2026-05-22,"GSV @ IND","1Q","IND","1Q IND",2026-05-22 16:21:14.229353,"fd",0.5798,-138,-0.0478,-0.0569,-2.8448,0.532,-114,-1.84727272727273
2026-05-22,"CON @ SEA","1Q","SEA","1Q SEA",2026-05-22 16:21:14.229353,"fd",0.4132,142,0.0373,0.0318,1.5908,0.4506,122,1.03298701298701
2026-05-22,"DAL @ ATL","1Q","ATL","1Q ATL",2026-05-22 16:21:14.229353,"fd",0.5495,-122,-0.0234,-0.026,-1.3008,0.5261,-111,-0.844675324675325
2026-05-22,"GSV @ IND","1Q","GSV","1Q GSV",2026-05-22 16:21:14.229353,"fd",0.4854,106,-0.0175,-0.017,-0.8482,0.468,114,-0.550779220779221
2026-05-22,"DAL @ ATL","1Q","DAL","1Q DAL",2026-05-22 16:51:15.467697,"fd",0.5146,-106,-0.0407,-0.0419,-2.0947,0.4739,111,-1.36019480519481
2026-05-22,"CON @ SEA","1Q","CON","1Q CON",2026-05-22 16:51:15.467697,"fd",0.6528,-188,-0.1033,-0.1488,-7.4403,0.5494,-122,-4.83136363636364
2026-05-22,"GSV @ IND","1Q","IND","1Q IND",2026-05-22 16:51:15.467697,"fd",0.5798,-138,-0.0478,-0.0569,-2.8448,0.532,-114,-1.84727272727273
2026-05-22,"CON @ SEA","1Q","SEA","1Q SEA",2026-05-22 16:51:15.467697,"fd",0.4132,142,0.0373,0.0318,1.5908,0.4506,122,1.03298701298701
2026-05-22,"DAL @ ATL","1Q","ATL","1Q ATL",2026-05-22 16:51:15.467697,"fd",0.5495,-122,-0.0234,-0.026,-1.3008,0.5261,-111,-0.844675324675325
2026-05-22,"GSV @ IND","1Q","GSV","1Q GSV",2026-05-22 16:51:15.467697,"fd",0.4854,106,-0.0175,-0.017,-0.8482,0.468,114,-0.550779220779221
2026-05-22,"DAL @ ATL","1Q","DAL","1Q DAL",2026-05-22 17:21:15.598876,"dk",0.5122,-105,-0.0296,-0.0303,-1.5162,0.4826,107,-0.984545454545455
2026-05-22,"DAL @ ATL","1Q","DAL","1Q DAL",2026-05-22 17:21:15.598876,"fd",0.5146,-106,-0.0407,-0.0419,-2.0947,0.4739,111,-1.36019480519481
2026-05-22,"CON @ SEA","1Q","CON","1Q CON",2026-05-22 17:21:15.598876,"dk",0.5918,-145,-0.0567,-0.0695,-3.4737,0.5351,-115,-2.25564935064935
2026-05-22,"CON @ SEA","1Q","CON","1Q CON",2026-05-22 17:21:15.598876,"fd",0.6528,-188,-0.1033,-0.1488,-7.4403,0.5494,-122,-4.83136363636364
2026-05-22,"GSV @ IND","1Q","IND","1Q IND",2026-05-22 17:21:15.598876,"dk",0.5745,-135,-0.0478,-0.0562,-2.8094,0.5266,-111,-1.82428571428571
2026-05-22,"GSV @ IND","1Q","IND","1Q IND",2026-05-22 17:21:15.598876,"fd",0.5798,-138,-0.0478,-0.0569,-2.8448,0.532,-114,-1.84727272727273
2026-05-22,"CON @ SEA","1Q","SEA","1Q SEA",2026-05-22 17:21:15.598876,"dk",0.4762,110,-0.0113,-0.0108,-0.54,0.4649,115,-0.350649350649351
2026-05-22,"CON @ SEA","1Q","SEA","1Q SEA",2026-05-22 17:21:15.598876,"fd",0.4132,142,0.0373,0.0318,1.5908,0.4506,122,1.03298701298701
2026-05-22,"DAL @ ATL","1Q","ATL","1Q ATL",2026-05-22 17:21:15.598876,"dk",0.5652,-130,-0.0478,-0.055,-2.7501,0.5174,-107,-1.78577922077922
2026-05-22,"DAL @ ATL","1Q","ATL","1Q ATL",2026-05-22 17:21:15.598876,"fd",0.5495,-122,-0.0234,-0.026,-1.3008,0.5261,-111,-0.844675324675325
2026-05-22,"GSV @ IND","1Q","GSV","1Q GSV",2026-05-22 17:21:15.598876,"dk",0.5,100,-0.0266,-0.0266,-1.3325,0.4734,111,-0.86525974025974
2026-05-22,"GSV @ IND","1Q","GSV","1Q GSV",2026-05-22 17:21:15.598876,"fd",0.4854,106,-0.0175,-0.017,-0.8482,0.468,114,-0.550779220779221
2026-05-22,"DAL @ ATL","1Q","DAL","1Q DAL",2026-05-22 17:51:17.59421,"dk",0.5122,-105,-0.0296,-0.0303,-1.5162,0.4826,107,-0.984545454545455
2026-05-22,"DAL @ ATL","1Q","DAL","1Q DAL",2026-05-22 17:51:17.59421,"fd",0.5146,-106,-0.0407,-0.0419,-2.0947,0.4739,111,-1.36019480519481
2026-05-22,"CON @ SEA","1Q","CON","1Q CON",2026-05-22 17:51:17.59421,"dk",0.5918,-145,-0.0567,-0.0695,-3.4737,0.5351,-115,-2.25564935064935
2026-05-22,"CON @ SEA","1Q","CON","1Q CON",2026-05-22 17:51:17.59421,"fd",0.6528,-188,-0.1033,-0.1488,-7.4403,0.5494,-122,-4.83136363636364
2026-05-22,"GSV @ IND","1Q","IND","1Q IND",2026-05-22 17:51:17.59421,"dk",0.5745,-135,-0.0478,-0.0562,-2.8094,0.5266,-111,-1.82428571428571
2026-05-22,"GSV @ IND","1Q","IND","1Q IND",2026-05-22 17:51:17.59421,"fd",0.5798,-138,-0.0478,-0.0569,-2.8448,0.532,-114,-1.84727272727273
2026-05-22,"CON @ SEA","1Q","SEA","1Q SEA",2026-05-22 17:51:17.59421,"dk",0.4762,110,-0.0113,-0.0108,-0.54,0.4649,115,-0.350649350649351
2026-05-22,"CON @ SEA","1Q","SEA","1Q SEA",2026-05-22 17:51:17.59421,"fd",0.4132,142,0.0373,0.0318,1.5908,0.4506,122,1.03298701298701
2026-05-22,"DAL @ ATL","1Q","ATL","1Q ATL",2026-05-22 17:51:17.59421,"dk",0.5652,-130,-0.0478,-0.055,-2.7501,0.5174,-107,-1.78577922077922
2026-05-22,"DAL @ ATL","1Q","ATL","1Q ATL",2026-05-22 17:51:17.59421,"fd",0.5495,-122,-0.0234,-0.026,-1.3008,0.5261,-111,-0.844675324675325
2026-05-22,"GSV @ IND","1Q","GSV","1Q GSV",2026-05-22 17:51:17.59421,"dk",0.5,100,-0.0266,-0.0266,-1.3325,0.4734,111,-0.86525974025974
2026-05-22,"GSV @ IND","1Q","GSV","1Q GSV",2026-05-22 17:51:17.59421,"fd",0.4854,106,-0.0175,-0.017,-0.8482,0.468,114,-0.550779220779221
2026-05-22,"DAL @ ATL","1Q","DAL","1Q DAL",2026-05-22 18:21:15.656253,"dk",0.5122,-105,-0.0296,-0.0303,-1.5162,0.4826,107,-0.984545454545455
2026-05-22,"DAL @ ATL","1Q","DAL","1Q DAL",2026-05-22 18:21:15.656253,"fd",0.5146,-106,-0.0407,-0.0419,-2.0947,0.4739,111,-1.36019480519481
2026-05-22,"CON @ SEA","1Q","CON","1Q CON",2026-05-22 18:21:15.656253,"dk",0.5918,-145,-0.0567,-0.0695,-3.4737,0.5351,-115,-2.25564935064935
2026-05-22,"CON @ SEA","1Q","CON","1Q CON",2026-05-22 18:21:15.656253,"fd",0.6528,-188,-0.1033,-0.1488,-7.4403,0.5494,-122,-4.83136363636364
2026-05-22,"GSV @ IND","1Q","IND","1Q IND",2026-05-22 18:21:15.656253,"dk",0.5745,-135,-0.0478,-0.0562,-2.8094,0.5266,-111,-1.82428571428571
2026-05-22,"GSV @ IND","1Q","IND","1Q IND",2026-05-22 18:21:15.656253,"fd",0.5745,-135,-0.0424,-0.0499,-2.4938,0.532,-114,-1.61935064935065
2026-05-22,"CON @ SEA","1Q","SEA","1Q SEA",2026-05-22 18:21:15.656253,"dk",0.4762,110,-0.0113,-0.0108,-0.54,0.4649,115,-0.350649350649351
2026-05-22,"CON @ SEA","1Q","SEA","1Q SEA",2026-05-22 18:21:15.656253,"fd",0.4132,142,0.0373,0.0318,1.5908,0.4506,122,1.03298701298701
2026-05-22,"DAL @ ATL","1Q","ATL","1Q ATL",2026-05-22 18:21:15.656253,"dk",0.5652,-130,-0.0478,-0.055,-2.7501,0.5174,-107,-1.78577922077922
2026-05-22,"DAL @ ATL","1Q","ATL","1Q ATL",2026-05-22 18:21:15.656253,"fd",0.5495,-122,-0.0234,-0.026,-1.3008,0.5261,-111,-0.844675324675325
2026-05-22,"GSV @ IND","1Q","GSV","1Q GSV",2026-05-22 18:21:15.656253,"dk",0.5,100,-0.0266,-0.0266,-1.3325,0.4734,111,-0.86525974025974
2026-05-22,"GSV @ IND","1Q","GSV","1Q GSV",2026-05-22 18:21:15.656253,"fd",0.4902,104,-0.0222,-0.0218,-1.0895,0.468,114,-0.707467532467532
2026-05-22,"DAL @ ATL","1Q","DAL","1Q DAL",2026-05-22 18:51:14.188995,"dk",0.5122,-105,-0.0296,-0.0303,-1.5162,0.4826,107,-0.984545454545455
2026-05-22,"DAL @ ATL","1Q","DAL","1Q DAL",2026-05-22 18:51:14.188995,"fd",0.5146,-106,-0.0407,-0.0419,-2.0947,0.4739,111,-1.36019480519481
2026-05-22,"CON @ SEA","1Q","CON","1Q CON",2026-05-22 18:51:14.188995,"dk",0.5918,-145,-0.0567,-0.0695,-3.4737,0.5351,-115,-2.25564935064935
2026-05-22,"CON @ SEA","1Q","CON","1Q CON",2026-05-22 18:51:14.188995,"fd",0.6528,-188,-0.1033,-0.1488,-7.4403,0.5494,-122,-4.83136363636364
2026-05-22,"GSV @ IND","1Q","IND","1Q IND",2026-05-22 18:51:14.188995,"dk",0.5745,-135,-0.0478,-0.0562,-2.8094,0.5266,-111,-1.82428571428571
2026-05-22,"GSV @ IND","1Q","IND","1Q IND",2026-05-22 18:51:14.188995,"fd",0.5745,-135,-0.0424,-0.0499,-2.4938,0.532,-114,-1.61935064935065
2026-05-22,"CON @ SEA","1Q","SEA","1Q SEA",2026-05-22 18:51:14.188995,"dk",0.4762,110,-0.0113,-0.0108,-0.54,0.4649,115,-0.350649350649351
2026-05-22,"CON @ SEA","1Q","SEA","1Q SEA",2026-05-22 18:51:14.188995,"fd",0.4132,142,0.0373,0.0318,1.5908,0.4506,122,1.03298701298701
2026-05-22,"DAL @ ATL","1Q","ATL","1Q ATL",2026-05-22 18:51:14.188995,"dk",0.5652,-130,-0.0478,-0.055,-2.7501,0.5174,-107,-1.78577922077922
2026-05-22,"DAL @ ATL","1Q","ATL","1Q ATL",2026-05-22 18:51:14.188995,"fd",0.5495,-122,-0.0234,-0.026,-1.3008,0.5261,-111,-0.844675324675325
2026-05-22,"GSV @ IND","1Q","GSV","1Q GSV",2026-05-22 18:51:14.188995,"dk",0.5,100,-0.0266,-0.0266,-1.3325,0.4734,111,-0.86525974025974
2026-05-22,"GSV @ IND","1Q","GSV","1Q GSV",2026-05-22 18:51:14.188995,"fd",0.4902,104,-0.0222,-0.0218,-1.0895,0.468,114,-0.707467532467532
2026-05-22,"DAL @ ATL","1Q","DAL","1Q DAL",2026-05-22 19:21:16.63821,"dk",0.5122,-105,-0.0296,-0.0303,-1.5162,0.4826,107,-0.984545454545455
2026-05-22,"DAL @ ATL","1Q","DAL","1Q DAL",2026-05-22 19:21:16.63821,"fd",0.5146,-106,-0.0407,-0.0419,-2.0947,0.4739,111,-1.36019480519481
2026-05-22,"CON @ SEA","1Q","CON","1Q CON",2026-05-22 19:21:16.63821,"dk",0.5918,-145,-0.0567,-0.0695,-3.4737,0.5351,-115,-2.25564935064935
2026-05-22,"CON @ SEA","1Q","CON","1Q CON",2026-05-22 19:21:16.63821,"fd",0.6528,-188,-0.1033,-0.1488,-7.4403,0.5494,-122,-4.83136363636364
2026-05-22,"GSV @ IND","1Q","IND","1Q IND",2026-05-22 19:21:16.63821,"dk",0.5745,-135,-0.0478,-0.0562,-2.8094,0.5266,-111,-1.82428571428571
2026-05-22,"GSV @ IND","1Q","IND","1Q IND",2026-05-22 19:21:16.63821,"fd",0.5798,-138,-0.0478,-0.0569,-2.8448,0.532,-114,-1.84727272727273
2026-05-22,"CON @ SEA","1Q","SEA","1Q SEA",2026-05-22 19:21:16.63821,"dk",0.4762,110,-0.0113,-0.0108,-0.54,0.4649,115,-0.350649350649351
2026-05-22,"CON @ SEA","1Q","SEA","1Q SEA",2026-05-22 19:21:16.63821,"fd",0.4132,142,0.0373,0.0318,1.5908,0.4506,122,1.03298701298701
2026-05-22,"DAL @ ATL","1Q","ATL","1Q ATL",2026-05-22 19:21:16.63821,"dk",0.5652,-130,-0.0478,-0.055,-2.7501,0.5174,-107,-1.78577922077922
2026-05-22,"DAL @ ATL","1Q","ATL","1Q ATL",2026-05-22 19:21:16.63821,"fd",0.5495,-122,-0.0234,-0.026,-1.3008,0.5261,-111,-0.844675324675325
2026-05-22,"GSV @ IND","1Q","GSV","1Q GSV",2026-05-22 19:21:16.63821,"dk",0.5,100,-0.0266,-0.0266,-1.3325,0.4734,111,-0.86525974025974
2026-05-22,"GSV @ IND","1Q","GSV","1Q GSV",2026-05-22 19:21:16.63821,"fd",0.4902,104,-0.0222,-0.0218,-1.0895,0.468,114,-0.707467532467532
2026-05-22,"DAL @ ATL","1Q","DAL","1Q DAL",2026-05-22 19:51:15.576004,"dk",0.5122,-105,-0.0296,-0.0303,-1.5162,0.4826,107,-0.984545454545455
2026-05-22,"DAL @ ATL","1Q","DAL","1Q DAL",2026-05-22 19:51:15.576004,"fd",0.5146,-106,-0.0407,-0.0419,-2.0947,0.4739,111,-1.36019480519481
2026-05-22,"CON @ SEA","1Q","CON","1Q CON",2026-05-22 19:51:15.576004,"dk",0.5918,-145,-0.0567,-0.0695,-3.4737,0.5351,-115,-2.25564935064935
2026-05-22,"CON @ SEA","1Q","CON","1Q CON",2026-05-22 19:51:15.576004,"fd",0.6377,-176,-0.0882,-0.1218,-6.0887,0.5494,-122,-3.9537012987013
2026-05-22,"GSV @ IND","1Q","IND","1Q IND",2026-05-22 19:51:15.576004,"dk",0.5745,-135,-0.0478,-0.0562,-2.8094,0.5266,-111,-1.82428571428571
2026-05-22,"GSV @ IND","1Q","IND","1Q IND",2026-05-22 19:51:15.576004,"fd",0.5798,-138,-0.0478,-0.0569,-2.8448,0.532,-114,-1.84727272727273
2026-05-22,"CON @ SEA","1Q","SEA","1Q SEA",2026-05-22 19:51:15.576004,"dk",0.4762,110,-0.0113,-0.0108,-0.54,0.4649,115,-0.350649350649351
2026-05-22,"CON @ SEA","1Q","SEA","1Q SEA",2026-05-22 19:51:15.576004,"fd",0.4274,134,0.0232,0.0203,1.0133,0.4506,122,0.657987012987013
2026-05-22,"DAL @ ATL","1Q","ATL","1Q ATL",2026-05-22 19:51:15.576004,"dk",0.5652,-130,-0.0478,-0.055,-2.7501,0.5174,-107,-1.78577922077922
2026-05-22,"DAL @ ATL","1Q","ATL","1Q ATL",2026-05-22 19:51:15.576004,"fd",0.5495,-122,-0.0234,-0.026,-1.3008,0.5261,-111,-0.844675324675325
2026-05-22,"GSV @ IND","1Q","GSV","1Q GSV",2026-05-22 19:51:15.576004,"dk",0.5,100,-0.0266,-0.0266,-1.3325,0.4734,111,-0.86525974025974
2026-05-22,"GSV @ IND","1Q","GSV","1Q GSV",2026-05-22 19:51:15.576004,"fd",0.4902,104,-0.0222,-0.0218,-1.0895,0.468,114,-0.707467532467532
2026-05-22,"DAL @ ATL","1Q","DAL","1Q DAL",2026-05-22 20:21:16.357891,"dk",0.5122,-105,-0.0296,-0.0303,-1.5162,0.4826,107,-0.984545454545455
2026-05-22,"DAL @ ATL","1Q","DAL","1Q DAL",2026-05-22 20:21:16.357891,"fd",0.5146,-106,-0.0407,-0.0419,-2.0947,0.4739,111,-1.36019480519481
2026-05-22,"CON @ SEA","1Q","CON","1Q CON",2026-05-22 20:21:16.357891,"dk",0.5918,-145,-0.0567,-0.0695,-3.4737,0.5351,-115,-2.25564935064935
2026-05-22,"CON @ SEA","1Q","CON","1Q CON",2026-05-22 20:21:16.357891,"fd",0.6377,-176,-0.0882,-0.1218,-6.0887,0.5494,-122,-3.9537012987013
2026-05-22,"GSV @ IND","1Q","IND","1Q IND",2026-05-22 20:21:16.357891,"dk",0.5745,-135,-0.0478,-0.0562,-2.8094,0.5266,-111,-1.82428571428571
2026-05-22,"GSV @ IND","1Q","IND","1Q IND",2026-05-22 20:21:16.357891,"fd",0.5745,-135,-0.0424,-0.0499,-2.4938,0.532,-114,-1.61935064935065
2026-05-22,"CON @ SEA","1Q","SEA","1Q SEA",2026-05-22 20:21:16.357891,"dk",0.4762,110,-0.0113,-0.0108,-0.54,0.4649,115,-0.350649350649351
2026-05-22,"CON @ SEA","1Q","SEA","1Q SEA",2026-05-22 20:21:16.357891,"fd",0.4274,134,0.0232,0.0203,1.0133,0.4506,122,0.657987012987013
2026-05-22,"DAL @ ATL","1Q","ATL","1Q ATL",2026-05-22 20:21:16.357891,"dk",0.5652,-130,-0.0478,-0.055,-2.7501,0.5174,-107,-1.78577922077922
2026-05-22,"DAL @ ATL","1Q","ATL","1Q ATL",2026-05-22 20:21:16.357891,"fd",0.5495,-122,-0.0234,-0.026,-1.3008,0.5261,-111,-0.844675324675325
2026-05-22,"GSV @ IND","1Q","GSV","1Q GSV",2026-05-22 20:21:16.357891,"dk",0.5,100,-0.0266,-0.0266,-1.3325,0.4734,111,-0.86525974025974
2026-05-22,"GSV @ IND","1Q","GSV","1Q GSV",2026-05-22 20:21:16.357891,"fd",0.4902,104,-0.0222,-0.0218,-1.0895,0.468,114,-0.707467532467532
2026-05-22,"DAL @ ATL","1Q","DAL","1Q DAL",2026-05-22 20:51:15.973532,"dk",0.5122,-105,-0.0296,-0.0303,-1.5162,0.4826,107,-0.984545454545455
2026-05-22,"DAL @ ATL","1Q","DAL","1Q DAL",2026-05-22 20:51:15.973532,"fd",0.5146,-106,-0.0407,-0.0419,-2.0947,0.4739,111,-1.36019480519481
2026-05-22,"CON @ SEA","1Q","CON","1Q CON",2026-05-22 20:51:15.973532,"dk",0.5918,-145,-0.0567,-0.0695,-3.4737,0.5351,-115,-2.25564935064935
2026-05-22,"CON @ SEA","1Q","CON","1Q CON",2026-05-22 20:51:15.973532,"fd",0.6377,-176,-0.0882,-0.1218,-6.0887,0.5494,-122,-3.9537012987013
2026-05-22,"GSV @ IND","1Q","IND","1Q IND",2026-05-22 20:51:15.973532,"dk",0.5745,-135,-0.0478,-0.0562,-2.8094,0.5266,-111,-1.82428571428571
2026-05-22,"GSV @ IND","1Q","IND","1Q IND",2026-05-22 20:51:15.973532,"fd",0.5745,-135,-0.0424,-0.0499,-2.4938,0.532,-114,-1.61935064935065
2026-05-22,"CON @ SEA","1Q","SEA","1Q SEA",2026-05-22 20:51:15.973532,"dk",0.4762,110,-0.0113,-0.0108,-0.54,0.4649,115,-0.350649350649351
2026-05-22,"CON @ SEA","1Q","SEA","1Q SEA",2026-05-22 20:51:15.973532,"fd",0.4274,134,0.0232,0.0203,1.0133,0.4506,122,0.657987012987013
2026-05-22,"DAL @ ATL","1Q","ATL","1Q ATL",2026-05-22 20:51:15.973532,"dk",0.5652,-130,-0.0478,-0.055,-2.7501,0.5174,-107,-1.78577922077922
2026-05-22,"DAL @ ATL","1Q","ATL","1Q ATL",2026-05-22 20:51:15.973532,"fd",0.5495,-122,-0.0234,-0.026,-1.3008,0.5261,-111,-0.844675324675325
2026-05-22,"GSV @ IND","1Q","GSV","1Q GSV",2026-05-22 20:51:15.973532,"dk",0.5,100,-0.0266,-0.0266,-1.3325,0.4734,111,-0.86525974025974
2026-05-22,"GSV @ IND","1Q","GSV","1Q GSV",2026-05-22 20:51:15.973532,"fd",0.4902,104,-0.0222,-0.0218,-1.0895,0.468,114,-0.707467532467532
2026-05-22,"DAL @ ATL","1Q","DAL","1Q DAL",2026-05-22 21:21:16.369626,"dk",0.5122,-105,-0.0296,-0.0303,-1.5162,0.4826,107,-0.984545454545455
2026-05-22,"DAL @ ATL","1Q","DAL","1Q DAL",2026-05-22 21:21:16.369626,"fd",0.5098,-104,-0.0359,-0.0366,-1.8317,0.4739,111,-1.18941558441558
2026-05-22,"CON @ SEA","1Q","CON","1Q CON",2026-05-22 21:21:16.369626,"dk",0.5918,-145,-0.0567,-0.0695,-3.4737,0.5351,-115,-2.25564935064935
2026-05-22,"CON @ SEA","1Q","CON","1Q CON",2026-05-22 21:21:16.369626,"fd",0.6377,-176,-0.0882,-0.1218,-6.0887,0.5494,-122,-3.9537012987013
2026-05-22,"GSV @ IND","1Q","IND","1Q IND",2026-05-22 21:21:16.369626,"dk",0.5745,-135,-0.0478,-0.0562,-2.8094,0.5266,-111,-1.82428571428571
2026-05-22,"GSV @ IND","1Q","IND","1Q IND",2026-05-22 21:21:16.369626,"fd",0.5745,-135,-0.0424,-0.0499,-2.4938,0.532,-114,-1.61935064935065
2026-05-22,"CON @ SEA","1Q","SEA","1Q SEA",2026-05-22 21:21:16.369626,"dk",0.4762,110,-0.0113,-0.0108,-0.54,0.4649,115,-0.350649350649351
2026-05-22,"CON @ SEA","1Q","SEA","1Q SEA",2026-05-22 21:21:16.369626,"fd",0.4274,134,0.0232,0.0203,1.0133,0.4506,122,0.657987012987013
2026-05-22,"DAL @ ATL","1Q","ATL","1Q ATL",2026-05-22 21:21:16.369626,"dk",0.5652,-130,-0.0478,-0.055,-2.7501,0.5174,-107,-1.78577922077922
2026-05-22,"DAL @ ATL","1Q","ATL","1Q ATL",2026-05-22 21:21:16.369626,"fd",0.5556,-125,-0.0294,-0.0331,-1.6562,0.5261,-111,-1.07545454545455
2026-05-22,"GSV @ IND","1Q","GSV","1Q GSV",2026-05-22 21:21:16.369626,"dk",0.5,100,-0.0266,-0.0266,-1.3325,0.4734,111,-0.86525974025974
2026-05-22,"GSV @ IND","1Q","GSV","1Q GSV",2026-05-22 21:21:16.369626,"fd",0.4902,104,-0.0222,-0.0218,-1.0895,0.468,114,-0.707467532467532
2026-05-22,"DAL @ ATL","1Q","DAL","1Q DAL",2026-05-22 21:51:16.300231,"dk",0.5122,-105,-0.0296,-0.0303,-1.5162,0.4826,107,-0.984545454545455
2026-05-22,"DAL @ ATL","1Q","DAL","1Q DAL",2026-05-22 21:51:16.300231,"fd",0.5098,-104,-0.0359,-0.0366,-1.8317,0.4739,111,-1.18941558441558
2026-05-22,"CON @ SEA","1Q","CON","1Q CON",2026-05-22 21:51:16.300231,"dk",0.5918,-145,-0.0567,-0.0695,-3.4737,0.5351,-115,-2.25564935064935
2026-05-22,"CON @ SEA","1Q","CON","1Q CON",2026-05-22 21:51:16.300231,"fd",0.6377,-176,-0.0882,-0.1218,-6.0887,0.5494,-122,-3.9537012987013
2026-05-22,"GSV @ IND","1Q","IND","1Q IND",2026-05-22 21:51:16.300231,"dk",0.5745,-135,-0.0478,-0.0562,-2.8094,0.5266,-111,-1.82428571428571
2026-05-22,"GSV @ IND","1Q","IND","1Q IND",2026-05-22 21:51:16.300231,"fd",0.5745,-135,-0.0424,-0.0499,-2.4938,0.532,-114,-1.61935064935065
2026-05-22,"CON @ SEA","1Q","SEA","1Q SEA",2026-05-22 21:51:16.300231,"dk",0.4762,110,-0.0113,-0.0108,-0.54,0.4649,115,-0.350649350649351
2026-05-22,"CON @ SEA","1Q","SEA","1Q SEA",2026-05-22 21:51:16.300231,"fd",0.4274,134,0.0232,0.0203,1.0133,0.4506,122,0.657987012987013
2026-05-22,"DAL @ ATL","1Q","ATL","1Q ATL",2026-05-22 21:51:16.300231,"dk",0.5652,-130,-0.0478,-0.055,-2.7501,0.5174,-107,-1.78577922077922
2026-05-22,"DAL @ ATL","1Q","ATL","1Q ATL",2026-05-22 21:51:16.300231,"fd",0.5556,-125,-0.0294,-0.0331,-1.6562,0.5261,-111,-1.07545454545455
2026-05-22,"GSV @ IND","1Q","GSV","1Q GSV",2026-05-22 21:51:16.300231,"dk",0.5,100,-0.0266,-0.0266,-1.3325,0.4734,111,-0.86525974025974
2026-05-22,"GSV @ IND","1Q","GSV","1Q GSV",2026-05-22 21:51:16.300231,"fd",0.4902,104,-0.0222,-0.0218,-1.0895,0.468,114,-0.707467532467532
2026-05-22,"DAL @ ATL","1Q","DAL","1Q DAL",2026-05-22 22:21:16.717132,"dk",0.5122,-105,-0.0296,-0.0303,-1.5162,0.4826,107,-0.984545454545455
2026-05-22,"DAL @ ATL","1Q","DAL","1Q DAL",2026-05-22 22:21:16.717132,"fd",0.5098,-104,-0.0359,-0.0366,-1.8317,0.4739,111,-1.18941558441558
2026-05-22,"CON @ SEA","1Q","CON","1Q CON",2026-05-22 22:21:16.717132,"dk",0.5918,-145,-0.0567,-0.0695,-3.4737,0.5351,-115,-2.25564935064935
2026-05-22,"CON @ SEA","1Q","CON","1Q CON",2026-05-22 22:21:16.717132,"fd",0.6377,-176,-0.0882,-0.1218,-6.0887,0.5494,-122,-3.9537012987013
2026-05-22,"GSV @ IND","1Q","IND","1Q IND",2026-05-22 22:21:16.717132,"dk",0.5745,-135,-0.0478,-0.0562,-2.8094,0.5266,-111,-1.82428571428571
2026-05-22,"GSV @ IND","1Q","IND","1Q IND",2026-05-22 22:21:16.717132,"fd",0.5745,-135,-0.0424,-0.0499,-2.4938,0.532,-114,-1.61935064935065
2026-05-22,"CON @ SEA","1Q","SEA","1Q SEA",2026-05-22 22:21:16.717132,"dk",0.4762,110,-0.0113,-0.0108,-0.54,0.4649,115,-0.350649350649351
2026-05-22,"CON @ SEA","1Q","SEA","1Q SEA",2026-05-22 22:21:16.717132,"fd",0.4274,134,0.0232,0.0203,1.0133,0.4506,122,0.657987012987013
2026-05-22,"DAL @ ATL","1Q","ATL","1Q ATL",2026-05-22 22:21:16.717132,"dk",0.5652,-130,-0.0478,-0.055,-2.7501,0.5174,-107,-1.78577922077922
2026-05-22,"DAL @ ATL","1Q","ATL","1Q ATL",2026-05-22 22:21:16.717132,"fd",0.5495,-122,-0.0234,-0.026,-1.3008,0.5261,-111,-0.844675324675325
2026-05-22,"GSV @ IND","1Q","GSV","1Q GSV",2026-05-22 22:21:16.717132,"dk",0.5,100,-0.0266,-0.0266,-1.3325,0.4734,111,-0.86525974025974
2026-05-22,"GSV @ IND","1Q","GSV","1Q GSV",2026-05-22 22:21:16.717132,"fd",0.4902,104,-0.0222,-0.0218,-1.0895,0.468,114,-0.707467532467532
2026-05-22,"DAL @ ATL","1Q","DAL","1Q DAL",2026-05-22 22:51:14.853353,"dk",0.5122,-105,-0.0296,-0.0303,-1.5162,0.4826,107,-0.984545454545455
2026-05-22,"DAL @ ATL","1Q","DAL","1Q DAL",2026-05-22 22:51:14.853353,"fd",0.5098,-104,-0.0359,-0.0366,-1.8317,0.4739,111,-1.18941558441558
2026-05-22,"CON @ SEA","1Q","CON","1Q CON",2026-05-22 22:51:14.853353,"dk",0.5918,-145,-0.0567,-0.0695,-3.4737,0.5351,-115,-2.25564935064935
2026-05-22,"CON @ SEA","1Q","CON","1Q CON",2026-05-22 22:51:14.853353,"fd",0.6377,-176,-0.0882,-0.1218,-6.0887,0.5494,-122,-3.9537012987013
2026-05-22,"GSV @ IND","1Q","IND","1Q IND",2026-05-22 22:51:14.853353,"dk",0.5745,-135,-0.0478,-0.0562,-2.8094,0.5266,-111,-1.82428571428571
2026-05-22,"GSV @ IND","1Q","IND","1Q IND",2026-05-22 22:51:14.853353,"fd",0.5745,-135,-0.0424,-0.0499,-2.4938,0.532,-114,-1.61935064935065
2026-05-22,"CON @ SEA","1Q","SEA","1Q SEA",2026-05-22 22:51:14.853353,"dk",0.4762,110,-0.0113,-0.0108,-0.54,0.4649,115,-0.350649350649351
2026-05-22,"CON @ SEA","1Q","SEA","1Q SEA",2026-05-22 22:51:14.853353,"fd",0.4274,134,0.0232,0.0203,1.0133,0.4506,122,0.657987012987013
2026-05-22,"DAL @ ATL","1Q","ATL","1Q ATL",2026-05-22 22:51:14.853353,"dk",0.5652,-130,-0.0478,-0.055,-2.7501,0.5174,-107,-1.78577922077922
2026-05-22,"DAL @ ATL","1Q","ATL","1Q ATL",2026-05-22 22:51:14.853353,"fd",0.5556,-125,-0.0294,-0.0331,-1.6562,0.5261,-111,-1.07545454545455
2026-05-22,"GSV @ IND","1Q","GSV","1Q GSV",2026-05-22 22:51:14.853353,"dk",0.5,100,-0.0266,-0.0266,-1.3325,0.4734,111,-0.86525974025974
2026-05-22,"GSV @ IND","1Q","GSV","1Q GSV",2026-05-22 22:51:14.853353,"fd",0.4902,104,-0.0222,-0.0218,-1.0895,0.468,114,-0.707467532467532
2026-05-22,"DAL @ ATL","1Q","DAL","1Q DAL",2026-05-22 23:21:14.691451,"dk",0.5122,-105,-0.0296,-0.0303,-1.5162,0.4826,107,-0.984545454545455
2026-05-22,"DAL @ ATL","1Q","DAL","1Q DAL",2026-05-22 23:21:14.691451,"fd",0.5098,-104,-0.0359,-0.0366,-1.8317,0.4739,111,-1.18941558441558
2026-05-22,"CON @ SEA","1Q","CON","1Q CON",2026-05-22 23:21:14.691451,"dk",0.5918,-145,-0.0567,-0.0695,-3.4737,0.5351,-115,-2.25564935064935
2026-05-22,"CON @ SEA","1Q","CON","1Q CON",2026-05-22 23:21:14.691451,"fd",0.6403,-178,-0.0908,-0.1263,-6.3139,0.5494,-122,-4.09993506493506
2026-05-22,"GSV @ IND","1Q","IND","1Q IND",2026-05-22 23:21:14.691451,"dk",0.5745,-135,-0.0494,-0.058,-2.9016,0.5251,-111,-1.88415584415584
2026-05-22,"GSV @ IND","1Q","IND","1Q IND",2026-05-22 23:21:14.691451,"fd",0.569,-132,-0.0383,-0.0445,-2.2242,0.5306,-113,-1.44428571428571
2026-05-22,"CON @ SEA","1Q","SEA","1Q SEA",2026-05-22 23:21:14.691451,"dk",0.4762,110,-0.0113,-0.0108,-0.54,0.4649,115,-0.350649350649351
2026-05-22,"CON @ SEA","1Q","SEA","1Q SEA",2026-05-22 23:21:14.691451,"fd",0.4237,136,0.0268,0.0233,1.164,0.4506,122,0.755844155844156
2026-05-22,"DAL @ ATL","1Q","ATL","1Q ATL",2026-05-22 23:21:14.691451,"dk",0.5652,-130,-0.0478,-0.055,-2.7501,0.5174,-107,-1.78577922077922
2026-05-22,"DAL @ ATL","1Q","ATL","1Q ATL",2026-05-22 23:21:14.691451,"fd",0.5556,-125,-0.0294,-0.0331,-1.6562,0.5261,-111,-1.07545454545455
2026-05-22,"GSV @ IND","1Q","GSV","1Q GSV",2026-05-22 23:21:14.691451,"dk",0.5,100,-0.0251,-0.0251,-1.2539,0.4749,111,-0.814220779220779
2026-05-22,"GSV @ IND","1Q","GSV","1Q GSV",2026-05-22 23:21:14.691451,"fd",0.4902,104,-0.0208,-0.0204,-1.0207,0.4694,113,-0.662792207792208
2026-05-22,"CON @ SEA","1Q","CON","1Q CON",2026-05-22 23:51:15.034014,"dk",0.5918,-145,-0.0567,-0.0695,-3.4737,0.5351,-115,-2.25564935064935
2026-05-22,"CON @ SEA","1Q","CON","1Q CON",2026-05-22 23:51:15.034014,"fd",0.6403,-178,-0.0908,-0.1263,-6.3139,0.5494,-122,-4.09993506493506
2026-05-22,"CON @ SEA","1Q","SEA","1Q SEA",2026-05-22 23:51:15.034014,"dk",0.4762,110,-0.0113,-0.0108,-0.54,0.4649,115,-0.350649350649351
2026-05-22,"CON @ SEA","1Q","SEA","1Q SEA",2026-05-22 23:51:15.034014,"fd",0.4237,136,0.0268,0.0233,1.164,0.4506,122,0.755844155844156
2026-05-22,"CON @ SEA","1Q","CON","1Q CON",2026-05-23 00:21:16.194332,"dk",0.5918,-145,-0.0567,-0.0695,-3.4737,0.5351,-115,-2.25564935064935
2026-05-22,"CON @ SEA","1Q","CON","1Q CON",2026-05-23 00:21:16.194332,"fd",0.6403,-178,-0.0908,-0.1263,-6.3139,0.5494,-122,-4.09993506493506
2026-05-22,"CON @ SEA","1Q","SEA","1Q SEA",2026-05-23 00:21:16.194332,"dk",0.4762,110,-0.0113,-0.0108,-0.54,0.4649,115,-0.350649350649351
2026-05-22,"CON @ SEA","1Q","SEA","1Q SEA",2026-05-23 00:21:16.194332,"fd",0.4237,136,0.0268,0.0233,1.164,0.4506,122,0.755844155844156
2026-05-22,"CON @ SEA","1Q","CON","1Q CON",2026-05-23 00:51:16.20637,"dk",0.5918,-145,-0.0567,-0.0695,-3.4737,0.5351,-115,-2.25564935064935
2026-05-22,"CON @ SEA","1Q","CON","1Q CON",2026-05-23 00:51:16.20637,"fd",0.6454,-182,-0.096,-0.1353,-6.7645,0.5494,-122,-4.39253246753247
2026-05-22,"CON @ SEA","1Q","SEA","1Q SEA",2026-05-23 00:51:16.20637,"dk",0.4762,110,-0.0113,-0.0108,-0.54,0.4649,115,-0.350649350649351
2026-05-22,"CON @ SEA","1Q","SEA","1Q SEA",2026-05-23 00:51:16.20637,"fd",0.4202,138,0.0304,0.0262,1.3104,0.4506,122,0.850909090909091
2026-05-22,"CON @ SEA","1Q","CON","1Q CON",2026-05-23 01:21:19.89935,"dk",0.5918,-145,-0.1023,-0.1254,-6.2679,0.4895,104,-4.07006493506494
2026-05-22,"CON @ SEA","1Q","CON","1Q CON",2026-05-23 01:21:19.89935,"fd",0.6454,-182,-0.1545,-0.2179,-10.8926,0.4909,104,-7.07311688311688
2026-05-22,"CON @ SEA","1Q","SEA","1Q SEA",2026-05-23 01:21:19.89935,"dk",0.4762,110,0.0343,0.0327,1.6373,0.5105,-104,1.06318181818182
2026-05-22,"CON @ SEA","1Q","SEA","1Q SEA",2026-05-23 01:21:19.89935,"fd",0.4202,138,0.0889,0.0767,3.835,0.5091,-104,2.49025974025974
2026-05-22,"CON @ SEA","1Q","CON","1Q CON",2026-05-23 01:51:18.376166,"dk",0.5122,-105,-0.0246,-0.0253,-1.2626,0.4876,105,-0.81987012987013
2026-05-22,"CON @ SEA","1Q","CON","1Q CON",2026-05-23 01:51:18.376166,"fd",0.505,-102,-0.0158,-0.016,-0.7981,0.4891,104,-0.518246753246753
2026-05-22,"CON @ SEA","1Q","SEA","1Q SEA",2026-05-23 01:51:18.376166,"dk",0.5556,-125,-0.0431,-0.0485,-2.4251,0.5124,-105,-1.57474025974026
2026-05-22,"CON @ SEA","1Q","SEA","1Q SEA",2026-05-23 01:51:18.376166,"fd",0.5614,-128,-0.0505,-0.0576,-2.8813,0.5109,-104,-1.87097402597403
2026-05-22,"CON @ SEA","1Q","CON","1Q CON",2026-05-23 02:21:19.60953,"dk",0.5122,-105,-0.0246,-0.0253,-1.2626,0.4876,105,-0.81987012987013
2026-05-22,"CON @ SEA","1Q","CON","1Q CON",2026-05-23 02:21:19.60953,"fd",0.505,-102,-0.0158,-0.016,-0.7981,0.4891,104,-0.518246753246753
2026-05-22,"CON @ SEA","1Q","SEA","1Q SEA",2026-05-23 02:21:19.60953,"dk",0.5556,-125,-0.0431,-0.0485,-2.4251,0.5124,-105,-1.57474025974026
2026-05-22,"CON @ SEA","1Q","SEA","1Q SEA",2026-05-23 02:21:19.60953,"fd",0.5614,-128,-0.0505,-0.0576,-2.8813,0.5109,-104,-1.87097402597403
2026-05-22,"CON @ SEA","1Q","CON","1Q CON",2026-05-23 02:51:18.63622,"dk",0.5122,-105,-0.0246,-0.0253,-1.2626,0.4876,105,-0.81987012987013
2026-05-22,"CON @ SEA","1Q","CON","1Q CON",2026-05-23 02:51:18.63622,"fd",0.505,-102,-0.0158,-0.016,-0.7981,0.4891,104,-0.518246753246753
2026-05-22,"CON @ SEA","1Q","SEA","1Q SEA",2026-05-23 02:51:18.63622,"dk",0.5556,-125,-0.0431,-0.0485,-2.4251,0.5124,-105,-1.57474025974026
2026-05-22,"CON @ SEA","1Q","SEA","1Q SEA",2026-05-23 02:51:18.63622,"fd",0.5614,-128,-0.0505,-0.0576,-2.8813,0.5109,-104,-1.87097402597403
2026-05-23,"LAS @ LVA","1Q","LVA","1Q LVA",2026-05-23 12:21:53.020791,"fd",0.5652,-130,-0.0606,-0.0697,-3.4841,0.5046,-102,-2.2624025974026
2026-05-23,"MIN @ CHI","1Q","MIN","1Q MIN",2026-05-23 12:21:53.020791,"fd",0.4425,126,0.0259,0.0232,1.1622,0.4684,113,0.754675324675325
2026-05-23,"PDX @ TOR","1Q","PDX","1Q PDX",2026-05-23 12:21:53.020791,"fd",0.4902,104,-0.033,-0.0324,-1.6198,0.4572,119,-1.05181818181818
2026-05-23,"LAS @ LVA","1Q","LAS","1Q LAS",2026-05-23 12:21:53.020791,"fd",0.5,100,-0.0046,-0.0046,-0.2312,0.4954,102,-0.15012987012987
2026-05-23,"MIN @ CHI","1Q","CHI","1Q CHI",2026-05-23 12:21:53.020791,"fd",0.6226,-165,-0.091,-0.1206,-6.0313,0.5316,-113,-3.91642857142857
2026-05-23,"PDX @ TOR","1Q","TOR","1Q TOR",2026-05-23 12:21:53.020791,"fd",0.5745,-135,-0.0316,-0.0372,-1.8584,0.5428,-119,-1.20675324675325
2026-05-23,"LAS @ LVA","1Q","LVA","1Q LVA",2026-05-23 12:51:21.587147,"fd",0.5652,-130,-0.0606,-0.0697,-3.4841,0.5046,-102,-2.2624025974026
2026-05-23,"MIN @ CHI","1Q","MIN","1Q MIN",2026-05-23 12:51:21.587147,"fd",0.4425,126,0.0259,0.0232,1.1622,0.4684,113,0.754675324675325
2026-05-23,"PDX @ TOR","1Q","PDX","1Q PDX",2026-05-23 12:51:21.587147,"fd",0.4902,104,-0.033,-0.0324,-1.6198,0.4572,119,-1.05181818181818
2026-05-23,"LAS @ LVA","1Q","LAS","1Q LAS",2026-05-23 12:51:21.587147,"fd",0.5,100,-0.0046,-0.0046,-0.2312,0.4954,102,-0.15012987012987
2026-05-23,"MIN @ CHI","1Q","CHI","1Q CHI",2026-05-23 12:51:21.587147,"fd",0.6226,-165,-0.091,-0.1206,-6.0313,0.5316,-113,-3.91642857142857
2026-05-23,"PDX @ TOR","1Q","TOR","1Q TOR",2026-05-23 12:51:21.587147,"fd",0.5745,-135,-0.0316,-0.0372,-1.8584,0.5428,-119,-1.20675324675325
2026-05-23,"LAS @ LVA","1Q","LVA","1Q LVA",2026-05-23 13:21:20.788679,"fd",0.5652,-130,-0.0606,-0.0697,-3.4841,0.5046,-102,-2.2624025974026
2026-05-23,"MIN @ CHI","1Q","MIN","1Q MIN",2026-05-23 13:21:20.788679,"fd",0.4425,126,0.0259,0.0232,1.1622,0.4684,113,0.754675324675325
2026-05-23,"PDX @ TOR","1Q","PDX","1Q PDX",2026-05-23 13:21:20.788679,"fd",0.495,102,-0.0379,-0.0375,-1.8757,0.4572,119,-1.21798701298701
2026-05-23,"LAS @ LVA","1Q","LAS","1Q LAS",2026-05-23 13:21:20.788679,"fd",0.5,100,-0.0046,-0.0046,-0.2312,0.4954,102,-0.15012987012987
2026-05-23,"MIN @ CHI","1Q","CHI","1Q CHI",2026-05-23 13:21:20.788679,"fd",0.6226,-165,-0.091,-0.1206,-6.0313,0.5316,-113,-3.91642857142857
2026-05-23,"PDX @ TOR","1Q","TOR","1Q TOR",2026-05-23 13:21:20.788679,"fd",0.569,-132,-0.0261,-0.0303,-1.5155,0.5428,-119,-0.984090909090909
2026-05-23,"LAS @ LVA","1Q","LVA","1Q LVA",2026-05-23 13:51:21.566456,"fd",0.5652,-130,-0.0606,-0.0697,-3.4841,0.5046,-102,-2.2624025974026
2026-05-23,"MIN @ CHI","1Q","MIN","1Q MIN",2026-05-23 13:51:21.566456,"fd",0.4425,126,0.0259,0.0232,1.1622,0.4684,113,0.754675324675325
2026-05-23,"PDX @ TOR","1Q","PDX","1Q PDX",2026-05-23 13:51:21.566456,"fd",0.495,102,-0.0379,-0.0375,-1.8757,0.4572,119,-1.21798701298701
2026-05-23,"LAS @ LVA","1Q","LAS","1Q LAS",2026-05-23 13:51:21.566456,"fd",0.5,100,-0.0046,-0.0046,-0.2312,0.4954,102,-0.15012987012987
2026-05-23,"MIN @ CHI","1Q","CHI","1Q CHI",2026-05-23 13:51:21.566456,"fd",0.6226,-165,-0.091,-0.1206,-6.0313,0.5316,-113,-3.91642857142857
2026-05-23,"PDX @ TOR","1Q","TOR","1Q TOR",2026-05-23 13:51:21.566456,"fd",0.569,-132,-0.0261,-0.0303,-1.5155,0.5428,-119,-0.984090909090909
2026-05-23,"LAS @ LVA","1Q","LVA","1Q LVA",2026-05-23 14:21:20.804088,"fd",0.5652,-130,-0.0606,-0.0697,-3.4841,0.5046,-102,-2.2624025974026
2026-05-23,"MIN @ CHI","1Q","MIN","1Q MIN",2026-05-23 14:21:20.804088,"fd",0.4425,126,0.0259,0.0232,1.1622,0.4684,113,0.754675324675325
2026-05-23,"PDX @ TOR","1Q","PDX","1Q PDX",2026-05-23 14:21:20.804088,"fd",0.495,102,-0.0379,-0.0375,-1.8757,0.4572,119,-1.21798701298701
2026-05-23,"LAS @ LVA","1Q","LAS","1Q LAS",2026-05-23 14:21:20.804088,"fd",0.5,100,-0.0046,-0.0046,-0.2312,0.4954,102,-0.15012987012987
2026-05-23,"MIN @ CHI","1Q","CHI","1Q CHI",2026-05-23 14:21:20.804088,"fd",0.6226,-165,-0.091,-0.1206,-6.0313,0.5316,-113,-3.91642857142857
2026-05-23,"PDX @ TOR","1Q","TOR","1Q TOR",2026-05-23 14:21:20.804088,"fd",0.569,-132,-0.0261,-0.0303,-1.5155,0.5428,-119,-0.984090909090909
2026-05-23,"LAS @ LVA","1Q","LVA","1Q LVA",2026-05-23 14:51:20.623153,"fd",0.5652,-130,-0.0606,-0.0697,-3.4841,0.5046,-102,-2.2624025974026
2026-05-23,"MIN @ CHI","1Q","MIN","1Q MIN",2026-05-23 14:51:20.623153,"fd",0.4425,126,0.0259,0.0232,1.1622,0.4684,113,0.754675324675325
2026-05-23,"PDX @ TOR","1Q","PDX","1Q PDX",2026-05-23 14:51:20.623153,"fd",0.495,102,-0.0379,-0.0375,-1.8757,0.4572,119,-1.21798701298701
2026-05-23,"LAS @ LVA","1Q","LAS","1Q LAS",2026-05-23 14:51:20.623153,"fd",0.5,100,-0.0046,-0.0046,-0.2312,0.4954,102,-0.15012987012987
2026-05-23,"MIN @ CHI","1Q","CHI","1Q CHI",2026-05-23 14:51:20.623153,"fd",0.6226,-165,-0.091,-0.1206,-6.0313,0.5316,-113,-3.91642857142857
2026-05-23,"PDX @ TOR","1Q","TOR","1Q TOR",2026-05-23 14:51:20.623153,"fd",0.569,-132,-0.0261,-0.0303,-1.5155,0.5428,-119,-0.984090909090909
2026-05-23,"LAS @ LVA","1Q","LVA","1Q LVA",2026-05-23 15:21:21.939567,"fd",0.5652,-130,-0.0606,-0.0697,-3.4841,0.5046,-102,-2.2624025974026
2026-05-23,"MIN @ CHI","1Q","MIN","1Q MIN",2026-05-23 15:21:21.939567,"fd",0.4425,126,0.0259,0.0232,1.1622,0.4684,113,0.754675324675325
2026-05-23,"PDX @ TOR","1Q","PDX","1Q PDX",2026-05-23 15:21:21.939567,"fd",0.5,100,-0.0428,-0.0428,-2.1418,0.4572,119,-1.39077922077922
2026-05-23,"LAS @ LVA","1Q","LAS","1Q LAS",2026-05-23 15:21:21.939567,"fd",0.5,100,-0.0046,-0.0046,-0.2312,0.4954,102,-0.15012987012987
2026-05-23,"MIN @ CHI","1Q","CHI","1Q CHI",2026-05-23 15:21:21.939567,"fd",0.6226,-165,-0.091,-0.1206,-6.0313,0.5316,-113,-3.91642857142857
2026-05-23,"PDX @ TOR","1Q","TOR","1Q TOR",2026-05-23 15:21:21.939567,"fd",0.5652,-130,-0.0224,-0.0257,-1.287,0.5428,-119,-0.835714285714286
2026-05-23,"LAS @ LVA","1Q","LVA","1Q LVA",2026-05-23 15:51:21.565316,"dk",0.5745,-135,-0.0704,-0.0827,-4.1346,0.5041,-102,-2.68480519480519
2026-05-23,"LAS @ LVA","1Q","LVA","1Q LVA",2026-05-23 15:51:21.565316,"fd",0.5652,-130,-0.0606,-0.0697,-3.4841,0.5046,-102,-2.2624025974026
2026-05-23,"MIN @ CHI","1Q","MIN","1Q MIN",2026-05-23 15:51:21.565316,"dk",0.4651,115,0.0144,0.0134,0.6717,0.4795,109,0.436168831168831
2026-05-23,"MIN @ CHI","1Q","MIN","1Q MIN",2026-05-23 15:51:21.565316,"fd",0.4348,130,0.0336,0.0297,1.4868,0.4684,113,0.965454545454545
2026-05-23,"PDX @ TOR","1Q","PDX","1Q PDX",2026-05-23 15:51:21.565316,"dk",0.5,100,-0.0299,-0.0299,-1.4972,0.4701,113,-0.972207792207792
2026-05-23,"PDX @ TOR","1Q","PDX","1Q PDX",2026-05-23 15:51:21.565316,"fd",0.5,100,-0.0428,-0.0428,-2.1418,0.4572,119,-1.39077922077922
2026-05-23,"LAS @ LVA","1Q","LAS","1Q LAS",2026-05-23 15:51:21.565316,"dk",0.5,100,-0.0041,-0.0041,-0.2046,0.4959,102,-0.132857142857143
2026-05-23,"LAS @ LVA","1Q","LAS","1Q LAS",2026-05-23 15:51:21.565316,"fd",0.5,100,-0.0046,-0.0046,-0.2312,0.4954,102,-0.15012987012987
2026-05-23,"MIN @ CHI","1Q","CHI","1Q CHI",2026-05-23 15:51:21.565316,"dk",0.6078,-155,-0.0873,-0.1113,-5.5673,0.5205,-109,-3.61512987012987
2026-05-23,"MIN @ CHI","1Q","CHI","1Q CHI",2026-05-23 15:51:21.565316,"fd",0.6296,-170,-0.098,-0.1323,-6.6168,0.5316,-113,-4.29662337662338
2026-05-23,"PDX @ TOR","1Q","TOR","1Q TOR",2026-05-23 15:51:21.565316,"dk",0.5745,-135,-0.0445,-0.0523,-2.6158,0.5299,-113,-1.69857142857143
2026-05-23,"PDX @ TOR","1Q","TOR","1Q TOR",2026-05-23 15:51:21.565316,"fd",0.5652,-130,-0.0224,-0.0257,-1.287,0.5428,-119,-0.835714285714286
2026-05-23,"LAS @ LVA","1Q","LVA","1Q LVA",2026-05-23 16:21:22.589009,"dk",0.5745,-135,-0.0704,-0.0827,-4.1346,0.5041,-102,-2.68480519480519
2026-05-23,"LAS @ LVA","1Q","LVA","1Q LVA",2026-05-23 16:21:22.589009,"fd",0.5652,-130,-0.0606,-0.0697,-3.4841,0.5046,-102,-2.2624025974026
2026-05-23,"MIN @ CHI","1Q","MIN","1Q MIN",2026-05-23 16:21:22.589009,"dk",0.4651,115,0.0144,0.0134,0.6717,0.4795,109,0.436168831168831
2026-05-23,"MIN @ CHI","1Q","MIN","1Q MIN",2026-05-23 16:21:22.589009,"fd",0.4348,130,0.0336,0.0297,1.4868,0.4684,113,0.965454545454545
2026-05-23,"PDX @ TOR","1Q","PDX","1Q PDX",2026-05-23 16:21:22.589009,"dk",0.5,100,-0.0299,-0.0299,-1.4972,0.4701,113,-0.972207792207792
2026-05-23,"PDX @ TOR","1Q","PDX","1Q PDX",2026-05-23 16:21:22.589009,"fd",0.5,100,-0.0428,-0.0428,-2.1418,0.4572,119,-1.39077922077922
2026-05-23,"LAS @ LVA","1Q","LAS","1Q LAS",2026-05-23 16:21:22.589009,"dk",0.5,100,-0.0041,-0.0041,-0.2046,0.4959,102,-0.132857142857143
2026-05-23,"LAS @ LVA","1Q","LAS","1Q LAS",2026-05-23 16:21:22.589009,"fd",0.5,100,-0.0046,-0.0046,-0.2312,0.4954,102,-0.15012987012987
2026-05-23,"MIN @ CHI","1Q","CHI","1Q CHI",2026-05-23 16:21:22.589009,"dk",0.6078,-155,-0.0873,-0.1113,-5.5673,0.5205,-109,-3.61512987012987
2026-05-23,"MIN @ CHI","1Q","CHI","1Q CHI",2026-05-23 16:21:22.589009,"fd",0.6296,-170,-0.098,-0.1323,-6.6168,0.5316,-113,-4.29662337662338
2026-05-23,"PDX @ TOR","1Q","TOR","1Q TOR",2026-05-23 16:21:22.589009,"dk",0.5745,-135,-0.0445,-0.0523,-2.6158,0.5299,-113,-1.69857142857143
2026-05-23,"PDX @ TOR","1Q","TOR","1Q TOR",2026-05-23 16:21:22.589009,"fd",0.5652,-130,-0.0224,-0.0257,-1.287,0.5428,-119,-0.835714285714286
2026-05-23,"LAS @ LVA","1Q","LVA","1Q LVA",2026-05-23 16:51:21.572431,"dk",0.5745,-135,-0.0704,-0.0827,-4.1346,0.5041,-102,-2.68480519480519
2026-05-23,"LAS @ LVA","1Q","LVA","1Q LVA",2026-05-23 16:51:21.572431,"fd",0.5652,-130,-0.0606,-0.0697,-3.4841,0.5046,-102,-2.2624025974026
2026-05-23,"MIN @ CHI","1Q","MIN","1Q MIN",2026-05-23 16:51:21.572431,"dk",0.4651,115,0.0144,0.0134,0.6717,0.4795,109,0.436168831168831
2026-05-23,"MIN @ CHI","1Q","MIN","1Q MIN",2026-05-23 16:51:21.572431,"fd",0.4386,128,0.0298,0.0265,1.3271,0.4684,113,0.861753246753247
2026-05-23,"PDX @ TOR","1Q","PDX","1Q PDX",2026-05-23 16:51:21.572431,"dk",0.5,100,-0.0299,-0.0299,-1.4972,0.4701,113,-0.972207792207792
2026-05-23,"PDX @ TOR","1Q","PDX","1Q PDX",2026-05-23 16:51:21.572431,"fd",0.5,100,-0.0428,-0.0428,-2.1418,0.4572,119,-1.39077922077922
2026-05-23,"LAS @ LVA","1Q","LAS","1Q LAS",2026-05-23 16:51:21.572431,"dk",0.5,100,-0.0041,-0.0041,-0.2046,0.4959,102,-0.132857142857143
2026-05-23,"LAS @ LVA","1Q","LAS","1Q LAS",2026-05-23 16:51:21.572431,"fd",0.5,100,-0.0046,-0.0046,-0.2312,0.4954,102,-0.15012987012987
2026-05-23,"MIN @ CHI","1Q","CHI","1Q CHI",2026-05-23 16:51:21.572431,"dk",0.6078,-155,-0.0873,-0.1113,-5.5673,0.5205,-109,-3.61512987012987
2026-05-23,"MIN @ CHI","1Q","CHI","1Q CHI",2026-05-23 16:51:21.572431,"fd",0.6269,-168,-0.0953,-0.1277,-6.3826,0.5316,-113,-4.14454545454545
2026-05-23,"PDX @ TOR","1Q","TOR","1Q TOR",2026-05-23 16:51:21.572431,"dk",0.5745,-135,-0.0445,-0.0523,-2.6158,0.5299,-113,-1.69857142857143
2026-05-23,"PDX @ TOR","1Q","TOR","1Q TOR",2026-05-23 16:51:21.572431,"fd",0.5652,-130,-0.0224,-0.0257,-1.287,0.5428,-119,-0.835714285714286
2026-05-23,"LAS @ LVA","1Q","LVA","1Q LVA",2026-05-23 17:21:21.478861,"dk",0.5745,-135,-0.0704,-0.0827,-4.1346,0.5041,-102,-2.68480519480519
2026-05-23,"LAS @ LVA","1Q","LVA","1Q LVA",2026-05-23 17:21:21.478861,"fd",0.5652,-130,-0.0606,-0.0697,-3.4841,0.5046,-102,-2.2624025974026
2026-05-23,"MIN @ CHI","1Q","MIN","1Q MIN",2026-05-23 17:21:21.478861,"dk",0.4651,115,0.0144,0.0134,0.6717,0.4795,109,0.436168831168831
2026-05-23,"PDX @ TOR","1Q","PDX","1Q PDX",2026-05-23 17:21:21.478861,"dk",0.5,100,-0.0299,-0.0299,-1.4972,0.4701,113,-0.972207792207792
2026-05-23,"PDX @ TOR","1Q","PDX","1Q PDX",2026-05-23 17:21:21.478861,"fd",0.5,100,-0.0428,-0.0428,-2.1418,0.4572,119,-1.39077922077922
2026-05-23,"LAS @ LVA","1Q","LAS","1Q LAS",2026-05-23 17:21:21.478861,"dk",0.5,100,-0.0041,-0.0041,-0.2046,0.4959,102,-0.132857142857143
2026-05-23,"LAS @ LVA","1Q","LAS","1Q LAS",2026-05-23 17:21:21.478861,"fd",0.5,100,-0.0046,-0.0046,-0.2312,0.4954,102,-0.15012987012987
2026-05-23,"MIN @ CHI","1Q","CHI","1Q CHI",2026-05-23 17:21:21.478861,"dk",0.6078,-155,-0.0873,-0.1113,-5.5673,0.5205,-109,-3.61512987012987
2026-05-23,"PDX @ TOR","1Q","TOR","1Q TOR",2026-05-23 17:21:21.478861,"dk",0.5745,-135,-0.0445,-0.0523,-2.6158,0.5299,-113,-1.69857142857143
2026-05-23,"PDX @ TOR","1Q","TOR","1Q TOR",2026-05-23 17:21:21.478861,"fd",0.5652,-130,-0.0224,-0.0257,-1.287,0.5428,-119,-0.835714285714286
2026-05-23,"LAS @ LVA","1Q","LVA","1Q LVA",2026-05-23 17:51:21.478257,"dk",0.5745,-135,-0.0704,-0.0827,-4.1346,0.5041,-102,-2.68480519480519
2026-05-23,"LAS @ LVA","1Q","LVA","1Q LVA",2026-05-23 17:51:21.478257,"fd",0.5652,-130,-0.0606,-0.0697,-3.4841,0.5046,-102,-2.2624025974026
2026-05-23,"PDX @ TOR","1Q","PDX","1Q PDX",2026-05-23 17:51:21.478257,"dk",0.5,100,-0.0299,-0.0299,-1.4972,0.4701,113,-0.972207792207792
2026-05-23,"PDX @ TOR","1Q","PDX","1Q PDX",2026-05-23 17:51:21.478257,"fd",0.5,100,-0.0428,-0.0428,-2.1418,0.4572,119,-1.39077922077922
2026-05-23,"LAS @ LVA","1Q","LAS","1Q LAS",2026-05-23 17:51:21.478257,"dk",0.5,100,-0.0041,-0.0041,-0.2046,0.4959,102,-0.132857142857143
2026-05-23,"LAS @ LVA","1Q","LAS","1Q LAS",2026-05-23 17:51:21.478257,"fd",0.5,100,-0.0046,-0.0046,-0.2312,0.4954,102,-0.15012987012987
2026-05-23,"PDX @ TOR","1Q","TOR","1Q TOR",2026-05-23 17:51:21.478257,"dk",0.5745,-135,-0.0445,-0.0523,-2.6158,0.5299,-113,-1.69857142857143
2026-05-23,"PDX @ TOR","1Q","TOR","1Q TOR",2026-05-23 17:51:21.478257,"fd",0.5652,-130,-0.0224,-0.0257,-1.287,0.5428,-119,-0.835714285714286
2026-05-23,"LAS @ LVA","1Q","LVA","1Q LVA",2026-05-23 18:21:20.771517,"dk",0.5745,-135,-0.0704,-0.0827,-4.1346,0.5041,-102,-2.68480519480519
2026-05-23,"LAS @ LVA","1Q","LVA","1Q LVA",2026-05-23 18:21:20.771517,"fd",0.5652,-130,-0.0606,-0.0697,-3.4841,0.5046,-102,-2.2624025974026
2026-05-23,"PDX @ TOR","1Q","PDX","1Q PDX",2026-05-23 18:21:20.771517,"dk",0.5,100,-0.0299,-0.0299,-1.4972,0.4701,113,-0.972207792207792
2026-05-23,"PDX @ TOR","1Q","PDX","1Q PDX",2026-05-23 18:21:20.771517,"fd",0.5,100,-0.0428,-0.0428,-2.1418,0.4572,119,-1.39077922077922
2026-05-23,"LAS @ LVA","1Q","LAS","1Q LAS",2026-05-23 18:21:20.771517,"dk",0.5,100,-0.0041,-0.0041,-0.2046,0.4959,102,-0.132857142857143
2026-05-23,"LAS @ LVA","1Q","LAS","1Q LAS",2026-05-23 18:21:20.771517,"fd",0.5,100,-0.0046,-0.0046,-0.2312,0.4954,102,-0.15012987012987
2026-05-23,"PDX @ TOR","1Q","TOR","1Q TOR",2026-05-23 18:21:20.771517,"dk",0.5745,-135,-0.0445,-0.0523,-2.6158,0.5299,-113,-1.69857142857143
2026-05-23,"PDX @ TOR","1Q","TOR","1Q TOR",2026-05-23 18:21:20.771517,"fd",0.5652,-130,-0.0224,-0.0257,-1.287,0.5428,-119,-0.835714285714286
2026-05-23,"LAS @ LVA","1Q","LVA","1Q LVA",2026-05-23 18:51:21.507918,"dk",0.5745,-135,-0.0704,-0.0827,-4.1346,0.5041,-102,-2.68480519480519
2026-05-23,"LAS @ LVA","1Q","LVA","1Q LVA",2026-05-23 18:51:21.507918,"fd",0.5652,-130,-0.0606,-0.0697,-3.4841,0.5046,-102,-2.2624025974026
2026-05-23,"PDX @ TOR","1Q","PDX","1Q PDX",2026-05-23 18:51:21.507918,"dk",0.5,100,-0.0299,-0.0299,-1.4972,0.4701,113,-0.972207792207792
2026-05-23,"PDX @ TOR","1Q","PDX","1Q PDX",2026-05-23 18:51:21.507918,"fd",0.5,100,-0.0428,-0.0428,-2.1418,0.4572,119,-1.39077922077922
2026-05-23,"LAS @ LVA","1Q","LAS","1Q LAS",2026-05-23 18:51:21.507918,"dk",0.5,100,-0.0041,-0.0041,-0.2046,0.4959,102,-0.132857142857143
2026-05-23,"LAS @ LVA","1Q","LAS","1Q LAS",2026-05-23 18:51:21.507918,"fd",0.5,100,-0.0046,-0.0046,-0.2312,0.4954,102,-0.15012987012987
2026-05-23,"PDX @ TOR","1Q","TOR","1Q TOR",2026-05-23 18:51:21.507918,"dk",0.5745,-135,-0.0445,-0.0523,-2.6158,0.5299,-113,-1.69857142857143
2026-05-23,"PDX @ TOR","1Q","TOR","1Q TOR",2026-05-23 18:51:21.507918,"fd",0.5652,-130,-0.0224,-0.0257,-1.287,0.5428,-119,-0.835714285714286
2026-05-23,"LAS @ LVA","1Q","LVA","1Q LVA",2026-05-23 19:21:21.994728,"dk",0.5745,-135,-0.0704,-0.0827,-4.1346,0.5041,-102,-2.68480519480519
2026-05-23,"LAS @ LVA","1Q","LVA","1Q LVA",2026-05-23 19:21:21.994728,"fd",0.5652,-130,-0.0606,-0.0697,-3.4841,0.5046,-102,-2.2624025974026
2026-05-23,"PDX @ TOR","1Q","PDX","1Q PDX",2026-05-23 19:21:21.994728,"dk",0.5,100,-0.0299,-0.0299,-1.4972,0.4701,113,-0.972207792207792
2026-05-23,"PDX @ TOR","1Q","PDX","1Q PDX",2026-05-23 19:21:21.994728,"fd",0.5,100,-0.0428,-0.0428,-2.1418,0.4572,119,-1.39077922077922
2026-05-23,"LAS @ LVA","1Q","LAS","1Q LAS",2026-05-23 19:21:21.994728,"dk",0.5,100,-0.0041,-0.0041,-0.2046,0.4959,102,-0.132857142857143
2026-05-23,"LAS @ LVA","1Q","LAS","1Q LAS",2026-05-23 19:21:21.994728,"fd",0.5,100,-0.0046,-0.0046,-0.2312,0.4954,102,-0.15012987012987
2026-05-23,"PDX @ TOR","1Q","TOR","1Q TOR",2026-05-23 19:21:21.994728,"dk",0.5745,-135,-0.0445,-0.0523,-2.6158,0.5299,-113,-1.69857142857143
2026-05-23,"PDX @ TOR","1Q","TOR","1Q TOR",2026-05-23 19:21:21.994728,"fd",0.5652,-130,-0.0224,-0.0257,-1.287,0.5428,-119,-0.835714285714286
2026-05-23,"LAS @ LVA","1Q","LVA","1Q LVA",2026-05-23 19:51:20.601855,"dk",0.5745,-135,-0.0704,-0.0827,-4.1346,0.5041,-102,-2.68480519480519
2026-05-23,"LAS @ LVA","1Q","LVA","1Q LVA",2026-05-23 19:51:20.601855,"fd",0.5652,-130,-0.0606,-0.0697,-3.4841,0.5046,-102,-2.2624025974026
2026-05-23,"PDX @ TOR","1Q","PDX","1Q PDX",2026-05-23 19:51:20.601855,"dk",0.5,100,-0.0299,-0.0299,-1.4972,0.4701,113,-0.972207792207792
2026-05-23,"PDX @ TOR","1Q","PDX","1Q PDX",2026-05-23 19:51:20.601855,"fd",0.5,100,-0.0428,-0.0428,-2.1418,0.4572,119,-1.39077922077922
2026-05-23,"LAS @ LVA","1Q","LAS","1Q LAS",2026-05-23 19:51:20.601855,"dk",0.5,100,-0.0041,-0.0041,-0.2046,0.4959,102,-0.132857142857143
2026-05-23,"LAS @ LVA","1Q","LAS","1Q LAS",2026-05-23 19:51:20.601855,"fd",0.5,100,-0.0046,-0.0046,-0.2312,0.4954,102,-0.15012987012987
2026-05-23,"PDX @ TOR","1Q","TOR","1Q TOR",2026-05-23 19:51:20.601855,"dk",0.5745,-135,-0.0445,-0.0523,-2.6158,0.5299,-113,-1.69857142857143
2026-05-23,"PDX @ TOR","1Q","TOR","1Q TOR",2026-05-23 19:51:20.601855,"fd",0.5652,-130,-0.0224,-0.0257,-1.287,0.5428,-119,-0.835714285714286
2026-05-23,"LAS @ LVA","1Q","LVA","1Q LVA",2026-05-23 20:21:21.09524,"dk",0.5745,-135,-0.0704,-0.0827,-4.1346,0.5041,-102,-2.68480519480519
2026-05-23,"LAS @ LVA","1Q","LVA","1Q LVA",2026-05-23 20:21:21.09524,"fd",0.5614,-128,-0.0568,-0.0647,-3.2364,0.5046,-102,-2.10155844155844
2026-05-23,"PDX @ TOR","1Q","PDX","1Q PDX",2026-05-23 20:21:21.09524,"dk",0.5,100,-0.0276,-0.0276,-1.379,0.4724,112,-0.895454545454545
2026-05-23,"PDX @ TOR","1Q","PDX","1Q PDX",2026-05-23 20:21:21.09524,"fd",0.5,100,-0.0398,-0.0398,-1.9922,0.4602,117,-1.29363636363636
2026-05-23,"LAS @ LVA","1Q","LAS","1Q LAS",2026-05-23 20:21:21.09524,"dk",0.5,100,-0.0041,-0.0041,-0.2046,0.4959,102,-0.132857142857143
2026-05-23,"LAS @ LVA","1Q","LAS","1Q LAS",2026-05-23 20:21:21.09524,"fd",0.505,-102,-0.0096,-0.0097,-0.4835,0.4954,102,-0.313961038961039
2026-05-23,"PDX @ TOR","1Q","TOR","1Q TOR",2026-05-23 20:21:21.09524,"dk",0.5745,-135,-0.0469,-0.0551,-2.7547,0.5276,-112,-1.78876623376623
2026-05-23,"PDX @ TOR","1Q","TOR","1Q TOR",2026-05-23 20:21:21.09524,"fd",0.5652,-130,-0.0254,-0.0292,-1.4589,0.5398,-117,-0.947337662337662
2026-05-23,"LAS @ LVA","1Q","LVA","1Q LVA",2026-05-23 20:51:21.3005,"dk",0.5745,-135,-0.0704,-0.0827,-4.1346,0.5041,-102,-2.68480519480519
2026-05-23,"LAS @ LVA","1Q","LVA","1Q LVA",2026-05-23 20:51:21.3005,"fd",0.5614,-128,-0.0568,-0.0647,-3.2364,0.5046,-102,-2.10155844155844
2026-05-23,"PDX @ TOR","1Q","PDX","1Q PDX",2026-05-23 20:51:21.3005,"dk",0.5,100,-0.0299,-0.0299,-1.4972,0.4701,113,-0.972207792207792
2026-05-23,"PDX @ TOR","1Q","PDX","1Q PDX",2026-05-23 20:51:21.3005,"fd",0.495,102,-0.0379,-0.0375,-1.8757,0.4572,119,-1.21798701298701
2026-05-23,"LAS @ LVA","1Q","LAS","1Q LAS",2026-05-23 20:51:21.3005,"dk",0.5,100,-0.0041,-0.0041,-0.2046,0.4959,102,-0.132857142857143
2026-05-23,"LAS @ LVA","1Q","LAS","1Q LAS",2026-05-23 20:51:21.3005,"fd",0.505,-102,-0.0096,-0.0097,-0.4835,0.4954,102,-0.313961038961039
2026-05-23,"PDX @ TOR","1Q","TOR","1Q TOR",2026-05-23 20:51:21.3005,"dk",0.5745,-135,-0.0445,-0.0523,-2.6158,0.5299,-113,-1.69857142857143
2026-05-23,"PDX @ TOR","1Q","TOR","1Q TOR",2026-05-23 20:51:21.3005,"fd",0.569,-132,-0.0261,-0.0303,-1.5155,0.5428,-119,-0.984090909090909
2026-05-23,"LAS @ LVA","1Q","LVA","1Q LVA",2026-05-23 21:21:20.897301,"dk",0.5745,-135,-0.0704,-0.0827,-4.1346,0.5041,-102,-2.68480519480519
2026-05-23,"LAS @ LVA","1Q","LVA","1Q LVA",2026-05-23 21:21:20.897301,"fd",0.5614,-128,-0.0568,-0.0647,-3.2364,0.5046,-102,-2.10155844155844
2026-05-23,"PDX @ TOR","1Q","PDX","1Q PDX",2026-05-23 21:21:20.897301,"dk",0.5,100,-0.0299,-0.0299,-1.4972,0.4701,113,-0.972207792207792
2026-05-23,"PDX @ TOR","1Q","PDX","1Q PDX",2026-05-23 21:21:20.897301,"fd",0.495,102,-0.0379,-0.0375,-1.8757,0.4572,119,-1.21798701298701
2026-05-23,"LAS @ LVA","1Q","LAS","1Q LAS",2026-05-23 21:21:20.897301,"dk",0.5,100,-0.0041,-0.0041,-0.2046,0.4959,102,-0.132857142857143
2026-05-23,"LAS @ LVA","1Q","LAS","1Q LAS",2026-05-23 21:21:20.897301,"fd",0.505,-102,-0.0096,-0.0097,-0.4835,0.4954,102,-0.313961038961039
2026-05-23,"PDX @ TOR","1Q","TOR","1Q TOR",2026-05-23 21:21:20.897301,"dk",0.5745,-135,-0.0445,-0.0523,-2.6158,0.5299,-113,-1.69857142857143
2026-05-23,"PDX @ TOR","1Q","TOR","1Q TOR",2026-05-23 21:21:20.897301,"fd",0.569,-132,-0.0261,-0.0303,-1.5155,0.5428,-119,-0.984090909090909
2026-05-23,"LAS @ LVA","1Q","LVA","1Q LVA",2026-05-23 21:51:20.999691,"dk",0.5745,-135,-0.0704,-0.0827,-4.1346,0.5041,-102,-2.68480519480519
2026-05-23,"LAS @ LVA","1Q","LVA","1Q LVA",2026-05-23 21:51:20.999691,"fd",0.5652,-130,-0.0606,-0.0697,-3.4841,0.5046,-102,-2.2624025974026
2026-05-23,"PDX @ TOR","1Q","PDX","1Q PDX",2026-05-23 21:51:20.999691,"dk",0.5,100,-0.0299,-0.0299,-1.4972,0.4701,113,-0.972207792207792
2026-05-23,"PDX @ TOR","1Q","PDX","1Q PDX",2026-05-23 21:51:20.999691,"fd",0.5,100,-0.0428,-0.0428,-2.1418,0.4572,119,-1.39077922077922
2026-05-23,"LAS @ LVA","1Q","LAS","1Q LAS",2026-05-23 21:51:20.999691,"dk",0.5,100,-0.0041,-0.0041,-0.2046,0.4959,102,-0.132857142857143
2026-05-23,"LAS @ LVA","1Q","LAS","1Q LAS",2026-05-23 21:51:20.999691,"fd",0.5,100,-0.0046,-0.0046,-0.2312,0.4954,102,-0.15012987012987
2026-05-23,"PDX @ TOR","1Q","TOR","1Q TOR",2026-05-23 21:51:20.999691,"dk",0.5745,-135,-0.0445,-0.0523,-2.6158,0.5299,-113,-1.69857142857143
2026-05-23,"PDX @ TOR","1Q","TOR","1Q TOR",2026-05-23 21:51:20.999691,"fd",0.5652,-130,-0.0224,-0.0257,-1.287,0.5428,-119,-0.835714285714286
2026-05-23,"LAS @ LVA","1Q","LVA","1Q LVA",2026-05-23 22:21:20.839755,"dk",0.5745,-135,-0.0704,-0.0827,-4.1346,0.5041,-102,-2.68480519480519
2026-05-23,"LAS @ LVA","1Q","LVA","1Q LVA",2026-05-23 22:21:20.839755,"fd",0.5652,-130,-0.0606,-0.0697,-3.4841,0.5046,-102,-2.2624025974026
2026-05-23,"PDX @ TOR","1Q","PDX","1Q PDX",2026-05-23 22:21:20.839755,"dk",0.5,100,-0.0299,-0.0299,-1.4972,0.4701,113,-0.972207792207792
2026-05-23,"PDX @ TOR","1Q","PDX","1Q PDX",2026-05-23 22:21:20.839755,"fd",0.5,100,-0.0428,-0.0428,-2.1418,0.4572,119,-1.39077922077922
2026-05-23,"LAS @ LVA","1Q","LAS","1Q LAS",2026-05-23 22:21:20.839755,"dk",0.5,100,-0.0041,-0.0041,-0.2046,0.4959,102,-0.132857142857143
2026-05-23,"LAS @ LVA","1Q","LAS","1Q LAS",2026-05-23 22:21:20.839755,"fd",0.5,100,-0.0046,-0.0046,-0.2312,0.4954,102,-0.15012987012987
2026-05-23,"PDX @ TOR","1Q","TOR","1Q TOR",2026-05-23 22:21:20.839755,"dk",0.5745,-135,-0.0445,-0.0523,-2.6158,0.5299,-113,-1.69857142857143
2026-05-23,"PDX @ TOR","1Q","TOR","1Q TOR",2026-05-23 22:21:20.839755,"fd",0.5652,-130,-0.0224,-0.0257,-1.287,0.5428,-119,-0.835714285714286
2026-05-23,"LAS @ LVA","1Q","LVA","1Q LVA",2026-05-23 22:51:21.195285,"dk",0.5745,-135,-0.0704,-0.0827,-4.1346,0.5041,-102,-2.68480519480519
2026-05-23,"LAS @ LVA","1Q","LVA","1Q LVA",2026-05-23 22:51:21.195285,"fd",0.5652,-130,-0.0606,-0.0697,-3.4841,0.5046,-102,-2.2624025974026
2026-05-23,"LAS @ LVA","1Q","LAS","1Q LAS",2026-05-23 22:51:21.195285,"dk",0.5,100,-0.0041,-0.0041,-0.2046,0.4959,102,-0.132857142857143
2026-05-23,"LAS @ LVA","1Q","LAS","1Q LAS",2026-05-23 22:51:21.195285,"fd",0.5,100,-0.0046,-0.0046,-0.2312,0.4954,102,-0.15012987012987
2026-05-23,"LAS @ LVA","1Q","LVA","1Q LVA",2026-05-23 23:21:20.879152,"dk",0.5745,-135,-0.0714,-0.0839,-4.1935,0.5031,-101,-2.72305194805195
2026-05-23,"LAS @ LVA","1Q","LVA","1Q LVA",2026-05-23 23:21:20.879152,"fd",0.5652,-130,-0.0619,-0.0712,-3.5597,0.5033,-101,-2.31149350649351
2026-05-23,"LAS @ LVA","1Q","LAS","1Q LAS",2026-05-23 23:21:20.879152,"dk",0.5,100,-0.0031,-0.0031,-0.1545,0.4969,101,-0.100324675324675
2026-05-23,"LAS @ LVA","1Q","LAS","1Q LAS",2026-05-23 23:21:20.879152,"fd",0.5,100,-0.0033,-0.0033,-0.1655,0.4967,101,-0.107467532467532
2026-05-23,"LAS @ LVA","1Q","LVA","1Q LVA",2026-05-23 23:51:22.566836,"dk",0.5745,-135,-0.0714,-0.0839,-4.1935,0.5031,-101,-2.72305194805195
2026-05-23,"LAS @ LVA","1Q","LVA","1Q LVA",2026-05-23 23:51:22.566836,"fd",0.5652,-130,-0.0619,-0.0712,-3.5597,0.5033,-101,-2.31149350649351
2026-05-23,"LAS @ LVA","1Q","LAS","1Q LAS",2026-05-23 23:51:22.566836,"dk",0.5,100,-0.0031,-0.0031,-0.1545,0.4969,101,-0.100324675324675
2026-05-23,"LAS @ LVA","1Q","LAS","1Q LAS",2026-05-23 23:51:22.566836,"fd",0.5,100,-0.0033,-0.0033,-0.1655,0.4967,101,-0.107467532467532
2026-05-23,"LAS @ LVA","1Q","LVA","1Q LVA",2026-05-24 00:21:21.715911,"dk",0.5745,-135,-0.0714,-0.0839,-4.1935,0.5031,-101,-2.72305194805195
2026-05-23,"LAS @ LVA","1Q","LVA","1Q LVA",2026-05-24 00:21:21.715911,"fd",0.5652,-130,-0.0619,-0.0712,-3.5597,0.5033,-101,-2.31149350649351
2026-05-23,"LAS @ LVA","1Q","LAS","1Q LAS",2026-05-24 00:21:21.715911,"dk",0.5,100,-0.0031,-0.0031,-0.1545,0.4969,101,-0.100324675324675
2026-05-23,"LAS @ LVA","1Q","LAS","1Q LAS",2026-05-24 00:21:21.715911,"fd",0.5,100,-0.0033,-0.0033,-0.1655,0.4967,101,-0.107467532467532
2026-05-23,"LAS @ LVA","1Q","LVA","1Q LVA",2026-05-24 00:51:22.289626,"dk",0.5745,-135,-0.0714,-0.0839,-4.1935,0.5031,-101,-2.72305194805195
2026-05-23,"LAS @ LVA","1Q","LVA","1Q LVA",2026-05-24 00:51:22.289626,"fd",0.5652,-130,-0.0619,-0.0712,-3.5597,0.5033,-101,-2.31149350649351
2026-05-23,"LAS @ LVA","1Q","LAS","1Q LAS",2026-05-24 00:51:22.289626,"dk",0.5,100,-0.0031,-0.0031,-0.1545,0.4969,101,-0.100324675324675
2026-05-23,"LAS @ LVA","1Q","LAS","1Q LAS",2026-05-24 00:51:22.289626,"fd",0.5,100,-0.0033,-0.0033,-0.1655,0.4967,101,-0.107467532467532
2026-05-23,"LAS @ LVA","1Q","LVA","1Q LVA",2026-05-24 01:21:21.846415,"dk",0.5745,-135,-0.0714,-0.0839,-4.1935,0.5031,-101,-2.72305194805195
2026-05-23,"LAS @ LVA","1Q","LVA","1Q LVA",2026-05-24 01:21:21.846415,"fd",0.5652,-130,-0.0619,-0.0712,-3.5597,0.5033,-101,-2.31149350649351
2026-05-23,"LAS @ LVA","1Q","LAS","1Q LAS",2026-05-24 01:21:21.846415,"dk",0.5,100,-0.0031,-0.0031,-0.1545,0.4969,101,-0.100324675324675
2026-05-23,"LAS @ LVA","1Q","LAS","1Q LAS",2026-05-24 01:21:21.846415,"fd",0.5,100,-0.0033,-0.0033,-0.1655,0.4967,101,-0.107467532467532
2026-05-24,"DAL @ NYL","1Q","NYL","1Q NYL",2026-05-24 12:21:51.235855,"fd",0.6094,-156,-0.0766,-0.098,-4.9016,0.5328,-114,-3.18285714285714
2026-05-24,"PHX @ ATL","1Q","PHX","1Q PHX",2026-05-24 12:21:51.235855,"fd",0.5745,-135,-0.0562,-0.066,-3.3019,0.5183,-108,-2.14409090909091
2026-05-24,"WAS @ SEA","1Q","WAS","1Q WAS",2026-05-24 12:21:51.235855,"fd",0.5652,-130,-0.0375,-0.0431,-2.1556,0.5277,-112,-1.39974025974026
2026-05-24,"DAL @ NYL","1Q","DAL","1Q DAL",2026-05-24 12:21:51.235855,"fd",0.4545,120,0.0127,0.0116,0.5806,0.4672,114,0.377012987012987
2026-05-24,"WAS @ SEA","1Q","SEA","1Q SEA",2026-05-24 12:21:51.235855,"fd",0.5,100,-0.0277,-0.0277,-1.3865,0.4723,112,-0.900324675324675
2026-05-24,"PHX @ ATL","1Q","ATL","1Q ATL",2026-05-24 12:21:51.235855,"fd",0.4902,104,-0.0085,-0.0083,-0.4149,0.4817,108,-0.269415584415584
2026-05-24,"DAL @ NYL","1Q","NYL","1Q NYL",2026-05-24 12:51:21.646039,"fd",0.6063,-154,-0.0735,-0.0934,-4.668,0.5328,-114,-3.03116883116883
2026-05-24,"PHX @ ATL","1Q","PHX","1Q PHX",2026-05-24 12:51:21.646039,"fd",0.569,-132,-0.0507,-0.0588,-2.9406,0.5183,-108,-1.90948051948052
2026-05-24,"WAS @ SEA","1Q","WAS","1Q WAS",2026-05-24 12:51:21.646039,"fd",0.5652,-130,-0.0375,-0.0431,-2.1556,0.5277,-112,-1.39974025974026
2026-05-24,"DAL @ NYL","1Q","DAL","1Q DAL",2026-05-24 12:51:21.646039,"fd",0.4587,118,0.0085,0.0078,0.3924,0.4672,114,0.254805194805195
2026-05-24,"WAS @ SEA","1Q","SEA","1Q SEA",2026-05-24 12:51:21.646039,"fd",0.5,100,-0.0277,-0.0277,-1.3865,0.4723,112,-0.900324675324675
2026-05-24,"PHX @ ATL","1Q","ATL","1Q ATL",2026-05-24 12:51:21.646039,"fd",0.495,102,-0.0133,-0.0132,-0.6592,0.4817,108,-0.428051948051948
2026-05-24,"DAL @ NYL","1Q","NYL","1Q NYL",2026-05-24 13:21:20.754952,"dk",0.5833,-140,-0.0619,-0.0743,-3.7151,0.5214,-109,-2.4124025974026
2026-05-24,"DAL @ NYL","1Q","NYL","1Q NYL",2026-05-24 13:21:20.754952,"fd",0.6063,-154,-0.0735,-0.0934,-4.668,0.5328,-114,-3.03116883116883
2026-05-24,"PHX @ ATL","1Q","PHX","1Q PHX",2026-05-24 13:21:20.754952,"dk",0.4878,105,0.0247,0.0241,1.2052,0.5125,-105,0.782597402597403
2026-05-24,"PHX @ ATL","1Q","PHX","1Q PHX",2026-05-24 13:21:20.754952,"fd",0.569,-132,-0.0507,-0.0588,-2.9406,0.5183,-108,-1.90948051948052
2026-05-24,"WAS @ SEA","1Q","WAS","1Q WAS",2026-05-24 13:21:20.754952,"dk",0.5652,-130,-0.0469,-0.0539,-2.6966,0.5183,-108,-1.75103896103896
2026-05-24,"WAS @ SEA","1Q","WAS","1Q WAS",2026-05-24 13:21:20.754952,"fd",0.5652,-130,-0.0375,-0.0431,-2.1556,0.5277,-112,-1.39974025974026
2026-05-24,"DAL @ NYL","1Q","DAL","1Q DAL",2026-05-24 13:21:20.754952,"dk",0.5,100,-0.0214,-0.0214,-1.0707,0.4786,109,-0.69525974025974
2026-05-24,"DAL @ NYL","1Q","DAL","1Q DAL",2026-05-24 13:21:20.754952,"fd",0.4587,118,0.0085,0.0078,0.3924,0.4672,114,0.254805194805195
2026-05-24,"WAS @ SEA","1Q","SEA","1Q SEA",2026-05-24 13:21:20.754952,"dk",0.5122,-105,-0.0305,-0.0313,-1.5639,0.4817,108,-1.01551948051948
2026-05-24,"WAS @ SEA","1Q","SEA","1Q SEA",2026-05-24 13:21:20.754952,"fd",0.5,100,-0.0277,-0.0277,-1.3865,0.4723,112,-0.900324675324675
2026-05-24,"PHX @ ATL","1Q","ATL","1Q ATL",2026-05-24 13:21:20.754952,"dk",0.5918,-145,-0.1043,-0.1278,-6.3905,0.4875,105,-4.14967532467533
2026-05-24,"PHX @ ATL","1Q","ATL","1Q ATL",2026-05-24 13:21:20.754952,"fd",0.495,102,-0.0133,-0.0132,-0.6592,0.4817,108,-0.428051948051948
2026-05-24,"DAL @ NYL","1Q","NYL","1Q NYL",2026-05-24 13:51:20.25333,"dk",0.5833,-140,-0.0619,-0.0743,-3.7151,0.5214,-109,-2.4124025974026
2026-05-24,"DAL @ NYL","1Q","NYL","1Q NYL",2026-05-24 13:51:20.25333,"fd",0.6063,-154,-0.0735,-0.0934,-4.668,0.5328,-114,-3.03116883116883
2026-05-24,"PHX @ ATL","1Q","PHX","1Q PHX",2026-05-24 13:51:20.25333,"dk",0.4878,105,0.0247,0.0241,1.2052,0.5125,-105,0.782597402597403
2026-05-24,"PHX @ ATL","1Q","PHX","1Q PHX",2026-05-24 13:51:20.25333,"fd",0.569,-132,-0.0507,-0.0588,-2.9406,0.5183,-108,-1.90948051948052
2026-05-24,"WAS @ SEA","1Q","WAS","1Q WAS",2026-05-24 13:51:20.25333,"dk",0.5652,-130,-0.0469,-0.0539,-2.6966,0.5183,-108,-1.75103896103896
2026-05-24,"WAS @ SEA","1Q","WAS","1Q WAS",2026-05-24 13:51:20.25333,"fd",0.5652,-130,-0.0375,-0.0431,-2.1556,0.5277,-112,-1.39974025974026
2026-05-24,"DAL @ NYL","1Q","DAL","1Q DAL",2026-05-24 13:51:20.25333,"dk",0.5,100,-0.0214,-0.0214,-1.0707,0.4786,109,-0.69525974025974
2026-05-24,"DAL @ NYL","1Q","DAL","1Q DAL",2026-05-24 13:51:20.25333,"fd",0.4587,118,0.0085,0.0078,0.3924,0.4672,114,0.254805194805195
2026-05-24,"WAS @ SEA","1Q","SEA","1Q SEA",2026-05-24 13:51:20.25333,"dk",0.5122,-105,-0.0305,-0.0313,-1.5639,0.4817,108,-1.01551948051948
2026-05-24,"WAS @ SEA","1Q","SEA","1Q SEA",2026-05-24 13:51:20.25333,"fd",0.5,100,-0.0277,-0.0277,-1.3865,0.4723,112,-0.900324675324675
2026-05-24,"PHX @ ATL","1Q","ATL","1Q ATL",2026-05-24 13:51:20.25333,"dk",0.5918,-145,-0.1043,-0.1278,-6.3905,0.4875,105,-4.14967532467533
2026-05-24,"PHX @ ATL","1Q","ATL","1Q ATL",2026-05-24 13:51:20.25333,"fd",0.495,102,-0.0133,-0.0132,-0.6592,0.4817,108,-0.428051948051948
2026-05-24,"DAL @ NYL","1Q","NYL","1Q NYL",2026-05-24 14:21:20.140192,"fd",0.6063,-154,-0.0735,-0.0934,-4.668,0.5328,-114,-3.03116883116883
2026-05-24,"PHX @ ATL","1Q","PHX","1Q PHX",2026-05-24 14:21:20.140192,"dk",0.4878,105,0.0247,0.0241,1.2052,0.5125,-105,0.782597402597403
2026-05-24,"PHX @ ATL","1Q","PHX","1Q PHX",2026-05-24 14:21:20.140192,"fd",0.569,-132,-0.0507,-0.0588,-2.9406,0.5183,-108,-1.90948051948052
2026-05-24,"WAS @ SEA","1Q","WAS","1Q WAS",2026-05-24 14:21:20.140192,"dk",0.5652,-130,-0.0469,-0.0539,-2.6966,0.5183,-108,-1.75103896103896
2026-05-24,"WAS @ SEA","1Q","WAS","1Q WAS",2026-05-24 14:21:20.140192,"fd",0.569,-132,-0.0412,-0.0478,-2.3917,0.5277,-112,-1.55305194805195
2026-05-24,"DAL @ NYL","1Q","DAL","1Q DAL",2026-05-24 14:21:20.140192,"fd",0.4587,118,0.0085,0.0078,0.3924,0.4672,114,0.254805194805195
2026-05-24,"WAS @ SEA","1Q","SEA","1Q SEA",2026-05-24 14:21:20.140192,"dk",0.5122,-105,-0.0305,-0.0313,-1.5639,0.4817,108,-1.01551948051948
2026-05-24,"WAS @ SEA","1Q","SEA","1Q SEA",2026-05-24 14:21:20.140192,"fd",0.495,102,-0.0228,-0.0226,-1.1278,0.4723,112,-0.732337662337662
2026-05-24,"PHX @ ATL","1Q","ATL","1Q ATL",2026-05-24 14:21:20.140192,"dk",0.5918,-145,-0.1043,-0.1278,-6.3905,0.4875,105,-4.14967532467533
2026-05-24,"PHX @ ATL","1Q","ATL","1Q ATL",2026-05-24 14:21:20.140192,"fd",0.495,102,-0.0133,-0.0132,-0.6592,0.4817,108,-0.428051948051948
2026-05-24,"DAL @ NYL","1Q","NYL","1Q NYL",2026-05-24 14:51:18.946731,"dk",0.5833,-140,-0.0619,-0.0743,-3.7151,0.5214,-109,-2.4124025974026
2026-05-24,"DAL @ NYL","1Q","NYL","1Q NYL",2026-05-24 14:51:18.946731,"fd",0.6063,-154,-0.0735,-0.0934,-4.668,0.5328,-114,-3.03116883116883
2026-05-24,"PHX @ ATL","1Q","PHX","1Q PHX",2026-05-24 14:51:18.946731,"dk",0.4878,105,0.0247,0.0241,1.2052,0.5125,-105,0.782597402597403
2026-05-24,"PHX @ ATL","1Q","PHX","1Q PHX",2026-05-24 14:51:18.946731,"fd",0.569,-132,-0.0507,-0.0588,-2.9406,0.5183,-108,-1.90948051948052
2026-05-24,"WAS @ SEA","1Q","WAS","1Q WAS",2026-05-24 14:51:18.946731,"dk",0.5652,-130,-0.0469,-0.0539,-2.6966,0.5183,-108,-1.75103896103896
2026-05-24,"WAS @ SEA","1Q","WAS","1Q WAS",2026-05-24 14:51:18.946731,"fd",0.569,-132,-0.0412,-0.0478,-2.3917,0.5277,-112,-1.55305194805195
2026-05-24,"DAL @ NYL","1Q","DAL","1Q DAL",2026-05-24 14:51:18.946731,"dk",0.4878,105,-0.0092,-0.009,-0.45,0.4786,109,-0.292207792207792
2026-05-24,"DAL @ NYL","1Q","DAL","1Q DAL",2026-05-24 14:51:18.946731,"fd",0.4587,118,0.0085,0.0078,0.3924,0.4672,114,0.254805194805195
2026-05-24,"WAS @ SEA","1Q","SEA","1Q SEA",2026-05-24 14:51:18.946731,"dk",0.5122,-105,-0.0305,-0.0313,-1.5639,0.4817,108,-1.01551948051948
2026-05-24,"WAS @ SEA","1Q","SEA","1Q SEA",2026-05-24 14:51:18.946731,"fd",0.495,102,-0.0228,-0.0226,-1.1278,0.4723,112,-0.732337662337662
2026-05-24,"PHX @ ATL","1Q","ATL","1Q ATL",2026-05-24 14:51:18.946731,"dk",0.5918,-145,-0.1043,-0.1278,-6.3905,0.4875,105,-4.14967532467533
2026-05-24,"PHX @ ATL","1Q","ATL","1Q ATL",2026-05-24 14:51:18.946731,"fd",0.495,102,-0.0133,-0.0132,-0.6592,0.4817,108,-0.428051948051948
2026-05-24,"DAL @ NYL","1Q","NYL","1Q NYL",2026-05-24 15:21:20.094074,"dk",0.5833,-140,-0.0619,-0.0743,-3.7151,0.5214,-109,-2.4124025974026
2026-05-24,"DAL @ NYL","1Q","NYL","1Q NYL",2026-05-24 15:21:20.094074,"fd",0.6063,-154,-0.0735,-0.0934,-4.668,0.5328,-114,-3.03116883116883
2026-05-24,"PHX @ ATL","1Q","PHX","1Q PHX",2026-05-24 15:21:20.094074,"dk",0.4878,105,0.0247,0.0241,1.2052,0.5125,-105,0.782597402597403
2026-05-24,"PHX @ ATL","1Q","PHX","1Q PHX",2026-05-24 15:21:20.094074,"fd",0.569,-132,-0.0507,-0.0588,-2.9406,0.5183,-108,-1.90948051948052
2026-05-24,"WAS @ SEA","1Q","WAS","1Q WAS",2026-05-24 15:21:20.094074,"dk",0.5652,-130,-0.0469,-0.0539,-2.6966,0.5183,-108,-1.75103896103896
2026-05-24,"WAS @ SEA","1Q","WAS","1Q WAS",2026-05-24 15:21:20.094074,"fd",0.5652,-130,-0.0375,-0.0431,-2.1556,0.5277,-112,-1.39974025974026
2026-05-24,"DAL @ NYL","1Q","DAL","1Q DAL",2026-05-24 15:21:20.094074,"dk",0.4878,105,-0.0092,-0.009,-0.45,0.4786,109,-0.292207792207792
2026-05-24,"DAL @ NYL","1Q","DAL","1Q DAL",2026-05-24 15:21:20.094074,"fd",0.4587,118,0.0085,0.0078,0.3924,0.4672,114,0.254805194805195
2026-05-24,"WAS @ SEA","1Q","SEA","1Q SEA",2026-05-24 15:21:20.094074,"dk",0.5122,-105,-0.0305,-0.0313,-1.5639,0.4817,108,-1.01551948051948
2026-05-24,"WAS @ SEA","1Q","SEA","1Q SEA",2026-05-24 15:21:20.094074,"fd",0.5,100,-0.0277,-0.0277,-1.3865,0.4723,112,-0.900324675324675
2026-05-24,"PHX @ ATL","1Q","ATL","1Q ATL",2026-05-24 15:21:20.094074,"dk",0.5918,-145,-0.1043,-0.1278,-6.3905,0.4875,105,-4.14967532467533
2026-05-24,"PHX @ ATL","1Q","ATL","1Q ATL",2026-05-24 15:21:20.094074,"fd",0.495,102,-0.0133,-0.0132,-0.6592,0.4817,108,-0.428051948051948
2026-05-24,"DAL @ NYL","1Q","NYL","1Q NYL",2026-05-24 15:51:20.393724,"dk",0.5833,-140,-0.0619,-0.0743,-3.7151,0.5214,-109,-2.4124025974026
2026-05-24,"DAL @ NYL","1Q","NYL","1Q NYL",2026-05-24 15:51:20.393724,"fd",0.6063,-154,-0.0735,-0.0934,-4.668,0.5328,-114,-3.03116883116883
2026-05-24,"PHX @ ATL","1Q","PHX","1Q PHX",2026-05-24 15:51:20.393724,"dk",0.4878,105,0.0247,0.0241,1.2052,0.5125,-105,0.782597402597403
2026-05-24,"PHX @ ATL","1Q","PHX","1Q PHX",2026-05-24 15:51:20.393724,"fd",0.569,-132,-0.0507,-0.0588,-2.9406,0.5183,-108,-1.90948051948052
2026-05-24,"WAS @ SEA","1Q","WAS","1Q WAS",2026-05-24 15:51:20.393724,"dk",0.5652,-130,-0.0469,-0.0539,-2.6966,0.5183,-108,-1.75103896103896
2026-05-24,"WAS @ SEA","1Q","WAS","1Q WAS",2026-05-24 15:51:20.393724,"fd",0.5652,-130,-0.0375,-0.0431,-2.1556,0.5277,-112,-1.39974025974026
2026-05-24,"DAL @ NYL","1Q","DAL","1Q DAL",2026-05-24 15:51:20.393724,"dk",0.4878,105,-0.0092,-0.009,-0.45,0.4786,109,-0.292207792207792
2026-05-24,"DAL @ NYL","1Q","DAL","1Q DAL",2026-05-24 15:51:20.393724,"fd",0.4587,118,0.0085,0.0078,0.3924,0.4672,114,0.254805194805195
2026-05-24,"WAS @ SEA","1Q","SEA","1Q SEA",2026-05-24 15:51:20.393724,"dk",0.5122,-105,-0.0305,-0.0313,-1.5639,0.4817,108,-1.01551948051948
2026-05-24,"WAS @ SEA","1Q","SEA","1Q SEA",2026-05-24 15:51:20.393724,"fd",0.5,100,-0.0277,-0.0277,-1.3865,0.4723,112,-0.900324675324675
2026-05-24,"PHX @ ATL","1Q","ATL","1Q ATL",2026-05-24 15:51:20.393724,"dk",0.5918,-145,-0.1043,-0.1278,-6.3905,0.4875,105,-4.14967532467533
2026-05-24,"PHX @ ATL","1Q","ATL","1Q ATL",2026-05-24 15:51:20.393724,"fd",0.495,102,-0.0133,-0.0132,-0.6592,0.4817,108,-0.428051948051948
2026-05-24,"DAL @ NYL","1Q","NYL","1Q NYL",2026-05-24 16:21:19.651547,"dk",0.5833,-140,-0.0619,-0.0743,-3.7151,0.5214,-109,-2.4124025974026
2026-05-24,"DAL @ NYL","1Q","NYL","1Q NYL",2026-05-24 16:21:19.651547,"fd",0.6063,-154,-0.0735,-0.0934,-4.668,0.5328,-114,-3.03116883116883
2026-05-24,"PHX @ ATL","1Q","PHX","1Q PHX",2026-05-24 16:21:19.651547,"dk",0.4878,105,0.0247,0.0241,1.2052,0.5125,-105,0.782597402597403
2026-05-24,"PHX @ ATL","1Q","PHX","1Q PHX",2026-05-24 16:21:19.651547,"fd",0.569,-132,-0.0507,-0.0588,-2.9406,0.5183,-108,-1.90948051948052
2026-05-24,"WAS @ SEA","1Q","WAS","1Q WAS",2026-05-24 16:21:19.651547,"dk",0.5652,-130,-0.0469,-0.0539,-2.6966,0.5183,-108,-1.75103896103896
2026-05-24,"WAS @ SEA","1Q","WAS","1Q WAS",2026-05-24 16:21:19.651547,"fd",0.569,-132,-0.0412,-0.0478,-2.3917,0.5277,-112,-1.55305194805195
2026-05-24,"DAL @ NYL","1Q","DAL","1Q DAL",2026-05-24 16:21:19.651547,"dk",0.4878,105,-0.0092,-0.009,-0.45,0.4786,109,-0.292207792207792
2026-05-24,"DAL @ NYL","1Q","DAL","1Q DAL",2026-05-24 16:21:19.651547,"fd",0.4587,118,0.0085,0.0078,0.3924,0.4672,114,0.254805194805195
2026-05-24,"WAS @ SEA","1Q","SEA","1Q SEA",2026-05-24 16:21:19.651547,"dk",0.5122,-105,-0.0305,-0.0313,-1.5639,0.4817,108,-1.01551948051948
2026-05-24,"WAS @ SEA","1Q","SEA","1Q SEA",2026-05-24 16:21:19.651547,"fd",0.495,102,-0.0228,-0.0226,-1.1278,0.4723,112,-0.732337662337662
2026-05-24,"PHX @ ATL","1Q","ATL","1Q ATL",2026-05-24 16:21:19.651547,"dk",0.5918,-145,-0.1043,-0.1278,-6.3905,0.4875,105,-4.14967532467533
2026-05-24,"PHX @ ATL","1Q","ATL","1Q ATL",2026-05-24 16:21:19.651547,"fd",0.495,102,-0.0133,-0.0132,-0.6592,0.4817,108,-0.428051948051948
2026-05-24,"DAL @ NYL","1Q","NYL","1Q NYL",2026-05-24 16:51:19.322302,"dk",0.5833,-140,-0.0619,-0.0743,-3.7151,0.5214,-109,-2.4124025974026
2026-05-24,"DAL @ NYL","1Q","NYL","1Q NYL",2026-05-24 16:51:19.322302,"fd",0.6063,-154,-0.0735,-0.0934,-4.668,0.5328,-114,-3.03116883116883
2026-05-24,"PHX @ ATL","1Q","PHX","1Q PHX",2026-05-24 16:51:19.322302,"dk",0.4878,105,0.0247,0.0241,1.2052,0.5125,-105,0.782597402597403
2026-05-24,"PHX @ ATL","1Q","PHX","1Q PHX",2026-05-24 16:51:19.322302,"fd",0.569,-132,-0.0507,-0.0588,-2.9406,0.5183,-108,-1.90948051948052
2026-05-24,"WAS @ SEA","1Q","WAS","1Q WAS",2026-05-24 16:51:19.322302,"dk",0.5652,-130,-0.0469,-0.0539,-2.6966,0.5183,-108,-1.75103896103896
2026-05-24,"WAS @ SEA","1Q","WAS","1Q WAS",2026-05-24 16:51:19.322302,"fd",0.569,-132,-0.0412,-0.0478,-2.3917,0.5277,-112,-1.55305194805195
2026-05-24,"DAL @ NYL","1Q","DAL","1Q DAL",2026-05-24 16:51:19.322302,"dk",0.4878,105,-0.0092,-0.009,-0.45,0.4786,109,-0.292207792207792
2026-05-24,"DAL @ NYL","1Q","DAL","1Q DAL",2026-05-24 16:51:19.322302,"fd",0.4587,118,0.0085,0.0078,0.3924,0.4672,114,0.254805194805195
2026-05-24,"WAS @ SEA","1Q","SEA","1Q SEA",2026-05-24 16:51:19.322302,"dk",0.5122,-105,-0.0305,-0.0313,-1.5639,0.4817,108,-1.01551948051948
2026-05-24,"WAS @ SEA","1Q","SEA","1Q SEA",2026-05-24 16:51:19.322302,"fd",0.495,102,-0.0228,-0.0226,-1.1278,0.4723,112,-0.732337662337662
2026-05-24,"PHX @ ATL","1Q","ATL","1Q ATL",2026-05-24 16:51:19.322302,"dk",0.5918,-145,-0.1043,-0.1278,-6.3905,0.4875,105,-4.14967532467533
2026-05-24,"PHX @ ATL","1Q","ATL","1Q ATL",2026-05-24 16:51:19.322302,"fd",0.495,102,-0.0133,-0.0132,-0.6592,0.4817,108,-0.428051948051948
2026-05-24,"DAL @ NYL","1Q","NYL","1Q NYL",2026-05-24 17:21:21.043651,"dk",0.5833,-140,-0.0619,-0.0743,-3.7151,0.5214,-109,-2.4124025974026
2026-05-24,"DAL @ NYL","1Q","NYL","1Q NYL",2026-05-24 17:21:21.043651,"fd",0.6063,-154,-0.0735,-0.0934,-4.668,0.5328,-114,-3.03116883116883
2026-05-24,"PHX @ ATL","1Q","PHX","1Q PHX",2026-05-24 17:21:21.043651,"dk",0.4878,105,0.0247,0.0241,1.2052,0.5125,-105,0.782597402597403
2026-05-24,"PHX @ ATL","1Q","PHX","1Q PHX",2026-05-24 17:21:21.043651,"fd",0.569,-132,-0.0507,-0.0588,-2.9406,0.5183,-108,-1.90948051948052
2026-05-24,"WAS @ SEA","1Q","WAS","1Q WAS",2026-05-24 17:21:21.043651,"dk",0.5652,-130,-0.0469,-0.0539,-2.6966,0.5183,-108,-1.75103896103896
2026-05-24,"WAS @ SEA","1Q","WAS","1Q WAS",2026-05-24 17:21:21.043651,"fd",0.569,-132,-0.0412,-0.0478,-2.3917,0.5277,-112,-1.55305194805195
2026-05-24,"DAL @ NYL","1Q","DAL","1Q DAL",2026-05-24 17:21:21.043651,"dk",0.4878,105,-0.0092,-0.009,-0.45,0.4786,109,-0.292207792207792
2026-05-24,"DAL @ NYL","1Q","DAL","1Q DAL",2026-05-24 17:21:21.043651,"fd",0.4587,118,0.0085,0.0078,0.3924,0.4672,114,0.254805194805195
2026-05-24,"WAS @ SEA","1Q","SEA","1Q SEA",2026-05-24 17:21:21.043651,"dk",0.5122,-105,-0.0305,-0.0313,-1.5639,0.4817,108,-1.01551948051948
2026-05-24,"WAS @ SEA","1Q","SEA","1Q SEA",2026-05-24 17:21:21.043651,"fd",0.495,102,-0.0228,-0.0226,-1.1278,0.4723,112,-0.732337662337662
2026-05-24,"PHX @ ATL","1Q","ATL","1Q ATL",2026-05-24 17:21:21.043651,"dk",0.5918,-145,-0.1043,-0.1278,-6.3905,0.4875,105,-4.14967532467533
2026-05-24,"PHX @ ATL","1Q","ATL","1Q ATL",2026-05-24 17:21:21.043651,"fd",0.495,102,-0.0133,-0.0132,-0.6592,0.4817,108,-0.428051948051948
2026-05-24,"DAL @ NYL","1Q","NYL","1Q NYL",2026-05-24 17:51:20.525654,"dk",0.5833,-140,-0.0619,-0.0743,-3.7151,0.5214,-109,-2.4124025974026
2026-05-24,"DAL @ NYL","1Q","NYL","1Q NYL",2026-05-24 17:51:20.525654,"fd",0.6063,-154,-0.0735,-0.0934,-4.668,0.5328,-114,-3.03116883116883
2026-05-24,"PHX @ ATL","1Q","PHX","1Q PHX",2026-05-24 17:51:20.525654,"dk",0.4878,105,0.0247,0.0241,1.2052,0.5125,-105,0.782597402597403
2026-05-24,"PHX @ ATL","1Q","PHX","1Q PHX",2026-05-24 17:51:20.525654,"fd",0.5745,-135,-0.0562,-0.066,-3.3019,0.5183,-108,-2.14409090909091
2026-05-24,"WAS @ SEA","1Q","WAS","1Q WAS",2026-05-24 17:51:20.525654,"dk",0.5652,-130,-0.0469,-0.0539,-2.6966,0.5183,-108,-1.75103896103896
2026-05-24,"WAS @ SEA","1Q","WAS","1Q WAS",2026-05-24 17:51:20.525654,"fd",0.5652,-130,-0.0375,-0.0431,-2.1556,0.5277,-112,-1.39974025974026
2026-05-24,"DAL @ NYL","1Q","DAL","1Q DAL",2026-05-24 17:51:20.525654,"dk",0.4878,105,-0.0092,-0.009,-0.45,0.4786,109,-0.292207792207792
2026-05-24,"DAL @ NYL","1Q","DAL","1Q DAL",2026-05-24 17:51:20.525654,"fd",0.4587,118,0.0085,0.0078,0.3924,0.4672,114,0.254805194805195
2026-05-24,"WAS @ SEA","1Q","SEA","1Q SEA",2026-05-24 17:51:20.525654,"dk",0.5122,-105,-0.0305,-0.0313,-1.5639,0.4817,108,-1.01551948051948
2026-05-24,"WAS @ SEA","1Q","SEA","1Q SEA",2026-05-24 17:51:20.525654,"fd",0.5,100,-0.0277,-0.0277,-1.3865,0.4723,112,-0.900324675324675
2026-05-24,"PHX @ ATL","1Q","ATL","1Q ATL",2026-05-24 17:51:20.525654,"dk",0.5918,-145,-0.1043,-0.1278,-6.3905,0.4875,105,-4.14967532467533
2026-05-24,"PHX @ ATL","1Q","ATL","1Q ATL",2026-05-24 17:51:20.525654,"fd",0.4902,104,-0.0085,-0.0083,-0.4149,0.4817,108,-0.269415584415584
2026-05-24,"DAL @ NYL","1Q","NYL","1Q NYL",2026-05-24 18:21:19.277453,"dk",0.5833,-140,-0.0619,-0.0743,-3.7151,0.5214,-109,-2.4124025974026
2026-05-24,"DAL @ NYL","1Q","NYL","1Q NYL",2026-05-24 18:21:19.277453,"fd",0.6063,-154,-0.0735,-0.0934,-4.668,0.5328,-114,-3.03116883116883
2026-05-24,"PHX @ ATL","1Q","PHX","1Q PHX",2026-05-24 18:21:19.277453,"dk",0.4878,105,0.0247,0.0241,1.2052,0.5125,-105,0.782597402597403
2026-05-24,"PHX @ ATL","1Q","PHX","1Q PHX",2026-05-24 18:21:19.277453,"fd",0.5745,-135,-0.0562,-0.066,-3.3019,0.5183,-108,-2.14409090909091
2026-05-24,"WAS @ SEA","1Q","WAS","1Q WAS",2026-05-24 18:21:19.277453,"dk",0.5652,-130,-0.0469,-0.0539,-2.6966,0.5183,-108,-1.75103896103896
2026-05-24,"WAS @ SEA","1Q","WAS","1Q WAS",2026-05-24 18:21:19.277453,"fd",0.5652,-130,-0.0375,-0.0431,-2.1556,0.5277,-112,-1.39974025974026
2026-05-24,"DAL @ NYL","1Q","DAL","1Q DAL",2026-05-24 18:21:19.277453,"dk",0.4878,105,-0.0092,-0.009,-0.45,0.4786,109,-0.292207792207792
2026-05-24,"DAL @ NYL","1Q","DAL","1Q DAL",2026-05-24 18:21:19.277453,"fd",0.4587,118,0.0085,0.0078,0.3924,0.4672,114,0.254805194805195
2026-05-24,"WAS @ SEA","1Q","SEA","1Q SEA",2026-05-24 18:21:19.277453,"dk",0.5122,-105,-0.0305,-0.0313,-1.5639,0.4817,108,-1.01551948051948
2026-05-24,"WAS @ SEA","1Q","SEA","1Q SEA",2026-05-24 18:21:19.277453,"fd",0.5,100,-0.0277,-0.0277,-1.3865,0.4723,112,-0.900324675324675
2026-05-24,"PHX @ ATL","1Q","ATL","1Q ATL",2026-05-24 18:21:19.277453,"dk",0.5918,-145,-0.1043,-0.1278,-6.3905,0.4875,105,-4.14967532467533
2026-05-24,"PHX @ ATL","1Q","ATL","1Q ATL",2026-05-24 18:21:19.277453,"fd",0.4902,104,-0.0085,-0.0083,-0.4149,0.4817,108,-0.269415584415584
2026-05-24,"DAL @ NYL","1Q","NYL","1Q NYL",2026-05-24 18:51:18.941067,"dk",0.5833,-140,-0.0619,-0.0743,-3.7151,0.5214,-109,-2.4124025974026
2026-05-24,"DAL @ NYL","1Q","NYL","1Q NYL",2026-05-24 18:51:18.941067,"fd",0.6063,-154,-0.0735,-0.0934,-4.668,0.5328,-114,-3.03116883116883
2026-05-24,"PHX @ ATL","1Q","PHX","1Q PHX",2026-05-24 18:51:18.941067,"dk",0.4878,105,0.024,0.0234,1.1713,0.5118,-105,0.760584415584416
2026-05-24,"PHX @ ATL","1Q","PHX","1Q PHX",2026-05-24 18:51:18.941067,"fd",0.569,-132,-0.0516,-0.0599,-2.9954,0.5173,-107,-1.94506493506494
2026-05-24,"WAS @ SEA","1Q","WAS","1Q WAS",2026-05-24 18:51:18.941067,"dk",0.5652,-130,-0.0469,-0.0539,-2.6966,0.5183,-108,-1.75103896103896
2026-05-24,"WAS @ SEA","1Q","WAS","1Q WAS",2026-05-24 18:51:18.941067,"fd",0.5652,-130,-0.0375,-0.0431,-2.1556,0.5277,-112,-1.39974025974026
2026-05-24,"DAL @ NYL","1Q","DAL","1Q DAL",2026-05-24 18:51:18.941067,"dk",0.4878,105,-0.0092,-0.009,-0.45,0.4786,109,-0.292207792207792
2026-05-24,"DAL @ NYL","1Q","DAL","1Q DAL",2026-05-24 18:51:18.941067,"fd",0.4587,118,0.0085,0.0078,0.3924,0.4672,114,0.254805194805195
2026-05-24,"WAS @ SEA","1Q","SEA","1Q SEA",2026-05-24 18:51:18.941067,"dk",0.5122,-105,-0.0305,-0.0313,-1.5639,0.4817,108,-1.01551948051948
2026-05-24,"WAS @ SEA","1Q","SEA","1Q SEA",2026-05-24 18:51:18.941067,"fd",0.5,100,-0.0277,-0.0277,-1.3865,0.4723,112,-0.900324675324675
2026-05-24,"PHX @ ATL","1Q","ATL","1Q ATL",2026-05-24 18:51:18.941067,"dk",0.5918,-145,-0.1036,-0.127,-6.3479,0.4882,105,-4.12201298701299
2026-05-24,"PHX @ ATL","1Q","ATL","1Q ATL",2026-05-24 18:51:18.941067,"fd",0.495,102,-0.0124,-0.0122,-0.6125,0.4827,107,-0.397727272727273
2026-05-24,"DAL @ NYL","1Q","NYL","1Q NYL",2026-05-24 19:21:19.090838,"dk",0.5833,-140,-0.0619,-0.0743,-3.7151,0.5214,-109,-2.4124025974026
2026-05-24,"DAL @ NYL","1Q","NYL","1Q NYL",2026-05-24 19:21:19.090838,"fd",0.6063,-154,-0.0735,-0.0934,-4.668,0.5328,-114,-3.03116883116883
2026-05-24,"PHX @ ATL","1Q","PHX","1Q PHX",2026-05-24 19:21:19.090838,"dk",0.4878,105,0.024,0.0234,1.1713,0.5118,-105,0.760584415584416
2026-05-24,"PHX @ ATL","1Q","PHX","1Q PHX",2026-05-24 19:21:19.090838,"fd",0.569,-132,-0.0516,-0.0599,-2.9954,0.5173,-107,-1.94506493506494
2026-05-24,"WAS @ SEA","1Q","WAS","1Q WAS",2026-05-24 19:21:19.090838,"dk",0.5652,-130,-0.0469,-0.0539,-2.6966,0.5183,-108,-1.75103896103896
2026-05-24,"WAS @ SEA","1Q","WAS","1Q WAS",2026-05-24 19:21:19.090838,"fd",0.5652,-130,-0.0375,-0.0431,-2.1556,0.5277,-112,-1.39974025974026
2026-05-24,"DAL @ NYL","1Q","DAL","1Q DAL",2026-05-24 19:21:19.090838,"dk",0.4878,105,-0.0092,-0.009,-0.45,0.4786,109,-0.292207792207792
2026-05-24,"DAL @ NYL","1Q","DAL","1Q DAL",2026-05-24 19:21:19.090838,"fd",0.4587,118,0.0085,0.0078,0.3924,0.4672,114,0.254805194805195
2026-05-24,"WAS @ SEA","1Q","SEA","1Q SEA",2026-05-24 19:21:19.090838,"dk",0.5122,-105,-0.0305,-0.0313,-1.5639,0.4817,108,-1.01551948051948
2026-05-24,"WAS @ SEA","1Q","SEA","1Q SEA",2026-05-24 19:21:19.090838,"fd",0.5,100,-0.0277,-0.0277,-1.3865,0.4723,112,-0.900324675324675
2026-05-24,"PHX @ ATL","1Q","ATL","1Q ATL",2026-05-24 19:21:19.090838,"dk",0.5918,-145,-0.1036,-0.127,-6.3479,0.4882,105,-4.12201298701299
2026-05-24,"PHX @ ATL","1Q","ATL","1Q ATL",2026-05-24 19:21:19.090838,"fd",0.495,102,-0.0124,-0.0122,-0.6125,0.4827,107,-0.397727272727273
2026-05-24,"WAS @ SEA","1Q","WAS","1Q WAS",2026-05-24 19:51:19.094892,"dk",0.6078,-155,-0.0895,-0.1141,-5.7071,0.5183,-108,-3.70590909090909
2026-05-24,"WAS @ SEA","1Q","WAS","1Q WAS",2026-05-24 19:51:19.094892,"fd",0.5652,-130,-0.0375,-0.0431,-2.1556,0.5277,-112,-1.39974025974026
2026-05-24,"WAS @ SEA","1Q","SEA","1Q SEA",2026-05-24 19:51:19.094892,"dk",0.4651,115,0.0166,0.0155,0.7742,0.4817,108,0.502727272727273
2026-05-24,"WAS @ SEA","1Q","SEA","1Q SEA",2026-05-24 19:51:19.094892,"fd",0.5,100,-0.0277,-0.0277,-1.3865,0.4723,112,-0.900324675324675
2026-05-24,"WAS @ SEA","1Q","WAS","1Q WAS",2026-05-24 20:21:19.006394,"dk",0.6078,-155,-0.0895,-0.1141,-5.7071,0.5183,-108,-3.70590909090909
2026-05-24,"WAS @ SEA","1Q","WAS","1Q WAS",2026-05-24 20:21:19.006394,"fd",0.5652,-130,-0.0375,-0.0431,-2.1556,0.5277,-112,-1.39974025974026
2026-05-24,"WAS @ SEA","1Q","SEA","1Q SEA",2026-05-24 20:21:19.006394,"dk",0.4651,115,0.0166,0.0155,0.7742,0.4817,108,0.502727272727273
2026-05-24,"WAS @ SEA","1Q","SEA","1Q SEA",2026-05-24 20:21:19.006394,"fd",0.5,100,-0.0277,-0.0277,-1.3865,0.4723,112,-0.900324675324675
2026-05-24,"WAS @ SEA","1Q","WAS","1Q WAS",2026-05-24 20:51:19.140418,"dk",0.6078,-155,-0.0895,-0.1141,-5.7071,0.5183,-108,-3.70590909090909
2026-05-24,"WAS @ SEA","1Q","WAS","1Q WAS",2026-05-24 20:51:19.140418,"fd",0.5652,-130,-0.0375,-0.0431,-2.1556,0.5277,-112,-1.39974025974026
2026-05-24,"WAS @ SEA","1Q","SEA","1Q SEA",2026-05-24 20:51:19.140418,"dk",0.4651,115,0.0166,0.0155,0.7742,0.4817,108,0.502727272727273
2026-05-24,"WAS @ SEA","1Q","SEA","1Q SEA",2026-05-24 20:51:19.140418,"fd",0.5,100,-0.0277,-0.0277,-1.3865,0.4723,112,-0.900324675324675
2026-05-24,"WAS @ SEA","1Q","WAS","1Q WAS",2026-05-24 21:21:18.93983,"dk",0.6078,-155,-0.0895,-0.1141,-5.7071,0.5183,-108,-3.70590909090909
2026-05-24,"WAS @ SEA","1Q","WAS","1Q WAS",2026-05-24 21:21:18.93983,"fd",0.5652,-130,-0.0375,-0.0431,-2.1556,0.5277,-112,-1.39974025974026
2026-05-24,"WAS @ SEA","1Q","SEA","1Q SEA",2026-05-24 21:21:18.93983,"dk",0.4651,115,0.0166,0.0155,0.7742,0.4817,108,0.502727272727273
2026-05-24,"WAS @ SEA","1Q","SEA","1Q SEA",2026-05-24 21:21:18.93983,"fd",0.5,100,-0.0277,-0.0277,-1.3865,0.4723,112,-0.900324675324675
2026-05-24,"WAS @ SEA","1Q","WAS","1Q WAS",2026-05-24 21:51:18.614288,"dk",0.6078,-155,-0.0887,-0.1131,-5.6546,0.5191,-108,-3.67181818181818
2026-05-24,"WAS @ SEA","1Q","WAS","1Q WAS",2026-05-24 21:51:18.614288,"fd",0.5652,-130,-0.0364,-0.0418,-2.0913,0.5288,-112,-1.35798701298701
2026-05-24,"WAS @ SEA","1Q","SEA","1Q SEA",2026-05-24 21:51:18.614288,"dk",0.4651,115,0.0157,0.0147,0.7357,0.4809,108,0.477727272727273
2026-05-24,"WAS @ SEA","1Q","SEA","1Q SEA",2026-05-24 21:51:18.614288,"fd",0.5,100,-0.0288,-0.0288,-1.4424,0.4712,112,-0.936623376623377
2026-05-24,"WAS @ SEA","1Q","WAS","1Q WAS",2026-05-24 22:21:18.572171,"dk",0.6078,-155,-0.0887,-0.1131,-5.6546,0.5191,-108,-3.67181818181818
2026-05-24,"WAS @ SEA","1Q","WAS","1Q WAS",2026-05-24 22:21:18.572171,"fd",0.5652,-130,-0.0364,-0.0418,-2.0913,0.5288,-112,-1.35798701298701
2026-05-24,"WAS @ SEA","1Q","SEA","1Q SEA",2026-05-24 22:21:18.572171,"dk",0.4651,115,0.0157,0.0147,0.7357,0.4809,108,0.477727272727273
2026-05-24,"WAS @ SEA","1Q","SEA","1Q SEA",2026-05-24 22:21:18.572171,"fd",0.5,100,-0.0288,-0.0288,-1.4424,0.4712,112,-0.936623376623377
2026-05-24,"WAS @ SEA","1Q","WAS","1Q WAS",2026-05-24 22:51:18.739561,"dk",0.6078,-155,-0.0887,-0.1131,-5.6546,0.5191,-108,-3.67181818181818
2026-05-24,"WAS @ SEA","1Q","WAS","1Q WAS",2026-05-24 22:51:18.739561,"fd",0.5652,-130,-0.0364,-0.0418,-2.0913,0.5288,-112,-1.35798701298701
2026-05-24,"WAS @ SEA","1Q","SEA","1Q SEA",2026-05-24 22:51:18.739561,"dk",0.4651,115,0.0157,0.0147,0.7357,0.4809,108,0.477727272727273
2026-05-24,"WAS @ SEA","1Q","SEA","1Q SEA",2026-05-24 22:51:18.739561,"fd",0.5,100,-0.0288,-0.0288,-1.4424,0.4712,112,-0.936623376623377
2026-05-24,"WAS @ SEA","1Q","WAS","1Q WAS",2026-05-24 23:21:19.069415,"dk",0.6078,-155,-0.0887,-0.1131,-5.6546,0.5191,-108,-3.67181818181818
2026-05-24,"WAS @ SEA","1Q","WAS","1Q WAS",2026-05-24 23:21:19.069415,"fd",0.5652,-130,-0.0364,-0.0418,-2.0913,0.5288,-112,-1.35798701298701
2026-05-24,"WAS @ SEA","1Q","SEA","1Q SEA",2026-05-24 23:21:19.069415,"dk",0.4651,115,0.0157,0.0147,0.7357,0.4809,108,0.477727272727273
2026-05-24,"WAS @ SEA","1Q","SEA","1Q SEA",2026-05-24 23:21:19.069415,"fd",0.5,100,-0.0288,-0.0288,-1.4424,0.4712,112,-0.936623376623377
2026-05-24,"WAS @ SEA","1Q","WAS","1Q WAS",2026-05-24 23:51:19.610182,"dk",0.6078,-155,-0.0887,-0.1131,-5.6546,0.5191,-108,-3.67181818181818
2026-05-24,"WAS @ SEA","1Q","WAS","1Q WAS",2026-05-24 23:51:19.610182,"fd",0.5652,-130,-0.0364,-0.0418,-2.0913,0.5288,-112,-1.35798701298701
2026-05-24,"WAS @ SEA","1Q","SEA","1Q SEA",2026-05-24 23:51:19.610182,"dk",0.4651,115,0.0157,0.0147,0.7357,0.4809,108,0.477727272727273
2026-05-24,"WAS @ SEA","1Q","SEA","1Q SEA",2026-05-24 23:51:19.610182,"fd",0.5,100,-0.0288,-0.0288,-1.4424,0.4712,112,-0.936623376623377
2026-05-24,"WAS @ SEA","1Q","WAS","1Q WAS",2026-05-25 00:21:19.193243,"dk",0.6078,-155,-0.0887,-0.1131,-5.6546,0.5191,-108,-3.67181818181818
2026-05-24,"WAS @ SEA","1Q","WAS","1Q WAS",2026-05-25 00:21:19.193243,"fd",0.5652,-130,-0.0364,-0.0418,-2.0913,0.5288,-112,-1.35798701298701
2026-05-24,"WAS @ SEA","1Q","SEA","1Q SEA",2026-05-25 00:21:19.193243,"dk",0.4651,115,0.0157,0.0147,0.7357,0.4809,108,0.477727272727273
2026-05-24,"WAS @ SEA","1Q","SEA","1Q SEA",2026-05-25 00:21:19.193243,"fd",0.5,100,-0.0288,-0.0288,-1.4424,0.4712,112,-0.936623376623377
2026-05-24,"WAS @ SEA","1Q","WAS","1Q WAS",2026-05-25 00:51:19.409163,"dk",0.6078,-155,-0.0887,-0.1131,-5.6546,0.5191,-108,-3.67181818181818
2026-05-24,"WAS @ SEA","1Q","WAS","1Q WAS",2026-05-25 00:51:19.409163,"fd",0.5652,-130,-0.0364,-0.0418,-2.0913,0.5288,-112,-1.35798701298701
2026-05-24,"WAS @ SEA","1Q","SEA","1Q SEA",2026-05-25 00:51:19.409163,"dk",0.4651,115,0.0157,0.0147,0.7357,0.4809,108,0.477727272727273
2026-05-24,"WAS @ SEA","1Q","SEA","1Q SEA",2026-05-25 00:51:19.409163,"fd",0.5,100,-0.0288,-0.0288,-1.4424,0.4712,112,-0.936623376623377
2026-05-24,"WAS @ SEA","1Q","WAS","1Q WAS",2026-05-25 01:21:18.966434,"dk",0.6078,-155,-0.0887,-0.1131,-5.6546,0.5191,-108,-3.67181818181818
2026-05-24,"WAS @ SEA","1Q","WAS","1Q WAS",2026-05-25 01:21:18.966434,"fd",0.5652,-130,-0.0364,-0.0418,-2.0913,0.5288,-112,-1.35798701298701
2026-05-24,"WAS @ SEA","1Q","SEA","1Q SEA",2026-05-25 01:21:18.966434,"dk",0.4651,115,0.0157,0.0147,0.7357,0.4809,108,0.477727272727273
2026-05-24,"WAS @ SEA","1Q","SEA","1Q SEA",2026-05-25 01:21:18.966434,"fd",0.5,100,-0.0288,-0.0288,-1.4424,0.4712,112,-0.936623376623377
2026-05-24,"WAS @ SEA","1Q","WAS","1Q WAS",2026-05-25 01:51:18.290989,"dk",0.6078,-155,-0.0887,-0.1131,-5.6546,0.5191,-108,-3.67181818181818
2026-05-24,"WAS @ SEA","1Q","WAS","1Q WAS",2026-05-25 01:51:18.290989,"fd",0.5652,-130,-0.0364,-0.0418,-2.0913,0.5288,-112,-1.35798701298701
2026-05-24,"WAS @ SEA","1Q","SEA","1Q SEA",2026-05-25 01:51:18.290989,"dk",0.4651,115,0.0157,0.0147,0.7357,0.4809,108,0.477727272727273
2026-05-24,"WAS @ SEA","1Q","SEA","1Q SEA",2026-05-25 01:51:18.290989,"fd",0.5,100,-0.0288,-0.0288,-1.4424,0.4712,112,-0.936623376623377
2026-05-24,"WAS @ SEA","1Q","WAS","1Q WAS",2026-05-25 02:21:18.926905,"dk",0.6078,-155,-0.0887,-0.1131,-5.6546,0.5191,-108,-3.67181818181818
2026-05-24,"WAS @ SEA","1Q","WAS","1Q WAS",2026-05-25 02:21:18.926905,"fd",0.5652,-130,-0.0364,-0.0418,-2.0913,0.5288,-112,-1.35798701298701
2026-05-24,"WAS @ SEA","1Q","SEA","1Q SEA",2026-05-25 02:21:18.926905,"dk",0.4651,115,0.0157,0.0147,0.7357,0.4809,108,0.477727272727273
2026-05-24,"WAS @ SEA","1Q","SEA","1Q SEA",2026-05-25 02:21:18.926905,"fd",0.5,100,-0.0288,-0.0288,-1.4424,0.4712,112,-0.936623376623377
2026-05-24,"WAS @ SEA","1Q","WAS","1Q WAS",2026-05-25 02:51:19.966477,"dk",0.6078,-155,-0.0887,-0.1131,-5.6546,0.5191,-108,-3.67181818181818
2026-05-24,"WAS @ SEA","1Q","WAS","1Q WAS",2026-05-25 02:51:19.966477,"fd",0.5652,-130,-0.0364,-0.0418,-2.0913,0.5288,-112,-1.35798701298701
2026-05-24,"WAS @ SEA","1Q","SEA","1Q SEA",2026-05-25 02:51:19.966477,"dk",0.4651,115,0.0157,0.0147,0.7357,0.4809,108,0.477727272727273
2026-05-24,"WAS @ SEA","1Q","SEA","1Q SEA",2026-05-25 02:51:19.966477,"fd",0.5,100,-0.0288,-0.0288,-1.4424,0.4712,112,-0.936623376623377
2026-05-25,"PDX @ NYL","1Q","NYL","1Q NYL",2026-05-25 12:21:49.87809,"fd",0.6154,-160,-0.0737,-0.0958,-4.7901,0.5417,-118,-3.11045454545455
2026-05-25,"CON @ GSV","1Q","CON","1Q CON",2026-05-25 12:21:49.87809,"fd",0.6154,-160,-0.0547,-0.0712,-3.5579,0.5606,-128,-2.31032467532468
2026-05-25,"PDX @ NYL","1Q","PDX","1Q PDX",2026-05-25 12:21:49.87809,"fd",0.4505,122,0.0079,0.0071,0.3575,0.4583,118,0.232142857142857
2026-05-25,"CON @ GSV","1Q","GSV","1Q GSV",2026-05-25 12:21:49.87809,"fd",0.4505,122,-0.0111,-0.0101,-0.5049,0.4394,128,-0.327857142857143
2026-05-25,"PDX @ NYL","1Q","NYL","1Q NYL",2026-05-25 12:51:16.977382,"fd",0.6154,-160,-0.0737,-0.0958,-4.7901,0.5417,-118,-3.11045454545455
2026-05-25,"CON @ GSV","1Q","CON","1Q CON",2026-05-25 12:51:16.977382,"fd",0.6154,-160,-0.0547,-0.0712,-3.5579,0.5606,-128,-2.31032467532468
2026-05-25,"PDX @ NYL","1Q","PDX","1Q PDX",2026-05-25 12:51:16.977382,"fd",0.4505,122,0.0079,0.0071,0.3575,0.4583,118,0.232142857142857
2026-05-25,"CON @ GSV","1Q","GSV","1Q GSV",2026-05-25 12:51:16.977382,"fd",0.4505,122,-0.0111,-0.0101,-0.5049,0.4394,128,-0.327857142857143
2026-05-25,"PDX @ NYL","1Q","NYL","1Q NYL",2026-05-25 13:21:16.71257,"fd",0.6154,-160,-0.0737,-0.0958,-4.7901,0.5417,-118,-3.11045454545455
2026-05-25,"CON @ GSV","1Q","CON","1Q CON",2026-05-25 13:21:16.71257,"fd",0.6154,-160,-0.0547,-0.0712,-3.5579,0.5606,-128,-2.31032467532468
2026-05-25,"PDX @ NYL","1Q","PDX","1Q PDX",2026-05-25 13:21:16.71257,"fd",0.4505,122,0.0079,0.0071,0.3575,0.4583,118,0.232142857142857
2026-05-25,"CON @ GSV","1Q","GSV","1Q GSV",2026-05-25 13:21:16.71257,"fd",0.4505,122,-0.0111,-0.0101,-0.5049,0.4394,128,-0.327857142857143
2026-05-25,"PDX @ NYL","1Q","NYL","1Q NYL",2026-05-25 13:51:17.473228,"fd",0.6154,-160,-0.0737,-0.0958,-4.7901,0.5417,-118,-3.11045454545455
2026-05-25,"CON @ GSV","1Q","CON","1Q CON",2026-05-25 13:51:17.473228,"fd",0.6154,-160,-0.0547,-0.0712,-3.5579,0.5606,-128,-2.31032467532468
2026-05-25,"PDX @ NYL","1Q","PDX","1Q PDX",2026-05-25 13:51:17.473228,"fd",0.4505,122,0.0079,0.0071,0.3575,0.4583,118,0.232142857142857
2026-05-25,"CON @ GSV","1Q","GSV","1Q GSV",2026-05-25 13:51:17.473228,"fd",0.4505,122,-0.0111,-0.0101,-0.5049,0.4394,128,-0.327857142857143
2026-05-25,"PDX @ NYL","1Q","NYL","1Q NYL",2026-05-25 14:21:17.276454,"fd",0.6154,-160,-0.0737,-0.0958,-4.7901,0.5417,-118,-3.11045454545455
2026-05-25,"CON @ GSV","1Q","CON","1Q CON",2026-05-25 14:21:17.276454,"fd",0.6154,-160,-0.0547,-0.0712,-3.5579,0.5606,-128,-2.31032467532468
2026-05-25,"PDX @ NYL","1Q","PDX","1Q PDX",2026-05-25 14:21:17.276454,"fd",0.4505,122,0.0079,0.0071,0.3575,0.4583,118,0.232142857142857
2026-05-25,"CON @ GSV","1Q","GSV","1Q GSV",2026-05-25 14:21:17.276454,"fd",0.4505,122,-0.0111,-0.0101,-0.5049,0.4394,128,-0.327857142857143
2026-05-25,"PDX @ NYL","1Q","NYL","1Q NYL",2026-05-25 14:51:16.784907,"dk",0.5833,-140,-0.0518,-0.0622,-3.109,0.5315,-113,-2.01883116883117
2026-05-25,"PDX @ NYL","1Q","NYL","1Q NYL",2026-05-25 14:51:16.784907,"fd",0.6154,-160,-0.0737,-0.0958,-4.7901,0.5417,-118,-3.11045454545455
2026-05-25,"CON @ GSV","1Q","CON","1Q CON",2026-05-25 14:51:16.784907,"dk",0.5455,-120,0.001,0.0011,0.0547,0.5464,-120,0.0355194805194805
2026-05-25,"CON @ GSV","1Q","CON","1Q CON",2026-05-25 14:51:16.784907,"fd",0.6154,-160,-0.057,-0.0742,-3.7081,0.5583,-126,-2.40785714285714
2026-05-25,"PDX @ NYL","1Q","PDX","1Q PDX",2026-05-25 14:51:16.784907,"dk",0.4878,105,-0.0193,-0.0189,-0.9431,0.4685,113,-0.612402597402597
2026-05-25,"PDX @ NYL","1Q","PDX","1Q PDX",2026-05-25 14:51:16.784907,"fd",0.4505,122,0.0079,0.0071,0.3575,0.4583,118,0.232142857142857
2026-05-25,"CON @ GSV","1Q","GSV","1Q GSV",2026-05-25 14:51:16.784907,"dk",0.5238,-110,-0.0703,-0.0738,-3.6886,0.4536,120,-2.39519480519481
2026-05-25,"CON @ GSV","1Q","GSV","1Q GSV",2026-05-25 14:51:16.784907,"fd",0.4505,122,-0.0088,-0.008,-0.3997,0.4417,126,-0.259545454545455
2026-05-25,"PDX @ NYL","1Q","NYL","1Q NYL",2026-05-25 15:21:16.350093,"dk",0.5833,-140,-0.0518,-0.0622,-3.109,0.5315,-113,-2.01883116883117
2026-05-25,"PDX @ NYL","1Q","NYL","1Q NYL",2026-05-25 15:21:16.350093,"fd",0.6154,-160,-0.0737,-0.0958,-4.7901,0.5417,-118,-3.11045454545455
2026-05-25,"CON @ GSV","1Q","CON","1Q CON",2026-05-25 15:21:16.350093,"dk",0.5455,-120,0.001,0.0011,0.0547,0.5464,-120,0.0355194805194805
2026-05-25,"CON @ GSV","1Q","CON","1Q CON",2026-05-25 15:21:16.350093,"fd",0.6154,-160,-0.057,-0.0742,-3.7081,0.5583,-126,-2.40785714285714
2026-05-25,"PDX @ NYL","1Q","PDX","1Q PDX",2026-05-25 15:21:16.350093,"dk",0.4878,105,-0.0193,-0.0189,-0.9431,0.4685,113,-0.612402597402597
2026-05-25,"PDX @ NYL","1Q","PDX","1Q PDX",2026-05-25 15:21:16.350093,"fd",0.4505,122,0.0079,0.0071,0.3575,0.4583,118,0.232142857142857
2026-05-25,"CON @ GSV","1Q","GSV","1Q GSV",2026-05-25 15:21:16.350093,"dk",0.5238,-110,-0.0703,-0.0738,-3.6886,0.4536,120,-2.39519480519481
2026-05-25,"CON @ GSV","1Q","GSV","1Q GSV",2026-05-25 15:21:16.350093,"fd",0.4505,122,-0.0088,-0.008,-0.3997,0.4417,126,-0.259545454545455
2026-05-25,"PDX @ NYL","1Q","NYL","1Q NYL",2026-05-25 15:51:15.74748,"dk",0.5833,-140,-0.0518,-0.0622,-3.109,0.5315,-113,-2.01883116883117
2026-05-25,"PDX @ NYL","1Q","NYL","1Q NYL",2026-05-25 15:51:15.74748,"fd",0.6154,-160,-0.0737,-0.0958,-4.7901,0.5417,-118,-3.11045454545455
2026-05-25,"CON @ GSV","1Q","CON","1Q CON",2026-05-25 15:51:15.74748,"dk",0.5455,-120,0.001,0.0011,0.0547,0.5464,-120,0.0355194805194805
2026-05-25,"CON @ GSV","1Q","CON","1Q CON",2026-05-25 15:51:15.74748,"fd",0.6154,-160,-0.057,-0.0742,-3.7081,0.5583,-126,-2.40785714285714
2026-05-25,"PDX @ NYL","1Q","PDX","1Q PDX",2026-05-25 15:51:15.74748,"dk",0.4878,105,-0.0193,-0.0189,-0.9431,0.4685,113,-0.612402597402597
2026-05-25,"PDX @ NYL","1Q","PDX","1Q PDX",2026-05-25 15:51:15.74748,"fd",0.4505,122,0.0079,0.0071,0.3575,0.4583,118,0.232142857142857
2026-05-25,"CON @ GSV","1Q","GSV","1Q GSV",2026-05-25 15:51:15.74748,"dk",0.5238,-110,-0.0703,-0.0738,-3.6886,0.4536,120,-2.39519480519481
2026-05-25,"CON @ GSV","1Q","GSV","1Q GSV",2026-05-25 15:51:15.74748,"fd",0.4505,122,-0.0088,-0.008,-0.3997,0.4417,126,-0.259545454545455
2026-05-25,"PDX @ NYL","1Q","NYL","1Q NYL",2026-05-25 16:21:16.181792,"dk",0.5833,-140,-0.0518,-0.0622,-3.109,0.5315,-113,-2.01883116883117
2026-05-25,"PDX @ NYL","1Q","NYL","1Q NYL",2026-05-25 16:21:16.181792,"fd",0.6154,-160,-0.0737,-0.0958,-4.7901,0.5417,-118,-3.11045454545455
2026-05-25,"CON @ GSV","1Q","CON","1Q CON",2026-05-25 16:21:16.181792,"dk",0.5455,-120,0.001,0.0011,0.0547,0.5464,-120,0.0355194805194805
2026-05-25,"CON @ GSV","1Q","CON","1Q CON",2026-05-25 16:21:16.181792,"fd",0.6154,-160,-0.057,-0.0742,-3.7081,0.5583,-126,-2.40785714285714
2026-05-25,"PDX @ NYL","1Q","PDX","1Q PDX",2026-05-25 16:21:16.181792,"dk",0.4878,105,-0.0193,-0.0189,-0.9431,0.4685,113,-0.612402597402597
2026-05-25,"PDX @ NYL","1Q","PDX","1Q PDX",2026-05-25 16:21:16.181792,"fd",0.4505,122,0.0079,0.0071,0.3575,0.4583,118,0.232142857142857
2026-05-25,"CON @ GSV","1Q","GSV","1Q GSV",2026-05-25 16:21:16.181792,"dk",0.5238,-110,-0.0703,-0.0738,-3.6886,0.4536,120,-2.39519480519481
2026-05-25,"CON @ GSV","1Q","GSV","1Q GSV",2026-05-25 16:21:16.181792,"fd",0.4505,122,-0.0088,-0.008,-0.3997,0.4417,126,-0.259545454545455
2026-05-25,"PDX @ NYL","1Q","NYL","1Q NYL",2026-05-25 16:51:15.825842,"dk",0.5833,-140,-0.0518,-0.0622,-3.109,0.5315,-113,-2.01883116883117
2026-05-25,"PDX @ NYL","1Q","NYL","1Q NYL",2026-05-25 16:51:15.825842,"fd",0.6154,-160,-0.0737,-0.0958,-4.7901,0.5417,-118,-3.11045454545455
2026-05-25,"CON @ GSV","1Q","CON","1Q CON",2026-05-25 16:51:15.825842,"dk",0.5455,-120,0.001,0.0011,0.0547,0.5464,-120,0.0355194805194805
2026-05-25,"CON @ GSV","1Q","CON","1Q CON",2026-05-25 16:51:15.825842,"fd",0.6154,-160,-0.057,-0.0742,-3.7081,0.5583,-126,-2.40785714285714
2026-05-25,"PDX @ NYL","1Q","PDX","1Q PDX",2026-05-25 16:51:15.825842,"dk",0.4878,105,-0.0193,-0.0189,-0.9431,0.4685,113,-0.612402597402597
2026-05-25,"PDX @ NYL","1Q","PDX","1Q PDX",2026-05-25 16:51:15.825842,"fd",0.4505,122,0.0079,0.0071,0.3575,0.4583,118,0.232142857142857
2026-05-25,"CON @ GSV","1Q","GSV","1Q GSV",2026-05-25 16:51:15.825842,"dk",0.5238,-110,-0.0703,-0.0738,-3.6886,0.4536,120,-2.39519480519481
2026-05-25,"CON @ GSV","1Q","GSV","1Q GSV",2026-05-25 16:51:15.825842,"fd",0.4505,122,-0.0088,-0.008,-0.3997,0.4417,126,-0.259545454545455
2026-05-25,"PDX @ NYL","1Q","NYL","1Q NYL",2026-05-25 17:21:17.432919,"dk",0.5833,-140,-0.0524,-0.0629,-3.1442,0.5309,-113,-2.04168831168831
2026-05-25,"PDX @ NYL","1Q","NYL","1Q NYL",2026-05-25 17:21:17.432919,"fd",0.6154,-160,-0.0742,-0.0965,-4.8239,0.5412,-118,-3.1324025974026
2026-05-25,"CON @ GSV","1Q","CON","1Q CON",2026-05-25 17:21:17.432919,"dk",0.5455,-120,0.001,0.0011,0.0547,0.5464,-120,0.0355194805194805
2026-05-25,"CON @ GSV","1Q","CON","1Q CON",2026-05-25 17:21:17.432919,"fd",0.6154,-160,-0.057,-0.0742,-3.7081,0.5583,-126,-2.40785714285714
2026-05-25,"PDX @ NYL","1Q","PDX","1Q PDX",2026-05-25 17:21:17.432919,"dk",0.4878,105,-0.0187,-0.0183,-0.9144,0.4691,113,-0.593766233766234
2026-05-25,"PDX @ NYL","1Q","PDX","1Q PDX",2026-05-25 17:21:17.432919,"fd",0.4505,122,0.0084,0.0076,0.3812,0.4588,118,0.247532467532468
2026-05-25,"CON @ GSV","1Q","GSV","1Q GSV",2026-05-25 17:21:17.432919,"dk",0.5238,-110,-0.0703,-0.0738,-3.6886,0.4536,120,-2.39519480519481
2026-05-25,"CON @ GSV","1Q","GSV","1Q GSV",2026-05-25 17:21:17.432919,"fd",0.4505,122,-0.0088,-0.008,-0.3997,0.4417,126,-0.259545454545455
2026-05-25,"PDX @ NYL","1Q","NYL","1Q NYL",2026-05-25 17:51:23.68737,"dk",0.5833,-140,-0.0524,-0.0629,-3.1442,0.5309,-113,-2.04168831168831
2026-05-25,"PDX @ NYL","1Q","NYL","1Q NYL",2026-05-25 17:51:23.68737,"fd",0.6094,-156,-0.0682,-0.0873,-4.3651,0.5412,-118,-2.83448051948052
2026-05-25,"CON @ GSV","1Q","CON","1Q CON",2026-05-25 17:51:23.68737,"dk",0.5455,-120,0.001,0.0011,0.0547,0.5464,-120,0.0355194805194805
2026-05-25,"CON @ GSV","1Q","CON","1Q CON",2026-05-25 17:51:23.68737,"fd",0.6154,-160,-0.057,-0.0742,-3.7081,0.5583,-126,-2.40785714285714
2026-05-25,"PDX @ NYL","1Q","PDX","1Q PDX",2026-05-25 17:51:23.68737,"dk",0.4878,105,-0.0187,-0.0183,-0.9144,0.4691,113,-0.593766233766234
2026-05-25,"PDX @ NYL","1Q","PDX","1Q PDX",2026-05-25 17:51:23.68737,"fd",0.4545,120,0.0043,0.0039,0.1963,0.4588,118,0.127467532467532
2026-05-25,"CON @ GSV","1Q","GSV","1Q GSV",2026-05-25 17:51:23.68737,"dk",0.5238,-110,-0.0703,-0.0738,-3.6886,0.4536,120,-2.39519480519481
2026-05-25,"CON @ GSV","1Q","GSV","1Q GSV",2026-05-25 17:51:23.68737,"fd",0.4505,122,-0.0088,-0.008,-0.3997,0.4417,126,-0.259545454545455
2026-05-25,"PDX @ NYL","1Q","NYL","1Q NYL",2026-05-25 18:21:18.200494,"dk",0.5833,-140,-0.0524,-0.0629,-3.1442,0.5309,-113,-2.04168831168831
2026-05-25,"PDX @ NYL","1Q","NYL","1Q NYL",2026-05-25 18:21:18.200494,"fd",0.6154,-160,-0.0742,-0.0965,-4.8239,0.5412,-118,-3.1324025974026
2026-05-25,"CON @ GSV","1Q","CON","1Q CON",2026-05-25 18:21:18.200494,"dk",0.5455,-120,0.001,0.0011,0.0547,0.5464,-120,0.0355194805194805
2026-05-25,"CON @ GSV","1Q","CON","1Q CON",2026-05-25 18:21:18.200494,"fd",0.6154,-160,-0.057,-0.0742,-3.7081,0.5583,-126,-2.40785714285714
2026-05-25,"PDX @ NYL","1Q","PDX","1Q PDX",2026-05-25 18:21:18.200494,"dk",0.4878,105,-0.0187,-0.0183,-0.9144,0.4691,113,-0.593766233766234
2026-05-25,"PDX @ NYL","1Q","PDX","1Q PDX",2026-05-25 18:21:18.200494,"fd",0.4505,122,0.0084,0.0076,0.3812,0.4588,118,0.247532467532468
2026-05-25,"CON @ GSV","1Q","GSV","1Q GSV",2026-05-25 18:21:18.200494,"dk",0.5238,-110,-0.0703,-0.0738,-3.6886,0.4536,120,-2.39519480519481
2026-05-25,"CON @ GSV","1Q","GSV","1Q GSV",2026-05-25 18:21:18.200494,"fd",0.4505,122,-0.0088,-0.008,-0.3997,0.4417,126,-0.259545454545455
2026-05-25,"PDX @ NYL","1Q","NYL","1Q NYL",2026-05-25 18:51:16.602931,"dk",0.5833,-140,-0.0524,-0.0629,-3.1442,0.5309,-113,-2.04168831168831
2026-05-25,"PDX @ NYL","1Q","NYL","1Q NYL",2026-05-25 18:51:16.602931,"fd",0.6154,-160,-0.0742,-0.0965,-4.8239,0.5412,-118,-3.1324025974026
2026-05-25,"CON @ GSV","1Q","CON","1Q CON",2026-05-25 18:51:16.602931,"dk",0.5455,-120,0.001,0.0011,0.0547,0.5464,-120,0.0355194805194805
2026-05-25,"CON @ GSV","1Q","CON","1Q CON",2026-05-25 18:51:16.602931,"fd",0.6154,-160,-0.057,-0.0742,-3.7081,0.5583,-126,-2.40785714285714
2026-05-25,"PDX @ NYL","1Q","PDX","1Q PDX",2026-05-25 18:51:16.602931,"dk",0.4878,105,-0.0187,-0.0183,-0.9144,0.4691,113,-0.593766233766234
2026-05-25,"PDX @ NYL","1Q","PDX","1Q PDX",2026-05-25 18:51:16.602931,"fd",0.4505,122,0.0084,0.0076,0.3812,0.4588,118,0.247532467532468
2026-05-25,"CON @ GSV","1Q","GSV","1Q GSV",2026-05-25 18:51:16.602931,"dk",0.5238,-110,-0.0703,-0.0738,-3.6886,0.4536,120,-2.39519480519481
2026-05-25,"CON @ GSV","1Q","GSV","1Q GSV",2026-05-25 18:51:16.602931,"fd",0.4505,122,-0.0088,-0.008,-0.3997,0.4417,126,-0.259545454545455
2026-05-25,"PDX @ NYL","1Q","NYL","1Q NYL",2026-05-25 19:21:16.400197,"dk",0.5833,-140,-0.0524,-0.0629,-3.1442,0.5309,-113,-2.04168831168831
2026-05-25,"PDX @ NYL","1Q","NYL","1Q NYL",2026-05-25 19:21:16.400197,"fd",0.6154,-160,-0.0742,-0.0965,-4.8239,0.5412,-118,-3.1324025974026
2026-05-25,"CON @ GSV","1Q","CON","1Q CON",2026-05-25 19:21:16.400197,"dk",0.5455,-120,0.001,0.0011,0.0547,0.5464,-120,0.0355194805194805
2026-05-25,"CON @ GSV","1Q","CON","1Q CON",2026-05-25 19:21:16.400197,"fd",0.6154,-160,-0.057,-0.0742,-3.7081,0.5583,-126,-2.40785714285714
2026-05-25,"PDX @ NYL","1Q","PDX","1Q PDX",2026-05-25 19:21:16.400197,"dk",0.4878,105,-0.0187,-0.0183,-0.9144,0.4691,113,-0.593766233766234
2026-05-25,"PDX @ NYL","1Q","PDX","1Q PDX",2026-05-25 19:21:16.400197,"fd",0.4505,122,0.0084,0.0076,0.3812,0.4588,118,0.247532467532468
2026-05-25,"CON @ GSV","1Q","GSV","1Q GSV",2026-05-25 19:21:16.400197,"dk",0.5349,-115,-0.0813,-0.0874,-4.3716,0.4536,120,-2.8387012987013
2026-05-25,"CON @ GSV","1Q","GSV","1Q GSV",2026-05-25 19:21:16.400197,"fd",0.4505,122,-0.0088,-0.008,-0.3997,0.4417,126,-0.259545454545455
2026-05-25,"PDX @ NYL","1Q","NYL","1Q NYL",2026-05-25 19:51:16.221846,"dk",0.5833,-140,-0.0524,-0.0629,-3.1442,0.5309,-113,-2.04168831168831
2026-05-25,"PDX @ NYL","1Q","NYL","1Q NYL",2026-05-25 19:51:16.221846,"fd",0.6154,-160,-0.0742,-0.0965,-4.8239,0.5412,-118,-3.1324025974026
2026-05-25,"CON @ GSV","1Q","CON","1Q CON",2026-05-25 19:51:16.221846,"dk",0.5455,-120,-0.0628,-0.069,-3.4523,0.4827,107,-2.24175324675325
2026-05-25,"CON @ GSV","1Q","CON","1Q CON",2026-05-25 19:51:16.221846,"fd",0.6154,-160,-0.1393,-0.1811,-9.0525,0.4761,110,-5.87824675324675
2026-05-25,"PDX @ NYL","1Q","PDX","1Q PDX",2026-05-25 19:51:16.221846,"dk",0.5,100,-0.0309,-0.0309,-1.5465,0.4691,113,-1.00422077922078
2026-05-25,"PDX @ NYL","1Q","PDX","1Q PDX",2026-05-25 19:51:16.221846,"fd",0.4505,122,0.0084,0.0076,0.3812,0.4588,118,0.247532467532468
2026-05-25,"CON @ GSV","1Q","GSV","1Q GSV",2026-05-25 19:51:16.221846,"dk",0.5238,-110,-0.0065,-0.0068,-0.341,0.5173,-107,-0.221428571428571
2026-05-25,"CON @ GSV","1Q","GSV","1Q GSV",2026-05-25 19:51:16.221846,"fd",0.4505,122,0.0734,0.0668,3.3407,0.5239,-110,2.16928571428571
2026-05-25,"PDX @ NYL","1Q","NYL","1Q NYL",2026-05-25 20:21:16.487883,"dk",0.5833,-140,-0.0524,-0.0629,-3.1442,0.5309,-113,-2.04168831168831
2026-05-25,"PDX @ NYL","1Q","NYL","1Q NYL",2026-05-25 20:21:16.487883,"fd",0.6154,-160,-0.0742,-0.0965,-4.8239,0.5412,-118,-3.1324025974026
2026-05-25,"CON @ GSV","1Q","CON","1Q CON",2026-05-25 20:21:16.487883,"dk",0.5455,-120,-0.0628,-0.069,-3.4523,0.4827,107,-2.24175324675325
2026-05-25,"CON @ GSV","1Q","CON","1Q CON",2026-05-25 20:21:16.487883,"fd",0.6154,-160,-0.1393,-0.1811,-9.0525,0.4761,110,-5.87824675324675
2026-05-25,"PDX @ NYL","1Q","PDX","1Q PDX",2026-05-25 20:21:16.487883,"dk",0.5,100,-0.0309,-0.0309,-1.5465,0.4691,113,-1.00422077922078
2026-05-25,"PDX @ NYL","1Q","PDX","1Q PDX",2026-05-25 20:21:16.487883,"fd",0.4505,122,0.0084,0.0076,0.3812,0.4588,118,0.247532467532468
2026-05-25,"CON @ GSV","1Q","GSV","1Q GSV",2026-05-25 20:21:16.487883,"dk",0.5238,-110,-0.0065,-0.0068,-0.341,0.5173,-107,-0.221428571428571
2026-05-25,"CON @ GSV","1Q","GSV","1Q GSV",2026-05-25 20:21:16.487883,"fd",0.4505,122,0.0734,0.0668,3.3407,0.5239,-110,2.16928571428571
2026-05-25,"PDX @ NYL","1Q","NYL","1Q NYL",2026-05-25 20:51:17.819612,"dk",0.5833,-140,-0.0524,-0.0629,-3.1442,0.5309,-113,-2.04168831168831
2026-05-25,"PDX @ NYL","1Q","NYL","1Q NYL",2026-05-25 20:51:17.819612,"fd",0.6154,-160,-0.0742,-0.0965,-4.8239,0.5412,-118,-3.1324025974026
2026-05-25,"CON @ GSV","1Q","CON","1Q CON",2026-05-25 20:51:17.819612,"dk",0.5455,-120,-0.0628,-0.069,-3.4523,0.4827,107,-2.24175324675325
2026-05-25,"CON @ GSV","1Q","CON","1Q CON",2026-05-25 20:51:17.819612,"fd",0.6154,-160,-0.1393,-0.1811,-9.0525,0.4761,110,-5.87824675324675
2026-05-25,"PDX @ NYL","1Q","PDX","1Q PDX",2026-05-25 20:51:17.819612,"dk",0.5,100,-0.0309,-0.0309,-1.5465,0.4691,113,-1.00422077922078
2026-05-25,"PDX @ NYL","1Q","PDX","1Q PDX",2026-05-25 20:51:17.819612,"fd",0.4505,122,0.0084,0.0076,0.3812,0.4588,118,0.247532467532468
2026-05-25,"CON @ GSV","1Q","GSV","1Q GSV",2026-05-25 20:51:17.819612,"dk",0.5238,-110,-0.0065,-0.0068,-0.341,0.5173,-107,-0.221428571428571
2026-05-25,"CON @ GSV","1Q","GSV","1Q GSV",2026-05-25 20:51:17.819612,"fd",0.4505,122,0.0734,0.0668,3.3407,0.5239,-110,2.16928571428571
2026-05-25,"PDX @ NYL","1Q","NYL","1Q NYL",2026-05-25 21:21:16.441688,"dk",0.5833,-140,-0.0524,-0.0629,-3.1442,0.5309,-113,-2.04168831168831
2026-05-25,"PDX @ NYL","1Q","NYL","1Q NYL",2026-05-25 21:21:16.441688,"fd",0.6094,-156,-0.0682,-0.0873,-4.3651,0.5412,-118,-2.83448051948052
2026-05-25,"CON @ GSV","1Q","CON","1Q CON",2026-05-25 21:21:16.441688,"dk",0.5455,-120,-0.0628,-0.069,-3.4523,0.4827,107,-2.24175324675325
2026-05-25,"CON @ GSV","1Q","CON","1Q CON",2026-05-25 21:21:16.441688,"fd",0.6154,-160,-0.1393,-0.1811,-9.0525,0.4761,110,-5.87824675324675
2026-05-25,"PDX @ NYL","1Q","PDX","1Q PDX",2026-05-25 21:21:16.441688,"dk",0.5,100,-0.0309,-0.0309,-1.5465,0.4691,113,-1.00422077922078
2026-05-25,"PDX @ NYL","1Q","PDX","1Q PDX",2026-05-25 21:21:16.441688,"fd",0.4545,120,0.0043,0.0039,0.1963,0.4588,118,0.127467532467532
2026-05-25,"CON @ GSV","1Q","GSV","1Q GSV",2026-05-25 21:21:16.441688,"dk",0.5238,-110,-0.0065,-0.0068,-0.341,0.5173,-107,-0.221428571428571
2026-05-25,"CON @ GSV","1Q","GSV","1Q GSV",2026-05-25 21:21:16.441688,"fd",0.4505,122,0.0734,0.0668,3.3407,0.5239,-110,2.16928571428571
2026-05-25,"PDX @ NYL","1Q","NYL","1Q NYL",2026-05-25 21:51:17.866166,"dk",0.5833,-140,-0.0524,-0.0629,-3.1442,0.5309,-113,-2.04168831168831
2026-05-25,"PDX @ NYL","1Q","NYL","1Q NYL",2026-05-25 21:51:17.866166,"fd",0.6094,-156,-0.0682,-0.0873,-4.3651,0.5412,-118,-2.83448051948052
2026-05-25,"CON @ GSV","1Q","CON","1Q CON",2026-05-25 21:51:17.866166,"dk",0.5455,-120,-0.0628,-0.069,-3.4523,0.4827,107,-2.24175324675325
2026-05-25,"CON @ GSV","1Q","CON","1Q CON",2026-05-25 21:51:17.866166,"fd",0.6154,-160,-0.1393,-0.1811,-9.0525,0.4761,110,-5.87824675324675
2026-05-25,"PDX @ NYL","1Q","PDX","1Q PDX",2026-05-25 21:51:17.866166,"dk",0.5,100,-0.0309,-0.0309,-1.5465,0.4691,113,-1.00422077922078
2026-05-25,"PDX @ NYL","1Q","PDX","1Q PDX",2026-05-25 21:51:17.866166,"fd",0.4545,120,0.0043,0.0039,0.1963,0.4588,118,0.127467532467532
2026-05-25,"CON @ GSV","1Q","GSV","1Q GSV",2026-05-25 21:51:17.866166,"dk",0.5238,-110,-0.0065,-0.0068,-0.341,0.5173,-107,-0.221428571428571
2026-05-25,"CON @ GSV","1Q","GSV","1Q GSV",2026-05-25 21:51:17.866166,"fd",0.4505,122,0.0734,0.0668,3.3407,0.5239,-110,2.16928571428571
2026-05-25,"PDX @ NYL","1Q","NYL","1Q NYL",2026-05-25 22:21:17.128861,"dk",0.5833,-140,-0.0524,-0.0629,-3.1442,0.5309,-113,-2.04168831168831
2026-05-25,"PDX @ NYL","1Q","NYL","1Q NYL",2026-05-25 22:21:17.128861,"fd",0.6094,-156,-0.0682,-0.0873,-4.3651,0.5412,-118,-2.83448051948052
2026-05-25,"CON @ GSV","1Q","CON","1Q CON",2026-05-25 22:21:17.128861,"dk",0.5455,-120,-0.0628,-0.069,-3.4523,0.4827,107,-2.24175324675325
2026-05-25,"CON @ GSV","1Q","CON","1Q CON",2026-05-25 22:21:17.128861,"fd",0.6154,-160,-0.1393,-0.1811,-9.0525,0.4761,110,-5.87824675324675
2026-05-25,"PDX @ NYL","1Q","PDX","1Q PDX",2026-05-25 22:21:17.128861,"dk",0.5,100,-0.0309,-0.0309,-1.5465,0.4691,113,-1.00422077922078
2026-05-25,"PDX @ NYL","1Q","PDX","1Q PDX",2026-05-25 22:21:17.128861,"fd",0.4545,120,0.0043,0.0039,0.1963,0.4588,118,0.127467532467532
2026-05-25,"CON @ GSV","1Q","GSV","1Q GSV",2026-05-25 22:21:17.128861,"dk",0.5238,-110,-0.0065,-0.0068,-0.341,0.5173,-107,-0.221428571428571
2026-05-25,"CON @ GSV","1Q","GSV","1Q GSV",2026-05-25 22:21:17.128861,"fd",0.4505,122,0.0734,0.0668,3.3407,0.5239,-110,2.16928571428571
2026-05-25,"PDX @ NYL","1Q","NYL","1Q NYL",2026-05-25 22:51:17.816782,"dk",0.5833,-140,-0.0524,-0.0629,-3.1442,0.5309,-113,-2.04168831168831
2026-05-25,"PDX @ NYL","1Q","NYL","1Q NYL",2026-05-25 22:51:17.816782,"fd",0.6094,-156,-0.0682,-0.0873,-4.3651,0.5412,-118,-2.83448051948052
2026-05-25,"CON @ GSV","1Q","CON","1Q CON",2026-05-25 22:51:17.816782,"dk",0.5455,-120,-0.0628,-0.069,-3.4523,0.4827,107,-2.24175324675325
2026-05-25,"CON @ GSV","1Q","CON","1Q CON",2026-05-25 22:51:17.816782,"fd",0.6154,-160,-0.1393,-0.1811,-9.0525,0.4761,110,-5.87824675324675
2026-05-25,"PDX @ NYL","1Q","PDX","1Q PDX",2026-05-25 22:51:17.816782,"dk",0.5,100,-0.0309,-0.0309,-1.5465,0.4691,113,-1.00422077922078
2026-05-25,"PDX @ NYL","1Q","PDX","1Q PDX",2026-05-25 22:51:17.816782,"fd",0.4545,120,0.0043,0.0039,0.1963,0.4588,118,0.127467532467532
2026-05-25,"CON @ GSV","1Q","GSV","1Q GSV",2026-05-25 22:51:17.816782,"dk",0.5238,-110,-0.0065,-0.0068,-0.341,0.5173,-107,-0.221428571428571
2026-05-25,"CON @ GSV","1Q","GSV","1Q GSV",2026-05-25 22:51:17.816782,"fd",0.4505,122,0.0734,0.0668,3.3407,0.5239,-110,2.16928571428571
2026-05-25,"PDX @ NYL","1Q","NYL","1Q NYL",2026-05-25 23:21:16.194461,"dk",0.5833,-140,-0.0513,-0.0616,-3.0789,0.532,-114,-1.99928571428571
2026-05-25,"PDX @ NYL","1Q","NYL","1Q NYL",2026-05-25 23:21:16.194461,"fd",0.6094,-156,-0.0672,-0.0861,-4.3034,0.5421,-118,-2.79441558441558
2026-05-25,"CON @ GSV","1Q","CON","1Q CON",2026-05-25 23:21:16.194461,"dk",0.5455,-120,-0.0628,-0.069,-3.4523,0.4827,107,-2.24175324675325
2026-05-25,"CON @ GSV","1Q","CON","1Q CON",2026-05-25 23:21:16.194461,"fd",0.6154,-160,-0.1393,-0.1811,-9.0525,0.4761,110,-5.87824675324675
2026-05-25,"PDX @ NYL","1Q","PDX","1Q PDX",2026-05-25 23:21:16.194461,"dk",0.5,100,-0.032,-0.032,-1.6009,0.468,114,-1.03954545454545
2026-05-25,"PDX @ NYL","1Q","PDX","1Q PDX",2026-05-25 23:21:16.194461,"fd",0.4545,120,0.0033,0.003,0.1521,0.4579,118,0.0987662337662338
2026-05-25,"CON @ GSV","1Q","GSV","1Q GSV",2026-05-25 23:21:16.194461,"dk",0.5238,-110,-0.0065,-0.0068,-0.341,0.5173,-107,-0.221428571428571
2026-05-25,"CON @ GSV","1Q","GSV","1Q GSV",2026-05-25 23:21:16.194461,"fd",0.4505,122,0.0734,0.0668,3.3407,0.5239,-110,2.16928571428571
2026-05-25,"PDX @ NYL","1Q","NYL","1Q NYL",2026-05-25 23:51:16.891538,"dk",0.5833,-140,-0.0513,-0.0616,-3.0789,0.532,-114,-1.99928571428571
2026-05-25,"PDX @ NYL","1Q","NYL","1Q NYL",2026-05-25 23:51:16.891538,"fd",0.6094,-156,-0.0672,-0.0861,-4.3034,0.5421,-118,-2.79441558441558
2026-05-25,"CON @ GSV","1Q","CON","1Q CON",2026-05-25 23:51:16.891538,"dk",0.5455,-120,-0.0628,-0.069,-3.4523,0.4827,107,-2.24175324675325
2026-05-25,"CON @ GSV","1Q","CON","1Q CON",2026-05-25 23:51:16.891538,"fd",0.6063,-154,-0.1302,-0.1653,-8.2667,0.4761,110,-5.36798701298701
2026-05-25,"PDX @ NYL","1Q","PDX","1Q PDX",2026-05-25 23:51:16.891538,"dk",0.5,100,-0.032,-0.032,-1.6009,0.468,114,-1.03954545454545
2026-05-25,"PDX @ NYL","1Q","PDX","1Q PDX",2026-05-25 23:51:16.891538,"fd",0.4545,120,0.0033,0.003,0.1521,0.4579,118,0.0987662337662338
2026-05-25,"CON @ GSV","1Q","GSV","1Q GSV",2026-05-25 23:51:16.891538,"dk",0.5238,-110,-0.0065,-0.0068,-0.341,0.5173,-107,-0.221428571428571
2026-05-25,"CON @ GSV","1Q","GSV","1Q GSV",2026-05-25 23:51:16.891538,"fd",0.4587,118,0.0652,0.0602,3.0099,0.5239,-110,1.95448051948052
2026-05-27,"PHX @ NYL","1Q","NYL","1Q NYL",2026-05-27 12:21:39.772199,"fd",0.5745,-135,-0.0763,-0.0897,-4.4825,0.4982,101,-2.91071428571429
2026-05-27,"WAS @ SEA","1Q","WAS","1Q WAS",2026-05-27 12:21:39.772199,"fd",0.5833,-140,-0.0385,-0.0462,-2.308,0.5449,-120,-1.4987012987013
2026-05-27,"CON @ PDX","1Q","CON","1Q CON",2026-05-27 12:21:39.772199,"fd",0.5455,-120,-0.0493,-0.0542,-2.7109,0.4962,102,-1.76032467532468
2026-05-27,"ATL @ MIN","1Q","MIN","1Q MIN",2026-05-27 12:21:39.772199,"fd",0.5238,-110,-0.048,-0.0504,-2.5197,0.4758,110,-1.63616883116883
2026-05-27,"TOR @ CHI","1Q","CHI","1Q CHI",2026-05-27 12:21:39.772199,"fd",0.6403,-178,-0.1043,-0.1449,-7.2462,0.536,-116,-4.70532467532468
2026-05-27,"PHX @ NYL","1Q","PHX","1Q PHX",2026-05-27 12:21:39.772199,"fd",0.4902,104,0.0116,0.0114,0.5705,0.5018,-101,0.370454545454545
2026-05-27,"CON @ PDX","1Q","PDX","1Q PDX",2026-05-27 12:21:39.772199,"fd",0.5192,-108,-0.0154,-0.016,-0.8006,0.5038,-102,-0.51987012987013
2026-05-27,"WAS @ SEA","1Q","SEA","1Q SEA",2026-05-27 12:21:39.772199,"fd",0.4808,108,-0.0256,-0.0247,-1.2343,0.4551,120,-0.801493506493506
2026-05-27,"ATL @ MIN","1Q","ATL","1Q ATL",2026-05-27 12:21:39.772199,"fd",0.5413,-118,-0.0171,-0.0186,-0.932,0.5242,-110,-0.605194805194805
2026-05-27,"TOR @ CHI","1Q","TOR","1Q TOR",2026-05-27 12:21:39.772199,"fd",0.4237,136,0.0402,0.0349,1.7459,0.464,116,1.1337012987013
2026-05-27,"PHX @ NYL","1Q","NYL","1Q NYL",2026-05-27 12:54:27.531739,"fd",0.5745,-135,-0.0763,-0.0897,-4.4825,0.4982,101,-2.91071428571429
2026-05-27,"WAS @ SEA","1Q","WAS","1Q WAS",2026-05-27 12:54:27.531739,"fd",0.5833,-140,-0.0385,-0.0462,-2.308,0.5449,-120,-1.4987012987013
2026-05-27,"CON @ PDX","1Q","CON","1Q CON",2026-05-27 12:54:27.531739,"fd",0.5455,-120,-0.0493,-0.0542,-2.7109,0.4962,102,-1.76032467532468
2026-05-27,"ATL @ MIN","1Q","MIN","1Q MIN",2026-05-27 12:54:27.531739,"fd",0.5238,-110,-0.0488,-0.0512,-2.5601,0.475,111,-1.6624025974026
2026-05-27,"TOR @ CHI","1Q","CHI","1Q CHI",2026-05-27 12:54:27.531739,"fd",0.6403,-178,-0.1043,-0.1449,-7.2462,0.536,-116,-4.70532467532468
2026-05-27,"PHX @ NYL","1Q","PHX","1Q PHX",2026-05-27 12:54:27.531739,"fd",0.4902,104,0.0116,0.0114,0.5705,0.5018,-101,0.370454545454545
2026-05-27,"CON @ PDX","1Q","PDX","1Q PDX",2026-05-27 12:54:27.531739,"fd",0.5192,-108,-0.0154,-0.016,-0.8006,0.5038,-102,-0.51987012987013
2026-05-27,"WAS @ SEA","1Q","SEA","1Q SEA",2026-05-27 12:54:27.531739,"fd",0.4808,108,-0.0256,-0.0247,-1.2343,0.4551,120,-0.801493506493506
2026-05-27,"ATL @ MIN","1Q","ATL","1Q ATL",2026-05-27 12:54:27.531739,"fd",0.5413,-118,-0.0163,-0.0178,-0.89,0.525,-111,-0.577922077922078
2026-05-27,"TOR @ CHI","1Q","TOR","1Q TOR",2026-05-27 12:54:27.531739,"fd",0.4237,136,0.0402,0.0349,1.7459,0.464,116,1.1337012987013
2026-05-27,"PHX @ NYL","1Q","NYL","1Q NYL",2026-05-27 13:21:23.577636,"fd",0.5745,-135,-0.0763,-0.0897,-4.4825,0.4982,101,-2.91071428571429
2026-05-27,"WAS @ SEA","1Q","WAS","1Q WAS",2026-05-27 13:21:23.577636,"fd",0.5833,-140,-0.0385,-0.0462,-2.308,0.5449,-120,-1.4987012987013
2026-05-27,"CON @ PDX","1Q","CON","1Q CON",2026-05-27 13:21:23.577636,"fd",0.5455,-120,-0.0493,-0.0542,-2.7109,0.4962,102,-1.76032467532468
2026-05-27,"ATL @ MIN","1Q","MIN","1Q MIN",2026-05-27 13:21:23.577636,"fd",0.5238,-110,-0.048,-0.0504,-2.5197,0.4758,110,-1.63616883116883
2026-05-27,"TOR @ CHI","1Q","CHI","1Q CHI",2026-05-27 13:21:23.577636,"fd",0.6403,-178,-0.1043,-0.1449,-7.2462,0.536,-116,-4.70532467532468
2026-05-27,"PHX @ NYL","1Q","PHX","1Q PHX",2026-05-27 13:21:23.577636,"fd",0.4902,104,0.0116,0.0114,0.5705,0.5018,-101,0.370454545454545
2026-05-27,"CON @ PDX","1Q","PDX","1Q PDX",2026-05-27 13:21:23.577636,"fd",0.5192,-108,-0.0154,-0.016,-0.8006,0.5038,-102,-0.51987012987013
2026-05-27,"WAS @ SEA","1Q","SEA","1Q SEA",2026-05-27 13:21:23.577636,"fd",0.4808,108,-0.0256,-0.0247,-1.2343,0.4551,120,-0.801493506493506
2026-05-27,"ATL @ MIN","1Q","ATL","1Q ATL",2026-05-27 13:21:23.577636,"fd",0.5413,-118,-0.0171,-0.0186,-0.932,0.5242,-110,-0.605194805194805
2026-05-27,"TOR @ CHI","1Q","TOR","1Q TOR",2026-05-27 13:21:23.577636,"fd",0.4237,136,0.0402,0.0349,1.7459,0.464,116,1.1337012987013
2026-05-27,"PHX @ NYL","1Q","NYL","1Q NYL",2026-05-27 13:51:23.876364,"dk",0.5833,-140,-0.0896,-0.1075,-5.3746,0.4938,103,-3.49
2026-05-27,"PHX @ NYL","1Q","NYL","1Q NYL",2026-05-27 13:51:23.876364,"fd",0.5745,-135,-0.0763,-0.0897,-4.4825,0.4982,101,-2.91071428571429
2026-05-27,"WAS @ SEA","1Q","WAS","1Q WAS",2026-05-27 13:51:23.876364,"fd",0.5833,-140,-0.0385,-0.0462,-2.308,0.5449,-120,-1.4987012987013
2026-05-27,"CON @ PDX","1Q","CON","1Q CON",2026-05-27 13:51:23.876364,"fd",0.5413,-118,-0.0451,-0.0492,-2.459,0.4962,102,-1.59675324675325
2026-05-27,"ATL @ MIN","1Q","MIN","1Q MIN",2026-05-27 13:51:23.876364,"dk",0.4545,120,0.0309,0.0283,1.4154,0.4854,106,0.919090909090909
2026-05-27,"ATL @ MIN","1Q","MIN","1Q MIN",2026-05-27 13:51:23.876364,"fd",0.5238,-110,-0.0488,-0.0512,-2.5601,0.475,111,-1.6624025974026
2026-05-27,"TOR @ CHI","1Q","CHI","1Q CHI",2026-05-27 13:51:23.876364,"dk",0.6226,-165,-0.1008,-0.1336,-6.6789,0.5218,-109,-4.33694805194805
2026-05-27,"TOR @ CHI","1Q","CHI","1Q CHI",2026-05-27 13:51:23.876364,"fd",0.6403,-178,-0.1043,-0.1449,-7.2462,0.536,-116,-4.70532467532468
2026-05-27,"PHX @ NYL","1Q","PHX","1Q PHX",2026-05-27 13:51:23.876364,"dk",0.4878,105,0.0184,0.018,0.9,0.5062,-103,0.584415584415584
2026-05-27,"PHX @ NYL","1Q","PHX","1Q PHX",2026-05-27 13:51:23.876364,"fd",0.4902,104,0.0116,0.0114,0.5705,0.5018,-101,0.370454545454545
2026-05-27,"CON @ PDX","1Q","PDX","1Q PDX",2026-05-27 13:51:23.876364,"fd",0.5238,-110,-0.02,-0.021,-1.0487,0.5038,-102,-0.680974025974026
2026-05-27,"WAS @ SEA","1Q","SEA","1Q SEA",2026-05-27 13:51:23.876364,"fd",0.4808,108,-0.0256,-0.0247,-1.2343,0.4551,120,-0.801493506493506
2026-05-27,"ATL @ MIN","1Q","ATL","1Q ATL",2026-05-27 13:51:23.876364,"dk",0.6154,-160,-0.1008,-0.1311,-6.5528,0.5146,-106,-4.25506493506494
2026-05-27,"ATL @ MIN","1Q","ATL","1Q ATL",2026-05-27 13:51:23.876364,"fd",0.5455,-120,-0.0205,-0.0225,-1.1275,0.525,-111,-0.732142857142857
2026-05-27,"TOR @ CHI","1Q","TOR","1Q TOR",2026-05-27 13:51:23.876364,"dk",0.4545,120,0.0236,0.0217,1.0829,0.4782,109,0.703181818181818
2026-05-27,"TOR @ CHI","1Q","TOR","1Q TOR",2026-05-27 13:51:23.876364,"fd",0.4237,136,0.0402,0.0349,1.7459,0.464,116,1.1337012987013
2026-05-27,"PHX @ NYL","1Q","NYL","1Q NYL",2026-05-27 14:21:23.196715,"dk",0.5833,-140,-0.0896,-0.1075,-5.3746,0.4938,103,-3.49
2026-05-27,"PHX @ NYL","1Q","NYL","1Q NYL",2026-05-27 14:21:23.196715,"fd",0.5745,-135,-0.0763,-0.0897,-4.4825,0.4982,101,-2.91071428571429
2026-05-27,"WAS @ SEA","1Q","WAS","1Q WAS",2026-05-27 14:21:23.196715,"fd",0.5833,-140,-0.0385,-0.0462,-2.308,0.5449,-120,-1.4987012987013
2026-05-27,"CON @ PDX","1Q","CON","1Q CON",2026-05-27 14:21:23.196715,"fd",0.5413,-118,-0.0451,-0.0492,-2.459,0.4962,102,-1.59675324675325
2026-05-27,"ATL @ MIN","1Q","MIN","1Q MIN",2026-05-27 14:21:23.196715,"dk",0.4545,120,0.0309,0.0283,1.4154,0.4854,106,0.919090909090909
2026-05-27,"ATL @ MIN","1Q","MIN","1Q MIN",2026-05-27 14:21:23.196715,"fd",0.5238,-110,-0.0488,-0.0512,-2.5601,0.475,111,-1.6624025974026
2026-05-27,"TOR @ CHI","1Q","CHI","1Q CHI",2026-05-27 14:21:23.196715,"dk",0.6226,-165,-0.1008,-0.1336,-6.6789,0.5218,-109,-4.33694805194805
2026-05-27,"TOR @ CHI","1Q","CHI","1Q CHI",2026-05-27 14:21:23.196715,"fd",0.6403,-178,-0.1043,-0.1449,-7.2462,0.536,-116,-4.70532467532468
2026-05-27,"PHX @ NYL","1Q","PHX","1Q PHX",2026-05-27 14:21:23.196715,"dk",0.4878,105,0.0184,0.018,0.9,0.5062,-103,0.584415584415584
2026-05-27,"PHX @ NYL","1Q","PHX","1Q PHX",2026-05-27 14:21:23.196715,"fd",0.4902,104,0.0116,0.0114,0.5705,0.5018,-101,0.370454545454545
2026-05-27,"CON @ PDX","1Q","PDX","1Q PDX",2026-05-27 14:21:23.196715,"fd",0.5238,-110,-0.02,-0.021,-1.0487,0.5038,-102,-0.680974025974026
2026-05-27,"WAS @ SEA","1Q","SEA","1Q SEA",2026-05-27 14:21:23.196715,"fd",0.4808,108,-0.0256,-0.0247,-1.2343,0.4551,120,-0.801493506493506
2026-05-27,"ATL @ MIN","1Q","ATL","1Q ATL",2026-05-27 14:21:23.196715,"dk",0.6154,-160,-0.1008,-0.1311,-6.5528,0.5146,-106,-4.25506493506494
2026-05-27,"ATL @ MIN","1Q","ATL","1Q ATL",2026-05-27 14:21:23.196715,"fd",0.5455,-120,-0.0205,-0.0225,-1.1275,0.525,-111,-0.732142857142857
2026-05-27,"TOR @ CHI","1Q","TOR","1Q TOR",2026-05-27 14:21:23.196715,"dk",0.4545,120,0.0236,0.0217,1.0829,0.4782,109,0.703181818181818
2026-05-27,"TOR @ CHI","1Q","TOR","1Q TOR",2026-05-27 14:21:23.196715,"fd",0.4237,136,0.0402,0.0349,1.7459,0.464,116,1.1337012987013
2026-05-27,"PHX @ NYL","1Q","NYL","1Q NYL",2026-05-27 14:51:23.259834,"dk",0.5833,-140,-0.0896,-0.1075,-5.3746,0.4938,103,-3.49
2026-05-27,"PHX @ NYL","1Q","NYL","1Q NYL",2026-05-27 14:51:23.259834,"fd",0.5745,-135,-0.0763,-0.0897,-4.4825,0.4982,101,-2.91071428571429
2026-05-27,"WAS @ SEA","1Q","WAS","1Q WAS",2026-05-27 14:51:23.259834,"dk",0.5833,-140,-0.0516,-0.0619,-3.0964,0.5317,-114,-2.01064935064935
2026-05-27,"WAS @ SEA","1Q","WAS","1Q WAS",2026-05-27 14:51:23.259834,"fd",0.5833,-140,-0.0385,-0.0462,-2.308,0.5449,-120,-1.4987012987013
2026-05-27,"CON @ PDX","1Q","CON","1Q CON",2026-05-27 14:51:23.259834,"dk",0.5556,-125,-0.0564,-0.0635,-3.1741,0.4991,100,-2.0611038961039
2026-05-27,"CON @ PDX","1Q","CON","1Q CON",2026-05-27 14:51:23.259834,"fd",0.5455,-120,-0.0493,-0.0542,-2.7109,0.4962,102,-1.76032467532468
2026-05-27,"ATL @ MIN","1Q","MIN","1Q MIN",2026-05-27 14:51:23.259834,"dk",0.4762,110,0.0092,0.0088,0.4409,0.4854,106,0.286298701298701
2026-05-27,"ATL @ MIN","1Q","MIN","1Q MIN",2026-05-27 14:51:23.259834,"fd",0.5192,-108,-0.0442,-0.046,-2.2976,0.475,111,-1.49194805194805
2026-05-27,"TOR @ CHI","1Q","CHI","1Q CHI",2026-05-27 14:51:23.259834,"dk",0.6226,-165,-0.1008,-0.1336,-6.6789,0.5218,-109,-4.33694805194805
2026-05-27,"TOR @ CHI","1Q","CHI","1Q CHI",2026-05-27 14:51:23.259834,"fd",0.6403,-178,-0.1043,-0.1449,-7.2462,0.536,-116,-4.70532467532468
2026-05-27,"PHX @ NYL","1Q","PHX","1Q PHX",2026-05-27 14:51:23.259834,"dk",0.4878,105,0.0184,0.018,0.9,0.5062,-103,0.584415584415584
2026-05-27,"PHX @ NYL","1Q","PHX","1Q PHX",2026-05-27 14:51:23.259834,"fd",0.4902,104,0.0116,0.0114,0.5705,0.5018,-101,0.370454545454545
2026-05-27,"CON @ PDX","1Q","PDX","1Q PDX",2026-05-27 14:51:23.259834,"dk",0.5238,-110,-0.0229,-0.0241,-1.2041,0.5009,-100,-0.781883116883117
2026-05-27,"CON @ PDX","1Q","PDX","1Q PDX",2026-05-27 14:51:23.259834,"fd",0.5238,-110,-0.02,-0.021,-1.0487,0.5038,-102,-0.680974025974026
2026-05-27,"WAS @ SEA","1Q","SEA","1Q SEA",2026-05-27 14:51:23.259834,"dk",0.4878,105,-0.0195,-0.0191,-0.9533,0.4683,114,-0.619025974025974
2026-05-27,"WAS @ SEA","1Q","SEA","1Q SEA",2026-05-27 14:51:23.259834,"fd",0.4808,108,-0.0256,-0.0247,-1.2343,0.4551,120,-0.801493506493506
2026-05-27,"ATL @ MIN","1Q","ATL","1Q ATL",2026-05-27 14:51:23.259834,"dk",0.5918,-145,-0.0773,-0.0946,-4.7325,0.5146,-106,-3.07305194805195
2026-05-27,"ATL @ MIN","1Q","ATL","1Q ATL",2026-05-27 14:51:23.259834,"fd",0.5455,-120,-0.0205,-0.0225,-1.1275,0.525,-111,-0.732142857142857
2026-05-27,"TOR @ CHI","1Q","TOR","1Q TOR",2026-05-27 14:51:23.259834,"dk",0.4545,120,0.0236,0.0217,1.0829,0.4782,109,0.703181818181818
2026-05-27,"TOR @ CHI","1Q","TOR","1Q TOR",2026-05-27 14:51:23.259834,"fd",0.4237,136,0.0402,0.0349,1.7459,0.464,116,1.1337012987013
2026-05-27,"PHX @ NYL","1Q","NYL","1Q NYL",2026-05-27 15:21:24.291354,"dk",0.5833,-140,-0.0897,-0.1076,-5.3794,0.4937,103,-3.49311688311688
2026-05-27,"PHX @ NYL","1Q","NYL","1Q NYL",2026-05-27 15:21:24.291354,"fd",0.569,-132,-0.0716,-0.083,-4.1509,0.4974,101,-2.69538961038961
2026-05-27,"WAS @ SEA","1Q","WAS","1Q WAS",2026-05-27 15:21:24.291354,"dk",0.5833,-140,-0.0516,-0.0619,-3.0964,0.5317,-114,-2.01064935064935
2026-05-27,"WAS @ SEA","1Q","WAS","1Q WAS",2026-05-27 15:21:24.291354,"fd",0.5833,-140,-0.0385,-0.0462,-2.308,0.5449,-120,-1.4987012987013
2026-05-27,"CON @ PDX","1Q","CON","1Q CON",2026-05-27 15:21:24.291354,"dk",0.5556,-125,-0.0564,-0.0635,-3.1741,0.4991,100,-2.0611038961039
2026-05-27,"CON @ PDX","1Q","CON","1Q CON",2026-05-27 15:21:24.291354,"fd",0.5455,-120,-0.0493,-0.0542,-2.7109,0.4962,102,-1.76032467532468
2026-05-27,"ATL @ MIN","1Q","MIN","1Q MIN",2026-05-27 15:21:24.291354,"dk",0.4762,110,0.0092,0.0088,0.4409,0.4854,106,0.286298701298701
2026-05-27,"ATL @ MIN","1Q","MIN","1Q MIN",2026-05-27 15:21:24.291354,"fd",0.5192,-108,-0.0442,-0.046,-2.2976,0.475,111,-1.49194805194805
2026-05-27,"TOR @ CHI","1Q","CHI","1Q CHI",2026-05-27 15:21:24.291354,"dk",0.6226,-165,-0.1008,-0.1336,-6.6789,0.5218,-109,-4.33694805194805
2026-05-27,"TOR @ CHI","1Q","CHI","1Q CHI",2026-05-27 15:21:24.291354,"fd",0.6403,-178,-0.1043,-0.1449,-7.2462,0.536,-116,-4.70532467532468
2026-05-27,"PHX @ NYL","1Q","PHX","1Q PHX",2026-05-27 15:21:24.291354,"dk",0.4878,105,0.0185,0.0181,0.9039,0.5063,-103,0.586948051948052
2026-05-27,"PHX @ NYL","1Q","PHX","1Q PHX",2026-05-27 15:21:24.291354,"fd",0.495,102,0.0076,0.0075,0.3739,0.5026,-101,0.242792207792208
2026-05-27,"CON @ PDX","1Q","PDX","1Q PDX",2026-05-27 15:21:24.291354,"dk",0.5238,-110,-0.0229,-0.0241,-1.2041,0.5009,-100,-0.781883116883117
2026-05-27,"CON @ PDX","1Q","PDX","1Q PDX",2026-05-27 15:21:24.291354,"fd",0.5238,-110,-0.02,-0.021,-1.0487,0.5038,-102,-0.680974025974026
2026-05-27,"WAS @ SEA","1Q","SEA","1Q SEA",2026-05-27 15:21:24.291354,"dk",0.4878,105,-0.0195,-0.0191,-0.9533,0.4683,114,-0.619025974025974
2026-05-27,"WAS @ SEA","1Q","SEA","1Q SEA",2026-05-27 15:21:24.291354,"fd",0.4808,108,-0.0256,-0.0247,-1.2343,0.4551,120,-0.801493506493506
2026-05-27,"ATL @ MIN","1Q","ATL","1Q ATL",2026-05-27 15:21:24.291354,"dk",0.5918,-145,-0.0773,-0.0946,-4.7325,0.5146,-106,-3.07305194805195
2026-05-27,"ATL @ MIN","1Q","ATL","1Q ATL",2026-05-27 15:21:24.291354,"fd",0.5455,-120,-0.0205,-0.0225,-1.1275,0.525,-111,-0.732142857142857
2026-05-27,"TOR @ CHI","1Q","TOR","1Q TOR",2026-05-27 15:21:24.291354,"dk",0.4545,120,0.0236,0.0217,1.0829,0.4782,109,0.703181818181818
2026-05-27,"TOR @ CHI","1Q","TOR","1Q TOR",2026-05-27 15:21:24.291354,"fd",0.4237,136,0.0402,0.0349,1.7459,0.464,116,1.1337012987013
2026-05-27,"PHX @ NYL","1Q","NYL","1Q NYL",2026-05-27 15:51:24.306472,"dk",0.5833,-140,-0.0897,-0.1076,-5.3794,0.4937,103,-3.49311688311688
2026-05-27,"PHX @ NYL","1Q","NYL","1Q NYL",2026-05-27 15:51:24.306472,"fd",0.569,-132,-0.0716,-0.083,-4.1509,0.4974,101,-2.69538961038961
2026-05-27,"WAS @ SEA","1Q","WAS","1Q WAS",2026-05-27 15:51:24.306472,"dk",0.5833,-140,-0.0516,-0.0619,-3.0964,0.5317,-114,-2.01064935064935
2026-05-27,"WAS @ SEA","1Q","WAS","1Q WAS",2026-05-27 15:51:24.306472,"fd",0.5833,-140,-0.0385,-0.0462,-2.308,0.5449,-120,-1.4987012987013
2026-05-27,"CON @ PDX","1Q","CON","1Q CON",2026-05-27 15:51:24.306472,"dk",0.5556,-125,-0.0564,-0.0635,-3.1741,0.4991,100,-2.0611038961039
2026-05-27,"CON @ PDX","1Q","CON","1Q CON",2026-05-27 15:51:24.306472,"fd",0.5455,-120,-0.0493,-0.0542,-2.7109,0.4962,102,-1.76032467532468
2026-05-27,"ATL @ MIN","1Q","MIN","1Q MIN",2026-05-27 15:51:24.306472,"dk",0.4762,110,0.0092,0.0088,0.4409,0.4854,106,0.286298701298701
2026-05-27,"ATL @ MIN","1Q","MIN","1Q MIN",2026-05-27 15:51:24.306472,"fd",0.5192,-108,-0.0442,-0.046,-2.2976,0.475,111,-1.49194805194805
2026-05-27,"TOR @ CHI","1Q","CHI","1Q CHI",2026-05-27 15:51:24.306472,"dk",0.6226,-165,-0.1008,-0.1336,-6.6789,0.5218,-109,-4.33694805194805
2026-05-27,"TOR @ CHI","1Q","CHI","1Q CHI",2026-05-27 15:51:24.306472,"fd",0.6403,-178,-0.1043,-0.1449,-7.2462,0.536,-116,-4.70532467532468
2026-05-27,"PHX @ NYL","1Q","PHX","1Q PHX",2026-05-27 15:51:24.306472,"dk",0.4878,105,0.0185,0.0181,0.9039,0.5063,-103,0.586948051948052
2026-05-27,"PHX @ NYL","1Q","PHX","1Q PHX",2026-05-27 15:51:24.306472,"fd",0.495,102,0.0076,0.0075,0.3739,0.5026,-101,0.242792207792208
2026-05-27,"CON @ PDX","1Q","PDX","1Q PDX",2026-05-27 15:51:24.306472,"dk",0.5238,-110,-0.0229,-0.0241,-1.2041,0.5009,-100,-0.781883116883117
2026-05-27,"CON @ PDX","1Q","PDX","1Q PDX",2026-05-27 15:51:24.306472,"fd",0.5238,-110,-0.02,-0.021,-1.0487,0.5038,-102,-0.680974025974026
2026-05-27,"WAS @ SEA","1Q","SEA","1Q SEA",2026-05-27 15:51:24.306472,"dk",0.4878,105,-0.0195,-0.0191,-0.9533,0.4683,114,-0.619025974025974
2026-05-27,"WAS @ SEA","1Q","SEA","1Q SEA",2026-05-27 15:51:24.306472,"fd",0.4808,108,-0.0256,-0.0247,-1.2343,0.4551,120,-0.801493506493506
2026-05-27,"ATL @ MIN","1Q","ATL","1Q ATL",2026-05-27 15:51:24.306472,"dk",0.5918,-145,-0.0773,-0.0946,-4.7325,0.5146,-106,-3.07305194805195
2026-05-27,"ATL @ MIN","1Q","ATL","1Q ATL",2026-05-27 15:51:24.306472,"fd",0.5455,-120,-0.0205,-0.0225,-1.1275,0.525,-111,-0.732142857142857
2026-05-27,"TOR @ CHI","1Q","TOR","1Q TOR",2026-05-27 15:51:24.306472,"dk",0.4545,120,0.0236,0.0217,1.0829,0.4782,109,0.703181818181818
2026-05-27,"TOR @ CHI","1Q","TOR","1Q TOR",2026-05-27 15:51:24.306472,"fd",0.4237,136,0.0402,0.0349,1.7459,0.464,116,1.1337012987013
2026-05-27,"PHX @ NYL","1Q","NYL","1Q NYL",2026-05-27 16:21:23.394865,"dk",0.5745,-135,-0.0809,-0.095,-4.7512,0.4936,103,-3.08519480519481
2026-05-27,"PHX @ NYL","1Q","NYL","1Q NYL",2026-05-27 16:21:23.394865,"fd",0.569,-132,-0.0723,-0.0839,-4.1957,0.4966,101,-2.72448051948052
2026-05-27,"WAS @ SEA","1Q","WAS","1Q WAS",2026-05-27 16:21:23.394865,"dk",0.5833,-140,-0.0516,-0.0619,-3.0964,0.5317,-114,-2.01064935064935
2026-05-27,"WAS @ SEA","1Q","WAS","1Q WAS",2026-05-27 16:21:23.394865,"fd",0.5833,-140,-0.0385,-0.0462,-2.308,0.5449,-120,-1.4987012987013
2026-05-27,"CON @ PDX","1Q","CON","1Q CON",2026-05-27 16:21:23.394865,"dk",0.5556,-125,-0.0564,-0.0635,-3.1741,0.4991,100,-2.0611038961039
2026-05-27,"CON @ PDX","1Q","CON","1Q CON",2026-05-27 16:21:23.394865,"fd",0.5455,-120,-0.0493,-0.0542,-2.7109,0.4962,102,-1.76032467532468
2026-05-27,"ATL @ MIN","1Q","MIN","1Q MIN",2026-05-27 16:21:23.394865,"dk",0.4762,110,0.0092,0.0088,0.4409,0.4854,106,0.286298701298701
2026-05-27,"ATL @ MIN","1Q","MIN","1Q MIN",2026-05-27 16:21:23.394865,"fd",0.5192,-108,-0.0442,-0.046,-2.2976,0.475,111,-1.49194805194805
2026-05-27,"TOR @ CHI","1Q","CHI","1Q CHI",2026-05-27 16:21:23.394865,"dk",0.6226,-165,-0.1008,-0.1336,-6.6789,0.5218,-109,-4.33694805194805
2026-05-27,"TOR @ CHI","1Q","CHI","1Q CHI",2026-05-27 16:21:23.394865,"fd",0.6403,-178,-0.1043,-0.1449,-7.2462,0.536,-116,-4.70532467532468
2026-05-27,"PHX @ NYL","1Q","PHX","1Q PHX",2026-05-27 16:21:23.394865,"dk",0.5,100,0.0064,0.0064,0.3202,0.5064,-103,0.207922077922078
2026-05-27,"PHX @ NYL","1Q","PHX","1Q PHX",2026-05-27 16:21:23.394865,"fd",0.495,102,0.0083,0.0082,0.4122,0.5034,-101,0.267662337662338
2026-05-27,"CON @ PDX","1Q","PDX","1Q PDX",2026-05-27 16:21:23.394865,"dk",0.5238,-110,-0.0229,-0.0241,-1.2041,0.5009,-100,-0.781883116883117
2026-05-27,"CON @ PDX","1Q","PDX","1Q PDX",2026-05-27 16:21:23.394865,"fd",0.5238,-110,-0.02,-0.021,-1.0487,0.5038,-102,-0.680974025974026
2026-05-27,"WAS @ SEA","1Q","SEA","1Q SEA",2026-05-27 16:21:23.394865,"dk",0.4878,105,-0.0195,-0.0191,-0.9533,0.4683,114,-0.619025974025974
2026-05-27,"WAS @ SEA","1Q","SEA","1Q SEA",2026-05-27 16:21:23.394865,"fd",0.4808,108,-0.0256,-0.0247,-1.2343,0.4551,120,-0.801493506493506
2026-05-27,"ATL @ MIN","1Q","ATL","1Q ATL",2026-05-27 16:21:23.394865,"dk",0.5918,-145,-0.0773,-0.0946,-4.7325,0.5146,-106,-3.07305194805195
2026-05-27,"ATL @ MIN","1Q","ATL","1Q ATL",2026-05-27 16:21:23.394865,"fd",0.5455,-120,-0.0205,-0.0225,-1.1275,0.525,-111,-0.732142857142857
2026-05-27,"TOR @ CHI","1Q","TOR","1Q TOR",2026-05-27 16:21:23.394865,"dk",0.4545,120,0.0236,0.0217,1.0829,0.4782,109,0.703181818181818
2026-05-27,"TOR @ CHI","1Q","TOR","1Q TOR",2026-05-27 16:21:23.394865,"fd",0.4237,136,0.0402,0.0349,1.7459,0.464,116,1.1337012987013
2026-05-27,"PHX @ NYL","1Q","NYL","1Q NYL",2026-05-27 16:51:23.150719,"dk",0.5745,-135,-0.0809,-0.095,-4.7512,0.4936,103,-3.08519480519481
2026-05-27,"PHX @ NYL","1Q","NYL","1Q NYL",2026-05-27 16:51:23.150719,"fd",0.569,-132,-0.0723,-0.0839,-4.1957,0.4966,101,-2.72448051948052
2026-05-27,"WAS @ SEA","1Q","WAS","1Q WAS",2026-05-27 16:51:23.150719,"dk",0.5833,-140,-0.0516,-0.0619,-3.0964,0.5317,-114,-2.01064935064935
2026-05-27,"WAS @ SEA","1Q","WAS","1Q WAS",2026-05-27 16:51:23.150719,"fd",0.5833,-140,-0.0385,-0.0462,-2.308,0.5449,-120,-1.4987012987013
2026-05-27,"CON @ PDX","1Q","CON","1Q CON",2026-05-27 16:51:23.150719,"dk",0.5556,-125,-0.0564,-0.0635,-3.1741,0.4991,100,-2.0611038961039
2026-05-27,"CON @ PDX","1Q","CON","1Q CON",2026-05-27 16:51:23.150719,"fd",0.5455,-120,-0.0493,-0.0542,-2.7109,0.4962,102,-1.76032467532468
2026-05-27,"ATL @ MIN","1Q","MIN","1Q MIN",2026-05-27 16:51:23.150719,"dk",0.4762,110,0.0092,0.0088,0.4409,0.4854,106,0.286298701298701
2026-05-27,"ATL @ MIN","1Q","MIN","1Q MIN",2026-05-27 16:51:23.150719,"fd",0.5192,-108,-0.0442,-0.046,-2.2976,0.475,111,-1.49194805194805
2026-05-27,"TOR @ CHI","1Q","CHI","1Q CHI",2026-05-27 16:51:23.150719,"dk",0.6226,-165,-0.1008,-0.1336,-6.6789,0.5218,-109,-4.33694805194805
2026-05-27,"TOR @ CHI","1Q","CHI","1Q CHI",2026-05-27 16:51:23.150719,"fd",0.6403,-178,-0.1043,-0.1449,-7.2462,0.536,-116,-4.70532467532468
2026-05-27,"PHX @ NYL","1Q","PHX","1Q PHX",2026-05-27 16:51:23.150719,"dk",0.5,100,0.0064,0.0064,0.3202,0.5064,-103,0.207922077922078
2026-05-27,"PHX @ NYL","1Q","PHX","1Q PHX",2026-05-27 16:51:23.150719,"fd",0.495,102,0.0083,0.0082,0.4122,0.5034,-101,0.267662337662338
2026-05-27,"CON @ PDX","1Q","PDX","1Q PDX",2026-05-27 16:51:23.150719,"dk",0.5238,-110,-0.0229,-0.0241,-1.2041,0.5009,-100,-0.781883116883117
2026-05-27,"CON @ PDX","1Q","PDX","1Q PDX",2026-05-27 16:51:23.150719,"fd",0.5238,-110,-0.02,-0.021,-1.0487,0.5038,-102,-0.680974025974026
2026-05-27,"WAS @ SEA","1Q","SEA","1Q SEA",2026-05-27 16:51:23.150719,"dk",0.4878,105,-0.0195,-0.0191,-0.9533,0.4683,114,-0.619025974025974
2026-05-27,"WAS @ SEA","1Q","SEA","1Q SEA",2026-05-27 16:51:23.150719,"fd",0.4808,108,-0.0256,-0.0247,-1.2343,0.4551,120,-0.801493506493506
2026-05-27,"ATL @ MIN","1Q","ATL","1Q ATL",2026-05-27 16:51:23.150719,"dk",0.5918,-145,-0.0773,-0.0946,-4.7325,0.5146,-106,-3.07305194805195
2026-05-27,"ATL @ MIN","1Q","ATL","1Q ATL",2026-05-27 16:51:23.150719,"fd",0.5455,-120,-0.0205,-0.0225,-1.1275,0.525,-111,-0.732142857142857
2026-05-27,"TOR @ CHI","1Q","TOR","1Q TOR",2026-05-27 16:51:23.150719,"dk",0.4545,120,0.0236,0.0217,1.0829,0.4782,109,0.703181818181818
2026-05-27,"TOR @ CHI","1Q","TOR","1Q TOR",2026-05-27 16:51:23.150719,"fd",0.4237,136,0.0402,0.0349,1.7459,0.464,116,1.1337012987013
2026-05-27,"PHX @ NYL","1Q","NYL","1Q NYL",2026-05-27 17:21:22.405165,"dk",0.5833,-140,-0.0917,-0.11,-5.5003,0.4917,103,-3.57162337662338
2026-05-27,"PHX @ NYL","1Q","NYL","1Q NYL",2026-05-27 17:21:22.405165,"fd",0.569,-132,-0.0736,-0.0853,-4.2668,0.4954,102,-2.77064935064935
2026-05-27,"WAS @ SEA","1Q","WAS","1Q WAS",2026-05-27 17:21:22.405165,"dk",0.5833,-140,-0.0516,-0.0619,-3.0964,0.5317,-114,-2.01064935064935
2026-05-27,"WAS @ SEA","1Q","WAS","1Q WAS",2026-05-27 17:21:22.405165,"fd",0.5833,-140,-0.0385,-0.0462,-2.308,0.5449,-120,-1.4987012987013
2026-05-27,"CON @ PDX","1Q","CON","1Q CON",2026-05-27 17:21:22.405165,"dk",0.5556,-125,-0.0564,-0.0635,-3.1741,0.4991,100,-2.0611038961039
2026-05-27,"CON @ PDX","1Q","CON","1Q CON",2026-05-27 17:21:22.405165,"fd",0.5413,-118,-0.0451,-0.0492,-2.459,0.4962,102,-1.59675324675325
2026-05-27,"ATL @ MIN","1Q","MIN","1Q MIN",2026-05-27 17:21:22.405165,"dk",0.4762,110,0.0092,0.0088,0.4409,0.4854,106,0.286298701298701
2026-05-27,"ATL @ MIN","1Q","MIN","1Q MIN",2026-05-27 17:21:22.405165,"fd",0.5238,-110,-0.0488,-0.0512,-2.5601,0.475,111,-1.6624025974026
2026-05-27,"TOR @ CHI","1Q","CHI","1Q CHI",2026-05-27 17:21:22.405165,"dk",0.6226,-165,-0.1008,-0.1336,-6.6789,0.5218,-109,-4.33694805194805
2026-05-27,"TOR @ CHI","1Q","CHI","1Q CHI",2026-05-27 17:21:22.405165,"fd",0.6296,-170,-0.0936,-0.1264,-6.3183,0.536,-116,-4.10279220779221
2026-05-27,"PHX @ NYL","1Q","PHX","1Q PHX",2026-05-27 17:21:22.405165,"dk",0.4878,105,0.0205,0.02,1.0022,0.5083,-103,0.650779220779221
2026-05-27,"PHX @ NYL","1Q","PHX","1Q PHX",2026-05-27 17:21:22.405165,"fd",0.495,102,0.0096,0.0095,0.4729,0.5046,-102,0.307077922077922
2026-05-27,"CON @ PDX","1Q","PDX","1Q PDX",2026-05-27 17:21:22.405165,"dk",0.5238,-110,-0.0229,-0.0241,-1.2041,0.5009,-100,-0.781883116883117
2026-05-27,"CON @ PDX","1Q","PDX","1Q PDX",2026-05-27 17:21:22.405165,"fd",0.5238,-110,-0.02,-0.021,-1.0487,0.5038,-102,-0.680974025974026
2026-05-27,"WAS @ SEA","1Q","SEA","1Q SEA",2026-05-27 17:21:22.405165,"dk",0.4878,105,-0.0195,-0.0191,-0.9533,0.4683,114,-0.619025974025974
2026-05-27,"WAS @ SEA","1Q","SEA","1Q SEA",2026-05-27 17:21:22.405165,"fd",0.4808,108,-0.0256,-0.0247,-1.2343,0.4551,120,-0.801493506493506
2026-05-27,"ATL @ MIN","1Q","ATL","1Q ATL",2026-05-27 17:21:22.405165,"dk",0.5918,-145,-0.0773,-0.0946,-4.7325,0.5146,-106,-3.07305194805195
2026-05-27,"ATL @ MIN","1Q","ATL","1Q ATL",2026-05-27 17:21:22.405165,"fd",0.5455,-120,-0.0205,-0.0225,-1.1275,0.525,-111,-0.732142857142857
2026-05-27,"TOR @ CHI","1Q","TOR","1Q TOR",2026-05-27 17:21:22.405165,"dk",0.4545,120,0.0236,0.0217,1.0829,0.4782,109,0.703181818181818
2026-05-27,"TOR @ CHI","1Q","TOR","1Q TOR",2026-05-27 17:21:22.405165,"fd",0.4348,130,0.0292,0.0258,1.2912,0.464,116,0.838441558441558
2026-05-27,"PHX @ NYL","1Q","NYL","1Q NYL",2026-05-27 17:51:23.487961,"dk",0.5833,-140,-0.0917,-0.11,-5.5003,0.4917,103,-3.57162337662338
2026-05-27,"PHX @ NYL","1Q","NYL","1Q NYL",2026-05-27 17:51:23.487961,"fd",0.5745,-135,-0.0791,-0.0929,-4.6453,0.4954,102,-3.01642857142857
2026-05-27,"WAS @ SEA","1Q","WAS","1Q WAS",2026-05-27 17:51:23.487961,"dk",0.5833,-140,-0.0517,-0.062,-3.1012,0.5316,-114,-2.01376623376623
2026-05-27,"WAS @ SEA","1Q","WAS","1Q WAS",2026-05-27 17:51:23.487961,"fd",0.5833,-140,-0.0392,-0.0471,-2.354,0.5441,-119,-1.52857142857143
2026-05-27,"CON @ PDX","1Q","CON","1Q CON",2026-05-27 17:51:23.487961,"dk",0.5556,-125,-0.0564,-0.0635,-3.1741,0.4991,100,-2.0611038961039
2026-05-27,"CON @ PDX","1Q","CON","1Q CON",2026-05-27 17:51:23.487961,"fd",0.5413,-118,-0.0451,-0.0492,-2.459,0.4962,102,-1.59675324675325
2026-05-27,"ATL @ MIN","1Q","MIN","1Q MIN",2026-05-27 17:51:23.487961,"dk",0.4762,110,0.0092,0.0088,0.4409,0.4854,106,0.286298701298701
2026-05-27,"ATL @ MIN","1Q","MIN","1Q MIN",2026-05-27 17:51:23.487961,"fd",0.5238,-110,-0.0488,-0.0512,-2.5601,0.475,111,-1.6624025974026
2026-05-27,"TOR @ CHI","1Q","CHI","1Q CHI",2026-05-27 17:51:23.487961,"dk",0.6226,-165,-0.1008,-0.1336,-6.6789,0.5218,-109,-4.33694805194805
2026-05-27,"TOR @ CHI","1Q","CHI","1Q CHI",2026-05-27 17:51:23.487961,"fd",0.6296,-170,-0.0936,-0.1264,-6.3183,0.536,-116,-4.10279220779221
2026-05-27,"PHX @ NYL","1Q","PHX","1Q PHX",2026-05-27 17:51:23.487961,"dk",0.4878,105,0.0205,0.02,1.0022,0.5083,-103,0.650779220779221
2026-05-27,"PHX @ NYL","1Q","PHX","1Q PHX",2026-05-27 17:51:23.487961,"fd",0.4902,104,0.0144,0.0141,0.7064,0.5046,-102,0.458701298701299
2026-05-27,"CON @ PDX","1Q","PDX","1Q PDX",2026-05-27 17:51:23.487961,"dk",0.5238,-110,-0.0229,-0.0241,-1.2041,0.5009,-100,-0.781883116883117
2026-05-27,"CON @ PDX","1Q","PDX","1Q PDX",2026-05-27 17:51:23.487961,"fd",0.5238,-110,-0.02,-0.021,-1.0487,0.5038,-102,-0.680974025974026
2026-05-27,"WAS @ SEA","1Q","SEA","1Q SEA",2026-05-27 17:51:23.487961,"dk",0.4878,105,-0.0195,-0.019,-0.9494,0.4684,114,-0.616493506493507
2026-05-27,"WAS @ SEA","1Q","SEA","1Q SEA",2026-05-27 17:51:23.487961,"fd",0.4808,108,-0.0249,-0.0239,-1.1974,0.4559,119,-0.777532467532468
2026-05-27,"ATL @ MIN","1Q","ATL","1Q ATL",2026-05-27 17:51:23.487961,"dk",0.5918,-145,-0.0773,-0.0946,-4.7325,0.5146,-106,-3.07305194805195
2026-05-27,"ATL @ MIN","1Q","ATL","1Q ATL",2026-05-27 17:51:23.487961,"fd",0.5413,-118,-0.0163,-0.0178,-0.89,0.525,-111,-0.577922077922078
2026-05-27,"TOR @ CHI","1Q","TOR","1Q TOR",2026-05-27 17:51:23.487961,"dk",0.4545,120,0.0236,0.0217,1.0829,0.4782,109,0.703181818181818
2026-05-27,"TOR @ CHI","1Q","TOR","1Q TOR",2026-05-27 17:51:23.487961,"fd",0.4348,130,0.0292,0.0258,1.2912,0.464,116,0.838441558441558
2026-05-27,"PHX @ NYL","1Q","NYL","1Q NYL",2026-05-27 18:21:23.115976,"dk",0.5833,-140,-0.0917,-0.11,-5.5003,0.4917,103,-3.57162337662338
2026-05-27,"PHX @ NYL","1Q","NYL","1Q NYL",2026-05-27 18:21:23.115976,"fd",0.5745,-135,-0.0791,-0.0929,-4.6453,0.4954,102,-3.01642857142857
2026-05-27,"WAS @ SEA","1Q","WAS","1Q WAS",2026-05-27 18:21:23.115976,"dk",0.5833,-140,-0.0516,-0.0619,-3.0964,0.5317,-114,-2.01064935064935
2026-05-27,"WAS @ SEA","1Q","WAS","1Q WAS",2026-05-27 18:21:23.115976,"fd",0.5833,-140,-0.0385,-0.0462,-2.308,0.5449,-120,-1.4987012987013
2026-05-27,"CON @ PDX","1Q","CON","1Q CON",2026-05-27 18:21:23.115976,"dk",0.5556,-125,-0.0564,-0.0635,-3.1741,0.4991,100,-2.0611038961039
2026-05-27,"CON @ PDX","1Q","CON","1Q CON",2026-05-27 18:21:23.115976,"fd",0.5413,-118,-0.0451,-0.0492,-2.459,0.4962,102,-1.59675324675325
2026-05-27,"ATL @ MIN","1Q","MIN","1Q MIN",2026-05-27 18:21:23.115976,"dk",0.4762,110,0.0092,0.0088,0.4409,0.4854,106,0.286298701298701
2026-05-27,"ATL @ MIN","1Q","MIN","1Q MIN",2026-05-27 18:21:23.115976,"fd",0.5238,-110,-0.0488,-0.0512,-2.5601,0.475,111,-1.6624025974026
2026-05-27,"TOR @ CHI","1Q","CHI","1Q CHI",2026-05-27 18:21:23.115976,"dk",0.6226,-165,-0.1008,-0.1336,-6.6789,0.5218,-109,-4.33694805194805
2026-05-27,"TOR @ CHI","1Q","CHI","1Q CHI",2026-05-27 18:21:23.115976,"fd",0.6296,-170,-0.0936,-0.1264,-6.3183,0.536,-116,-4.10279220779221
2026-05-27,"PHX @ NYL","1Q","PHX","1Q PHX",2026-05-27 18:21:23.115976,"dk",0.4878,105,0.0205,0.02,1.0022,0.5083,-103,0.650779220779221
2026-05-27,"PHX @ NYL","1Q","PHX","1Q PHX",2026-05-27 18:21:23.115976,"fd",0.4902,104,0.0144,0.0141,0.7064,0.5046,-102,0.458701298701299
2026-05-27,"CON @ PDX","1Q","PDX","1Q PDX",2026-05-27 18:21:23.115976,"dk",0.5238,-110,-0.0229,-0.0241,-1.2041,0.5009,-100,-0.781883116883117
2026-05-27,"CON @ PDX","1Q","PDX","1Q PDX",2026-05-27 18:21:23.115976,"fd",0.5238,-110,-0.02,-0.021,-1.0487,0.5038,-102,-0.680974025974026
2026-05-27,"WAS @ SEA","1Q","SEA","1Q SEA",2026-05-27 18:21:23.115976,"dk",0.4878,105,-0.0195,-0.0191,-0.9533,0.4683,114,-0.619025974025974
2026-05-27,"WAS @ SEA","1Q","SEA","1Q SEA",2026-05-27 18:21:23.115976,"fd",0.4808,108,-0.0256,-0.0247,-1.2343,0.4551,120,-0.801493506493506
2026-05-27,"ATL @ MIN","1Q","ATL","1Q ATL",2026-05-27 18:21:23.115976,"dk",0.5918,-145,-0.0773,-0.0946,-4.7325,0.5146,-106,-3.07305194805195
2026-05-27,"ATL @ MIN","1Q","ATL","1Q ATL",2026-05-27 18:21:23.115976,"fd",0.5413,-118,-0.0163,-0.0178,-0.89,0.525,-111,-0.577922077922078
2026-05-27,"TOR @ CHI","1Q","TOR","1Q TOR",2026-05-27 18:21:23.115976,"dk",0.4545,120,0.0236,0.0217,1.0829,0.4782,109,0.703181818181818
2026-05-27,"TOR @ CHI","1Q","TOR","1Q TOR",2026-05-27 18:21:23.115976,"fd",0.4348,130,0.0292,0.0258,1.2912,0.464,116,0.838441558441558
2026-05-27,"PHX @ NYL","1Q","NYL","1Q NYL",2026-05-27 18:51:23.374321,"dk",0.5833,-140,-0.0917,-0.11,-5.5003,0.4917,103,-3.57162337662338
2026-05-27,"PHX @ NYL","1Q","NYL","1Q NYL",2026-05-27 18:51:23.374321,"fd",0.5745,-135,-0.0791,-0.0929,-4.6453,0.4954,102,-3.01642857142857
2026-05-27,"WAS @ SEA","1Q","WAS","1Q WAS",2026-05-27 18:51:23.374321,"dk",0.5833,-140,-0.0516,-0.0619,-3.0964,0.5317,-114,-2.01064935064935
2026-05-27,"WAS @ SEA","1Q","WAS","1Q WAS",2026-05-27 18:51:23.374321,"fd",0.5833,-140,-0.0385,-0.0462,-2.308,0.5449,-120,-1.4987012987013
2026-05-27,"CON @ PDX","1Q","CON","1Q CON",2026-05-27 18:51:23.374321,"dk",0.5556,-125,-0.0564,-0.0635,-3.1741,0.4991,100,-2.0611038961039
2026-05-27,"CON @ PDX","1Q","CON","1Q CON",2026-05-27 18:51:23.374321,"fd",0.5413,-118,-0.0451,-0.0492,-2.459,0.4962,102,-1.59675324675325
2026-05-27,"ATL @ MIN","1Q","MIN","1Q MIN",2026-05-27 18:51:23.374321,"dk",0.4762,110,0.0092,0.0088,0.4409,0.4854,106,0.286298701298701
2026-05-27,"ATL @ MIN","1Q","MIN","1Q MIN",2026-05-27 18:51:23.374321,"fd",0.5238,-110,-0.0488,-0.0512,-2.5601,0.475,111,-1.6624025974026
2026-05-27,"TOR @ CHI","1Q","CHI","1Q CHI",2026-05-27 18:51:23.374321,"dk",0.6226,-165,-0.1008,-0.1336,-6.6789,0.5218,-109,-4.33694805194805
2026-05-27,"TOR @ CHI","1Q","CHI","1Q CHI",2026-05-27 18:51:23.374321,"fd",0.6296,-170,-0.0936,-0.1264,-6.3183,0.536,-116,-4.10279220779221
2026-05-27,"PHX @ NYL","1Q","PHX","1Q PHX",2026-05-27 18:51:23.374321,"dk",0.4878,105,0.0205,0.02,1.0022,0.5083,-103,0.650779220779221
2026-05-27,"PHX @ NYL","1Q","PHX","1Q PHX",2026-05-27 18:51:23.374321,"fd",0.4902,104,0.0144,0.0141,0.7064,0.5046,-102,0.458701298701299
2026-05-27,"CON @ PDX","1Q","PDX","1Q PDX",2026-05-27 18:51:23.374321,"dk",0.5238,-110,-0.0229,-0.0241,-1.2041,0.5009,-100,-0.781883116883117
2026-05-27,"CON @ PDX","1Q","PDX","1Q PDX",2026-05-27 18:51:23.374321,"fd",0.5238,-110,-0.02,-0.021,-1.0487,0.5038,-102,-0.680974025974026
2026-05-27,"WAS @ SEA","1Q","SEA","1Q SEA",2026-05-27 18:51:23.374321,"dk",0.4878,105,-0.0195,-0.0191,-0.9533,0.4683,114,-0.619025974025974
2026-05-27,"WAS @ SEA","1Q","SEA","1Q SEA",2026-05-27 18:51:23.374321,"fd",0.4808,108,-0.0256,-0.0247,-1.2343,0.4551,120,-0.801493506493506
2026-05-27,"ATL @ MIN","1Q","ATL","1Q ATL",2026-05-27 18:51:23.374321,"dk",0.5918,-145,-0.0773,-0.0946,-4.7325,0.5146,-106,-3.07305194805195
2026-05-27,"ATL @ MIN","1Q","ATL","1Q ATL",2026-05-27 18:51:23.374321,"fd",0.5413,-118,-0.0163,-0.0178,-0.89,0.525,-111,-0.577922077922078
2026-05-27,"TOR @ CHI","1Q","TOR","1Q TOR",2026-05-27 18:51:23.374321,"dk",0.4545,120,0.0236,0.0217,1.0829,0.4782,109,0.703181818181818
2026-05-27,"TOR @ CHI","1Q","TOR","1Q TOR",2026-05-27 18:51:23.374321,"fd",0.4348,130,0.0292,0.0258,1.2912,0.464,116,0.838441558441558
2026-05-27,"PHX @ NYL","1Q","NYL","1Q NYL",2026-05-27 19:21:22.609062,"dk",0.5833,-140,-0.0917,-0.11,-5.5003,0.4917,103,-3.57162337662338
2026-05-27,"PHX @ NYL","1Q","NYL","1Q NYL",2026-05-27 19:21:22.609062,"fd",0.5745,-135,-0.0791,-0.0929,-4.6453,0.4954,102,-3.01642857142857
2026-05-27,"WAS @ SEA","1Q","WAS","1Q WAS",2026-05-27 19:21:22.609062,"dk",0.5833,-140,-0.0516,-0.0619,-3.0964,0.5317,-114,-2.01064935064935
2026-05-27,"WAS @ SEA","1Q","WAS","1Q WAS",2026-05-27 19:21:22.609062,"fd",0.5833,-140,-0.0385,-0.0462,-2.308,0.5449,-120,-1.4987012987013
2026-05-27,"CON @ PDX","1Q","CON","1Q CON",2026-05-27 19:21:22.609062,"dk",0.5556,-125,-0.0564,-0.0635,-3.1741,0.4991,100,-2.0611038961039
2026-05-27,"CON @ PDX","1Q","CON","1Q CON",2026-05-27 19:21:22.609062,"fd",0.5455,-120,-0.0493,-0.0542,-2.7109,0.4962,102,-1.76032467532468
2026-05-27,"ATL @ MIN","1Q","MIN","1Q MIN",2026-05-27 19:21:22.609062,"dk",0.4762,110,0.0092,0.0088,0.4409,0.4854,106,0.286298701298701
2026-05-27,"ATL @ MIN","1Q","MIN","1Q MIN",2026-05-27 19:21:22.609062,"fd",0.5238,-110,-0.0488,-0.0512,-2.5601,0.475,111,-1.6624025974026
2026-05-27,"TOR @ CHI","1Q","CHI","1Q CHI",2026-05-27 19:21:22.609062,"dk",0.6226,-165,-0.1008,-0.1336,-6.6789,0.5218,-109,-4.33694805194805
2026-05-27,"TOR @ CHI","1Q","CHI","1Q CHI",2026-05-27 19:21:22.609062,"fd",0.6296,-170,-0.0936,-0.1264,-6.3183,0.536,-116,-4.10279220779221
2026-05-27,"PHX @ NYL","1Q","PHX","1Q PHX",2026-05-27 19:21:22.609062,"dk",0.4878,105,0.0205,0.02,1.0022,0.5083,-103,0.650779220779221
2026-05-27,"PHX @ NYL","1Q","PHX","1Q PHX",2026-05-27 19:21:22.609062,"fd",0.4902,104,0.0144,0.0141,0.7064,0.5046,-102,0.458701298701299
2026-05-27,"CON @ PDX","1Q","PDX","1Q PDX",2026-05-27 19:21:22.609062,"dk",0.5238,-110,-0.0229,-0.0241,-1.2041,0.5009,-100,-0.781883116883117
2026-05-27,"CON @ PDX","1Q","PDX","1Q PDX",2026-05-27 19:21:22.609062,"fd",0.5238,-110,-0.02,-0.021,-1.0487,0.5038,-102,-0.680974025974026
2026-05-27,"WAS @ SEA","1Q","SEA","1Q SEA",2026-05-27 19:21:22.609062,"dk",0.4878,105,-0.0195,-0.0191,-0.9533,0.4683,114,-0.619025974025974
2026-05-27,"WAS @ SEA","1Q","SEA","1Q SEA",2026-05-27 19:21:22.609062,"fd",0.4808,108,-0.0256,-0.0247,-1.2343,0.4551,120,-0.801493506493506
2026-05-27,"ATL @ MIN","1Q","ATL","1Q ATL",2026-05-27 19:21:22.609062,"dk",0.5918,-145,-0.0773,-0.0946,-4.7325,0.5146,-106,-3.07305194805195
2026-05-27,"ATL @ MIN","1Q","ATL","1Q ATL",2026-05-27 19:21:22.609062,"fd",0.5413,-118,-0.0163,-0.0178,-0.89,0.525,-111,-0.577922077922078
2026-05-27,"TOR @ CHI","1Q","TOR","1Q TOR",2026-05-27 19:21:22.609062,"dk",0.4545,120,0.0236,0.0217,1.0829,0.4782,109,0.703181818181818
2026-05-27,"TOR @ CHI","1Q","TOR","1Q TOR",2026-05-27 19:21:22.609062,"fd",0.4348,130,0.0292,0.0258,1.2912,0.464,116,0.838441558441558
2026-05-27,"PHX @ NYL","1Q","NYL","1Q NYL",2026-05-27 19:51:23.88503,"dk",0.5833,-140,-0.0917,-0.11,-5.5003,0.4917,103,-3.57162337662338
2026-05-27,"PHX @ NYL","1Q","NYL","1Q NYL",2026-05-27 19:51:23.88503,"fd",0.5745,-135,-0.0791,-0.0929,-4.6453,0.4954,102,-3.01642857142857
2026-05-27,"WAS @ SEA","1Q","WAS","1Q WAS",2026-05-27 19:51:23.88503,"dk",0.5833,-140,-0.0516,-0.0619,-3.0964,0.5317,-114,-2.01064935064935
2026-05-27,"WAS @ SEA","1Q","WAS","1Q WAS",2026-05-27 19:51:23.88503,"fd",0.5833,-140,-0.0385,-0.0462,-2.308,0.5449,-120,-1.4987012987013
2026-05-27,"CON @ PDX","1Q","CON","1Q CON",2026-05-27 19:51:23.88503,"dk",0.5556,-125,-0.0564,-0.0635,-3.1741,0.4991,100,-2.0611038961039
2026-05-27,"CON @ PDX","1Q","CON","1Q CON",2026-05-27 19:51:23.88503,"fd",0.5413,-118,-0.0451,-0.0492,-2.459,0.4962,102,-1.59675324675325
2026-05-27,"ATL @ MIN","1Q","MIN","1Q MIN",2026-05-27 19:51:23.88503,"dk",0.4762,110,0.0092,0.0088,0.4409,0.4854,106,0.286298701298701
2026-05-27,"ATL @ MIN","1Q","MIN","1Q MIN",2026-05-27 19:51:23.88503,"fd",0.5238,-110,-0.0488,-0.0512,-2.5601,0.475,111,-1.6624025974026
2026-05-27,"TOR @ CHI","1Q","CHI","1Q CHI",2026-05-27 19:51:23.88503,"dk",0.6226,-165,-0.1008,-0.1336,-6.6789,0.5218,-109,-4.33694805194805
2026-05-27,"TOR @ CHI","1Q","CHI","1Q CHI",2026-05-27 19:51:23.88503,"fd",0.6296,-170,-0.0936,-0.1264,-6.3183,0.536,-116,-4.10279220779221
2026-05-27,"PHX @ NYL","1Q","PHX","1Q PHX",2026-05-27 19:51:23.88503,"dk",0.4878,105,0.0205,0.02,1.0022,0.5083,-103,0.650779220779221
2026-05-27,"PHX @ NYL","1Q","PHX","1Q PHX",2026-05-27 19:51:23.88503,"fd",0.4902,104,0.0144,0.0141,0.7064,0.5046,-102,0.458701298701299
2026-05-27,"CON @ PDX","1Q","PDX","1Q PDX",2026-05-27 19:51:23.88503,"dk",0.5238,-110,-0.0229,-0.0241,-1.2041,0.5009,-100,-0.781883116883117
2026-05-27,"CON @ PDX","1Q","PDX","1Q PDX",2026-05-27 19:51:23.88503,"fd",0.5238,-110,-0.02,-0.021,-1.0487,0.5038,-102,-0.680974025974026
2026-05-27,"WAS @ SEA","1Q","SEA","1Q SEA",2026-05-27 19:51:23.88503,"dk",0.4878,105,-0.0195,-0.0191,-0.9533,0.4683,114,-0.619025974025974
2026-05-27,"WAS @ SEA","1Q","SEA","1Q SEA",2026-05-27 19:51:23.88503,"fd",0.4808,108,-0.0256,-0.0247,-1.2343,0.4551,120,-0.801493506493506
2026-05-27,"ATL @ MIN","1Q","ATL","1Q ATL",2026-05-27 19:51:23.88503,"dk",0.5918,-145,-0.0773,-0.0946,-4.7325,0.5146,-106,-3.07305194805195
2026-05-27,"ATL @ MIN","1Q","ATL","1Q ATL",2026-05-27 19:51:23.88503,"fd",0.5413,-118,-0.0163,-0.0178,-0.89,0.525,-111,-0.577922077922078
2026-05-27,"TOR @ CHI","1Q","TOR","1Q TOR",2026-05-27 19:51:23.88503,"dk",0.4545,120,0.0236,0.0217,1.0829,0.4782,109,0.703181818181818
2026-05-27,"TOR @ CHI","1Q","TOR","1Q TOR",2026-05-27 19:51:23.88503,"fd",0.4348,130,0.0292,0.0258,1.2912,0.464,116,0.838441558441558
2026-05-27,"PHX @ NYL","1Q","NYL","1Q NYL",2026-05-27 20:21:22.591215,"dk",0.5833,-140,-0.0917,-0.11,-5.5003,0.4917,103,-3.57162337662338
2026-05-27,"PHX @ NYL","1Q","NYL","1Q NYL",2026-05-27 20:21:22.591215,"fd",0.5652,-130,-0.0698,-0.0803,-4.0145,0.4954,102,-2.60681818181818
2026-05-27,"WAS @ SEA","1Q","WAS","1Q WAS",2026-05-27 20:21:22.591215,"dk",0.5833,-140,-0.0516,-0.0619,-3.0964,0.5317,-114,-2.01064935064935
2026-05-27,"WAS @ SEA","1Q","WAS","1Q WAS",2026-05-27 20:21:22.591215,"fd",0.5833,-140,-0.0385,-0.0462,-2.308,0.5449,-120,-1.4987012987013
2026-05-27,"CON @ PDX","1Q","CON","1Q CON",2026-05-27 20:21:22.591215,"dk",0.5556,-125,-0.0564,-0.0635,-3.1741,0.4991,100,-2.0611038961039
2026-05-27,"CON @ PDX","1Q","CON","1Q CON",2026-05-27 20:21:22.591215,"fd",0.5413,-118,-0.0451,-0.0492,-2.459,0.4962,102,-1.59675324675325
2026-05-27,"ATL @ MIN","1Q","MIN","1Q MIN",2026-05-27 20:21:22.591215,"dk",0.4762,110,0.0092,0.0088,0.4409,0.4854,106,0.286298701298701
2026-05-27,"ATL @ MIN","1Q","MIN","1Q MIN",2026-05-27 20:21:22.591215,"fd",0.5238,-110,-0.0488,-0.0512,-2.5601,0.475,111,-1.6624025974026
2026-05-27,"TOR @ CHI","1Q","CHI","1Q CHI",2026-05-27 20:21:22.591215,"dk",0.6226,-165,-0.1009,-0.1337,-6.6842,0.5217,-109,-4.34038961038961
2026-05-27,"TOR @ CHI","1Q","CHI","1Q CHI",2026-05-27 20:21:22.591215,"fd",0.6296,-170,-0.0944,-0.1274,-6.3701,0.5353,-115,-4.13642857142857
2026-05-27,"PHX @ NYL","1Q","PHX","1Q PHX",2026-05-27 20:21:22.591215,"dk",0.4878,105,0.0205,0.02,1.0022,0.5083,-103,0.650779220779221
2026-05-27,"PHX @ NYL","1Q","PHX","1Q PHX",2026-05-27 20:21:22.591215,"fd",0.5,100,0.0046,0.0046,0.23,0.5046,-102,0.149350649350649
2026-05-27,"CON @ PDX","1Q","PDX","1Q PDX",2026-05-27 20:21:22.591215,"dk",0.5238,-110,-0.0229,-0.0241,-1.2041,0.5009,-100,-0.781883116883117
2026-05-27,"CON @ PDX","1Q","PDX","1Q PDX",2026-05-27 20:21:22.591215,"fd",0.5238,-110,-0.02,-0.021,-1.0487,0.5038,-102,-0.680974025974026
2026-05-27,"WAS @ SEA","1Q","SEA","1Q SEA",2026-05-27 20:21:22.591215,"dk",0.4878,105,-0.0195,-0.0191,-0.9533,0.4683,114,-0.619025974025974
2026-05-27,"WAS @ SEA","1Q","SEA","1Q SEA",2026-05-27 20:21:22.591215,"fd",0.4808,108,-0.0256,-0.0247,-1.2343,0.4551,120,-0.801493506493506
2026-05-27,"ATL @ MIN","1Q","ATL","1Q ATL",2026-05-27 20:21:22.591215,"dk",0.5918,-145,-0.0773,-0.0946,-4.7325,0.5146,-106,-3.07305194805195
2026-05-27,"ATL @ MIN","1Q","ATL","1Q ATL",2026-05-27 20:21:22.591215,"fd",0.5413,-118,-0.0163,-0.0178,-0.89,0.525,-111,-0.577922077922078
2026-05-27,"TOR @ CHI","1Q","TOR","1Q TOR",2026-05-27 20:21:22.591215,"dk",0.4545,120,0.0237,0.0217,1.0865,0.4783,109,0.705519480519481
2026-05-27,"TOR @ CHI","1Q","TOR","1Q TOR",2026-05-27 20:21:22.591215,"fd",0.4348,130,0.03,0.0265,1.3252,0.4647,115,0.86051948051948
2026-05-27,"PHX @ NYL","1Q","NYL","1Q NYL",2026-05-27 20:51:22.819387,"dk",0.5833,-140,-0.0917,-0.11,-5.5003,0.4917,103,-3.57162337662338
2026-05-27,"PHX @ NYL","1Q","NYL","1Q NYL",2026-05-27 20:51:22.819387,"fd",0.5652,-130,-0.0698,-0.0803,-4.0145,0.4954,102,-2.60681818181818
2026-05-27,"WAS @ SEA","1Q","WAS","1Q WAS",2026-05-27 20:51:22.819387,"dk",0.5833,-140,-0.0516,-0.0619,-3.0964,0.5317,-114,-2.01064935064935
2026-05-27,"WAS @ SEA","1Q","WAS","1Q WAS",2026-05-27 20:51:22.819387,"fd",0.5833,-140,-0.0385,-0.0462,-2.308,0.5449,-120,-1.4987012987013
2026-05-27,"CON @ PDX","1Q","CON","1Q CON",2026-05-27 20:51:22.819387,"dk",0.5556,-125,-0.0564,-0.0635,-3.1741,0.4991,100,-2.0611038961039
2026-05-27,"CON @ PDX","1Q","CON","1Q CON",2026-05-27 20:51:22.819387,"fd",0.5413,-118,-0.0451,-0.0492,-2.459,0.4962,102,-1.59675324675325
2026-05-27,"ATL @ MIN","1Q","MIN","1Q MIN",2026-05-27 20:51:22.819387,"dk",0.4762,110,0.0092,0.0088,0.4409,0.4854,106,0.286298701298701
2026-05-27,"ATL @ MIN","1Q","MIN","1Q MIN",2026-05-27 20:51:22.819387,"fd",0.5238,-110,-0.0488,-0.0512,-2.5601,0.475,111,-1.6624025974026
2026-05-27,"TOR @ CHI","1Q","CHI","1Q CHI",2026-05-27 20:51:22.819387,"dk",0.6226,-165,-0.1009,-0.1337,-6.6842,0.5217,-109,-4.34038961038961
2026-05-27,"TOR @ CHI","1Q","CHI","1Q CHI",2026-05-27 20:51:22.819387,"fd",0.6296,-170,-0.0944,-0.1274,-6.3701,0.5353,-115,-4.13642857142857
2026-05-27,"PHX @ NYL","1Q","PHX","1Q PHX",2026-05-27 20:51:22.819387,"dk",0.4878,105,0.0205,0.02,1.0022,0.5083,-103,0.650779220779221
2026-05-27,"PHX @ NYL","1Q","PHX","1Q PHX",2026-05-27 20:51:22.819387,"fd",0.5,100,0.0046,0.0046,0.23,0.5046,-102,0.149350649350649
2026-05-27,"CON @ PDX","1Q","PDX","1Q PDX",2026-05-27 20:51:22.819387,"dk",0.5238,-110,-0.0229,-0.0241,-1.2041,0.5009,-100,-0.781883116883117
2026-05-27,"CON @ PDX","1Q","PDX","1Q PDX",2026-05-27 20:51:22.819387,"fd",0.5238,-110,-0.02,-0.021,-1.0487,0.5038,-102,-0.680974025974026
2026-05-27,"WAS @ SEA","1Q","SEA","1Q SEA",2026-05-27 20:51:22.819387,"dk",0.4878,105,-0.0195,-0.0191,-0.9533,0.4683,114,-0.619025974025974
2026-05-27,"WAS @ SEA","1Q","SEA","1Q SEA",2026-05-27 20:51:22.819387,"fd",0.4808,108,-0.0256,-0.0247,-1.2343,0.4551,120,-0.801493506493506
2026-05-27,"ATL @ MIN","1Q","ATL","1Q ATL",2026-05-27 20:51:22.819387,"dk",0.5918,-145,-0.0773,-0.0946,-4.7325,0.5146,-106,-3.07305194805195
2026-05-27,"ATL @ MIN","1Q","ATL","1Q ATL",2026-05-27 20:51:22.819387,"fd",0.5413,-118,-0.0163,-0.0178,-0.89,0.525,-111,-0.577922077922078
2026-05-27,"TOR @ CHI","1Q","TOR","1Q TOR",2026-05-27 20:51:22.819387,"dk",0.4545,120,0.0237,0.0217,1.0865,0.4783,109,0.705519480519481
2026-05-27,"TOR @ CHI","1Q","TOR","1Q TOR",2026-05-27 20:51:22.819387,"fd",0.4348,130,0.03,0.0265,1.3252,0.4647,115,0.86051948051948
2026-05-27,"PHX @ NYL","1Q","NYL","1Q NYL",2026-05-27 21:21:21.103643,"dk",0.5833,-140,-0.0917,-0.11,-5.5003,0.4917,103,-3.57162337662338
2026-05-27,"PHX @ NYL","1Q","NYL","1Q NYL",2026-05-27 21:21:21.103643,"fd",0.5652,-130,-0.0698,-0.0803,-4.0145,0.4954,102,-2.60681818181818
2026-05-27,"WAS @ SEA","1Q","WAS","1Q WAS",2026-05-27 21:21:21.103643,"dk",0.5833,-140,-0.0516,-0.0619,-3.0964,0.5317,-114,-2.01064935064935
2026-05-27,"WAS @ SEA","1Q","WAS","1Q WAS",2026-05-27 21:21:21.103643,"fd",0.5833,-140,-0.0385,-0.0462,-2.308,0.5449,-120,-1.4987012987013
2026-05-27,"CON @ PDX","1Q","CON","1Q CON",2026-05-27 21:21:21.103643,"dk",0.5556,-125,-0.0564,-0.0635,-3.1741,0.4991,100,-2.0611038961039
2026-05-27,"CON @ PDX","1Q","CON","1Q CON",2026-05-27 21:21:21.103643,"fd",0.5413,-118,-0.0451,-0.0492,-2.459,0.4962,102,-1.59675324675325
2026-05-27,"ATL @ MIN","1Q","MIN","1Q MIN",2026-05-27 21:21:21.103643,"dk",0.4762,110,0.0092,0.0088,0.4409,0.4854,106,0.286298701298701
2026-05-27,"ATL @ MIN","1Q","MIN","1Q MIN",2026-05-27 21:21:21.103643,"fd",0.5238,-110,-0.0488,-0.0512,-2.5601,0.475,111,-1.6624025974026
2026-05-27,"TOR @ CHI","1Q","CHI","1Q CHI",2026-05-27 21:21:21.103643,"dk",0.6226,-165,-0.1009,-0.1337,-6.6842,0.5217,-109,-4.34038961038961
2026-05-27,"TOR @ CHI","1Q","CHI","1Q CHI",2026-05-27 21:21:21.103643,"fd",0.6296,-170,-0.0944,-0.1274,-6.3701,0.5353,-115,-4.13642857142857
2026-05-27,"PHX @ NYL","1Q","PHX","1Q PHX",2026-05-27 21:21:21.103643,"dk",0.4878,105,0.0205,0.02,1.0022,0.5083,-103,0.650779220779221
2026-05-27,"PHX @ NYL","1Q","PHX","1Q PHX",2026-05-27 21:21:21.103643,"fd",0.5,100,0.0046,0.0046,0.23,0.5046,-102,0.149350649350649
2026-05-27,"CON @ PDX","1Q","PDX","1Q PDX",2026-05-27 21:21:21.103643,"dk",0.5238,-110,-0.0229,-0.0241,-1.2041,0.5009,-100,-0.781883116883117
2026-05-27,"CON @ PDX","1Q","PDX","1Q PDX",2026-05-27 21:21:21.103643,"fd",0.5238,-110,-0.02,-0.021,-1.0487,0.5038,-102,-0.680974025974026
2026-05-27,"WAS @ SEA","1Q","SEA","1Q SEA",2026-05-27 21:21:21.103643,"dk",0.4878,105,-0.0195,-0.0191,-0.9533,0.4683,114,-0.619025974025974
2026-05-27,"WAS @ SEA","1Q","SEA","1Q SEA",2026-05-27 21:21:21.103643,"fd",0.4808,108,-0.0256,-0.0247,-1.2343,0.4551,120,-0.801493506493506
2026-05-27,"ATL @ MIN","1Q","ATL","1Q ATL",2026-05-27 21:21:21.103643,"dk",0.5918,-145,-0.0773,-0.0946,-4.7325,0.5146,-106,-3.07305194805195
2026-05-27,"ATL @ MIN","1Q","ATL","1Q ATL",2026-05-27 21:21:21.103643,"fd",0.5413,-118,-0.0163,-0.0178,-0.89,0.525,-111,-0.577922077922078
2026-05-27,"TOR @ CHI","1Q","TOR","1Q TOR",2026-05-27 21:21:21.103643,"dk",0.4545,120,0.0237,0.0217,1.0865,0.4783,109,0.705519480519481
2026-05-27,"TOR @ CHI","1Q","TOR","1Q TOR",2026-05-27 21:21:21.103643,"fd",0.4348,130,0.03,0.0265,1.3252,0.4647,115,0.86051948051948
2026-05-27,"PHX @ NYL","1Q","NYL","1Q NYL",2026-05-27 21:51:21.439568,"dk",0.5833,-140,-0.0917,-0.11,-5.5003,0.4917,103,-3.57162337662338
2026-05-27,"PHX @ NYL","1Q","NYL","1Q NYL",2026-05-27 21:51:21.439568,"fd",0.5652,-130,-0.0698,-0.0803,-4.0145,0.4954,102,-2.60681818181818
2026-05-27,"WAS @ SEA","1Q","WAS","1Q WAS",2026-05-27 21:51:21.439568,"dk",0.5833,-140,-0.0516,-0.0619,-3.0964,0.5317,-114,-2.01064935064935
2026-05-27,"WAS @ SEA","1Q","WAS","1Q WAS",2026-05-27 21:51:21.439568,"fd",0.5833,-140,-0.0385,-0.0462,-2.308,0.5449,-120,-1.4987012987013
2026-05-27,"CON @ PDX","1Q","CON","1Q CON",2026-05-27 21:51:21.439568,"dk",0.5556,-125,-0.0564,-0.0635,-3.1741,0.4991,100,-2.0611038961039
2026-05-27,"CON @ PDX","1Q","CON","1Q CON",2026-05-27 21:51:21.439568,"fd",0.5413,-118,-0.0451,-0.0492,-2.459,0.4962,102,-1.59675324675325
2026-05-27,"ATL @ MIN","1Q","MIN","1Q MIN",2026-05-27 21:51:21.439568,"dk",0.4762,110,0.0092,0.0088,0.4409,0.4854,106,0.286298701298701
2026-05-27,"ATL @ MIN","1Q","MIN","1Q MIN",2026-05-27 21:51:21.439568,"fd",0.5238,-110,-0.0488,-0.0512,-2.5601,0.475,111,-1.6624025974026
2026-05-27,"TOR @ CHI","1Q","CHI","1Q CHI",2026-05-27 21:51:21.439568,"dk",0.6226,-165,-0.1009,-0.1337,-6.6842,0.5217,-109,-4.34038961038961
2026-05-27,"TOR @ CHI","1Q","CHI","1Q CHI",2026-05-27 21:51:21.439568,"fd",0.6296,-170,-0.0944,-0.1274,-6.3701,0.5353,-115,-4.13642857142857
2026-05-27,"PHX @ NYL","1Q","PHX","1Q PHX",2026-05-27 21:51:21.439568,"dk",0.4878,105,0.0205,0.02,1.0022,0.5083,-103,0.650779220779221
2026-05-27,"PHX @ NYL","1Q","PHX","1Q PHX",2026-05-27 21:51:21.439568,"fd",0.5,100,0.0046,0.0046,0.23,0.5046,-102,0.149350649350649
2026-05-27,"CON @ PDX","1Q","PDX","1Q PDX",2026-05-27 21:51:21.439568,"dk",0.5238,-110,-0.0229,-0.0241,-1.2041,0.5009,-100,-0.781883116883117
2026-05-27,"CON @ PDX","1Q","PDX","1Q PDX",2026-05-27 21:51:21.439568,"fd",0.5238,-110,-0.02,-0.021,-1.0487,0.5038,-102,-0.680974025974026
2026-05-27,"WAS @ SEA","1Q","SEA","1Q SEA",2026-05-27 21:51:21.439568,"dk",0.4878,105,-0.0195,-0.0191,-0.9533,0.4683,114,-0.619025974025974
2026-05-27,"WAS @ SEA","1Q","SEA","1Q SEA",2026-05-27 21:51:21.439568,"fd",0.4808,108,-0.0256,-0.0247,-1.2343,0.4551,120,-0.801493506493506
2026-05-27,"ATL @ MIN","1Q","ATL","1Q ATL",2026-05-27 21:51:21.439568,"dk",0.5918,-145,-0.0773,-0.0946,-4.7325,0.5146,-106,-3.07305194805195
2026-05-27,"ATL @ MIN","1Q","ATL","1Q ATL",2026-05-27 21:51:21.439568,"fd",0.5413,-118,-0.0163,-0.0178,-0.89,0.525,-111,-0.577922077922078
2026-05-27,"TOR @ CHI","1Q","TOR","1Q TOR",2026-05-27 21:51:21.439568,"dk",0.4545,120,0.0237,0.0217,1.0865,0.4783,109,0.705519480519481
2026-05-27,"TOR @ CHI","1Q","TOR","1Q TOR",2026-05-27 21:51:21.439568,"fd",0.4348,130,0.03,0.0265,1.3252,0.4647,115,0.86051948051948
2026-05-27,"PHX @ NYL","1Q","NYL","1Q NYL",2026-05-27 22:21:21.593409,"dk",0.5833,-140,-0.0917,-0.11,-5.5003,0.4917,103,-3.57162337662338
2026-05-27,"PHX @ NYL","1Q","NYL","1Q NYL",2026-05-27 22:21:21.593409,"fd",0.5652,-130,-0.0698,-0.0803,-4.0145,0.4954,102,-2.60681818181818
2026-05-27,"WAS @ SEA","1Q","WAS","1Q WAS",2026-05-27 22:21:21.593409,"dk",0.5833,-140,-0.0516,-0.0619,-3.0964,0.5317,-114,-2.01064935064935
2026-05-27,"WAS @ SEA","1Q","WAS","1Q WAS",2026-05-27 22:21:21.593409,"fd",0.5833,-140,-0.0385,-0.0462,-2.308,0.5449,-120,-1.4987012987013
2026-05-27,"CON @ PDX","1Q","CON","1Q CON",2026-05-27 22:21:21.593409,"dk",0.5556,-125,-0.0565,-0.0636,-3.1786,0.499,100,-2.06402597402597
2026-05-27,"CON @ PDX","1Q","CON","1Q CON",2026-05-27 22:21:21.593409,"fd",0.5413,-118,-0.0459,-0.05,-2.501,0.4954,102,-1.62402597402597
2026-05-27,"ATL @ MIN","1Q","MIN","1Q MIN",2026-05-27 22:21:21.593409,"dk",0.4762,110,0.0092,0.0088,0.4409,0.4854,106,0.286298701298701
2026-05-27,"ATL @ MIN","1Q","MIN","1Q MIN",2026-05-27 22:21:21.593409,"fd",0.5192,-108,-0.0442,-0.046,-2.2976,0.475,111,-1.49194805194805
2026-05-27,"TOR @ CHI","1Q","CHI","1Q CHI",2026-05-27 22:21:21.593409,"dk",0.6226,-165,-0.1009,-0.1337,-6.6842,0.5217,-109,-4.34038961038961
2026-05-27,"TOR @ CHI","1Q","CHI","1Q CHI",2026-05-27 22:21:21.593409,"fd",0.6377,-176,-0.1024,-0.1413,-7.0672,0.5353,-115,-4.58909090909091
2026-05-27,"PHX @ NYL","1Q","PHX","1Q PHX",2026-05-27 22:21:21.593409,"dk",0.4878,105,0.0205,0.02,1.0022,0.5083,-103,0.650779220779221
2026-05-27,"PHX @ NYL","1Q","PHX","1Q PHX",2026-05-27 22:21:21.593409,"fd",0.5,100,0.0046,0.0046,0.23,0.5046,-102,0.149350649350649
2026-05-27,"CON @ PDX","1Q","PDX","1Q PDX",2026-05-27 22:21:21.593409,"dk",0.5238,-110,-0.0229,-0.024,-1.1999,0.501,-100,-0.779155844155844
2026-05-27,"CON @ PDX","1Q","PDX","1Q PDX",2026-05-27 22:21:21.593409,"fd",0.5238,-110,-0.0192,-0.0202,-1.0082,0.5046,-102,-0.654675324675325
2026-05-27,"WAS @ SEA","1Q","SEA","1Q SEA",2026-05-27 22:21:21.593409,"dk",0.4878,105,-0.0195,-0.0191,-0.9533,0.4683,114,-0.619025974025974
2026-05-27,"WAS @ SEA","1Q","SEA","1Q SEA",2026-05-27 22:21:21.593409,"fd",0.4808,108,-0.0256,-0.0247,-1.2343,0.4551,120,-0.801493506493506
2026-05-27,"ATL @ MIN","1Q","ATL","1Q ATL",2026-05-27 22:21:21.593409,"dk",0.5918,-145,-0.0773,-0.0946,-4.7325,0.5146,-106,-3.07305194805195
2026-05-27,"ATL @ MIN","1Q","ATL","1Q ATL",2026-05-27 22:21:21.593409,"fd",0.5455,-120,-0.0205,-0.0225,-1.1275,0.525,-111,-0.732142857142857
2026-05-27,"TOR @ CHI","1Q","TOR","1Q TOR",2026-05-27 22:21:21.593409,"dk",0.4545,120,0.0237,0.0217,1.0865,0.4783,109,0.705519480519481
2026-05-27,"TOR @ CHI","1Q","TOR","1Q TOR",2026-05-27 22:21:21.593409,"fd",0.4274,134,0.0374,0.0326,1.6324,0.4647,115,1.06
2026-05-27,"PHX @ NYL","1Q","NYL","1Q NYL",2026-05-27 22:51:21.567373,"dk",0.5833,-140,-0.0878,-0.1053,-5.266,0.4956,102,-3.41948051948052
2026-05-27,"PHX @ NYL","1Q","NYL","1Q NYL",2026-05-27 22:51:21.567373,"fd",0.5652,-130,-0.0659,-0.0758,-3.7918,0.4993,100,-2.46220779220779
2026-05-27,"WAS @ SEA","1Q","WAS","1Q WAS",2026-05-27 22:51:21.567373,"dk",0.5833,-140,-0.0516,-0.0619,-3.0964,0.5317,-114,-2.01064935064935
2026-05-27,"WAS @ SEA","1Q","WAS","1Q WAS",2026-05-27 22:51:21.567373,"fd",0.5833,-140,-0.0385,-0.0462,-2.308,0.5449,-120,-1.4987012987013
2026-05-27,"CON @ PDX","1Q","CON","1Q CON",2026-05-27 22:51:21.567373,"dk",0.5556,-125,-0.0565,-0.0636,-3.1786,0.499,100,-2.06402597402597
2026-05-27,"CON @ PDX","1Q","CON","1Q CON",2026-05-27 22:51:21.567373,"fd",0.5413,-118,-0.0459,-0.05,-2.501,0.4954,102,-1.62402597402597
2026-05-27,"ATL @ MIN","1Q","MIN","1Q MIN",2026-05-27 22:51:21.567373,"dk",0.4762,110,0.0092,0.0088,0.4409,0.4854,106,0.286298701298701
2026-05-27,"ATL @ MIN","1Q","MIN","1Q MIN",2026-05-27 22:51:21.567373,"fd",0.5192,-108,-0.0442,-0.046,-2.2976,0.475,111,-1.49194805194805
2026-05-27,"TOR @ CHI","1Q","CHI","1Q CHI",2026-05-27 22:51:21.567373,"dk",0.6226,-165,-0.1009,-0.1337,-6.6842,0.5217,-109,-4.34038961038961
2026-05-27,"TOR @ CHI","1Q","CHI","1Q CHI",2026-05-27 22:51:21.567373,"fd",0.6377,-176,-0.1024,-0.1413,-7.0672,0.5353,-115,-4.58909090909091
2026-05-27,"PHX @ NYL","1Q","PHX","1Q PHX",2026-05-27 22:51:21.567373,"dk",0.4878,105,0.0166,0.0162,0.8116,0.5044,-102,0.527012987012987
2026-05-27,"PHX @ NYL","1Q","PHX","1Q PHX",2026-05-27 22:51:21.567373,"fd",0.5,100,7e-04,7e-04,0.0363,0.5007,-100,0.0235714285714286
2026-05-27,"CON @ PDX","1Q","PDX","1Q PDX",2026-05-27 22:51:21.567373,"dk",0.5238,-110,-0.0229,-0.024,-1.1999,0.501,-100,-0.779155844155844
2026-05-27,"CON @ PDX","1Q","PDX","1Q PDX",2026-05-27 22:51:21.567373,"fd",0.5238,-110,-0.0192,-0.0202,-1.0082,0.5046,-102,-0.654675324675325
2026-05-27,"WAS @ SEA","1Q","SEA","1Q SEA",2026-05-27 22:51:21.567373,"dk",0.4878,105,-0.0195,-0.0191,-0.9533,0.4683,114,-0.619025974025974
2026-05-27,"WAS @ SEA","1Q","SEA","1Q SEA",2026-05-27 22:51:21.567373,"fd",0.4808,108,-0.0256,-0.0247,-1.2343,0.4551,120,-0.801493506493506
2026-05-27,"ATL @ MIN","1Q","ATL","1Q ATL",2026-05-27 22:51:21.567373,"dk",0.5918,-145,-0.0773,-0.0946,-4.7325,0.5146,-106,-3.07305194805195
2026-05-27,"ATL @ MIN","1Q","ATL","1Q ATL",2026-05-27 22:51:21.567373,"fd",0.5455,-120,-0.0205,-0.0225,-1.1275,0.525,-111,-0.732142857142857
2026-05-27,"TOR @ CHI","1Q","TOR","1Q TOR",2026-05-27 22:51:21.567373,"dk",0.4545,120,0.0237,0.0217,1.0865,0.4783,109,0.705519480519481
2026-05-27,"TOR @ CHI","1Q","TOR","1Q TOR",2026-05-27 22:51:21.567373,"fd",0.4274,134,0.0374,0.0326,1.6324,0.4647,115,1.06
2026-05-27,"PHX @ NYL","1Q","NYL","1Q NYL",2026-05-27 23:21:21.204423,"dk",0.5833,-140,-0.0896,-0.1076,-5.3782,0.4937,103,-3.49233766233766
2026-05-27,"PHX @ NYL","1Q","NYL","1Q NYL",2026-05-27 23:21:21.204423,"fd",0.5652,-130,-0.0678,-0.078,-3.8985,0.4974,101,-2.53149350649351
2026-05-27,"WAS @ SEA","1Q","WAS","1Q WAS",2026-05-27 23:21:21.204423,"dk",0.5833,-140,-0.0516,-0.0619,-3.0964,0.5317,-114,-2.01064935064935
2026-05-27,"WAS @ SEA","1Q","WAS","1Q WAS",2026-05-27 23:21:21.204423,"fd",0.5833,-140,-0.0385,-0.0462,-2.308,0.5449,-120,-1.4987012987013
2026-05-27,"CON @ PDX","1Q","CON","1Q CON",2026-05-27 23:21:21.204423,"dk",0.5556,-125,-0.0565,-0.0636,-3.1786,0.499,100,-2.06402597402597
2026-05-27,"CON @ PDX","1Q","CON","1Q CON",2026-05-27 23:21:21.204423,"fd",0.5495,-122,-0.0542,-0.0601,-3.0056,0.4954,102,-1.95168831168831
2026-05-27,"ATL @ MIN","1Q","MIN","1Q MIN",2026-05-27 23:21:21.204423,"dk",0.4762,110,0.0092,0.0088,0.4409,0.4854,106,0.286298701298701
2026-05-27,"ATL @ MIN","1Q","MIN","1Q MIN",2026-05-27 23:21:21.204423,"fd",0.5192,-108,-0.0442,-0.046,-2.2976,0.475,111,-1.49194805194805
2026-05-27,"TOR @ CHI","1Q","CHI","1Q CHI",2026-05-27 23:21:21.204423,"dk",0.6226,-165,-0.1009,-0.1337,-6.6842,0.5217,-109,-4.34038961038961
2026-05-27,"TOR @ CHI","1Q","CHI","1Q CHI",2026-05-27 23:21:21.204423,"fd",0.6377,-176,-0.1024,-0.1413,-7.0672,0.5353,-115,-4.58909090909091
2026-05-27,"PHX @ NYL","1Q","PHX","1Q PHX",2026-05-27 23:21:21.204423,"dk",0.4878,105,0.0185,0.0181,0.9029,0.5063,-103,0.586298701298701
2026-05-27,"PHX @ NYL","1Q","PHX","1Q PHX",2026-05-27 23:21:21.204423,"fd",0.5,100,0.0026,0.0026,0.1291,0.5026,-101,0.0838311688311688
2026-05-27,"CON @ PDX","1Q","PDX","1Q PDX",2026-05-27 23:21:21.204423,"dk",0.5238,-110,-0.0229,-0.024,-1.1999,0.501,-100,-0.779155844155844
2026-05-27,"CON @ PDX","1Q","PDX","1Q PDX",2026-05-27 23:21:21.204423,"fd",0.5146,-106,-0.01,-0.0103,-0.5128,0.5046,-102,-0.332987012987013
2026-05-27,"WAS @ SEA","1Q","SEA","1Q SEA",2026-05-27 23:21:21.204423,"dk",0.4878,105,-0.0195,-0.0191,-0.9533,0.4683,114,-0.619025974025974
2026-05-27,"WAS @ SEA","1Q","SEA","1Q SEA",2026-05-27 23:21:21.204423,"fd",0.4808,108,-0.0256,-0.0247,-1.2343,0.4551,120,-0.801493506493506
2026-05-27,"ATL @ MIN","1Q","ATL","1Q ATL",2026-05-27 23:21:21.204423,"dk",0.5918,-145,-0.0773,-0.0946,-4.7325,0.5146,-106,-3.07305194805195
2026-05-27,"ATL @ MIN","1Q","ATL","1Q ATL",2026-05-27 23:21:21.204423,"fd",0.5455,-120,-0.0205,-0.0225,-1.1275,0.525,-111,-0.732142857142857
2026-05-27,"TOR @ CHI","1Q","TOR","1Q TOR",2026-05-27 23:21:21.204423,"dk",0.4545,120,0.0237,0.0217,1.0865,0.4783,109,0.705519480519481
2026-05-27,"TOR @ CHI","1Q","TOR","1Q TOR",2026-05-27 23:21:21.204423,"fd",0.4274,134,0.0374,0.0326,1.6324,0.4647,115,1.06
2026-05-27,"WAS @ SEA","1Q","WAS","1Q WAS",2026-05-27 23:51:20.686618,"dk",0.5833,-140,-0.0516,-0.0619,-3.0964,0.5317,-114,-2.01064935064935
2026-05-27,"WAS @ SEA","1Q","WAS","1Q WAS",2026-05-27 23:51:20.686618,"fd",0.5833,-140,-0.0385,-0.0462,-2.308,0.5449,-120,-1.4987012987013
2026-05-27,"CON @ PDX","1Q","CON","1Q CON",2026-05-27 23:51:20.686618,"dk",0.5556,-125,-0.0565,-0.0636,-3.1786,0.499,100,-2.06402597402597
2026-05-27,"CON @ PDX","1Q","CON","1Q CON",2026-05-27 23:51:20.686618,"fd",0.5495,-122,-0.0542,-0.0601,-3.0056,0.4954,102,-1.95168831168831
2026-05-27,"ATL @ MIN","1Q","MIN","1Q MIN",2026-05-27 23:51:20.686618,"dk",0.4762,110,0.0092,0.0088,0.4409,0.4854,106,0.286298701298701
2026-05-27,"ATL @ MIN","1Q","MIN","1Q MIN",2026-05-27 23:51:20.686618,"fd",0.5192,-108,-0.0442,-0.046,-2.2976,0.475,111,-1.49194805194805
2026-05-27,"TOR @ CHI","1Q","CHI","1Q CHI",2026-05-27 23:51:20.686618,"dk",0.6226,-165,-0.1009,-0.1337,-6.6842,0.5217,-109,-4.34038961038961
2026-05-27,"TOR @ CHI","1Q","CHI","1Q CHI",2026-05-27 23:51:20.686618,"fd",0.6269,-168,-0.0916,-0.1228,-6.1378,0.5353,-115,-3.98558441558442
2026-05-27,"CON @ PDX","1Q","PDX","1Q PDX",2026-05-27 23:51:20.686618,"dk",0.5238,-110,-0.0229,-0.024,-1.1999,0.501,-100,-0.779155844155844
2026-05-27,"CON @ PDX","1Q","PDX","1Q PDX",2026-05-27 23:51:20.686618,"fd",0.5146,-106,-0.01,-0.0103,-0.5128,0.5046,-102,-0.332987012987013
2026-05-27,"WAS @ SEA","1Q","SEA","1Q SEA",2026-05-27 23:51:20.686618,"dk",0.4878,105,-0.0195,-0.0191,-0.9533,0.4683,114,-0.619025974025974
2026-05-27,"WAS @ SEA","1Q","SEA","1Q SEA",2026-05-27 23:51:20.686618,"fd",0.4808,108,-0.0256,-0.0247,-1.2343,0.4551,120,-0.801493506493506
2026-05-27,"ATL @ MIN","1Q","ATL","1Q ATL",2026-05-27 23:51:20.686618,"dk",0.5918,-145,-0.0773,-0.0946,-4.7325,0.5146,-106,-3.07305194805195
2026-05-27,"ATL @ MIN","1Q","ATL","1Q ATL",2026-05-27 23:51:20.686618,"fd",0.5455,-120,-0.0205,-0.0225,-1.1275,0.525,-111,-0.732142857142857
2026-05-27,"TOR @ CHI","1Q","TOR","1Q TOR",2026-05-27 23:51:20.686618,"dk",0.4545,120,0.0237,0.0217,1.0865,0.4783,109,0.705519480519481
2026-05-27,"TOR @ CHI","1Q","TOR","1Q TOR",2026-05-27 23:51:20.686618,"fd",0.4386,128,0.0261,0.0233,1.1643,0.4647,115,0.756038961038961
2026-05-27,"WAS @ SEA","1Q","WAS","1Q WAS",2026-05-28 00:21:21.430095,"dk",0.5833,-140,-0.0516,-0.0619,-3.0964,0.5317,-114,-2.01064935064935
2026-05-27,"WAS @ SEA","1Q","WAS","1Q WAS",2026-05-28 00:21:21.430095,"fd",0.5833,-140,-0.0385,-0.0462,-2.308,0.5449,-120,-1.4987012987013
2026-05-27,"CON @ PDX","1Q","CON","1Q CON",2026-05-28 00:21:21.430095,"dk",0.5556,-125,-0.0565,-0.0636,-3.1786,0.499,100,-2.06402597402597
2026-05-27,"CON @ PDX","1Q","CON","1Q CON",2026-05-28 00:21:21.430095,"fd",0.5495,-122,-0.0542,-0.0601,-3.0056,0.4954,102,-1.95168831168831
2026-05-27,"ATL @ MIN","1Q","MIN","1Q MIN",2026-05-28 00:21:21.430095,"dk",0.4762,110,0.0092,0.0087,0.4371,0.4853,106,0.283831168831169
2026-05-27,"ATL @ MIN","1Q","MIN","1Q MIN",2026-05-28 00:21:21.430095,"fd",0.5192,-108,-0.045,-0.0468,-2.3377,0.4743,111,-1.51798701298701
2026-05-27,"TOR @ CHI","1Q","CHI","1Q CHI",2026-05-28 00:21:21.430095,"dk",0.6226,-165,-0.1009,-0.1337,-6.6842,0.5217,-109,-4.34038961038961
2026-05-27,"TOR @ CHI","1Q","CHI","1Q CHI",2026-05-28 00:21:21.430095,"fd",0.6226,-165,-0.0874,-0.1158,-5.7892,0.5353,-115,-3.75922077922078
2026-05-27,"CON @ PDX","1Q","PDX","1Q PDX",2026-05-28 00:21:21.430095,"dk",0.5238,-110,-0.0229,-0.024,-1.1999,0.501,-100,-0.779155844155844
2026-05-27,"CON @ PDX","1Q","PDX","1Q PDX",2026-05-28 00:21:21.430095,"fd",0.5146,-106,-0.01,-0.0103,-0.5128,0.5046,-102,-0.332987012987013
2026-05-27,"WAS @ SEA","1Q","SEA","1Q SEA",2026-05-28 00:21:21.430095,"dk",0.4878,105,-0.0195,-0.0191,-0.9533,0.4683,114,-0.619025974025974
2026-05-27,"WAS @ SEA","1Q","SEA","1Q SEA",2026-05-28 00:21:21.430095,"fd",0.4808,108,-0.0256,-0.0247,-1.2343,0.4551,120,-0.801493506493506
2026-05-27,"ATL @ MIN","1Q","ATL","1Q ATL",2026-05-28 00:21:21.430095,"dk",0.5918,-145,-0.0772,-0.0946,-4.7276,0.5147,-106,-3.06987012987013
2026-05-27,"ATL @ MIN","1Q","ATL","1Q ATL",2026-05-28 00:21:21.430095,"fd",0.5455,-120,-0.0197,-0.0217,-1.0851,0.5257,-111,-0.70461038961039
2026-05-27,"TOR @ CHI","1Q","TOR","1Q TOR",2026-05-28 00:21:21.430095,"dk",0.4545,120,0.0237,0.0217,1.0865,0.4783,109,0.705519480519481
2026-05-27,"TOR @ CHI","1Q","TOR","1Q TOR",2026-05-28 00:21:21.430095,"fd",0.4425,126,0.0223,0.02,0.9984,0.4647,115,0.648311688311688
2026-05-27,"WAS @ SEA","1Q","WAS","1Q WAS",2026-05-28 00:51:20.441275,"dk",0.5833,-140,-0.0516,-0.0619,-3.0964,0.5317,-114,-2.01064935064935
2026-05-27,"WAS @ SEA","1Q","WAS","1Q WAS",2026-05-28 00:51:20.441275,"fd",0.5833,-140,-0.0385,-0.0462,-2.308,0.5449,-120,-1.4987012987013
2026-05-27,"CON @ PDX","1Q","CON","1Q CON",2026-05-28 00:51:20.441275,"dk",0.5556,-125,-0.0565,-0.0636,-3.1786,0.499,100,-2.06402597402597
2026-05-27,"CON @ PDX","1Q","CON","1Q CON",2026-05-28 00:51:20.441275,"fd",0.5495,-122,-0.0542,-0.0601,-3.0056,0.4954,102,-1.95168831168831
2026-05-27,"ATL @ MIN","1Q","MIN","1Q MIN",2026-05-28 00:51:20.441275,"dk",0.4762,110,0.0092,0.0087,0.4371,0.4853,106,0.283831168831169
2026-05-27,"ATL @ MIN","1Q","MIN","1Q MIN",2026-05-28 00:51:20.441275,"fd",0.5,100,-0.0257,-0.0257,-1.2862,0.4743,111,-0.835194805194805
2026-05-27,"CON @ PDX","1Q","PDX","1Q PDX",2026-05-28 00:51:20.441275,"dk",0.5238,-110,-0.0229,-0.024,-1.1999,0.501,-100,-0.779155844155844
2026-05-27,"CON @ PDX","1Q","PDX","1Q PDX",2026-05-28 00:51:20.441275,"fd",0.5146,-106,-0.01,-0.0103,-0.5128,0.5046,-102,-0.332987012987013
2026-05-27,"WAS @ SEA","1Q","SEA","1Q SEA",2026-05-28 00:51:20.441275,"dk",0.4878,105,-0.0195,-0.0191,-0.9533,0.4683,114,-0.619025974025974
2026-05-27,"WAS @ SEA","1Q","SEA","1Q SEA",2026-05-28 00:51:20.441275,"fd",0.4808,108,-0.0256,-0.0247,-1.2343,0.4551,120,-0.801493506493506
2026-05-27,"ATL @ MIN","1Q","ATL","1Q ATL",2026-05-28 00:51:20.441275,"dk",0.5918,-145,-0.0772,-0.0946,-4.7276,0.5147,-106,-3.06987012987013
2026-05-27,"ATL @ MIN","1Q","ATL","1Q ATL",2026-05-28 00:51:20.441275,"fd",0.5652,-130,-0.0395,-0.0454,-2.2708,0.5257,-111,-1.47454545454545
2026-05-27,"WAS @ SEA","1Q","WAS","1Q WAS",2026-05-28 01:21:21.389536,"dk",0.5833,-140,-0.0516,-0.0619,-3.0964,0.5317,-114,-2.01064935064935
2026-05-27,"WAS @ SEA","1Q","WAS","1Q WAS",2026-05-28 01:21:21.389536,"fd",0.5833,-140,-0.0385,-0.0462,-2.308,0.5449,-120,-1.4987012987013
2026-05-27,"CON @ PDX","1Q","CON","1Q CON",2026-05-28 01:21:21.389536,"dk",0.5556,-125,-0.0565,-0.0636,-3.1786,0.499,100,-2.06402597402597
2026-05-27,"CON @ PDX","1Q","CON","1Q CON",2026-05-28 01:21:21.389536,"fd",0.5495,-122,-0.0542,-0.0601,-3.0056,0.4954,102,-1.95168831168831
2026-05-27,"ATL @ MIN","1Q","MIN","1Q MIN",2026-05-28 01:21:21.389536,"dk",0.4762,110,0.0092,0.0087,0.4371,0.4853,106,0.283831168831169
2026-05-27,"ATL @ MIN","1Q","MIN","1Q MIN",2026-05-28 01:21:21.389536,"fd",0.5,100,-0.0257,-0.0257,-1.2862,0.4743,111,-0.835194805194805
2026-05-27,"CON @ PDX","1Q","PDX","1Q PDX",2026-05-28 01:21:21.389536,"dk",0.5238,-110,-0.0229,-0.024,-1.1999,0.501,-100,-0.779155844155844
2026-05-27,"CON @ PDX","1Q","PDX","1Q PDX",2026-05-28 01:21:21.389536,"fd",0.5146,-106,-0.01,-0.0103,-0.5128,0.5046,-102,-0.332987012987013
2026-05-27,"WAS @ SEA","1Q","SEA","1Q SEA",2026-05-28 01:21:21.389536,"dk",0.4878,105,-0.0195,-0.0191,-0.9533,0.4683,114,-0.619025974025974
2026-05-27,"WAS @ SEA","1Q","SEA","1Q SEA",2026-05-28 01:21:21.389536,"fd",0.4808,108,-0.0256,-0.0247,-1.2343,0.4551,120,-0.801493506493506
2026-05-27,"ATL @ MIN","1Q","ATL","1Q ATL",2026-05-28 01:21:21.389536,"dk",0.5918,-145,-0.0772,-0.0946,-4.7276,0.5147,-106,-3.06987012987013
2026-05-27,"ATL @ MIN","1Q","ATL","1Q ATL",2026-05-28 01:21:21.389536,"fd",0.5652,-130,-0.0395,-0.0454,-2.2708,0.5257,-111,-1.47454545454545
2026-05-27,"WAS @ SEA","1Q","WAS","1Q WAS",2026-05-28 01:51:21.250777,"dk",0.5833,-140,-0.0516,-0.0619,-3.0964,0.5317,-114,-2.01064935064935
2026-05-27,"WAS @ SEA","1Q","WAS","1Q WAS",2026-05-28 01:51:21.250777,"fd",0.5833,-140,-0.0385,-0.0462,-2.308,0.5449,-120,-1.4987012987013
2026-05-27,"CON @ PDX","1Q","CON","1Q CON",2026-05-28 01:51:21.250777,"dk",0.5556,-125,-0.0572,-0.0644,-3.219,0.4983,101,-2.09025974025974
2026-05-27,"CON @ PDX","1Q","CON","1Q CON",2026-05-28 01:51:21.250777,"fd",0.5495,-122,-0.0549,-0.0609,-3.0451,0.4947,102,-1.97733766233766
2026-05-27,"CON @ PDX","1Q","PDX","1Q PDX",2026-05-28 01:51:21.250777,"dk",0.5238,-110,-0.0221,-0.0232,-1.1623,0.5017,-101,-0.75474025974026
2026-05-27,"CON @ PDX","1Q","PDX","1Q PDX",2026-05-28 01:51:21.250777,"fd",0.5146,-106,-0.0092,-0.0095,-0.4762,0.5053,-102,-0.309220779220779
2026-05-27,"WAS @ SEA","1Q","SEA","1Q SEA",2026-05-28 01:51:21.250777,"dk",0.4878,105,-0.0195,-0.0191,-0.9533,0.4683,114,-0.619025974025974
2026-05-27,"WAS @ SEA","1Q","SEA","1Q SEA",2026-05-28 01:51:21.250777,"fd",0.4808,108,-0.0256,-0.0247,-1.2343,0.4551,120,-0.801493506493506
2026-05-27,"WAS @ SEA","1Q","WAS","1Q WAS",2026-05-28 02:21:21.262379,"dk",0.5833,-140,-0.0516,-0.0619,-3.0964,0.5317,-114,-2.01064935064935
2026-05-27,"WAS @ SEA","1Q","WAS","1Q WAS",2026-05-28 02:21:21.262379,"fd",0.5833,-140,-0.0385,-0.0462,-2.308,0.5449,-120,-1.4987012987013
2026-05-27,"CON @ PDX","1Q","CON","1Q CON",2026-05-28 02:21:21.262379,"dk",0.5556,-125,-0.0572,-0.0644,-3.219,0.4983,101,-2.09025974025974
2026-05-27,"CON @ PDX","1Q","CON","1Q CON",2026-05-28 02:21:21.262379,"fd",0.5455,-120,-0.0508,-0.0558,-2.7924,0.4947,102,-1.81324675324675
2026-05-27,"CON @ PDX","1Q","PDX","1Q PDX",2026-05-28 02:21:21.262379,"dk",0.5238,-110,-0.0221,-0.0232,-1.1623,0.5017,-101,-0.75474025974026
2026-05-27,"CON @ PDX","1Q","PDX","1Q PDX",2026-05-28 02:21:21.262379,"fd",0.5146,-106,-0.0092,-0.0095,-0.4762,0.5053,-102,-0.309220779220779
2026-05-27,"WAS @ SEA","1Q","SEA","1Q SEA",2026-05-28 02:21:21.262379,"dk",0.4878,105,-0.0195,-0.0191,-0.9533,0.4683,114,-0.619025974025974
2026-05-27,"WAS @ SEA","1Q","SEA","1Q SEA",2026-05-28 02:21:21.262379,"fd",0.4808,108,-0.0256,-0.0247,-1.2343,0.4551,120,-0.801493506493506
2026-05-28,"LVA @ DAL","1Q","LVA","1Q LVA",2026-05-28 12:21:55.407232,"fd",0.5652,-130,-0.0401,-0.0461,-2.3046,0.5251,-111,-1.49649350649351
2026-05-28,"IND @ GSV","1Q","IND","1Q IND",2026-05-28 12:21:55.407232,"fd",0.5745,-135,-0.0332,-0.039,-1.951,0.5413,-118,-1.26688311688312
2026-05-28,"LVA @ DAL","1Q","DAL","1Q DAL",2026-05-28 12:21:55.407232,"fd",0.5,100,-0.0251,-0.0251,-1.2569,0.4749,111,-0.816168831168831
2026-05-28,"IND @ GSV","1Q","GSV","1Q GSV",2026-05-28 12:21:55.407232,"fd",0.4902,104,-0.0315,-0.0309,-1.5426,0.4587,118,-1.00168831168831
2026-05-28,"LVA @ DAL","1Q","LVA","1Q LVA",2026-05-28 12:51:24.064834,"fd",0.5652,-130,-0.0401,-0.0461,-2.3046,0.5251,-111,-1.49649350649351
2026-05-28,"IND @ GSV","1Q","IND","1Q IND",2026-05-28 12:51:24.064834,"fd",0.5745,-135,-0.0332,-0.039,-1.951,0.5413,-118,-1.26688311688312
2026-05-28,"LVA @ DAL","1Q","DAL","1Q DAL",2026-05-28 12:51:24.064834,"fd",0.5,100,-0.0251,-0.0251,-1.2569,0.4749,111,-0.816168831168831
2026-05-28,"IND @ GSV","1Q","GSV","1Q GSV",2026-05-28 12:51:24.064834,"fd",0.4902,104,-0.0315,-0.0309,-1.5426,0.4587,118,-1.00168831168831
2026-05-28,"LVA @ DAL","1Q","LVA","1Q LVA",2026-05-28 13:21:23.671676,"fd",0.5652,-130,-0.0401,-0.0461,-2.3046,0.5251,-111,-1.49649350649351
2026-05-28,"IND @ GSV","1Q","IND","1Q IND",2026-05-28 13:21:23.671676,"fd",0.5745,-135,-0.0332,-0.039,-1.951,0.5413,-118,-1.26688311688312
2026-05-28,"LVA @ DAL","1Q","DAL","1Q DAL",2026-05-28 13:21:23.671676,"fd",0.5,100,-0.0251,-0.0251,-1.2569,0.4749,111,-0.816168831168831
2026-05-28,"IND @ GSV","1Q","GSV","1Q GSV",2026-05-28 13:21:23.671676,"fd",0.4902,104,-0.0315,-0.0309,-1.5426,0.4587,118,-1.00168831168831
2026-05-28,"LVA @ DAL","1Q","LVA","1Q LVA",2026-05-28 13:51:24.170079,"fd",0.5652,-130,-0.0401,-0.0461,-2.3046,0.5251,-111,-1.49649350649351
2026-05-28,"IND @ GSV","1Q","IND","1Q IND",2026-05-28 13:51:24.170079,"fd",0.5745,-135,-0.0332,-0.039,-1.951,0.5413,-118,-1.26688311688312
2026-05-28,"LVA @ DAL","1Q","DAL","1Q DAL",2026-05-28 13:51:24.170079,"fd",0.5,100,-0.0251,-0.0251,-1.2569,0.4749,111,-0.816168831168831
2026-05-28,"IND @ GSV","1Q","GSV","1Q GSV",2026-05-28 13:51:24.170079,"fd",0.4902,104,-0.0315,-0.0309,-1.5426,0.4587,118,-1.00168831168831
2026-05-28,"LVA @ DAL","1Q","LVA","1Q LVA",2026-05-28 14:21:24.943043,"dk",0.5238,-110,-0.0054,-0.0057,-0.2848,0.5184,-108,-0.184935064935065
2026-05-28,"LVA @ DAL","1Q","LVA","1Q LVA",2026-05-28 14:21:24.943043,"fd",0.5652,-130,-0.0401,-0.0461,-2.3046,0.5251,-111,-1.49649350649351
2026-05-28,"IND @ GSV","1Q","IND","1Q IND",2026-05-28 14:21:24.943043,"fd",0.569,-132,-0.0277,-0.0321,-1.6069,0.5413,-118,-1.04344155844156
2026-05-28,"LVA @ DAL","1Q","DAL","1Q DAL",2026-05-28 14:21:24.943043,"dk",0.5455,-120,-0.0638,-0.0702,-3.5111,0.4816,108,-2.27993506493506
2026-05-28,"LVA @ DAL","1Q","DAL","1Q DAL",2026-05-28 14:21:24.943043,"fd",0.5,100,-0.0251,-0.0251,-1.2569,0.4749,111,-0.816168831168831
2026-05-28,"IND @ GSV","1Q","GSV","1Q GSV",2026-05-28 14:21:24.943043,"fd",0.495,102,-0.0363,-0.036,-1.7977,0.4587,118,-1.16733766233766
2026-05-28,"LVA @ DAL","1Q","LVA","1Q LVA",2026-05-28 14:51:24.501737,"dk",0.5238,-110,-0.0053,-0.0056,-0.2787,0.5185,-108,-0.180974025974026
2026-05-28,"LVA @ DAL","1Q","LVA","1Q LVA",2026-05-28 14:51:24.501737,"fd",0.5652,-130,-0.0393,-0.0452,-2.2581,0.5259,-111,-1.4662987012987
2026-05-28,"IND @ GSV","1Q","IND","1Q IND",2026-05-28 14:51:24.501737,"dk",0.5652,-130,-0.0305,-0.0351,-1.7553,0.5347,-115,-1.13980519480519
2026-05-28,"IND @ GSV","1Q","IND","1Q IND",2026-05-28 14:51:24.501737,"fd",0.569,-132,-0.0285,-0.0331,-1.6536,0.5405,-118,-1.07376623376623
2026-05-28,"LVA @ DAL","1Q","DAL","1Q DAL",2026-05-28 14:51:24.501737,"dk",0.5455,-120,-0.064,-0.0704,-3.5176,0.4815,108,-2.28415584415584
2026-05-28,"LVA @ DAL","1Q","DAL","1Q DAL",2026-05-28 14:51:24.501737,"fd",0.5,100,-0.0259,-0.0259,-1.2973,0.4741,111,-0.842402597402597
2026-05-28,"IND @ GSV","1Q","GSV","1Q GSV",2026-05-28 14:51:24.501737,"dk",0.5122,-105,-0.0469,-0.0481,-2.4029,0.4653,115,-1.56032467532468
2026-05-28,"IND @ GSV","1Q","GSV","1Q GSV",2026-05-28 14:51:24.501737,"fd",0.495,102,-0.0355,-0.0352,-1.7579,0.4595,118,-1.14149350649351
2026-05-28,"LVA @ DAL","1Q","LVA","1Q LVA",2026-05-28 15:21:23.733473,"dk",0.5238,-110,-0.0054,-0.0057,-0.2848,0.5184,-108,-0.184935064935065
2026-05-28,"LVA @ DAL","1Q","LVA","1Q LVA",2026-05-28 15:21:23.733473,"fd",0.5652,-130,-0.0401,-0.0461,-2.3046,0.5251,-111,-1.49649350649351
2026-05-28,"IND @ GSV","1Q","IND","1Q IND",2026-05-28 15:21:23.733473,"dk",0.5652,-130,-0.0304,-0.035,-1.7486,0.5348,-115,-1.13545454545455
2026-05-28,"IND @ GSV","1Q","IND","1Q IND",2026-05-28 15:21:23.733473,"fd",0.569,-132,-0.0277,-0.0321,-1.6069,0.5413,-118,-1.04344155844156
2026-05-28,"LVA @ DAL","1Q","DAL","1Q DAL",2026-05-28 15:21:23.733473,"dk",0.5455,-120,-0.0638,-0.0702,-3.5111,0.4816,108,-2.27993506493506
2026-05-28,"LVA @ DAL","1Q","DAL","1Q DAL",2026-05-28 15:21:23.733473,"fd",0.5,100,-0.0251,-0.0251,-1.2569,0.4749,111,-0.816168831168831
2026-05-28,"IND @ GSV","1Q","GSV","1Q GSV",2026-05-28 15:21:23.733473,"dk",0.5122,-105,-0.047,-0.0482,-2.4089,0.4652,115,-1.56422077922078
2026-05-28,"IND @ GSV","1Q","GSV","1Q GSV",2026-05-28 15:21:23.733473,"fd",0.495,102,-0.0363,-0.036,-1.7977,0.4587,118,-1.16733766233766
2026-05-28,"LVA @ DAL","1Q","LVA","1Q LVA",2026-05-28 15:51:25.714654,"dk",0.5,100,-0.0042,-0.0042,-0.2094,0.4958,102,-0.135974025974026
2026-05-28,"LVA @ DAL","1Q","LVA","1Q LVA",2026-05-28 15:51:25.714654,"fd",0.5652,-130,-0.0698,-0.0803,-4.0127,0.4954,102,-2.60564935064935
2026-05-28,"IND @ GSV","1Q","IND","1Q IND",2026-05-28 15:51:25.714654,"dk",0.5652,-130,-0.0304,-0.035,-1.7486,0.5348,-115,-1.13545454545455
2026-05-28,"IND @ GSV","1Q","IND","1Q IND",2026-05-28 15:51:25.714654,"fd",0.5745,-135,-0.0332,-0.039,-1.951,0.5413,-118,-1.26688311688312
2026-05-28,"LVA @ DAL","1Q","DAL","1Q DAL",2026-05-28 15:51:25.714654,"dk",0.5745,-135,-0.0703,-0.0826,-4.129,0.5042,-102,-2.68116883116883
2026-05-28,"LVA @ DAL","1Q","DAL","1Q DAL",2026-05-28 15:51:25.714654,"fd",0.5,100,0.0046,0.0046,0.2284,0.5046,-102,0.148311688311688
2026-05-28,"IND @ GSV","1Q","GSV","1Q GSV",2026-05-28 15:51:25.714654,"dk",0.5122,-105,-0.047,-0.0482,-2.4089,0.4652,115,-1.56422077922078
2026-05-28,"IND @ GSV","1Q","GSV","1Q GSV",2026-05-28 15:51:25.714654,"fd",0.4902,104,-0.0315,-0.0309,-1.5426,0.4587,118,-1.00168831168831
2026-05-28,"LVA @ DAL","1Q","LVA","1Q LVA",2026-05-28 16:21:24.240428,"dk",0.5,100,-0.0042,-0.0042,-0.2094,0.4958,102,-0.135974025974026
2026-05-28,"LVA @ DAL","1Q","LVA","1Q LVA",2026-05-28 16:21:24.240428,"fd",0.5652,-130,-0.0698,-0.0803,-4.0127,0.4954,102,-2.60564935064935
2026-05-28,"IND @ GSV","1Q","IND","1Q IND",2026-05-28 16:21:24.240428,"dk",0.5652,-130,-0.0304,-0.035,-1.7486,0.5348,-115,-1.13545454545455
2026-05-28,"IND @ GSV","1Q","IND","1Q IND",2026-05-28 16:21:24.240428,"fd",0.5745,-135,-0.0332,-0.039,-1.951,0.5413,-118,-1.26688311688312
2026-05-28,"LVA @ DAL","1Q","DAL","1Q DAL",2026-05-28 16:21:24.240428,"dk",0.5745,-135,-0.0703,-0.0826,-4.129,0.5042,-102,-2.68116883116883
2026-05-28,"LVA @ DAL","1Q","DAL","1Q DAL",2026-05-28 16:21:24.240428,"fd",0.5,100,0.0046,0.0046,0.2284,0.5046,-102,0.148311688311688
2026-05-28,"IND @ GSV","1Q","GSV","1Q GSV",2026-05-28 16:21:24.240428,"dk",0.5122,-105,-0.047,-0.0482,-2.4089,0.4652,115,-1.56422077922078
2026-05-28,"IND @ GSV","1Q","GSV","1Q GSV",2026-05-28 16:21:24.240428,"fd",0.4902,104,-0.0315,-0.0309,-1.5426,0.4587,118,-1.00168831168831
2026-05-28,"LVA @ DAL","1Q","LVA","1Q LVA",2026-05-28 16:51:23.559221,"dk",0.5,100,-0.0041,-0.0041,-0.2035,0.4959,102,-0.132142857142857
2026-05-28,"LVA @ DAL","1Q","LVA","1Q LVA",2026-05-28 16:51:23.559221,"fd",0.5652,-130,-0.069,-0.0793,-3.9661,0.4962,102,-2.57538961038961
2026-05-28,"IND @ GSV","1Q","IND","1Q IND",2026-05-28 16:51:23.559221,"dk",0.5652,-130,-0.0304,-0.035,-1.7486,0.5348,-115,-1.13545454545455
2026-05-28,"IND @ GSV","1Q","IND","1Q IND",2026-05-28 16:51:23.559221,"fd",0.5798,-138,-0.0386,-0.0459,-2.295,0.5413,-118,-1.49025974025974
2026-05-28,"LVA @ DAL","1Q","DAL","1Q DAL",2026-05-28 16:51:23.559221,"dk",0.5745,-135,-0.0704,-0.0827,-4.1358,0.5041,-102,-2.68558441558442
2026-05-28,"LVA @ DAL","1Q","DAL","1Q DAL",2026-05-28 16:51:23.559221,"fd",0.5,100,0.0038,0.0038,0.1879,0.5038,-102,0.122012987012987
2026-05-28,"IND @ GSV","1Q","GSV","1Q GSV",2026-05-28 16:51:23.559221,"dk",0.5122,-105,-0.047,-0.0482,-2.4089,0.4652,115,-1.56422077922078
2026-05-28,"IND @ GSV","1Q","GSV","1Q GSV",2026-05-28 16:51:23.559221,"fd",0.4854,106,-0.0267,-0.0259,-1.2971,0.4587,118,-0.842272727272727
2026-05-28,"LVA @ DAL","1Q","LVA","1Q LVA",2026-05-28 17:21:23.496351,"dk",0.5,100,-0.0041,-0.0041,-0.2035,0.4959,102,-0.132142857142857
2026-05-28,"LVA @ DAL","1Q","LVA","1Q LVA",2026-05-28 17:21:23.496351,"fd",0.5652,-130,-0.069,-0.0793,-3.9661,0.4962,102,-2.57538961038961
2026-05-28,"IND @ GSV","1Q","IND","1Q IND",2026-05-28 17:21:23.496351,"dk",0.5652,-130,-0.0304,-0.035,-1.7486,0.5348,-115,-1.13545454545455
2026-05-28,"IND @ GSV","1Q","IND","1Q IND",2026-05-28 17:21:23.496351,"fd",0.5798,-138,-0.0386,-0.0459,-2.295,0.5413,-118,-1.49025974025974
2026-05-28,"LVA @ DAL","1Q","DAL","1Q DAL",2026-05-28 17:21:23.496351,"dk",0.5745,-135,-0.0704,-0.0827,-4.1358,0.5041,-102,-2.68558441558442
2026-05-28,"LVA @ DAL","1Q","DAL","1Q DAL",2026-05-28 17:21:23.496351,"fd",0.5,100,0.0038,0.0038,0.1879,0.5038,-102,0.122012987012987
2026-05-28,"IND @ GSV","1Q","GSV","1Q GSV",2026-05-28 17:21:23.496351,"dk",0.5122,-105,-0.047,-0.0482,-2.4089,0.4652,115,-1.56422077922078
2026-05-28,"IND @ GSV","1Q","GSV","1Q GSV",2026-05-28 17:21:23.496351,"fd",0.4854,106,-0.0267,-0.0259,-1.2971,0.4587,118,-0.842272727272727
2026-05-28,"LVA @ DAL","1Q","LVA","1Q LVA",2026-05-28 17:51:23.58899,"dk",0.5,100,-0.0042,-0.0042,-0.2094,0.4958,102,-0.135974025974026
2026-05-28,"LVA @ DAL","1Q","LVA","1Q LVA",2026-05-28 17:51:23.58899,"fd",0.5652,-130,-0.0698,-0.0803,-4.0127,0.4954,102,-2.60564935064935
2026-05-28,"IND @ GSV","1Q","IND","1Q IND",2026-05-28 17:51:23.58899,"dk",0.5652,-130,-0.0304,-0.035,-1.7486,0.5348,-115,-1.13545454545455
2026-05-28,"IND @ GSV","1Q","IND","1Q IND",2026-05-28 17:51:23.58899,"fd",0.5798,-138,-0.0386,-0.0459,-2.295,0.5413,-118,-1.49025974025974
2026-05-28,"LVA @ DAL","1Q","DAL","1Q DAL",2026-05-28 17:51:23.58899,"dk",0.5745,-135,-0.0703,-0.0826,-4.129,0.5042,-102,-2.68116883116883
2026-05-28,"LVA @ DAL","1Q","DAL","1Q DAL",2026-05-28 17:51:23.58899,"fd",0.5,100,0.0046,0.0046,0.2284,0.5046,-102,0.148311688311688
2026-05-28,"IND @ GSV","1Q","GSV","1Q GSV",2026-05-28 17:51:23.58899,"dk",0.5122,-105,-0.047,-0.0482,-2.4089,0.4652,115,-1.56422077922078
2026-05-28,"IND @ GSV","1Q","GSV","1Q GSV",2026-05-28 17:51:23.58899,"fd",0.4854,106,-0.0267,-0.0259,-1.2971,0.4587,118,-0.842272727272727
2026-05-28,"LVA @ DAL","1Q","LVA","1Q LVA",2026-05-28 18:21:24.616037,"dk",0.5,100,-0.0041,-0.0041,-0.2035,0.4959,102,-0.132142857142857
2026-05-28,"LVA @ DAL","1Q","LVA","1Q LVA",2026-05-28 18:21:24.616037,"fd",0.5652,-130,-0.069,-0.0793,-3.9661,0.4962,102,-2.57538961038961
2026-05-28,"IND @ GSV","1Q","IND","1Q IND",2026-05-28 18:21:24.616037,"dk",0.5652,-130,-0.0304,-0.035,-1.7486,0.5348,-115,-1.13545454545455
2026-05-28,"IND @ GSV","1Q","IND","1Q IND",2026-05-28 18:21:24.616037,"fd",0.5798,-138,-0.0386,-0.0459,-2.295,0.5413,-118,-1.49025974025974
2026-05-28,"LVA @ DAL","1Q","DAL","1Q DAL",2026-05-28 18:21:24.616037,"dk",0.5745,-135,-0.0704,-0.0827,-4.1358,0.5041,-102,-2.68558441558442
2026-05-28,"LVA @ DAL","1Q","DAL","1Q DAL",2026-05-28 18:21:24.616037,"fd",0.5,100,0.0038,0.0038,0.1879,0.5038,-102,0.122012987012987
2026-05-28,"IND @ GSV","1Q","GSV","1Q GSV",2026-05-28 18:21:24.616037,"dk",0.5122,-105,-0.047,-0.0482,-2.4089,0.4652,115,-1.56422077922078
2026-05-28,"IND @ GSV","1Q","GSV","1Q GSV",2026-05-28 18:21:24.616037,"fd",0.4854,106,-0.0267,-0.0259,-1.2971,0.4587,118,-0.842272727272727
2026-05-28,"LVA @ DAL","1Q","LVA","1Q LVA",2026-05-28 18:51:23.53703,"dk",0.5,100,-0.0042,-0.0042,-0.2094,0.4958,102,-0.135974025974026
2026-05-28,"LVA @ DAL","1Q","LVA","1Q LVA",2026-05-28 18:51:23.53703,"fd",0.5652,-130,-0.0698,-0.0803,-4.0127,0.4954,102,-2.60564935064935
2026-05-28,"IND @ GSV","1Q","IND","1Q IND",2026-05-28 18:51:23.53703,"dk",0.5652,-130,-0.0304,-0.035,-1.7486,0.5348,-115,-1.13545454545455
2026-05-28,"IND @ GSV","1Q","IND","1Q IND",2026-05-28 18:51:23.53703,"fd",0.5798,-138,-0.0386,-0.0459,-2.295,0.5413,-118,-1.49025974025974
2026-05-28,"LVA @ DAL","1Q","DAL","1Q DAL",2026-05-28 18:51:23.53703,"dk",0.5745,-135,-0.0703,-0.0826,-4.129,0.5042,-102,-2.68116883116883
2026-05-28,"LVA @ DAL","1Q","DAL","1Q DAL",2026-05-28 18:51:23.53703,"fd",0.5,100,0.0046,0.0046,0.2284,0.5046,-102,0.148311688311688
2026-05-28,"IND @ GSV","1Q","GSV","1Q GSV",2026-05-28 18:51:23.53703,"dk",0.5122,-105,-0.047,-0.0482,-2.4089,0.4652,115,-1.56422077922078
2026-05-28,"IND @ GSV","1Q","GSV","1Q GSV",2026-05-28 18:51:23.53703,"fd",0.4854,106,-0.0267,-0.0259,-1.2971,0.4587,118,-0.842272727272727
2026-05-28,"LVA @ DAL","1Q","LVA","1Q LVA",2026-05-28 19:21:24.345234,"dk",0.5,100,-0.0042,-0.0042,-0.2094,0.4958,102,-0.135974025974026
2026-05-28,"LVA @ DAL","1Q","LVA","1Q LVA",2026-05-28 19:21:24.345234,"fd",0.5652,-130,-0.0698,-0.0803,-4.0127,0.4954,102,-2.60564935064935
2026-05-28,"IND @ GSV","1Q","IND","1Q IND",2026-05-28 19:21:24.345234,"dk",0.5652,-130,-0.0304,-0.035,-1.7486,0.5348,-115,-1.13545454545455
2026-05-28,"IND @ GSV","1Q","IND","1Q IND",2026-05-28 19:21:24.345234,"fd",0.5798,-138,-0.0386,-0.0459,-2.295,0.5413,-118,-1.49025974025974
2026-05-28,"LVA @ DAL","1Q","DAL","1Q DAL",2026-05-28 19:21:24.345234,"dk",0.5745,-135,-0.0703,-0.0826,-4.129,0.5042,-102,-2.68116883116883
2026-05-28,"LVA @ DAL","1Q","DAL","1Q DAL",2026-05-28 19:21:24.345234,"fd",0.5,100,0.0046,0.0046,0.2284,0.5046,-102,0.148311688311688
2026-05-28,"IND @ GSV","1Q","GSV","1Q GSV",2026-05-28 19:21:24.345234,"dk",0.5122,-105,-0.047,-0.0482,-2.4089,0.4652,115,-1.56422077922078
2026-05-28,"IND @ GSV","1Q","GSV","1Q GSV",2026-05-28 19:21:24.345234,"fd",0.4854,106,-0.0267,-0.0259,-1.2971,0.4587,118,-0.842272727272727
2026-05-28,"LVA @ DAL","1Q","LVA","1Q LVA",2026-05-28 19:51:24.051814,"dk",0.5,100,-0.0041,-0.0041,-0.2035,0.4959,102,-0.132142857142857
2026-05-28,"LVA @ DAL","1Q","LVA","1Q LVA",2026-05-28 19:51:24.051814,"fd",0.5652,-130,-0.069,-0.0793,-3.9661,0.4962,102,-2.57538961038961
2026-05-28,"IND @ GSV","1Q","IND","1Q IND",2026-05-28 19:51:24.051814,"dk",0.5652,-130,-0.0304,-0.035,-1.7486,0.5348,-115,-1.13545454545455
2026-05-28,"IND @ GSV","1Q","IND","1Q IND",2026-05-28 19:51:24.051814,"fd",0.5798,-138,-0.0386,-0.0459,-2.295,0.5413,-118,-1.49025974025974
2026-05-28,"LVA @ DAL","1Q","DAL","1Q DAL",2026-05-28 19:51:24.051814,"dk",0.5745,-135,-0.0704,-0.0827,-4.1358,0.5041,-102,-2.68558441558442
2026-05-28,"LVA @ DAL","1Q","DAL","1Q DAL",2026-05-28 19:51:24.051814,"fd",0.5,100,0.0038,0.0038,0.1879,0.5038,-102,0.122012987012987
2026-05-28,"IND @ GSV","1Q","GSV","1Q GSV",2026-05-28 19:51:24.051814,"dk",0.5122,-105,-0.047,-0.0482,-2.4089,0.4652,115,-1.56422077922078
2026-05-28,"IND @ GSV","1Q","GSV","1Q GSV",2026-05-28 19:51:24.051814,"fd",0.4854,106,-0.0267,-0.0259,-1.2971,0.4587,118,-0.842272727272727
2026-05-28,"LVA @ DAL","1Q","LVA","1Q LVA",2026-05-28 20:21:23.330576,"dk",0.5,100,-0.0041,-0.0041,-0.2035,0.4959,102,-0.132142857142857
2026-05-28,"LVA @ DAL","1Q","LVA","1Q LVA",2026-05-28 20:21:23.330576,"fd",0.5652,-130,-0.069,-0.0793,-3.9661,0.4962,102,-2.57538961038961
2026-05-28,"IND @ GSV","1Q","IND","1Q IND",2026-05-28 20:21:23.330576,"dk",0.5652,-130,-0.0304,-0.035,-1.7486,0.5348,-115,-1.13545454545455
2026-05-28,"IND @ GSV","1Q","IND","1Q IND",2026-05-28 20:21:23.330576,"fd",0.5798,-138,-0.0386,-0.0459,-2.295,0.5413,-118,-1.49025974025974
2026-05-28,"LVA @ DAL","1Q","DAL","1Q DAL",2026-05-28 20:21:23.330576,"dk",0.5745,-135,-0.0704,-0.0827,-4.1358,0.5041,-102,-2.68558441558442
2026-05-28,"LVA @ DAL","1Q","DAL","1Q DAL",2026-05-28 20:21:23.330576,"fd",0.5,100,0.0038,0.0038,0.1879,0.5038,-102,0.122012987012987
2026-05-28,"IND @ GSV","1Q","GSV","1Q GSV",2026-05-28 20:21:23.330576,"dk",0.5122,-105,-0.047,-0.0482,-2.4089,0.4652,115,-1.56422077922078
2026-05-28,"IND @ GSV","1Q","GSV","1Q GSV",2026-05-28 20:21:23.330576,"fd",0.4854,106,-0.0267,-0.0259,-1.2971,0.4587,118,-0.842272727272727
2026-05-28,"LVA @ DAL","1Q","LVA","1Q LVA",2026-05-28 20:51:24.838695,"dk",0.5,100,-0.0041,-0.0041,-0.2035,0.4959,102,-0.132142857142857
2026-05-28,"LVA @ DAL","1Q","LVA","1Q LVA",2026-05-28 20:51:24.838695,"fd",0.5652,-130,-0.069,-0.0793,-3.9661,0.4962,102,-2.57538961038961
2026-05-28,"IND @ GSV","1Q","IND","1Q IND",2026-05-28 20:51:24.838695,"dk",0.5652,-130,-0.0304,-0.035,-1.7486,0.5348,-115,-1.13545454545455
2026-05-28,"IND @ GSV","1Q","IND","1Q IND",2026-05-28 20:51:24.838695,"fd",0.5798,-138,-0.0386,-0.0459,-2.295,0.5413,-118,-1.49025974025974
2026-05-28,"LVA @ DAL","1Q","DAL","1Q DAL",2026-05-28 20:51:24.838695,"dk",0.5745,-135,-0.0704,-0.0827,-4.1358,0.5041,-102,-2.68558441558442
2026-05-28,"LVA @ DAL","1Q","DAL","1Q DAL",2026-05-28 20:51:24.838695,"fd",0.5,100,0.0038,0.0038,0.1879,0.5038,-102,0.122012987012987
2026-05-28,"IND @ GSV","1Q","GSV","1Q GSV",2026-05-28 20:51:24.838695,"dk",0.5122,-105,-0.047,-0.0482,-2.4089,0.4652,115,-1.56422077922078
2026-05-28,"IND @ GSV","1Q","GSV","1Q GSV",2026-05-28 20:51:24.838695,"fd",0.4854,106,-0.0267,-0.0259,-1.2971,0.4587,118,-0.842272727272727
2026-05-28,"LVA @ DAL","1Q","LVA","1Q LVA",2026-05-28 21:21:23.676906,"dk",0.5,100,-0.0041,-0.0041,-0.2035,0.4959,102,-0.132142857142857
2026-05-28,"LVA @ DAL","1Q","LVA","1Q LVA",2026-05-28 21:21:23.676906,"fd",0.5652,-130,-0.069,-0.0793,-3.9661,0.4962,102,-2.57538961038961
2026-05-28,"IND @ GSV","1Q","IND","1Q IND",2026-05-28 21:21:23.676906,"dk",0.5652,-130,-0.0304,-0.035,-1.7486,0.5348,-115,-1.13545454545455
2026-05-28,"IND @ GSV","1Q","IND","1Q IND",2026-05-28 21:21:23.676906,"fd",0.5798,-138,-0.0386,-0.0459,-2.295,0.5413,-118,-1.49025974025974
2026-05-28,"LVA @ DAL","1Q","DAL","1Q DAL",2026-05-28 21:21:23.676906,"dk",0.5745,-135,-0.0704,-0.0827,-4.1358,0.5041,-102,-2.68558441558442
2026-05-28,"LVA @ DAL","1Q","DAL","1Q DAL",2026-05-28 21:21:23.676906,"fd",0.5,100,0.0038,0.0038,0.1879,0.5038,-102,0.122012987012987
2026-05-28,"IND @ GSV","1Q","GSV","1Q GSV",2026-05-28 21:21:23.676906,"dk",0.5122,-105,-0.047,-0.0482,-2.4089,0.4652,115,-1.56422077922078
2026-05-28,"IND @ GSV","1Q","GSV","1Q GSV",2026-05-28 21:21:23.676906,"fd",0.4854,106,-0.0267,-0.0259,-1.2971,0.4587,118,-0.842272727272727
2026-05-28,"LVA @ DAL","1Q","LVA","1Q LVA",2026-05-28 21:51:25.194913,"dk",0.5,100,-0.0041,-0.0041,-0.2035,0.4959,102,-0.132142857142857
2026-05-28,"LVA @ DAL","1Q","LVA","1Q LVA",2026-05-28 21:51:25.194913,"fd",0.5652,-130,-0.069,-0.0793,-3.9661,0.4962,102,-2.57538961038961
2026-05-28,"IND @ GSV","1Q","IND","1Q IND",2026-05-28 21:51:25.194913,"dk",0.5652,-130,-0.0304,-0.035,-1.7486,0.5348,-115,-1.13545454545455
2026-05-28,"IND @ GSV","1Q","IND","1Q IND",2026-05-28 21:51:25.194913,"fd",0.5798,-138,-0.0386,-0.0459,-2.295,0.5413,-118,-1.49025974025974
2026-05-28,"LVA @ DAL","1Q","DAL","1Q DAL",2026-05-28 21:51:25.194913,"dk",0.5745,-135,-0.0704,-0.0827,-4.1358,0.5041,-102,-2.68558441558442
2026-05-28,"LVA @ DAL","1Q","DAL","1Q DAL",2026-05-28 21:51:25.194913,"fd",0.5,100,0.0038,0.0038,0.1879,0.5038,-102,0.122012987012987
2026-05-28,"IND @ GSV","1Q","GSV","1Q GSV",2026-05-28 21:51:25.194913,"dk",0.5122,-105,-0.047,-0.0482,-2.4089,0.4652,115,-1.56422077922078
2026-05-28,"IND @ GSV","1Q","GSV","1Q GSV",2026-05-28 21:51:25.194913,"fd",0.4854,106,-0.0267,-0.0259,-1.2971,0.4587,118,-0.842272727272727
2026-05-28,"LVA @ DAL","1Q","LVA","1Q LVA",2026-05-28 22:21:18.604478,"dk",0.5,100,0.0071,0.0071,0.3531,0.5071,-103,0.229285714285714
2026-05-28,"LVA @ DAL","1Q","LVA","1Q LVA",2026-05-28 22:21:18.604478,"fd",0.5652,-130,-0.0538,-0.0619,-3.0961,0.5114,-105,-2.01045454545455
2026-05-28,"IND @ GSV","1Q","IND","1Q IND",2026-05-28 22:21:18.604478,"dk",0.5652,-130,-0.0304,-0.035,-1.7486,0.5348,-115,-1.13545454545455
2026-05-28,"IND @ GSV","1Q","IND","1Q IND",2026-05-28 22:21:18.604478,"fd",0.5798,-138,-0.0386,-0.0459,-2.295,0.5413,-118,-1.49025974025974
2026-05-28,"LVA @ DAL","1Q","DAL","1Q DAL",2026-05-28 22:21:18.604478,"dk",0.5745,-135,-0.0815,-0.0958,-4.7899,0.4929,103,-3.11032467532468
2026-05-28,"LVA @ DAL","1Q","DAL","1Q DAL",2026-05-28 22:21:18.604478,"fd",0.5,100,-0.0114,-0.0114,-0.5686,0.4886,105,-0.369220779220779
2026-05-28,"IND @ GSV","1Q","GSV","1Q GSV",2026-05-28 22:21:18.604478,"dk",0.5122,-105,-0.047,-0.0482,-2.4089,0.4652,115,-1.56422077922078
2026-05-28,"IND @ GSV","1Q","GSV","1Q GSV",2026-05-28 22:21:18.604478,"fd",0.4854,106,-0.0267,-0.0259,-1.2971,0.4587,118,-0.842272727272727
2026-05-28,"LVA @ DAL","1Q","LVA","1Q LVA",2026-05-28 22:51:18.893959,"dk",0.5,100,0.0071,0.0071,0.3531,0.5071,-103,0.229285714285714
2026-05-28,"LVA @ DAL","1Q","LVA","1Q LVA",2026-05-28 22:51:18.893959,"fd",0.5652,-130,-0.0538,-0.0619,-3.0961,0.5114,-105,-2.01045454545455
2026-05-28,"IND @ GSV","1Q","IND","1Q IND",2026-05-28 22:51:18.893959,"dk",0.5652,-130,-0.0304,-0.035,-1.7486,0.5348,-115,-1.13545454545455
2026-05-28,"IND @ GSV","1Q","IND","1Q IND",2026-05-28 22:51:18.893959,"fd",0.5798,-138,-0.0386,-0.0459,-2.295,0.5413,-118,-1.49025974025974
2026-05-28,"LVA @ DAL","1Q","DAL","1Q DAL",2026-05-28 22:51:18.893959,"dk",0.5745,-135,-0.0815,-0.0958,-4.7899,0.4929,103,-3.11032467532468
2026-05-28,"LVA @ DAL","1Q","DAL","1Q DAL",2026-05-28 22:51:18.893959,"fd",0.5,100,-0.0114,-0.0114,-0.5686,0.4886,105,-0.369220779220779
2026-05-28,"IND @ GSV","1Q","GSV","1Q GSV",2026-05-28 22:51:18.893959,"dk",0.5122,-105,-0.047,-0.0482,-2.4089,0.4652,115,-1.56422077922078
2026-05-28,"IND @ GSV","1Q","GSV","1Q GSV",2026-05-28 22:51:18.893959,"fd",0.4854,106,-0.0267,-0.0259,-1.2971,0.4587,118,-0.842272727272727
2026-05-28,"LVA @ DAL","1Q","LVA","1Q LVA",2026-05-28 23:21:20.377752,"dk",0.5,100,0.0071,0.0071,0.3531,0.5071,-103,0.229285714285714
2026-05-28,"LVA @ DAL","1Q","LVA","1Q LVA",2026-05-28 23:21:20.377752,"fd",0.5652,-130,-0.0538,-0.0619,-3.0961,0.5114,-105,-2.01045454545455
2026-05-28,"IND @ GSV","1Q","IND","1Q IND",2026-05-28 23:21:20.377752,"dk",0.5652,-130,-0.0304,-0.035,-1.7486,0.5348,-115,-1.13545454545455
2026-05-28,"IND @ GSV","1Q","IND","1Q IND",2026-05-28 23:21:20.377752,"fd",0.5833,-140,-0.0421,-0.0505,-2.5244,0.5413,-118,-1.63922077922078
2026-05-28,"LVA @ DAL","1Q","DAL","1Q DAL",2026-05-28 23:21:20.377752,"dk",0.5745,-135,-0.0815,-0.0958,-4.7899,0.4929,103,-3.11032467532468
2026-05-28,"LVA @ DAL","1Q","DAL","1Q DAL",2026-05-28 23:21:20.377752,"fd",0.5,100,-0.0114,-0.0114,-0.5686,0.4886,105,-0.369220779220779
2026-05-28,"IND @ GSV","1Q","GSV","1Q GSV",2026-05-28 23:21:20.377752,"dk",0.5122,-105,-0.047,-0.0482,-2.4089,0.4652,115,-1.56422077922078
2026-05-28,"IND @ GSV","1Q","GSV","1Q GSV",2026-05-28 23:21:20.377752,"fd",0.4808,108,-0.022,-0.0212,-1.0607,0.4587,118,-0.688766233766234
2026-05-28,"LVA @ DAL","1Q","LVA","1Q LVA",2026-05-28 23:51:18.960969,"dk",0.5,100,0.009,0.009,0.4481,0.509,-104,0.290974025974026
2026-05-28,"LVA @ DAL","1Q","LVA","1Q LVA",2026-05-28 23:51:18.960969,"fd",0.5652,-130,-0.052,-0.0597,-2.9875,0.5133,-105,-1.93993506493506
2026-05-28,"IND @ GSV","1Q","IND","1Q IND",2026-05-28 23:51:18.960969,"dk",0.5652,-130,-0.0304,-0.035,-1.7486,0.5348,-115,-1.13545454545455
2026-05-28,"IND @ GSV","1Q","IND","1Q IND",2026-05-28 23:51:18.960969,"fd",0.5798,-138,-0.0386,-0.0459,-2.295,0.5413,-118,-1.49025974025974
2026-05-28,"LVA @ DAL","1Q","DAL","1Q DAL",2026-05-28 23:51:18.960969,"dk",0.5745,-135,-0.0834,-0.098,-4.9015,0.491,104,-3.18279220779221
2026-05-28,"LVA @ DAL","1Q","DAL","1Q DAL",2026-05-28 23:51:18.960969,"fd",0.5,100,-0.0133,-0.0133,-0.6631,0.4867,105,-0.430584415584416
2026-05-28,"IND @ GSV","1Q","GSV","1Q GSV",2026-05-28 23:51:18.960969,"dk",0.5122,-105,-0.047,-0.0482,-2.4089,0.4652,115,-1.56422077922078
2026-05-28,"IND @ GSV","1Q","GSV","1Q GSV",2026-05-28 23:51:18.960969,"fd",0.4854,106,-0.0267,-0.0259,-1.2971,0.4587,118,-0.842272727272727
2026-05-28,"LVA @ DAL","1Q","LVA","1Q LVA",2026-05-29 00:21:18.013583,"dk",0.5,100,0.009,0.009,0.4481,0.509,-104,0.290974025974026
2026-05-28,"LVA @ DAL","1Q","LVA","1Q LVA",2026-05-29 00:21:18.013583,"fd",0.5652,-130,-0.052,-0.0597,-2.9875,0.5133,-105,-1.93993506493506
2026-05-28,"IND @ GSV","1Q","IND","1Q IND",2026-05-29 00:21:18.013583,"dk",0.5652,-130,-0.0304,-0.035,-1.7486,0.5348,-115,-1.13545454545455
2026-05-28,"IND @ GSV","1Q","IND","1Q IND",2026-05-29 00:21:18.013583,"fd",0.5798,-138,-0.0386,-0.0459,-2.295,0.5413,-118,-1.49025974025974
2026-05-28,"LVA @ DAL","1Q","DAL","1Q DAL",2026-05-29 00:21:18.013583,"dk",0.5745,-135,-0.0834,-0.098,-4.9015,0.491,104,-3.18279220779221
2026-05-28,"LVA @ DAL","1Q","DAL","1Q DAL",2026-05-29 00:21:18.013583,"fd",0.5,100,-0.0133,-0.0133,-0.6631,0.4867,105,-0.430584415584416
2026-05-28,"IND @ GSV","1Q","GSV","1Q GSV",2026-05-29 00:21:18.013583,"dk",0.5122,-105,-0.047,-0.0482,-2.4089,0.4652,115,-1.56422077922078
2026-05-28,"IND @ GSV","1Q","GSV","1Q GSV",2026-05-29 00:21:18.013583,"fd",0.4854,106,-0.0267,-0.0259,-1.2971,0.4587,118,-0.842272727272727
2026-05-28,"IND @ GSV","1Q","IND","1Q IND",2026-05-29 00:51:18.925077,"dk",0.5652,-130,-0.0304,-0.035,-1.7486,0.5348,-115,-1.13545454545455
2026-05-28,"IND @ GSV","1Q","IND","1Q IND",2026-05-29 00:51:18.925077,"fd",0.5798,-138,-0.0386,-0.0459,-2.295,0.5413,-118,-1.49025974025974
2026-05-28,"IND @ GSV","1Q","GSV","1Q GSV",2026-05-29 00:51:18.925077,"dk",0.5122,-105,-0.047,-0.0482,-2.4089,0.4652,115,-1.56422077922078
2026-05-28,"IND @ GSV","1Q","GSV","1Q GSV",2026-05-29 00:51:18.925077,"fd",0.4854,106,-0.0267,-0.0259,-1.2971,0.4587,118,-0.842272727272727
2026-05-28,"IND @ GSV","1Q","IND","1Q IND",2026-05-29 01:21:18.755111,"dk",0.5652,-130,-0.0304,-0.035,-1.7486,0.5348,-115,-1.13545454545455
2026-05-28,"IND @ GSV","1Q","IND","1Q IND",2026-05-29 01:21:18.755111,"fd",0.5798,-138,-0.0386,-0.0459,-2.295,0.5413,-118,-1.49025974025974
2026-05-28,"IND @ GSV","1Q","GSV","1Q GSV",2026-05-29 01:21:18.755111,"dk",0.5122,-105,-0.047,-0.0482,-2.4089,0.4652,115,-1.56422077922078
2026-05-28,"IND @ GSV","1Q","GSV","1Q GSV",2026-05-29 01:21:18.755111,"fd",0.4854,106,-0.0267,-0.0259,-1.2971,0.4587,118,-0.842272727272727
2026-05-28,"IND @ GSV","1Q","IND","1Q IND",2026-05-29 01:51:18.607594,"dk",0.5652,-130,-0.0304,-0.035,-1.7486,0.5348,-115,-1.13545454545455
2026-05-28,"IND @ GSV","1Q","IND","1Q IND",2026-05-29 01:51:18.607594,"fd",0.5798,-138,-0.0386,-0.0459,-2.295,0.5413,-118,-1.49025974025974
2026-05-28,"IND @ GSV","1Q","GSV","1Q GSV",2026-05-29 01:51:18.607594,"dk",0.5122,-105,-0.047,-0.0482,-2.4089,0.4652,115,-1.56422077922078
2026-05-28,"IND @ GSV","1Q","GSV","1Q GSV",2026-05-29 01:51:18.607594,"fd",0.4854,106,-0.0267,-0.0259,-1.2971,0.4587,118,-0.842272727272727
2026-05-28,"IND @ GSV","1Q","IND","1Q IND",2026-05-29 02:21:19.925729,"dk",0.5652,-130,-0.0305,-0.0351,-1.7553,0.5347,-115,-1.13980519480519
2026-05-28,"IND @ GSV","1Q","IND","1Q IND",2026-05-29 02:21:19.925729,"fd",0.5798,-138,-0.0394,-0.0469,-2.3429,0.5405,-118,-1.52136363636364
2026-05-28,"IND @ GSV","1Q","GSV","1Q GSV",2026-05-29 02:21:19.925729,"dk",0.5122,-105,-0.0469,-0.0481,-2.4029,0.4653,115,-1.56032467532468
2026-05-28,"IND @ GSV","1Q","GSV","1Q GSV",2026-05-29 02:21:19.925729,"fd",0.4854,106,-0.0259,-0.0252,-1.258,0.4595,118,-0.816883116883117
2026-05-29,"PHX @ NYL","1Q","NYL","1Q NYL",2026-05-29 12:21:51.170269,"fd",0.5652,-130,-0.0576,-0.0663,-3.313,0.5076,-103,-2.1512987012987
2026-05-29,"LAS @ WAS","1Q","LAS","1Q LAS",2026-05-29 12:21:51.170269,"fd",0.4808,108,0.0099,0.0095,0.4746,0.4906,104,0.308181818181818
2026-05-29,"MIN @ CHI","1Q","MIN","1Q MIN",2026-05-29 12:21:51.170269,"fd",0.4237,136,0.0424,0.0368,1.8407,0.4662,115,1.19525974025974
2026-05-29,"ATL @ PDX","1Q","PDX","1Q PDX",2026-05-29 12:21:51.170269,"fd",0.495,102,-0.051,-0.0505,-2.5251,0.444,125,-1.63967532467532
2026-05-29,"PHX @ NYL","1Q","PHX","1Q PHX",2026-05-29 12:21:51.170269,"fd",0.5,100,-0.0076,-0.0076,-0.38,0.4924,103,-0.246753246753247
2026-05-29,"LAS @ WAS","1Q","WAS","1Q WAS",2026-05-29 12:21:51.170269,"fd",0.5833,-140,-0.074,-0.0888,-4.4376,0.5094,-104,-2.88155844155844
2026-05-29,"MIN @ CHI","1Q","CHI","1Q CHI",2026-05-29 12:21:51.170269,"fd",0.6403,-178,-0.1064,-0.148,-7.398,0.5338,-115,-4.8038961038961
2026-05-29,"ATL @ PDX","1Q","ATL","1Q ATL",2026-05-29 12:21:51.170269,"fd",0.569,-132,-0.013,-0.0151,-0.7547,0.556,-125,-0.490064935064935
2026-05-29,"PHX @ NYL","1Q","NYL","1Q NYL",2026-05-29 12:51:23.644942,"fd",0.5652,-130,-0.0576,-0.0663,-3.313,0.5076,-103,-2.1512987012987
2026-05-29,"LAS @ WAS","1Q","LAS","1Q LAS",2026-05-29 12:51:23.644942,"fd",0.4808,108,0.0099,0.0095,0.4746,0.4906,104,0.308181818181818
2026-05-29,"MIN @ CHI","1Q","MIN","1Q MIN",2026-05-29 12:51:23.644942,"fd",0.4237,136,0.0424,0.0368,1.8407,0.4662,115,1.19525974025974
2026-05-29,"ATL @ PDX","1Q","PDX","1Q PDX",2026-05-29 12:51:23.644942,"fd",0.495,102,-0.051,-0.0505,-2.5251,0.444,125,-1.63967532467532
2026-05-29,"PHX @ NYL","1Q","PHX","1Q PHX",2026-05-29 12:51:23.644942,"fd",0.5,100,-0.0076,-0.0076,-0.38,0.4924,103,-0.246753246753247
2026-05-29,"LAS @ WAS","1Q","WAS","1Q WAS",2026-05-29 12:51:23.644942,"fd",0.5833,-140,-0.074,-0.0888,-4.4376,0.5094,-104,-2.88155844155844
2026-05-29,"MIN @ CHI","1Q","CHI","1Q CHI",2026-05-29 12:51:23.644942,"fd",0.6403,-178,-0.1064,-0.148,-7.398,0.5338,-115,-4.8038961038961
2026-05-29,"ATL @ PDX","1Q","ATL","1Q ATL",2026-05-29 12:51:23.644942,"fd",0.569,-132,-0.013,-0.0151,-0.7547,0.556,-125,-0.490064935064935
2026-05-29,"PHX @ NYL","1Q","NYL","1Q NYL",2026-05-29 13:21:22.893914,"fd",0.5652,-130,-0.0576,-0.0663,-3.313,0.5076,-103,-2.1512987012987
2026-05-29,"LAS @ WAS","1Q","LAS","1Q LAS",2026-05-29 13:21:22.893914,"fd",0.4808,108,0.0099,0.0095,0.4746,0.4906,104,0.308181818181818
2026-05-29,"MIN @ CHI","1Q","MIN","1Q MIN",2026-05-29 13:21:22.893914,"fd",0.4237,136,0.0424,0.0368,1.8407,0.4662,115,1.19525974025974
2026-05-29,"ATL @ PDX","1Q","PDX","1Q PDX",2026-05-29 13:21:22.893914,"fd",0.495,102,-0.051,-0.0505,-2.5251,0.444,125,-1.63967532467532
2026-05-29,"PHX @ NYL","1Q","PHX","1Q PHX",2026-05-29 13:21:22.893914,"fd",0.5,100,-0.0076,-0.0076,-0.38,0.4924,103,-0.246753246753247
2026-05-29,"LAS @ WAS","1Q","WAS","1Q WAS",2026-05-29 13:21:22.893914,"fd",0.5833,-140,-0.074,-0.0888,-4.4376,0.5094,-104,-2.88155844155844
2026-05-29,"MIN @ CHI","1Q","CHI","1Q CHI",2026-05-29 13:21:22.893914,"fd",0.6403,-178,-0.1064,-0.148,-7.398,0.5338,-115,-4.8038961038961
2026-05-29,"ATL @ PDX","1Q","ATL","1Q ATL",2026-05-29 13:21:22.893914,"fd",0.569,-132,-0.013,-0.0151,-0.7547,0.556,-125,-0.490064935064935
2026-05-29,"PHX @ NYL","1Q","NYL","1Q NYL",2026-05-29 13:51:23.487102,"fd",0.5652,-130,-0.0576,-0.0663,-3.313,0.5076,-103,-2.1512987012987
2026-05-29,"LAS @ WAS","1Q","LAS","1Q LAS",2026-05-29 13:51:23.487102,"fd",0.4808,108,0.0099,0.0095,0.4746,0.4906,104,0.308181818181818
2026-05-29,"MIN @ CHI","1Q","MIN","1Q MIN",2026-05-29 13:51:23.487102,"fd",0.4237,136,0.0424,0.0368,1.8407,0.4662,115,1.19525974025974
2026-05-29,"ATL @ PDX","1Q","PDX","1Q PDX",2026-05-29 13:51:23.487102,"fd",0.495,102,-0.051,-0.0505,-2.5251,0.444,125,-1.63967532467532
2026-05-29,"PHX @ NYL","1Q","PHX","1Q PHX",2026-05-29 13:51:23.487102,"fd",0.5,100,-0.0076,-0.0076,-0.38,0.4924,103,-0.246753246753247
2026-05-29,"LAS @ WAS","1Q","WAS","1Q WAS",2026-05-29 13:51:23.487102,"fd",0.5833,-140,-0.074,-0.0888,-4.4376,0.5094,-104,-2.88155844155844
2026-05-29,"MIN @ CHI","1Q","CHI","1Q CHI",2026-05-29 13:51:23.487102,"fd",0.6403,-178,-0.1064,-0.148,-7.398,0.5338,-115,-4.8038961038961
2026-05-29,"ATL @ PDX","1Q","ATL","1Q ATL",2026-05-29 13:51:23.487102,"fd",0.569,-132,-0.013,-0.0151,-0.7547,0.556,-125,-0.490064935064935
2026-05-29,"PHX @ NYL","1Q","NYL","1Q NYL",2026-05-29 14:21:22.504282,"fd",0.5652,-130,-0.0576,-0.0663,-3.313,0.5076,-103,-2.1512987012987
2026-05-29,"LAS @ WAS","1Q","LAS","1Q LAS",2026-05-29 14:21:22.504282,"fd",0.4808,108,0.0099,0.0095,0.4746,0.4906,104,0.308181818181818
2026-05-29,"MIN @ CHI","1Q","MIN","1Q MIN",2026-05-29 14:21:22.504282,"fd",0.4237,136,0.0424,0.0368,1.8407,0.4662,115,1.19525974025974
2026-05-29,"ATL @ PDX","1Q","PDX","1Q PDX",2026-05-29 14:21:22.504282,"fd",0.495,102,-0.0502,-0.0498,-2.4878,0.4448,125,-1.61545454545455
2026-05-29,"PHX @ NYL","1Q","PHX","1Q PHX",2026-05-29 14:21:22.504282,"fd",0.5,100,-0.0076,-0.0076,-0.38,0.4924,103,-0.246753246753247
2026-05-29,"LAS @ WAS","1Q","WAS","1Q WAS",2026-05-29 14:21:22.504282,"fd",0.5833,-140,-0.074,-0.0888,-4.4376,0.5094,-104,-2.88155844155844
2026-05-29,"MIN @ CHI","1Q","CHI","1Q CHI",2026-05-29 14:21:22.504282,"fd",0.6403,-178,-0.1064,-0.148,-7.398,0.5338,-115,-4.8038961038961
2026-05-29,"ATL @ PDX","1Q","ATL","1Q ATL",2026-05-29 14:21:22.504282,"fd",0.569,-132,-0.0138,-0.016,-0.7985,0.5552,-125,-0.518506493506493
2026-05-29,"PHX @ NYL","1Q","NYL","1Q NYL",2026-05-29 14:51:23.481099,"fd",0.5652,-130,-0.0576,-0.0663,-3.313,0.5076,-103,-2.1512987012987
2026-05-29,"LAS @ WAS","1Q","LAS","1Q LAS",2026-05-29 14:51:23.481099,"dk",0.4878,105,0.0067,0.0065,0.3273,0.4945,102,0.212532467532468
2026-05-29,"LAS @ WAS","1Q","LAS","1Q LAS",2026-05-29 14:51:23.481099,"fd",0.4808,108,0.0099,0.0095,0.4746,0.4906,104,0.308181818181818
2026-05-29,"MIN @ CHI","1Q","MIN","1Q MIN",2026-05-29 14:51:23.481099,"dk",0.4651,115,0.0108,0.0101,0.5033,0.4759,110,0.326818181818182
2026-05-29,"MIN @ CHI","1Q","MIN","1Q MIN",2026-05-29 14:51:23.481099,"fd",0.4237,136,0.0424,0.0368,1.8407,0.4662,115,1.19525974025974
2026-05-29,"ATL @ PDX","1Q","PDX","1Q PDX",2026-05-29 14:51:23.481099,"fd",0.495,102,-0.0502,-0.0498,-2.4878,0.4448,125,-1.61545454545455
2026-05-29,"PHX @ NYL","1Q","PHX","1Q PHX",2026-05-29 14:51:23.481099,"fd",0.5,100,-0.0076,-0.0076,-0.38,0.4924,103,-0.246753246753247
2026-05-29,"LAS @ WAS","1Q","WAS","1Q WAS",2026-05-29 14:51:23.481099,"dk",0.5918,-145,-0.0863,-0.1058,-5.2888,0.5055,-102,-3.43428571428571
2026-05-29,"LAS @ WAS","1Q","WAS","1Q WAS",2026-05-29 14:51:23.481099,"fd",0.5833,-140,-0.074,-0.0888,-4.4376,0.5094,-104,-2.88155844155844
2026-05-29,"MIN @ CHI","1Q","CHI","1Q CHI",2026-05-29 14:51:23.481099,"dk",0.6154,-160,-0.0913,-0.1186,-5.9325,0.5241,-110,-3.85227272727273
2026-05-29,"MIN @ CHI","1Q","CHI","1Q CHI",2026-05-29 14:51:23.481099,"fd",0.6403,-178,-0.1064,-0.148,-7.398,0.5338,-115,-4.8038961038961
2026-05-29,"ATL @ PDX","1Q","ATL","1Q ATL",2026-05-29 14:51:23.481099,"fd",0.569,-132,-0.0138,-0.016,-0.7985,0.5552,-125,-0.518506493506493
2026-05-29,"PHX @ NYL","1Q","NYL","1Q NYL",2026-05-29 15:21:25.645535,"dk",0.5652,-130,-0.0648,-0.0745,-3.7257,0.5004,-100,-2.41928571428571
2026-05-29,"PHX @ NYL","1Q","NYL","1Q NYL",2026-05-29 15:21:25.645535,"fd",0.5652,-130,-0.0576,-0.0663,-3.313,0.5076,-103,-2.1512987012987
2026-05-29,"LAS @ WAS","1Q","LAS","1Q LAS",2026-05-29 15:21:25.645535,"dk",0.4878,105,0.0067,0.0065,0.3273,0.4945,102,0.212532467532468
2026-05-29,"LAS @ WAS","1Q","LAS","1Q LAS",2026-05-29 15:21:25.645535,"fd",0.4808,108,0.0099,0.0095,0.4746,0.4906,104,0.308181818181818
2026-05-29,"MIN @ CHI","1Q","MIN","1Q MIN",2026-05-29 15:21:25.645535,"dk",0.4651,115,0.0108,0.0101,0.5033,0.4759,110,0.326818181818182
2026-05-29,"MIN @ CHI","1Q","MIN","1Q MIN",2026-05-29 15:21:25.645535,"fd",0.4274,134,0.0388,0.0339,1.6942,0.4662,115,1.10012987012987
2026-05-29,"ATL @ PDX","1Q","PDX","1Q PDX",2026-05-29 15:21:25.645535,"dk",0.4762,110,-0.0107,-0.0102,-0.51,0.4655,115,-0.331168831168831
2026-05-29,"ATL @ PDX","1Q","PDX","1Q PDX",2026-05-29 15:21:25.645535,"fd",0.495,102,-0.0502,-0.0498,-2.4878,0.4448,125,-1.61545454545455
2026-05-29,"PHX @ NYL","1Q","PHX","1Q PHX",2026-05-29 15:21:25.645535,"dk",0.5122,-105,-0.0126,-0.0129,-0.6466,0.4996,100,-0.41987012987013
2026-05-29,"PHX @ NYL","1Q","PHX","1Q PHX",2026-05-29 15:21:25.645535,"fd",0.5,100,-0.0076,-0.0076,-0.38,0.4924,103,-0.246753246753247
2026-05-29,"LAS @ WAS","1Q","WAS","1Q WAS",2026-05-29 15:21:25.645535,"dk",0.5918,-145,-0.0863,-0.1058,-5.2888,0.5055,-102,-3.43428571428571
2026-05-29,"LAS @ WAS","1Q","WAS","1Q WAS",2026-05-29 15:21:25.645535,"fd",0.5833,-140,-0.074,-0.0888,-4.4376,0.5094,-104,-2.88155844155844
2026-05-29,"MIN @ CHI","1Q","CHI","1Q CHI",2026-05-29 15:21:25.645535,"dk",0.6154,-160,-0.0913,-0.1186,-5.9325,0.5241,-110,-3.85227272727273
2026-05-29,"MIN @ CHI","1Q","CHI","1Q CHI",2026-05-29 15:21:25.645535,"fd",0.6377,-176,-0.1038,-0.1433,-7.1649,0.5338,-115,-4.65253246753247
2026-05-29,"ATL @ PDX","1Q","ATL","1Q ATL",2026-05-29 15:21:25.645535,"dk",0.6,-150,-0.0655,-0.0819,-4.094,0.5345,-115,-2.65844155844156
2026-05-29,"ATL @ PDX","1Q","ATL","1Q ATL",2026-05-29 15:21:25.645535,"fd",0.569,-132,-0.0138,-0.016,-0.7985,0.5552,-125,-0.518506493506493
2026-05-29,"PHX @ NYL","1Q","NYL","1Q NYL",2026-05-29 15:51:22.885488,"dk",0.5652,-130,-0.0648,-0.0745,-3.7257,0.5004,-100,-2.41928571428571
2026-05-29,"PHX @ NYL","1Q","NYL","1Q NYL",2026-05-29 15:51:22.885488,"fd",0.569,-132,-0.0614,-0.0712,-3.5592,0.5076,-103,-2.31116883116883
2026-05-29,"LAS @ WAS","1Q","LAS","1Q LAS",2026-05-29 15:51:22.885488,"dk",0.4878,105,0.0067,0.0065,0.3273,0.4945,102,0.212532467532468
2026-05-29,"LAS @ WAS","1Q","LAS","1Q LAS",2026-05-29 15:51:22.885488,"fd",0.4808,108,0.0099,0.0095,0.4746,0.4906,104,0.308181818181818
2026-05-29,"MIN @ CHI","1Q","MIN","1Q MIN",2026-05-29 15:51:22.885488,"dk",0.4651,115,0.0108,0.0101,0.5033,0.4759,110,0.326818181818182
2026-05-29,"MIN @ CHI","1Q","MIN","1Q MIN",2026-05-29 15:51:22.885488,"fd",0.4274,134,0.0396,0.0345,1.7274,0.4669,114,1.12168831168831
2026-05-29,"ATL @ PDX","1Q","PDX","1Q PDX",2026-05-29 15:51:22.885488,"dk",0.4762,110,-0.0107,-0.0102,-0.51,0.4655,115,-0.331168831168831
2026-05-29,"ATL @ PDX","1Q","PDX","1Q PDX",2026-05-29 15:51:22.885488,"fd",0.495,102,-0.0502,-0.0498,-2.4878,0.4448,125,-1.61545454545455
2026-05-29,"PHX @ NYL","1Q","PHX","1Q PHX",2026-05-29 15:51:22.885488,"dk",0.5122,-105,-0.0126,-0.0129,-0.6466,0.4996,100,-0.41987012987013
2026-05-29,"PHX @ NYL","1Q","PHX","1Q PHX",2026-05-29 15:51:22.885488,"fd",0.495,102,-0.0026,-0.0026,-0.1312,0.4924,103,-0.0851948051948052
2026-05-29,"LAS @ WAS","1Q","WAS","1Q WAS",2026-05-29 15:51:22.885488,"dk",0.5918,-145,-0.0863,-0.1058,-5.2888,0.5055,-102,-3.43428571428571
2026-05-29,"LAS @ WAS","1Q","WAS","1Q WAS",2026-05-29 15:51:22.885488,"fd",0.5833,-140,-0.074,-0.0888,-4.4376,0.5094,-104,-2.88155844155844
2026-05-29,"MIN @ CHI","1Q","CHI","1Q CHI",2026-05-29 15:51:22.885488,"dk",0.6154,-160,-0.0913,-0.1186,-5.9325,0.5241,-110,-3.85227272727273
2026-05-29,"MIN @ CHI","1Q","CHI","1Q CHI",2026-05-29 15:51:22.885488,"fd",0.6377,-176,-0.1046,-0.1443,-7.2174,0.5331,-114,-4.68662337662338
2026-05-29,"ATL @ PDX","1Q","ATL","1Q ATL",2026-05-29 15:51:22.885488,"dk",0.6,-150,-0.0655,-0.0819,-4.094,0.5345,-115,-2.65844155844156
2026-05-29,"ATL @ PDX","1Q","ATL","1Q ATL",2026-05-29 15:51:22.885488,"fd",0.569,-132,-0.0138,-0.016,-0.7985,0.5552,-125,-0.518506493506493
2026-05-29,"PHX @ NYL","1Q","NYL","1Q NYL",2026-05-29 16:21:22.856342,"dk",0.5652,-130,-0.0648,-0.0745,-3.7257,0.5004,-100,-2.41928571428571
2026-05-29,"PHX @ NYL","1Q","NYL","1Q NYL",2026-05-29 16:21:22.856342,"fd",0.569,-132,-0.0614,-0.0712,-3.5592,0.5076,-103,-2.31116883116883
2026-05-29,"LAS @ WAS","1Q","LAS","1Q LAS",2026-05-29 16:21:22.856342,"dk",0.4878,105,0.0067,0.0065,0.3273,0.4945,102,0.212532467532468
2026-05-29,"LAS @ WAS","1Q","LAS","1Q LAS",2026-05-29 16:21:22.856342,"fd",0.4808,108,0.0099,0.0095,0.4746,0.4906,104,0.308181818181818
2026-05-29,"MIN @ CHI","1Q","MIN","1Q MIN",2026-05-29 16:21:22.856342,"dk",0.4651,115,0.0108,0.0101,0.5033,0.4759,110,0.326818181818182
2026-05-29,"MIN @ CHI","1Q","MIN","1Q MIN",2026-05-29 16:21:22.856342,"fd",0.4274,134,0.0396,0.0345,1.7274,0.4669,114,1.12168831168831
2026-05-29,"ATL @ PDX","1Q","PDX","1Q PDX",2026-05-29 16:21:22.856342,"dk",0.4762,110,-0.0107,-0.0102,-0.51,0.4655,115,-0.331168831168831
2026-05-29,"ATL @ PDX","1Q","PDX","1Q PDX",2026-05-29 16:21:22.856342,"fd",0.495,102,-0.0502,-0.0498,-2.4878,0.4448,125,-1.61545454545455
2026-05-29,"PHX @ NYL","1Q","PHX","1Q PHX",2026-05-29 16:21:22.856342,"dk",0.5122,-105,-0.0126,-0.0129,-0.6466,0.4996,100,-0.41987012987013
2026-05-29,"PHX @ NYL","1Q","PHX","1Q PHX",2026-05-29 16:21:22.856342,"fd",0.495,102,-0.0026,-0.0026,-0.1312,0.4924,103,-0.0851948051948052
2026-05-29,"LAS @ WAS","1Q","WAS","1Q WAS",2026-05-29 16:21:22.856342,"dk",0.5918,-145,-0.0863,-0.1058,-5.2888,0.5055,-102,-3.43428571428571
2026-05-29,"LAS @ WAS","1Q","WAS","1Q WAS",2026-05-29 16:21:22.856342,"fd",0.5833,-140,-0.074,-0.0888,-4.4376,0.5094,-104,-2.88155844155844
2026-05-29,"MIN @ CHI","1Q","CHI","1Q CHI",2026-05-29 16:21:22.856342,"dk",0.6154,-160,-0.0913,-0.1186,-5.9325,0.5241,-110,-3.85227272727273
2026-05-29,"MIN @ CHI","1Q","CHI","1Q CHI",2026-05-29 16:21:22.856342,"fd",0.6377,-176,-0.1046,-0.1443,-7.2174,0.5331,-114,-4.68662337662338
2026-05-29,"ATL @ PDX","1Q","ATL","1Q ATL",2026-05-29 16:21:22.856342,"dk",0.6,-150,-0.0655,-0.0819,-4.094,0.5345,-115,-2.65844155844156
2026-05-29,"ATL @ PDX","1Q","ATL","1Q ATL",2026-05-29 16:21:22.856342,"fd",0.569,-132,-0.0138,-0.016,-0.7985,0.5552,-125,-0.518506493506493
2026-05-29,"PHX @ NYL","1Q","NYL","1Q NYL",2026-05-29 16:51:23.556447,"dk",0.5652,-130,-0.0648,-0.0745,-3.7257,0.5004,-100,-2.41928571428571
2026-05-29,"PHX @ NYL","1Q","NYL","1Q NYL",2026-05-29 16:51:23.556447,"fd",0.5652,-130,-0.0569,-0.0654,-3.2691,0.5084,-103,-2.12279220779221
2026-05-29,"LAS @ WAS","1Q","LAS","1Q LAS",2026-05-29 16:51:23.556447,"dk",0.4878,105,0.0067,0.0065,0.3273,0.4945,102,0.212532467532468
2026-05-29,"LAS @ WAS","1Q","LAS","1Q LAS",2026-05-29 16:51:23.556447,"fd",0.4808,108,0.0099,0.0095,0.4746,0.4906,104,0.308181818181818
2026-05-29,"MIN @ CHI","1Q","MIN","1Q MIN",2026-05-29 16:51:23.556447,"dk",0.4651,115,0.0108,0.0101,0.5033,0.4759,110,0.326818181818182
2026-05-29,"MIN @ CHI","1Q","MIN","1Q MIN",2026-05-29 16:51:23.556447,"fd",0.4274,134,0.0388,0.0339,1.6942,0.4662,115,1.10012987012987
2026-05-29,"ATL @ PDX","1Q","PDX","1Q PDX",2026-05-29 16:51:23.556447,"dk",0.4762,110,-0.0107,-0.0102,-0.51,0.4655,115,-0.331168831168831
2026-05-29,"ATL @ PDX","1Q","PDX","1Q PDX",2026-05-29 16:51:23.556447,"fd",0.495,102,-0.0502,-0.0498,-2.4878,0.4448,125,-1.61545454545455
2026-05-29,"PHX @ NYL","1Q","PHX","1Q PHX",2026-05-29 16:51:23.556447,"dk",0.5122,-105,-0.0126,-0.0129,-0.6466,0.4996,100,-0.41987012987013
2026-05-29,"PHX @ NYL","1Q","PHX","1Q PHX",2026-05-29 16:51:23.556447,"fd",0.5,100,-0.0084,-0.0084,-0.4182,0.4916,103,-0.271558441558442
2026-05-29,"LAS @ WAS","1Q","WAS","1Q WAS",2026-05-29 16:51:23.556447,"dk",0.5918,-145,-0.0863,-0.1058,-5.2888,0.5055,-102,-3.43428571428571
2026-05-29,"LAS @ WAS","1Q","WAS","1Q WAS",2026-05-29 16:51:23.556447,"fd",0.5833,-140,-0.074,-0.0888,-4.4376,0.5094,-104,-2.88155844155844
2026-05-29,"MIN @ CHI","1Q","CHI","1Q CHI",2026-05-29 16:51:23.556447,"dk",0.6154,-160,-0.0913,-0.1186,-5.9325,0.5241,-110,-3.85227272727273
2026-05-29,"MIN @ CHI","1Q","CHI","1Q CHI",2026-05-29 16:51:23.556447,"fd",0.6377,-176,-0.1038,-0.1433,-7.1649,0.5338,-115,-4.65253246753247
2026-05-29,"ATL @ PDX","1Q","ATL","1Q ATL",2026-05-29 16:51:23.556447,"dk",0.6,-150,-0.0655,-0.0819,-4.094,0.5345,-115,-2.65844155844156
2026-05-29,"ATL @ PDX","1Q","ATL","1Q ATL",2026-05-29 16:51:23.556447,"fd",0.569,-132,-0.0138,-0.016,-0.7985,0.5552,-125,-0.518506493506493
2026-05-29,"PHX @ NYL","1Q","NYL","1Q NYL",2026-05-29 17:21:22.073044,"dk",0.5652,-130,-0.0648,-0.0745,-3.7257,0.5004,-100,-2.41928571428571
2026-05-29,"PHX @ NYL","1Q","NYL","1Q NYL",2026-05-29 17:21:22.073044,"fd",0.5652,-130,-0.0569,-0.0654,-3.2691,0.5084,-103,-2.12279220779221
2026-05-29,"LAS @ WAS","1Q","LAS","1Q LAS",2026-05-29 17:21:22.073044,"dk",0.4878,105,0.0067,0.0065,0.3273,0.4945,102,0.212532467532468
2026-05-29,"LAS @ WAS","1Q","LAS","1Q LAS",2026-05-29 17:21:22.073044,"fd",0.4808,108,0.0099,0.0095,0.4746,0.4906,104,0.308181818181818
2026-05-29,"MIN @ CHI","1Q","MIN","1Q MIN",2026-05-29 17:21:22.073044,"dk",0.4651,115,0.0108,0.0101,0.5033,0.4759,110,0.326818181818182
2026-05-29,"MIN @ CHI","1Q","MIN","1Q MIN",2026-05-29 17:21:22.073044,"fd",0.4274,134,0.0388,0.0339,1.6942,0.4662,115,1.10012987012987
2026-05-29,"ATL @ PDX","1Q","PDX","1Q PDX",2026-05-29 17:21:22.073044,"dk",0.4762,110,-0.0107,-0.0102,-0.51,0.4655,115,-0.331168831168831
2026-05-29,"ATL @ PDX","1Q","PDX","1Q PDX",2026-05-29 17:21:22.073044,"fd",0.495,102,-0.0502,-0.0498,-2.4878,0.4448,125,-1.61545454545455
2026-05-29,"PHX @ NYL","1Q","PHX","1Q PHX",2026-05-29 17:21:22.073044,"dk",0.5122,-105,-0.0126,-0.0129,-0.6466,0.4996,100,-0.41987012987013
2026-05-29,"PHX @ NYL","1Q","PHX","1Q PHX",2026-05-29 17:21:22.073044,"fd",0.5,100,-0.0084,-0.0084,-0.4182,0.4916,103,-0.271558441558442
2026-05-29,"LAS @ WAS","1Q","WAS","1Q WAS",2026-05-29 17:21:22.073044,"dk",0.5918,-145,-0.0863,-0.1058,-5.2888,0.5055,-102,-3.43428571428571
2026-05-29,"LAS @ WAS","1Q","WAS","1Q WAS",2026-05-29 17:21:22.073044,"fd",0.5833,-140,-0.074,-0.0888,-4.4376,0.5094,-104,-2.88155844155844
2026-05-29,"MIN @ CHI","1Q","CHI","1Q CHI",2026-05-29 17:21:22.073044,"dk",0.6154,-160,-0.0913,-0.1186,-5.9325,0.5241,-110,-3.85227272727273
2026-05-29,"MIN @ CHI","1Q","CHI","1Q CHI",2026-05-29 17:21:22.073044,"fd",0.6377,-176,-0.1038,-0.1433,-7.1649,0.5338,-115,-4.65253246753247
2026-05-29,"ATL @ PDX","1Q","ATL","1Q ATL",2026-05-29 17:21:22.073044,"dk",0.6,-150,-0.0655,-0.0819,-4.094,0.5345,-115,-2.65844155844156
2026-05-29,"ATL @ PDX","1Q","ATL","1Q ATL",2026-05-29 17:21:22.073044,"fd",0.569,-132,-0.0138,-0.016,-0.7985,0.5552,-125,-0.518506493506493
2026-05-29,"PHX @ NYL","1Q","NYL","1Q NYL",2026-05-29 17:51:22.9261,"dk",0.5652,-130,-0.0648,-0.0745,-3.7257,0.5004,-100,-2.41928571428571
2026-05-29,"PHX @ NYL","1Q","NYL","1Q NYL",2026-05-29 17:51:22.9261,"fd",0.5652,-130,-0.0576,-0.0663,-3.313,0.5076,-103,-2.1512987012987
2026-05-29,"LAS @ WAS","1Q","LAS","1Q LAS",2026-05-29 17:51:22.9261,"dk",0.4878,105,0.0067,0.0065,0.3273,0.4945,102,0.212532467532468
2026-05-29,"LAS @ WAS","1Q","LAS","1Q LAS",2026-05-29 17:51:22.9261,"fd",0.4808,108,0.0099,0.0095,0.4746,0.4906,104,0.308181818181818
2026-05-29,"MIN @ CHI","1Q","MIN","1Q MIN",2026-05-29 17:51:22.9261,"dk",0.4651,115,0.0108,0.0101,0.5033,0.4759,110,0.326818181818182
2026-05-29,"MIN @ CHI","1Q","MIN","1Q MIN",2026-05-29 17:51:22.9261,"fd",0.4274,134,0.0388,0.0339,1.6942,0.4662,115,1.10012987012987
2026-05-29,"ATL @ PDX","1Q","PDX","1Q PDX",2026-05-29 17:51:22.9261,"dk",0.4762,110,-0.0107,-0.0102,-0.51,0.4655,115,-0.331168831168831
2026-05-29,"ATL @ PDX","1Q","PDX","1Q PDX",2026-05-29 17:51:22.9261,"fd",0.495,102,-0.0502,-0.0498,-2.4878,0.4448,125,-1.61545454545455
2026-05-29,"PHX @ NYL","1Q","PHX","1Q PHX",2026-05-29 17:51:22.9261,"dk",0.5122,-105,-0.0126,-0.0129,-0.6466,0.4996,100,-0.41987012987013
2026-05-29,"PHX @ NYL","1Q","PHX","1Q PHX",2026-05-29 17:51:22.9261,"fd",0.5,100,-0.0076,-0.0076,-0.38,0.4924,103,-0.246753246753247
2026-05-29,"LAS @ WAS","1Q","WAS","1Q WAS",2026-05-29 17:51:22.9261,"dk",0.5918,-145,-0.0863,-0.1058,-5.2888,0.5055,-102,-3.43428571428571
2026-05-29,"LAS @ WAS","1Q","WAS","1Q WAS",2026-05-29 17:51:22.9261,"fd",0.5833,-140,-0.074,-0.0888,-4.4376,0.5094,-104,-2.88155844155844
2026-05-29,"MIN @ CHI","1Q","CHI","1Q CHI",2026-05-29 17:51:22.9261,"dk",0.6154,-160,-0.0913,-0.1186,-5.9325,0.5241,-110,-3.85227272727273
2026-05-29,"MIN @ CHI","1Q","CHI","1Q CHI",2026-05-29 17:51:22.9261,"fd",0.6377,-176,-0.1038,-0.1433,-7.1649,0.5338,-115,-4.65253246753247
2026-05-29,"ATL @ PDX","1Q","ATL","1Q ATL",2026-05-29 17:51:22.9261,"dk",0.6,-150,-0.0655,-0.0819,-4.094,0.5345,-115,-2.65844155844156
2026-05-29,"ATL @ PDX","1Q","ATL","1Q ATL",2026-05-29 17:51:22.9261,"fd",0.569,-132,-0.0138,-0.016,-0.7985,0.5552,-125,-0.518506493506493
2026-05-29,"PHX @ NYL","1Q","NYL","1Q NYL",2026-05-29 18:21:22.27276,"dk",0.5652,-130,-0.0648,-0.0745,-3.7257,0.5004,-100,-2.41928571428571
2026-05-29,"PHX @ NYL","1Q","NYL","1Q NYL",2026-05-29 18:21:22.27276,"fd",0.5968,-148,-0.0892,-0.1106,-5.5288,0.5076,-103,-3.59012987012987
2026-05-29,"LAS @ WAS","1Q","LAS","1Q LAS",2026-05-29 18:21:22.27276,"dk",0.4878,105,0.0067,0.0065,0.3273,0.4945,102,0.212532467532468
2026-05-29,"LAS @ WAS","1Q","LAS","1Q LAS",2026-05-29 18:21:22.27276,"fd",0.4808,108,0.0099,0.0095,0.4746,0.4906,104,0.308181818181818
2026-05-29,"MIN @ CHI","1Q","MIN","1Q MIN",2026-05-29 18:21:22.27276,"dk",0.4651,115,0.0108,0.0101,0.5033,0.4759,110,0.326818181818182
2026-05-29,"MIN @ CHI","1Q","MIN","1Q MIN",2026-05-29 18:21:22.27276,"fd",0.4274,134,0.0388,0.0339,1.6942,0.4662,115,1.10012987012987
2026-05-29,"ATL @ PDX","1Q","PDX","1Q PDX",2026-05-29 18:21:22.27276,"dk",0.4762,110,-0.0107,-0.0102,-0.51,0.4655,115,-0.331168831168831
2026-05-29,"ATL @ PDX","1Q","PDX","1Q PDX",2026-05-29 18:21:22.27276,"fd",0.495,102,-0.0502,-0.0498,-2.4878,0.4448,125,-1.61545454545455
2026-05-29,"PHX @ NYL","1Q","PHX","1Q PHX",2026-05-29 18:21:22.27276,"dk",0.5122,-105,-0.0126,-0.0129,-0.6466,0.4996,100,-0.41987012987013
2026-05-29,"PHX @ NYL","1Q","PHX","1Q PHX",2026-05-29 18:21:22.27276,"fd",0.4673,114,0.0251,0.0236,1.1784,0.4924,103,0.765194805194805
2026-05-29,"LAS @ WAS","1Q","WAS","1Q WAS",2026-05-29 18:21:22.27276,"dk",0.5918,-145,-0.0863,-0.1058,-5.2888,0.5055,-102,-3.43428571428571
2026-05-29,"LAS @ WAS","1Q","WAS","1Q WAS",2026-05-29 18:21:22.27276,"fd",0.5833,-140,-0.074,-0.0888,-4.4376,0.5094,-104,-2.88155844155844
2026-05-29,"MIN @ CHI","1Q","CHI","1Q CHI",2026-05-29 18:21:22.27276,"dk",0.6154,-160,-0.0913,-0.1186,-5.9325,0.5241,-110,-3.85227272727273
2026-05-29,"MIN @ CHI","1Q","CHI","1Q CHI",2026-05-29 18:21:22.27276,"fd",0.6377,-176,-0.1038,-0.1433,-7.1649,0.5338,-115,-4.65253246753247
2026-05-29,"ATL @ PDX","1Q","ATL","1Q ATL",2026-05-29 18:21:22.27276,"dk",0.6,-150,-0.0655,-0.0819,-4.094,0.5345,-115,-2.65844155844156
2026-05-29,"ATL @ PDX","1Q","ATL","1Q ATL",2026-05-29 18:21:22.27276,"fd",0.569,-132,-0.0138,-0.016,-0.7985,0.5552,-125,-0.518506493506493
2026-05-29,"PHX @ NYL","1Q","NYL","1Q NYL",2026-05-29 18:51:23.977239,"dk",0.5652,-130,-0.0648,-0.0745,-3.7257,0.5004,-100,-2.41928571428571
2026-05-29,"PHX @ NYL","1Q","NYL","1Q NYL",2026-05-29 18:51:23.977239,"fd",0.5968,-148,-0.0892,-0.1106,-5.5288,0.5076,-103,-3.59012987012987
2026-05-29,"LAS @ WAS","1Q","LAS","1Q LAS",2026-05-29 18:51:23.977239,"dk",0.4878,105,0.0067,0.0065,0.3273,0.4945,102,0.212532467532468
2026-05-29,"LAS @ WAS","1Q","LAS","1Q LAS",2026-05-29 18:51:23.977239,"fd",0.4808,108,0.0099,0.0095,0.4746,0.4906,104,0.308181818181818
2026-05-29,"MIN @ CHI","1Q","MIN","1Q MIN",2026-05-29 18:51:23.977239,"dk",0.4651,115,0.0108,0.0101,0.5033,0.4759,110,0.326818181818182
2026-05-29,"MIN @ CHI","1Q","MIN","1Q MIN",2026-05-29 18:51:23.977239,"fd",0.4274,134,0.0388,0.0339,1.6942,0.4662,115,1.10012987012987
2026-05-29,"ATL @ PDX","1Q","PDX","1Q PDX",2026-05-29 18:51:23.977239,"dk",0.4762,110,-0.0107,-0.0102,-0.51,0.4655,115,-0.331168831168831
2026-05-29,"ATL @ PDX","1Q","PDX","1Q PDX",2026-05-29 18:51:23.977239,"fd",0.495,102,-0.0502,-0.0498,-2.4878,0.4448,125,-1.61545454545455
2026-05-29,"PHX @ NYL","1Q","PHX","1Q PHX",2026-05-29 18:51:23.977239,"dk",0.5122,-105,-0.0126,-0.0129,-0.6466,0.4996,100,-0.41987012987013
2026-05-29,"PHX @ NYL","1Q","PHX","1Q PHX",2026-05-29 18:51:23.977239,"fd",0.4673,114,0.0251,0.0236,1.1784,0.4924,103,0.765194805194805
2026-05-29,"LAS @ WAS","1Q","WAS","1Q WAS",2026-05-29 18:51:23.977239,"dk",0.5918,-145,-0.0863,-0.1058,-5.2888,0.5055,-102,-3.43428571428571
2026-05-29,"LAS @ WAS","1Q","WAS","1Q WAS",2026-05-29 18:51:23.977239,"fd",0.5833,-140,-0.074,-0.0888,-4.4376,0.5094,-104,-2.88155844155844
2026-05-29,"MIN @ CHI","1Q","CHI","1Q CHI",2026-05-29 18:51:23.977239,"dk",0.6154,-160,-0.0913,-0.1186,-5.9325,0.5241,-110,-3.85227272727273
2026-05-29,"MIN @ CHI","1Q","CHI","1Q CHI",2026-05-29 18:51:23.977239,"fd",0.6377,-176,-0.1038,-0.1433,-7.1649,0.5338,-115,-4.65253246753247
2026-05-29,"ATL @ PDX","1Q","ATL","1Q ATL",2026-05-29 18:51:23.977239,"dk",0.6,-150,-0.0655,-0.0819,-4.094,0.5345,-115,-2.65844155844156
2026-05-29,"ATL @ PDX","1Q","ATL","1Q ATL",2026-05-29 18:51:23.977239,"fd",0.569,-132,-0.0138,-0.016,-0.7985,0.5552,-125,-0.518506493506493
2026-05-29,"PHX @ NYL","1Q","NYL","1Q NYL",2026-05-29 19:21:22.543423,"dk",0.5652,-130,-0.0648,-0.0745,-3.7257,0.5004,-100,-2.41928571428571
2026-05-29,"PHX @ NYL","1Q","NYL","1Q NYL",2026-05-29 19:21:22.543423,"fd",0.5935,-146,-0.0859,-0.1057,-5.2826,0.5076,-103,-3.43025974025974
2026-05-29,"LAS @ WAS","1Q","LAS","1Q LAS",2026-05-29 19:21:22.543423,"dk",0.4878,105,0.0067,0.0065,0.3273,0.4945,102,0.212532467532468
2026-05-29,"LAS @ WAS","1Q","LAS","1Q LAS",2026-05-29 19:21:22.543423,"fd",0.4808,108,0.0099,0.0095,0.4746,0.4906,104,0.308181818181818
2026-05-29,"MIN @ CHI","1Q","MIN","1Q MIN",2026-05-29 19:21:22.543423,"dk",0.4651,115,0.0108,0.0101,0.5033,0.4759,110,0.326818181818182
2026-05-29,"MIN @ CHI","1Q","MIN","1Q MIN",2026-05-29 19:21:22.543423,"fd",0.4274,134,0.0388,0.0339,1.6942,0.4662,115,1.10012987012987
2026-05-29,"ATL @ PDX","1Q","PDX","1Q PDX",2026-05-29 19:21:22.543423,"dk",0.4762,110,-0.0107,-0.0102,-0.51,0.4655,115,-0.331168831168831
2026-05-29,"ATL @ PDX","1Q","PDX","1Q PDX",2026-05-29 19:21:22.543423,"fd",0.495,102,-0.0502,-0.0498,-2.4878,0.4448,125,-1.61545454545455
2026-05-29,"PHX @ NYL","1Q","PHX","1Q PHX",2026-05-29 19:21:22.543423,"dk",0.5122,-105,-0.0126,-0.0129,-0.6466,0.4996,100,-0.41987012987013
2026-05-29,"PHX @ NYL","1Q","PHX","1Q PHX",2026-05-29 19:21:22.543423,"fd",0.4717,112,0.0207,0.0196,0.9797,0.4924,103,0.636168831168831
2026-05-29,"LAS @ WAS","1Q","WAS","1Q WAS",2026-05-29 19:21:22.543423,"dk",0.5918,-145,-0.0863,-0.1058,-5.2888,0.5055,-102,-3.43428571428571
2026-05-29,"LAS @ WAS","1Q","WAS","1Q WAS",2026-05-29 19:21:22.543423,"fd",0.5833,-140,-0.074,-0.0888,-4.4376,0.5094,-104,-2.88155844155844
2026-05-29,"MIN @ CHI","1Q","CHI","1Q CHI",2026-05-29 19:21:22.543423,"dk",0.6154,-160,-0.0913,-0.1186,-5.9325,0.5241,-110,-3.85227272727273
2026-05-29,"MIN @ CHI","1Q","CHI","1Q CHI",2026-05-29 19:21:22.543423,"fd",0.6377,-176,-0.1038,-0.1433,-7.1649,0.5338,-115,-4.65253246753247
2026-05-29,"ATL @ PDX","1Q","ATL","1Q ATL",2026-05-29 19:21:22.543423,"dk",0.6,-150,-0.0655,-0.0819,-4.094,0.5345,-115,-2.65844155844156
2026-05-29,"ATL @ PDX","1Q","ATL","1Q ATL",2026-05-29 19:21:22.543423,"fd",0.569,-132,-0.0138,-0.016,-0.7985,0.5552,-125,-0.518506493506493
2026-05-29,"PHX @ NYL","1Q","NYL","1Q NYL",2026-05-29 19:51:22.890376,"dk",0.5652,-130,-0.0648,-0.0745,-3.7257,0.5004,-100,-2.41928571428571
2026-05-29,"PHX @ NYL","1Q","NYL","1Q NYL",2026-05-29 19:51:22.890376,"fd",0.5935,-146,-0.0859,-0.1057,-5.2826,0.5076,-103,-3.43025974025974
2026-05-29,"LAS @ WAS","1Q","LAS","1Q LAS",2026-05-29 19:51:22.890376,"dk",0.4878,105,0.0067,0.0065,0.3273,0.4945,102,0.212532467532468
2026-05-29,"LAS @ WAS","1Q","LAS","1Q LAS",2026-05-29 19:51:22.890376,"fd",0.4808,108,0.0099,0.0095,0.4746,0.4906,104,0.308181818181818
2026-05-29,"MIN @ CHI","1Q","MIN","1Q MIN",2026-05-29 19:51:22.890376,"dk",0.4651,115,0.0108,0.0101,0.5033,0.4759,110,0.326818181818182
2026-05-29,"MIN @ CHI","1Q","MIN","1Q MIN",2026-05-29 19:51:22.890376,"fd",0.4274,134,0.0388,0.0339,1.6942,0.4662,115,1.10012987012987
2026-05-29,"ATL @ PDX","1Q","PDX","1Q PDX",2026-05-29 19:51:22.890376,"dk",0.4762,110,-0.0107,-0.0102,-0.51,0.4655,115,-0.331168831168831
2026-05-29,"ATL @ PDX","1Q","PDX","1Q PDX",2026-05-29 19:51:22.890376,"fd",0.4902,104,-0.0454,-0.0445,-2.2261,0.4448,125,-1.44551948051948
2026-05-29,"PHX @ NYL","1Q","PHX","1Q PHX",2026-05-29 19:51:22.890376,"dk",0.5122,-105,-0.0126,-0.0129,-0.6466,0.4996,100,-0.41987012987013
2026-05-29,"PHX @ NYL","1Q","PHX","1Q PHX",2026-05-29 19:51:22.890376,"fd",0.4717,112,0.0207,0.0196,0.9797,0.4924,103,0.636168831168831
2026-05-29,"LAS @ WAS","1Q","WAS","1Q WAS",2026-05-29 19:51:22.890376,"dk",0.5918,-145,-0.0863,-0.1058,-5.2888,0.5055,-102,-3.43428571428571
2026-05-29,"LAS @ WAS","1Q","WAS","1Q WAS",2026-05-29 19:51:22.890376,"fd",0.5833,-140,-0.074,-0.0888,-4.4376,0.5094,-104,-2.88155844155844
2026-05-29,"MIN @ CHI","1Q","CHI","1Q CHI",2026-05-29 19:51:22.890376,"dk",0.6154,-160,-0.0913,-0.1186,-5.9325,0.5241,-110,-3.85227272727273
2026-05-29,"MIN @ CHI","1Q","CHI","1Q CHI",2026-05-29 19:51:22.890376,"fd",0.6377,-176,-0.1038,-0.1433,-7.1649,0.5338,-115,-4.65253246753247
2026-05-29,"ATL @ PDX","1Q","ATL","1Q ATL",2026-05-29 19:51:22.890376,"dk",0.6,-150,-0.0655,-0.0819,-4.094,0.5345,-115,-2.65844155844156
2026-05-29,"ATL @ PDX","1Q","ATL","1Q ATL",2026-05-29 19:51:22.890376,"fd",0.5745,-135,-0.0193,-0.0226,-1.1321,0.5552,-125,-0.73512987012987
2026-05-29,"PHX @ NYL","1Q","NYL","1Q NYL",2026-05-29 20:21:23.00269,"dk",0.5652,-130,-0.0648,-0.0745,-3.7257,0.5004,-100,-2.41928571428571
2026-05-29,"PHX @ NYL","1Q","NYL","1Q NYL",2026-05-29 20:21:23.00269,"fd",0.5935,-146,-0.0859,-0.1057,-5.2826,0.5076,-103,-3.43025974025974
2026-05-29,"LAS @ WAS","1Q","LAS","1Q LAS",2026-05-29 20:21:23.00269,"dk",0.4878,105,0.0067,0.0065,0.3273,0.4945,102,0.212532467532468
2026-05-29,"LAS @ WAS","1Q","LAS","1Q LAS",2026-05-29 20:21:23.00269,"fd",0.4808,108,0.0099,0.0095,0.4746,0.4906,104,0.308181818181818
2026-05-29,"MIN @ CHI","1Q","MIN","1Q MIN",2026-05-29 20:21:23.00269,"dk",0.4651,115,0.0108,0.0101,0.5033,0.4759,110,0.326818181818182
2026-05-29,"MIN @ CHI","1Q","MIN","1Q MIN",2026-05-29 20:21:23.00269,"fd",0.4274,134,0.0388,0.0339,1.6942,0.4662,115,1.10012987012987
2026-05-29,"ATL @ PDX","1Q","PDX","1Q PDX",2026-05-29 20:21:23.00269,"dk",0.4762,110,-0.0107,-0.0102,-0.51,0.4655,115,-0.331168831168831
2026-05-29,"ATL @ PDX","1Q","PDX","1Q PDX",2026-05-29 20:21:23.00269,"fd",0.4902,104,-0.0454,-0.0445,-2.2261,0.4448,125,-1.44551948051948
2026-05-29,"PHX @ NYL","1Q","PHX","1Q PHX",2026-05-29 20:21:23.00269,"dk",0.5122,-105,-0.0126,-0.0129,-0.6466,0.4996,100,-0.41987012987013
2026-05-29,"PHX @ NYL","1Q","PHX","1Q PHX",2026-05-29 20:21:23.00269,"fd",0.4717,112,0.0207,0.0196,0.9797,0.4924,103,0.636168831168831
2026-05-29,"LAS @ WAS","1Q","WAS","1Q WAS",2026-05-29 20:21:23.00269,"dk",0.5918,-145,-0.0863,-0.1058,-5.2888,0.5055,-102,-3.43428571428571
2026-05-29,"LAS @ WAS","1Q","WAS","1Q WAS",2026-05-29 20:21:23.00269,"fd",0.5833,-140,-0.074,-0.0888,-4.4376,0.5094,-104,-2.88155844155844
2026-05-29,"MIN @ CHI","1Q","CHI","1Q CHI",2026-05-29 20:21:23.00269,"dk",0.6154,-160,-0.0913,-0.1186,-5.9325,0.5241,-110,-3.85227272727273
2026-05-29,"MIN @ CHI","1Q","CHI","1Q CHI",2026-05-29 20:21:23.00269,"fd",0.6377,-176,-0.1038,-0.1433,-7.1649,0.5338,-115,-4.65253246753247
2026-05-29,"ATL @ PDX","1Q","ATL","1Q ATL",2026-05-29 20:21:23.00269,"dk",0.6,-150,-0.0655,-0.0819,-4.094,0.5345,-115,-2.65844155844156
2026-05-29,"ATL @ PDX","1Q","ATL","1Q ATL",2026-05-29 20:21:23.00269,"fd",0.5745,-135,-0.0193,-0.0226,-1.1321,0.5552,-125,-0.73512987012987
2026-05-29,"PHX @ NYL","1Q","NYL","1Q NYL",2026-05-29 20:51:22.962343,"dk",0.5652,-130,-0.0648,-0.0745,-3.7257,0.5004,-100,-2.41928571428571
2026-05-29,"PHX @ NYL","1Q","NYL","1Q NYL",2026-05-29 20:51:22.962343,"fd",0.5935,-146,-0.0859,-0.1057,-5.2826,0.5076,-103,-3.43025974025974
2026-05-29,"LAS @ WAS","1Q","LAS","1Q LAS",2026-05-29 20:51:22.962343,"dk",0.4878,105,0.0067,0.0065,0.3273,0.4945,102,0.212532467532468
2026-05-29,"LAS @ WAS","1Q","LAS","1Q LAS",2026-05-29 20:51:22.962343,"fd",0.4808,108,0.0099,0.0095,0.4746,0.4906,104,0.308181818181818
2026-05-29,"MIN @ CHI","1Q","MIN","1Q MIN",2026-05-29 20:51:22.962343,"dk",0.4651,115,0.0108,0.0101,0.5033,0.4759,110,0.326818181818182
2026-05-29,"MIN @ CHI","1Q","MIN","1Q MIN",2026-05-29 20:51:22.962343,"fd",0.4274,134,0.0388,0.0339,1.6942,0.4662,115,1.10012987012987
2026-05-29,"ATL @ PDX","1Q","PDX","1Q PDX",2026-05-29 20:51:22.962343,"dk",0.4762,110,-0.0107,-0.0102,-0.51,0.4655,115,-0.331168831168831
2026-05-29,"ATL @ PDX","1Q","PDX","1Q PDX",2026-05-29 20:51:22.962343,"fd",0.4902,104,-0.0454,-0.0445,-2.2261,0.4448,125,-1.44551948051948
2026-05-29,"PHX @ NYL","1Q","PHX","1Q PHX",2026-05-29 20:51:22.962343,"dk",0.5122,-105,-0.0126,-0.0129,-0.6466,0.4996,100,-0.41987012987013
2026-05-29,"PHX @ NYL","1Q","PHX","1Q PHX",2026-05-29 20:51:22.962343,"fd",0.4717,112,0.0207,0.0196,0.9797,0.4924,103,0.636168831168831
2026-05-29,"LAS @ WAS","1Q","WAS","1Q WAS",2026-05-29 20:51:22.962343,"dk",0.5918,-145,-0.0863,-0.1058,-5.2888,0.5055,-102,-3.43428571428571
2026-05-29,"LAS @ WAS","1Q","WAS","1Q WAS",2026-05-29 20:51:22.962343,"fd",0.5833,-140,-0.074,-0.0888,-4.4376,0.5094,-104,-2.88155844155844
2026-05-29,"MIN @ CHI","1Q","CHI","1Q CHI",2026-05-29 20:51:22.962343,"dk",0.6154,-160,-0.0913,-0.1186,-5.9325,0.5241,-110,-3.85227272727273
2026-05-29,"MIN @ CHI","1Q","CHI","1Q CHI",2026-05-29 20:51:22.962343,"fd",0.6377,-176,-0.1038,-0.1433,-7.1649,0.5338,-115,-4.65253246753247
2026-05-29,"ATL @ PDX","1Q","ATL","1Q ATL",2026-05-29 20:51:22.962343,"dk",0.6,-150,-0.0655,-0.0819,-4.094,0.5345,-115,-2.65844155844156
2026-05-29,"ATL @ PDX","1Q","ATL","1Q ATL",2026-05-29 20:51:22.962343,"fd",0.5745,-135,-0.0193,-0.0226,-1.1321,0.5552,-125,-0.73512987012987
2026-05-29,"PHX @ NYL","1Q","NYL","1Q NYL",2026-05-29 21:21:22.666974,"dk",0.5652,-130,-0.0648,-0.0745,-3.7257,0.5004,-100,-2.41928571428571
2026-05-29,"PHX @ NYL","1Q","NYL","1Q NYL",2026-05-29 21:21:22.666974,"fd",0.5935,-146,-0.0859,-0.1057,-5.2826,0.5076,-103,-3.43025974025974
2026-05-29,"LAS @ WAS","1Q","LAS","1Q LAS",2026-05-29 21:21:22.666974,"dk",0.4878,105,0.0067,0.0065,0.3273,0.4945,102,0.212532467532468
2026-05-29,"LAS @ WAS","1Q","LAS","1Q LAS",2026-05-29 21:21:22.666974,"fd",0.4808,108,0.0099,0.0095,0.4746,0.4906,104,0.308181818181818
2026-05-29,"MIN @ CHI","1Q","MIN","1Q MIN",2026-05-29 21:21:22.666974,"dk",0.4651,115,0.0108,0.0101,0.5033,0.4759,110,0.326818181818182
2026-05-29,"MIN @ CHI","1Q","MIN","1Q MIN",2026-05-29 21:21:22.666974,"fd",0.4274,134,0.0388,0.0339,1.6942,0.4662,115,1.10012987012987
2026-05-29,"ATL @ PDX","1Q","PDX","1Q PDX",2026-05-29 21:21:22.666974,"dk",0.4762,110,-0.0107,-0.0102,-0.51,0.4655,115,-0.331168831168831
2026-05-29,"ATL @ PDX","1Q","PDX","1Q PDX",2026-05-29 21:21:22.666974,"fd",0.4902,104,-0.0454,-0.0445,-2.2261,0.4448,125,-1.44551948051948
2026-05-29,"PHX @ NYL","1Q","PHX","1Q PHX",2026-05-29 21:21:22.666974,"dk",0.5122,-105,-0.0126,-0.0129,-0.6466,0.4996,100,-0.41987012987013
2026-05-29,"PHX @ NYL","1Q","PHX","1Q PHX",2026-05-29 21:21:22.666974,"fd",0.4717,112,0.0207,0.0196,0.9797,0.4924,103,0.636168831168831
2026-05-29,"LAS @ WAS","1Q","WAS","1Q WAS",2026-05-29 21:21:22.666974,"dk",0.5918,-145,-0.0863,-0.1058,-5.2888,0.5055,-102,-3.43428571428571
2026-05-29,"LAS @ WAS","1Q","WAS","1Q WAS",2026-05-29 21:21:22.666974,"fd",0.5833,-140,-0.074,-0.0888,-4.4376,0.5094,-104,-2.88155844155844
2026-05-29,"MIN @ CHI","1Q","CHI","1Q CHI",2026-05-29 21:21:22.666974,"dk",0.6154,-160,-0.0913,-0.1186,-5.9325,0.5241,-110,-3.85227272727273
2026-05-29,"MIN @ CHI","1Q","CHI","1Q CHI",2026-05-29 21:21:22.666974,"fd",0.6377,-176,-0.1038,-0.1433,-7.1649,0.5338,-115,-4.65253246753247
2026-05-29,"ATL @ PDX","1Q","ATL","1Q ATL",2026-05-29 21:21:22.666974,"dk",0.6,-150,-0.0655,-0.0819,-4.094,0.5345,-115,-2.65844155844156
2026-05-29,"ATL @ PDX","1Q","ATL","1Q ATL",2026-05-29 21:21:22.666974,"fd",0.5745,-135,-0.0193,-0.0226,-1.1321,0.5552,-125,-0.73512987012987
2026-05-29,"PHX @ NYL","1Q","NYL","1Q NYL",2026-05-29 21:51:24.162526,"dk",0.5652,-130,-0.0648,-0.0745,-3.7257,0.5004,-100,-2.41928571428571
2026-05-29,"PHX @ NYL","1Q","NYL","1Q NYL",2026-05-29 21:51:24.162526,"fd",0.5935,-146,-0.0859,-0.1057,-5.2826,0.5076,-103,-3.43025974025974
2026-05-29,"LAS @ WAS","1Q","LAS","1Q LAS",2026-05-29 21:51:24.162526,"dk",0.4878,105,0.0067,0.0065,0.3273,0.4945,102,0.212532467532468
2026-05-29,"LAS @ WAS","1Q","LAS","1Q LAS",2026-05-29 21:51:24.162526,"fd",0.4808,108,0.0099,0.0095,0.4746,0.4906,104,0.308181818181818
2026-05-29,"MIN @ CHI","1Q","MIN","1Q MIN",2026-05-29 21:51:24.162526,"dk",0.4651,115,0.0108,0.0101,0.5033,0.4759,110,0.326818181818182
2026-05-29,"MIN @ CHI","1Q","MIN","1Q MIN",2026-05-29 21:51:24.162526,"fd",0.4237,136,0.0424,0.0368,1.8407,0.4662,115,1.19525974025974
2026-05-29,"ATL @ PDX","1Q","PDX","1Q PDX",2026-05-29 21:51:24.162526,"dk",0.4762,110,-0.0107,-0.0102,-0.51,0.4655,115,-0.331168831168831
2026-05-29,"ATL @ PDX","1Q","PDX","1Q PDX",2026-05-29 21:51:24.162526,"fd",0.4902,104,-0.0454,-0.0445,-2.2261,0.4448,125,-1.44551948051948
2026-05-29,"PHX @ NYL","1Q","PHX","1Q PHX",2026-05-29 21:51:24.162526,"dk",0.5122,-105,-0.0126,-0.0129,-0.6466,0.4996,100,-0.41987012987013
2026-05-29,"PHX @ NYL","1Q","PHX","1Q PHX",2026-05-29 21:51:24.162526,"fd",0.4717,112,0.0207,0.0196,0.9797,0.4924,103,0.636168831168831
2026-05-29,"LAS @ WAS","1Q","WAS","1Q WAS",2026-05-29 21:51:24.162526,"dk",0.5918,-145,-0.0863,-0.1058,-5.2888,0.5055,-102,-3.43428571428571
2026-05-29,"LAS @ WAS","1Q","WAS","1Q WAS",2026-05-29 21:51:24.162526,"fd",0.5833,-140,-0.074,-0.0888,-4.4376,0.5094,-104,-2.88155844155844
2026-05-29,"MIN @ CHI","1Q","CHI","1Q CHI",2026-05-29 21:51:24.162526,"dk",0.6154,-160,-0.0913,-0.1186,-5.9325,0.5241,-110,-3.85227272727273
2026-05-29,"MIN @ CHI","1Q","CHI","1Q CHI",2026-05-29 21:51:24.162526,"fd",0.6403,-178,-0.1064,-0.148,-7.398,0.5338,-115,-4.8038961038961
2026-05-29,"ATL @ PDX","1Q","ATL","1Q ATL",2026-05-29 21:51:24.162526,"dk",0.6,-150,-0.0655,-0.0819,-4.094,0.5345,-115,-2.65844155844156
2026-05-29,"ATL @ PDX","1Q","ATL","1Q ATL",2026-05-29 21:51:24.162526,"fd",0.5745,-135,-0.0193,-0.0226,-1.1321,0.5552,-125,-0.73512987012987
2026-05-29,"PHX @ NYL","1Q","NYL","1Q NYL",2026-05-29 22:21:22.618137,"dk",0.5652,-130,-0.0648,-0.0745,-3.7257,0.5004,-100,-2.41928571428571
2026-05-29,"PHX @ NYL","1Q","NYL","1Q NYL",2026-05-29 22:21:22.618137,"fd",0.5935,-146,-0.0859,-0.1057,-5.2826,0.5076,-103,-3.43025974025974
2026-05-29,"LAS @ WAS","1Q","LAS","1Q LAS",2026-05-29 22:21:22.618137,"dk",0.4878,105,0.0067,0.0065,0.3273,0.4945,102,0.212532467532468
2026-05-29,"LAS @ WAS","1Q","LAS","1Q LAS",2026-05-29 22:21:22.618137,"fd",0.4808,108,0.0099,0.0095,0.4746,0.4906,104,0.308181818181818
2026-05-29,"MIN @ CHI","1Q","MIN","1Q MIN",2026-05-29 22:21:22.618137,"dk",0.4651,115,0.0108,0.0101,0.5033,0.4759,110,0.326818181818182
2026-05-29,"MIN @ CHI","1Q","MIN","1Q MIN",2026-05-29 22:21:22.618137,"fd",0.4237,136,0.0424,0.0368,1.8407,0.4662,115,1.19525974025974
2026-05-29,"ATL @ PDX","1Q","PDX","1Q PDX",2026-05-29 22:21:22.618137,"dk",0.4762,110,-0.0107,-0.0102,-0.51,0.4655,115,-0.331168831168831
2026-05-29,"ATL @ PDX","1Q","PDX","1Q PDX",2026-05-29 22:21:22.618137,"fd",0.4902,104,-0.0454,-0.0445,-2.2261,0.4448,125,-1.44551948051948
2026-05-29,"PHX @ NYL","1Q","PHX","1Q PHX",2026-05-29 22:21:22.618137,"dk",0.5122,-105,-0.0126,-0.0129,-0.6466,0.4996,100,-0.41987012987013
2026-05-29,"PHX @ NYL","1Q","PHX","1Q PHX",2026-05-29 22:21:22.618137,"fd",0.4717,112,0.0207,0.0196,0.9797,0.4924,103,0.636168831168831
2026-05-29,"LAS @ WAS","1Q","WAS","1Q WAS",2026-05-29 22:21:22.618137,"dk",0.5918,-145,-0.0863,-0.1058,-5.2888,0.5055,-102,-3.43428571428571
2026-05-29,"LAS @ WAS","1Q","WAS","1Q WAS",2026-05-29 22:21:22.618137,"fd",0.5833,-140,-0.074,-0.0888,-4.4376,0.5094,-104,-2.88155844155844
2026-05-29,"MIN @ CHI","1Q","CHI","1Q CHI",2026-05-29 22:21:22.618137,"dk",0.6154,-160,-0.0913,-0.1186,-5.9325,0.5241,-110,-3.85227272727273
2026-05-29,"MIN @ CHI","1Q","CHI","1Q CHI",2026-05-29 22:21:22.618137,"fd",0.6403,-178,-0.1064,-0.148,-7.398,0.5338,-115,-4.8038961038961
2026-05-29,"ATL @ PDX","1Q","ATL","1Q ATL",2026-05-29 22:21:22.618137,"dk",0.6,-150,-0.0655,-0.0819,-4.094,0.5345,-115,-2.65844155844156
2026-05-29,"ATL @ PDX","1Q","ATL","1Q ATL",2026-05-29 22:21:22.618137,"fd",0.5745,-135,-0.0193,-0.0226,-1.1321,0.5552,-125,-0.73512987012987
2026-05-29,"PHX @ NYL","1Q","NYL","1Q NYL",2026-05-29 22:51:22.804575,"dk",0.5652,-130,-0.0648,-0.0745,-3.7257,0.5004,-100,-2.41928571428571
2026-05-29,"PHX @ NYL","1Q","NYL","1Q NYL",2026-05-29 22:51:22.804575,"fd",0.5935,-146,-0.0859,-0.1057,-5.2826,0.5076,-103,-3.43025974025974
2026-05-29,"LAS @ WAS","1Q","LAS","1Q LAS",2026-05-29 22:51:22.804575,"dk",0.4878,105,0.0067,0.0065,0.3273,0.4945,102,0.212532467532468
2026-05-29,"LAS @ WAS","1Q","LAS","1Q LAS",2026-05-29 22:51:22.804575,"fd",0.4808,108,0.0099,0.0095,0.4746,0.4906,104,0.308181818181818
2026-05-29,"MIN @ CHI","1Q","MIN","1Q MIN",2026-05-29 22:51:22.804575,"dk",0.4651,115,0.0108,0.0101,0.5033,0.4759,110,0.326818181818182
2026-05-29,"MIN @ CHI","1Q","MIN","1Q MIN",2026-05-29 22:51:22.804575,"fd",0.4237,136,0.0424,0.0368,1.8407,0.4662,115,1.19525974025974
2026-05-29,"ATL @ PDX","1Q","PDX","1Q PDX",2026-05-29 22:51:22.804575,"dk",0.4762,110,-0.0107,-0.0102,-0.51,0.4655,115,-0.331168831168831
2026-05-29,"ATL @ PDX","1Q","PDX","1Q PDX",2026-05-29 22:51:22.804575,"fd",0.4902,104,-0.0454,-0.0445,-2.2261,0.4448,125,-1.44551948051948
2026-05-29,"PHX @ NYL","1Q","PHX","1Q PHX",2026-05-29 22:51:22.804575,"dk",0.5122,-105,-0.0126,-0.0129,-0.6466,0.4996,100,-0.41987012987013
2026-05-29,"PHX @ NYL","1Q","PHX","1Q PHX",2026-05-29 22:51:22.804575,"fd",0.4717,112,0.0207,0.0196,0.9797,0.4924,103,0.636168831168831
2026-05-29,"LAS @ WAS","1Q","WAS","1Q WAS",2026-05-29 22:51:22.804575,"dk",0.5918,-145,-0.0863,-0.1058,-5.2888,0.5055,-102,-3.43428571428571
2026-05-29,"LAS @ WAS","1Q","WAS","1Q WAS",2026-05-29 22:51:22.804575,"fd",0.5833,-140,-0.074,-0.0888,-4.4376,0.5094,-104,-2.88155844155844
2026-05-29,"MIN @ CHI","1Q","CHI","1Q CHI",2026-05-29 22:51:22.804575,"dk",0.6154,-160,-0.0913,-0.1186,-5.9325,0.5241,-110,-3.85227272727273
2026-05-29,"MIN @ CHI","1Q","CHI","1Q CHI",2026-05-29 22:51:22.804575,"fd",0.6403,-178,-0.1064,-0.148,-7.398,0.5338,-115,-4.8038961038961
2026-05-29,"ATL @ PDX","1Q","ATL","1Q ATL",2026-05-29 22:51:22.804575,"dk",0.6,-150,-0.0655,-0.0819,-4.094,0.5345,-115,-2.65844155844156
2026-05-29,"ATL @ PDX","1Q","ATL","1Q ATL",2026-05-29 22:51:22.804575,"fd",0.5745,-135,-0.0193,-0.0226,-1.1321,0.5552,-125,-0.73512987012987
2026-05-29,"PHX @ NYL","1Q","NYL","1Q NYL",2026-05-29 23:21:23.033856,"dk",0.5652,-130,-0.0613,-0.0705,-3.524,0.5039,-102,-2.28831168831169
2026-05-29,"PHX @ NYL","1Q","NYL","1Q NYL",2026-05-29 23:21:23.033856,"fd",0.5935,-146,-0.0817,-0.1005,-5.0261,0.5118,-105,-3.2637012987013
2026-05-29,"LAS @ WAS","1Q","LAS","1Q LAS",2026-05-29 23:21:23.033856,"dk",0.4878,105,0.0067,0.0065,0.3273,0.4945,102,0.212532467532468
2026-05-29,"LAS @ WAS","1Q","LAS","1Q LAS",2026-05-29 23:21:23.033856,"fd",0.4808,108,0.0099,0.0095,0.4746,0.4906,104,0.308181818181818
2026-05-29,"MIN @ CHI","1Q","MIN","1Q MIN",2026-05-29 23:21:23.033856,"dk",0.4651,115,0.0108,0.0101,0.5033,0.4759,110,0.326818181818182
2026-05-29,"MIN @ CHI","1Q","MIN","1Q MIN",2026-05-29 23:21:23.033856,"fd",0.431,132,0.0351,0.0309,1.5433,0.4662,115,1.00214285714286
2026-05-29,"ATL @ PDX","1Q","PDX","1Q PDX",2026-05-29 23:21:23.033856,"dk",0.4762,110,-0.0107,-0.0102,-0.51,0.4655,115,-0.331168831168831
2026-05-29,"ATL @ PDX","1Q","PDX","1Q PDX",2026-05-29 23:21:23.033856,"fd",0.4902,104,-0.0454,-0.0445,-2.2261,0.4448,125,-1.44551948051948
2026-05-29,"PHX @ NYL","1Q","PHX","1Q PHX",2026-05-29 23:21:23.033856,"dk",0.5122,-105,-0.0161,-0.0165,-0.8264,0.4961,102,-0.536623376623377
2026-05-29,"PHX @ NYL","1Q","PHX","1Q PHX",2026-05-29 23:21:23.033856,"fd",0.4717,112,0.0165,0.0156,0.7823,0.4882,105,0.507987012987013
2026-05-29,"LAS @ WAS","1Q","WAS","1Q WAS",2026-05-29 23:21:23.033856,"dk",0.5918,-145,-0.0863,-0.1058,-5.2888,0.5055,-102,-3.43428571428571
2026-05-29,"LAS @ WAS","1Q","WAS","1Q WAS",2026-05-29 23:21:23.033856,"fd",0.5833,-140,-0.074,-0.0888,-4.4376,0.5094,-104,-2.88155844155844
2026-05-29,"MIN @ CHI","1Q","CHI","1Q CHI",2026-05-29 23:21:23.033856,"dk",0.6154,-160,-0.0913,-0.1186,-5.9325,0.5241,-110,-3.85227272727273
2026-05-29,"MIN @ CHI","1Q","CHI","1Q CHI",2026-05-29 23:21:23.033856,"fd",0.635,-174,-0.1012,-0.1386,-6.9318,0.5338,-115,-4.50116883116883
2026-05-29,"ATL @ PDX","1Q","ATL","1Q ATL",2026-05-29 23:21:23.033856,"dk",0.6,-150,-0.0655,-0.0819,-4.094,0.5345,-115,-2.65844155844156
2026-05-29,"ATL @ PDX","1Q","ATL","1Q ATL",2026-05-29 23:21:23.033856,"fd",0.5745,-135,-0.0193,-0.0226,-1.1321,0.5552,-125,-0.73512987012987
2026-05-29,"PHX @ NYL","1Q","NYL","1Q NYL",2026-05-29 23:51:22.630176,"dk",0.5652,-130,-0.0613,-0.0705,-3.524,0.5039,-102,-2.28831168831169
2026-05-29,"PHX @ NYL","1Q","NYL","1Q NYL",2026-05-29 23:51:22.630176,"fd",0.5968,-148,-0.085,-0.1054,-5.2702,0.5118,-105,-3.42220779220779
2026-05-29,"LAS @ WAS","1Q","LAS","1Q LAS",2026-05-29 23:51:22.630176,"dk",0.4878,105,0.0067,0.0065,0.3273,0.4945,102,0.212532467532468
2026-05-29,"LAS @ WAS","1Q","LAS","1Q LAS",2026-05-29 23:51:22.630176,"fd",0.4808,108,0.0099,0.0095,0.4746,0.4906,104,0.308181818181818
2026-05-29,"MIN @ CHI","1Q","MIN","1Q MIN",2026-05-29 23:51:22.630176,"dk",0.4651,115,0.0108,0.0101,0.5033,0.4759,110,0.326818181818182
2026-05-29,"MIN @ CHI","1Q","MIN","1Q MIN",2026-05-29 23:51:22.630176,"fd",0.431,132,0.0351,0.0309,1.5433,0.4662,115,1.00214285714286
2026-05-29,"ATL @ PDX","1Q","PDX","1Q PDX",2026-05-29 23:51:22.630176,"dk",0.4762,110,-0.0107,-0.0102,-0.51,0.4655,115,-0.331168831168831
2026-05-29,"ATL @ PDX","1Q","PDX","1Q PDX",2026-05-29 23:51:22.630176,"fd",0.4902,104,-0.0454,-0.0445,-2.2261,0.4448,125,-1.44551948051948
2026-05-29,"PHX @ NYL","1Q","PHX","1Q PHX",2026-05-29 23:51:22.630176,"dk",0.5122,-105,-0.0161,-0.0165,-0.8264,0.4961,102,-0.536623376623377
2026-05-29,"PHX @ NYL","1Q","PHX","1Q PHX",2026-05-29 23:51:22.630176,"fd",0.4673,114,0.0209,0.0197,0.9827,0.4882,105,0.638116883116883
2026-05-29,"LAS @ WAS","1Q","WAS","1Q WAS",2026-05-29 23:51:22.630176,"dk",0.5918,-145,-0.0863,-0.1058,-5.2888,0.5055,-102,-3.43428571428571
2026-05-29,"LAS @ WAS","1Q","WAS","1Q WAS",2026-05-29 23:51:22.630176,"fd",0.5833,-140,-0.074,-0.0888,-4.4376,0.5094,-104,-2.88155844155844
2026-05-29,"MIN @ CHI","1Q","CHI","1Q CHI",2026-05-29 23:51:22.630176,"dk",0.6154,-160,-0.0913,-0.1186,-5.9325,0.5241,-110,-3.85227272727273
2026-05-29,"MIN @ CHI","1Q","CHI","1Q CHI",2026-05-29 23:51:22.630176,"fd",0.635,-174,-0.1012,-0.1386,-6.9318,0.5338,-115,-4.50116883116883
2026-05-29,"ATL @ PDX","1Q","ATL","1Q ATL",2026-05-29 23:51:22.630176,"dk",0.6,-150,-0.0655,-0.0819,-4.094,0.5345,-115,-2.65844155844156
2026-05-29,"ATL @ PDX","1Q","ATL","1Q ATL",2026-05-29 23:51:22.630176,"fd",0.5745,-135,-0.0193,-0.0226,-1.1321,0.5552,-125,-0.73512987012987
2026-05-29,"ATL @ PDX","1Q","PDX","1Q PDX",2026-05-30 00:21:22.458231,"dk",0.4762,110,-0.0107,-0.0102,-0.51,0.4655,115,-0.331168831168831
2026-05-29,"ATL @ PDX","1Q","PDX","1Q PDX",2026-05-30 00:21:22.458231,"fd",0.4902,104,-0.0454,-0.0445,-2.2261,0.4448,125,-1.44551948051948
2026-05-29,"ATL @ PDX","1Q","ATL","1Q ATL",2026-05-30 00:21:22.458231,"dk",0.6,-150,-0.0655,-0.0819,-4.094,0.5345,-115,-2.65844155844156
2026-05-29,"ATL @ PDX","1Q","ATL","1Q ATL",2026-05-30 00:21:22.458231,"fd",0.5745,-135,-0.0193,-0.0226,-1.1321,0.5552,-125,-0.73512987012987
2026-05-29,"ATL @ PDX","1Q","PDX","1Q PDX",2026-05-30 00:51:21.862972,"dk",0.4762,110,-0.0085,-0.0081,-0.406,0.4677,114,-0.263636363636364
2026-05-29,"ATL @ PDX","1Q","PDX","1Q PDX",2026-05-30 00:51:21.862972,"fd",0.4902,104,-0.0428,-0.042,-2.1002,0.4474,124,-1.36376623376623
2026-05-29,"ATL @ PDX","1Q","ATL","1Q ATL",2026-05-30 00:51:21.862972,"dk",0.6,-150,-0.0677,-0.0846,-4.2302,0.5323,-114,-2.74688311688312
2026-05-29,"ATL @ PDX","1Q","ATL","1Q ATL",2026-05-30 00:51:21.862972,"fd",0.5745,-135,-0.0218,-0.0257,-1.2829,0.5526,-124,-0.833051948051948
2026-05-29,"ATL @ PDX","1Q","PDX","1Q PDX",2026-05-30 01:21:22.355294,"dk",0.4762,110,-0.0085,-0.0081,-0.406,0.4677,114,-0.263636363636364
2026-05-29,"ATL @ PDX","1Q","PDX","1Q PDX",2026-05-30 01:21:22.355294,"fd",0.4902,104,-0.0436,-0.0427,-2.1372,0.4466,124,-1.38779220779221
2026-05-29,"ATL @ PDX","1Q","ATL","1Q ATL",2026-05-30 01:21:22.355294,"dk",0.6,-150,-0.0677,-0.0846,-4.2302,0.5323,-114,-2.74688311688312
2026-05-29,"ATL @ PDX","1Q","ATL","1Q ATL",2026-05-30 01:21:22.355294,"fd",0.5745,-135,-0.0211,-0.0248,-1.2386,0.5534,-124,-0.804285714285714
2026-05-29,"ATL @ PDX","1Q","PDX","1Q PDX",2026-05-30 01:51:22.843498,"dk",0.4762,110,-0.0092,-0.0088,-0.4391,0.467,114,-0.28512987012987
2026-05-29,"ATL @ PDX","1Q","PDX","1Q PDX",2026-05-30 01:51:22.843498,"fd",0.495,102,-0.0485,-0.048,-2.4011,0.4466,124,-1.55915584415584
2026-05-29,"ATL @ PDX","1Q","ATL","1Q ATL",2026-05-30 01:51:22.843498,"dk",0.6,-150,-0.067,-0.0837,-4.1869,0.533,-114,-2.71876623376623
2026-05-29,"ATL @ PDX","1Q","ATL","1Q ATL",2026-05-30 01:51:22.843498,"fd",0.569,-132,-0.0155,-0.018,-0.9,0.5534,-124,-0.584415584415584
2026-05-29,"ATL @ PDX","1Q","PDX","1Q PDX",2026-05-30 02:21:21.439734,"dk",0.4762,110,-0.0092,-0.0088,-0.4391,0.467,114,-0.28512987012987
2026-05-29,"ATL @ PDX","1Q","PDX","1Q PDX",2026-05-30 02:21:21.439734,"fd",0.495,102,-0.0485,-0.048,-2.4011,0.4466,124,-1.55915584415584
2026-05-29,"ATL @ PDX","1Q","ATL","1Q ATL",2026-05-30 02:21:21.439734,"dk",0.6,-150,-0.067,-0.0837,-4.1869,0.533,-114,-2.71876623376623
2026-05-29,"ATL @ PDX","1Q","ATL","1Q ATL",2026-05-30 02:21:21.439734,"fd",0.569,-132,-0.0155,-0.018,-0.9,0.5534,-124,-0.584415584415584
2026-05-29,"ATL @ PDX","1Q","PDX","1Q PDX",2026-05-30 02:51:22.75905,"dk",0.4762,110,-0.0092,-0.0088,-0.4391,0.467,114,-0.28512987012987
2026-05-29,"ATL @ PDX","1Q","PDX","1Q PDX",2026-05-30 02:51:22.75905,"fd",0.495,102,-0.0485,-0.048,-2.4011,0.4466,124,-1.55915584415584
2026-05-29,"ATL @ PDX","1Q","ATL","1Q ATL",2026-05-30 02:51:22.75905,"dk",0.6,-150,-0.067,-0.0837,-4.1869,0.533,-114,-2.71876623376623
2026-05-29,"ATL @ PDX","1Q","ATL","1Q ATL",2026-05-30 02:51:22.75905,"fd",0.569,-132,-0.0155,-0.018,-0.9,0.5534,-124,-0.584415584415584
2026-05-30,"LAS @ CON","1Q","LAS","1Q LAS",2026-05-30 12:21:49.928362,"fd",0.4505,122,0.0049,0.0044,0.2221,0.4553,120,0.144220779220779
2026-05-30,"IND @ PDX","1Q","IND","1Q IND",2026-05-30 12:21:49.928362,"fd",0.6226,-165,-0.0664,-0.0879,-4.3968,0.5563,-125,-2.85506493506493
2026-05-30,"SEA @ TOR","1Q","SEA","1Q SEA",2026-05-30 12:21:49.928362,"fd",0.5968,-148,-0.1323,-0.164,-8.2012,0.4645,115,-5.32545454545455
2026-05-30,"LAS @ CON","1Q","CON","1Q CON",2026-05-30 12:21:49.928362,"fd",0.6154,-160,-0.0707,-0.0919,-4.5967,0.5447,-120,-2.98487012987013
2026-05-30,"IND @ PDX","1Q","PDX","1Q PDX",2026-05-30 12:21:49.928362,"fd",0.4425,126,0.0012,0.0011,0.0559,0.4437,125,0.0362987012987013
2026-05-30,"SEA @ TOR","1Q","TOR","1Q TOR",2026-05-30 12:21:49.928362,"fd",0.4673,114,0.0682,0.064,3.2013,0.5355,-115,2.07876623376623
2026-05-30,"LAS @ CON","1Q","LAS","1Q LAS",2026-05-30 12:51:23.17403,"fd",0.4444,125,0.0109,0.0098,0.49,0.4553,120,0.318181818181818
2026-05-30,"IND @ PDX","1Q","IND","1Q IND",2026-05-30 12:51:23.17403,"fd",0.6226,-165,-0.0664,-0.0879,-4.3968,0.5563,-125,-2.85506493506493
2026-05-30,"SEA @ TOR","1Q","SEA","1Q SEA",2026-05-30 12:51:23.17403,"fd",0.5968,-148,-0.1323,-0.164,-8.2012,0.4645,115,-5.32545454545455
2026-05-30,"LAS @ CON","1Q","CON","1Q CON",2026-05-30 12:51:23.17403,"fd",0.6212,-164,-0.0765,-0.101,-5.052,0.5447,-120,-3.28051948051948
2026-05-30,"IND @ PDX","1Q","PDX","1Q PDX",2026-05-30 12:51:23.17403,"fd",0.4425,126,0.0012,0.0011,0.0559,0.4437,125,0.0362987012987013
2026-05-30,"SEA @ TOR","1Q","TOR","1Q TOR",2026-05-30 12:51:23.17403,"fd",0.4673,114,0.0682,0.064,3.2013,0.5355,-115,2.07876623376623
2026-05-30,"LAS @ CON","1Q","LAS","1Q LAS",2026-05-30 13:21:21.91943,"fd",0.4444,125,0.0103,0.0093,0.4642,0.4548,120,0.301428571428571
2026-05-30,"IND @ PDX","1Q","IND","1Q IND",2026-05-30 13:21:21.91943,"fd",0.6226,-165,-0.0664,-0.0879,-4.3968,0.5563,-125,-2.85506493506493
2026-05-30,"SEA @ TOR","1Q","SEA","1Q SEA",2026-05-30 13:21:21.91943,"fd",0.5968,-148,-0.1323,-0.164,-8.2012,0.4645,115,-5.32545454545455
2026-05-30,"LAS @ CON","1Q","CON","1Q CON",2026-05-30 13:21:21.91943,"fd",0.6212,-164,-0.076,-0.1003,-5.0142,0.5452,-120,-3.25597402597403
2026-05-30,"IND @ PDX","1Q","PDX","1Q PDX",2026-05-30 13:21:21.91943,"fd",0.4425,126,0.0012,0.0011,0.0559,0.4437,125,0.0362987012987013
2026-05-30,"SEA @ TOR","1Q","TOR","1Q TOR",2026-05-30 13:21:21.91943,"fd",0.4673,114,0.0682,0.064,3.2013,0.5355,-115,2.07876623376623
2026-05-30,"LAS @ CON","1Q","LAS","1Q LAS",2026-05-30 13:51:21.700916,"fd",0.4444,125,0.0103,0.0093,0.4642,0.4548,120,0.301428571428571
2026-05-30,"IND @ PDX","1Q","IND","1Q IND",2026-05-30 13:51:21.700916,"fd",0.6226,-165,-0.0664,-0.0879,-4.3968,0.5563,-125,-2.85506493506493
2026-05-30,"SEA @ TOR","1Q","SEA","1Q SEA",2026-05-30 13:51:21.700916,"fd",0.5968,-148,-0.1329,-0.1647,-8.2369,0.4639,116,-5.34863636363636
2026-05-30,"LAS @ CON","1Q","CON","1Q CON",2026-05-30 13:51:21.700916,"fd",0.6212,-164,-0.076,-0.1003,-5.0142,0.5452,-120,-3.25597402597403
2026-05-30,"IND @ PDX","1Q","PDX","1Q PDX",2026-05-30 13:51:21.700916,"fd",0.4425,126,0.0012,0.0011,0.0559,0.4437,125,0.0362987012987013
2026-05-30,"SEA @ TOR","1Q","TOR","1Q TOR",2026-05-30 13:51:21.700916,"fd",0.4673,114,0.0688,0.0646,3.2283,0.5361,-116,2.0962987012987
2026-05-30,"LAS @ CON","1Q","LAS","1Q LAS",2026-05-30 14:21:21.752887,"dk",0.4762,110,-0.0098,-0.0094,-0.4695,0.4664,114,-0.30487012987013
2026-05-30,"LAS @ CON","1Q","LAS","1Q LAS",2026-05-30 14:21:21.752887,"fd",0.4444,125,0.0103,0.0093,0.4642,0.4548,120,0.301428571428571
2026-05-30,"IND @ PDX","1Q","IND","1Q IND",2026-05-30 14:21:21.752887,"dk",0.6,-150,-0.0628,-0.0784,-3.922,0.5372,-116,-2.54675324675325
2026-05-30,"IND @ PDX","1Q","IND","1Q IND",2026-05-30 14:21:21.752887,"fd",0.6226,-165,-0.0664,-0.0879,-4.3968,0.5563,-125,-2.85506493506493
2026-05-30,"SEA @ TOR","1Q","SEA","1Q SEA",2026-05-30 14:21:21.752887,"dk",0.5238,-110,-0.048,-0.0504,-2.5185,0.4758,110,-1.63538961038961
2026-05-30,"SEA @ TOR","1Q","SEA","1Q SEA",2026-05-30 14:21:21.752887,"fd",0.5968,-148,-0.1323,-0.164,-8.2012,0.4645,115,-5.32545454545455
2026-05-30,"LAS @ CON","1Q","CON","1Q CON",2026-05-30 14:21:21.752887,"dk",0.6,-150,-0.0664,-0.0829,-4.1471,0.5336,-114,-2.69292207792208
2026-05-30,"LAS @ CON","1Q","CON","1Q CON",2026-05-30 14:21:21.752887,"fd",0.6212,-164,-0.076,-0.1003,-5.0142,0.5452,-120,-3.25597402597403
2026-05-30,"IND @ PDX","1Q","PDX","1Q PDX",2026-05-30 14:21:21.752887,"dk",0.4762,110,-0.0134,-0.0128,-0.6414,0.4628,116,-0.416493506493506
2026-05-30,"IND @ PDX","1Q","PDX","1Q PDX",2026-05-30 14:21:21.752887,"fd",0.4425,126,0.0012,0.0011,0.0559,0.4437,125,0.0362987012987013
2026-05-30,"SEA @ TOR","1Q","TOR","1Q TOR",2026-05-30 14:21:21.752887,"dk",0.5455,-120,-0.0213,-0.0234,-1.1711,0.5242,-110,-0.760454545454545
2026-05-30,"SEA @ TOR","1Q","TOR","1Q TOR",2026-05-30 14:21:21.752887,"fd",0.4673,114,0.0682,0.064,3.2013,0.5355,-115,2.07876623376623
2026-05-30,"LAS @ CON","1Q","LAS","1Q LAS",2026-05-30 14:51:21.337261,"dk",0.4762,110,-0.0098,-0.0094,-0.4695,0.4664,114,-0.30487012987013
2026-05-30,"LAS @ CON","1Q","LAS","1Q LAS",2026-05-30 14:51:21.337261,"fd",0.4444,125,0.0103,0.0093,0.4642,0.4548,120,0.301428571428571
2026-05-30,"IND @ PDX","1Q","IND","1Q IND",2026-05-30 14:51:21.337261,"dk",0.6,-150,-0.0628,-0.0784,-3.922,0.5372,-116,-2.54675324675325
2026-05-30,"IND @ PDX","1Q","IND","1Q IND",2026-05-30 14:51:21.337261,"fd",0.6226,-165,-0.0664,-0.0879,-4.3968,0.5563,-125,-2.85506493506493
2026-05-30,"SEA @ TOR","1Q","SEA","1Q SEA",2026-05-30 14:51:21.337261,"dk",0.5238,-110,-0.048,-0.0504,-2.5185,0.4758,110,-1.63538961038961
2026-05-30,"SEA @ TOR","1Q","SEA","1Q SEA",2026-05-30 14:51:21.337261,"fd",0.5968,-148,-0.1323,-0.164,-8.2012,0.4645,115,-5.32545454545455
2026-05-30,"LAS @ CON","1Q","CON","1Q CON",2026-05-30 14:51:21.337261,"dk",0.6,-150,-0.0664,-0.0829,-4.1471,0.5336,-114,-2.69292207792208
2026-05-30,"LAS @ CON","1Q","CON","1Q CON",2026-05-30 14:51:21.337261,"fd",0.6212,-164,-0.076,-0.1003,-5.0142,0.5452,-120,-3.25597402597403
2026-05-30,"IND @ PDX","1Q","PDX","1Q PDX",2026-05-30 14:51:21.337261,"dk",0.4762,110,-0.0134,-0.0128,-0.6414,0.4628,116,-0.416493506493506
2026-05-30,"IND @ PDX","1Q","PDX","1Q PDX",2026-05-30 14:51:21.337261,"fd",0.4425,126,0.0012,0.0011,0.0559,0.4437,125,0.0362987012987013
2026-05-30,"SEA @ TOR","1Q","TOR","1Q TOR",2026-05-30 14:51:21.337261,"dk",0.5455,-120,-0.0213,-0.0234,-1.1711,0.5242,-110,-0.760454545454545
2026-05-30,"SEA @ TOR","1Q","TOR","1Q TOR",2026-05-30 14:51:21.337261,"fd",0.4673,114,0.0682,0.064,3.2013,0.5355,-115,2.07876623376623
2026-05-30,"LAS @ CON","1Q","LAS","1Q LAS",2026-05-30 15:21:21.664046,"dk",0.4762,110,-0.0098,-0.0094,-0.4695,0.4664,114,-0.30487012987013
2026-05-30,"LAS @ CON","1Q","LAS","1Q LAS",2026-05-30 15:21:21.664046,"fd",0.4425,126,0.0117,0.0105,0.5251,0.4542,120,0.340974025974026
2026-05-30,"IND @ PDX","1Q","IND","1Q IND",2026-05-30 15:21:21.664046,"dk",0.6,-150,-0.0628,-0.0784,-3.922,0.5372,-116,-2.54675324675325
2026-05-30,"IND @ PDX","1Q","IND","1Q IND",2026-05-30 15:21:21.664046,"fd",0.6226,-165,-0.0664,-0.0879,-4.3968,0.5563,-125,-2.85506493506493
2026-05-30,"SEA @ TOR","1Q","SEA","1Q SEA",2026-05-30 15:21:21.664046,"dk",0.5238,-110,-0.048,-0.0504,-2.5185,0.4758,110,-1.63538961038961
2026-05-30,"SEA @ TOR","1Q","SEA","1Q SEA",2026-05-30 15:21:21.664046,"fd",0.5968,-148,-0.1323,-0.164,-8.2012,0.4645,115,-5.32545454545455
2026-05-30,"LAS @ CON","1Q","CON","1Q CON",2026-05-30 15:21:21.664046,"dk",0.6,-150,-0.0664,-0.0829,-4.1471,0.5336,-114,-2.69292207792208
2026-05-30,"LAS @ CON","1Q","CON","1Q CON",2026-05-30 15:21:21.664046,"fd",0.6226,-165,-0.0768,-0.1018,-5.0899,0.5458,-120,-3.30512987012987
2026-05-30,"IND @ PDX","1Q","PDX","1Q PDX",2026-05-30 15:21:21.664046,"dk",0.4762,110,-0.0134,-0.0128,-0.6414,0.4628,116,-0.416493506493506
2026-05-30,"IND @ PDX","1Q","PDX","1Q PDX",2026-05-30 15:21:21.664046,"fd",0.4425,126,0.0012,0.0011,0.0559,0.4437,125,0.0362987012987013
2026-05-30,"SEA @ TOR","1Q","TOR","1Q TOR",2026-05-30 15:21:21.664046,"dk",0.5455,-120,-0.0213,-0.0234,-1.1711,0.5242,-110,-0.760454545454545
2026-05-30,"SEA @ TOR","1Q","TOR","1Q TOR",2026-05-30 15:21:21.664046,"fd",0.4673,114,0.0682,0.064,3.2013,0.5355,-115,2.07876623376623
2026-05-30,"LAS @ CON","1Q","LAS","1Q LAS",2026-05-30 15:51:22.853759,"dk",0.4762,110,-0.0098,-0.0094,-0.4695,0.4664,114,-0.30487012987013
2026-05-30,"LAS @ CON","1Q","LAS","1Q LAS",2026-05-30 15:51:22.853759,"fd",0.4425,126,0.0117,0.0105,0.5251,0.4542,120,0.340974025974026
2026-05-30,"IND @ PDX","1Q","IND","1Q IND",2026-05-30 15:51:22.853759,"dk",0.6,-150,-0.0628,-0.0784,-3.922,0.5372,-116,-2.54675324675325
2026-05-30,"IND @ PDX","1Q","IND","1Q IND",2026-05-30 15:51:22.853759,"fd",0.6226,-165,-0.0658,-0.0872,-4.359,0.5568,-126,-2.83051948051948
2026-05-30,"SEA @ TOR","1Q","SEA","1Q SEA",2026-05-30 15:51:22.853759,"dk",0.5238,-110,-0.048,-0.0504,-2.5185,0.4758,110,-1.63538961038961
2026-05-30,"SEA @ TOR","1Q","SEA","1Q SEA",2026-05-30 15:51:22.853759,"fd",0.5968,-148,-0.1323,-0.164,-8.2012,0.4645,115,-5.32545454545455
2026-05-30,"LAS @ CON","1Q","CON","1Q CON",2026-05-30 15:51:22.853759,"dk",0.6,-150,-0.0664,-0.0829,-4.1471,0.5336,-114,-2.69292207792208
2026-05-30,"LAS @ CON","1Q","CON","1Q CON",2026-05-30 15:51:22.853759,"fd",0.6226,-165,-0.0768,-0.1018,-5.0899,0.5458,-120,-3.30512987012987
2026-05-30,"IND @ PDX","1Q","PDX","1Q PDX",2026-05-30 15:51:22.853759,"dk",0.4762,110,-0.0134,-0.0128,-0.6414,0.4628,116,-0.416493506493506
2026-05-30,"IND @ PDX","1Q","PDX","1Q PDX",2026-05-30 15:51:22.853759,"fd",0.4425,126,7e-04,6e-04,0.0303,0.4432,126,0.0196753246753247
2026-05-30,"SEA @ TOR","1Q","TOR","1Q TOR",2026-05-30 15:51:22.853759,"dk",0.5455,-120,-0.0213,-0.0234,-1.1711,0.5242,-110,-0.760454545454545
2026-05-30,"SEA @ TOR","1Q","TOR","1Q TOR",2026-05-30 15:51:22.853759,"fd",0.4673,114,0.0682,0.064,3.2013,0.5355,-115,2.07876623376623
2026-05-30,"LAS @ CON","1Q","LAS","1Q LAS",2026-05-30 16:21:23.215723,"dk",0.4762,110,-0.0098,-0.0094,-0.4695,0.4664,114,-0.30487012987013
2026-05-30,"LAS @ CON","1Q","LAS","1Q LAS",2026-05-30 16:21:23.215723,"fd",0.4425,126,0.0117,0.0105,0.5251,0.4542,120,0.340974025974026
2026-05-30,"IND @ PDX","1Q","IND","1Q IND",2026-05-30 16:21:23.215723,"dk",0.6,-150,-0.0628,-0.0784,-3.922,0.5372,-116,-2.54675324675325
2026-05-30,"IND @ PDX","1Q","IND","1Q IND",2026-05-30 16:21:23.215723,"fd",0.6226,-165,-0.0658,-0.0872,-4.359,0.5568,-126,-2.83051948051948
2026-05-30,"SEA @ TOR","1Q","SEA","1Q SEA",2026-05-30 16:21:23.215723,"dk",0.5238,-110,-0.048,-0.0504,-2.5185,0.4758,110,-1.63538961038961
2026-05-30,"SEA @ TOR","1Q","SEA","1Q SEA",2026-05-30 16:21:23.215723,"fd",0.5968,-148,-0.1323,-0.164,-8.2012,0.4645,115,-5.32545454545455
2026-05-30,"LAS @ CON","1Q","CON","1Q CON",2026-05-30 16:21:23.215723,"dk",0.6,-150,-0.0664,-0.0829,-4.1471,0.5336,-114,-2.69292207792208
2026-05-30,"LAS @ CON","1Q","CON","1Q CON",2026-05-30 16:21:23.215723,"fd",0.6226,-165,-0.0768,-0.1018,-5.0899,0.5458,-120,-3.30512987012987
2026-05-30,"IND @ PDX","1Q","PDX","1Q PDX",2026-05-30 16:21:23.215723,"dk",0.4762,110,-0.0134,-0.0128,-0.6414,0.4628,116,-0.416493506493506
2026-05-30,"IND @ PDX","1Q","PDX","1Q PDX",2026-05-30 16:21:23.215723,"fd",0.4425,126,7e-04,6e-04,0.0303,0.4432,126,0.0196753246753247
2026-05-30,"SEA @ TOR","1Q","TOR","1Q TOR",2026-05-30 16:21:23.215723,"dk",0.5455,-120,-0.0213,-0.0234,-1.1711,0.5242,-110,-0.760454545454545
2026-05-30,"SEA @ TOR","1Q","TOR","1Q TOR",2026-05-30 16:21:23.215723,"fd",0.4673,114,0.0682,0.064,3.2013,0.5355,-115,2.07876623376623
2026-05-30,"LAS @ CON","1Q","LAS","1Q LAS",2026-05-30 16:51:22.464982,"dk",0.4762,110,-0.0098,-0.0094,-0.4695,0.4664,114,-0.30487012987013
2026-05-30,"LAS @ CON","1Q","LAS","1Q LAS",2026-05-30 16:51:22.464982,"fd",0.4425,126,0.0117,0.0105,0.5251,0.4542,120,0.340974025974026
2026-05-30,"IND @ PDX","1Q","IND","1Q IND",2026-05-30 16:51:22.464982,"dk",0.6,-150,-0.0628,-0.0784,-3.922,0.5372,-116,-2.54675324675325
2026-05-30,"IND @ PDX","1Q","IND","1Q IND",2026-05-30 16:51:22.464982,"fd",0.6226,-165,-0.0658,-0.0872,-4.359,0.5568,-126,-2.83051948051948
2026-05-30,"SEA @ TOR","1Q","SEA","1Q SEA",2026-05-30 16:51:22.464982,"dk",0.5238,-110,-0.048,-0.0504,-2.5185,0.4758,110,-1.63538961038961
2026-05-30,"SEA @ TOR","1Q","SEA","1Q SEA",2026-05-30 16:51:22.464982,"fd",0.5968,-148,-0.1323,-0.164,-8.2012,0.4645,115,-5.32545454545455
2026-05-30,"LAS @ CON","1Q","CON","1Q CON",2026-05-30 16:51:22.464982,"dk",0.6,-150,-0.0664,-0.0829,-4.1471,0.5336,-114,-2.69292207792208
2026-05-30,"LAS @ CON","1Q","CON","1Q CON",2026-05-30 16:51:22.464982,"fd",0.6226,-165,-0.0768,-0.1018,-5.0899,0.5458,-120,-3.30512987012987
2026-05-30,"IND @ PDX","1Q","PDX","1Q PDX",2026-05-30 16:51:22.464982,"dk",0.4762,110,-0.0134,-0.0128,-0.6414,0.4628,116,-0.416493506493506
2026-05-30,"IND @ PDX","1Q","PDX","1Q PDX",2026-05-30 16:51:22.464982,"fd",0.4425,126,7e-04,6e-04,0.0303,0.4432,126,0.0196753246753247
2026-05-30,"SEA @ TOR","1Q","TOR","1Q TOR",2026-05-30 16:51:22.464982,"dk",0.5455,-120,-0.0213,-0.0234,-1.1711,0.5242,-110,-0.760454545454545
2026-05-30,"SEA @ TOR","1Q","TOR","1Q TOR",2026-05-30 16:51:22.464982,"fd",0.4673,114,0.0682,0.064,3.2013,0.5355,-115,2.07876623376623
2026-05-30,"LAS @ CON","1Q","LAS","1Q LAS",2026-05-30 17:21:22.56229,"dk",0.4762,110,-0.0098,-0.0094,-0.4695,0.4664,114,-0.30487012987013
2026-05-30,"LAS @ CON","1Q","LAS","1Q LAS",2026-05-30 17:21:22.56229,"fd",0.4425,126,0.0117,0.0105,0.5251,0.4542,120,0.340974025974026
2026-05-30,"IND @ PDX","1Q","IND","1Q IND",2026-05-30 17:21:22.56229,"dk",0.6,-150,-0.0628,-0.0784,-3.922,0.5372,-116,-2.54675324675325
2026-05-30,"IND @ PDX","1Q","IND","1Q IND",2026-05-30 17:21:22.56229,"fd",0.6226,-165,-0.0658,-0.0872,-4.359,0.5568,-126,-2.83051948051948
2026-05-30,"SEA @ TOR","1Q","SEA","1Q SEA",2026-05-30 17:21:22.56229,"dk",0.5238,-110,-0.048,-0.0504,-2.5185,0.4758,110,-1.63538961038961
2026-05-30,"SEA @ TOR","1Q","SEA","1Q SEA",2026-05-30 17:21:22.56229,"fd",0.5968,-148,-0.1323,-0.164,-8.2012,0.4645,115,-5.32545454545455
2026-05-30,"LAS @ CON","1Q","CON","1Q CON",2026-05-30 17:21:22.56229,"dk",0.6,-150,-0.0664,-0.0829,-4.1471,0.5336,-114,-2.69292207792208
2026-05-30,"LAS @ CON","1Q","CON","1Q CON",2026-05-30 17:21:22.56229,"fd",0.6226,-165,-0.0768,-0.1018,-5.0899,0.5458,-120,-3.30512987012987
2026-05-30,"IND @ PDX","1Q","PDX","1Q PDX",2026-05-30 17:21:22.56229,"dk",0.4762,110,-0.0134,-0.0128,-0.6414,0.4628,116,-0.416493506493506
2026-05-30,"IND @ PDX","1Q","PDX","1Q PDX",2026-05-30 17:21:22.56229,"fd",0.4425,126,7e-04,6e-04,0.0303,0.4432,126,0.0196753246753247
2026-05-30,"SEA @ TOR","1Q","TOR","1Q TOR",2026-05-30 17:21:22.56229,"dk",0.5455,-120,-0.0213,-0.0234,-1.1711,0.5242,-110,-0.760454545454545
2026-05-30,"SEA @ TOR","1Q","TOR","1Q TOR",2026-05-30 17:21:22.56229,"fd",0.4673,114,0.0682,0.064,3.2013,0.5355,-115,2.07876623376623
2026-05-30,"LAS @ CON","1Q","LAS","1Q LAS",2026-05-30 17:51:21.881842,"fd",0.4425,126,0.0123,0.011,0.5508,0.4548,120,0.357662337662338
2026-05-30,"IND @ PDX","1Q","IND","1Q IND",2026-05-30 17:51:21.881842,"fd",0.6226,-165,-0.0658,-0.0872,-4.359,0.5568,-126,-2.83051948051948
2026-05-30,"LAS @ CON","1Q","CON","1Q CON",2026-05-30 17:51:21.881842,"fd",0.6226,-165,-0.0774,-0.1026,-5.1279,0.5452,-120,-3.32980519480519
2026-05-30,"IND @ PDX","1Q","PDX","1Q PDX",2026-05-30 17:51:21.881842,"fd",0.4425,126,7e-04,6e-04,0.0303,0.4432,126,0.0196753246753247
2026-05-30,"LAS @ CON","1Q","LAS","1Q LAS",2026-05-30 18:21:22.086075,"fd",0.4425,126,0.0123,0.011,0.5508,0.4548,120,0.357662337662338
2026-05-30,"IND @ PDX","1Q","IND","1Q IND",2026-05-30 18:21:22.086075,"fd",0.6226,-165,-0.0658,-0.0872,-4.359,0.5568,-126,-2.83051948051948
2026-05-30,"LAS @ CON","1Q","CON","1Q CON",2026-05-30 18:21:22.086075,"fd",0.6226,-165,-0.0774,-0.1026,-5.1279,0.5452,-120,-3.32980519480519
2026-05-30,"IND @ PDX","1Q","PDX","1Q PDX",2026-05-30 18:21:22.086075,"fd",0.4425,126,7e-04,6e-04,0.0303,0.4432,126,0.0196753246753247
2026-05-30,"LAS @ CON","1Q","LAS","1Q LAS",2026-05-30 18:51:20.97382,"fd",0.4425,126,0.0123,0.011,0.5508,0.4548,120,0.357662337662338
2026-05-30,"IND @ PDX","1Q","IND","1Q IND",2026-05-30 18:51:20.97382,"fd",0.6226,-165,-0.0658,-0.0872,-4.359,0.5568,-126,-2.83051948051948
2026-05-30,"LAS @ CON","1Q","CON","1Q CON",2026-05-30 18:51:20.97382,"fd",0.6226,-165,-0.0774,-0.1026,-5.1279,0.5452,-120,-3.32980519480519
2026-05-30,"IND @ PDX","1Q","PDX","1Q PDX",2026-05-30 18:51:20.97382,"fd",0.4425,126,7e-04,6e-04,0.0303,0.4432,126,0.0196753246753247
2026-05-30,"LAS @ CON","1Q","LAS","1Q LAS",2026-05-30 19:21:21.933294,"fd",0.4425,126,0.0123,0.011,0.5508,0.4548,120,0.357662337662338
2026-05-30,"IND @ PDX","1Q","IND","1Q IND",2026-05-30 19:21:21.933294,"fd",0.6226,-165,-0.0658,-0.0872,-4.359,0.5568,-126,-2.83051948051948
2026-05-30,"LAS @ CON","1Q","CON","1Q CON",2026-05-30 19:21:21.933294,"fd",0.6226,-165,-0.0774,-0.1026,-5.1279,0.5452,-120,-3.32980519480519
2026-05-30,"IND @ PDX","1Q","PDX","1Q PDX",2026-05-30 19:21:21.933294,"fd",0.4425,126,7e-04,6e-04,0.0303,0.4432,126,0.0196753246753247
2026-05-30,"LAS @ CON","1Q","LAS","1Q LAS",2026-05-30 19:51:21.163567,"fd",0.4425,126,0.0123,0.011,0.5508,0.4548,120,0.357662337662338
2026-05-30,"IND @ PDX","1Q","IND","1Q IND",2026-05-30 19:51:21.163567,"fd",0.6226,-165,-0.0658,-0.0872,-4.359,0.5568,-126,-2.83051948051948
2026-05-30,"LAS @ CON","1Q","CON","1Q CON",2026-05-30 19:51:21.163567,"fd",0.6226,-165,-0.0774,-0.1026,-5.1279,0.5452,-120,-3.32980519480519
2026-05-30,"IND @ PDX","1Q","PDX","1Q PDX",2026-05-30 19:51:21.163567,"fd",0.4425,126,7e-04,6e-04,0.0303,0.4432,126,0.0196753246753247
2026-05-30,"LAS @ CON","1Q","LAS","1Q LAS",2026-05-30 20:21:20.791453,"fd",0.4425,126,0.0117,0.0105,0.5251,0.4542,120,0.340974025974026
2026-05-30,"IND @ PDX","1Q","IND","1Q IND",2026-05-30 20:21:20.791453,"fd",0.6226,-165,-0.0658,-0.0872,-4.359,0.5568,-126,-2.83051948051948
2026-05-30,"LAS @ CON","1Q","CON","1Q CON",2026-05-30 20:21:20.791453,"fd",0.6226,-165,-0.0768,-0.1018,-5.0899,0.5458,-120,-3.30512987012987
2026-05-30,"IND @ PDX","1Q","PDX","1Q PDX",2026-05-30 20:21:20.791453,"fd",0.4425,126,7e-04,6e-04,0.0303,0.4432,126,0.0196753246753247
2026-05-30,"LAS @ CON","1Q","LAS","1Q LAS",2026-05-30 20:51:21.993607,"fd",0.4425,126,0.0117,0.0105,0.5251,0.4542,120,0.340974025974026
2026-05-30,"IND @ PDX","1Q","IND","1Q IND",2026-05-30 20:51:21.993607,"fd",0.6226,-165,-0.0658,-0.0872,-4.359,0.5568,-126,-2.83051948051948
2026-05-30,"LAS @ CON","1Q","CON","1Q CON",2026-05-30 20:51:21.993607,"fd",0.6226,-165,-0.0768,-0.1018,-5.0899,0.5458,-120,-3.30512987012987
2026-05-30,"IND @ PDX","1Q","PDX","1Q PDX",2026-05-30 20:51:21.993607,"fd",0.4425,126,7e-04,6e-04,0.0303,0.4432,126,0.0196753246753247
2026-05-30,"LAS @ CON","1Q","LAS","1Q LAS",2026-05-30 21:21:21.599983,"fd",0.4425,126,0.0117,0.0105,0.5251,0.4542,120,0.340974025974026
2026-05-30,"IND @ PDX","1Q","IND","1Q IND",2026-05-30 21:21:21.599983,"fd",0.6226,-165,-0.0658,-0.0872,-4.359,0.5568,-126,-2.83051948051948
2026-05-30,"LAS @ CON","1Q","CON","1Q CON",2026-05-30 21:21:21.599983,"fd",0.6226,-165,-0.0768,-0.1018,-5.0899,0.5458,-120,-3.30512987012987
2026-05-30,"IND @ PDX","1Q","PDX","1Q PDX",2026-05-30 21:21:21.599983,"fd",0.4425,126,7e-04,6e-04,0.0303,0.4432,126,0.0196753246753247
2026-05-30,"LAS @ CON","1Q","LAS","1Q LAS",2026-05-30 21:51:22.177312,"fd",0.4425,126,0.0124,0.0111,0.5544,0.4548,120,0.36
2026-05-30,"IND @ PDX","1Q","IND","1Q IND",2026-05-30 21:51:22.177312,"fd",0.6226,-165,-0.0658,-0.0872,-4.359,0.5568,-126,-2.83051948051948
2026-05-30,"LAS @ CON","1Q","CON","1Q CON",2026-05-30 21:51:22.177312,"fd",0.6226,-165,-0.0775,-0.1027,-5.1332,0.5452,-120,-3.33324675324675
2026-05-30,"IND @ PDX","1Q","PDX","1Q PDX",2026-05-30 21:51:22.177312,"fd",0.4425,126,7e-04,6e-04,0.0303,0.4432,126,0.0196753246753247
2026-05-30,"LAS @ CON","1Q","LAS","1Q LAS",2026-05-30 22:21:25.773954,"fd",0.4425,126,0.0124,0.0111,0.5544,0.4548,120,0.36
2026-05-30,"IND @ PDX","1Q","IND","1Q IND",2026-05-30 22:21:25.773954,"fd",0.6226,-165,-0.0658,-0.0872,-4.359,0.5568,-126,-2.83051948051948
2026-05-30,"LAS @ CON","1Q","CON","1Q CON",2026-05-30 22:21:25.773954,"fd",0.6226,-165,-0.0775,-0.1027,-5.1332,0.5452,-120,-3.33324675324675
2026-05-30,"IND @ PDX","1Q","PDX","1Q PDX",2026-05-30 22:21:25.773954,"fd",0.4425,126,7e-04,6e-04,0.0303,0.4432,126,0.0196753246753247
2026-05-30,"IND @ PDX","1Q","IND","1Q IND",2026-05-30 22:51:21.463128,"fd",0.6226,-165,-0.0658,-0.0872,-4.359,0.5568,-126,-2.83051948051948
2026-05-30,"IND @ PDX","1Q","PDX","1Q PDX",2026-05-30 22:51:21.463128,"fd",0.4425,126,7e-04,6e-04,0.0303,0.4432,126,0.0196753246753247
2026-05-30,"IND @ PDX","1Q","IND","1Q IND",2026-05-30 23:21:21.701079,"fd",0.6226,-165,-0.0658,-0.0872,-4.359,0.5568,-126,-2.83051948051948
2026-05-30,"IND @ PDX","1Q","PDX","1Q PDX",2026-05-30 23:21:21.701079,"fd",0.4425,126,7e-04,6e-04,0.0303,0.4432,126,0.0196753246753247
2026-05-30,"IND @ PDX","1Q","IND","1Q IND",2026-05-30 23:51:22.358343,"fd",0.6212,-164,-0.0825,-0.1089,-5.4461,0.5387,-117,-3.53642857142857
2026-05-30,"IND @ PDX","1Q","PDX","1Q PDX",2026-05-30 23:51:22.358343,"fd",0.4444,125,0.0169,0.0152,0.7587,0.4613,117,0.492662337662338
2026-05-30,"IND @ PDX","1Q","IND","1Q IND",2026-05-31 00:21:21.457538,"fd",0.6212,-164,-0.0825,-0.1089,-5.4461,0.5387,-117,-3.53642857142857
2026-05-30,"IND @ PDX","1Q","PDX","1Q PDX",2026-05-31 00:21:21.457538,"fd",0.4444,125,0.0169,0.0152,0.7587,0.4613,117,0.492662337662338
2026-05-30,"IND @ PDX","1Q","IND","1Q IND",2026-05-31 00:51:21.269946,"fd",0.6212,-164,-0.0825,-0.1089,-5.4461,0.5387,-117,-3.53642857142857
2026-05-30,"IND @ PDX","1Q","PDX","1Q PDX",2026-05-31 00:51:21.269946,"fd",0.4444,125,0.0169,0.0152,0.7587,0.4613,117,0.492662337662338
2026-05-31,"LVA @ GSV","1Q","LVA","1Q LVA",2026-05-31 12:21:50.509158,"fd",0.5614,-128,-0.0671,-0.0765,-3.827,0.4943,102,-2.48506493506494
2026-05-31,"LVA @ GSV","1Q","GSV","1Q GSV",2026-05-31 12:21:50.509158,"fd",0.505,-102,8e-04,8e-04,0.0398,0.5057,-102,0.0258441558441558
2026-05-31,"LVA @ GSV","1Q","LVA","1Q LVA",2026-05-31 12:51:16.776262,"fd",0.5614,-128,-0.0671,-0.0765,-3.827,0.4943,102,-2.48506493506494
2026-05-31,"LVA @ GSV","1Q","GSV","1Q GSV",2026-05-31 12:51:16.776262,"fd",0.505,-102,8e-04,8e-04,0.0398,0.5057,-102,0.0258441558441558
2026-05-31,"LVA @ GSV","1Q","LVA","1Q LVA",2026-05-31 13:21:16.504753,"dk",0.5652,-130,-0.064,-0.0737,-3.6825,0.5012,-100,-2.39123376623377
2026-05-31,"LVA @ GSV","1Q","LVA","1Q LVA",2026-05-31 13:21:16.504753,"fd",0.5614,-128,-0.0671,-0.0765,-3.827,0.4943,102,-2.48506493506494
2026-05-31,"LVA @ GSV","1Q","GSV","1Q GSV",2026-05-31 13:21:16.504753,"dk",0.5122,-105,-0.0134,-0.0137,-0.6851,0.4988,100,-0.44487012987013
2026-05-31,"LVA @ GSV","1Q","GSV","1Q GSV",2026-05-31 13:21:16.504753,"fd",0.505,-102,8e-04,8e-04,0.0398,0.5057,-102,0.0258441558441558
2026-05-31,"LVA @ GSV","1Q","LVA","1Q LVA",2026-05-31 13:51:16.931234,"dk",0.5918,-145,-0.0907,-0.1111,-5.5531,0.5012,-100,-3.60590909090909
2026-05-31,"LVA @ GSV","1Q","LVA","1Q LVA",2026-05-31 13:51:16.931234,"fd",0.5614,-128,-0.0671,-0.0765,-3.827,0.4943,102,-2.48506493506494
2026-05-31,"LVA @ GSV","1Q","GSV","1Q GSV",2026-05-31 13:51:16.931234,"dk",0.4878,105,0.011,0.0108,0.538,0.4988,100,0.349350649350649
2026-05-31,"LVA @ GSV","1Q","GSV","1Q GSV",2026-05-31 13:51:16.931234,"fd",0.505,-102,8e-04,8e-04,0.0398,0.5057,-102,0.0258441558441558
2026-05-31,"LVA @ GSV","1Q","LVA","1Q LVA",2026-05-31 14:21:17.056907,"dk",0.5918,-145,-0.0907,-0.1111,-5.5531,0.5012,-100,-3.60590909090909
2026-05-31,"LVA @ GSV","1Q","LVA","1Q LVA",2026-05-31 14:21:17.056907,"fd",0.5614,-128,-0.0669,-0.0763,-3.8145,0.4945,102,-2.47694805194805
2026-05-31,"LVA @ GSV","1Q","GSV","1Q GSV",2026-05-31 14:21:17.056907,"dk",0.4878,105,0.011,0.0108,0.538,0.4988,100,0.349350649350649
2026-05-31,"LVA @ GSV","1Q","GSV","1Q GSV",2026-05-31 14:21:17.056907,"fd",0.505,-102,6e-04,6e-04,0.0287,0.5055,-102,0.0186363636363636
2026-05-31,"LVA @ GSV","1Q","LVA","1Q LVA",2026-05-31 14:51:21.196178,"dk",0.5918,-145,-0.0907,-0.1111,-5.5531,0.5012,-100,-3.60590909090909
2026-05-31,"LVA @ GSV","1Q","LVA","1Q LVA",2026-05-31 14:51:21.196178,"fd",0.5614,-128,-0.0671,-0.0765,-3.827,0.4943,102,-2.48506493506494
2026-05-31,"LVA @ GSV","1Q","GSV","1Q GSV",2026-05-31 14:51:21.196178,"dk",0.4878,105,0.011,0.0108,0.538,0.4988,100,0.349350649350649
2026-05-31,"LVA @ GSV","1Q","GSV","1Q GSV",2026-05-31 14:51:21.196178,"fd",0.505,-102,8e-04,8e-04,0.0398,0.5057,-102,0.0258441558441558
2026-05-31,"LVA @ GSV","1Q","LVA","1Q LVA",2026-05-31 15:21:16.803169,"dk",0.5918,-145,-0.0907,-0.1111,-5.5531,0.5012,-100,-3.60590909090909
2026-05-31,"LVA @ GSV","1Q","LVA","1Q LVA",2026-05-31 15:21:16.803169,"fd",0.5614,-128,-0.0671,-0.0765,-3.827,0.4943,102,-2.48506493506494
2026-05-31,"LVA @ GSV","1Q","GSV","1Q GSV",2026-05-31 15:21:16.803169,"dk",0.4878,105,0.011,0.0108,0.538,0.4988,100,0.349350649350649
2026-05-31,"LVA @ GSV","1Q","GSV","1Q GSV",2026-05-31 15:21:16.803169,"fd",0.505,-102,8e-04,8e-04,0.0398,0.5057,-102,0.0258441558441558
2026-05-31,"LVA @ GSV","1Q","LVA","1Q LVA",2026-05-31 15:51:16.802819,"dk",0.5918,-145,-0.0907,-0.1111,-5.5531,0.5012,-100,-3.60590909090909
2026-05-31,"LVA @ GSV","1Q","LVA","1Q LVA",2026-05-31 15:51:16.802819,"fd",0.5614,-128,-0.0669,-0.0763,-3.8145,0.4945,102,-2.47694805194805
2026-05-31,"LVA @ GSV","1Q","GSV","1Q GSV",2026-05-31 15:51:16.802819,"dk",0.4878,105,0.011,0.0108,0.538,0.4988,100,0.349350649350649
2026-05-31,"LVA @ GSV","1Q","GSV","1Q GSV",2026-05-31 15:51:16.802819,"fd",0.505,-102,6e-04,6e-04,0.0287,0.5055,-102,0.0186363636363636
2026-05-31,"LVA @ GSV","1Q","LVA","1Q LVA",2026-05-31 16:21:16.364843,"dk",0.5918,-145,-0.0907,-0.1111,-5.5531,0.5012,-100,-3.60590909090909
2026-05-31,"LVA @ GSV","1Q","LVA","1Q LVA",2026-05-31 16:21:16.364843,"fd",0.5614,-128,-0.0669,-0.0763,-3.8145,0.4945,102,-2.47694805194805
2026-05-31,"LVA @ GSV","1Q","GSV","1Q GSV",2026-05-31 16:21:16.364843,"dk",0.4878,105,0.011,0.0108,0.538,0.4988,100,0.349350649350649
2026-05-31,"LVA @ GSV","1Q","GSV","1Q GSV",2026-05-31 16:21:16.364843,"fd",0.505,-102,6e-04,6e-04,0.0287,0.5055,-102,0.0186363636363636
2026-05-31,"LVA @ GSV","1Q","LVA","1Q LVA",2026-05-31 16:51:16.562222,"dk",0.5918,-145,-0.0907,-0.1111,-5.5531,0.5012,-100,-3.60590909090909
2026-05-31,"LVA @ GSV","1Q","LVA","1Q LVA",2026-05-31 16:51:16.562222,"fd",0.5556,-125,-0.0611,-0.0687,-3.4354,0.4945,102,-2.23077922077922
2026-05-31,"LVA @ GSV","1Q","GSV","1Q GSV",2026-05-31 16:51:16.562222,"dk",0.4878,105,0.011,0.0108,0.538,0.4988,100,0.349350649350649
2026-05-31,"LVA @ GSV","1Q","GSV","1Q GSV",2026-05-31 16:51:16.562222,"fd",0.5098,-104,-0.0043,-0.0044,-0.2186,0.5055,-102,-0.141948051948052
2026-05-31,"LVA @ GSV","1Q","LVA","1Q LVA",2026-05-31 17:21:16.928982,"dk",0.5918,-145,-0.0907,-0.1111,-5.5531,0.5012,-100,-3.60590909090909
2026-05-31,"LVA @ GSV","1Q","LVA","1Q LVA",2026-05-31 17:21:16.928982,"fd",0.5455,-120,-0.051,-0.0561,-2.8035,0.4945,102,-1.82045454545455
2026-05-31,"LVA @ GSV","1Q","GSV","1Q GSV",2026-05-31 17:21:16.928982,"dk",0.4878,105,0.011,0.0108,0.538,0.4988,100,0.349350649350649
2026-05-31,"LVA @ GSV","1Q","GSV","1Q GSV",2026-05-31 17:21:16.928982,"fd",0.5192,-108,-0.0137,-0.0143,-0.713,0.5055,-102,-0.462987012987013
2026-05-31,"LVA @ GSV","1Q","LVA","1Q LVA",2026-05-31 17:51:19.1398,"dk",0.5918,-145,-0.0907,-0.1111,-5.5531,0.5012,-100,-3.60590909090909
2026-05-31,"LVA @ GSV","1Q","LVA","1Q LVA",2026-05-31 17:51:19.1398,"fd",0.5455,-120,-0.051,-0.0561,-2.8035,0.4945,102,-1.82045454545455
2026-05-31,"LVA @ GSV","1Q","GSV","1Q GSV",2026-05-31 17:51:19.1398,"dk",0.4878,105,0.011,0.0108,0.538,0.4988,100,0.349350649350649
2026-05-31,"LVA @ GSV","1Q","GSV","1Q GSV",2026-05-31 17:51:19.1398,"fd",0.5192,-108,-0.0137,-0.0143,-0.713,0.5055,-102,-0.462987012987013
2026-05-31,"LVA @ GSV","1Q","LVA","1Q LVA",2026-05-31 18:21:16.371866,"dk",0.5918,-145,-0.0907,-0.1111,-5.5531,0.5012,-100,-3.60590909090909
2026-05-31,"LVA @ GSV","1Q","LVA","1Q LVA",2026-05-31 18:21:16.371866,"fd",0.5455,-120,-0.051,-0.0561,-2.8035,0.4945,102,-1.82045454545455
2026-05-31,"LVA @ GSV","1Q","GSV","1Q GSV",2026-05-31 18:21:16.371866,"dk",0.4878,105,0.011,0.0108,0.538,0.4988,100,0.349350649350649
2026-05-31,"LVA @ GSV","1Q","GSV","1Q GSV",2026-05-31 18:21:16.371866,"fd",0.5192,-108,-0.0137,-0.0143,-0.713,0.5055,-102,-0.462987012987013
2026-05-31,"LVA @ GSV","1Q","LVA","1Q LVA",2026-05-31 18:51:17.84872,"dk",0.5918,-145,-0.0907,-0.1111,-5.5531,0.5012,-100,-3.60590909090909
2026-05-31,"LVA @ GSV","1Q","LVA","1Q LVA",2026-05-31 18:51:17.84872,"fd",0.5413,-118,-0.0468,-0.051,-2.5508,0.4945,102,-1.65636363636364
2026-05-31,"LVA @ GSV","1Q","GSV","1Q GSV",2026-05-31 18:51:17.84872,"dk",0.4878,105,0.011,0.0108,0.538,0.4988,100,0.349350649350649
2026-05-31,"LVA @ GSV","1Q","GSV","1Q GSV",2026-05-31 18:51:17.84872,"fd",0.5238,-110,-0.0183,-0.0192,-0.9603,0.5055,-102,-0.623571428571429
2026-05-31,"LVA @ GSV","1Q","LVA","1Q LVA",2026-05-31 19:21:16.238096,"dk",0.5918,-145,-0.0907,-0.1111,-5.5569,0.5011,-100,-3.60837662337662
2026-05-31,"LVA @ GSV","1Q","LVA","1Q LVA",2026-05-31 19:21:16.238096,"fd",0.5413,-118,-0.0469,-0.0511,-2.5535,0.4944,102,-1.65811688311688
2026-05-31,"LVA @ GSV","1Q","GSV","1Q GSV",2026-05-31 19:21:16.238096,"dk",0.4878,105,0.0111,0.0108,0.541,0.4989,100,0.351298701298701
2026-05-31,"LVA @ GSV","1Q","GSV","1Q GSV",2026-05-31 19:21:16.238096,"fd",0.5238,-110,-0.0182,-0.0192,-0.9577,0.5056,-102,-0.621883116883117
2026-05-31,"LVA @ GSV","1Q","LVA","1Q LVA",2026-05-31 19:51:16.560699,"dk",0.5918,-145,-0.0907,-0.1111,-5.5569,0.5011,-100,-3.60837662337662
2026-05-31,"LVA @ GSV","1Q","LVA","1Q LVA",2026-05-31 19:51:16.560699,"fd",0.5413,-118,-0.0471,-0.0513,-2.5654,0.4942,102,-1.66584415584416
2026-05-31,"LVA @ GSV","1Q","GSV","1Q GSV",2026-05-31 19:51:16.560699,"dk",0.4878,105,0.0111,0.0108,0.541,0.4989,100,0.351298701298701
2026-05-31,"LVA @ GSV","1Q","GSV","1Q GSV",2026-05-31 19:51:16.560699,"fd",0.5238,-110,-0.018,-0.0189,-0.9462,0.5058,-102,-0.614415584415584
2026-05-31,"LVA @ GSV","1Q","LVA","1Q LVA",2026-05-31 20:22:37.545182,"dk",0.5918,-145,-0.0907,-0.1111,-5.5569,0.5011,-100,-3.60837662337662
2026-05-31,"LVA @ GSV","1Q","LVA","1Q LVA",2026-05-31 20:22:37.545182,"fd",0.5413,-118,-0.0471,-0.0513,-2.5654,0.4942,102,-1.66584415584416
2026-05-31,"LVA @ GSV","1Q","GSV","1Q GSV",2026-05-31 20:22:37.545182,"dk",0.4878,105,0.0111,0.0108,0.541,0.4989,100,0.351298701298701
2026-05-31,"LVA @ GSV","1Q","GSV","1Q GSV",2026-05-31 20:22:37.545182,"fd",0.5238,-110,-0.018,-0.0189,-0.9462,0.5058,-102,-0.614415584415584
2026-05-31,"LVA @ GSV","1Q","LVA","1Q LVA",2026-05-31 20:56:30.853346,"dk",0.5918,-145,-0.0907,-0.1111,-5.5569,0.5011,-100,-3.60837662337662
2026-05-31,"LVA @ GSV","1Q","LVA","1Q LVA",2026-05-31 20:56:30.853346,"fd",0.5413,-118,-0.0471,-0.0513,-2.5654,0.4942,102,-1.66584415584416
2026-05-31,"LVA @ GSV","1Q","GSV","1Q GSV",2026-05-31 20:56:30.853346,"dk",0.4878,105,0.0111,0.0108,0.541,0.4989,100,0.351298701298701
2026-05-31,"LVA @ GSV","1Q","GSV","1Q GSV",2026-05-31 20:56:30.853346,"fd",0.5238,-110,-0.018,-0.0189,-0.9462,0.5058,-102,-0.614415584415584
2026-05-31,"LVA @ GSV","1Q","LVA","1Q LVA",2026-05-31 21:21:17.001182,"dk",0.5918,-145,-0.0907,-0.1111,-5.5569,0.5011,-100,-3.60837662337662
2026-05-31,"LVA @ GSV","1Q","LVA","1Q LVA",2026-05-31 21:21:17.001182,"fd",0.5413,-118,-0.0471,-0.0513,-2.5654,0.4942,102,-1.66584415584416
2026-05-31,"LVA @ GSV","1Q","GSV","1Q GSV",2026-05-31 21:21:17.001182,"dk",0.4878,105,0.0111,0.0108,0.541,0.4989,100,0.351298701298701
2026-05-31,"LVA @ GSV","1Q","GSV","1Q GSV",2026-05-31 21:21:17.001182,"fd",0.5238,-110,-0.018,-0.0189,-0.9462,0.5058,-102,-0.614415584415584
2026-05-31,"LVA @ GSV","1Q","LVA","1Q LVA",2026-05-31 21:51:20.106676,"dk",0.5918,-145,-0.0907,-0.1111,-5.5569,0.5011,-100,-3.60837662337662
2026-05-31,"LVA @ GSV","1Q","LVA","1Q LVA",2026-05-31 21:51:20.106676,"fd",0.5413,-118,-0.0471,-0.0513,-2.5654,0.4942,102,-1.66584415584416
2026-05-31,"LVA @ GSV","1Q","GSV","1Q GSV",2026-05-31 21:51:20.106676,"dk",0.4878,105,0.0111,0.0108,0.541,0.4989,100,0.351298701298701
2026-05-31,"LVA @ GSV","1Q","GSV","1Q GSV",2026-05-31 21:51:20.106676,"fd",0.5238,-110,-0.018,-0.0189,-0.9462,0.5058,-102,-0.614415584415584
2026-05-31,"LVA @ GSV","1Q","LVA","1Q LVA",2026-05-31 22:21:15.774194,"dk",0.5918,-145,-0.0907,-0.1111,-5.5569,0.5011,-100,-3.60837662337662
2026-05-31,"LVA @ GSV","1Q","LVA","1Q LVA",2026-05-31 22:21:15.774194,"fd",0.5413,-118,-0.0471,-0.0513,-2.5654,0.4942,102,-1.66584415584416
2026-05-31,"LVA @ GSV","1Q","GSV","1Q GSV",2026-05-31 22:21:15.774194,"dk",0.4878,105,0.0111,0.0108,0.541,0.4989,100,0.351298701298701
2026-05-31,"LVA @ GSV","1Q","GSV","1Q GSV",2026-05-31 22:21:15.774194,"fd",0.5238,-110,-0.018,-0.0189,-0.9462,0.5058,-102,-0.614415584415584
2026-05-31,"LVA @ GSV","1Q","LVA","1Q LVA",2026-05-31 22:51:17.279577,"dk",0.5918,-145,-0.0907,-0.1111,-5.5569,0.5011,-100,-3.60837662337662
2026-05-31,"LVA @ GSV","1Q","LVA","1Q LVA",2026-05-31 22:51:17.279577,"fd",0.5413,-118,-0.0471,-0.0513,-2.5654,0.4942,102,-1.66584415584416
2026-05-31,"LVA @ GSV","1Q","GSV","1Q GSV",2026-05-31 22:51:17.279577,"dk",0.4878,105,0.0111,0.0108,0.541,0.4989,100,0.351298701298701
2026-05-31,"LVA @ GSV","1Q","GSV","1Q GSV",2026-05-31 22:51:17.279577,"fd",0.5238,-110,-0.018,-0.0189,-0.9462,0.5058,-102,-0.614415584415584
2026-05-31,"LVA @ GSV","1Q","LVA","1Q LVA",2026-05-31 23:21:16.438439,"dk",0.5918,-145,-0.0907,-0.1111,-5.5569,0.5011,-100,-3.60837662337662
2026-05-31,"LVA @ GSV","1Q","LVA","1Q LVA",2026-05-31 23:21:16.438439,"fd",0.5413,-118,-0.0471,-0.0513,-2.5654,0.4942,102,-1.66584415584416
2026-05-31,"LVA @ GSV","1Q","GSV","1Q GSV",2026-05-31 23:21:16.438439,"dk",0.4878,105,0.0111,0.0108,0.541,0.4989,100,0.351298701298701
2026-05-31,"LVA @ GSV","1Q","GSV","1Q GSV",2026-05-31 23:21:16.438439,"fd",0.5238,-110,-0.018,-0.0189,-0.9462,0.5058,-102,-0.614415584415584
2026-05-31,"LVA @ GSV","1Q","LVA","1Q LVA",2026-05-31 23:51:17.18925,"dk",0.5918,-145,-0.0907,-0.1111,-5.5569,0.5011,-100,-3.60837662337662
2026-05-31,"LVA @ GSV","1Q","LVA","1Q LVA",2026-05-31 23:51:17.18925,"fd",0.5413,-118,-0.0471,-0.0513,-2.5654,0.4942,102,-1.66584415584416
2026-05-31,"LVA @ GSV","1Q","GSV","1Q GSV",2026-05-31 23:51:17.18925,"dk",0.4878,105,0.0111,0.0108,0.541,0.4989,100,0.351298701298701
2026-05-31,"LVA @ GSV","1Q","GSV","1Q GSV",2026-05-31 23:51:17.18925,"fd",0.5238,-110,-0.018,-0.0189,-0.9462,0.5058,-102,-0.614415584415584
2026-05-31,"LVA @ GSV","1Q","LVA","1Q LVA",2026-06-01 00:21:16.427835,"dk",0.5918,-145,-0.0907,-0.1111,-5.5569,0.5011,-100,-3.60837662337662
2026-05-31,"LVA @ GSV","1Q","LVA","1Q LVA",2026-06-01 00:21:16.427835,"fd",0.5413,-118,-0.0471,-0.0513,-2.5654,0.4942,102,-1.66584415584416
2026-05-31,"LVA @ GSV","1Q","GSV","1Q GSV",2026-06-01 00:21:16.427835,"dk",0.4878,105,0.0111,0.0108,0.541,0.4989,100,0.351298701298701
2026-05-31,"LVA @ GSV","1Q","GSV","1Q GSV",2026-06-01 00:21:16.427835,"fd",0.5238,-110,-0.018,-0.0189,-0.9462,0.5058,-102,-0.614415584415584
2026-05-31,"LVA @ GSV","1Q","LVA","1Q LVA",2026-06-01 00:51:18.336473,"dk",0.5918,-145,-0.0907,-0.1111,-5.5569,0.5011,-100,-3.60837662337662
2026-05-31,"LVA @ GSV","1Q","LVA","1Q LVA",2026-06-01 00:51:18.336473,"fd",0.5413,-118,-0.0471,-0.0513,-2.5654,0.4942,102,-1.66584415584416
2026-05-31,"LVA @ GSV","1Q","GSV","1Q GSV",2026-06-01 00:51:18.336473,"dk",0.4878,105,0.0111,0.0108,0.541,0.4989,100,0.351298701298701
2026-05-31,"LVA @ GSV","1Q","GSV","1Q GSV",2026-06-01 00:51:18.336473,"fd",0.5238,-110,-0.018,-0.0189,-0.9462,0.5058,-102,-0.614415584415584
2026-05-31,"LVA @ GSV","1Q","LVA","1Q LVA",2026-06-01 01:21:16.721152,"dk",0.5918,-145,-0.0907,-0.1111,-5.5569,0.5011,-100,-3.60837662337662
2026-05-31,"LVA @ GSV","1Q","LVA","1Q LVA",2026-06-01 01:21:16.721152,"fd",0.5413,-118,-0.0471,-0.0513,-2.5654,0.4942,102,-1.66584415584416
2026-05-31,"LVA @ GSV","1Q","GSV","1Q GSV",2026-06-01 01:21:16.721152,"dk",0.4878,105,0.0111,0.0108,0.541,0.4989,100,0.351298701298701
2026-05-31,"LVA @ GSV","1Q","GSV","1Q GSV",2026-06-01 01:21:16.721152,"fd",0.5238,-110,-0.018,-0.0189,-0.9462,0.5058,-102,-0.614415584415584
2026-05-31,"LVA @ GSV","1Q","LVA","1Q LVA",2026-06-01 01:51:17.394585,"dk",0.5918,-145,-0.0907,-0.1111,-5.5569,0.5011,-100,-3.60837662337662
2026-05-31,"LVA @ GSV","1Q","LVA","1Q LVA",2026-06-01 01:51:17.394585,"fd",0.5413,-118,-0.0471,-0.0513,-2.5654,0.4942,102,-1.66584415584416
2026-05-31,"LVA @ GSV","1Q","GSV","1Q GSV",2026-06-01 01:51:17.394585,"dk",0.4878,105,0.0111,0.0108,0.541,0.4989,100,0.351298701298701
2026-05-31,"LVA @ GSV","1Q","GSV","1Q GSV",2026-06-01 01:51:17.394585,"fd",0.5238,-110,-0.018,-0.0189,-0.9462,0.5058,-102,-0.614415584415584
2026-06-01,"MIN @ PHX","1Q","PHX","1Q PHX",2026-06-01 14:11:19.96863,"dk",0.5652,-130,-0.0418,-0.0481,-2.4028,0.5234,-110,-1.56025974025974
2026-06-01,"MIN @ PHX","1Q","PHX","1Q PHX",2026-06-01 14:11:19.96863,"fd",0.5614,-128,-0.03,-0.0342,-1.7104,0.5314,-113,-1.11064935064935
2026-06-01,"SEA @ DAL","1Q","DAL","1Q DAL",2026-06-01 14:11:19.96863,"dk",0.5745,-135,-0.0699,-0.0822,-4.1091,0.5045,-102,-2.66824675324675
2026-06-01,"SEA @ DAL","1Q","DAL","1Q DAL",2026-06-01 14:11:19.96863,"fd",0.5556,-125,-0.0465,-0.0523,-2.6155,0.5091,-104,-1.69837662337662
2026-06-01,"MIN @ PHX","1Q","MIN","1Q MIN",2026-06-01 14:11:19.96863,"dk",0.5122,-105,-0.0356,-0.0365,-1.8258,0.4766,110,-1.18558441558442
2026-06-01,"MIN @ PHX","1Q","MIN","1Q MIN",2026-06-01 14:11:19.96863,"fd",0.505,-102,-0.0363,-0.0367,-1.8356,0.4686,113,-1.19194805194805
2026-06-01,"SEA @ DAL","1Q","SEA","1Q SEA",2026-06-01 14:11:19.96863,"dk",0.5122,-105,-0.0167,-0.0171,-0.8569,0.4955,102,-0.556428571428571
2026-06-01,"SEA @ DAL","1Q","SEA","1Q SEA",2026-06-01 14:11:19.96863,"fd",0.5098,-104,-0.0189,-0.0192,-0.9619,0.4909,104,-0.62461038961039
2026-06-01,"MIN @ PHX","1Q","PHX","1Q PHX",2026-06-01 15:00:58.754026,"dk",0.5652,-130,-0.0418,-0.0481,-2.4028,0.5234,-110,-1.56025974025974
2026-06-01,"MIN @ PHX","1Q","PHX","1Q PHX",2026-06-01 15:00:58.754026,"fd",0.5614,-128,-0.03,-0.0342,-1.7104,0.5314,-113,-1.11064935064935
2026-06-01,"SEA @ DAL","1Q","DAL","1Q DAL",2026-06-01 15:00:58.754026,"dk",0.5745,-135,-0.0699,-0.0822,-4.1091,0.5045,-102,-2.66824675324675
2026-06-01,"SEA @ DAL","1Q","DAL","1Q DAL",2026-06-01 15:00:58.754026,"fd",0.5556,-125,-0.0465,-0.0523,-2.6155,0.5091,-104,-1.69837662337662
2026-06-01,"MIN @ PHX","1Q","MIN","1Q MIN",2026-06-01 15:00:58.754026,"dk",0.5122,-105,-0.0356,-0.0365,-1.8258,0.4766,110,-1.18558441558442
2026-06-01,"MIN @ PHX","1Q","MIN","1Q MIN",2026-06-01 15:00:58.754026,"fd",0.505,-102,-0.0363,-0.0367,-1.8356,0.4686,113,-1.19194805194805
2026-06-01,"SEA @ DAL","1Q","SEA","1Q SEA",2026-06-01 15:00:58.754026,"dk",0.5122,-105,-0.0167,-0.0171,-0.8569,0.4955,102,-0.556428571428571
2026-06-01,"SEA @ DAL","1Q","SEA","1Q SEA",2026-06-01 15:00:58.754026,"fd",0.5098,-104,-0.0189,-0.0192,-0.9619,0.4909,104,-0.62461038961039
2026-06-01,"MIN @ PHX","1Q","PHX","1Q PHX",2026-06-01 15:39:59.463744,"fd",0.5614,-128,-0.03,-0.0342,-1.7104,0.5314,-113,-1.11064935064935
2026-06-01,"SEA @ DAL","1Q","DAL","1Q DAL",2026-06-01 15:39:59.463744,"fd",0.5556,-125,-0.0465,-0.0523,-2.6155,0.5091,-104,-1.69837662337662
2026-06-01,"MIN @ PHX","1Q","MIN","1Q MIN",2026-06-01 15:39:59.463744,"fd",0.505,-102,-0.0363,-0.0367,-1.8356,0.4686,113,-1.19194805194805
2026-06-01,"SEA @ DAL","1Q","SEA","1Q SEA",2026-06-01 15:39:59.463744,"fd",0.5098,-104,-0.0189,-0.0192,-0.9619,0.4909,104,-0.62461038961039
2026-06-01,"MIN @ PHX","1Q","PHX","1Q PHX",2026-06-01 15:59:28.400233,"fd",0.5614,-128,-0.03,-0.0342,-1.7104,0.5314,-113,-1.11064935064935
2026-06-01,"SEA @ DAL","1Q","DAL","1Q DAL",2026-06-01 15:59:28.400233,"fd",0.5614,-128,-0.0523,-0.0597,-2.9837,0.5091,-104,-1.93746753246753
2026-06-01,"MIN @ PHX","1Q","MIN","1Q MIN",2026-06-01 15:59:28.400233,"fd",0.505,-102,-0.0363,-0.0367,-1.8356,0.4686,113,-1.19194805194805
2026-06-01,"SEA @ DAL","1Q","SEA","1Q SEA",2026-06-01 15:59:28.400233,"fd",0.505,-102,-0.014,-0.0141,-0.7074,0.4909,104,-0.459350649350649
2026-06-01,"MIN @ PHX","1Q","PHX","1Q PHX",2026-06-01 16:28:56.023615,"fd",0.5614,-128,-0.03,-0.0342,-1.7104,0.5314,-113,-1.11064935064935
2026-06-01,"SEA @ DAL","1Q","DAL","1Q DAL",2026-06-01 16:28:56.023615,"fd",0.5614,-128,-0.0523,-0.0597,-2.9837,0.5091,-104,-1.93746753246753
2026-06-01,"MIN @ PHX","1Q","MIN","1Q MIN",2026-06-01 16:28:56.023615,"fd",0.505,-102,-0.0363,-0.0367,-1.8356,0.4686,113,-1.19194805194805
2026-06-01,"SEA @ DAL","1Q","SEA","1Q SEA",2026-06-01 16:28:56.023615,"fd",0.505,-102,-0.014,-0.0141,-0.7074,0.4909,104,-0.459350649350649
2026-06-01,"MIN @ PHX","1Q","PHX","1Q PHX",2026-06-01 16:59:15.010346,"dk",0.5652,-130,-0.0418,-0.0481,-2.4028,0.5234,-110,-1.56025974025974
2026-06-01,"MIN @ PHX","1Q","PHX","1Q PHX",2026-06-01 16:59:15.010346,"fd",0.5614,-128,-0.03,-0.0342,-1.7104,0.5314,-113,-1.11064935064935
2026-06-01,"SEA @ DAL","1Q","DAL","1Q DAL",2026-06-01 16:59:15.010346,"dk",0.5745,-135,-0.0699,-0.0822,-4.1091,0.5045,-102,-2.66824675324675
2026-06-01,"SEA @ DAL","1Q","DAL","1Q DAL",2026-06-01 16:59:15.010346,"fd",0.5614,-128,-0.0523,-0.0597,-2.9837,0.5091,-104,-1.93746753246753
2026-06-01,"MIN @ PHX","1Q","MIN","1Q MIN",2026-06-01 16:59:15.010346,"dk",0.5122,-105,-0.0356,-0.0365,-1.8258,0.4766,110,-1.18558441558442
2026-06-01,"MIN @ PHX","1Q","MIN","1Q MIN",2026-06-01 16:59:15.010346,"fd",0.505,-102,-0.0363,-0.0367,-1.8356,0.4686,113,-1.19194805194805
2026-06-01,"SEA @ DAL","1Q","SEA","1Q SEA",2026-06-01 16:59:15.010346,"dk",0.5122,-105,-0.0167,-0.0171,-0.8569,0.4955,102,-0.556428571428571
2026-06-01,"SEA @ DAL","1Q","SEA","1Q SEA",2026-06-01 16:59:15.010346,"fd",0.505,-102,-0.014,-0.0141,-0.7074,0.4909,104,-0.459350649350649
2026-06-01,"MIN @ PHX","1Q","PHX","1Q PHX",2026-06-01 17:29:38.380003,"dk",0.5652,-130,-0.0418,-0.0481,-2.4028,0.5234,-110,-1.56025974025974
2026-06-01,"MIN @ PHX","1Q","PHX","1Q PHX",2026-06-01 17:29:38.380003,"fd",0.5614,-128,-0.03,-0.0342,-1.7104,0.5314,-113,-1.11064935064935
2026-06-01,"SEA @ DAL","1Q","DAL","1Q DAL",2026-06-01 17:29:38.380003,"dk",0.5745,-135,-0.0699,-0.0822,-4.1091,0.5045,-102,-2.66824675324675
2026-06-01,"SEA @ DAL","1Q","DAL","1Q DAL",2026-06-01 17:29:38.380003,"fd",0.5614,-128,-0.0523,-0.0597,-2.9837,0.5091,-104,-1.93746753246753
2026-06-01,"MIN @ PHX","1Q","MIN","1Q MIN",2026-06-01 17:29:38.380003,"dk",0.5122,-105,-0.0356,-0.0365,-1.8258,0.4766,110,-1.18558441558442
2026-06-01,"MIN @ PHX","1Q","MIN","1Q MIN",2026-06-01 17:29:38.380003,"fd",0.505,-102,-0.0363,-0.0367,-1.8356,0.4686,113,-1.19194805194805
2026-06-01,"SEA @ DAL","1Q","SEA","1Q SEA",2026-06-01 17:29:38.380003,"dk",0.5122,-105,-0.0167,-0.0171,-0.8569,0.4955,102,-0.556428571428571
2026-06-01,"SEA @ DAL","1Q","SEA","1Q SEA",2026-06-01 17:29:38.380003,"fd",0.505,-102,-0.014,-0.0141,-0.7074,0.4909,104,-0.459350649350649
2026-06-01,"MIN @ PHX","1Q","PHX","1Q PHX",2026-06-01 17:58:49.563786,"dk",0.5652,-130,-0.0417,-0.0479,-2.3969,0.5235,-110,-1.55642857142857
2026-06-01,"MIN @ PHX","1Q","PHX","1Q PHX",2026-06-01 17:58:49.563786,"fd",0.5614,-128,-0.0294,-0.0335,-1.6753,0.532,-114,-1.08785714285714
2026-06-01,"SEA @ DAL","1Q","DAL","1Q DAL",2026-06-01 17:58:49.563786,"dk",0.5745,-135,-0.0699,-0.0822,-4.1091,0.5045,-102,-2.66824675324675
2026-06-01,"SEA @ DAL","1Q","DAL","1Q DAL",2026-06-01 17:58:49.563786,"fd",0.5556,-125,-0.0465,-0.0523,-2.6155,0.5091,-104,-1.69837662337662
2026-06-01,"MIN @ PHX","1Q","MIN","1Q MIN",2026-06-01 17:58:49.563786,"dk",0.5122,-105,-0.0357,-0.0366,-1.831,0.4765,110,-1.18896103896104
2026-06-01,"MIN @ PHX","1Q","MIN","1Q MIN",2026-06-01 17:58:49.563786,"fd",0.505,-102,-0.037,-0.0373,-1.8666,0.468,114,-1.21207792207792
2026-06-01,"SEA @ DAL","1Q","SEA","1Q SEA",2026-06-01 17:58:49.563786,"dk",0.5122,-105,-0.0167,-0.0171,-0.8569,0.4955,102,-0.556428571428571
2026-06-01,"SEA @ DAL","1Q","SEA","1Q SEA",2026-06-01 17:58:49.563786,"fd",0.5098,-104,-0.0189,-0.0192,-0.9619,0.4909,104,-0.62461038961039
2026-06-01,"MIN @ PHX","1Q","PHX","1Q PHX",2026-06-01 18:29:02.303979,"dk",0.5652,-130,-0.0417,-0.0479,-2.3969,0.5235,-110,-1.55642857142857
2026-06-01,"MIN @ PHX","1Q","PHX","1Q PHX",2026-06-01 18:29:02.303979,"fd",0.5614,-128,-0.0294,-0.0335,-1.6753,0.532,-114,-1.08785714285714
2026-06-01,"SEA @ DAL","1Q","DAL","1Q DAL",2026-06-01 18:29:02.303979,"dk",0.5745,-135,-0.0699,-0.0822,-4.1091,0.5045,-102,-2.66824675324675
2026-06-01,"SEA @ DAL","1Q","DAL","1Q DAL",2026-06-01 18:29:02.303979,"fd",0.5556,-125,-0.0465,-0.0523,-2.6155,0.5091,-104,-1.69837662337662
2026-06-01,"MIN @ PHX","1Q","MIN","1Q MIN",2026-06-01 18:29:02.303979,"dk",0.5122,-105,-0.0357,-0.0366,-1.831,0.4765,110,-1.18896103896104
2026-06-01,"MIN @ PHX","1Q","MIN","1Q MIN",2026-06-01 18:29:02.303979,"fd",0.505,-102,-0.037,-0.0373,-1.8666,0.468,114,-1.21207792207792
2026-06-01,"SEA @ DAL","1Q","SEA","1Q SEA",2026-06-01 18:29:02.303979,"dk",0.5122,-105,-0.0167,-0.0171,-0.8569,0.4955,102,-0.556428571428571
2026-06-01,"SEA @ DAL","1Q","SEA","1Q SEA",2026-06-01 18:29:02.303979,"fd",0.5098,-104,-0.0189,-0.0192,-0.9619,0.4909,104,-0.62461038961039
2026-06-01,"MIN @ PHX","1Q","PHX","1Q PHX",2026-06-01 18:59:24.711423,"dk",0.5652,-130,-0.0417,-0.0479,-2.3969,0.5235,-110,-1.55642857142857
2026-06-01,"MIN @ PHX","1Q","PHX","1Q PHX",2026-06-01 18:59:24.711423,"fd",0.5614,-128,-0.0294,-0.0335,-1.6753,0.532,-114,-1.08785714285714
2026-06-01,"SEA @ DAL","1Q","DAL","1Q DAL",2026-06-01 18:59:24.711423,"dk",0.5745,-135,-0.0699,-0.0822,-4.1091,0.5045,-102,-2.66824675324675
2026-06-01,"SEA @ DAL","1Q","DAL","1Q DAL",2026-06-01 18:59:24.711423,"fd",0.5556,-125,-0.0465,-0.0523,-2.6155,0.5091,-104,-1.69837662337662
2026-06-01,"MIN @ PHX","1Q","MIN","1Q MIN",2026-06-01 18:59:24.711423,"dk",0.5122,-105,-0.0357,-0.0366,-1.831,0.4765,110,-1.18896103896104
2026-06-01,"MIN @ PHX","1Q","MIN","1Q MIN",2026-06-01 18:59:24.711423,"fd",0.505,-102,-0.037,-0.0373,-1.8666,0.468,114,-1.21207792207792
2026-06-01,"SEA @ DAL","1Q","SEA","1Q SEA",2026-06-01 18:59:24.711423,"dk",0.5122,-105,-0.0167,-0.0171,-0.8569,0.4955,102,-0.556428571428571
2026-06-01,"SEA @ DAL","1Q","SEA","1Q SEA",2026-06-01 18:59:24.711423,"fd",0.5098,-104,-0.0189,-0.0192,-0.9619,0.4909,104,-0.62461038961039
2026-06-01,"MIN @ PHX","1Q","PHX","1Q PHX",2026-06-01 19:29:44.553121,"dk",0.5652,-130,-0.0417,-0.0479,-2.3969,0.5235,-110,-1.55642857142857
2026-06-01,"MIN @ PHX","1Q","PHX","1Q PHX",2026-06-01 19:29:44.553121,"fd",0.5614,-128,-0.0294,-0.0335,-1.6753,0.532,-114,-1.08785714285714
2026-06-01,"SEA @ DAL","1Q","DAL","1Q DAL",2026-06-01 19:29:44.553121,"dk",0.5745,-135,-0.0699,-0.0822,-4.1091,0.5045,-102,-2.66824675324675
2026-06-01,"SEA @ DAL","1Q","DAL","1Q DAL",2026-06-01 19:29:44.553121,"fd",0.5556,-125,-0.0465,-0.0523,-2.6155,0.5091,-104,-1.69837662337662
2026-06-01,"MIN @ PHX","1Q","MIN","1Q MIN",2026-06-01 19:29:44.553121,"dk",0.5122,-105,-0.0357,-0.0366,-1.831,0.4765,110,-1.18896103896104
2026-06-01,"MIN @ PHX","1Q","MIN","1Q MIN",2026-06-01 19:29:44.553121,"fd",0.505,-102,-0.037,-0.0373,-1.8666,0.468,114,-1.21207792207792
2026-06-01,"SEA @ DAL","1Q","SEA","1Q SEA",2026-06-01 19:29:44.553121,"dk",0.5122,-105,-0.0167,-0.0171,-0.8569,0.4955,102,-0.556428571428571
2026-06-01,"SEA @ DAL","1Q","SEA","1Q SEA",2026-06-01 19:29:44.553121,"fd",0.5098,-104,-0.0189,-0.0192,-0.9619,0.4909,104,-0.62461038961039
2026-06-01,"MIN @ PHX","1Q","PHX","1Q PHX",2026-06-01 19:58:56.794759,"dk",0.5652,-130,-0.0417,-0.0479,-2.3969,0.5235,-110,-1.55642857142857
2026-06-01,"MIN @ PHX","1Q","PHX","1Q PHX",2026-06-01 19:58:56.794759,"fd",0.5614,-128,-0.0294,-0.0335,-1.6753,0.532,-114,-1.08785714285714
2026-06-01,"SEA @ DAL","1Q","DAL","1Q DAL",2026-06-01 19:58:56.794759,"dk",0.5745,-135,-0.0699,-0.0822,-4.1091,0.5045,-102,-2.66824675324675
2026-06-01,"SEA @ DAL","1Q","DAL","1Q DAL",2026-06-01 19:58:56.794759,"fd",0.5556,-125,-0.0465,-0.0523,-2.6155,0.5091,-104,-1.69837662337662
2026-06-01,"MIN @ PHX","1Q","MIN","1Q MIN",2026-06-01 19:58:56.794759,"dk",0.5122,-105,-0.0357,-0.0366,-1.831,0.4765,110,-1.18896103896104
2026-06-01,"MIN @ PHX","1Q","MIN","1Q MIN",2026-06-01 19:58:56.794759,"fd",0.505,-102,-0.037,-0.0373,-1.8666,0.468,114,-1.21207792207792
2026-06-01,"SEA @ DAL","1Q","SEA","1Q SEA",2026-06-01 19:58:56.794759,"dk",0.5122,-105,-0.0167,-0.0171,-0.8569,0.4955,102,-0.556428571428571
2026-06-01,"SEA @ DAL","1Q","SEA","1Q SEA",2026-06-01 19:58:56.794759,"fd",0.5098,-104,-0.0189,-0.0192,-0.9619,0.4909,104,-0.62461038961039
2026-06-01,"MIN @ PHX","1Q","PHX","1Q PHX",2026-06-01 20:29:05.088457,"dk",0.5652,-130,-0.0417,-0.0479,-2.3969,0.5235,-110,-1.55642857142857
2026-06-01,"MIN @ PHX","1Q","PHX","1Q PHX",2026-06-01 20:29:05.088457,"fd",0.5614,-128,-0.0294,-0.0335,-1.6753,0.532,-114,-1.08785714285714
2026-06-01,"SEA @ DAL","1Q","DAL","1Q DAL",2026-06-01 20:29:05.088457,"dk",0.5745,-135,-0.0699,-0.0822,-4.1091,0.5045,-102,-2.66824675324675
2026-06-01,"SEA @ DAL","1Q","DAL","1Q DAL",2026-06-01 20:29:05.088457,"fd",0.5556,-125,-0.0465,-0.0523,-2.6155,0.5091,-104,-1.69837662337662
2026-06-01,"MIN @ PHX","1Q","MIN","1Q MIN",2026-06-01 20:29:05.088457,"dk",0.5122,-105,-0.0357,-0.0366,-1.831,0.4765,110,-1.18896103896104
2026-06-01,"MIN @ PHX","1Q","MIN","1Q MIN",2026-06-01 20:29:05.088457,"fd",0.505,-102,-0.037,-0.0373,-1.8666,0.468,114,-1.21207792207792
2026-06-01,"SEA @ DAL","1Q","SEA","1Q SEA",2026-06-01 20:29:05.088457,"dk",0.5122,-105,-0.0167,-0.0171,-0.8569,0.4955,102,-0.556428571428571
2026-06-01,"SEA @ DAL","1Q","SEA","1Q SEA",2026-06-01 20:29:05.088457,"fd",0.5098,-104,-0.0189,-0.0192,-0.9619,0.4909,104,-0.62461038961039
2026-06-01,"MIN @ PHX","1Q","PHX","1Q PHX",2026-06-01 20:59:16.687378,"dk",0.5652,-130,-0.0417,-0.0479,-2.3969,0.5235,-110,-1.55642857142857
2026-06-01,"MIN @ PHX","1Q","PHX","1Q PHX",2026-06-01 20:59:16.687378,"fd",0.5614,-128,-0.0294,-0.0335,-1.6753,0.532,-114,-1.08785714285714
2026-06-01,"SEA @ DAL","1Q","DAL","1Q DAL",2026-06-01 20:59:16.687378,"dk",0.5745,-135,-0.0699,-0.0822,-4.1091,0.5045,-102,-2.66824675324675
2026-06-01,"SEA @ DAL","1Q","DAL","1Q DAL",2026-06-01 20:59:16.687378,"fd",0.5556,-125,-0.0465,-0.0523,-2.6155,0.5091,-104,-1.69837662337662
2026-06-01,"MIN @ PHX","1Q","MIN","1Q MIN",2026-06-01 20:59:16.687378,"dk",0.5122,-105,-0.0357,-0.0366,-1.831,0.4765,110,-1.18896103896104
2026-06-01,"MIN @ PHX","1Q","MIN","1Q MIN",2026-06-01 20:59:16.687378,"fd",0.505,-102,-0.037,-0.0373,-1.8666,0.468,114,-1.21207792207792
2026-06-01,"SEA @ DAL","1Q","SEA","1Q SEA",2026-06-01 20:59:16.687378,"dk",0.5122,-105,-0.0167,-0.0171,-0.8569,0.4955,102,-0.556428571428571
2026-06-01,"SEA @ DAL","1Q","SEA","1Q SEA",2026-06-01 20:59:16.687378,"fd",0.5098,-104,-0.0189,-0.0192,-0.9619,0.4909,104,-0.62461038961039
2026-06-01,"MIN @ PHX","1Q","PHX","1Q PHX",2026-06-01 21:29:24.581915,"dk",0.5652,-130,-0.0417,-0.0479,-2.3969,0.5235,-110,-1.55642857142857
2026-06-01,"MIN @ PHX","1Q","PHX","1Q PHX",2026-06-01 21:29:24.581915,"fd",0.5614,-128,-0.0294,-0.0335,-1.6753,0.532,-114,-1.08785714285714
2026-06-01,"SEA @ DAL","1Q","DAL","1Q DAL",2026-06-01 21:29:24.581915,"dk",0.5745,-135,-0.0699,-0.0822,-4.1091,0.5045,-102,-2.66824675324675
2026-06-01,"SEA @ DAL","1Q","DAL","1Q DAL",2026-06-01 21:29:24.581915,"fd",0.5556,-125,-0.0465,-0.0523,-2.6155,0.5091,-104,-1.69837662337662
2026-06-01,"MIN @ PHX","1Q","MIN","1Q MIN",2026-06-01 21:29:24.581915,"dk",0.5122,-105,-0.0357,-0.0366,-1.831,0.4765,110,-1.18896103896104
2026-06-01,"MIN @ PHX","1Q","MIN","1Q MIN",2026-06-01 21:29:24.581915,"fd",0.505,-102,-0.037,-0.0373,-1.8666,0.468,114,-1.21207792207792
2026-06-01,"SEA @ DAL","1Q","SEA","1Q SEA",2026-06-01 21:29:24.581915,"dk",0.5122,-105,-0.0167,-0.0171,-0.8569,0.4955,102,-0.556428571428571
2026-06-01,"SEA @ DAL","1Q","SEA","1Q SEA",2026-06-01 21:29:24.581915,"fd",0.5098,-104,-0.0189,-0.0192,-0.9619,0.4909,104,-0.62461038961039
2026-06-01,"MIN @ PHX","1Q","PHX","1Q PHX",2026-06-01 21:59:31.289925,"dk",0.5652,-130,-0.0417,-0.0479,-2.3969,0.5235,-110,-1.55642857142857
2026-06-01,"MIN @ PHX","1Q","PHX","1Q PHX",2026-06-01 21:59:31.289925,"fd",0.5614,-128,-0.0294,-0.0335,-1.6753,0.532,-114,-1.08785714285714
2026-06-01,"SEA @ DAL","1Q","DAL","1Q DAL",2026-06-01 21:59:31.289925,"dk",0.5745,-135,-0.0699,-0.0822,-4.1091,0.5045,-102,-2.66824675324675
2026-06-01,"SEA @ DAL","1Q","DAL","1Q DAL",2026-06-01 21:59:31.289925,"fd",0.5556,-125,-0.0465,-0.0523,-2.6155,0.5091,-104,-1.69837662337662
2026-06-01,"MIN @ PHX","1Q","MIN","1Q MIN",2026-06-01 21:59:31.289925,"dk",0.5122,-105,-0.0357,-0.0366,-1.831,0.4765,110,-1.18896103896104
2026-06-01,"MIN @ PHX","1Q","MIN","1Q MIN",2026-06-01 21:59:31.289925,"fd",0.505,-102,-0.037,-0.0373,-1.8666,0.468,114,-1.21207792207792
2026-06-01,"SEA @ DAL","1Q","SEA","1Q SEA",2026-06-01 21:59:31.289925,"dk",0.5122,-105,-0.0167,-0.0171,-0.8569,0.4955,102,-0.556428571428571
2026-06-01,"SEA @ DAL","1Q","SEA","1Q SEA",2026-06-01 21:59:31.289925,"fd",0.5098,-104,-0.0189,-0.0192,-0.9619,0.4909,104,-0.62461038961039
2026-06-01,"MIN @ PHX","1Q","PHX","1Q PHX",2026-06-01 22:29:40.42375,"dk",0.5652,-130,-0.0417,-0.0479,-2.3969,0.5235,-110,-1.55642857142857
2026-06-01,"MIN @ PHX","1Q","PHX","1Q PHX",2026-06-01 22:29:40.42375,"fd",0.5614,-128,-0.0294,-0.0335,-1.6753,0.532,-114,-1.08785714285714
2026-06-01,"SEA @ DAL","1Q","DAL","1Q DAL",2026-06-01 22:29:40.42375,"dk",0.5745,-135,-0.0699,-0.0822,-4.1091,0.5045,-102,-2.66824675324675
2026-06-01,"SEA @ DAL","1Q","DAL","1Q DAL",2026-06-01 22:29:40.42375,"fd",0.5556,-125,-0.0465,-0.0523,-2.6155,0.5091,-104,-1.69837662337662
2026-06-01,"MIN @ PHX","1Q","MIN","1Q MIN",2026-06-01 22:29:40.42375,"dk",0.5122,-105,-0.0357,-0.0366,-1.831,0.4765,110,-1.18896103896104
2026-06-01,"MIN @ PHX","1Q","MIN","1Q MIN",2026-06-01 22:29:40.42375,"fd",0.505,-102,-0.037,-0.0373,-1.8666,0.468,114,-1.21207792207792
2026-06-01,"SEA @ DAL","1Q","SEA","1Q SEA",2026-06-01 22:29:40.42375,"dk",0.5122,-105,-0.0167,-0.0171,-0.8569,0.4955,102,-0.556428571428571
2026-06-01,"SEA @ DAL","1Q","SEA","1Q SEA",2026-06-01 22:29:40.42375,"fd",0.5098,-104,-0.0189,-0.0192,-0.9619,0.4909,104,-0.62461038961039
2026-06-01,"MIN @ PHX","1Q","PHX","1Q PHX",2026-06-01 22:52:01.438682,"dk",0.5652,-130,-0.0417,-0.0479,-2.3968,0.5235,-110,-1.55636363636364
2026-06-01,"MIN @ PHX","1Q","PHX","1Q PHX",2026-06-01 22:52:01.438682,"fd",0.5614,-128,-0.0294,-0.0335,-1.6752,0.532,-114,-1.08779220779221
2026-06-01,"SEA @ DAL","1Q","DAL","1Q DAL",2026-06-01 22:52:01.438682,"dk",0.5745,-135,-0.0674,-0.0792,-3.9583,0.5071,-103,-2.57032467532468
2026-06-01,"SEA @ DAL","1Q","DAL","1Q DAL",2026-06-01 22:52:01.438682,"fd",0.5556,-125,-0.0443,-0.0498,-2.4916,0.5113,-105,-1.61792207792208
2026-06-01,"MIN @ PHX","1Q","MIN","1Q MIN",2026-06-01 22:52:01.438682,"dk",0.5122,-105,-0.0357,-0.0366,-1.8311,0.4765,110,-1.18902597402597
2026-06-01,"MIN @ PHX","1Q","MIN","1Q MIN",2026-06-01 22:52:01.438682,"fd",0.505,-102,-0.037,-0.0373,-1.8667,0.468,114,-1.21214285714286
2026-06-01,"SEA @ DAL","1Q","SEA","1Q SEA",2026-06-01 22:52:01.438682,"dk",0.5122,-105,-0.0193,-0.0198,-0.9885,0.4929,103,-0.641883116883117
2026-06-01,"SEA @ DAL","1Q","SEA","1Q SEA",2026-06-01 22:52:01.438682,"fd",0.5098,-104,-0.0211,-0.0215,-1.0742,0.4887,105,-0.697532467532468
2026-06-01,"MIN @ PHX","1Q","PHX","1Q PHX",2026-06-01 23:21:23.213104,"dk",0.5652,-130,-0.0417,-0.0479,-2.3968,0.5235,-110,-1.55636363636364
2026-06-01,"MIN @ PHX","1Q","PHX","1Q PHX",2026-06-01 23:21:23.213104,"fd",0.5614,-128,-0.0294,-0.0335,-1.6752,0.532,-114,-1.08779220779221
2026-06-01,"SEA @ DAL","1Q","DAL","1Q DAL",2026-06-01 23:21:23.213104,"dk",0.5745,-135,-0.0674,-0.0792,-3.9583,0.5071,-103,-2.57032467532468
2026-06-01,"SEA @ DAL","1Q","DAL","1Q DAL",2026-06-01 23:21:23.213104,"fd",0.5556,-125,-0.0443,-0.0498,-2.4916,0.5113,-105,-1.61792207792208
2026-06-01,"MIN @ PHX","1Q","MIN","1Q MIN",2026-06-01 23:21:23.213104,"dk",0.5122,-105,-0.0357,-0.0366,-1.8311,0.4765,110,-1.18902597402597
2026-06-01,"MIN @ PHX","1Q","MIN","1Q MIN",2026-06-01 23:21:23.213104,"fd",0.505,-102,-0.037,-0.0373,-1.8667,0.468,114,-1.21214285714286
2026-06-01,"SEA @ DAL","1Q","SEA","1Q SEA",2026-06-01 23:21:23.213104,"dk",0.5122,-105,-0.0193,-0.0198,-0.9885,0.4929,103,-0.641883116883117
2026-06-01,"SEA @ DAL","1Q","SEA","1Q SEA",2026-06-01 23:21:23.213104,"fd",0.5098,-104,-0.0211,-0.0215,-1.0742,0.4887,105,-0.697532467532468
2026-06-01,"MIN @ PHX","1Q","PHX","1Q PHX",2026-06-01 23:51:23.881574,"dk",0.5652,-130,-0.0417,-0.0479,-2.3968,0.5235,-110,-1.55636363636364
2026-06-01,"MIN @ PHX","1Q","PHX","1Q PHX",2026-06-01 23:51:23.881574,"fd",0.5614,-128,-0.0294,-0.0335,-1.6752,0.532,-114,-1.08779220779221
2026-06-01,"SEA @ DAL","1Q","DAL","1Q DAL",2026-06-01 23:51:23.881574,"dk",0.5745,-135,-0.06,-0.0705,-3.5233,0.5145,-106,-2.28785714285714
2026-06-01,"SEA @ DAL","1Q","DAL","1Q DAL",2026-06-01 23:51:23.881574,"fd",0.5556,-125,-0.0342,-0.0385,-1.9228,0.5214,-109,-1.24857142857143
2026-06-01,"MIN @ PHX","1Q","MIN","1Q MIN",2026-06-01 23:51:23.881574,"dk",0.5122,-105,-0.0357,-0.0366,-1.8311,0.4765,110,-1.18902597402597
2026-06-01,"MIN @ PHX","1Q","MIN","1Q MIN",2026-06-01 23:51:23.881574,"fd",0.505,-102,-0.037,-0.0373,-1.8667,0.468,114,-1.21214285714286
2026-06-01,"SEA @ DAL","1Q","SEA","1Q SEA",2026-06-01 23:51:23.881574,"dk",0.5122,-105,-0.0267,-0.0274,-1.3679,0.4855,106,-0.888246753246753
2026-06-01,"SEA @ DAL","1Q","SEA","1Q SEA",2026-06-01 23:51:23.881574,"fd",0.5098,-104,-0.0312,-0.0318,-1.59,0.4786,109,-1.03246753246753
2026-06-01,"MIN @ PHX","1Q","PHX","1Q PHX",2026-06-02 00:21:22.412062,"dk",0.5652,-130,-0.0417,-0.0479,-2.3968,0.5235,-110,-1.55636363636364
2026-06-01,"MIN @ PHX","1Q","PHX","1Q PHX",2026-06-02 00:21:22.412062,"fd",0.5614,-128,-0.0294,-0.0335,-1.6752,0.532,-114,-1.08779220779221
2026-06-01,"SEA @ DAL","1Q","DAL","1Q DAL",2026-06-02 00:21:22.412062,"dk",0.5745,-135,-0.0599,-0.0703,-3.5173,0.5146,-106,-2.28396103896104
2026-06-01,"SEA @ DAL","1Q","DAL","1Q DAL",2026-06-02 00:21:22.412062,"fd",0.5614,-128,-0.0394,-0.0449,-2.2467,0.522,-109,-1.4588961038961
2026-06-01,"MIN @ PHX","1Q","MIN","1Q MIN",2026-06-02 00:21:22.412062,"dk",0.5122,-105,-0.0357,-0.0366,-1.8311,0.4765,110,-1.18902597402597
2026-06-01,"MIN @ PHX","1Q","MIN","1Q MIN",2026-06-02 00:21:22.412062,"fd",0.505,-102,-0.037,-0.0373,-1.8667,0.468,114,-1.21214285714286
2026-06-01,"SEA @ DAL","1Q","SEA","1Q SEA",2026-06-02 00:21:22.412062,"dk",0.5122,-105,-0.0268,-0.0275,-1.3732,0.4854,106,-0.891688311688312
2026-06-01,"SEA @ DAL","1Q","SEA","1Q SEA",2026-06-02 00:21:22.412062,"fd",0.505,-102,-0.0269,-0.0272,-1.3604,0.478,109,-0.883376623376623
2026-06-01,"MIN @ PHX","1Q","PHX","1Q PHX",2026-06-02 00:51:22.153901,"dk",0.5652,-130,-0.0417,-0.0479,-2.3968,0.5235,-110,-1.55636363636364
2026-06-01,"MIN @ PHX","1Q","PHX","1Q PHX",2026-06-02 00:51:22.153901,"fd",0.5614,-128,-0.0294,-0.0335,-1.6752,0.532,-114,-1.08779220779221
2026-06-01,"MIN @ PHX","1Q","MIN","1Q MIN",2026-06-02 00:51:22.153901,"dk",0.5122,-105,-0.0357,-0.0366,-1.8311,0.4765,110,-1.18902597402597
2026-06-01,"MIN @ PHX","1Q","MIN","1Q MIN",2026-06-02 00:51:22.153901,"fd",0.505,-102,-0.037,-0.0373,-1.8667,0.468,114,-1.21214285714286
2026-06-01,"MIN @ PHX","1Q","PHX","1Q PHX",2026-06-02 01:21:23.374704,"dk",0.5652,-130,-0.0417,-0.0479,-2.3968,0.5235,-110,-1.55636363636364
2026-06-01,"MIN @ PHX","1Q","PHX","1Q PHX",2026-06-02 01:21:23.374704,"fd",0.5614,-128,-0.0294,-0.0335,-1.6752,0.532,-114,-1.08779220779221
2026-06-01,"MIN @ PHX","1Q","MIN","1Q MIN",2026-06-02 01:21:23.374704,"dk",0.5122,-105,-0.0357,-0.0366,-1.8311,0.4765,110,-1.18902597402597
2026-06-01,"MIN @ PHX","1Q","MIN","1Q MIN",2026-06-02 01:21:23.374704,"fd",0.505,-102,-0.037,-0.0373,-1.8667,0.468,114,-1.21214285714286
2026-06-01,"MIN @ PHX","1Q","PHX","1Q PHX",2026-06-02 01:51:23.529463,"dk",0.5652,-130,-0.0417,-0.0479,-2.3968,0.5235,-110,-1.55636363636364
2026-06-01,"MIN @ PHX","1Q","PHX","1Q PHX",2026-06-02 01:51:23.529463,"fd",0.5614,-128,-0.0294,-0.0335,-1.6752,0.532,-114,-1.08779220779221
2026-06-01,"MIN @ PHX","1Q","MIN","1Q MIN",2026-06-02 01:51:23.529463,"dk",0.5122,-105,-0.0357,-0.0366,-1.8311,0.4765,110,-1.18902597402597
2026-06-01,"MIN @ PHX","1Q","MIN","1Q MIN",2026-06-02 01:51:23.529463,"fd",0.505,-102,-0.037,-0.0373,-1.8667,0.468,114,-1.21214285714286
2026-06-01,"MIN @ PHX","1Q","PHX","1Q PHX",2026-06-02 02:21:22.930593,"dk",0.5652,-130,-0.0417,-0.0479,-2.3968,0.5235,-110,-1.55636363636364
2026-06-01,"MIN @ PHX","1Q","PHX","1Q PHX",2026-06-02 02:21:22.930593,"fd",0.5614,-128,-0.0294,-0.0335,-1.6752,0.532,-114,-1.08779220779221
2026-06-01,"MIN @ PHX","1Q","MIN","1Q MIN",2026-06-02 02:21:22.930593,"dk",0.5122,-105,-0.0357,-0.0366,-1.8311,0.4765,110,-1.18902597402597
2026-06-01,"MIN @ PHX","1Q","MIN","1Q MIN",2026-06-02 02:21:22.930593,"fd",0.505,-102,-0.037,-0.0373,-1.8667,0.468,114,-1.21214285714286
2026-06-02,"LVA @ LAS","1Q","LVA","1Q LVA",2026-06-02 12:21:53.869133,"fd",0.5614,-128,-0.0579,-0.066,-3.2994,0.5035,-101,-2.14246753246753
2026-06-02,"CHI @ WAS","1Q","WAS","1Q WAS",2026-06-02 12:21:53.869133,"fd",0.4808,108,-0.0093,-0.009,-0.45,0.4714,112,-0.292207792207792
2026-06-02,"CON @ ATL","1Q","CON","1Q CON",2026-06-02 12:21:53.869133,"fd",0.569,-132,-0.0342,-0.0397,-1.9848,0.5347,-115,-1.28883116883117
2026-06-02,"PDX @ GSV","1Q","PDX","1Q PDX",2026-06-02 12:21:53.869133,"fd",0.4762,110,0.0071,0.0068,0.3402,0.4833,107,0.220909090909091
2026-06-02,"LVA @ LAS","1Q","LAS","1Q LAS",2026-06-02 12:21:53.869133,"fd",0.505,-102,-0.0085,-0.0086,-0.4277,0.4965,101,-0.277727272727273
2026-06-02,"CHI @ WAS","1Q","CHI","1Q CHI",2026-06-02 12:21:53.869133,"fd",0.5833,-140,-0.0548,-0.0657,-3.2853,0.5286,-112,-2.13331168831169
2026-06-02,"CON @ ATL","1Q","ATL","1Q ATL",2026-06-02 12:21:53.869133,"fd",0.495,102,-0.0298,-0.0295,-1.4751,0.4653,115,-0.957857142857143
2026-06-02,"PDX @ GSV","1Q","GSV","1Q GSV",2026-06-02 12:21:53.869133,"fd",0.5902,-144,-0.0735,-0.0896,-4.4824,0.5167,-107,-2.91064935064935
2026-06-02,"LVA @ LAS","1Q","LVA","1Q LVA",2026-06-02 12:51:23.03408,"fd",0.5614,-128,-0.0579,-0.066,-3.2994,0.5035,-101,-2.14246753246753
2026-06-02,"CHI @ WAS","1Q","WAS","1Q WAS",2026-06-02 12:51:23.03408,"fd",0.4808,108,-0.0094,-0.009,-0.4507,0.4714,112,-0.292662337662338
2026-06-02,"CON @ ATL","1Q","CON","1Q CON",2026-06-02 12:51:23.03408,"fd",0.569,-132,-0.0342,-0.0397,-1.9848,0.5347,-115,-1.28883116883117
2026-06-02,"PDX @ GSV","1Q","PDX","1Q PDX",2026-06-02 12:51:23.03408,"fd",0.4762,110,0.0071,0.0068,0.3402,0.4833,107,0.220909090909091
2026-06-02,"LVA @ LAS","1Q","LAS","1Q LAS",2026-06-02 12:51:23.03408,"fd",0.505,-102,-0.0085,-0.0086,-0.4277,0.4965,101,-0.277727272727273
2026-06-02,"CHI @ WAS","1Q","CHI","1Q CHI",2026-06-02 12:51:23.03408,"fd",0.5833,-140,-0.0547,-0.0657,-3.2845,0.5286,-112,-2.13279220779221
2026-06-02,"CON @ ATL","1Q","ATL","1Q ATL",2026-06-02 12:51:23.03408,"fd",0.495,102,-0.0298,-0.0295,-1.4751,0.4653,115,-0.957857142857143
2026-06-02,"PDX @ GSV","1Q","GSV","1Q GSV",2026-06-02 12:51:23.03408,"fd",0.5902,-144,-0.0735,-0.0896,-4.4824,0.5167,-107,-2.91064935064935
2026-06-02,"LVA @ LAS","1Q","LVA","1Q LVA",2026-06-02 13:21:24.078306,"fd",0.5614,-128,-0.0579,-0.066,-3.2994,0.5035,-101,-2.14246753246753
2026-06-02,"CHI @ WAS","1Q","WAS","1Q WAS",2026-06-02 13:21:24.078306,"fd",0.4808,108,-0.0094,-0.009,-0.4507,0.4714,112,-0.292662337662338
2026-06-02,"CON @ ATL","1Q","CON","1Q CON",2026-06-02 13:21:24.078306,"fd",0.569,-132,-0.0342,-0.0397,-1.9848,0.5347,-115,-1.28883116883117
2026-06-02,"PDX @ GSV","1Q","PDX","1Q PDX",2026-06-02 13:21:24.078306,"fd",0.4762,110,0.0071,0.0068,0.3402,0.4833,107,0.220909090909091
2026-06-02,"LVA @ LAS","1Q","LAS","1Q LAS",2026-06-02 13:21:24.078306,"fd",0.505,-102,-0.0085,-0.0086,-0.4277,0.4965,101,-0.277727272727273
2026-06-02,"CHI @ WAS","1Q","CHI","1Q CHI",2026-06-02 13:21:24.078306,"fd",0.5833,-140,-0.0547,-0.0657,-3.2845,0.5286,-112,-2.13279220779221
2026-06-02,"CON @ ATL","1Q","ATL","1Q ATL",2026-06-02 13:21:24.078306,"fd",0.495,102,-0.0298,-0.0295,-1.4751,0.4653,115,-0.957857142857143
2026-06-02,"PDX @ GSV","1Q","GSV","1Q GSV",2026-06-02 13:21:24.078306,"fd",0.5902,-144,-0.0735,-0.0896,-4.4824,0.5167,-107,-2.91064935064935
2026-06-02,"LVA @ LAS","1Q","LVA","1Q LVA",2026-06-02 13:51:23.87632,"fd",0.5614,-128,-0.0579,-0.066,-3.2994,0.5035,-101,-2.14246753246753
2026-06-02,"CHI @ WAS","1Q","WAS","1Q WAS",2026-06-02 13:51:23.87632,"fd",0.4808,108,-0.0107,-0.0103,-0.5168,0.47,113,-0.335584415584416
2026-06-02,"CON @ ATL","1Q","CON","1Q CON",2026-06-02 13:51:23.87632,"fd",0.569,-132,-0.0342,-0.0397,-1.9848,0.5347,-115,-1.28883116883117
2026-06-02,"PDX @ GSV","1Q","PDX","1Q PDX",2026-06-02 13:51:23.87632,"fd",0.4762,110,0.0067,0.0064,0.3183,0.4829,107,0.206688311688312
2026-06-02,"LVA @ LAS","1Q","LAS","1Q LAS",2026-06-02 13:51:23.87632,"fd",0.505,-102,-0.0085,-0.0086,-0.4277,0.4965,101,-0.277727272727273
2026-06-02,"CHI @ WAS","1Q","CHI","1Q CHI",2026-06-02 13:51:23.87632,"fd",0.5833,-140,-0.0534,-0.064,-3.2021,0.53,-113,-2.07928571428571
2026-06-02,"CON @ ATL","1Q","ATL","1Q ATL",2026-06-02 13:51:23.87632,"fd",0.495,102,-0.0298,-0.0295,-1.4751,0.4653,115,-0.957857142857143
2026-06-02,"PDX @ GSV","1Q","GSV","1Q GSV",2026-06-02 13:51:23.87632,"fd",0.5902,-144,-0.073,-0.0891,-4.4545,0.5171,-107,-2.89253246753247
2026-06-02,"LVA @ LAS","1Q","LVA","1Q LVA",2026-06-02 14:21:23.228388,"fd",0.5614,-128,-0.0579,-0.066,-3.2994,0.5035,-101,-2.14246753246753
2026-06-02,"CHI @ WAS","1Q","WAS","1Q WAS",2026-06-02 14:21:23.228388,"fd",0.4808,108,-0.0107,-0.0103,-0.5168,0.47,113,-0.335584415584416
2026-06-02,"CON @ ATL","1Q","CON","1Q CON",2026-06-02 14:21:23.228388,"fd",0.5652,-130,-0.0305,-0.035,-1.7522,0.5347,-115,-1.13779220779221
2026-06-02,"PDX @ GSV","1Q","PDX","1Q PDX",2026-06-02 14:21:23.228388,"fd",0.4762,110,0.0067,0.0064,0.3183,0.4829,107,0.206688311688312
2026-06-02,"LVA @ LAS","1Q","LAS","1Q LAS",2026-06-02 14:21:23.228388,"fd",0.505,-102,-0.0085,-0.0086,-0.4277,0.4965,101,-0.277727272727273
2026-06-02,"CHI @ WAS","1Q","CHI","1Q CHI",2026-06-02 14:21:23.228388,"fd",0.5833,-140,-0.0534,-0.064,-3.2021,0.53,-113,-2.07928571428571
2026-06-02,"CON @ ATL","1Q","ATL","1Q ATL",2026-06-02 14:21:23.228388,"fd",0.5,100,-0.0347,-0.0347,-1.7372,0.4653,115,-1.12805194805195
2026-06-02,"PDX @ GSV","1Q","GSV","1Q GSV",2026-06-02 14:21:23.228388,"fd",0.5902,-144,-0.073,-0.0891,-4.4545,0.5171,-107,-2.89253246753247
2026-06-02,"LVA @ LAS","1Q","LVA","1Q LVA",2026-06-02 15:22:59.642199,"fd",0.5614,-128,-0.0593,-0.0676,-3.3784,0.5021,-101,-2.19376623376623
2026-06-02,"CHI @ WAS","1Q","WAS","1Q WAS",2026-06-02 15:22:59.642199,"fd",0.4762,110,-0.0058,-0.0055,-0.2768,0.4704,113,-0.17974025974026
2026-06-02,"CON @ ATL","1Q","CON","1Q CON",2026-06-02 15:22:59.642199,"fd",0.5652,-130,-0.0305,-0.035,-1.7522,0.5347,-115,-1.13779220779221
2026-06-02,"PDX @ GSV","1Q","PDX","1Q PDX",2026-06-02 15:22:59.642199,"fd",0.4762,110,0.0071,0.0068,0.3402,0.4833,107,0.220909090909091
2026-06-02,"LVA @ LAS","1Q","LAS","1Q LAS",2026-06-02 15:22:59.642199,"fd",0.505,-102,-0.0071,-0.0072,-0.3578,0.4979,101,-0.232337662337662
2026-06-02,"CHI @ WAS","1Q","CHI","1Q CHI",2026-06-02 15:22:59.642199,"fd",0.5902,-144,-0.0606,-0.0739,-3.6939,0.5296,-113,-2.39863636363636
2026-06-02,"CON @ ATL","1Q","ATL","1Q ATL",2026-06-02 15:22:59.642199,"fd",0.5,100,-0.0347,-0.0347,-1.7372,0.4653,115,-1.12805194805195
2026-06-02,"PDX @ GSV","1Q","GSV","1Q GSV",2026-06-02 15:22:59.642199,"fd",0.5902,-144,-0.0735,-0.0896,-4.4824,0.5167,-107,-2.91064935064935
2026-06-02,"LVA @ LAS","1Q","LVA","1Q LVA",2026-06-02 15:52:18.589826,"fd",0.5614,-128,-0.0593,-0.0676,-3.3784,0.5021,-101,-2.19376623376623
2026-06-02,"CHI @ WAS","1Q","WAS","1Q WAS",2026-06-02 15:52:18.589826,"fd",0.4762,110,-0.0058,-0.0055,-0.2768,0.4704,113,-0.17974025974026
2026-06-02,"CON @ ATL","1Q","CON","1Q CON",2026-06-02 15:52:18.589826,"fd",0.5652,-130,-0.0305,-0.035,-1.7522,0.5347,-115,-1.13779220779221
2026-06-02,"PDX @ GSV","1Q","PDX","1Q PDX",2026-06-02 15:52:18.589826,"fd",0.4762,110,0.0071,0.0068,0.3402,0.4833,107,0.220909090909091
2026-06-02,"LVA @ LAS","1Q","LAS","1Q LAS",2026-06-02 15:52:18.589826,"fd",0.505,-102,-0.0071,-0.0072,-0.3578,0.4979,101,-0.232337662337662
2026-06-02,"CHI @ WAS","1Q","CHI","1Q CHI",2026-06-02 15:52:18.589826,"fd",0.5902,-144,-0.0606,-0.0739,-3.6939,0.5296,-113,-2.39863636363636
2026-06-02,"CON @ ATL","1Q","ATL","1Q ATL",2026-06-02 15:52:18.589826,"fd",0.5,100,-0.0347,-0.0347,-1.7372,0.4653,115,-1.12805194805195
2026-06-02,"PDX @ GSV","1Q","GSV","1Q GSV",2026-06-02 15:52:18.589826,"fd",0.5902,-144,-0.0735,-0.0896,-4.4824,0.5167,-107,-2.91064935064935
2026-06-02,"LVA @ LAS","1Q","LVA","1Q LVA",2026-06-02 16:21:52.19242,"fd",0.5614,-128,-0.0593,-0.0676,-3.3784,0.5021,-101,-2.19376623376623
2026-06-02,"CHI @ WAS","1Q","WAS","1Q WAS",2026-06-02 16:21:52.19242,"dk",0.4762,110,0.0045,0.0043,0.2136,0.4807,108,0.138701298701299
2026-06-02,"CHI @ WAS","1Q","WAS","1Q WAS",2026-06-02 16:21:52.19242,"fd",0.4762,110,-0.0058,-0.0055,-0.2768,0.4704,113,-0.17974025974026
2026-06-02,"CON @ ATL","1Q","CON","1Q CON",2026-06-02 16:21:52.19242,"dk",0.6296,-170,-0.1003,-0.1354,-6.7684,0.5294,-112,-4.39506493506493
2026-06-02,"CON @ ATL","1Q","CON","1Q CON",2026-06-02 16:21:52.19242,"fd",0.5652,-130,-0.0305,-0.035,-1.7522,0.5347,-115,-1.13779220779221
2026-06-02,"PDX @ GSV","1Q","PDX","1Q PDX",2026-06-02 16:21:52.19242,"dk",0.5,100,-0.0065,-0.0065,-0.3242,0.4935,103,-0.21051948051948
2026-06-02,"PDX @ GSV","1Q","PDX","1Q PDX",2026-06-02 16:21:52.19242,"fd",0.4762,110,0.0071,0.0068,0.3402,0.4833,107,0.220909090909091
2026-06-02,"LVA @ LAS","1Q","LAS","1Q LAS",2026-06-02 16:21:52.19242,"fd",0.505,-102,-0.0071,-0.0072,-0.3578,0.4979,101,-0.232337662337662
2026-06-02,"CHI @ WAS","1Q","CHI","1Q CHI",2026-06-02 16:21:52.19242,"dk",0.6,-150,-0.0807,-0.1008,-5.0416,0.5193,-108,-3.27376623376623
2026-06-02,"CHI @ WAS","1Q","CHI","1Q CHI",2026-06-02 16:21:52.19242,"fd",0.5902,-144,-0.0606,-0.0739,-3.6939,0.5296,-113,-2.39863636363636
2026-06-02,"CON @ ATL","1Q","ATL","1Q ATL",2026-06-02 16:21:52.19242,"dk",0.4444,125,0.0262,0.0236,1.179,0.4706,112,0.765584415584416
2026-06-02,"CON @ ATL","1Q","ATL","1Q ATL",2026-06-02 16:21:52.19242,"fd",0.5,100,-0.0347,-0.0347,-1.7372,0.4653,115,-1.12805194805195
2026-06-02,"PDX @ GSV","1Q","GSV","1Q GSV",2026-06-02 16:21:52.19242,"dk",0.5745,-135,-0.068,-0.0799,-3.9941,0.5065,-103,-2.59357142857143
2026-06-02,"PDX @ GSV","1Q","GSV","1Q GSV",2026-06-02 16:21:52.19242,"fd",0.5902,-144,-0.0735,-0.0896,-4.4824,0.5167,-107,-2.91064935064935
2026-06-02,"LVA @ LAS","1Q","LVA","1Q LVA",2026-06-02 16:51:56.789124,"dk",0.6078,-155,-0.1067,-0.1361,-6.8037,0.5011,-100,-4.41798701298701
2026-06-02,"LVA @ LAS","1Q","LVA","1Q LVA",2026-06-02 16:51:56.789124,"fd",0.5614,-128,-0.0593,-0.0676,-3.3784,0.5021,-101,-2.19376623376623
2026-06-02,"CHI @ WAS","1Q","WAS","1Q WAS",2026-06-02 16:51:56.789124,"dk",0.4762,110,0.0045,0.0043,0.2136,0.4807,108,0.138701298701299
2026-06-02,"CHI @ WAS","1Q","WAS","1Q WAS",2026-06-02 16:51:56.789124,"fd",0.4762,110,-0.0058,-0.0055,-0.2768,0.4704,113,-0.17974025974026
2026-06-02,"CON @ ATL","1Q","CON","1Q CON",2026-06-02 16:51:56.789124,"dk",0.6296,-170,-0.1003,-0.1354,-6.7684,0.5294,-112,-4.39506493506493
2026-06-02,"CON @ ATL","1Q","CON","1Q CON",2026-06-02 16:51:56.789124,"fd",0.5652,-130,-0.0305,-0.035,-1.7522,0.5347,-115,-1.13779220779221
2026-06-02,"PDX @ GSV","1Q","PDX","1Q PDX",2026-06-02 16:51:56.789124,"dk",0.5,100,-0.0065,-0.0065,-0.3242,0.4935,103,-0.21051948051948
2026-06-02,"PDX @ GSV","1Q","PDX","1Q PDX",2026-06-02 16:51:56.789124,"fd",0.4762,110,0.0071,0.0068,0.3402,0.4833,107,0.220909090909091
2026-06-02,"LVA @ LAS","1Q","LAS","1Q LAS",2026-06-02 16:51:56.789124,"dk",0.4762,110,0.0227,0.0217,1.083,0.4989,100,0.703246753246753
2026-06-02,"LVA @ LAS","1Q","LAS","1Q LAS",2026-06-02 16:51:56.789124,"fd",0.505,-102,-0.0071,-0.0072,-0.3578,0.4979,101,-0.232337662337662
2026-06-02,"CHI @ WAS","1Q","CHI","1Q CHI",2026-06-02 16:51:56.789124,"dk",0.6,-150,-0.0807,-0.1008,-5.0416,0.5193,-108,-3.27376623376623
2026-06-02,"CHI @ WAS","1Q","CHI","1Q CHI",2026-06-02 16:51:56.789124,"fd",0.5902,-144,-0.0606,-0.0739,-3.6939,0.5296,-113,-2.39863636363636
2026-06-02,"CON @ ATL","1Q","ATL","1Q ATL",2026-06-02 16:51:56.789124,"dk",0.4444,125,0.0262,0.0236,1.179,0.4706,112,0.765584415584416
2026-06-02,"CON @ ATL","1Q","ATL","1Q ATL",2026-06-02 16:51:56.789124,"fd",0.5,100,-0.0347,-0.0347,-1.7372,0.4653,115,-1.12805194805195
2026-06-02,"PDX @ GSV","1Q","GSV","1Q GSV",2026-06-02 16:51:56.789124,"dk",0.5745,-135,-0.068,-0.0799,-3.9941,0.5065,-103,-2.59357142857143
2026-06-02,"PDX @ GSV","1Q","GSV","1Q GSV",2026-06-02 16:51:56.789124,"fd",0.5902,-144,-0.0735,-0.0896,-4.4824,0.5167,-107,-2.91064935064935
2026-06-02,"LVA @ LAS","1Q","LVA","1Q LVA",2026-06-02 17:22:18.556702,"dk",0.6078,-155,-0.1067,-0.1361,-6.8037,0.5011,-100,-4.41798701298701
2026-06-02,"LVA @ LAS","1Q","LVA","1Q LVA",2026-06-02 17:22:18.556702,"fd",0.5614,-128,-0.0593,-0.0676,-3.3784,0.5021,-101,-2.19376623376623
2026-06-02,"CHI @ WAS","1Q","WAS","1Q WAS",2026-06-02 17:22:18.556702,"dk",0.4762,110,0.0045,0.0043,0.2136,0.4807,108,0.138701298701299
2026-06-02,"CHI @ WAS","1Q","WAS","1Q WAS",2026-06-02 17:22:18.556702,"fd",0.4762,110,-0.0058,-0.0055,-0.2768,0.4704,113,-0.17974025974026
2026-06-02,"CON @ ATL","1Q","CON","1Q CON",2026-06-02 17:22:18.556702,"dk",0.6296,-170,-0.1003,-0.1354,-6.7684,0.5294,-112,-4.39506493506493
2026-06-02,"CON @ ATL","1Q","CON","1Q CON",2026-06-02 17:22:18.556702,"fd",0.5652,-130,-0.0305,-0.035,-1.7522,0.5347,-115,-1.13779220779221
2026-06-02,"PDX @ GSV","1Q","PDX","1Q PDX",2026-06-02 17:22:18.556702,"dk",0.5,100,-0.0065,-0.0065,-0.3242,0.4935,103,-0.21051948051948
2026-06-02,"PDX @ GSV","1Q","PDX","1Q PDX",2026-06-02 17:22:18.556702,"fd",0.4762,110,0.0071,0.0068,0.3402,0.4833,107,0.220909090909091
2026-06-02,"LVA @ LAS","1Q","LAS","1Q LAS",2026-06-02 17:22:18.556702,"dk",0.4762,110,0.0227,0.0217,1.083,0.4989,100,0.703246753246753
2026-06-02,"LVA @ LAS","1Q","LAS","1Q LAS",2026-06-02 17:22:18.556702,"fd",0.505,-102,-0.0071,-0.0072,-0.3578,0.4979,101,-0.232337662337662
2026-06-02,"CHI @ WAS","1Q","CHI","1Q CHI",2026-06-02 17:22:18.556702,"dk",0.6,-150,-0.0807,-0.1008,-5.0416,0.5193,-108,-3.27376623376623
2026-06-02,"CHI @ WAS","1Q","CHI","1Q CHI",2026-06-02 17:22:18.556702,"fd",0.5902,-144,-0.0606,-0.0739,-3.6939,0.5296,-113,-2.39863636363636
2026-06-02,"CON @ ATL","1Q","ATL","1Q ATL",2026-06-02 17:22:18.556702,"dk",0.4444,125,0.0262,0.0236,1.179,0.4706,112,0.765584415584416
2026-06-02,"CON @ ATL","1Q","ATL","1Q ATL",2026-06-02 17:22:18.556702,"fd",0.5,100,-0.0347,-0.0347,-1.7372,0.4653,115,-1.12805194805195
2026-06-02,"PDX @ GSV","1Q","GSV","1Q GSV",2026-06-02 17:22:18.556702,"dk",0.5745,-135,-0.068,-0.0799,-3.9941,0.5065,-103,-2.59357142857143
2026-06-02,"PDX @ GSV","1Q","GSV","1Q GSV",2026-06-02 17:22:18.556702,"fd",0.5902,-144,-0.0735,-0.0896,-4.4824,0.5167,-107,-2.91064935064935
2026-06-02,"LVA @ LAS","1Q","LVA","1Q LVA",2026-06-02 17:51:49.772767,"dk",0.6078,-155,-0.1067,-0.1361,-6.8037,0.5011,-100,-4.41798701298701
2026-06-02,"LVA @ LAS","1Q","LVA","1Q LVA",2026-06-02 17:51:49.772767,"fd",0.5614,-128,-0.0593,-0.0676,-3.3784,0.5021,-101,-2.19376623376623
2026-06-02,"CHI @ WAS","1Q","WAS","1Q WAS",2026-06-02 17:51:49.772767,"dk",0.4762,110,0.0045,0.0043,0.2136,0.4807,108,0.138701298701299
2026-06-02,"CHI @ WAS","1Q","WAS","1Q WAS",2026-06-02 17:51:49.772767,"fd",0.4762,110,-0.0058,-0.0055,-0.2768,0.4704,113,-0.17974025974026
2026-06-02,"CON @ ATL","1Q","CON","1Q CON",2026-06-02 17:51:49.772767,"dk",0.6296,-170,-0.1003,-0.1354,-6.7684,0.5294,-112,-4.39506493506493
2026-06-02,"CON @ ATL","1Q","CON","1Q CON",2026-06-02 17:51:49.772767,"fd",0.5652,-130,-0.0305,-0.035,-1.7522,0.5347,-115,-1.13779220779221
2026-06-02,"PDX @ GSV","1Q","PDX","1Q PDX",2026-06-02 17:51:49.772767,"dk",0.5,100,-0.0065,-0.0065,-0.3242,0.4935,103,-0.21051948051948
2026-06-02,"PDX @ GSV","1Q","PDX","1Q PDX",2026-06-02 17:51:49.772767,"fd",0.4762,110,0.0071,0.0068,0.3402,0.4833,107,0.220909090909091
2026-06-02,"LVA @ LAS","1Q","LAS","1Q LAS",2026-06-02 17:51:49.772767,"dk",0.4762,110,0.0227,0.0217,1.083,0.4989,100,0.703246753246753
2026-06-02,"LVA @ LAS","1Q","LAS","1Q LAS",2026-06-02 17:51:49.772767,"fd",0.505,-102,-0.0071,-0.0072,-0.3578,0.4979,101,-0.232337662337662
2026-06-02,"CHI @ WAS","1Q","CHI","1Q CHI",2026-06-02 17:51:49.772767,"dk",0.6,-150,-0.0807,-0.1008,-5.0416,0.5193,-108,-3.27376623376623
2026-06-02,"CHI @ WAS","1Q","CHI","1Q CHI",2026-06-02 17:51:49.772767,"fd",0.5902,-144,-0.0606,-0.0739,-3.6939,0.5296,-113,-2.39863636363636
2026-06-02,"CON @ ATL","1Q","ATL","1Q ATL",2026-06-02 17:51:49.772767,"dk",0.4444,125,0.0262,0.0236,1.179,0.4706,112,0.765584415584416
2026-06-02,"CON @ ATL","1Q","ATL","1Q ATL",2026-06-02 17:51:49.772767,"fd",0.5,100,-0.0347,-0.0347,-1.7372,0.4653,115,-1.12805194805195
2026-06-02,"PDX @ GSV","1Q","GSV","1Q GSV",2026-06-02 17:51:49.772767,"dk",0.5745,-135,-0.068,-0.0799,-3.9941,0.5065,-103,-2.59357142857143
2026-06-02,"PDX @ GSV","1Q","GSV","1Q GSV",2026-06-02 17:51:49.772767,"fd",0.5902,-144,-0.0735,-0.0896,-4.4824,0.5167,-107,-2.91064935064935
2026-06-02,"LVA @ LAS","1Q","LVA","1Q LVA",2026-06-02 18:22:07.890409,"dk",0.6078,-155,-0.1067,-0.1361,-6.8037,0.5011,-100,-4.41798701298701
2026-06-02,"LVA @ LAS","1Q","LVA","1Q LVA",2026-06-02 18:22:07.890409,"fd",0.5614,-128,-0.0593,-0.0676,-3.3784,0.5021,-101,-2.19376623376623
2026-06-02,"CHI @ WAS","1Q","WAS","1Q WAS",2026-06-02 18:22:07.890409,"dk",0.4762,110,0.0045,0.0043,0.2136,0.4807,108,0.138701298701299
2026-06-02,"CHI @ WAS","1Q","WAS","1Q WAS",2026-06-02 18:22:07.890409,"fd",0.4762,110,-0.0058,-0.0055,-0.2768,0.4704,113,-0.17974025974026
2026-06-02,"CON @ ATL","1Q","CON","1Q CON",2026-06-02 18:22:07.890409,"dk",0.6296,-170,-0.1003,-0.1354,-6.7684,0.5294,-112,-4.39506493506493
2026-06-02,"CON @ ATL","1Q","CON","1Q CON",2026-06-02 18:22:07.890409,"fd",0.5652,-130,-0.0305,-0.035,-1.7522,0.5347,-115,-1.13779220779221
2026-06-02,"PDX @ GSV","1Q","PDX","1Q PDX",2026-06-02 18:22:07.890409,"dk",0.5,100,-0.0065,-0.0065,-0.3242,0.4935,103,-0.21051948051948
2026-06-02,"PDX @ GSV","1Q","PDX","1Q PDX",2026-06-02 18:22:07.890409,"fd",0.4762,110,0.0071,0.0068,0.3402,0.4833,107,0.220909090909091
2026-06-02,"LVA @ LAS","1Q","LAS","1Q LAS",2026-06-02 18:22:07.890409,"dk",0.4762,110,0.0227,0.0217,1.083,0.4989,100,0.703246753246753
2026-06-02,"LVA @ LAS","1Q","LAS","1Q LAS",2026-06-02 18:22:07.890409,"fd",0.505,-102,-0.0071,-0.0072,-0.3578,0.4979,101,-0.232337662337662
2026-06-02,"CHI @ WAS","1Q","CHI","1Q CHI",2026-06-02 18:22:07.890409,"dk",0.6,-150,-0.0807,-0.1008,-5.0416,0.5193,-108,-3.27376623376623
2026-06-02,"CHI @ WAS","1Q","CHI","1Q CHI",2026-06-02 18:22:07.890409,"fd",0.5902,-144,-0.0606,-0.0739,-3.6939,0.5296,-113,-2.39863636363636
2026-06-02,"CON @ ATL","1Q","ATL","1Q ATL",2026-06-02 18:22:07.890409,"dk",0.4444,125,0.0262,0.0236,1.179,0.4706,112,0.765584415584416
2026-06-02,"CON @ ATL","1Q","ATL","1Q ATL",2026-06-02 18:22:07.890409,"fd",0.5,100,-0.0347,-0.0347,-1.7372,0.4653,115,-1.12805194805195
2026-06-02,"PDX @ GSV","1Q","GSV","1Q GSV",2026-06-02 18:22:07.890409,"dk",0.5745,-135,-0.068,-0.0799,-3.9941,0.5065,-103,-2.59357142857143
2026-06-02,"PDX @ GSV","1Q","GSV","1Q GSV",2026-06-02 18:22:07.890409,"fd",0.5902,-144,-0.0735,-0.0896,-4.4824,0.5167,-107,-2.91064935064935
2026-06-02,"LVA @ LAS","1Q","LVA","1Q LVA",2026-06-02 18:52:36.867543,"dk",0.6078,-155,-0.1067,-0.1361,-6.8037,0.5011,-100,-4.41798701298701
2026-06-02,"LVA @ LAS","1Q","LVA","1Q LVA",2026-06-02 18:52:36.867543,"fd",0.5614,-128,-0.0593,-0.0676,-3.3784,0.5021,-101,-2.19376623376623
2026-06-02,"CHI @ WAS","1Q","WAS","1Q WAS",2026-06-02 18:52:36.867543,"dk",0.4762,110,0.0045,0.0043,0.2136,0.4807,108,0.138701298701299
2026-06-02,"CHI @ WAS","1Q","WAS","1Q WAS",2026-06-02 18:52:36.867543,"fd",0.4762,110,-0.0058,-0.0055,-0.2768,0.4704,113,-0.17974025974026
2026-06-02,"CON @ ATL","1Q","CON","1Q CON",2026-06-02 18:52:36.867543,"dk",0.6296,-170,-0.1003,-0.1354,-6.7684,0.5294,-112,-4.39506493506493
2026-06-02,"CON @ ATL","1Q","CON","1Q CON",2026-06-02 18:52:36.867543,"fd",0.5652,-130,-0.0305,-0.035,-1.7522,0.5347,-115,-1.13779220779221
2026-06-02,"PDX @ GSV","1Q","PDX","1Q PDX",2026-06-02 18:52:36.867543,"dk",0.5,100,-0.0065,-0.0065,-0.3242,0.4935,103,-0.21051948051948
2026-06-02,"PDX @ GSV","1Q","PDX","1Q PDX",2026-06-02 18:52:36.867543,"fd",0.4762,110,0.0071,0.0068,0.3402,0.4833,107,0.220909090909091
2026-06-02,"LVA @ LAS","1Q","LAS","1Q LAS",2026-06-02 18:52:36.867543,"dk",0.4762,110,0.0227,0.0217,1.083,0.4989,100,0.703246753246753
2026-06-02,"LVA @ LAS","1Q","LAS","1Q LAS",2026-06-02 18:52:36.867543,"fd",0.505,-102,-0.0071,-0.0072,-0.3578,0.4979,101,-0.232337662337662
2026-06-02,"CHI @ WAS","1Q","CHI","1Q CHI",2026-06-02 18:52:36.867543,"dk",0.6,-150,-0.0807,-0.1008,-5.0416,0.5193,-108,-3.27376623376623
2026-06-02,"CHI @ WAS","1Q","CHI","1Q CHI",2026-06-02 18:52:36.867543,"fd",0.5902,-144,-0.0606,-0.0739,-3.6939,0.5296,-113,-2.39863636363636
2026-06-02,"CON @ ATL","1Q","ATL","1Q ATL",2026-06-02 18:52:36.867543,"dk",0.4444,125,0.0262,0.0236,1.179,0.4706,112,0.765584415584416
2026-06-02,"CON @ ATL","1Q","ATL","1Q ATL",2026-06-02 18:52:36.867543,"fd",0.5,100,-0.0347,-0.0347,-1.7372,0.4653,115,-1.12805194805195
2026-06-02,"PDX @ GSV","1Q","GSV","1Q GSV",2026-06-02 18:52:36.867543,"dk",0.5745,-135,-0.068,-0.0799,-3.9941,0.5065,-103,-2.59357142857143
2026-06-02,"PDX @ GSV","1Q","GSV","1Q GSV",2026-06-02 18:52:36.867543,"fd",0.5902,-144,-0.0735,-0.0896,-4.4824,0.5167,-107,-2.91064935064935
2026-06-02,"LVA @ LAS","1Q","LVA","1Q LVA",2026-06-02 19:22:08.095854,"dk",0.6078,-155,-0.1067,-0.1361,-6.8037,0.5011,-100,-4.41798701298701
2026-06-02,"LVA @ LAS","1Q","LVA","1Q LVA",2026-06-02 19:22:08.095854,"fd",0.5614,-128,-0.0593,-0.0676,-3.3784,0.5021,-101,-2.19376623376623
2026-06-02,"CHI @ WAS","1Q","WAS","1Q WAS",2026-06-02 19:22:08.095854,"dk",0.4762,110,0.0045,0.0043,0.2136,0.4807,108,0.138701298701299
2026-06-02,"CHI @ WAS","1Q","WAS","1Q WAS",2026-06-02 19:22:08.095854,"fd",0.4762,110,-0.0058,-0.0055,-0.2768,0.4704,113,-0.17974025974026
2026-06-02,"CON @ ATL","1Q","CON","1Q CON",2026-06-02 19:22:08.095854,"dk",0.6296,-170,-0.1003,-0.1354,-6.7684,0.5294,-112,-4.39506493506493
2026-06-02,"CON @ ATL","1Q","CON","1Q CON",2026-06-02 19:22:08.095854,"fd",0.569,-132,-0.0342,-0.0397,-1.9848,0.5347,-115,-1.28883116883117
2026-06-02,"PDX @ GSV","1Q","PDX","1Q PDX",2026-06-02 19:22:08.095854,"dk",0.5,100,-0.0065,-0.0065,-0.3242,0.4935,103,-0.21051948051948
2026-06-02,"PDX @ GSV","1Q","PDX","1Q PDX",2026-06-02 19:22:08.095854,"fd",0.4762,110,0.0071,0.0068,0.3402,0.4833,107,0.220909090909091
2026-06-02,"LVA @ LAS","1Q","LAS","1Q LAS",2026-06-02 19:22:08.095854,"dk",0.4762,110,0.0227,0.0217,1.083,0.4989,100,0.703246753246753
2026-06-02,"LVA @ LAS","1Q","LAS","1Q LAS",2026-06-02 19:22:08.095854,"fd",0.505,-102,-0.0071,-0.0072,-0.3578,0.4979,101,-0.232337662337662
2026-06-02,"CHI @ WAS","1Q","CHI","1Q CHI",2026-06-02 19:22:08.095854,"dk",0.6,-150,-0.0807,-0.1008,-5.0416,0.5193,-108,-3.27376623376623
2026-06-02,"CHI @ WAS","1Q","CHI","1Q CHI",2026-06-02 19:22:08.095854,"fd",0.5902,-144,-0.0606,-0.0739,-3.6939,0.5296,-113,-2.39863636363636
2026-06-02,"CON @ ATL","1Q","ATL","1Q ATL",2026-06-02 19:22:08.095854,"dk",0.4444,125,0.0262,0.0236,1.179,0.4706,112,0.765584415584416
2026-06-02,"CON @ ATL","1Q","ATL","1Q ATL",2026-06-02 19:22:08.095854,"fd",0.495,102,-0.0298,-0.0295,-1.4751,0.4653,115,-0.957857142857143
2026-06-02,"PDX @ GSV","1Q","GSV","1Q GSV",2026-06-02 19:22:08.095854,"dk",0.5745,-135,-0.068,-0.0799,-3.9941,0.5065,-103,-2.59357142857143
2026-06-02,"PDX @ GSV","1Q","GSV","1Q GSV",2026-06-02 19:22:08.095854,"fd",0.5902,-144,-0.0735,-0.0896,-4.4824,0.5167,-107,-2.91064935064935
2026-06-02,"LVA @ LAS","1Q","LVA","1Q LVA",2026-06-02 19:52:34.173449,"dk",0.6078,-155,-0.1067,-0.1361,-6.8037,0.5011,-100,-4.41798701298701
2026-06-02,"LVA @ LAS","1Q","LVA","1Q LVA",2026-06-02 19:52:34.173449,"fd",0.5614,-128,-0.0593,-0.0676,-3.3784,0.5021,-101,-2.19376623376623
2026-06-02,"CHI @ WAS","1Q","WAS","1Q WAS",2026-06-02 19:52:34.173449,"dk",0.4762,110,0.0045,0.0043,0.2136,0.4807,108,0.138701298701299
2026-06-02,"CHI @ WAS","1Q","WAS","1Q WAS",2026-06-02 19:52:34.173449,"fd",0.4762,110,-0.0058,-0.0055,-0.2768,0.4704,113,-0.17974025974026
2026-06-02,"CON @ ATL","1Q","CON","1Q CON",2026-06-02 19:52:34.173449,"dk",0.6296,-170,-0.1003,-0.1354,-6.7684,0.5294,-112,-4.39506493506493
2026-06-02,"CON @ ATL","1Q","CON","1Q CON",2026-06-02 19:52:34.173449,"fd",0.569,-132,-0.0342,-0.0397,-1.9848,0.5347,-115,-1.28883116883117
2026-06-02,"PDX @ GSV","1Q","PDX","1Q PDX",2026-06-02 19:52:34.173449,"dk",0.5,100,-0.0065,-0.0065,-0.3242,0.4935,103,-0.21051948051948
2026-06-02,"PDX @ GSV","1Q","PDX","1Q PDX",2026-06-02 19:52:34.173449,"fd",0.4762,110,0.0071,0.0068,0.3402,0.4833,107,0.220909090909091
2026-06-02,"LVA @ LAS","1Q","LAS","1Q LAS",2026-06-02 19:52:34.173449,"dk",0.4762,110,0.0227,0.0217,1.083,0.4989,100,0.703246753246753
2026-06-02,"LVA @ LAS","1Q","LAS","1Q LAS",2026-06-02 19:52:34.173449,"fd",0.505,-102,-0.0071,-0.0072,-0.3578,0.4979,101,-0.232337662337662
2026-06-02,"CHI @ WAS","1Q","CHI","1Q CHI",2026-06-02 19:52:34.173449,"dk",0.6,-150,-0.0807,-0.1008,-5.0416,0.5193,-108,-3.27376623376623
2026-06-02,"CHI @ WAS","1Q","CHI","1Q CHI",2026-06-02 19:52:34.173449,"fd",0.5902,-144,-0.0606,-0.0739,-3.6939,0.5296,-113,-2.39863636363636
2026-06-02,"CON @ ATL","1Q","ATL","1Q ATL",2026-06-02 19:52:34.173449,"dk",0.4444,125,0.0262,0.0236,1.179,0.4706,112,0.765584415584416
2026-06-02,"CON @ ATL","1Q","ATL","1Q ATL",2026-06-02 19:52:34.173449,"fd",0.495,102,-0.0298,-0.0295,-1.4751,0.4653,115,-0.957857142857143
2026-06-02,"PDX @ GSV","1Q","GSV","1Q GSV",2026-06-02 19:52:34.173449,"dk",0.5745,-135,-0.068,-0.0799,-3.9941,0.5065,-103,-2.59357142857143
2026-06-02,"PDX @ GSV","1Q","GSV","1Q GSV",2026-06-02 19:52:34.173449,"fd",0.5902,-144,-0.0735,-0.0896,-4.4824,0.5167,-107,-2.91064935064935
2026-06-02,"LVA @ LAS","1Q","LVA","1Q LVA",2026-06-02 20:22:43.643047,"dk",0.6078,-155,-0.1067,-0.1361,-6.8037,0.5011,-100,-4.41798701298701
2026-06-02,"LVA @ LAS","1Q","LVA","1Q LVA",2026-06-02 20:22:43.643047,"fd",0.5614,-128,-0.0593,-0.0676,-3.3784,0.5021,-101,-2.19376623376623
2026-06-02,"CHI @ WAS","1Q","WAS","1Q WAS",2026-06-02 20:22:43.643047,"dk",0.4762,110,0.0045,0.0043,0.2136,0.4807,108,0.138701298701299
2026-06-02,"CHI @ WAS","1Q","WAS","1Q WAS",2026-06-02 20:22:43.643047,"fd",0.4762,110,-0.0058,-0.0055,-0.2768,0.4704,113,-0.17974025974026
2026-06-02,"CON @ ATL","1Q","CON","1Q CON",2026-06-02 20:22:43.643047,"dk",0.6296,-170,-0.1003,-0.1354,-6.7684,0.5294,-112,-4.39506493506493
2026-06-02,"CON @ ATL","1Q","CON","1Q CON",2026-06-02 20:22:43.643047,"fd",0.5652,-130,-0.0305,-0.035,-1.7522,0.5347,-115,-1.13779220779221
2026-06-02,"PDX @ GSV","1Q","PDX","1Q PDX",2026-06-02 20:22:43.643047,"dk",0.5,100,-0.0065,-0.0065,-0.3242,0.4935,103,-0.21051948051948
2026-06-02,"PDX @ GSV","1Q","PDX","1Q PDX",2026-06-02 20:22:43.643047,"fd",0.4717,112,0.0112,0.0106,0.5282,0.4829,107,0.342987012987013
2026-06-02,"LVA @ LAS","1Q","LAS","1Q LAS",2026-06-02 20:22:43.643047,"dk",0.4762,110,0.0227,0.0217,1.083,0.4989,100,0.703246753246753
2026-06-02,"LVA @ LAS","1Q","LAS","1Q LAS",2026-06-02 20:22:43.643047,"fd",0.505,-102,-0.0071,-0.0072,-0.3578,0.4979,101,-0.232337662337662
2026-06-02,"CHI @ WAS","1Q","CHI","1Q CHI",2026-06-02 20:22:43.643047,"dk",0.6,-150,-0.0807,-0.1008,-5.0416,0.5193,-108,-3.27376623376623
2026-06-02,"CHI @ WAS","1Q","CHI","1Q CHI",2026-06-02 20:22:43.643047,"fd",0.5902,-144,-0.0606,-0.0739,-3.6939,0.5296,-113,-2.39863636363636
2026-06-02,"CON @ ATL","1Q","ATL","1Q ATL",2026-06-02 20:22:43.643047,"dk",0.4444,125,0.0262,0.0236,1.179,0.4706,112,0.765584415584416
2026-06-02,"CON @ ATL","1Q","ATL","1Q ATL",2026-06-02 20:22:43.643047,"fd",0.5,100,-0.0347,-0.0347,-1.7372,0.4653,115,-1.12805194805195
2026-06-02,"PDX @ GSV","1Q","GSV","1Q GSV",2026-06-02 20:22:43.643047,"dk",0.5745,-135,-0.068,-0.0799,-3.9941,0.5065,-103,-2.59357142857143
2026-06-02,"PDX @ GSV","1Q","GSV","1Q GSV",2026-06-02 20:22:43.643047,"fd",0.5935,-146,-0.0764,-0.0939,-4.6959,0.5171,-107,-3.04928571428571
2026-06-02,"LVA @ LAS","1Q","LVA","1Q LVA",2026-06-02 20:51:48.529393,"dk",0.6078,-155,-0.1067,-0.1361,-6.8037,0.5011,-100,-4.41798701298701
2026-06-02,"LVA @ LAS","1Q","LVA","1Q LVA",2026-06-02 20:51:48.529393,"fd",0.5614,-128,-0.0593,-0.0676,-3.3784,0.5021,-101,-2.19376623376623
2026-06-02,"CHI @ WAS","1Q","WAS","1Q WAS",2026-06-02 20:51:48.529393,"dk",0.4762,110,0.0045,0.0043,0.2136,0.4807,108,0.138701298701299
2026-06-02,"CHI @ WAS","1Q","WAS","1Q WAS",2026-06-02 20:51:48.529393,"fd",0.4762,110,-0.0058,-0.0055,-0.2768,0.4704,113,-0.17974025974026
2026-06-02,"CON @ ATL","1Q","CON","1Q CON",2026-06-02 20:51:48.529393,"dk",0.6296,-170,-0.1003,-0.1354,-6.7684,0.5294,-112,-4.39506493506493
2026-06-02,"CON @ ATL","1Q","CON","1Q CON",2026-06-02 20:51:48.529393,"fd",0.5652,-130,-0.0305,-0.035,-1.7522,0.5347,-115,-1.13779220779221
2026-06-02,"PDX @ GSV","1Q","PDX","1Q PDX",2026-06-02 20:51:48.529393,"dk",0.5,100,-0.0065,-0.0065,-0.3242,0.4935,103,-0.21051948051948
2026-06-02,"PDX @ GSV","1Q","PDX","1Q PDX",2026-06-02 20:51:48.529393,"fd",0.4717,112,0.0112,0.0106,0.5282,0.4829,107,0.342987012987013
2026-06-02,"LVA @ LAS","1Q","LAS","1Q LAS",2026-06-02 20:51:48.529393,"dk",0.4762,110,0.0227,0.0217,1.083,0.4989,100,0.703246753246753
2026-06-02,"LVA @ LAS","1Q","LAS","1Q LAS",2026-06-02 20:51:48.529393,"fd",0.505,-102,-0.0071,-0.0072,-0.3578,0.4979,101,-0.232337662337662
2026-06-02,"CHI @ WAS","1Q","CHI","1Q CHI",2026-06-02 20:51:48.529393,"dk",0.6,-150,-0.0807,-0.1008,-5.0416,0.5193,-108,-3.27376623376623
2026-06-02,"CHI @ WAS","1Q","CHI","1Q CHI",2026-06-02 20:51:48.529393,"fd",0.5902,-144,-0.0606,-0.0739,-3.6939,0.5296,-113,-2.39863636363636
2026-06-02,"CON @ ATL","1Q","ATL","1Q ATL",2026-06-02 20:51:48.529393,"dk",0.4444,125,0.0262,0.0236,1.179,0.4706,112,0.765584415584416
2026-06-02,"CON @ ATL","1Q","ATL","1Q ATL",2026-06-02 20:51:48.529393,"fd",0.5,100,-0.0347,-0.0347,-1.7372,0.4653,115,-1.12805194805195
2026-06-02,"PDX @ GSV","1Q","GSV","1Q GSV",2026-06-02 20:51:48.529393,"dk",0.5745,-135,-0.068,-0.0799,-3.9941,0.5065,-103,-2.59357142857143
2026-06-02,"PDX @ GSV","1Q","GSV","1Q GSV",2026-06-02 20:51:48.529393,"fd",0.5935,-146,-0.0764,-0.0939,-4.6959,0.5171,-107,-3.04928571428571
2026-06-02,"LVA @ LAS","1Q","LVA","1Q LVA",2026-06-02 21:22:01.701166,"dk",0.6078,-155,-0.1067,-0.1361,-6.8037,0.5011,-100,-4.41798701298701
2026-06-02,"LVA @ LAS","1Q","LVA","1Q LVA",2026-06-02 21:22:01.701166,"fd",0.5614,-128,-0.0593,-0.0676,-3.3784,0.5021,-101,-2.19376623376623
2026-06-02,"CHI @ WAS","1Q","WAS","1Q WAS",2026-06-02 21:22:01.701166,"dk",0.4762,110,0.0045,0.0043,0.2136,0.4807,108,0.138701298701299
2026-06-02,"CHI @ WAS","1Q","WAS","1Q WAS",2026-06-02 21:22:01.701166,"fd",0.4762,110,-0.0058,-0.0055,-0.2768,0.4704,113,-0.17974025974026
2026-06-02,"CON @ ATL","1Q","CON","1Q CON",2026-06-02 21:22:01.701166,"dk",0.6296,-170,-0.1003,-0.1354,-6.7684,0.5294,-112,-4.39506493506493
2026-06-02,"CON @ ATL","1Q","CON","1Q CON",2026-06-02 21:22:01.701166,"fd",0.569,-132,-0.0342,-0.0397,-1.9848,0.5347,-115,-1.28883116883117
2026-06-02,"PDX @ GSV","1Q","PDX","1Q PDX",2026-06-02 21:22:01.701166,"dk",0.5,100,-0.0065,-0.0065,-0.3242,0.4935,103,-0.21051948051948
2026-06-02,"PDX @ GSV","1Q","PDX","1Q PDX",2026-06-02 21:22:01.701166,"fd",0.4717,112,0.0112,0.0106,0.5282,0.4829,107,0.342987012987013
2026-06-02,"LVA @ LAS","1Q","LAS","1Q LAS",2026-06-02 21:22:01.701166,"dk",0.4762,110,0.0227,0.0217,1.083,0.4989,100,0.703246753246753
2026-06-02,"LVA @ LAS","1Q","LAS","1Q LAS",2026-06-02 21:22:01.701166,"fd",0.505,-102,-0.0071,-0.0072,-0.3578,0.4979,101,-0.232337662337662
2026-06-02,"CHI @ WAS","1Q","CHI","1Q CHI",2026-06-02 21:22:01.701166,"dk",0.6,-150,-0.0807,-0.1008,-5.0416,0.5193,-108,-3.27376623376623
2026-06-02,"CHI @ WAS","1Q","CHI","1Q CHI",2026-06-02 21:22:01.701166,"fd",0.5902,-144,-0.0606,-0.0739,-3.6939,0.5296,-113,-2.39863636363636
2026-06-02,"CON @ ATL","1Q","ATL","1Q ATL",2026-06-02 21:22:01.701166,"dk",0.4444,125,0.0262,0.0236,1.179,0.4706,112,0.765584415584416
2026-06-02,"CON @ ATL","1Q","ATL","1Q ATL",2026-06-02 21:22:01.701166,"fd",0.495,102,-0.0298,-0.0295,-1.4751,0.4653,115,-0.957857142857143
2026-06-02,"PDX @ GSV","1Q","GSV","1Q GSV",2026-06-02 21:22:01.701166,"dk",0.5745,-135,-0.068,-0.0799,-3.9941,0.5065,-103,-2.59357142857143
2026-06-02,"PDX @ GSV","1Q","GSV","1Q GSV",2026-06-02 21:22:01.701166,"fd",0.5935,-146,-0.0764,-0.0939,-4.6959,0.5171,-107,-3.04928571428571
2026-06-02,"LVA @ LAS","1Q","LVA","1Q LVA",2026-06-02 21:52:04.083628,"dk",0.6078,-155,-0.1067,-0.1361,-6.8037,0.5011,-100,-4.41798701298701
2026-06-02,"LVA @ LAS","1Q","LVA","1Q LVA",2026-06-02 21:52:04.083628,"fd",0.5614,-128,-0.0593,-0.0676,-3.3784,0.5021,-101,-2.19376623376623
2026-06-02,"CHI @ WAS","1Q","WAS","1Q WAS",2026-06-02 21:52:04.083628,"dk",0.4762,110,0.0045,0.0043,0.2136,0.4807,108,0.138701298701299
2026-06-02,"CHI @ WAS","1Q","WAS","1Q WAS",2026-06-02 21:52:04.083628,"fd",0.4762,110,-0.0058,-0.0055,-0.2768,0.4704,113,-0.17974025974026
2026-06-02,"CON @ ATL","1Q","CON","1Q CON",2026-06-02 21:52:04.083628,"dk",0.6296,-170,-0.1003,-0.1354,-6.7684,0.5294,-112,-4.39506493506493
2026-06-02,"CON @ ATL","1Q","CON","1Q CON",2026-06-02 21:52:04.083628,"fd",0.569,-132,-0.0342,-0.0397,-1.9848,0.5347,-115,-1.28883116883117
2026-06-02,"PDX @ GSV","1Q","PDX","1Q PDX",2026-06-02 21:52:04.083628,"dk",0.5,100,-0.0065,-0.0065,-0.3242,0.4935,103,-0.21051948051948
2026-06-02,"PDX @ GSV","1Q","PDX","1Q PDX",2026-06-02 21:52:04.083628,"fd",0.4717,112,0.0112,0.0106,0.5282,0.4829,107,0.342987012987013
2026-06-02,"LVA @ LAS","1Q","LAS","1Q LAS",2026-06-02 21:52:04.083628,"dk",0.4762,110,0.0227,0.0217,1.083,0.4989,100,0.703246753246753
2026-06-02,"LVA @ LAS","1Q","LAS","1Q LAS",2026-06-02 21:52:04.083628,"fd",0.505,-102,-0.0071,-0.0072,-0.3578,0.4979,101,-0.232337662337662
2026-06-02,"CHI @ WAS","1Q","CHI","1Q CHI",2026-06-02 21:52:04.083628,"dk",0.6,-150,-0.0807,-0.1008,-5.0416,0.5193,-108,-3.27376623376623
2026-06-02,"CHI @ WAS","1Q","CHI","1Q CHI",2026-06-02 21:52:04.083628,"fd",0.5902,-144,-0.0606,-0.0739,-3.6939,0.5296,-113,-2.39863636363636
2026-06-02,"CON @ ATL","1Q","ATL","1Q ATL",2026-06-02 21:52:04.083628,"dk",0.4444,125,0.0262,0.0236,1.179,0.4706,112,0.765584415584416
2026-06-02,"CON @ ATL","1Q","ATL","1Q ATL",2026-06-02 21:52:04.083628,"fd",0.495,102,-0.0298,-0.0295,-1.4751,0.4653,115,-0.957857142857143
2026-06-02,"PDX @ GSV","1Q","GSV","1Q GSV",2026-06-02 21:52:04.083628,"dk",0.5745,-135,-0.068,-0.0799,-3.9941,0.5065,-103,-2.59357142857143
2026-06-02,"PDX @ GSV","1Q","GSV","1Q GSV",2026-06-02 21:52:04.083628,"fd",0.5935,-146,-0.0764,-0.0939,-4.6959,0.5171,-107,-3.04928571428571
2026-06-02,"LVA @ LAS","1Q","LVA","1Q LVA",2026-06-02 22:22:37.155111,"dk",0.6078,-155,-0.1067,-0.1361,-6.8037,0.5011,-100,-4.41798701298701
2026-06-02,"LVA @ LAS","1Q","LVA","1Q LVA",2026-06-02 22:22:37.155111,"fd",0.5614,-128,-0.0593,-0.0676,-3.3784,0.5021,-101,-2.19376623376623
2026-06-02,"CHI @ WAS","1Q","WAS","1Q WAS",2026-06-02 22:22:37.155111,"dk",0.4762,110,0.0045,0.0043,0.2136,0.4807,108,0.138701298701299
2026-06-02,"CHI @ WAS","1Q","WAS","1Q WAS",2026-06-02 22:22:37.155111,"fd",0.4762,110,-0.0058,-0.0055,-0.2768,0.4704,113,-0.17974025974026
2026-06-02,"CON @ ATL","1Q","CON","1Q CON",2026-06-02 22:22:37.155111,"dk",0.6296,-170,-0.1003,-0.1354,-6.7684,0.5294,-112,-4.39506493506493
2026-06-02,"CON @ ATL","1Q","CON","1Q CON",2026-06-02 22:22:37.155111,"fd",0.569,-132,-0.0342,-0.0397,-1.9848,0.5347,-115,-1.28883116883117
2026-06-02,"PDX @ GSV","1Q","PDX","1Q PDX",2026-06-02 22:22:37.155111,"dk",0.5,100,-0.0065,-0.0065,-0.3242,0.4935,103,-0.21051948051948
2026-06-02,"PDX @ GSV","1Q","PDX","1Q PDX",2026-06-02 22:22:37.155111,"fd",0.4717,112,0.0112,0.0106,0.5282,0.4829,107,0.342987012987013
2026-06-02,"LVA @ LAS","1Q","LAS","1Q LAS",2026-06-02 22:22:37.155111,"dk",0.4762,110,0.0227,0.0217,1.083,0.4989,100,0.703246753246753
2026-06-02,"LVA @ LAS","1Q","LAS","1Q LAS",2026-06-02 22:22:37.155111,"fd",0.505,-102,-0.0071,-0.0072,-0.3578,0.4979,101,-0.232337662337662
2026-06-02,"CHI @ WAS","1Q","CHI","1Q CHI",2026-06-02 22:22:37.155111,"dk",0.6,-150,-0.0807,-0.1008,-5.0416,0.5193,-108,-3.27376623376623
2026-06-02,"CHI @ WAS","1Q","CHI","1Q CHI",2026-06-02 22:22:37.155111,"fd",0.5902,-144,-0.0606,-0.0739,-3.6939,0.5296,-113,-2.39863636363636
2026-06-02,"CON @ ATL","1Q","ATL","1Q ATL",2026-06-02 22:22:37.155111,"dk",0.4444,125,0.0262,0.0236,1.179,0.4706,112,0.765584415584416
2026-06-02,"CON @ ATL","1Q","ATL","1Q ATL",2026-06-02 22:22:37.155111,"fd",0.495,102,-0.0298,-0.0295,-1.4751,0.4653,115,-0.957857142857143
2026-06-02,"PDX @ GSV","1Q","GSV","1Q GSV",2026-06-02 22:22:37.155111,"dk",0.5745,-135,-0.068,-0.0799,-3.9941,0.5065,-103,-2.59357142857143
2026-06-02,"PDX @ GSV","1Q","GSV","1Q GSV",2026-06-02 22:22:37.155111,"fd",0.5935,-146,-0.0764,-0.0939,-4.6959,0.5171,-107,-3.04928571428571
2026-06-02,"LVA @ LAS","1Q","LVA","1Q LVA",2026-06-02 22:52:14.717036,"dk",0.6078,-155,-0.1067,-0.1361,-6.8037,0.5011,-100,-4.41798701298701
2026-06-02,"LVA @ LAS","1Q","LVA","1Q LVA",2026-06-02 22:52:14.717036,"fd",0.5614,-128,-0.0593,-0.0676,-3.3784,0.5021,-101,-2.19376623376623
2026-06-02,"CHI @ WAS","1Q","WAS","1Q WAS",2026-06-02 22:52:14.717036,"dk",0.4762,110,0.0045,0.0043,0.2136,0.4807,108,0.138701298701299
2026-06-02,"CHI @ WAS","1Q","WAS","1Q WAS",2026-06-02 22:52:14.717036,"fd",0.4762,110,-0.0058,-0.0055,-0.2768,0.4704,113,-0.17974025974026
2026-06-02,"CON @ ATL","1Q","CON","1Q CON",2026-06-02 22:52:14.717036,"dk",0.6296,-170,-0.1003,-0.1354,-6.7684,0.5294,-112,-4.39506493506493
2026-06-02,"CON @ ATL","1Q","CON","1Q CON",2026-06-02 22:52:14.717036,"fd",0.569,-132,-0.0342,-0.0397,-1.9848,0.5347,-115,-1.28883116883117
2026-06-02,"PDX @ GSV","1Q","PDX","1Q PDX",2026-06-02 22:52:14.717036,"dk",0.5,100,-0.0065,-0.0065,-0.3242,0.4935,103,-0.21051948051948
2026-06-02,"PDX @ GSV","1Q","PDX","1Q PDX",2026-06-02 22:52:14.717036,"fd",0.4717,112,0.0112,0.0106,0.5282,0.4829,107,0.342987012987013
2026-06-02,"LVA @ LAS","1Q","LAS","1Q LAS",2026-06-02 22:52:14.717036,"dk",0.4762,110,0.0227,0.0217,1.083,0.4989,100,0.703246753246753
2026-06-02,"LVA @ LAS","1Q","LAS","1Q LAS",2026-06-02 22:52:14.717036,"fd",0.505,-102,-0.0071,-0.0072,-0.3578,0.4979,101,-0.232337662337662
2026-06-02,"CHI @ WAS","1Q","CHI","1Q CHI",2026-06-02 22:52:14.717036,"dk",0.6,-150,-0.0807,-0.1008,-5.0416,0.5193,-108,-3.27376623376623
2026-06-02,"CHI @ WAS","1Q","CHI","1Q CHI",2026-06-02 22:52:14.717036,"fd",0.5902,-144,-0.0606,-0.0739,-3.6939,0.5296,-113,-2.39863636363636
2026-06-02,"CON @ ATL","1Q","ATL","1Q ATL",2026-06-02 22:52:14.717036,"dk",0.4444,125,0.0262,0.0236,1.179,0.4706,112,0.765584415584416
2026-06-02,"CON @ ATL","1Q","ATL","1Q ATL",2026-06-02 22:52:14.717036,"fd",0.495,102,-0.0298,-0.0295,-1.4751,0.4653,115,-0.957857142857143
2026-06-02,"PDX @ GSV","1Q","GSV","1Q GSV",2026-06-02 22:52:14.717036,"dk",0.5745,-135,-0.068,-0.0799,-3.9941,0.5065,-103,-2.59357142857143
2026-06-02,"PDX @ GSV","1Q","GSV","1Q GSV",2026-06-02 22:52:14.717036,"fd",0.5935,-146,-0.0764,-0.0939,-4.6959,0.5171,-107,-3.04928571428571
2026-06-02,"LVA @ LAS","1Q","LVA","1Q LVA",2026-06-02 23:22:35.686081,"dk",0.6078,-155,-0.1067,-0.1361,-6.8037,0.5011,-100,-4.41798701298701
2026-06-02,"LVA @ LAS","1Q","LVA","1Q LVA",2026-06-02 23:22:35.686081,"fd",0.5614,-128,-0.0593,-0.0676,-3.3784,0.5021,-101,-2.19376623376623
2026-06-02,"CHI @ WAS","1Q","WAS","1Q WAS",2026-06-02 23:22:35.686081,"dk",0.4762,110,0.0045,0.0043,0.2136,0.4807,108,0.138701298701299
2026-06-02,"CHI @ WAS","1Q","WAS","1Q WAS",2026-06-02 23:22:35.686081,"fd",0.4808,108,-0.0104,-0.01,-0.4997,0.4704,113,-0.32448051948052
2026-06-02,"CON @ ATL","1Q","CON","1Q CON",2026-06-02 23:22:35.686081,"dk",0.6296,-170,-0.1003,-0.1354,-6.7684,0.5294,-112,-4.39506493506493
2026-06-02,"CON @ ATL","1Q","CON","1Q CON",2026-06-02 23:22:35.686081,"fd",0.569,-132,-0.0342,-0.0397,-1.9848,0.5347,-115,-1.28883116883117
2026-06-02,"PDX @ GSV","1Q","PDX","1Q PDX",2026-06-02 23:22:35.686081,"dk",0.5,100,-0.0065,-0.0065,-0.3242,0.4935,103,-0.21051948051948
2026-06-02,"PDX @ GSV","1Q","PDX","1Q PDX",2026-06-02 23:22:35.686081,"fd",0.4717,112,0.0112,0.0106,0.5282,0.4829,107,0.342987012987013
2026-06-02,"LVA @ LAS","1Q","LAS","1Q LAS",2026-06-02 23:22:35.686081,"dk",0.4762,110,0.0227,0.0217,1.083,0.4989,100,0.703246753246753
2026-06-02,"LVA @ LAS","1Q","LAS","1Q LAS",2026-06-02 23:22:35.686081,"fd",0.505,-102,-0.0071,-0.0072,-0.3578,0.4979,101,-0.232337662337662
2026-06-02,"CHI @ WAS","1Q","CHI","1Q CHI",2026-06-02 23:22:35.686081,"dk",0.6,-150,-0.0807,-0.1008,-5.0416,0.5193,-108,-3.27376623376623
2026-06-02,"CHI @ WAS","1Q","CHI","1Q CHI",2026-06-02 23:22:35.686081,"fd",0.5833,-140,-0.0537,-0.0645,-3.2235,0.5296,-113,-2.09318181818182
2026-06-02,"CON @ ATL","1Q","ATL","1Q ATL",2026-06-02 23:22:35.686081,"dk",0.4444,125,0.0262,0.0236,1.179,0.4706,112,0.765584415584416
2026-06-02,"CON @ ATL","1Q","ATL","1Q ATL",2026-06-02 23:22:35.686081,"fd",0.495,102,-0.0298,-0.0295,-1.4751,0.4653,115,-0.957857142857143
2026-06-02,"PDX @ GSV","1Q","GSV","1Q GSV",2026-06-02 23:22:35.686081,"dk",0.5745,-135,-0.068,-0.0799,-3.9941,0.5065,-103,-2.59357142857143
2026-06-02,"PDX @ GSV","1Q","GSV","1Q GSV",2026-06-02 23:22:35.686081,"fd",0.5935,-146,-0.0764,-0.0939,-4.6959,0.5171,-107,-3.04928571428571
2026-06-02,"LVA @ LAS","1Q","LVA","1Q LVA",2026-06-02 23:52:26.91898,"dk",0.6078,-155,-0.1067,-0.1361,-6.8037,0.5011,-100,-4.41798701298701
2026-06-02,"LVA @ LAS","1Q","LVA","1Q LVA",2026-06-02 23:52:26.91898,"fd",0.5652,-130,-0.0631,-0.0725,-3.6273,0.5021,-101,-2.35538961038961
2026-06-02,"PDX @ GSV","1Q","PDX","1Q PDX",2026-06-02 23:52:26.91898,"dk",0.5,100,-0.0065,-0.0065,-0.3242,0.4935,103,-0.21051948051948
2026-06-02,"PDX @ GSV","1Q","PDX","1Q PDX",2026-06-02 23:52:26.91898,"fd",0.4762,110,0.0067,0.0064,0.3183,0.4829,107,0.206688311688312
2026-06-02,"LVA @ LAS","1Q","LAS","1Q LAS",2026-06-02 23:52:26.91898,"dk",0.4762,110,0.0227,0.0217,1.083,0.4989,100,0.703246753246753
2026-06-02,"LVA @ LAS","1Q","LAS","1Q LAS",2026-06-02 23:52:26.91898,"fd",0.5,100,-0.0021,-0.0021,-0.1067,0.4979,101,-0.0692857142857143
2026-06-02,"PDX @ GSV","1Q","GSV","1Q GSV",2026-06-02 23:52:26.91898,"dk",0.5745,-135,-0.068,-0.0799,-3.9941,0.5065,-103,-2.59357142857143
2026-06-02,"PDX @ GSV","1Q","GSV","1Q GSV",2026-06-02 23:52:26.91898,"fd",0.5902,-144,-0.073,-0.0891,-4.4545,0.5171,-107,-2.89253246753247
2026-06-02,"LVA @ LAS","1Q","LVA","1Q LVA",2026-06-03 00:22:29.323119,"dk",0.6078,-155,-0.1067,-0.1361,-6.8037,0.5011,-100,-4.41798701298701
2026-06-02,"LVA @ LAS","1Q","LVA","1Q LVA",2026-06-03 00:22:29.323119,"fd",0.5652,-130,-0.0631,-0.0725,-3.6273,0.5021,-101,-2.35538961038961
2026-06-02,"PDX @ GSV","1Q","PDX","1Q PDX",2026-06-03 00:22:29.323119,"dk",0.5,100,-0.0065,-0.0065,-0.3242,0.4935,103,-0.21051948051948
2026-06-02,"PDX @ GSV","1Q","PDX","1Q PDX",2026-06-03 00:22:29.323119,"fd",0.4762,110,0.0067,0.0064,0.3183,0.4829,107,0.206688311688312
2026-06-02,"LVA @ LAS","1Q","LAS","1Q LAS",2026-06-03 00:22:29.323119,"dk",0.4762,110,0.0227,0.0217,1.083,0.4989,100,0.703246753246753
2026-06-02,"LVA @ LAS","1Q","LAS","1Q LAS",2026-06-03 00:22:29.323119,"fd",0.5,100,-0.0021,-0.0021,-0.1067,0.4979,101,-0.0692857142857143
2026-06-02,"PDX @ GSV","1Q","GSV","1Q GSV",2026-06-03 00:22:29.323119,"dk",0.5745,-135,-0.068,-0.0799,-3.9941,0.5065,-103,-2.59357142857143
2026-06-02,"PDX @ GSV","1Q","GSV","1Q GSV",2026-06-03 00:22:29.323119,"fd",0.5902,-144,-0.073,-0.0891,-4.4545,0.5171,-107,-2.89253246753247
2026-06-02,"LVA @ LAS","1Q","LVA","1Q LVA",2026-06-03 00:52:16.575674,"dk",0.6078,-155,-0.1067,-0.1361,-6.8037,0.5011,-100,-4.41798701298701
2026-06-02,"LVA @ LAS","1Q","LVA","1Q LVA",2026-06-03 00:52:16.575674,"fd",0.5652,-130,-0.0631,-0.0725,-3.6273,0.5021,-101,-2.35538961038961
2026-06-02,"PDX @ GSV","1Q","PDX","1Q PDX",2026-06-03 00:52:16.575674,"dk",0.5,100,-0.0065,-0.0065,-0.3242,0.4935,103,-0.21051948051948
2026-06-02,"PDX @ GSV","1Q","PDX","1Q PDX",2026-06-03 00:52:16.575674,"fd",0.4762,110,0.0067,0.0064,0.3183,0.4829,107,0.206688311688312
2026-06-02,"LVA @ LAS","1Q","LAS","1Q LAS",2026-06-03 00:52:16.575674,"dk",0.4762,110,0.0227,0.0217,1.083,0.4989,100,0.703246753246753
2026-06-02,"LVA @ LAS","1Q","LAS","1Q LAS",2026-06-03 00:52:16.575674,"fd",0.5,100,-0.0021,-0.0021,-0.1067,0.4979,101,-0.0692857142857143
2026-06-02,"PDX @ GSV","1Q","GSV","1Q GSV",2026-06-03 00:52:16.575674,"dk",0.5745,-135,-0.068,-0.0799,-3.9941,0.5065,-103,-2.59357142857143
2026-06-02,"PDX @ GSV","1Q","GSV","1Q GSV",2026-06-03 00:52:16.575674,"fd",0.5902,-144,-0.073,-0.0891,-4.4545,0.5171,-107,-2.89253246753247
2026-06-02,"LVA @ LAS","1Q","LVA","1Q LVA",2026-06-03 01:22:43.681125,"dk",0.6078,-155,-0.1067,-0.1361,-6.8037,0.5011,-100,-4.41798701298701
2026-06-02,"LVA @ LAS","1Q","LVA","1Q LVA",2026-06-03 01:22:43.681125,"fd",0.569,-132,-0.0668,-0.0775,-3.8762,0.5021,-101,-2.51701298701299
2026-06-02,"PDX @ GSV","1Q","PDX","1Q PDX",2026-06-03 01:22:43.681125,"dk",0.5,100,-0.0065,-0.0065,-0.3242,0.4935,103,-0.21051948051948
2026-06-02,"PDX @ GSV","1Q","PDX","1Q PDX",2026-06-03 01:22:43.681125,"fd",0.4762,110,0.0067,0.0064,0.3183,0.4829,107,0.206688311688312
2026-06-02,"LVA @ LAS","1Q","LAS","1Q LAS",2026-06-03 01:22:43.681125,"dk",0.4762,110,0.0227,0.0217,1.083,0.4989,100,0.703246753246753
2026-06-02,"LVA @ LAS","1Q","LAS","1Q LAS",2026-06-03 01:22:43.681125,"fd",0.495,102,0.0028,0.0028,0.1395,0.4979,101,0.0905844155844156
2026-06-02,"PDX @ GSV","1Q","GSV","1Q GSV",2026-06-03 01:22:43.681125,"dk",0.5745,-135,-0.068,-0.0799,-3.9941,0.5065,-103,-2.59357142857143
2026-06-02,"PDX @ GSV","1Q","GSV","1Q GSV",2026-06-03 01:22:43.681125,"fd",0.5902,-144,-0.073,-0.0891,-4.4545,0.5171,-107,-2.89253246753247
2026-06-02,"LVA @ LAS","1Q","LVA","1Q LVA",2026-06-03 01:51:53.661084,"dk",0.6078,-155,-0.1067,-0.1361,-6.8037,0.5011,-100,-4.41798701298701
2026-06-02,"LVA @ LAS","1Q","LVA","1Q LVA",2026-06-03 01:51:53.661084,"fd",0.569,-132,-0.0668,-0.0775,-3.8762,0.5021,-101,-2.51701298701299
2026-06-02,"PDX @ GSV","1Q","PDX","1Q PDX",2026-06-03 01:51:53.661084,"dk",0.5,100,-0.0065,-0.0065,-0.3242,0.4935,103,-0.21051948051948
2026-06-02,"PDX @ GSV","1Q","PDX","1Q PDX",2026-06-03 01:51:53.661084,"fd",0.4762,110,0.0067,0.0064,0.3183,0.4829,107,0.206688311688312
2026-06-02,"LVA @ LAS","1Q","LAS","1Q LAS",2026-06-03 01:51:53.661084,"dk",0.4762,110,0.0227,0.0217,1.083,0.4989,100,0.703246753246753
2026-06-02,"LVA @ LAS","1Q","LAS","1Q LAS",2026-06-03 01:51:53.661084,"fd",0.495,102,0.0028,0.0028,0.1395,0.4979,101,0.0905844155844156
2026-06-02,"PDX @ GSV","1Q","GSV","1Q GSV",2026-06-03 01:51:53.661084,"dk",0.5745,-135,-0.068,-0.0799,-3.9941,0.5065,-103,-2.59357142857143
2026-06-02,"PDX @ GSV","1Q","GSV","1Q GSV",2026-06-03 01:51:53.661084,"fd",0.5902,-144,-0.073,-0.0891,-4.4545,0.5171,-107,-2.89253246753247
2026-06-02,"LVA @ LAS","1Q","LVA","1Q LVA",2026-06-03 02:22:46.927503,"dk",0.6078,-155,-0.1067,-0.1361,-6.8037,0.5011,-100,-4.41798701298701
2026-06-02,"LVA @ LAS","1Q","LVA","1Q LVA",2026-06-03 02:22:46.927503,"fd",0.569,-132,-0.0668,-0.0775,-3.8762,0.5021,-101,-2.51701298701299
2026-06-02,"PDX @ GSV","1Q","PDX","1Q PDX",2026-06-03 02:22:46.927503,"dk",0.5,100,-0.0065,-0.0065,-0.3242,0.4935,103,-0.21051948051948
2026-06-02,"PDX @ GSV","1Q","PDX","1Q PDX",2026-06-03 02:22:46.927503,"fd",0.4762,110,0.0067,0.0064,0.3183,0.4829,107,0.206688311688312
2026-06-02,"LVA @ LAS","1Q","LAS","1Q LAS",2026-06-03 02:22:46.927503,"dk",0.4762,110,0.0227,0.0217,1.083,0.4989,100,0.703246753246753
2026-06-02,"LVA @ LAS","1Q","LAS","1Q LAS",2026-06-03 02:22:46.927503,"fd",0.495,102,0.0028,0.0028,0.1395,0.4979,101,0.0905844155844156
2026-06-02,"PDX @ GSV","1Q","GSV","1Q GSV",2026-06-03 02:22:46.927503,"dk",0.5745,-135,-0.068,-0.0799,-3.9941,0.5065,-103,-2.59357142857143
2026-06-02,"PDX @ GSV","1Q","GSV","1Q GSV",2026-06-03 02:22:46.927503,"fd",0.5902,-144,-0.073,-0.0891,-4.4545,0.5171,-107,-2.89253246753247
2026-06-03,"TOR @ NYL","1Q","NYL","1Q NYL",2026-06-03 13:30:44.543844,"fd",0.6528,-188,-0.103,-0.1483,-7.4155,0.5498,-122,-4.81525974025974
2026-06-03,"PHX @ SEA","1Q","PHX","1Q PHX",2026-06-03 13:30:44.543844,"fd",0.5495,-122,0.0031,0.0034,0.1707,0.5526,-124,0.110844155844156
2026-06-03,"PHX @ SEA","1Q","SEA","1Q SEA",2026-06-03 13:30:44.543844,"fd",0.5146,-106,-0.0672,-0.0692,-3.4602,0.4474,124,-2.24688311688312
2026-06-03,"TOR @ NYL","1Q","TOR","1Q TOR",2026-06-03 13:30:44.543844,"fd",0.4132,142,0.037,0.0315,1.5761,0.4502,122,1.02344155844156
2026-06-03,"TOR @ NYL","1Q","NYL","1Q NYL",2026-06-03 14:11:06.384193,"dk",0.5833,-140,-0.0535,-0.0642,-3.2102,0.5298,-113,-2.08454545454545
2026-06-03,"TOR @ NYL","1Q","NYL","1Q NYL",2026-06-03 14:11:06.384193,"fd",0.6528,-188,-0.103,-0.1483,-7.4155,0.5498,-122,-4.81525974025974
2026-06-03,"PHX @ SEA","1Q","PHX","1Q PHX",2026-06-03 14:11:06.384193,"dk",0.6154,-160,-0.079,-0.1026,-5.1318,0.5364,-116,-3.33233766233766
2026-06-03,"PHX @ SEA","1Q","PHX","1Q PHX",2026-06-03 14:11:06.384193,"fd",0.5495,-122,0.0031,0.0034,0.1707,0.5526,-124,0.110844155844156
2026-06-03,"PHX @ SEA","1Q","SEA","1Q SEA",2026-06-03 14:11:06.384193,"dk",0.4651,115,-0.0016,-0.0014,-0.0724,0.4636,116,-0.047012987012987
2026-06-03,"PHX @ SEA","1Q","SEA","1Q SEA",2026-06-03 14:11:06.384193,"fd",0.5146,-106,-0.0672,-0.0692,-3.4602,0.4474,124,-2.24688311688312
2026-06-03,"TOR @ NYL","1Q","TOR","1Q TOR",2026-06-03 14:11:06.384193,"dk",0.4878,105,-0.0176,-0.0172,-0.8608,0.4702,113,-0.558961038961039
2026-06-03,"TOR @ NYL","1Q","TOR","1Q TOR",2026-06-03 14:11:06.384193,"fd",0.4132,142,0.037,0.0315,1.5761,0.4502,122,1.02344155844156
2026-06-03,"TOR @ NYL","1Q","NYL","1Q NYL",2026-06-03 15:29:40.88387,"dk",0.5833,-140,-0.0537,-0.0644,-3.2207,0.5297,-113,-2.09136363636364
2026-06-03,"TOR @ NYL","1Q","NYL","1Q NYL",2026-06-03 15:29:40.88387,"fd",0.6403,-178,-0.0921,-0.128,-6.3977,0.5482,-121,-4.15435064935065
2026-06-03,"PHX @ SEA","1Q","PHX","1Q PHX",2026-06-03 15:29:40.88387,"dk",0.6154,-160,-0.079,-0.1026,-5.1318,0.5364,-116,-3.33233766233766
2026-06-03,"PHX @ SEA","1Q","PHX","1Q PHX",2026-06-03 15:29:40.88387,"fd",0.5495,-122,0.0031,0.0034,0.1707,0.5526,-124,0.110844155844156
2026-06-03,"PHX @ SEA","1Q","SEA","1Q SEA",2026-06-03 15:29:40.88387,"dk",0.4651,115,-0.0016,-0.0014,-0.0724,0.4636,116,-0.047012987012987
2026-06-03,"PHX @ SEA","1Q","SEA","1Q SEA",2026-06-03 15:29:40.88387,"fd",0.5146,-106,-0.0672,-0.0692,-3.4602,0.4474,124,-2.24688311688312
2026-06-03,"TOR @ NYL","1Q","TOR","1Q TOR",2026-06-03 15:29:40.88387,"dk",0.4878,105,-0.0175,-0.017,-0.8522,0.4703,113,-0.553376623376623
2026-06-03,"TOR @ NYL","1Q","TOR","1Q TOR",2026-06-03 15:29:40.88387,"fd",0.4237,136,0.028,0.0243,1.2163,0.4518,121,0.789805194805195
2026-06-03,"TOR @ NYL","1Q","NYL","1Q NYL",2026-06-03 15:50:54.430893,"dk",0.5833,-140,-0.0537,-0.0644,-3.2207,0.5297,-113,-2.09136363636364
2026-06-03,"TOR @ NYL","1Q","NYL","1Q NYL",2026-06-03 15:50:54.430893,"fd",0.6403,-178,-0.0921,-0.128,-6.3977,0.5482,-121,-4.15435064935065
2026-06-03,"PHX @ SEA","1Q","PHX","1Q PHX",2026-06-03 15:50:54.430893,"dk",0.6154,-160,-0.079,-0.1026,-5.1318,0.5364,-116,-3.33233766233766
2026-06-03,"PHX @ SEA","1Q","PHX","1Q PHX",2026-06-03 15:50:54.430893,"fd",0.5495,-122,0.0031,0.0034,0.1707,0.5526,-124,0.110844155844156
2026-06-03,"PHX @ SEA","1Q","SEA","1Q SEA",2026-06-03 15:50:54.430893,"dk",0.4651,115,-0.0016,-0.0014,-0.0724,0.4636,116,-0.047012987012987
2026-06-03,"PHX @ SEA","1Q","SEA","1Q SEA",2026-06-03 15:50:54.430893,"fd",0.5146,-106,-0.0672,-0.0692,-3.4602,0.4474,124,-2.24688311688312
2026-06-03,"TOR @ NYL","1Q","TOR","1Q TOR",2026-06-03 15:50:54.430893,"dk",0.4878,105,-0.0175,-0.017,-0.8522,0.4703,113,-0.553376623376623
2026-06-03,"TOR @ NYL","1Q","TOR","1Q TOR",2026-06-03 15:50:54.430893,"fd",0.4237,136,0.028,0.0243,1.2163,0.4518,121,0.789805194805195
2026-06-03,"TOR @ NYL","1Q","NYL","1Q NYL",2026-06-03 16:21:30.004383,"dk",0.5833,-140,-0.0537,-0.0644,-3.2207,0.5297,-113,-2.09136363636364
2026-06-03,"TOR @ NYL","1Q","NYL","1Q NYL",2026-06-03 16:21:30.004383,"fd",0.6377,-176,-0.0894,-0.1234,-6.1718,0.5482,-121,-4.00766233766234
2026-06-03,"PHX @ SEA","1Q","PHX","1Q PHX",2026-06-03 16:21:30.004383,"dk",0.6154,-160,-0.0789,-0.1025,-5.1261,0.5365,-116,-3.32863636363636
2026-06-03,"PHX @ SEA","1Q","PHX","1Q PHX",2026-06-03 16:21:30.004383,"fd",0.5652,-130,-0.0118,-0.0136,-0.6795,0.5534,-124,-0.441233766233766
2026-06-03,"PHX @ SEA","1Q","SEA","1Q SEA",2026-06-03 16:21:30.004383,"dk",0.4651,115,-0.0016,-0.0015,-0.0765,0.4635,116,-0.0496753246753247
2026-06-03,"PHX @ SEA","1Q","SEA","1Q SEA",2026-06-03 16:21:30.004383,"fd",0.5,100,-0.0534,-0.0534,-2.67,0.4466,124,-1.73376623376623
2026-06-03,"TOR @ NYL","1Q","TOR","1Q TOR",2026-06-03 16:21:30.004383,"dk",0.4878,105,-0.0175,-0.017,-0.8522,0.4703,113,-0.553376623376623
2026-06-03,"TOR @ NYL","1Q","TOR","1Q TOR",2026-06-03 16:21:30.004383,"fd",0.4274,134,0.0244,0.0213,1.0659,0.4518,121,0.692142857142857
2026-06-03,"TOR @ NYL","1Q","NYL","1Q NYL",2026-06-03 16:51:14.068411,"dk",0.5833,-140,-0.0537,-0.0644,-3.2207,0.5297,-113,-2.09136363636364
2026-06-03,"TOR @ NYL","1Q","NYL","1Q NYL",2026-06-03 16:51:14.068411,"fd",0.6377,-176,-0.0894,-0.1234,-6.1718,0.5482,-121,-4.00766233766234
2026-06-03,"PHX @ SEA","1Q","PHX","1Q PHX",2026-06-03 16:51:14.068411,"dk",0.6154,-160,-0.0789,-0.1025,-5.1261,0.5365,-116,-3.32863636363636
2026-06-03,"PHX @ SEA","1Q","PHX","1Q PHX",2026-06-03 16:51:14.068411,"fd",0.5652,-130,-0.0118,-0.0136,-0.6795,0.5534,-124,-0.441233766233766
2026-06-03,"PHX @ SEA","1Q","SEA","1Q SEA",2026-06-03 16:51:14.068411,"dk",0.4651,115,-0.0016,-0.0015,-0.0765,0.4635,116,-0.0496753246753247
2026-06-03,"PHX @ SEA","1Q","SEA","1Q SEA",2026-06-03 16:51:14.068411,"fd",0.5,100,-0.0534,-0.0534,-2.67,0.4466,124,-1.73376623376623
2026-06-03,"TOR @ NYL","1Q","TOR","1Q TOR",2026-06-03 16:51:14.068411,"dk",0.4878,105,-0.0175,-0.017,-0.8522,0.4703,113,-0.553376623376623
2026-06-03,"TOR @ NYL","1Q","TOR","1Q TOR",2026-06-03 16:51:14.068411,"fd",0.4274,134,0.0244,0.0213,1.0659,0.4518,121,0.692142857142857
2026-06-03,"TOR @ NYL","1Q","NYL","1Q NYL",2026-06-03 17:21:06.788341,"dk",0.5833,-140,-0.0537,-0.0644,-3.2207,0.5297,-113,-2.09136363636364
2026-06-03,"TOR @ NYL","1Q","NYL","1Q NYL",2026-06-03 17:21:06.788341,"fd",0.6377,-176,-0.0894,-0.1234,-6.1718,0.5482,-121,-4.00766233766234
2026-06-03,"PHX @ SEA","1Q","PHX","1Q PHX",2026-06-03 17:21:06.788341,"dk",0.6154,-160,-0.0789,-0.1025,-5.1261,0.5365,-116,-3.32863636363636
2026-06-03,"PHX @ SEA","1Q","PHX","1Q PHX",2026-06-03 17:21:06.788341,"fd",0.5652,-130,-0.0118,-0.0136,-0.6795,0.5534,-124,-0.441233766233766
2026-06-03,"PHX @ SEA","1Q","SEA","1Q SEA",2026-06-03 17:21:06.788341,"dk",0.4651,115,-0.0016,-0.0015,-0.0765,0.4635,116,-0.0496753246753247
2026-06-03,"PHX @ SEA","1Q","SEA","1Q SEA",2026-06-03 17:21:06.788341,"fd",0.5,100,-0.0534,-0.0534,-2.67,0.4466,124,-1.73376623376623
2026-06-03,"TOR @ NYL","1Q","TOR","1Q TOR",2026-06-03 17:21:06.788341,"dk",0.4878,105,-0.0175,-0.017,-0.8522,0.4703,113,-0.553376623376623
2026-06-03,"TOR @ NYL","1Q","TOR","1Q TOR",2026-06-03 17:21:06.788341,"fd",0.4274,134,0.0244,0.0213,1.0659,0.4518,121,0.692142857142857
2026-06-03,"TOR @ NYL","1Q","NYL","1Q NYL",2026-06-03 17:50:58.618903,"dk",0.5833,-140,-0.0537,-0.0644,-3.2207,0.5297,-113,-2.09136363636364
2026-06-03,"TOR @ NYL","1Q","NYL","1Q NYL",2026-06-03 17:50:58.618903,"fd",0.6377,-176,-0.0894,-0.1234,-6.1718,0.5482,-121,-4.00766233766234
2026-06-03,"PHX @ SEA","1Q","PHX","1Q PHX",2026-06-03 17:50:58.618903,"dk",0.6154,-160,-0.0789,-0.1025,-5.1261,0.5365,-116,-3.32863636363636
2026-06-03,"PHX @ SEA","1Q","PHX","1Q PHX",2026-06-03 17:50:58.618903,"fd",0.5652,-130,-0.0118,-0.0136,-0.6795,0.5534,-124,-0.441233766233766
2026-06-03,"PHX @ SEA","1Q","SEA","1Q SEA",2026-06-03 17:50:58.618903,"dk",0.4651,115,-0.0016,-0.0015,-0.0765,0.4635,116,-0.0496753246753247
2026-06-03,"PHX @ SEA","1Q","SEA","1Q SEA",2026-06-03 17:50:58.618903,"fd",0.5,100,-0.0534,-0.0534,-2.67,0.4466,124,-1.73376623376623
2026-06-03,"TOR @ NYL","1Q","TOR","1Q TOR",2026-06-03 17:50:58.618903,"dk",0.4878,105,-0.0175,-0.017,-0.8522,0.4703,113,-0.553376623376623
2026-06-03,"TOR @ NYL","1Q","TOR","1Q TOR",2026-06-03 17:50:58.618903,"fd",0.4274,134,0.0244,0.0213,1.0659,0.4518,121,0.692142857142857
2026-06-03,"TOR @ NYL","1Q","NYL","1Q NYL",2026-06-03 18:20:51.66487,"dk",0.5833,-140,-0.0537,-0.0644,-3.2207,0.5297,-113,-2.09136363636364
2026-06-03,"TOR @ NYL","1Q","NYL","1Q NYL",2026-06-03 18:20:51.66487,"fd",0.6377,-176,-0.0894,-0.1234,-6.1718,0.5482,-121,-4.00766233766234
2026-06-03,"PHX @ SEA","1Q","PHX","1Q PHX",2026-06-03 18:20:51.66487,"dk",0.6154,-160,-0.079,-0.1026,-5.1318,0.5364,-116,-3.33233766233766
2026-06-03,"PHX @ SEA","1Q","PHX","1Q PHX",2026-06-03 18:20:51.66487,"fd",0.5652,-130,-0.0126,-0.0145,-0.724,0.5526,-124,-0.47012987012987
2026-06-03,"PHX @ SEA","1Q","SEA","1Q SEA",2026-06-03 18:20:51.66487,"dk",0.4651,115,-0.0016,-0.0014,-0.0724,0.4636,116,-0.047012987012987
2026-06-03,"PHX @ SEA","1Q","SEA","1Q SEA",2026-06-03 18:20:51.66487,"fd",0.5,100,-0.0526,-0.0526,-2.6313,0.4474,124,-1.70863636363636
2026-06-03,"TOR @ NYL","1Q","TOR","1Q TOR",2026-06-03 18:20:51.66487,"dk",0.4878,105,-0.0175,-0.017,-0.8522,0.4703,113,-0.553376623376623
2026-06-03,"TOR @ NYL","1Q","TOR","1Q TOR",2026-06-03 18:20:51.66487,"fd",0.4274,134,0.0244,0.0213,1.0659,0.4518,121,0.692142857142857
2026-06-03,"TOR @ NYL","1Q","NYL","1Q NYL",2026-06-03 19:51:18.558664,"dk",0.5833,-140,-0.0537,-0.0644,-3.2207,0.5297,-113,-2.09136363636364
2026-06-03,"TOR @ NYL","1Q","NYL","1Q NYL",2026-06-03 19:51:18.558664,"fd",0.6377,-176,-0.0894,-0.1234,-6.1718,0.5482,-121,-4.00766233766234
2026-06-03,"PHX @ SEA","1Q","PHX","1Q PHX",2026-06-03 19:51:18.558664,"dk",0.6154,-160,-0.079,-0.1026,-5.1318,0.5364,-116,-3.33233766233766
2026-06-03,"PHX @ SEA","1Q","PHX","1Q PHX",2026-06-03 19:51:18.558664,"fd",0.5652,-130,-0.0126,-0.0145,-0.724,0.5526,-124,-0.47012987012987
2026-06-03,"PHX @ SEA","1Q","SEA","1Q SEA",2026-06-03 19:51:18.558664,"dk",0.4651,115,-0.0016,-0.0014,-0.0724,0.4636,116,-0.047012987012987
2026-06-03,"PHX @ SEA","1Q","SEA","1Q SEA",2026-06-03 19:51:18.558664,"fd",0.5,100,-0.0526,-0.0526,-2.6313,0.4474,124,-1.70863636363636
2026-06-03,"TOR @ NYL","1Q","TOR","1Q TOR",2026-06-03 19:51:18.558664,"dk",0.4878,105,-0.0175,-0.017,-0.8522,0.4703,113,-0.553376623376623
2026-06-03,"TOR @ NYL","1Q","TOR","1Q TOR",2026-06-03 19:51:18.558664,"fd",0.4274,134,0.0244,0.0213,1.0659,0.4518,121,0.692142857142857
2026-06-03,"TOR @ NYL","1Q","NYL","1Q NYL",2026-06-03 20:20:59.758334,"dk",0.5833,-140,-0.0537,-0.0644,-3.2207,0.5297,-113,-2.09136363636364
2026-06-03,"TOR @ NYL","1Q","NYL","1Q NYL",2026-06-03 20:20:59.758334,"fd",0.6377,-176,-0.0894,-0.1234,-6.1718,0.5482,-121,-4.00766233766234
2026-06-03,"PHX @ SEA","1Q","PHX","1Q PHX",2026-06-03 20:20:59.758334,"dk",0.6154,-160,-0.079,-0.1026,-5.1318,0.5364,-116,-3.33233766233766
2026-06-03,"PHX @ SEA","1Q","PHX","1Q PHX",2026-06-03 20:20:59.758334,"fd",0.5652,-130,-0.0126,-0.0145,-0.724,0.5526,-124,-0.47012987012987
2026-06-03,"PHX @ SEA","1Q","SEA","1Q SEA",2026-06-03 20:20:59.758334,"dk",0.4651,115,-0.0016,-0.0014,-0.0724,0.4636,116,-0.047012987012987
2026-06-03,"PHX @ SEA","1Q","SEA","1Q SEA",2026-06-03 20:20:59.758334,"fd",0.5,100,-0.0526,-0.0526,-2.6313,0.4474,124,-1.70863636363636
2026-06-03,"TOR @ NYL","1Q","TOR","1Q TOR",2026-06-03 20:20:59.758334,"dk",0.4878,105,-0.0175,-0.017,-0.8522,0.4703,113,-0.553376623376623
2026-06-03,"TOR @ NYL","1Q","TOR","1Q TOR",2026-06-03 20:20:59.758334,"fd",0.4274,134,0.0244,0.0213,1.0659,0.4518,121,0.692142857142857
2026-06-03,"TOR @ NYL","1Q","NYL","1Q NYL",2026-06-03 20:51:06.759646,"dk",0.5833,-140,-0.0537,-0.0644,-3.2207,0.5297,-113,-2.09136363636364
2026-06-03,"TOR @ NYL","1Q","NYL","1Q NYL",2026-06-03 20:51:06.759646,"fd",0.6377,-176,-0.0894,-0.1234,-6.1718,0.5482,-121,-4.00766233766234
2026-06-03,"PHX @ SEA","1Q","PHX","1Q PHX",2026-06-03 20:51:06.759646,"dk",0.6154,-160,-0.079,-0.1026,-5.1318,0.5364,-116,-3.33233766233766
2026-06-03,"PHX @ SEA","1Q","PHX","1Q PHX",2026-06-03 20:51:06.759646,"fd",0.5652,-130,-0.0126,-0.0145,-0.724,0.5526,-124,-0.47012987012987
2026-06-03,"PHX @ SEA","1Q","SEA","1Q SEA",2026-06-03 20:51:06.759646,"dk",0.4651,115,-0.0016,-0.0014,-0.0724,0.4636,116,-0.047012987012987
2026-06-03,"PHX @ SEA","1Q","SEA","1Q SEA",2026-06-03 20:51:06.759646,"fd",0.5,100,-0.0526,-0.0526,-2.6313,0.4474,124,-1.70863636363636
2026-06-03,"TOR @ NYL","1Q","TOR","1Q TOR",2026-06-03 20:51:06.759646,"dk",0.4878,105,-0.0175,-0.017,-0.8522,0.4703,113,-0.553376623376623
2026-06-03,"TOR @ NYL","1Q","TOR","1Q TOR",2026-06-03 20:51:06.759646,"fd",0.4274,134,0.0244,0.0213,1.0659,0.4518,121,0.692142857142857
2026-06-03,"TOR @ NYL","1Q","NYL","1Q NYL",2026-06-03 21:51:29.755001,"dk",0.5833,-140,-0.0537,-0.0644,-3.2207,0.5297,-113,-2.09136363636364
2026-06-03,"TOR @ NYL","1Q","NYL","1Q NYL",2026-06-03 21:51:29.755001,"fd",0.6377,-176,-0.0894,-0.1234,-6.1718,0.5482,-121,-4.00766233766234
2026-06-03,"PHX @ SEA","1Q","PHX","1Q PHX",2026-06-03 21:51:29.755001,"dk",0.6154,-160,-0.0789,-0.1025,-5.1261,0.5365,-116,-3.32863636363636
2026-06-03,"PHX @ SEA","1Q","PHX","1Q PHX",2026-06-03 21:51:29.755001,"fd",0.5652,-130,-0.0118,-0.0136,-0.6795,0.5534,-124,-0.441233766233766
2026-06-03,"PHX @ SEA","1Q","SEA","1Q SEA",2026-06-03 21:51:29.755001,"dk",0.4651,115,-0.0016,-0.0015,-0.0765,0.4635,116,-0.0496753246753247
2026-06-03,"PHX @ SEA","1Q","SEA","1Q SEA",2026-06-03 21:51:29.755001,"fd",0.5,100,-0.0534,-0.0534,-2.67,0.4466,124,-1.73376623376623
2026-06-03,"TOR @ NYL","1Q","TOR","1Q TOR",2026-06-03 21:51:29.755001,"dk",0.4878,105,-0.0175,-0.017,-0.8522,0.4703,113,-0.553376623376623
2026-06-03,"TOR @ NYL","1Q","TOR","1Q TOR",2026-06-03 21:51:29.755001,"fd",0.4274,134,0.0244,0.0213,1.0659,0.4518,121,0.692142857142857
2026-06-03,"TOR @ NYL","1Q","NYL","1Q NYL",2026-06-03 22:21:32.865495,"dk",0.5833,-140,-0.0537,-0.0644,-3.2207,0.5297,-113,-2.09136363636364
2026-06-03,"TOR @ NYL","1Q","NYL","1Q NYL",2026-06-03 22:21:32.865495,"fd",0.6377,-176,-0.0894,-0.1234,-6.1718,0.5482,-121,-4.00766233766234
2026-06-03,"PHX @ SEA","1Q","PHX","1Q PHX",2026-06-03 22:21:32.865495,"dk",0.6154,-160,-0.0789,-0.1025,-5.1261,0.5365,-116,-3.32863636363636
2026-06-03,"PHX @ SEA","1Q","PHX","1Q PHX",2026-06-03 22:21:32.865495,"fd",0.5652,-130,-0.0118,-0.0136,-0.6795,0.5534,-124,-0.441233766233766
2026-06-03,"PHX @ SEA","1Q","SEA","1Q SEA",2026-06-03 22:21:32.865495,"dk",0.4651,115,-0.0016,-0.0015,-0.0765,0.4635,116,-0.0496753246753247
2026-06-03,"PHX @ SEA","1Q","SEA","1Q SEA",2026-06-03 22:21:32.865495,"fd",0.5,100,-0.0534,-0.0534,-2.67,0.4466,124,-1.73376623376623
2026-06-03,"TOR @ NYL","1Q","TOR","1Q TOR",2026-06-03 22:21:32.865495,"dk",0.4878,105,-0.0175,-0.017,-0.8522,0.4703,113,-0.553376623376623
2026-06-03,"TOR @ NYL","1Q","TOR","1Q TOR",2026-06-03 22:21:32.865495,"fd",0.4274,134,0.0244,0.0213,1.0659,0.4518,121,0.692142857142857
2026-06-03,"TOR @ NYL","1Q","NYL","1Q NYL",2026-06-03 22:51:29.905657,"dk",0.5833,-140,-0.0537,-0.0644,-3.2207,0.5297,-113,-2.09136363636364
2026-06-03,"TOR @ NYL","1Q","NYL","1Q NYL",2026-06-03 22:51:29.905657,"fd",0.6377,-176,-0.0894,-0.1234,-6.1718,0.5482,-121,-4.00766233766234
2026-06-03,"PHX @ SEA","1Q","PHX","1Q PHX",2026-06-03 22:51:29.905657,"dk",0.6154,-160,-0.0789,-0.1025,-5.1261,0.5365,-116,-3.32863636363636
2026-06-03,"PHX @ SEA","1Q","PHX","1Q PHX",2026-06-03 22:51:29.905657,"fd",0.5652,-130,-0.0118,-0.0136,-0.6795,0.5534,-124,-0.441233766233766
2026-06-03,"PHX @ SEA","1Q","SEA","1Q SEA",2026-06-03 22:51:29.905657,"dk",0.4651,115,-0.0016,-0.0015,-0.0765,0.4635,116,-0.0496753246753247
2026-06-03,"PHX @ SEA","1Q","SEA","1Q SEA",2026-06-03 22:51:29.905657,"fd",0.5,100,-0.0534,-0.0534,-2.67,0.4466,124,-1.73376623376623
2026-06-03,"TOR @ NYL","1Q","TOR","1Q TOR",2026-06-03 22:51:29.905657,"dk",0.4878,105,-0.0175,-0.017,-0.8522,0.4703,113,-0.553376623376623
2026-06-03,"TOR @ NYL","1Q","TOR","1Q TOR",2026-06-03 22:51:29.905657,"fd",0.4274,134,0.0244,0.0213,1.0659,0.4518,121,0.692142857142857
2026-06-03,"TOR @ NYL","1Q","NYL","1Q NYL",2026-06-03 23:21:19.22434,"dk",0.5833,-140,-0.0537,-0.0644,-3.2207,0.5297,-113,-2.09136363636364
2026-06-03,"TOR @ NYL","1Q","NYL","1Q NYL",2026-06-03 23:21:19.22434,"fd",0.6403,-178,-0.0921,-0.128,-6.3977,0.5482,-121,-4.15435064935065
2026-06-03,"PHX @ SEA","1Q","PHX","1Q PHX",2026-06-03 23:21:19.22434,"dk",0.6154,-160,-0.0789,-0.1025,-5.1261,0.5365,-116,-3.32863636363636
2026-06-03,"PHX @ SEA","1Q","PHX","1Q PHX",2026-06-03 23:21:19.22434,"fd",0.5652,-130,-0.0118,-0.0136,-0.6795,0.5534,-124,-0.441233766233766
2026-06-03,"PHX @ SEA","1Q","SEA","1Q SEA",2026-06-03 23:21:19.22434,"dk",0.4651,115,-0.0016,-0.0015,-0.0765,0.4635,116,-0.0496753246753247
2026-06-03,"PHX @ SEA","1Q","SEA","1Q SEA",2026-06-03 23:21:19.22434,"fd",0.5,100,-0.0534,-0.0534,-2.67,0.4466,124,-1.73376623376623
2026-06-03,"TOR @ NYL","1Q","TOR","1Q TOR",2026-06-03 23:21:19.22434,"dk",0.4878,105,-0.0175,-0.017,-0.8522,0.4703,113,-0.553376623376623
2026-06-03,"TOR @ NYL","1Q","TOR","1Q TOR",2026-06-03 23:21:19.22434,"fd",0.4237,136,0.028,0.0243,1.2163,0.4518,121,0.789805194805195
2026-06-03,"TOR @ NYL","1Q","NYL","1Q NYL",2026-06-03 23:51:15.592759,"dk",0.5833,-140,-0.0537,-0.0644,-3.2207,0.5297,-113,-2.09136363636364
2026-06-03,"TOR @ NYL","1Q","NYL","1Q NYL",2026-06-03 23:51:15.592759,"fd",0.6403,-178,-0.0921,-0.128,-6.3977,0.5482,-121,-4.15435064935065
2026-06-03,"PHX @ SEA","1Q","PHX","1Q PHX",2026-06-03 23:51:15.592759,"dk",0.6154,-160,-0.0789,-0.1025,-5.1261,0.5365,-116,-3.32863636363636
2026-06-03,"PHX @ SEA","1Q","PHX","1Q PHX",2026-06-03 23:51:15.592759,"fd",0.5652,-130,-0.0118,-0.0136,-0.6795,0.5534,-124,-0.441233766233766
2026-06-03,"PHX @ SEA","1Q","SEA","1Q SEA",2026-06-03 23:51:15.592759,"dk",0.4651,115,-0.0016,-0.0015,-0.0765,0.4635,116,-0.0496753246753247
2026-06-03,"PHX @ SEA","1Q","SEA","1Q SEA",2026-06-03 23:51:15.592759,"fd",0.5,100,-0.0534,-0.0534,-2.67,0.4466,124,-1.73376623376623
2026-06-03,"TOR @ NYL","1Q","TOR","1Q TOR",2026-06-03 23:51:15.592759,"dk",0.4878,105,-0.0175,-0.017,-0.8522,0.4703,113,-0.553376623376623
2026-06-03,"TOR @ NYL","1Q","TOR","1Q TOR",2026-06-03 23:51:15.592759,"fd",0.4237,136,0.028,0.0243,1.2163,0.4518,121,0.789805194805195
2026-06-03,"PHX @ SEA","1Q","PHX","1Q PHX",2026-06-04 00:20:50.110708,"dk",0.6154,-160,-0.0789,-0.1025,-5.1261,0.5365,-116,-3.32863636363636
2026-06-03,"PHX @ SEA","1Q","PHX","1Q PHX",2026-06-04 00:20:50.110708,"fd",0.5652,-130,-0.0118,-0.0136,-0.6795,0.5534,-124,-0.441233766233766
2026-06-03,"PHX @ SEA","1Q","SEA","1Q SEA",2026-06-04 00:20:50.110708,"dk",0.4651,115,-0.0016,-0.0015,-0.0765,0.4635,116,-0.0496753246753247
2026-06-03,"PHX @ SEA","1Q","SEA","1Q SEA",2026-06-04 00:20:50.110708,"fd",0.5,100,-0.0534,-0.0534,-2.67,0.4466,124,-1.73376623376623
2026-06-03,"PHX @ SEA","1Q","PHX","1Q PHX",2026-06-04 00:51:09.045045,"dk",0.6154,-160,-0.0789,-0.1025,-5.1261,0.5365,-116,-3.32863636363636
2026-06-03,"PHX @ SEA","1Q","PHX","1Q PHX",2026-06-04 00:51:09.045045,"fd",0.5652,-130,-0.0118,-0.0136,-0.6795,0.5534,-124,-0.441233766233766
2026-06-03,"PHX @ SEA","1Q","SEA","1Q SEA",2026-06-04 00:51:09.045045,"dk",0.4651,115,-0.0016,-0.0015,-0.0765,0.4635,116,-0.0496753246753247
2026-06-03,"PHX @ SEA","1Q","SEA","1Q SEA",2026-06-04 00:51:09.045045,"fd",0.5,100,-0.0534,-0.0534,-2.67,0.4466,124,-1.73376623376623
2026-06-03,"PHX @ SEA","1Q","PHX","1Q PHX",2026-06-04 01:21:09.404768,"dk",0.6154,-160,-0.0789,-0.1025,-5.1261,0.5365,-116,-3.32863636363636
2026-06-03,"PHX @ SEA","1Q","PHX","1Q PHX",2026-06-04 01:21:09.404768,"fd",0.5614,-128,-0.008,-0.0091,-0.4562,0.5534,-124,-0.296233766233766
2026-06-03,"PHX @ SEA","1Q","SEA","1Q SEA",2026-06-04 01:21:09.404768,"dk",0.4651,115,-0.0016,-0.0015,-0.0765,0.4635,116,-0.0496753246753247
2026-06-03,"PHX @ SEA","1Q","SEA","1Q SEA",2026-06-04 01:21:09.404768,"fd",0.505,-102,-0.0584,-0.0589,-2.9467,0.4466,124,-1.91344155844156
2026-06-03,"PHX @ SEA","1Q","PHX","1Q PHX",2026-06-04 01:51:20.283568,"dk",0.6154,-160,-0.0789,-0.1025,-5.1261,0.5365,-116,-3.32863636363636
2026-06-03,"PHX @ SEA","1Q","PHX","1Q PHX",2026-06-04 01:51:20.283568,"fd",0.5614,-128,-0.008,-0.0091,-0.4562,0.5534,-124,-0.296233766233766
2026-06-03,"PHX @ SEA","1Q","SEA","1Q SEA",2026-06-04 01:51:20.283568,"dk",0.4651,115,-0.0016,-0.0015,-0.0765,0.4635,116,-0.0496753246753247
2026-06-03,"PHX @ SEA","1Q","SEA","1Q SEA",2026-06-04 01:51:20.283568,"fd",0.505,-102,-0.0584,-0.0589,-2.9467,0.4466,124,-1.91344155844156
2026-06-03,"PHX @ SEA","1Q","PHX","1Q PHX",2026-06-04 02:21:04.026435,"dk",0.6154,-160,-0.0789,-0.1025,-5.1261,0.5365,-116,-3.32863636363636
2026-06-03,"PHX @ SEA","1Q","PHX","1Q PHX",2026-06-04 02:21:04.026435,"fd",0.5902,-144,-0.0368,-0.0449,-2.2426,0.5534,-124,-1.45623376623377
2026-06-03,"PHX @ SEA","1Q","SEA","1Q SEA",2026-06-04 02:21:04.026435,"dk",0.4651,115,-0.0016,-0.0015,-0.0765,0.4635,116,-0.0496753246753247
2026-06-03,"PHX @ SEA","1Q","SEA","1Q SEA",2026-06-04 02:21:04.026435,"fd",0.4762,110,-0.0296,-0.0282,-1.4123,0.4466,124,-0.917077922077922
2026-06-04,"GSV @ MIN","1Q","MIN","1Q MIN",2026-06-04 13:21:55.895269,"fd",0.505,-102,-0.0202,-0.0204,-1.0225,0.4847,106,-0.663961038961039
2026-06-04,"ATL @ IND","1Q","IND","1Q IND",2026-06-04 13:21:55.895269,"fd",0.5614,-128,-0.0571,-0.0651,-3.2574,0.5043,-102,-2.11519480519481
2026-06-04,"ATL @ IND","1Q","ATL","1Q ATL",2026-06-04 13:21:55.895269,"fd",0.505,-102,-0.0092,-0.0093,-0.4649,0.4957,102,-0.301883116883117
2026-06-04,"GSV @ MIN","1Q","GSV","1Q GSV",2026-06-04 13:21:55.895269,"fd",0.5614,-128,-0.0461,-0.0526,-2.6281,0.5153,-106,-1.70655844155844
2026-06-04,"GSV @ MIN","1Q","MIN","1Q MIN",2026-06-04 13:51:32.676921,"dk",0.4878,105,0.0037,0.0036,0.1804,0.4915,103,0.117142857142857
2026-06-04,"GSV @ MIN","1Q","MIN","1Q MIN",2026-06-04 13:51:32.676921,"fd",0.505,-102,-0.0202,-0.0204,-1.0225,0.4847,106,-0.663961038961039
2026-06-04,"ATL @ IND","1Q","IND","1Q IND",2026-06-04 13:51:32.676921,"dk",0.5238,-110,-0.0216,-0.0227,-1.1361,0.5022,-101,-0.737727272727273
2026-06-04,"ATL @ IND","1Q","IND","1Q IND",2026-06-04 13:51:32.676921,"fd",0.5614,-128,-0.0571,-0.0651,-3.2574,0.5043,-102,-2.11519480519481
2026-06-04,"ATL @ IND","1Q","ATL","1Q ATL",2026-06-04 13:51:32.676921,"dk",0.5556,-125,-0.0577,-0.0649,-3.247,0.4978,101,-2.10844155844156
2026-06-04,"ATL @ IND","1Q","ATL","1Q ATL",2026-06-04 13:51:32.676921,"fd",0.505,-102,-0.0092,-0.0093,-0.4649,0.4957,102,-0.301883116883117
2026-06-04,"GSV @ MIN","1Q","GSV","1Q GSV",2026-06-04 13:51:32.676921,"dk",0.5918,-145,-0.0833,-0.1021,-5.1044,0.5085,-103,-3.31454545454545
2026-06-04,"GSV @ MIN","1Q","GSV","1Q GSV",2026-06-04 13:51:32.676921,"fd",0.5614,-128,-0.0461,-0.0526,-2.6281,0.5153,-106,-1.70655844155844
2026-06-04,"GSV @ MIN","1Q","MIN","1Q MIN",2026-06-04 14:21:36.871649,"dk",0.4878,105,0.0037,0.0036,0.1804,0.4915,103,0.117142857142857
2026-06-04,"GSV @ MIN","1Q","MIN","1Q MIN",2026-06-04 14:21:36.871649,"fd",0.505,-102,-0.0197,-0.0199,-0.9926,0.4853,106,-0.644545454545455
2026-06-04,"ATL @ IND","1Q","IND","1Q IND",2026-06-04 14:21:36.871649,"dk",0.5238,-110,-0.0216,-0.0227,-1.1361,0.5022,-101,-0.737727272727273
2026-06-04,"ATL @ IND","1Q","IND","1Q IND",2026-06-04 14:21:36.871649,"fd",0.5614,-128,-0.0571,-0.0651,-3.2574,0.5043,-102,-2.11519480519481
2026-06-04,"ATL @ IND","1Q","ATL","1Q ATL",2026-06-04 14:21:36.871649,"dk",0.5556,-125,-0.0577,-0.0649,-3.247,0.4978,101,-2.10844155844156
2026-06-04,"ATL @ IND","1Q","ATL","1Q ATL",2026-06-04 14:21:36.871649,"fd",0.505,-102,-0.0092,-0.0093,-0.4649,0.4957,102,-0.301883116883117
2026-06-04,"GSV @ MIN","1Q","GSV","1Q GSV",2026-06-04 14:21:36.871649,"dk",0.5918,-145,-0.0833,-0.1021,-5.1044,0.5085,-103,-3.31454545454545
2026-06-04,"GSV @ MIN","1Q","GSV","1Q GSV",2026-06-04 14:21:36.871649,"fd",0.5614,-128,-0.0467,-0.0532,-2.6618,0.5147,-106,-1.72844155844156
2026-06-04,"GSV @ MIN","1Q","MIN","1Q MIN",2026-06-04 14:51:27.472723,"dk",0.4878,105,0.0037,0.0036,0.1804,0.4915,103,0.117142857142857
2026-06-04,"GSV @ MIN","1Q","MIN","1Q MIN",2026-06-04 14:51:27.472723,"fd",0.5098,-104,-0.0245,-0.025,-1.2499,0.4853,106,-0.811623376623377
2026-06-04,"ATL @ IND","1Q","IND","1Q IND",2026-06-04 14:51:27.472723,"dk",0.5238,-110,-0.0216,-0.0227,-1.1361,0.5022,-101,-0.737727272727273
2026-06-04,"ATL @ IND","1Q","IND","1Q IND",2026-06-04 14:51:27.472723,"fd",0.5614,-128,-0.0571,-0.0651,-3.2574,0.5043,-102,-2.11519480519481
2026-06-04,"ATL @ IND","1Q","ATL","1Q ATL",2026-06-04 14:51:27.472723,"dk",0.5556,-125,-0.0577,-0.0649,-3.247,0.4978,101,-2.10844155844156
2026-06-04,"ATL @ IND","1Q","ATL","1Q ATL",2026-06-04 14:51:27.472723,"fd",0.505,-102,-0.0092,-0.0093,-0.4649,0.4957,102,-0.301883116883117
2026-06-04,"GSV @ MIN","1Q","GSV","1Q GSV",2026-06-04 14:51:27.472723,"dk",0.5918,-145,-0.0833,-0.1021,-5.1044,0.5085,-103,-3.31454545454545
2026-06-04,"GSV @ MIN","1Q","GSV","1Q GSV",2026-06-04 14:51:27.472723,"fd",0.5556,-125,-0.0409,-0.046,-2.2979,0.5147,-106,-1.49214285714286
2026-06-04,"GSV @ MIN","1Q","MIN","1Q MIN",2026-06-04 15:21:44.447476,"dk",0.4878,105,0.0037,0.0036,0.1804,0.4915,103,0.117142857142857
2026-06-04,"GSV @ MIN","1Q","MIN","1Q MIN",2026-06-04 15:21:44.447476,"fd",0.505,-102,-0.0197,-0.0199,-0.9926,0.4853,106,-0.644545454545455
2026-06-04,"ATL @ IND","1Q","IND","1Q IND",2026-06-04 15:21:44.447476,"dk",0.5238,-110,-0.0216,-0.0227,-1.1361,0.5022,-101,-0.737727272727273
2026-06-04,"ATL @ IND","1Q","IND","1Q IND",2026-06-04 15:21:44.447476,"fd",0.5614,-128,-0.0571,-0.0651,-3.2574,0.5043,-102,-2.11519480519481
2026-06-04,"ATL @ IND","1Q","ATL","1Q ATL",2026-06-04 15:21:44.447476,"dk",0.5556,-125,-0.0577,-0.0649,-3.247,0.4978,101,-2.10844155844156
2026-06-04,"ATL @ IND","1Q","ATL","1Q ATL",2026-06-04 15:21:44.447476,"fd",0.505,-102,-0.0092,-0.0093,-0.4649,0.4957,102,-0.301883116883117
2026-06-04,"GSV @ MIN","1Q","GSV","1Q GSV",2026-06-04 15:21:44.447476,"dk",0.5918,-145,-0.0833,-0.1021,-5.1044,0.5085,-103,-3.31454545454545
2026-06-04,"GSV @ MIN","1Q","GSV","1Q GSV",2026-06-04 15:21:44.447476,"fd",0.5556,-125,-0.0409,-0.046,-2.2979,0.5147,-106,-1.49214285714286
2026-06-04,"GSV @ MIN","1Q","MIN","1Q MIN",2026-06-04 15:51:39.178664,"dk",0.4878,105,0.0037,0.0036,0.1804,0.4915,103,0.117142857142857
2026-06-04,"GSV @ MIN","1Q","MIN","1Q MIN",2026-06-04 15:51:39.178664,"fd",0.505,-102,-0.0197,-0.0199,-0.9926,0.4853,106,-0.644545454545455
2026-06-04,"ATL @ IND","1Q","IND","1Q IND",2026-06-04 15:51:39.178664,"dk",0.5238,-110,-0.0216,-0.0227,-1.1361,0.5022,-101,-0.737727272727273
2026-06-04,"ATL @ IND","1Q","IND","1Q IND",2026-06-04 15:51:39.178664,"fd",0.5614,-128,-0.0571,-0.0651,-3.2574,0.5043,-102,-2.11519480519481
2026-06-04,"ATL @ IND","1Q","ATL","1Q ATL",2026-06-04 15:51:39.178664,"dk",0.5556,-125,-0.0577,-0.0649,-3.247,0.4978,101,-2.10844155844156
2026-06-04,"ATL @ IND","1Q","ATL","1Q ATL",2026-06-04 15:51:39.178664,"fd",0.505,-102,-0.0092,-0.0093,-0.4649,0.4957,102,-0.301883116883117
2026-06-04,"GSV @ MIN","1Q","GSV","1Q GSV",2026-06-04 15:51:39.178664,"dk",0.5918,-145,-0.0833,-0.1021,-5.1044,0.5085,-103,-3.31454545454545
2026-06-04,"GSV @ MIN","1Q","GSV","1Q GSV",2026-06-04 15:51:39.178664,"fd",0.5614,-128,-0.0467,-0.0532,-2.6618,0.5147,-106,-1.72844155844156
2026-06-04,"GSV @ MIN","1Q","MIN","1Q MIN",2026-06-04 16:21:32.543366,"dk",0.4878,105,0.0037,0.0036,0.1804,0.4915,103,0.117142857142857
2026-06-04,"GSV @ MIN","1Q","MIN","1Q MIN",2026-06-04 16:21:32.543366,"fd",0.505,-102,-0.0197,-0.0199,-0.9926,0.4853,106,-0.644545454545455
2026-06-04,"ATL @ IND","1Q","IND","1Q IND",2026-06-04 16:21:32.543366,"dk",0.5238,-110,-0.0216,-0.0227,-1.1361,0.5022,-101,-0.737727272727273
2026-06-04,"ATL @ IND","1Q","IND","1Q IND",2026-06-04 16:21:32.543366,"fd",0.5614,-128,-0.0571,-0.0651,-3.2574,0.5043,-102,-2.11519480519481
2026-06-04,"ATL @ IND","1Q","ATL","1Q ATL",2026-06-04 16:21:32.543366,"dk",0.5556,-125,-0.0577,-0.0649,-3.247,0.4978,101,-2.10844155844156
2026-06-04,"ATL @ IND","1Q","ATL","1Q ATL",2026-06-04 16:21:32.543366,"fd",0.505,-102,-0.0092,-0.0093,-0.4649,0.4957,102,-0.301883116883117
2026-06-04,"GSV @ MIN","1Q","GSV","1Q GSV",2026-06-04 16:21:32.543366,"dk",0.5918,-145,-0.0833,-0.1021,-5.1044,0.5085,-103,-3.31454545454545
2026-06-04,"GSV @ MIN","1Q","GSV","1Q GSV",2026-06-04 16:21:32.543366,"fd",0.5614,-128,-0.0467,-0.0532,-2.6618,0.5147,-106,-1.72844155844156
2026-06-04,"GSV @ MIN","1Q","MIN","1Q MIN",2026-06-04 16:51:28.064321,"dk",0.4878,105,0.0037,0.0036,0.1804,0.4915,103,0.117142857142857
2026-06-04,"GSV @ MIN","1Q","MIN","1Q MIN",2026-06-04 16:51:28.064321,"fd",0.505,-102,-0.0197,-0.0199,-0.9926,0.4853,106,-0.644545454545455
2026-06-04,"ATL @ IND","1Q","IND","1Q IND",2026-06-04 16:51:28.064321,"dk",0.5238,-110,-0.0216,-0.0227,-1.1361,0.5022,-101,-0.737727272727273
2026-06-04,"ATL @ IND","1Q","IND","1Q IND",2026-06-04 16:51:28.064321,"fd",0.5614,-128,-0.0571,-0.0651,-3.2574,0.5043,-102,-2.11519480519481
2026-06-04,"ATL @ IND","1Q","ATL","1Q ATL",2026-06-04 16:51:28.064321,"dk",0.5556,-125,-0.0577,-0.0649,-3.247,0.4978,101,-2.10844155844156
2026-06-04,"ATL @ IND","1Q","ATL","1Q ATL",2026-06-04 16:51:28.064321,"fd",0.505,-102,-0.0092,-0.0093,-0.4649,0.4957,102,-0.301883116883117
2026-06-04,"GSV @ MIN","1Q","GSV","1Q GSV",2026-06-04 16:51:28.064321,"dk",0.5918,-145,-0.0833,-0.1021,-5.1044,0.5085,-103,-3.31454545454545
2026-06-04,"GSV @ MIN","1Q","GSV","1Q GSV",2026-06-04 16:51:28.064321,"fd",0.5614,-128,-0.0467,-0.0532,-2.6618,0.5147,-106,-1.72844155844156
2026-06-04,"GSV @ MIN","1Q","MIN","1Q MIN",2026-06-04 17:20:59.941471,"dk",0.4878,105,0.0037,0.0036,0.1804,0.4915,103,0.117142857142857
2026-06-04,"GSV @ MIN","1Q","MIN","1Q MIN",2026-06-04 17:20:59.941471,"fd",0.505,-102,-0.0197,-0.0199,-0.9926,0.4853,106,-0.644545454545455
2026-06-04,"ATL @ IND","1Q","IND","1Q IND",2026-06-04 17:20:59.941471,"dk",0.5238,-110,-0.0216,-0.0227,-1.1361,0.5022,-101,-0.737727272727273
2026-06-04,"ATL @ IND","1Q","IND","1Q IND",2026-06-04 17:20:59.941471,"fd",0.5614,-128,-0.0571,-0.0651,-3.2574,0.5043,-102,-2.11519480519481
2026-06-04,"ATL @ IND","1Q","ATL","1Q ATL",2026-06-04 17:20:59.941471,"dk",0.5556,-125,-0.0577,-0.0649,-3.247,0.4978,101,-2.10844155844156
2026-06-04,"ATL @ IND","1Q","ATL","1Q ATL",2026-06-04 17:20:59.941471,"fd",0.505,-102,-0.0092,-0.0093,-0.4649,0.4957,102,-0.301883116883117
2026-06-04,"GSV @ MIN","1Q","GSV","1Q GSV",2026-06-04 17:20:59.941471,"dk",0.5918,-145,-0.0833,-0.1021,-5.1044,0.5085,-103,-3.31454545454545
2026-06-04,"GSV @ MIN","1Q","GSV","1Q GSV",2026-06-04 17:20:59.941471,"fd",0.5614,-128,-0.0467,-0.0532,-2.6618,0.5147,-106,-1.72844155844156
2026-06-04,"GSV @ MIN","1Q","MIN","1Q MIN",2026-06-04 17:51:07.490719,"dk",0.4878,105,0.0037,0.0036,0.1804,0.4915,103,0.117142857142857
2026-06-04,"GSV @ MIN","1Q","MIN","1Q MIN",2026-06-04 17:51:07.490719,"fd",0.505,-102,-0.0197,-0.0199,-0.9926,0.4853,106,-0.644545454545455
2026-06-04,"ATL @ IND","1Q","IND","1Q IND",2026-06-04 17:51:07.490719,"dk",0.5238,-110,-0.0216,-0.0227,-1.1361,0.5022,-101,-0.737727272727273
2026-06-04,"ATL @ IND","1Q","IND","1Q IND",2026-06-04 17:51:07.490719,"fd",0.5614,-128,-0.0571,-0.0651,-3.2574,0.5043,-102,-2.11519480519481
2026-06-04,"ATL @ IND","1Q","ATL","1Q ATL",2026-06-04 17:51:07.490719,"dk",0.5556,-125,-0.0577,-0.0649,-3.247,0.4978,101,-2.10844155844156
2026-06-04,"ATL @ IND","1Q","ATL","1Q ATL",2026-06-04 17:51:07.490719,"fd",0.505,-102,-0.0092,-0.0093,-0.4649,0.4957,102,-0.301883116883117
2026-06-04,"GSV @ MIN","1Q","GSV","1Q GSV",2026-06-04 17:51:07.490719,"dk",0.5918,-145,-0.0833,-0.1021,-5.1044,0.5085,-103,-3.31454545454545
2026-06-04,"GSV @ MIN","1Q","GSV","1Q GSV",2026-06-04 17:51:07.490719,"fd",0.5614,-128,-0.0467,-0.0532,-2.6618,0.5147,-106,-1.72844155844156
2026-06-04,"GSV @ MIN","1Q","MIN","1Q MIN",2026-06-04 18:21:03.73799,"dk",0.4878,105,0.0037,0.0036,0.1804,0.4915,103,0.117142857142857
2026-06-04,"GSV @ MIN","1Q","MIN","1Q MIN",2026-06-04 18:21:03.73799,"fd",0.505,-102,-0.0197,-0.0199,-0.9926,0.4853,106,-0.644545454545455
2026-06-04,"ATL @ IND","1Q","IND","1Q IND",2026-06-04 18:21:03.73799,"dk",0.5238,-110,-0.0216,-0.0227,-1.1361,0.5022,-101,-0.737727272727273
2026-06-04,"ATL @ IND","1Q","IND","1Q IND",2026-06-04 18:21:03.73799,"fd",0.5614,-128,-0.0571,-0.0651,-3.2574,0.5043,-102,-2.11519480519481
2026-06-04,"ATL @ IND","1Q","ATL","1Q ATL",2026-06-04 18:21:03.73799,"dk",0.5556,-125,-0.0577,-0.0649,-3.247,0.4978,101,-2.10844155844156
2026-06-04,"ATL @ IND","1Q","ATL","1Q ATL",2026-06-04 18:21:03.73799,"fd",0.505,-102,-0.0092,-0.0093,-0.4649,0.4957,102,-0.301883116883117
2026-06-04,"GSV @ MIN","1Q","GSV","1Q GSV",2026-06-04 18:21:03.73799,"dk",0.5918,-145,-0.0833,-0.1021,-5.1044,0.5085,-103,-3.31454545454545
2026-06-04,"GSV @ MIN","1Q","GSV","1Q GSV",2026-06-04 18:21:03.73799,"fd",0.5614,-128,-0.0467,-0.0532,-2.6618,0.5147,-106,-1.72844155844156
2026-06-04,"GSV @ MIN","1Q","MIN","1Q MIN",2026-06-04 18:51:23.404402,"dk",0.4878,105,0.0037,0.0036,0.1804,0.4915,103,0.117142857142857
2026-06-04,"GSV @ MIN","1Q","MIN","1Q MIN",2026-06-04 18:51:23.404402,"fd",0.505,-102,-0.0197,-0.0199,-0.9926,0.4853,106,-0.644545454545455
2026-06-04,"ATL @ IND","1Q","IND","1Q IND",2026-06-04 18:51:23.404402,"dk",0.5238,-110,-0.0216,-0.0227,-1.1361,0.5022,-101,-0.737727272727273
2026-06-04,"ATL @ IND","1Q","IND","1Q IND",2026-06-04 18:51:23.404402,"fd",0.5614,-128,-0.0571,-0.0651,-3.2574,0.5043,-102,-2.11519480519481
2026-06-04,"ATL @ IND","1Q","ATL","1Q ATL",2026-06-04 18:51:23.404402,"dk",0.5556,-125,-0.0577,-0.0649,-3.247,0.4978,101,-2.10844155844156
2026-06-04,"ATL @ IND","1Q","ATL","1Q ATL",2026-06-04 18:51:23.404402,"fd",0.505,-102,-0.0092,-0.0093,-0.4649,0.4957,102,-0.301883116883117
2026-06-04,"GSV @ MIN","1Q","GSV","1Q GSV",2026-06-04 18:51:23.404402,"dk",0.5918,-145,-0.0833,-0.1021,-5.1044,0.5085,-103,-3.31454545454545
2026-06-04,"GSV @ MIN","1Q","GSV","1Q GSV",2026-06-04 18:51:23.404402,"fd",0.5614,-128,-0.0467,-0.0532,-2.6618,0.5147,-106,-1.72844155844156
2026-06-04,"GSV @ MIN","1Q","MIN","1Q MIN",2026-06-04 19:20:45.177198,"dk",0.4878,105,0.0037,0.0036,0.1804,0.4915,103,0.117142857142857
2026-06-04,"GSV @ MIN","1Q","MIN","1Q MIN",2026-06-04 19:20:45.177198,"fd",0.505,-102,-0.0197,-0.0199,-0.9926,0.4853,106,-0.644545454545455
2026-06-04,"ATL @ IND","1Q","IND","1Q IND",2026-06-04 19:20:45.177198,"dk",0.5238,-110,-0.0216,-0.0227,-1.1361,0.5022,-101,-0.737727272727273
2026-06-04,"ATL @ IND","1Q","IND","1Q IND",2026-06-04 19:20:45.177198,"fd",0.5614,-128,-0.0571,-0.0651,-3.2574,0.5043,-102,-2.11519480519481
2026-06-04,"ATL @ IND","1Q","ATL","1Q ATL",2026-06-04 19:20:45.177198,"dk",0.5556,-125,-0.0577,-0.0649,-3.247,0.4978,101,-2.10844155844156
2026-06-04,"ATL @ IND","1Q","ATL","1Q ATL",2026-06-04 19:20:45.177198,"fd",0.505,-102,-0.0092,-0.0093,-0.4649,0.4957,102,-0.301883116883117
2026-06-04,"GSV @ MIN","1Q","GSV","1Q GSV",2026-06-04 19:20:45.177198,"dk",0.5918,-145,-0.0833,-0.1021,-5.1044,0.5085,-103,-3.31454545454545
2026-06-04,"GSV @ MIN","1Q","GSV","1Q GSV",2026-06-04 19:20:45.177198,"fd",0.5614,-128,-0.0467,-0.0532,-2.6618,0.5147,-106,-1.72844155844156
2026-06-04,"GSV @ MIN","1Q","MIN","1Q MIN",2026-06-04 19:50:43.2231,"dk",0.4878,105,0.0037,0.0036,0.1804,0.4915,103,0.117142857142857
2026-06-04,"GSV @ MIN","1Q","MIN","1Q MIN",2026-06-04 19:50:43.2231,"fd",0.505,-102,-0.0197,-0.0199,-0.9926,0.4853,106,-0.644545454545455
2026-06-04,"ATL @ IND","1Q","IND","1Q IND",2026-06-04 19:50:43.2231,"dk",0.5238,-110,-0.0216,-0.0227,-1.1361,0.5022,-101,-0.737727272727273
2026-06-04,"ATL @ IND","1Q","IND","1Q IND",2026-06-04 19:50:43.2231,"fd",0.5556,-125,-0.0513,-0.0577,-2.8856,0.5043,-102,-1.87376623376623
2026-06-04,"ATL @ IND","1Q","ATL","1Q ATL",2026-06-04 19:50:43.2231,"dk",0.5556,-125,-0.0577,-0.0649,-3.247,0.4978,101,-2.10844155844156
2026-06-04,"ATL @ IND","1Q","ATL","1Q ATL",2026-06-04 19:50:43.2231,"fd",0.505,-102,-0.0092,-0.0093,-0.4649,0.4957,102,-0.301883116883117
2026-06-04,"GSV @ MIN","1Q","GSV","1Q GSV",2026-06-04 19:50:43.2231,"dk",0.5918,-145,-0.0833,-0.1021,-5.1044,0.5085,-103,-3.31454545454545
2026-06-04,"GSV @ MIN","1Q","GSV","1Q GSV",2026-06-04 19:50:43.2231,"fd",0.5614,-128,-0.0467,-0.0532,-2.6618,0.5147,-106,-1.72844155844156
2026-06-04,"GSV @ MIN","1Q","MIN","1Q MIN",2026-06-04 20:21:38.661543,"dk",0.4878,105,0.0037,0.0036,0.1804,0.4915,103,0.117142857142857
2026-06-04,"GSV @ MIN","1Q","MIN","1Q MIN",2026-06-04 20:21:38.661543,"fd",0.5098,-104,-0.0245,-0.025,-1.2499,0.4853,106,-0.811623376623377
2026-06-04,"ATL @ IND","1Q","IND","1Q IND",2026-06-04 20:21:38.661543,"dk",0.5238,-110,-0.0216,-0.0227,-1.1361,0.5022,-101,-0.737727272727273
2026-06-04,"ATL @ IND","1Q","IND","1Q IND",2026-06-04 20:21:38.661543,"fd",0.5614,-128,-0.0571,-0.0651,-3.2574,0.5043,-102,-2.11519480519481
2026-06-04,"ATL @ IND","1Q","ATL","1Q ATL",2026-06-04 20:21:38.661543,"dk",0.5556,-125,-0.0577,-0.0649,-3.247,0.4978,101,-2.10844155844156
2026-06-04,"ATL @ IND","1Q","ATL","1Q ATL",2026-06-04 20:21:38.661543,"fd",0.505,-102,-0.0092,-0.0093,-0.4649,0.4957,102,-0.301883116883117
2026-06-04,"GSV @ MIN","1Q","GSV","1Q GSV",2026-06-04 20:21:38.661543,"dk",0.5918,-145,-0.0833,-0.1021,-5.1044,0.5085,-103,-3.31454545454545
2026-06-04,"GSV @ MIN","1Q","GSV","1Q GSV",2026-06-04 20:21:38.661543,"fd",0.5556,-125,-0.0409,-0.046,-2.2979,0.5147,-106,-1.49214285714286
2026-06-04,"GSV @ MIN","1Q","MIN","1Q MIN",2026-06-04 20:51:37.365253,"dk",0.4878,105,0.0037,0.0036,0.1804,0.4915,103,0.117142857142857
2026-06-04,"GSV @ MIN","1Q","MIN","1Q MIN",2026-06-04 20:51:37.365253,"fd",0.5098,-104,-0.0245,-0.025,-1.2499,0.4853,106,-0.811623376623377
2026-06-04,"ATL @ IND","1Q","IND","1Q IND",2026-06-04 20:51:37.365253,"dk",0.5238,-110,-0.0216,-0.0227,-1.1361,0.5022,-101,-0.737727272727273
2026-06-04,"ATL @ IND","1Q","IND","1Q IND",2026-06-04 20:51:37.365253,"fd",0.5614,-128,-0.0571,-0.0651,-3.2574,0.5043,-102,-2.11519480519481
2026-06-04,"ATL @ IND","1Q","ATL","1Q ATL",2026-06-04 20:51:37.365253,"dk",0.5556,-125,-0.0577,-0.0649,-3.247,0.4978,101,-2.10844155844156
2026-06-04,"ATL @ IND","1Q","ATL","1Q ATL",2026-06-04 20:51:37.365253,"fd",0.505,-102,-0.0092,-0.0093,-0.4649,0.4957,102,-0.301883116883117
2026-06-04,"GSV @ MIN","1Q","GSV","1Q GSV",2026-06-04 20:51:37.365253,"dk",0.5918,-145,-0.0833,-0.1021,-5.1044,0.5085,-103,-3.31454545454545
2026-06-04,"GSV @ MIN","1Q","GSV","1Q GSV",2026-06-04 20:51:37.365253,"fd",0.5556,-125,-0.0409,-0.046,-2.2979,0.5147,-106,-1.49214285714286
2026-06-04,"GSV @ MIN","1Q","MIN","1Q MIN",2026-06-04 21:21:48.324678,"dk",0.4878,105,0.0037,0.0036,0.1804,0.4915,103,0.117142857142857
2026-06-04,"GSV @ MIN","1Q","MIN","1Q MIN",2026-06-04 21:21:48.324678,"fd",0.5098,-104,-0.0245,-0.025,-1.2499,0.4853,106,-0.811623376623377
2026-06-04,"ATL @ IND","1Q","IND","1Q IND",2026-06-04 21:21:48.324678,"dk",0.5238,-110,-0.0216,-0.0227,-1.1361,0.5022,-101,-0.737727272727273
2026-06-04,"ATL @ IND","1Q","IND","1Q IND",2026-06-04 21:21:48.324678,"fd",0.5614,-128,-0.0571,-0.0651,-3.2574,0.5043,-102,-2.11519480519481
2026-06-04,"ATL @ IND","1Q","ATL","1Q ATL",2026-06-04 21:21:48.324678,"dk",0.5556,-125,-0.0577,-0.0649,-3.247,0.4978,101,-2.10844155844156
2026-06-04,"ATL @ IND","1Q","ATL","1Q ATL",2026-06-04 21:21:48.324678,"fd",0.505,-102,-0.0092,-0.0093,-0.4649,0.4957,102,-0.301883116883117
2026-06-04,"GSV @ MIN","1Q","GSV","1Q GSV",2026-06-04 21:21:48.324678,"dk",0.5918,-145,-0.0833,-0.1021,-5.1044,0.5085,-103,-3.31454545454545
2026-06-04,"GSV @ MIN","1Q","GSV","1Q GSV",2026-06-04 21:21:48.324678,"fd",0.5556,-125,-0.0409,-0.046,-2.2979,0.5147,-106,-1.49214285714286
2026-06-04,"GSV @ MIN","1Q","MIN","1Q MIN",2026-06-04 21:50:48.389054,"dk",0.4878,105,0.0037,0.0036,0.1804,0.4915,103,0.117142857142857
2026-06-04,"GSV @ MIN","1Q","MIN","1Q MIN",2026-06-04 21:50:48.389054,"fd",0.505,-102,-0.0197,-0.0199,-0.9926,0.4853,106,-0.644545454545455
2026-06-04,"ATL @ IND","1Q","IND","1Q IND",2026-06-04 21:50:48.389054,"dk",0.5238,-110,-0.0216,-0.0227,-1.1361,0.5022,-101,-0.737727272727273
2026-06-04,"ATL @ IND","1Q","IND","1Q IND",2026-06-04 21:50:48.389054,"fd",0.5614,-128,-0.0571,-0.0651,-3.2574,0.5043,-102,-2.11519480519481
2026-06-04,"ATL @ IND","1Q","ATL","1Q ATL",2026-06-04 21:50:48.389054,"dk",0.5556,-125,-0.0577,-0.0649,-3.247,0.4978,101,-2.10844155844156
2026-06-04,"ATL @ IND","1Q","ATL","1Q ATL",2026-06-04 21:50:48.389054,"fd",0.505,-102,-0.0092,-0.0093,-0.4649,0.4957,102,-0.301883116883117
2026-06-04,"GSV @ MIN","1Q","GSV","1Q GSV",2026-06-04 21:50:48.389054,"dk",0.5918,-145,-0.0833,-0.1021,-5.1044,0.5085,-103,-3.31454545454545
2026-06-04,"GSV @ MIN","1Q","GSV","1Q GSV",2026-06-04 21:50:48.389054,"fd",0.5614,-128,-0.0467,-0.0532,-2.6618,0.5147,-106,-1.72844155844156
2026-06-04,"GSV @ MIN","1Q","MIN","1Q MIN",2026-06-04 22:21:26.17264,"dk",0.4878,105,0.0037,0.0036,0.1804,0.4915,103,0.117142857142857
2026-06-04,"GSV @ MIN","1Q","MIN","1Q MIN",2026-06-04 22:21:26.17264,"fd",0.505,-102,-0.0197,-0.0199,-0.9926,0.4853,106,-0.644545454545455
2026-06-04,"ATL @ IND","1Q","IND","1Q IND",2026-06-04 22:21:26.17264,"dk",0.5238,-110,-0.0216,-0.0227,-1.1361,0.5022,-101,-0.737727272727273
2026-06-04,"ATL @ IND","1Q","IND","1Q IND",2026-06-04 22:21:26.17264,"fd",0.5614,-128,-0.0571,-0.0651,-3.2574,0.5043,-102,-2.11519480519481
2026-06-04,"ATL @ IND","1Q","ATL","1Q ATL",2026-06-04 22:21:26.17264,"dk",0.5556,-125,-0.0577,-0.0649,-3.247,0.4978,101,-2.10844155844156
2026-06-04,"ATL @ IND","1Q","ATL","1Q ATL",2026-06-04 22:21:26.17264,"fd",0.505,-102,-0.0092,-0.0093,-0.4649,0.4957,102,-0.301883116883117
2026-06-04,"GSV @ MIN","1Q","GSV","1Q GSV",2026-06-04 22:21:26.17264,"dk",0.5918,-145,-0.0833,-0.1021,-5.1044,0.5085,-103,-3.31454545454545
2026-06-04,"GSV @ MIN","1Q","GSV","1Q GSV",2026-06-04 22:21:26.17264,"fd",0.5614,-128,-0.0467,-0.0532,-2.6618,0.5147,-106,-1.72844155844156
2026-06-04,"GSV @ MIN","1Q","MIN","1Q MIN",2026-06-04 22:51:04.927448,"dk",0.4878,105,0.0037,0.0036,0.1804,0.4915,103,0.117142857142857
2026-06-04,"GSV @ MIN","1Q","MIN","1Q MIN",2026-06-04 22:51:04.927448,"fd",0.505,-102,-0.0197,-0.0199,-0.9926,0.4853,106,-0.644545454545455
2026-06-04,"ATL @ IND","1Q","IND","1Q IND",2026-06-04 22:51:04.927448,"dk",0.5238,-110,-0.0216,-0.0227,-1.1361,0.5022,-101,-0.737727272727273
2026-06-04,"ATL @ IND","1Q","IND","1Q IND",2026-06-04 22:51:04.927448,"fd",0.5614,-128,-0.0571,-0.0651,-3.2574,0.5043,-102,-2.11519480519481
2026-06-04,"ATL @ IND","1Q","ATL","1Q ATL",2026-06-04 22:51:04.927448,"dk",0.5556,-125,-0.0577,-0.0649,-3.247,0.4978,101,-2.10844155844156
2026-06-04,"ATL @ IND","1Q","ATL","1Q ATL",2026-06-04 22:51:04.927448,"fd",0.505,-102,-0.0092,-0.0093,-0.4649,0.4957,102,-0.301883116883117
2026-06-04,"GSV @ MIN","1Q","GSV","1Q GSV",2026-06-04 22:51:04.927448,"dk",0.5918,-145,-0.0833,-0.1021,-5.1044,0.5085,-103,-3.31454545454545
2026-06-04,"GSV @ MIN","1Q","GSV","1Q GSV",2026-06-04 22:51:04.927448,"fd",0.5614,-128,-0.0467,-0.0532,-2.6618,0.5147,-106,-1.72844155844156
2026-06-04,"GSV @ MIN","1Q","MIN","1Q MIN",2026-06-04 23:21:39.351331,"dk",0.4878,105,0.0037,0.0036,0.1804,0.4915,103,0.117142857142857
2026-06-04,"GSV @ MIN","1Q","MIN","1Q MIN",2026-06-04 23:21:39.351331,"fd",0.505,-102,-0.0197,-0.0199,-0.9926,0.4853,106,-0.644545454545455
2026-06-04,"ATL @ IND","1Q","IND","1Q IND",2026-06-04 23:21:39.351331,"dk",0.5238,-110,-0.0216,-0.0227,-1.1361,0.5022,-101,-0.737727272727273
2026-06-04,"ATL @ IND","1Q","IND","1Q IND",2026-06-04 23:21:39.351331,"fd",0.5614,-128,-0.0571,-0.0651,-3.2574,0.5043,-102,-2.11519480519481
2026-06-04,"ATL @ IND","1Q","ATL","1Q ATL",2026-06-04 23:21:39.351331,"dk",0.5556,-125,-0.0577,-0.0649,-3.247,0.4978,101,-2.10844155844156
2026-06-04,"ATL @ IND","1Q","ATL","1Q ATL",2026-06-04 23:21:39.351331,"fd",0.505,-102,-0.0092,-0.0093,-0.4649,0.4957,102,-0.301883116883117
2026-06-04,"GSV @ MIN","1Q","GSV","1Q GSV",2026-06-04 23:21:39.351331,"dk",0.5918,-145,-0.0833,-0.1021,-5.1044,0.5085,-103,-3.31454545454545
2026-06-04,"GSV @ MIN","1Q","GSV","1Q GSV",2026-06-04 23:21:39.351331,"fd",0.5614,-128,-0.0467,-0.0532,-2.6618,0.5147,-106,-1.72844155844156
2026-06-04,"GSV @ MIN","1Q","MIN","1Q MIN",2026-06-04 23:51:15.493045,"dk",0.4878,105,0.0037,0.0036,0.1804,0.4915,103,0.117142857142857
2026-06-04,"GSV @ MIN","1Q","MIN","1Q MIN",2026-06-04 23:51:15.493045,"fd",0.505,-102,-0.0197,-0.0199,-0.9926,0.4853,106,-0.644545454545455
2026-06-04,"GSV @ MIN","1Q","GSV","1Q GSV",2026-06-04 23:51:15.493045,"dk",0.5918,-145,-0.0833,-0.1021,-5.1044,0.5085,-103,-3.31454545454545
2026-06-04,"GSV @ MIN","1Q","GSV","1Q GSV",2026-06-04 23:51:15.493045,"fd",0.5614,-128,-0.0467,-0.0532,-2.6618,0.5147,-106,-1.72844155844156
2026-06-04,"GSV @ MIN","1Q","MIN","1Q MIN",2026-06-05 00:20:54.829523,"dk",0.4878,105,0.0037,0.0036,0.1804,0.4915,103,0.117142857142857
2026-06-04,"GSV @ MIN","1Q","MIN","1Q MIN",2026-06-05 00:20:54.829523,"fd",0.505,-102,-0.0197,-0.0199,-0.9926,0.4853,106,-0.644545454545455
2026-06-04,"GSV @ MIN","1Q","GSV","1Q GSV",2026-06-05 00:20:54.829523,"dk",0.5918,-145,-0.0833,-0.1021,-5.1044,0.5085,-103,-3.31454545454545
2026-06-04,"GSV @ MIN","1Q","GSV","1Q GSV",2026-06-05 00:20:54.829523,"fd",0.5614,-128,-0.0467,-0.0532,-2.6618,0.5147,-106,-1.72844155844156
2026-06-04,"GSV @ MIN","1Q","MIN","1Q MIN",2026-06-05 00:51:35.716663,"dk",0.4878,105,0.0037,0.0036,0.1804,0.4915,103,0.117142857142857
2026-06-04,"GSV @ MIN","1Q","MIN","1Q MIN",2026-06-05 00:51:35.716663,"fd",0.505,-102,-0.0197,-0.0199,-0.9926,0.4853,106,-0.644545454545455
2026-06-04,"GSV @ MIN","1Q","GSV","1Q GSV",2026-06-05 00:51:35.716663,"dk",0.5918,-145,-0.0833,-0.1021,-5.1044,0.5085,-103,-3.31454545454545
2026-06-04,"GSV @ MIN","1Q","GSV","1Q GSV",2026-06-05 00:51:35.716663,"fd",0.5614,-128,-0.0467,-0.0532,-2.6618,0.5147,-106,-1.72844155844156
2026-06-04,"GSV @ MIN","1Q","MIN","1Q MIN",2026-06-05 01:21:18.314914,"dk",0.4878,105,0.0037,0.0036,0.1804,0.4915,103,0.117142857142857
2026-06-04,"GSV @ MIN","1Q","MIN","1Q MIN",2026-06-05 01:21:18.314914,"fd",0.505,-102,-0.0197,-0.0199,-0.9926,0.4853,106,-0.644545454545455
2026-06-04,"GSV @ MIN","1Q","GSV","1Q GSV",2026-06-05 01:21:18.314914,"dk",0.5918,-145,-0.0833,-0.1021,-5.1044,0.5085,-103,-3.31454545454545
2026-06-04,"GSV @ MIN","1Q","GSV","1Q GSV",2026-06-05 01:21:18.314914,"fd",0.5614,-128,-0.0467,-0.0532,-2.6618,0.5147,-106,-1.72844155844156
2026-06-05,"PHX @ PDX","1Q","PHX","1Q PHX",2026-06-05 14:35:04.440977,"dk",0.5918,-145,-0.0644,-0.0789,-3.9456,0.5274,-112,-2.56207792207792
2026-06-05,"PHX @ PDX","1Q","PHX","1Q PHX",2026-06-05 14:35:04.440977,"fd",0.5745,-135,-0.0369,-0.0434,-2.1698,0.5375,-116,-1.40896103896104
2026-06-05,"DAL @ LAS","1Q","LAS","1Q LAS",2026-06-05 14:35:04.440977,"dk",0.5349,-115,-0.03,-0.0322,-1.6104,0.5049,-102,-1.04571428571429
2026-06-05,"DAL @ LAS","1Q","LAS","1Q LAS",2026-06-05 14:35:04.440977,"fd",0.5413,-118,-0.0339,-0.037,-1.8496,0.5073,-103,-1.20103896103896
2026-06-05,"CON @ CHI","1Q","CON","1Q CON",2026-06-05 14:35:04.440977,"dk",0.5833,-140,-0.0519,-0.0622,-3.1112,0.5315,-113,-2.02025974025974
2026-06-05,"CON @ CHI","1Q","CON","1Q CON",2026-06-05 14:35:04.440977,"fd",0.5902,-144,-0.0528,-0.0645,-3.2228,0.5373,-116,-2.09272727272727
2026-06-05,"DAL @ LAS","1Q","DAL","1Q DAL",2026-06-05 14:35:04.440977,"dk",0.5349,-115,-0.0398,-0.0428,-2.1396,0.4951,102,-1.38935064935065
2026-06-05,"DAL @ LAS","1Q","DAL","1Q DAL",2026-06-05 14:35:04.440977,"fd",0.5238,-110,-0.0312,-0.0327,-1.6357,0.4927,103,-1.06214285714286
2026-06-05,"PHX @ PDX","1Q","PDX","1Q PDX",2026-06-05 14:35:04.440977,"dk",0.4878,105,-0.0152,-0.0149,-0.743,0.4726,112,-0.482467532467532
2026-06-05,"PHX @ PDX","1Q","PDX","1Q PDX",2026-06-05 14:35:04.440977,"fd",0.4902,104,-0.0277,-0.0272,-1.3599,0.4625,116,-0.883051948051948
2026-06-05,"CON @ CHI","1Q","CHI","1Q CHI",2026-06-05 14:35:04.440977,"dk",0.4878,105,-0.0193,-0.0188,-0.9413,0.4685,113,-0.611233766233766
2026-06-05,"CON @ CHI","1Q","CHI","1Q CHI",2026-06-05 14:35:04.440977,"fd",0.4762,110,-0.0135,-0.0129,-0.6454,0.4627,116,-0.419090909090909
2026-06-05,"PHX @ PDX","1Q","PHX","1Q PHX",2026-06-05 14:59:13.177905,"dk",0.5918,-145,-0.0644,-0.0789,-3.9456,0.5274,-112,-2.56207792207792
2026-06-05,"PHX @ PDX","1Q","PHX","1Q PHX",2026-06-05 14:59:13.177905,"fd",0.5745,-135,-0.0369,-0.0434,-2.1698,0.5375,-116,-1.40896103896104
2026-06-05,"DAL @ LAS","1Q","LAS","1Q LAS",2026-06-05 14:59:13.177905,"dk",0.5349,-115,-0.03,-0.0322,-1.6104,0.5049,-102,-1.04571428571429
2026-06-05,"DAL @ LAS","1Q","LAS","1Q LAS",2026-06-05 14:59:13.177905,"fd",0.5413,-118,-0.0339,-0.037,-1.8496,0.5073,-103,-1.20103896103896
2026-06-05,"CON @ CHI","1Q","CON","1Q CON",2026-06-05 14:59:13.177905,"dk",0.5833,-140,-0.0519,-0.0622,-3.1112,0.5315,-113,-2.02025974025974
2026-06-05,"CON @ CHI","1Q","CON","1Q CON",2026-06-05 14:59:13.177905,"fd",0.5902,-144,-0.0528,-0.0645,-3.2228,0.5373,-116,-2.09272727272727
2026-06-05,"DAL @ LAS","1Q","DAL","1Q DAL",2026-06-05 14:59:13.177905,"dk",0.5349,-115,-0.0398,-0.0428,-2.1396,0.4951,102,-1.38935064935065
2026-06-05,"DAL @ LAS","1Q","DAL","1Q DAL",2026-06-05 14:59:13.177905,"fd",0.5238,-110,-0.0312,-0.0327,-1.6357,0.4927,103,-1.06214285714286
2026-06-05,"PHX @ PDX","1Q","PDX","1Q PDX",2026-06-05 14:59:13.177905,"dk",0.4878,105,-0.0152,-0.0149,-0.743,0.4726,112,-0.482467532467532
2026-06-05,"PHX @ PDX","1Q","PDX","1Q PDX",2026-06-05 14:59:13.177905,"fd",0.4902,104,-0.0277,-0.0272,-1.3599,0.4625,116,-0.883051948051948
2026-06-05,"CON @ CHI","1Q","CHI","1Q CHI",2026-06-05 14:59:13.177905,"dk",0.4878,105,-0.0193,-0.0188,-0.9413,0.4685,113,-0.611233766233766
2026-06-05,"CON @ CHI","1Q","CHI","1Q CHI",2026-06-05 14:59:13.177905,"fd",0.4762,110,-0.0135,-0.0129,-0.6454,0.4627,116,-0.419090909090909
2026-06-05,"PHX @ PDX","1Q","PHX","1Q PHX",2026-06-05 15:36:53.663872,"dk",0.5918,-145,-0.0644,-0.0789,-3.9456,0.5274,-112,-2.56207792207792
2026-06-05,"PHX @ PDX","1Q","PHX","1Q PHX",2026-06-05 15:36:53.663872,"fd",0.5652,-130,-0.0283,-0.0325,-1.6248,0.537,-116,-1.05506493506494
2026-06-05,"DAL @ LAS","1Q","LAS","1Q LAS",2026-06-05 15:36:53.663872,"dk",0.5349,-115,-0.03,-0.0322,-1.6104,0.5049,-102,-1.04571428571429
2026-06-05,"DAL @ LAS","1Q","LAS","1Q LAS",2026-06-05 15:36:53.663872,"fd",0.5413,-118,-0.0339,-0.037,-1.8496,0.5073,-103,-1.20103896103896
2026-06-05,"CON @ CHI","1Q","CON","1Q CON",2026-06-05 15:36:53.663872,"dk",0.5833,-140,-0.0519,-0.0622,-3.1112,0.5315,-113,-2.02025974025974
2026-06-05,"CON @ CHI","1Q","CON","1Q CON",2026-06-05 15:36:53.663872,"fd",0.5902,-144,-0.0528,-0.0645,-3.2228,0.5373,-116,-2.09272727272727
2026-06-05,"DAL @ LAS","1Q","DAL","1Q DAL",2026-06-05 15:36:53.663872,"dk",0.5349,-115,-0.0398,-0.0428,-2.1396,0.4951,102,-1.38935064935065
2026-06-05,"DAL @ LAS","1Q","DAL","1Q DAL",2026-06-05 15:36:53.663872,"fd",0.5238,-110,-0.0312,-0.0327,-1.6357,0.4927,103,-1.06214285714286
2026-06-05,"PHX @ PDX","1Q","PDX","1Q PDX",2026-06-05 15:36:53.663872,"dk",0.4878,105,-0.0152,-0.0149,-0.743,0.4726,112,-0.482467532467532
2026-06-05,"PHX @ PDX","1Q","PDX","1Q PDX",2026-06-05 15:36:53.663872,"fd",0.5,100,-0.037,-0.037,-1.848,0.463,116,-1.2
2026-06-05,"CON @ CHI","1Q","CHI","1Q CHI",2026-06-05 15:36:53.663872,"dk",0.4878,105,-0.0193,-0.0188,-0.9413,0.4685,113,-0.611233766233766
2026-06-05,"CON @ CHI","1Q","CHI","1Q CHI",2026-06-05 15:36:53.663872,"fd",0.4762,110,-0.0135,-0.0129,-0.6454,0.4627,116,-0.419090909090909
2026-06-05,"PHX @ PDX","1Q","PHX","1Q PHX",2026-06-05 15:51:23.724778,"dk",0.5918,-145,-0.0644,-0.0789,-3.9456,0.5274,-112,-2.56207792207792
2026-06-05,"PHX @ PDX","1Q","PHX","1Q PHX",2026-06-05 15:51:23.724778,"fd",0.5652,-130,-0.0283,-0.0325,-1.6248,0.537,-116,-1.05506493506494
2026-06-05,"DAL @ LAS","1Q","LAS","1Q LAS",2026-06-05 15:51:23.724778,"dk",0.5349,-115,-0.03,-0.0322,-1.6104,0.5049,-102,-1.04571428571429
2026-06-05,"DAL @ LAS","1Q","LAS","1Q LAS",2026-06-05 15:51:23.724778,"fd",0.5413,-118,-0.0339,-0.037,-1.8496,0.5073,-103,-1.20103896103896
2026-06-05,"CON @ CHI","1Q","CON","1Q CON",2026-06-05 15:51:23.724778,"dk",0.5833,-140,-0.0519,-0.0622,-3.1112,0.5315,-113,-2.02025974025974
2026-06-05,"CON @ CHI","1Q","CON","1Q CON",2026-06-05 15:51:23.724778,"fd",0.5902,-144,-0.0528,-0.0645,-3.2228,0.5373,-116,-2.09272727272727
2026-06-05,"DAL @ LAS","1Q","DAL","1Q DAL",2026-06-05 15:51:23.724778,"dk",0.5349,-115,-0.0398,-0.0428,-2.1396,0.4951,102,-1.38935064935065
2026-06-05,"DAL @ LAS","1Q","DAL","1Q DAL",2026-06-05 15:51:23.724778,"fd",0.5238,-110,-0.0312,-0.0327,-1.6357,0.4927,103,-1.06214285714286
2026-06-05,"PHX @ PDX","1Q","PDX","1Q PDX",2026-06-05 15:51:23.724778,"dk",0.4878,105,-0.0152,-0.0149,-0.743,0.4726,112,-0.482467532467532
2026-06-05,"PHX @ PDX","1Q","PDX","1Q PDX",2026-06-05 15:51:23.724778,"fd",0.5,100,-0.037,-0.037,-1.848,0.463,116,-1.2
2026-06-05,"CON @ CHI","1Q","CHI","1Q CHI",2026-06-05 15:51:23.724778,"dk",0.4878,105,-0.0193,-0.0188,-0.9413,0.4685,113,-0.611233766233766
2026-06-05,"CON @ CHI","1Q","CHI","1Q CHI",2026-06-05 15:51:23.724778,"fd",0.4762,110,-0.0135,-0.0129,-0.6454,0.4627,116,-0.419090909090909
2026-06-05,"PHX @ PDX","1Q","PHX","1Q PHX",2026-06-05 16:21:41.139764,"dk",0.5918,-145,-0.0644,-0.0789,-3.9456,0.5274,-112,-2.56207792207792
2026-06-05,"PHX @ PDX","1Q","PHX","1Q PHX",2026-06-05 16:21:41.139764,"fd",0.5652,-130,-0.0277,-0.0318,-1.5918,0.5375,-116,-1.03363636363636
2026-06-05,"DAL @ LAS","1Q","LAS","1Q LAS",2026-06-05 16:21:41.139764,"dk",0.5349,-115,-0.03,-0.0322,-1.6104,0.5049,-102,-1.04571428571429
2026-06-05,"DAL @ LAS","1Q","LAS","1Q LAS",2026-06-05 16:21:41.139764,"fd",0.5413,-118,-0.0339,-0.037,-1.8496,0.5073,-103,-1.20103896103896
2026-06-05,"CON @ CHI","1Q","CON","1Q CON",2026-06-05 16:21:41.139764,"dk",0.5833,-140,-0.0519,-0.0622,-3.1112,0.5315,-113,-2.02025974025974
2026-06-05,"CON @ CHI","1Q","CON","1Q CON",2026-06-05 16:21:41.139764,"fd",0.5902,-144,-0.0528,-0.0645,-3.2228,0.5373,-116,-2.09272727272727
2026-06-05,"DAL @ LAS","1Q","DAL","1Q DAL",2026-06-05 16:21:41.139764,"dk",0.5349,-115,-0.0398,-0.0428,-2.1396,0.4951,102,-1.38935064935065
2026-06-05,"DAL @ LAS","1Q","DAL","1Q DAL",2026-06-05 16:21:41.139764,"fd",0.5238,-110,-0.0312,-0.0327,-1.6357,0.4927,103,-1.06214285714286
2026-06-05,"PHX @ PDX","1Q","PDX","1Q PDX",2026-06-05 16:21:41.139764,"dk",0.4878,105,-0.0152,-0.0149,-0.743,0.4726,112,-0.482467532467532
2026-06-05,"PHX @ PDX","1Q","PDX","1Q PDX",2026-06-05 16:21:41.139764,"fd",0.5,100,-0.0375,-0.0375,-1.8767,0.4625,116,-1.21863636363636
2026-06-05,"CON @ CHI","1Q","CHI","1Q CHI",2026-06-05 16:21:41.139764,"dk",0.4878,105,-0.0193,-0.0188,-0.9413,0.4685,113,-0.611233766233766
2026-06-05,"CON @ CHI","1Q","CHI","1Q CHI",2026-06-05 16:21:41.139764,"fd",0.4762,110,-0.0135,-0.0129,-0.6454,0.4627,116,-0.419090909090909
2026-06-05,"PHX @ PDX","1Q","PHX","1Q PHX",2026-06-05 16:51:08.09485,"dk",0.5918,-145,-0.0644,-0.0789,-3.9456,0.5274,-112,-2.56207792207792
2026-06-05,"PHX @ PDX","1Q","PHX","1Q PHX",2026-06-05 16:51:08.09485,"fd",0.5652,-130,-0.0277,-0.0318,-1.5918,0.5375,-116,-1.03363636363636
2026-06-05,"DAL @ LAS","1Q","LAS","1Q LAS",2026-06-05 16:51:08.09485,"dk",0.5349,-115,-0.03,-0.0322,-1.6104,0.5049,-102,-1.04571428571429
2026-06-05,"DAL @ LAS","1Q","LAS","1Q LAS",2026-06-05 16:51:08.09485,"fd",0.5413,-118,-0.0339,-0.037,-1.8496,0.5073,-103,-1.20103896103896
2026-06-05,"CON @ CHI","1Q","CON","1Q CON",2026-06-05 16:51:08.09485,"dk",0.5833,-140,-0.0519,-0.0622,-3.1112,0.5315,-113,-2.02025974025974
2026-06-05,"CON @ CHI","1Q","CON","1Q CON",2026-06-05 16:51:08.09485,"fd",0.5902,-144,-0.0528,-0.0645,-3.2228,0.5373,-116,-2.09272727272727
2026-06-05,"DAL @ LAS","1Q","DAL","1Q DAL",2026-06-05 16:51:08.09485,"dk",0.5349,-115,-0.0398,-0.0428,-2.1396,0.4951,102,-1.38935064935065
2026-06-05,"DAL @ LAS","1Q","DAL","1Q DAL",2026-06-05 16:51:08.09485,"fd",0.5238,-110,-0.0312,-0.0327,-1.6357,0.4927,103,-1.06214285714286
2026-06-05,"PHX @ PDX","1Q","PDX","1Q PDX",2026-06-05 16:51:08.09485,"dk",0.4878,105,-0.0152,-0.0149,-0.743,0.4726,112,-0.482467532467532
2026-06-05,"PHX @ PDX","1Q","PDX","1Q PDX",2026-06-05 16:51:08.09485,"fd",0.5,100,-0.0375,-0.0375,-1.8767,0.4625,116,-1.21863636363636
2026-06-05,"CON @ CHI","1Q","CHI","1Q CHI",2026-06-05 16:51:08.09485,"dk",0.4878,105,-0.0193,-0.0188,-0.9413,0.4685,113,-0.611233766233766
2026-06-05,"CON @ CHI","1Q","CHI","1Q CHI",2026-06-05 16:51:08.09485,"fd",0.4762,110,-0.0135,-0.0129,-0.6454,0.4627,116,-0.419090909090909
