"game_date","game","shot_type","shot_game","run_timestamp_utc","site","prob_model","line_model","prob","line","edge","kelly","units","units_standardized"
2026-05-22,"DAL @ ATL","three point field goal","DAL @ ATL three point field goal",2026-05-22 17:21:15.707406,"dk",0.2491,301,0.2597,285,-0.0106,-0.0072,-0.3592,-0.280625
2026-05-22,"GSV @ IND","three point field goal","GSV @ IND three point field goal",2026-05-22 17:21:15.707406,"dk",0.2644,278,0.3125,220,-0.0481,-0.035,-1.7495,-1.366796875
2026-05-22,"CON @ SEA","three point field goal","CON @ SEA three point field goal",2026-05-22 17:21:15.707406,"dk",0.2393,318,0.2381,320,0.0012,8e-04,0.0407,0.031796875
2026-05-22,"DAL @ ATL","two point field goal","DAL @ ATL two point field goal",2026-05-22 17:21:15.707406,"dk",0.7509,-301,0.8182,-450,-0.0673,-0.185,-9.2517,-7.227890625
2026-05-22,"GSV @ IND","two point field goal","GSV @ IND two point field goal",2026-05-22 17:21:15.707406,"dk",0.7356,-278,0.7619,-320,-0.0263,-0.0552,-2.7609,-2.156953125
2026-05-22,"CON @ SEA","two point field goal","CON @ SEA two point field goal",2026-05-22 17:21:15.707406,"dk",0.7607,-318,0.84,-525,-0.0793,-0.2479,-12.396,-9.684375
2026-05-22,"DAL @ ATL","three point field goal","DAL @ ATL three point field goal",2026-05-22 17:51:17.703338,"dk",0.2491,301,0.2597,285,-0.0106,-0.0072,-0.3592,-0.280625
2026-05-22,"GSV @ IND","three point field goal","GSV @ IND three point field goal",2026-05-22 17:51:17.703338,"dk",0.2644,278,0.3125,220,-0.0481,-0.035,-1.7495,-1.366796875
2026-05-22,"CON @ SEA","three point field goal","CON @ SEA three point field goal",2026-05-22 17:51:17.703338,"dk",0.2393,318,0.2381,320,0.0012,8e-04,0.0407,0.031796875
2026-05-22,"DAL @ ATL","two point field goal","DAL @ ATL two point field goal",2026-05-22 17:51:17.703338,"dk",0.7509,-301,0.8182,-450,-0.0673,-0.185,-9.2517,-7.227890625
2026-05-22,"GSV @ IND","two point field goal","GSV @ IND two point field goal",2026-05-22 17:51:17.703338,"dk",0.7356,-278,0.7619,-320,-0.0263,-0.0552,-2.7609,-2.156953125
2026-05-22,"CON @ SEA","two point field goal","CON @ SEA two point field goal",2026-05-22 17:51:17.703338,"dk",0.7607,-318,0.84,-525,-0.0793,-0.2479,-12.396,-9.684375
2026-05-22,"DAL @ ATL","three point field goal","DAL @ ATL three point field goal",2026-05-22 18:21:15.765033,"dk",0.2491,301,0.2597,285,-0.0106,-0.0072,-0.3592,-0.280625
2026-05-22,"GSV @ IND","three point field goal","GSV @ IND three point field goal",2026-05-22 18:21:15.765033,"dk",0.2644,278,0.3125,220,-0.0481,-0.035,-1.7495,-1.366796875
2026-05-22,"CON @ SEA","three point field goal","CON @ SEA three point field goal",2026-05-22 18:21:15.765033,"dk",0.2393,318,0.2381,320,0.0012,8e-04,0.0407,0.031796875
2026-05-22,"DAL @ ATL","two point field goal","DAL @ ATL two point field goal",2026-05-22 18:21:15.765033,"dk",0.7509,-301,0.8182,-450,-0.0673,-0.185,-9.2517,-7.227890625
2026-05-22,"GSV @ IND","two point field goal","GSV @ IND two point field goal",2026-05-22 18:21:15.765033,"dk",0.7356,-278,0.7619,-320,-0.0263,-0.0552,-2.7609,-2.156953125
2026-05-22,"CON @ SEA","two point field goal","CON @ SEA two point field goal",2026-05-22 18:21:15.765033,"dk",0.7607,-318,0.84,-525,-0.0793,-0.2479,-12.396,-9.684375
2026-05-22,"DAL @ ATL","three point field goal","DAL @ ATL three point field goal",2026-05-22 18:51:14.298429,"dk",0.2491,301,0.2597,285,-0.0106,-0.0072,-0.3592,-0.280625
2026-05-22,"GSV @ IND","three point field goal","GSV @ IND three point field goal",2026-05-22 18:51:14.298429,"dk",0.2644,278,0.3125,220,-0.0481,-0.035,-1.7495,-1.366796875
2026-05-22,"CON @ SEA","three point field goal","CON @ SEA three point field goal",2026-05-22 18:51:14.298429,"dk",0.2393,318,0.2381,320,0.0012,8e-04,0.0407,0.031796875
2026-05-22,"DAL @ ATL","two point field goal","DAL @ ATL two point field goal",2026-05-22 18:51:14.298429,"dk",0.7509,-301,0.8182,-450,-0.0673,-0.185,-9.2517,-7.227890625
2026-05-22,"GSV @ IND","two point field goal","GSV @ IND two point field goal",2026-05-22 18:51:14.298429,"dk",0.7356,-278,0.7619,-320,-0.0263,-0.0552,-2.7609,-2.156953125
2026-05-22,"CON @ SEA","two point field goal","CON @ SEA two point field goal",2026-05-22 18:51:14.298429,"dk",0.7607,-318,0.84,-525,-0.0793,-0.2479,-12.396,-9.684375
2026-05-22,"DAL @ ATL","three point field goal","DAL @ ATL three point field goal",2026-05-22 19:21:16.7471,"dk",0.2491,301,0.2597,285,-0.0106,-0.0072,-0.3592,-0.280625
2026-05-22,"GSV @ IND","three point field goal","GSV @ IND three point field goal",2026-05-22 19:21:16.7471,"dk",0.2644,278,0.3125,220,-0.0481,-0.035,-1.7495,-1.366796875
2026-05-22,"CON @ SEA","three point field goal","CON @ SEA three point field goal",2026-05-22 19:21:16.7471,"dk",0.2393,318,0.2381,320,0.0012,8e-04,0.0407,0.031796875
2026-05-22,"DAL @ ATL","two point field goal","DAL @ ATL two point field goal",2026-05-22 19:21:16.7471,"dk",0.7509,-301,0.8182,-450,-0.0673,-0.185,-9.2517,-7.227890625
2026-05-22,"GSV @ IND","two point field goal","GSV @ IND two point field goal",2026-05-22 19:21:16.7471,"dk",0.7356,-278,0.7619,-320,-0.0263,-0.0552,-2.7609,-2.156953125
2026-05-22,"CON @ SEA","two point field goal","CON @ SEA two point field goal",2026-05-22 19:21:16.7471,"dk",0.7607,-318,0.84,-525,-0.0793,-0.2479,-12.396,-9.684375
2026-05-22,"DAL @ ATL","three point field goal","DAL @ ATL three point field goal",2026-05-22 19:51:15.684923,"dk",0.2491,301,0.2597,285,-0.0106,-0.0072,-0.3592,-0.280625
2026-05-22,"GSV @ IND","three point field goal","GSV @ IND three point field goal",2026-05-22 19:51:15.684923,"dk",0.2644,278,0.3125,220,-0.0481,-0.035,-1.7495,-1.366796875
2026-05-22,"CON @ SEA","three point field goal","CON @ SEA three point field goal",2026-05-22 19:51:15.684923,"dk",0.2393,318,0.2381,320,0.0012,8e-04,0.0407,0.031796875
2026-05-22,"DAL @ ATL","two point field goal","DAL @ ATL two point field goal",2026-05-22 19:51:15.684923,"dk",0.7509,-301,0.8182,-450,-0.0673,-0.185,-9.2517,-7.227890625
2026-05-22,"GSV @ IND","two point field goal","GSV @ IND two point field goal",2026-05-22 19:51:15.684923,"dk",0.7356,-278,0.7619,-320,-0.0263,-0.0552,-2.7609,-2.156953125
2026-05-22,"CON @ SEA","two point field goal","CON @ SEA two point field goal",2026-05-22 19:51:15.684923,"dk",0.7607,-318,0.84,-525,-0.0793,-0.2479,-12.396,-9.684375
2026-05-22,"DAL @ ATL","three point field goal","DAL @ ATL three point field goal",2026-05-22 20:21:16.466859,"dk",0.2491,301,0.2597,285,-0.0106,-0.0072,-0.3592,-0.280625
2026-05-22,"GSV @ IND","three point field goal","GSV @ IND three point field goal",2026-05-22 20:21:16.466859,"dk",0.2644,278,0.3125,220,-0.0481,-0.035,-1.7495,-1.366796875
2026-05-22,"CON @ SEA","three point field goal","CON @ SEA three point field goal",2026-05-22 20:21:16.466859,"dk",0.2393,318,0.2381,320,0.0012,8e-04,0.0407,0.031796875
2026-05-22,"DAL @ ATL","two point field goal","DAL @ ATL two point field goal",2026-05-22 20:21:16.466859,"dk",0.7509,-301,0.8182,-450,-0.0673,-0.185,-9.2517,-7.227890625
2026-05-22,"GSV @ IND","two point field goal","GSV @ IND two point field goal",2026-05-22 20:21:16.466859,"dk",0.7356,-278,0.7619,-320,-0.0263,-0.0552,-2.7609,-2.156953125
2026-05-22,"CON @ SEA","two point field goal","CON @ SEA two point field goal",2026-05-22 20:21:16.466859,"dk",0.7607,-318,0.84,-525,-0.0793,-0.2479,-12.396,-9.684375
2026-05-22,"DAL @ ATL","three point field goal","DAL @ ATL three point field goal",2026-05-22 20:51:16.082618,"dk",0.2491,301,0.2597,285,-0.0106,-0.0072,-0.3592,-0.280625
2026-05-22,"GSV @ IND","three point field goal","GSV @ IND three point field goal",2026-05-22 20:51:16.082618,"dk",0.2644,278,0.3125,220,-0.0481,-0.035,-1.7495,-1.366796875
2026-05-22,"CON @ SEA","three point field goal","CON @ SEA three point field goal",2026-05-22 20:51:16.082618,"dk",0.2393,318,0.2381,320,0.0012,8e-04,0.0407,0.031796875
2026-05-22,"DAL @ ATL","two point field goal","DAL @ ATL two point field goal",2026-05-22 20:51:16.082618,"dk",0.7509,-301,0.8182,-450,-0.0673,-0.185,-9.2517,-7.227890625
2026-05-22,"GSV @ IND","two point field goal","GSV @ IND two point field goal",2026-05-22 20:51:16.082618,"dk",0.7356,-278,0.7619,-320,-0.0263,-0.0552,-2.7609,-2.156953125
2026-05-22,"CON @ SEA","two point field goal","CON @ SEA two point field goal",2026-05-22 20:51:16.082618,"dk",0.7607,-318,0.84,-525,-0.0793,-0.2479,-12.396,-9.684375
2026-05-22,"DAL @ ATL","three point field goal","DAL @ ATL three point field goal",2026-05-22 21:21:16.478034,"dk",0.2491,301,0.2597,285,-0.0106,-0.0072,-0.3592,-0.280625
2026-05-22,"GSV @ IND","three point field goal","GSV @ IND three point field goal",2026-05-22 21:21:16.478034,"dk",0.2644,278,0.3125,220,-0.0481,-0.035,-1.7495,-1.366796875
2026-05-22,"CON @ SEA","three point field goal","CON @ SEA three point field goal",2026-05-22 21:21:16.478034,"dk",0.2393,318,0.2381,320,0.0012,8e-04,0.0407,0.031796875
2026-05-22,"DAL @ ATL","two point field goal","DAL @ ATL two point field goal",2026-05-22 21:21:16.478034,"dk",0.7509,-301,0.8182,-450,-0.0673,-0.185,-9.2517,-7.227890625
2026-05-22,"GSV @ IND","two point field goal","GSV @ IND two point field goal",2026-05-22 21:21:16.478034,"dk",0.7356,-278,0.7619,-320,-0.0263,-0.0552,-2.7609,-2.156953125
2026-05-22,"CON @ SEA","two point field goal","CON @ SEA two point field goal",2026-05-22 21:21:16.478034,"dk",0.7607,-318,0.84,-525,-0.0793,-0.2479,-12.396,-9.684375
2026-05-22,"DAL @ ATL","three point field goal","DAL @ ATL three point field goal",2026-05-22 21:51:16.409004,"dk",0.2491,301,0.2597,285,-0.0106,-0.0072,-0.3592,-0.280625
2026-05-22,"GSV @ IND","three point field goal","GSV @ IND three point field goal",2026-05-22 21:51:16.409004,"dk",0.2644,278,0.3125,220,-0.0481,-0.035,-1.7495,-1.366796875
2026-05-22,"CON @ SEA","three point field goal","CON @ SEA three point field goal",2026-05-22 21:51:16.409004,"dk",0.2393,318,0.2381,320,0.0012,8e-04,0.0407,0.031796875
2026-05-22,"DAL @ ATL","two point field goal","DAL @ ATL two point field goal",2026-05-22 21:51:16.409004,"dk",0.7509,-301,0.8182,-450,-0.0673,-0.185,-9.2517,-7.227890625
2026-05-22,"GSV @ IND","two point field goal","GSV @ IND two point field goal",2026-05-22 21:51:16.409004,"dk",0.7356,-278,0.7619,-320,-0.0263,-0.0552,-2.7609,-2.156953125
2026-05-22,"CON @ SEA","two point field goal","CON @ SEA two point field goal",2026-05-22 21:51:16.409004,"dk",0.7607,-318,0.84,-525,-0.0793,-0.2479,-12.396,-9.684375
2026-05-22,"DAL @ ATL","three point field goal","DAL @ ATL three point field goal",2026-05-22 22:21:16.825837,"dk",0.2491,301,0.2597,285,-0.0106,-0.0072,-0.3592,-0.280625
2026-05-22,"GSV @ IND","three point field goal","GSV @ IND three point field goal",2026-05-22 22:21:16.825837,"dk",0.2644,278,0.3125,220,-0.0481,-0.035,-1.7495,-1.366796875
2026-05-22,"CON @ SEA","three point field goal","CON @ SEA three point field goal",2026-05-22 22:21:16.825837,"dk",0.2393,318,0.2381,320,0.0012,8e-04,0.0407,0.031796875
2026-05-22,"DAL @ ATL","two point field goal","DAL @ ATL two point field goal",2026-05-22 22:21:16.825837,"dk",0.7509,-301,0.8182,-450,-0.0673,-0.185,-9.2517,-7.227890625
2026-05-22,"GSV @ IND","two point field goal","GSV @ IND two point field goal",2026-05-22 22:21:16.825837,"dk",0.7356,-278,0.7619,-320,-0.0263,-0.0552,-2.7609,-2.156953125
2026-05-22,"CON @ SEA","two point field goal","CON @ SEA two point field goal",2026-05-22 22:21:16.825837,"dk",0.7607,-318,0.84,-525,-0.0793,-0.2479,-12.396,-9.684375
2026-05-22,"DAL @ ATL","three point field goal","DAL @ ATL three point field goal",2026-05-22 22:51:14.962653,"dk",0.2491,301,0.2597,285,-0.0106,-0.0072,-0.3592,-0.280625
2026-05-22,"GSV @ IND","three point field goal","GSV @ IND three point field goal",2026-05-22 22:51:14.962653,"dk",0.2644,278,0.3125,220,-0.0481,-0.035,-1.7495,-1.366796875
2026-05-22,"CON @ SEA","three point field goal","CON @ SEA three point field goal",2026-05-22 22:51:14.962653,"dk",0.2393,318,0.2381,320,0.0012,8e-04,0.0407,0.031796875
2026-05-22,"DAL @ ATL","two point field goal","DAL @ ATL two point field goal",2026-05-22 22:51:14.962653,"dk",0.7509,-301,0.8182,-450,-0.0673,-0.185,-9.2517,-7.227890625
2026-05-22,"GSV @ IND","two point field goal","GSV @ IND two point field goal",2026-05-22 22:51:14.962653,"dk",0.7356,-278,0.7619,-320,-0.0263,-0.0552,-2.7609,-2.156953125
2026-05-22,"CON @ SEA","two point field goal","CON @ SEA two point field goal",2026-05-22 22:51:14.962653,"dk",0.7607,-318,0.84,-525,-0.0793,-0.2479,-12.396,-9.684375
2026-05-22,"DAL @ ATL","three point field goal","DAL @ ATL three point field goal",2026-05-22 23:21:14.800625,"dk",0.2491,301,0.2597,285,-0.0106,-0.0072,-0.3592,-0.280625
2026-05-22,"GSV @ IND","three point field goal","GSV @ IND three point field goal",2026-05-22 23:21:14.800625,"dk",0.258,288,0.3125,220,-0.0545,-0.0396,-1.9801,-1.546953125
2026-05-22,"CON @ SEA","three point field goal","CON @ SEA three point field goal",2026-05-22 23:21:14.800625,"dk",0.2393,318,0.2381,320,0.0012,8e-04,0.0407,0.031796875
2026-05-22,"DAL @ ATL","two point field goal","DAL @ ATL two point field goal",2026-05-22 23:21:14.800625,"dk",0.7509,-301,0.8182,-450,-0.0673,-0.185,-9.2517,-7.227890625
2026-05-22,"GSV @ IND","two point field goal","GSV @ IND two point field goal",2026-05-22 23:21:14.800625,"dk",0.742,-288,0.7619,-320,-0.02,-0.0419,-2.0951,-1.636796875
2026-05-22,"CON @ SEA","two point field goal","CON @ SEA two point field goal",2026-05-22 23:21:14.800625,"dk",0.7607,-318,0.84,-525,-0.0793,-0.2479,-12.396,-9.684375
2026-05-22,"CON @ SEA","three point field goal","CON @ SEA three point field goal",2026-05-22 23:51:15.146899,"dk",0.2393,318,0.2381,320,0.0012,8e-04,0.0407,0.031796875
2026-05-22,"CON @ SEA","two point field goal","CON @ SEA two point field goal",2026-05-22 23:51:15.146899,"dk",0.7607,-318,0.84,-525,-0.0793,-0.2479,-12.396,-9.684375
2026-05-22,"CON @ SEA","three point field goal","CON @ SEA three point field goal",2026-05-23 00:21:16.307284,"dk",0.2393,318,0.2381,320,0.0012,8e-04,0.0407,0.031796875
2026-05-22,"CON @ SEA","two point field goal","CON @ SEA two point field goal",2026-05-23 00:21:16.307284,"dk",0.7607,-318,0.84,-525,-0.0793,-0.2479,-12.396,-9.684375
2026-05-22,"CON @ SEA","three point field goal","CON @ SEA three point field goal",2026-05-23 00:51:16.319362,"dk",0.2393,318,0.2381,320,0.0012,8e-04,0.0407,0.031796875
2026-05-22,"CON @ SEA","two point field goal","CON @ SEA two point field goal",2026-05-23 00:51:16.319362,"dk",0.7607,-318,0.84,-525,-0.0793,-0.2479,-12.396,-9.684375
2026-05-22,"CON @ SEA","three point field goal","CON @ SEA three point field goal",2026-05-23 01:21:20.012397,"dk",0.2527,296,0.2381,320,0.0146,0.0096,0.4792,0.374375
2026-05-22,"CON @ SEA","two point field goal","CON @ SEA two point field goal",2026-05-23 01:21:20.012397,"dk",0.7473,-296,0.84,-525,-0.0927,-0.2897,-14.4843,-11.315859375
2026-05-22,"CON @ SEA","three point field goal","CON @ SEA three point field goal",2026-05-23 01:51:18.490211,"dk",0.2553,292,0.2326,330,0.0227,0.0148,0.7402,0.57828125
2026-05-22,"CON @ SEA","two point field goal","CON @ SEA two point field goal",2026-05-23 01:51:18.490211,"dk",0.7447,-292,0.84,-525,-0.0953,-0.2978,-14.8876,-11.6309375
2026-05-22,"CON @ SEA","three point field goal","CON @ SEA three point field goal",2026-05-23 02:21:19.724666,"dk",0.2553,292,0.2326,330,0.0227,0.0148,0.7402,0.57828125
2026-05-22,"CON @ SEA","two point field goal","CON @ SEA two point field goal",2026-05-23 02:21:19.724666,"dk",0.7447,-292,0.84,-525,-0.0953,-0.2978,-14.8876,-11.6309375
2026-05-22,"CON @ SEA","three point field goal","CON @ SEA three point field goal",2026-05-23 02:51:18.752112,"dk",0.2553,292,0.2326,330,0.0227,0.0148,0.7402,0.57828125
2026-05-22,"CON @ SEA","two point field goal","CON @ SEA two point field goal",2026-05-23 02:51:18.752112,"dk",0.7447,-292,0.84,-525,-0.0953,-0.2978,-14.8876,-11.6309375
2026-05-23,"MIN @ CHI","three point field goal","MIN @ CHI three point field goal",2026-05-23 15:51:21.674357,"dk",0.2084,380,0.2564,290,-0.048,-0.0323,-1.6131,-1.260234375
2026-05-23,"PDX @ TOR","three point field goal","PDX @ TOR three point field goal",2026-05-23 15:51:21.674357,"dk",0.2679,273,0.3509,185,-0.083,-0.0639,-3.1958,-2.49671875
2026-05-23,"LAS @ LVA","three point field goal","LAS @ LVA three point field goal",2026-05-23 15:51:21.674357,"dk",0.2451,308,0.2778,260,-0.0327,-0.0226,-1.1317,-0.884140625
2026-05-23,"MIN @ CHI","two point field goal","MIN @ CHI two point field goal",2026-05-23 15:51:21.674357,"dk",0.7916,-380,0.8182,-450,-0.0266,-0.0732,-3.659,-2.85859375
2026-05-23,"PDX @ TOR","two point field goal","PDX @ TOR two point field goal",2026-05-23 15:51:21.674357,"dk",0.7321,-273,0.7222,-260,0.0099,0.0178,0.8891,0.694609375
2026-05-23,"LAS @ LVA","two point field goal","LAS @ LVA two point field goal",2026-05-23 15:51:21.674357,"dk",0.7549,-308,0.7959,-390,-0.041,-0.1005,-5.0229,-3.924140625
2026-05-23,"MIN @ CHI","three point field goal","MIN @ CHI three point field goal",2026-05-23 16:21:22.698446,"dk",0.2084,380,0.2564,290,-0.048,-0.0323,-1.6131,-1.260234375
2026-05-23,"PDX @ TOR","three point field goal","PDX @ TOR three point field goal",2026-05-23 16:21:22.698446,"dk",0.2679,273,0.3509,185,-0.083,-0.0639,-3.1958,-2.49671875
2026-05-23,"LAS @ LVA","three point field goal","LAS @ LVA three point field goal",2026-05-23 16:21:22.698446,"dk",0.2451,308,0.2778,260,-0.0327,-0.0226,-1.1317,-0.884140625
2026-05-23,"MIN @ CHI","two point field goal","MIN @ CHI two point field goal",2026-05-23 16:21:22.698446,"dk",0.7916,-380,0.8182,-450,-0.0266,-0.0732,-3.659,-2.85859375
2026-05-23,"PDX @ TOR","two point field goal","PDX @ TOR two point field goal",2026-05-23 16:21:22.698446,"dk",0.7321,-273,0.7222,-260,0.0099,0.0178,0.8891,0.694609375
2026-05-23,"LAS @ LVA","two point field goal","LAS @ LVA two point field goal",2026-05-23 16:21:22.698446,"dk",0.7549,-308,0.7959,-390,-0.041,-0.1005,-5.0229,-3.924140625
2026-05-23,"MIN @ CHI","three point field goal","MIN @ CHI three point field goal",2026-05-23 16:51:21.68151,"dk",0.2084,380,0.2564,290,-0.048,-0.0323,-1.6131,-1.260234375
2026-05-23,"PDX @ TOR","three point field goal","PDX @ TOR three point field goal",2026-05-23 16:51:21.68151,"dk",0.2679,273,0.3509,185,-0.083,-0.0639,-3.1958,-2.49671875
2026-05-23,"LAS @ LVA","three point field goal","LAS @ LVA three point field goal",2026-05-23 16:51:21.68151,"dk",0.2451,308,0.2778,260,-0.0327,-0.0226,-1.1317,-0.884140625
2026-05-23,"MIN @ CHI","two point field goal","MIN @ CHI two point field goal",2026-05-23 16:51:21.68151,"dk",0.7916,-380,0.8182,-450,-0.0266,-0.0732,-3.659,-2.85859375
2026-05-23,"PDX @ TOR","two point field goal","PDX @ TOR two point field goal",2026-05-23 16:51:21.68151,"dk",0.7321,-273,0.7222,-260,0.0099,0.0178,0.8891,0.694609375
2026-05-23,"LAS @ LVA","two point field goal","LAS @ LVA two point field goal",2026-05-23 16:51:21.68151,"dk",0.7549,-308,0.7959,-390,-0.041,-0.1005,-5.0229,-3.924140625
2026-05-23,"MIN @ CHI","three point field goal","MIN @ CHI three point field goal",2026-05-23 17:21:21.587046,"dk",0.2084,380,0.2564,290,-0.048,-0.0323,-1.6131,-1.260234375
2026-05-23,"PDX @ TOR","three point field goal","PDX @ TOR three point field goal",2026-05-23 17:21:21.587046,"dk",0.2679,273,0.3509,185,-0.083,-0.0639,-3.1958,-2.49671875
2026-05-23,"LAS @ LVA","three point field goal","LAS @ LVA three point field goal",2026-05-23 17:21:21.587046,"dk",0.2451,308,0.2778,260,-0.0327,-0.0226,-1.1317,-0.884140625
2026-05-23,"MIN @ CHI","two point field goal","MIN @ CHI two point field goal",2026-05-23 17:21:21.587046,"dk",0.7916,-380,0.8182,-450,-0.0266,-0.0732,-3.659,-2.85859375
2026-05-23,"PDX @ TOR","two point field goal","PDX @ TOR two point field goal",2026-05-23 17:21:21.587046,"dk",0.7321,-273,0.7222,-260,0.0099,0.0178,0.8891,0.694609375
2026-05-23,"LAS @ LVA","two point field goal","LAS @ LVA two point field goal",2026-05-23 17:21:21.587046,"dk",0.7549,-308,0.7959,-390,-0.041,-0.1005,-5.0229,-3.924140625
2026-05-23,"PDX @ TOR","three point field goal","PDX @ TOR three point field goal",2026-05-23 17:51:21.586681,"dk",0.2679,273,0.3509,185,-0.083,-0.0639,-3.1958,-2.49671875
2026-05-23,"LAS @ LVA","three point field goal","LAS @ LVA three point field goal",2026-05-23 17:51:21.586681,"dk",0.2451,308,0.2778,260,-0.0327,-0.0226,-1.1317,-0.884140625
2026-05-23,"PDX @ TOR","two point field goal","PDX @ TOR two point field goal",2026-05-23 17:51:21.586681,"dk",0.7321,-273,0.7222,-260,0.0099,0.0178,0.8891,0.694609375
2026-05-23,"LAS @ LVA","two point field goal","LAS @ LVA two point field goal",2026-05-23 17:51:21.586681,"dk",0.7549,-308,0.7959,-390,-0.041,-0.1005,-5.0229,-3.924140625
2026-05-23,"PDX @ TOR","three point field goal","PDX @ TOR three point field goal",2026-05-23 18:21:20.880144,"dk",0.2679,273,0.3509,185,-0.083,-0.0639,-3.1958,-2.49671875
2026-05-23,"LAS @ LVA","three point field goal","LAS @ LVA three point field goal",2026-05-23 18:21:20.880144,"dk",0.2451,308,0.2778,260,-0.0327,-0.0226,-1.1317,-0.884140625
2026-05-23,"PDX @ TOR","two point field goal","PDX @ TOR two point field goal",2026-05-23 18:21:20.880144,"dk",0.7321,-273,0.7222,-260,0.0099,0.0178,0.8891,0.694609375
2026-05-23,"LAS @ LVA","two point field goal","LAS @ LVA two point field goal",2026-05-23 18:21:20.880144,"dk",0.7549,-308,0.7959,-390,-0.041,-0.1005,-5.0229,-3.924140625
2026-05-23,"PDX @ TOR","three point field goal","PDX @ TOR three point field goal",2026-05-23 18:51:21.616464,"dk",0.2679,273,0.3509,185,-0.083,-0.0639,-3.1958,-2.49671875
2026-05-23,"LAS @ LVA","three point field goal","LAS @ LVA three point field goal",2026-05-23 18:51:21.616464,"dk",0.2451,308,0.2778,260,-0.0327,-0.0226,-1.1317,-0.884140625
2026-05-23,"PDX @ TOR","two point field goal","PDX @ TOR two point field goal",2026-05-23 18:51:21.616464,"dk",0.7321,-273,0.7222,-260,0.0099,0.0178,0.8891,0.694609375
2026-05-23,"LAS @ LVA","two point field goal","LAS @ LVA two point field goal",2026-05-23 18:51:21.616464,"dk",0.7549,-308,0.7959,-390,-0.041,-0.1005,-5.0229,-3.924140625
2026-05-23,"PDX @ TOR","three point field goal","PDX @ TOR three point field goal",2026-05-23 19:21:22.103512,"dk",0.2679,273,0.3509,185,-0.083,-0.0639,-3.1958,-2.49671875
2026-05-23,"LAS @ LVA","three point field goal","LAS @ LVA three point field goal",2026-05-23 19:21:22.103512,"dk",0.2451,308,0.2778,260,-0.0327,-0.0226,-1.1317,-0.884140625
2026-05-23,"PDX @ TOR","two point field goal","PDX @ TOR two point field goal",2026-05-23 19:21:22.103512,"dk",0.7321,-273,0.7222,-260,0.0099,0.0178,0.8891,0.694609375
2026-05-23,"LAS @ LVA","two point field goal","LAS @ LVA two point field goal",2026-05-23 19:21:22.103512,"dk",0.7549,-308,0.7959,-390,-0.041,-0.1005,-5.0229,-3.924140625
2026-05-23,"PDX @ TOR","three point field goal","PDX @ TOR three point field goal",2026-05-23 19:51:20.710792,"dk",0.2679,273,0.3509,185,-0.083,-0.0639,-3.1958,-2.49671875
2026-05-23,"LAS @ LVA","three point field goal","LAS @ LVA three point field goal",2026-05-23 19:51:20.710792,"dk",0.2451,308,0.2778,260,-0.0327,-0.0226,-1.1317,-0.884140625
2026-05-23,"PDX @ TOR","two point field goal","PDX @ TOR two point field goal",2026-05-23 19:51:20.710792,"dk",0.7321,-273,0.7222,-260,0.0099,0.0178,0.8891,0.694609375
2026-05-23,"LAS @ LVA","two point field goal","LAS @ LVA two point field goal",2026-05-23 19:51:20.710792,"dk",0.7549,-308,0.7959,-390,-0.041,-0.1005,-5.0229,-3.924140625
2026-05-23,"PDX @ TOR","three point field goal","PDX @ TOR three point field goal",2026-05-23 20:21:21.203657,"dk",0.2932,241,0.3509,185,-0.0576,-0.0444,-2.2197,-1.734140625
2026-05-23,"LAS @ LVA","three point field goal","LAS @ LVA three point field goal",2026-05-23 20:21:21.203657,"dk",0.2451,308,0.2778,260,-0.0327,-0.0226,-1.1317,-0.884140625
2026-05-23,"PDX @ TOR","two point field goal","PDX @ TOR two point field goal",2026-05-23 20:21:21.203657,"dk",0.7068,-241,0.7222,-260,-0.0155,-0.0278,-1.3919,-1.087421875
2026-05-23,"LAS @ LVA","two point field goal","LAS @ LVA two point field goal",2026-05-23 20:21:21.203657,"dk",0.7549,-308,0.7959,-390,-0.041,-0.1005,-5.0229,-3.924140625
2026-05-23,"PDX @ TOR","three point field goal","PDX @ TOR three point field goal",2026-05-23 20:51:21.408874,"dk",0.2679,273,0.3509,185,-0.083,-0.0639,-3.1958,-2.49671875
2026-05-23,"LAS @ LVA","three point field goal","LAS @ LVA three point field goal",2026-05-23 20:51:21.408874,"dk",0.2451,308,0.2778,260,-0.0327,-0.0226,-1.1317,-0.884140625
2026-05-23,"PDX @ TOR","two point field goal","PDX @ TOR two point field goal",2026-05-23 20:51:21.408874,"dk",0.7321,-273,0.7222,-260,0.0099,0.0178,0.8891,0.694609375
2026-05-23,"LAS @ LVA","two point field goal","LAS @ LVA two point field goal",2026-05-23 20:51:21.408874,"dk",0.7549,-308,0.7959,-390,-0.041,-0.1005,-5.0229,-3.924140625
2026-05-23,"PDX @ TOR","three point field goal","PDX @ TOR three point field goal",2026-05-23 21:21:21.006052,"dk",0.2679,273,0.3509,185,-0.083,-0.0639,-3.1958,-2.49671875
2026-05-23,"LAS @ LVA","three point field goal","LAS @ LVA three point field goal",2026-05-23 21:21:21.006052,"dk",0.2451,308,0.2778,260,-0.0327,-0.0226,-1.1317,-0.884140625
2026-05-23,"PDX @ TOR","two point field goal","PDX @ TOR two point field goal",2026-05-23 21:21:21.006052,"dk",0.7321,-273,0.7222,-260,0.0099,0.0178,0.8891,0.694609375
2026-05-23,"LAS @ LVA","two point field goal","LAS @ LVA two point field goal",2026-05-23 21:21:21.006052,"dk",0.7549,-308,0.7959,-390,-0.041,-0.1005,-5.0229,-3.924140625
2026-05-23,"PDX @ TOR","three point field goal","PDX @ TOR three point field goal",2026-05-23 21:51:21.108207,"dk",0.2679,273,0.3509,185,-0.083,-0.0639,-3.1958,-2.49671875
2026-05-23,"LAS @ LVA","three point field goal","LAS @ LVA three point field goal",2026-05-23 21:51:21.108207,"dk",0.2451,308,0.2778,260,-0.0327,-0.0226,-1.1317,-0.884140625
2026-05-23,"PDX @ TOR","two point field goal","PDX @ TOR two point field goal",2026-05-23 21:51:21.108207,"dk",0.7321,-273,0.7222,-260,0.0099,0.0178,0.8891,0.694609375
2026-05-23,"LAS @ LVA","two point field goal","LAS @ LVA two point field goal",2026-05-23 21:51:21.108207,"dk",0.7549,-308,0.7959,-390,-0.041,-0.1005,-5.0229,-3.924140625
2026-05-23,"PDX @ TOR","three point field goal","PDX @ TOR three point field goal",2026-05-23 22:21:20.948532,"dk",0.2679,273,0.3509,185,-0.083,-0.0639,-3.1958,-2.49671875
2026-05-23,"LAS @ LVA","three point field goal","LAS @ LVA three point field goal",2026-05-23 22:21:20.948532,"dk",0.2451,308,0.2778,260,-0.0327,-0.0226,-1.1317,-0.884140625
2026-05-23,"PDX @ TOR","two point field goal","PDX @ TOR two point field goal",2026-05-23 22:21:20.948532,"dk",0.7321,-273,0.7222,-260,0.0099,0.0178,0.8891,0.694609375
2026-05-23,"LAS @ LVA","two point field goal","LAS @ LVA two point field goal",2026-05-23 22:21:20.948532,"dk",0.7549,-308,0.7959,-390,-0.041,-0.1005,-5.0229,-3.924140625
2026-05-23,"LAS @ LVA","three point field goal","LAS @ LVA three point field goal",2026-05-23 22:51:21.303435,"dk",0.2451,308,0.2778,260,-0.0327,-0.0226,-1.1317,-0.884140625
2026-05-23,"LAS @ LVA","two point field goal","LAS @ LVA two point field goal",2026-05-23 22:51:21.303435,"dk",0.7549,-308,0.7959,-390,-0.041,-0.1005,-5.0229,-3.924140625
2026-05-23,"LAS @ LVA","three point field goal","LAS @ LVA three point field goal",2026-05-23 23:21:20.992628,"dk",0.2386,319,0.2778,260,-0.0391,-0.0271,-1.3548,-1.0584375
2026-05-23,"LAS @ LVA","two point field goal","LAS @ LVA two point field goal",2026-05-23 23:21:20.992628,"dk",0.7614,-319,0.7959,-390,-0.0346,-0.0847,-4.2332,-3.3071875
2026-05-23,"LAS @ LVA","three point field goal","LAS @ LVA three point field goal",2026-05-23 23:51:22.679886,"dk",0.2386,319,0.2778,260,-0.0391,-0.0271,-1.3548,-1.0584375
2026-05-23,"LAS @ LVA","two point field goal","LAS @ LVA two point field goal",2026-05-23 23:51:22.679886,"dk",0.7614,-319,0.7959,-390,-0.0346,-0.0847,-4.2332,-3.3071875
2026-05-23,"LAS @ LVA","three point field goal","LAS @ LVA three point field goal",2026-05-24 00:21:21.829268,"dk",0.2386,319,0.2778,260,-0.0391,-0.0271,-1.3548,-1.0584375
2026-05-23,"LAS @ LVA","two point field goal","LAS @ LVA two point field goal",2026-05-24 00:21:21.829268,"dk",0.7614,-319,0.7959,-390,-0.0346,-0.0847,-4.2332,-3.3071875
2026-05-23,"LAS @ LVA","three point field goal","LAS @ LVA three point field goal",2026-05-24 00:51:22.397337,"dk",0.2386,319,0.2778,260,-0.0391,-0.0271,-1.3548,-1.0584375
2026-05-23,"LAS @ LVA","two point field goal","LAS @ LVA two point field goal",2026-05-24 00:51:22.397337,"dk",0.7614,-319,0.7959,-390,-0.0346,-0.0847,-4.2332,-3.3071875
2026-05-23,"LAS @ LVA","three point field goal","LAS @ LVA three point field goal",2026-05-24 01:21:21.95465,"dk",0.2386,319,0.2778,260,-0.0391,-0.0271,-1.3548,-1.0584375
2026-05-23,"LAS @ LVA","two point field goal","LAS @ LVA two point field goal",2026-05-24 01:21:21.95465,"dk",0.7614,-319,0.7959,-390,-0.0346,-0.0847,-4.2332,-3.3071875
2026-05-23,"LAS @ LVA","three point field goal","LAS @ LVA three point field goal",2026-05-24 01:51:21.376313,"dk",0.2386,319,0.2778,260,-0.0391,-0.0271,-1.3548,-1.0584375
2026-05-23,"LAS @ LVA","two point field goal","LAS @ LVA two point field goal",2026-05-24 01:51:21.376313,"dk",0.7614,-319,0.7959,-390,-0.0346,-0.0847,-4.2332,-3.3071875
2026-05-23,"LAS @ LVA","three point field goal","LAS @ LVA three point field goal",2026-05-24 02:21:22.612351,"dk",0.2386,319,0.2778,260,-0.0391,-0.0271,-1.3548,-1.0584375
2026-05-23,"LAS @ LVA","two point field goal","LAS @ LVA two point field goal",2026-05-24 02:21:22.612351,"dk",0.7614,-319,0.7959,-390,-0.0346,-0.0847,-4.2332,-3.3071875
2026-05-23,"LAS @ LVA","three point field goal","LAS @ LVA three point field goal",2026-05-24 02:51:22.080451,"dk",0.2386,319,0.2778,260,-0.0391,-0.0271,-1.3548,-1.0584375
2026-05-23,"LAS @ LVA","two point field goal","LAS @ LVA two point field goal",2026-05-24 02:51:22.080451,"dk",0.7614,-319,0.7959,-390,-0.0346,-0.0847,-4.2332,-3.3071875
2026-05-24,"PHX @ ATL","three point field goal","PHX @ ATL three point field goal",2026-05-24 13:21:20.863902,"dk",0.239,318,0.2857,250,-0.0467,-0.0327,-1.6349,-1.277265625
2026-05-24,"DAL @ NYL","three point field goal","DAL @ NYL three point field goal",2026-05-24 13:21:20.863902,"dk",0.2625,281,0.2899,245,-0.0274,-0.0193,-0.9629,-0.752265625
2026-05-24,"WAS @ SEA","three point field goal","WAS @ SEA three point field goal",2026-05-24 13:21:20.863902,"dk",0.2198,355,0.2597,285,-0.04,-0.027,-1.3492,-1.0540625
2026-05-24,"PHX @ ATL","two point field goal","PHX @ ATL two point field goal",2026-05-24 13:21:20.863902,"dk",0.761,-318,0.7872,-370,-0.0262,-0.0617,-3.083,-2.40859375
2026-05-24,"DAL @ NYL","two point field goal","DAL @ NYL two point field goal",2026-05-24 13:21:20.863902,"dk",0.7375,-281,0.7826,-360,-0.0451,-0.1038,-5.1878,-4.05296875
2026-05-24,"WAS @ SEA","two point field goal","WAS @ SEA two point field goal",2026-05-24 13:21:20.863902,"dk",0.7802,-355,0.8095,-425,-0.0293,-0.0769,-3.8473,-3.005703125
2026-05-24,"PHX @ ATL","three point field goal","PHX @ ATL three point field goal",2026-05-24 13:51:20.362145,"dk",0.239,318,0.2857,250,-0.0467,-0.0327,-1.6349,-1.277265625
2026-05-24,"DAL @ NYL","three point field goal","DAL @ NYL three point field goal",2026-05-24 13:51:20.362145,"dk",0.2625,281,0.2899,245,-0.0274,-0.0193,-0.9629,-0.752265625
2026-05-24,"WAS @ SEA","three point field goal","WAS @ SEA three point field goal",2026-05-24 13:51:20.362145,"dk",0.2198,355,0.2597,285,-0.04,-0.027,-1.3492,-1.0540625
2026-05-24,"PHX @ ATL","two point field goal","PHX @ ATL two point field goal",2026-05-24 13:51:20.362145,"dk",0.761,-318,0.7872,-370,-0.0262,-0.0617,-3.083,-2.40859375
2026-05-24,"DAL @ NYL","two point field goal","DAL @ NYL two point field goal",2026-05-24 13:51:20.362145,"dk",0.7375,-281,0.7826,-360,-0.0451,-0.1038,-5.1878,-4.05296875
2026-05-24,"WAS @ SEA","two point field goal","WAS @ SEA two point field goal",2026-05-24 13:51:20.362145,"dk",0.7802,-355,0.8095,-425,-0.0293,-0.0769,-3.8473,-3.005703125
2026-05-24,"PHX @ ATL","three point field goal","PHX @ ATL three point field goal",2026-05-24 14:21:20.253231,"dk",0.239,318,0.2857,250,-0.0467,-0.0327,-1.6349,-1.277265625
2026-05-24,"WAS @ SEA","three point field goal","WAS @ SEA three point field goal",2026-05-24 14:21:20.253231,"dk",0.2198,355,0.2597,285,-0.04,-0.027,-1.3492,-1.0540625
2026-05-24,"PHX @ ATL","two point field goal","PHX @ ATL two point field goal",2026-05-24 14:21:20.253231,"dk",0.761,-318,0.7872,-370,-0.0262,-0.0617,-3.083,-2.40859375
2026-05-24,"WAS @ SEA","two point field goal","WAS @ SEA two point field goal",2026-05-24 14:21:20.253231,"dk",0.7802,-355,0.8095,-425,-0.0293,-0.0769,-3.8473,-3.005703125
2026-05-24,"PHX @ ATL","three point field goal","PHX @ ATL three point field goal",2026-05-24 14:51:19.060639,"dk",0.239,318,0.2857,250,-0.0467,-0.0327,-1.6349,-1.277265625
2026-05-24,"DAL @ NYL","three point field goal","DAL @ NYL three point field goal",2026-05-24 14:51:19.060639,"dk",0.2625,281,0.2899,245,-0.0274,-0.0193,-0.9629,-0.752265625
2026-05-24,"WAS @ SEA","three point field goal","WAS @ SEA three point field goal",2026-05-24 14:51:19.060639,"dk",0.2198,355,0.2597,285,-0.04,-0.027,-1.3492,-1.0540625
2026-05-24,"PHX @ ATL","two point field goal","PHX @ ATL two point field goal",2026-05-24 14:51:19.060639,"dk",0.761,-318,0.7872,-370,-0.0262,-0.0617,-3.083,-2.40859375
2026-05-24,"DAL @ NYL","two point field goal","DAL @ NYL two point field goal",2026-05-24 14:51:19.060639,"dk",0.7375,-281,0.7826,-360,-0.0451,-0.1038,-5.1878,-4.05296875
2026-05-24,"WAS @ SEA","two point field goal","WAS @ SEA two point field goal",2026-05-24 14:51:19.060639,"dk",0.7802,-355,0.8095,-425,-0.0293,-0.0769,-3.8473,-3.005703125
2026-05-24,"PHX @ ATL","three point field goal","PHX @ ATL three point field goal",2026-05-24 15:21:20.207383,"dk",0.239,318,0.2857,250,-0.0467,-0.0327,-1.6349,-1.277265625
2026-05-24,"DAL @ NYL","three point field goal","DAL @ NYL three point field goal",2026-05-24 15:21:20.207383,"dk",0.2625,281,0.2899,245,-0.0274,-0.0193,-0.9629,-0.752265625
2026-05-24,"WAS @ SEA","three point field goal","WAS @ SEA three point field goal",2026-05-24 15:21:20.207383,"dk",0.2198,355,0.2597,285,-0.04,-0.027,-1.3492,-1.0540625
2026-05-24,"PHX @ ATL","two point field goal","PHX @ ATL two point field goal",2026-05-24 15:21:20.207383,"dk",0.761,-318,0.7872,-370,-0.0262,-0.0617,-3.083,-2.40859375
2026-05-24,"DAL @ NYL","two point field goal","DAL @ NYL two point field goal",2026-05-24 15:21:20.207383,"dk",0.7375,-281,0.7826,-360,-0.0451,-0.1038,-5.1878,-4.05296875
2026-05-24,"WAS @ SEA","two point field goal","WAS @ SEA two point field goal",2026-05-24 15:21:20.207383,"dk",0.7802,-355,0.8095,-425,-0.0293,-0.0769,-3.8473,-3.005703125
2026-05-24,"PHX @ ATL","three point field goal","PHX @ ATL three point field goal",2026-05-24 15:51:20.507043,"dk",0.239,318,0.2857,250,-0.0467,-0.0327,-1.6349,-1.277265625
2026-05-24,"DAL @ NYL","three point field goal","DAL @ NYL three point field goal",2026-05-24 15:51:20.507043,"dk",0.2625,281,0.2899,245,-0.0274,-0.0193,-0.9629,-0.752265625
2026-05-24,"WAS @ SEA","three point field goal","WAS @ SEA three point field goal",2026-05-24 15:51:20.507043,"dk",0.2198,355,0.2597,285,-0.04,-0.027,-1.3492,-1.0540625
2026-05-24,"PHX @ ATL","two point field goal","PHX @ ATL two point field goal",2026-05-24 15:51:20.507043,"dk",0.761,-318,0.7872,-370,-0.0262,-0.0617,-3.083,-2.40859375
2026-05-24,"DAL @ NYL","two point field goal","DAL @ NYL two point field goal",2026-05-24 15:51:20.507043,"dk",0.7375,-281,0.7826,-360,-0.0451,-0.1038,-5.1878,-4.05296875
2026-05-24,"WAS @ SEA","two point field goal","WAS @ SEA two point field goal",2026-05-24 15:51:20.507043,"dk",0.7802,-355,0.8095,-425,-0.0293,-0.0769,-3.8473,-3.005703125
2026-05-24,"PHX @ ATL","three point field goal","PHX @ ATL three point field goal",2026-05-24 16:21:19.765174,"dk",0.239,318,0.2857,250,-0.0467,-0.0327,-1.6349,-1.277265625
2026-05-24,"DAL @ NYL","three point field goal","DAL @ NYL three point field goal",2026-05-24 16:21:19.765174,"dk",0.2625,281,0.2899,245,-0.0274,-0.0193,-0.9629,-0.752265625
2026-05-24,"WAS @ SEA","three point field goal","WAS @ SEA three point field goal",2026-05-24 16:21:19.765174,"dk",0.2198,355,0.2597,285,-0.04,-0.027,-1.3492,-1.0540625
2026-05-24,"PHX @ ATL","two point field goal","PHX @ ATL two point field goal",2026-05-24 16:21:19.765174,"dk",0.761,-318,0.7872,-370,-0.0262,-0.0617,-3.083,-2.40859375
2026-05-24,"DAL @ NYL","two point field goal","DAL @ NYL two point field goal",2026-05-24 16:21:19.765174,"dk",0.7375,-281,0.7826,-360,-0.0451,-0.1038,-5.1878,-4.05296875
2026-05-24,"WAS @ SEA","two point field goal","WAS @ SEA two point field goal",2026-05-24 16:21:19.765174,"dk",0.7802,-355,0.8095,-425,-0.0293,-0.0769,-3.8473,-3.005703125
2026-05-24,"PHX @ ATL","three point field goal","PHX @ ATL three point field goal",2026-05-24 16:51:19.43571,"dk",0.239,318,0.2857,250,-0.0467,-0.0327,-1.6349,-1.277265625
2026-05-24,"DAL @ NYL","three point field goal","DAL @ NYL three point field goal",2026-05-24 16:51:19.43571,"dk",0.2625,281,0.2899,245,-0.0274,-0.0193,-0.9629,-0.752265625
2026-05-24,"WAS @ SEA","three point field goal","WAS @ SEA three point field goal",2026-05-24 16:51:19.43571,"dk",0.2198,355,0.2597,285,-0.04,-0.027,-1.3492,-1.0540625
2026-05-24,"PHX @ ATL","two point field goal","PHX @ ATL two point field goal",2026-05-24 16:51:19.43571,"dk",0.761,-318,0.7872,-370,-0.0262,-0.0617,-3.083,-2.40859375
2026-05-24,"DAL @ NYL","two point field goal","DAL @ NYL two point field goal",2026-05-24 16:51:19.43571,"dk",0.7375,-281,0.7826,-360,-0.0451,-0.1038,-5.1878,-4.05296875
2026-05-24,"WAS @ SEA","two point field goal","WAS @ SEA two point field goal",2026-05-24 16:51:19.43571,"dk",0.7802,-355,0.8095,-425,-0.0293,-0.0769,-3.8473,-3.005703125
2026-05-24,"PHX @ ATL","three point field goal","PHX @ ATL three point field goal",2026-05-24 17:21:21.157018,"dk",0.239,318,0.2857,250,-0.0467,-0.0327,-1.6349,-1.277265625
2026-05-24,"DAL @ NYL","three point field goal","DAL @ NYL three point field goal",2026-05-24 17:21:21.157018,"dk",0.2625,281,0.2899,245,-0.0274,-0.0193,-0.9629,-0.752265625
2026-05-24,"WAS @ SEA","three point field goal","WAS @ SEA three point field goal",2026-05-24 17:21:21.157018,"dk",0.2198,355,0.2597,285,-0.04,-0.027,-1.3492,-1.0540625
2026-05-24,"PHX @ ATL","two point field goal","PHX @ ATL two point field goal",2026-05-24 17:21:21.157018,"dk",0.761,-318,0.7872,-370,-0.0262,-0.0617,-3.083,-2.40859375
2026-05-24,"DAL @ NYL","two point field goal","DAL @ NYL two point field goal",2026-05-24 17:21:21.157018,"dk",0.7375,-281,0.7826,-360,-0.0451,-0.1038,-5.1878,-4.05296875
2026-05-24,"WAS @ SEA","two point field goal","WAS @ SEA two point field goal",2026-05-24 17:21:21.157018,"dk",0.7802,-355,0.8095,-425,-0.0293,-0.0769,-3.8473,-3.005703125
2026-05-24,"PHX @ ATL","three point field goal","PHX @ ATL three point field goal",2026-05-24 17:51:20.638873,"dk",0.239,318,0.2857,250,-0.0467,-0.0327,-1.6349,-1.277265625
2026-05-24,"DAL @ NYL","three point field goal","DAL @ NYL three point field goal",2026-05-24 17:51:20.638873,"dk",0.2625,281,0.2899,245,-0.0274,-0.0193,-0.9629,-0.752265625
2026-05-24,"WAS @ SEA","three point field goal","WAS @ SEA three point field goal",2026-05-24 17:51:20.638873,"dk",0.2198,355,0.2597,285,-0.04,-0.027,-1.3492,-1.0540625
2026-05-24,"PHX @ ATL","two point field goal","PHX @ ATL two point field goal",2026-05-24 17:51:20.638873,"dk",0.761,-318,0.7872,-370,-0.0262,-0.0617,-3.083,-2.40859375
2026-05-24,"DAL @ NYL","two point field goal","DAL @ NYL two point field goal",2026-05-24 17:51:20.638873,"dk",0.7375,-281,0.7826,-360,-0.0451,-0.1038,-5.1878,-4.05296875
2026-05-24,"WAS @ SEA","two point field goal","WAS @ SEA two point field goal",2026-05-24 17:51:20.638873,"dk",0.7802,-355,0.8095,-425,-0.0293,-0.0769,-3.8473,-3.005703125
2026-05-24,"PHX @ ATL","three point field goal","PHX @ ATL three point field goal",2026-05-24 18:21:19.390685,"dk",0.239,318,0.2857,250,-0.0467,-0.0327,-1.6349,-1.277265625
2026-05-24,"DAL @ NYL","three point field goal","DAL @ NYL three point field goal",2026-05-24 18:21:19.390685,"dk",0.2625,281,0.2899,245,-0.0274,-0.0193,-0.9629,-0.752265625
2026-05-24,"WAS @ SEA","three point field goal","WAS @ SEA three point field goal",2026-05-24 18:21:19.390685,"dk",0.2198,355,0.2597,285,-0.04,-0.027,-1.3492,-1.0540625
2026-05-24,"PHX @ ATL","two point field goal","PHX @ ATL two point field goal",2026-05-24 18:21:19.390685,"dk",0.761,-318,0.7872,-370,-0.0262,-0.0617,-3.083,-2.40859375
2026-05-24,"DAL @ NYL","two point field goal","DAL @ NYL two point field goal",2026-05-24 18:21:19.390685,"dk",0.7375,-281,0.7826,-360,-0.0451,-0.1038,-5.1878,-4.05296875
2026-05-24,"WAS @ SEA","two point field goal","WAS @ SEA two point field goal",2026-05-24 18:21:19.390685,"dk",0.7802,-355,0.8095,-425,-0.0293,-0.0769,-3.8473,-3.005703125
2026-05-24,"PHX @ ATL","three point field goal","PHX @ ATL three point field goal",2026-05-24 18:51:19.054517,"dk",0.2367,322,0.2857,250,-0.049,-0.0343,-1.7138,-1.33890625
2026-05-24,"DAL @ NYL","three point field goal","DAL @ NYL three point field goal",2026-05-24 18:51:19.054517,"dk",0.2625,281,0.2899,245,-0.0274,-0.0193,-0.9629,-0.752265625
2026-05-24,"WAS @ SEA","three point field goal","WAS @ SEA three point field goal",2026-05-24 18:51:19.054517,"dk",0.2198,355,0.2597,285,-0.04,-0.027,-1.3492,-1.0540625
2026-05-24,"PHX @ ATL","two point field goal","PHX @ ATL two point field goal",2026-05-24 18:51:19.054517,"dk",0.7633,-322,0.7872,-370,-0.024,-0.0564,-2.8179,-2.201484375
2026-05-24,"DAL @ NYL","two point field goal","DAL @ NYL two point field goal",2026-05-24 18:51:19.054517,"dk",0.7375,-281,0.7826,-360,-0.0451,-0.1038,-5.1878,-4.05296875
2026-05-24,"WAS @ SEA","two point field goal","WAS @ SEA two point field goal",2026-05-24 18:51:19.054517,"dk",0.7802,-355,0.8095,-425,-0.0293,-0.0769,-3.8473,-3.005703125
2026-05-24,"PHX @ ATL","three point field goal","PHX @ ATL three point field goal",2026-05-24 19:21:19.204051,"dk",0.2367,322,0.2857,250,-0.049,-0.0343,-1.7138,-1.33890625
2026-05-24,"DAL @ NYL","three point field goal","DAL @ NYL three point field goal",2026-05-24 19:21:19.204051,"dk",0.2625,281,0.2899,245,-0.0274,-0.0193,-0.9629,-0.752265625
2026-05-24,"WAS @ SEA","three point field goal","WAS @ SEA three point field goal",2026-05-24 19:21:19.204051,"dk",0.2198,355,0.2597,285,-0.04,-0.027,-1.3492,-1.0540625
2026-05-24,"PHX @ ATL","two point field goal","PHX @ ATL two point field goal",2026-05-24 19:21:19.204051,"dk",0.7633,-322,0.7872,-370,-0.024,-0.0564,-2.8179,-2.201484375
2026-05-24,"DAL @ NYL","two point field goal","DAL @ NYL two point field goal",2026-05-24 19:21:19.204051,"dk",0.7375,-281,0.7826,-360,-0.0451,-0.1038,-5.1878,-4.05296875
2026-05-24,"WAS @ SEA","two point field goal","WAS @ SEA two point field goal",2026-05-24 19:21:19.204051,"dk",0.7802,-355,0.8095,-425,-0.0293,-0.0769,-3.8473,-3.005703125
2026-05-24,"WAS @ SEA","three point field goal","WAS @ SEA three point field goal",2026-05-24 19:51:19.207294,"dk",0.2198,355,0.2128,370,0.007,0.0045,0.223,0.17421875
2026-05-24,"WAS @ SEA","two point field goal","WAS @ SEA two point field goal",2026-05-24 19:51:19.207294,"dk",0.7802,-355,0.8571,-600,-0.0769,-0.2693,-13.463,-10.51796875
2026-05-24,"WAS @ SEA","three point field goal","WAS @ SEA three point field goal",2026-05-24 20:21:19.118673,"dk",0.2198,355,0.2128,370,0.007,0.0045,0.223,0.17421875
2026-05-24,"WAS @ SEA","two point field goal","WAS @ SEA two point field goal",2026-05-24 20:21:19.118673,"dk",0.7802,-355,0.8571,-600,-0.0769,-0.2693,-13.463,-10.51796875
2026-05-24,"WAS @ SEA","three point field goal","WAS @ SEA three point field goal",2026-05-24 20:51:19.252726,"dk",0.2198,355,0.2128,370,0.007,0.0045,0.223,0.17421875
2026-05-24,"WAS @ SEA","two point field goal","WAS @ SEA two point field goal",2026-05-24 20:51:19.252726,"dk",0.7802,-355,0.8571,-600,-0.0769,-0.2693,-13.463,-10.51796875
2026-05-24,"WAS @ SEA","three point field goal","WAS @ SEA three point field goal",2026-05-24 21:21:19.052304,"dk",0.2198,355,0.2128,370,0.007,0.0045,0.223,0.17421875
2026-05-24,"WAS @ SEA","two point field goal","WAS @ SEA two point field goal",2026-05-24 21:21:19.052304,"dk",0.7802,-355,0.8571,-600,-0.0769,-0.2693,-13.463,-10.51796875
2026-05-24,"WAS @ SEA","three point field goal","WAS @ SEA three point field goal",2026-05-24 21:51:18.726274,"dk",0.2233,348,0.2128,370,0.0105,0.0067,0.3337,0.260703125
2026-05-24,"WAS @ SEA","two point field goal","WAS @ SEA two point field goal",2026-05-24 21:51:18.726274,"dk",0.7767,-348,0.8571,-600,-0.0804,-0.2815,-14.0729,-10.994453125
2026-05-24,"WAS @ SEA","three point field goal","WAS @ SEA three point field goal",2026-05-24 22:21:18.683851,"dk",0.2233,348,0.2128,370,0.0105,0.0067,0.3337,0.260703125
2026-05-24,"WAS @ SEA","two point field goal","WAS @ SEA two point field goal",2026-05-24 22:21:18.683851,"dk",0.7767,-348,0.8571,-600,-0.0804,-0.2815,-14.0729,-10.994453125
2026-05-24,"WAS @ SEA","three point field goal","WAS @ SEA three point field goal",2026-05-24 22:51:18.851446,"dk",0.2233,348,0.2128,370,0.0105,0.0067,0.3337,0.260703125
2026-05-24,"WAS @ SEA","two point field goal","WAS @ SEA two point field goal",2026-05-24 22:51:18.851446,"dk",0.7767,-348,0.8571,-600,-0.0804,-0.2815,-14.0729,-10.994453125
2026-05-24,"WAS @ SEA","three point field goal","WAS @ SEA three point field goal",2026-05-24 23:21:19.18134,"dk",0.2233,348,0.2128,370,0.0105,0.0067,0.3337,0.260703125
2026-05-24,"WAS @ SEA","two point field goal","WAS @ SEA two point field goal",2026-05-24 23:21:19.18134,"dk",0.7767,-348,0.8571,-600,-0.0804,-0.2815,-14.0729,-10.994453125
2026-05-24,"WAS @ SEA","three point field goal","WAS @ SEA three point field goal",2026-05-24 23:51:19.721832,"dk",0.2233,348,0.2128,370,0.0105,0.0067,0.3337,0.260703125
2026-05-24,"WAS @ SEA","two point field goal","WAS @ SEA two point field goal",2026-05-24 23:51:19.721832,"dk",0.7767,-348,0.8571,-600,-0.0804,-0.2815,-14.0729,-10.994453125
2026-05-24,"WAS @ SEA","three point field goal","WAS @ SEA three point field goal",2026-05-25 00:21:19.305219,"dk",0.2233,348,0.2128,370,0.0105,0.0067,0.3337,0.260703125
2026-05-24,"WAS @ SEA","two point field goal","WAS @ SEA two point field goal",2026-05-25 00:21:19.305219,"dk",0.7767,-348,0.8571,-600,-0.0804,-0.2815,-14.0729,-10.994453125
2026-05-24,"WAS @ SEA","three point field goal","WAS @ SEA three point field goal",2026-05-25 00:51:19.520941,"dk",0.2233,348,0.2128,370,0.0105,0.0067,0.3337,0.260703125
2026-05-24,"WAS @ SEA","two point field goal","WAS @ SEA two point field goal",2026-05-25 00:51:19.520941,"dk",0.7767,-348,0.8571,-600,-0.0804,-0.2815,-14.0729,-10.994453125
2026-05-24,"WAS @ SEA","three point field goal","WAS @ SEA three point field goal",2026-05-25 01:21:19.078279,"dk",0.2233,348,0.2128,370,0.0105,0.0067,0.3337,0.260703125
2026-05-24,"WAS @ SEA","two point field goal","WAS @ SEA two point field goal",2026-05-25 01:21:19.078279,"dk",0.7767,-348,0.8571,-600,-0.0804,-0.2815,-14.0729,-10.994453125
2026-05-24,"WAS @ SEA","three point field goal","WAS @ SEA three point field goal",2026-05-25 01:51:18.402418,"dk",0.2233,348,0.2128,370,0.0105,0.0067,0.3337,0.260703125
2026-05-24,"WAS @ SEA","two point field goal","WAS @ SEA two point field goal",2026-05-25 01:51:18.402418,"dk",0.7767,-348,0.8571,-600,-0.0804,-0.2815,-14.0729,-10.994453125
2026-05-24,"WAS @ SEA","three point field goal","WAS @ SEA three point field goal",2026-05-25 02:21:19.039012,"dk",0.2233,348,0.2128,370,0.0105,0.0067,0.3337,0.260703125
2026-05-24,"WAS @ SEA","two point field goal","WAS @ SEA two point field goal",2026-05-25 02:21:19.039012,"dk",0.7767,-348,0.8571,-600,-0.0804,-0.2815,-14.0729,-10.994453125
2026-05-24,"WAS @ SEA","three point field goal","WAS @ SEA three point field goal",2026-05-25 02:51:20.07834,"dk",0.2233,348,0.2128,370,0.0105,0.0067,0.3337,0.260703125
2026-05-24,"WAS @ SEA","two point field goal","WAS @ SEA two point field goal",2026-05-25 02:51:20.07834,"dk",0.7767,-348,0.8571,-600,-0.0804,-0.2815,-14.0729,-10.994453125
2026-05-25,"PDX @ NYL","three point field goal","PDX @ NYL three point field goal",2026-05-25 14:51:16.892975,"dk",0.2719,268,0.2857,250,-0.0138,-0.0097,-0.4837,-0.377890625
2026-05-25,"CON @ GSV","three point field goal","CON @ GSV three point field goal",2026-05-25 14:51:16.892975,"dk",0.2379,320,0.2597,285,-0.0219,-0.0148,-0.7382,-0.57671875
2026-05-25,"PDX @ NYL","two point field goal","PDX @ NYL two point field goal",2026-05-25 14:51:16.892975,"dk",0.7281,-268,0.7872,-370,-0.0591,-0.139,-6.9476,-5.4278125
2026-05-25,"CON @ GSV","two point field goal","CON @ GSV two point field goal",2026-05-25 14:51:16.892975,"dk",0.7621,-320,0.8182,-450,-0.0561,-0.1542,-7.7086,-6.02234375
2026-05-25,"PDX @ NYL","three point field goal","PDX @ NYL three point field goal",2026-05-25 15:21:16.457626,"dk",0.2719,268,0.2857,250,-0.0138,-0.0097,-0.4837,-0.377890625
2026-05-25,"CON @ GSV","three point field goal","CON @ GSV three point field goal",2026-05-25 15:21:16.457626,"dk",0.2379,320,0.2597,285,-0.0219,-0.0148,-0.7382,-0.57671875
2026-05-25,"PDX @ NYL","two point field goal","PDX @ NYL two point field goal",2026-05-25 15:21:16.457626,"dk",0.7281,-268,0.7872,-370,-0.0591,-0.139,-6.9476,-5.4278125
2026-05-25,"CON @ GSV","two point field goal","CON @ GSV two point field goal",2026-05-25 15:21:16.457626,"dk",0.7621,-320,0.8182,-450,-0.0561,-0.1542,-7.7086,-6.02234375
2026-05-25,"PDX @ NYL","three point field goal","PDX @ NYL three point field goal",2026-05-25 15:51:15.855606,"dk",0.2719,268,0.2857,250,-0.0138,-0.0097,-0.4837,-0.377890625
2026-05-25,"CON @ GSV","three point field goal","CON @ GSV three point field goal",2026-05-25 15:51:15.855606,"dk",0.2379,320,0.2597,285,-0.0219,-0.0148,-0.7382,-0.57671875
2026-05-25,"PDX @ NYL","two point field goal","PDX @ NYL two point field goal",2026-05-25 15:51:15.855606,"dk",0.7281,-268,0.7872,-370,-0.0591,-0.139,-6.9476,-5.4278125
2026-05-25,"CON @ GSV","two point field goal","CON @ GSV two point field goal",2026-05-25 15:51:15.855606,"dk",0.7621,-320,0.8182,-450,-0.0561,-0.1542,-7.7086,-6.02234375
2026-05-25,"PDX @ NYL","three point field goal","PDX @ NYL three point field goal",2026-05-25 16:21:16.289402,"dk",0.2719,268,0.2857,250,-0.0138,-0.0097,-0.4837,-0.377890625
2026-05-25,"CON @ GSV","three point field goal","CON @ GSV three point field goal",2026-05-25 16:21:16.289402,"dk",0.2379,320,0.2597,285,-0.0219,-0.0148,-0.7382,-0.57671875
2026-05-25,"PDX @ NYL","two point field goal","PDX @ NYL two point field goal",2026-05-25 16:21:16.289402,"dk",0.7281,-268,0.7872,-370,-0.0591,-0.139,-6.9476,-5.4278125
2026-05-25,"CON @ GSV","two point field goal","CON @ GSV two point field goal",2026-05-25 16:21:16.289402,"dk",0.7621,-320,0.8182,-450,-0.0561,-0.1542,-7.7086,-6.02234375
2026-05-25,"PDX @ NYL","three point field goal","PDX @ NYL three point field goal",2026-05-25 16:51:15.938593,"dk",0.2719,268,0.2857,250,-0.0138,-0.0097,-0.4837,-0.377890625
2026-05-25,"CON @ GSV","three point field goal","CON @ GSV three point field goal",2026-05-25 16:51:15.938593,"dk",0.2379,320,0.2597,285,-0.0219,-0.0148,-0.7382,-0.57671875
2026-05-25,"PDX @ NYL","two point field goal","PDX @ NYL two point field goal",2026-05-25 16:51:15.938593,"dk",0.7281,-268,0.7872,-370,-0.0591,-0.139,-6.9476,-5.4278125
2026-05-25,"CON @ GSV","two point field goal","CON @ GSV two point field goal",2026-05-25 16:51:15.938593,"dk",0.7621,-320,0.8182,-450,-0.0561,-0.1542,-7.7086,-6.02234375
2026-05-25,"PDX @ NYL","three point field goal","PDX @ NYL three point field goal",2026-05-25 17:21:17.540648,"dk",0.2826,254,0.2857,250,-0.0031,-0.0021,-0.1074,-0.08390625
2026-05-25,"CON @ GSV","three point field goal","CON @ GSV three point field goal",2026-05-25 17:21:17.540648,"dk",0.2379,320,0.2597,285,-0.0219,-0.0148,-0.7382,-0.57671875
2026-05-25,"PDX @ NYL","two point field goal","PDX @ NYL two point field goal",2026-05-25 17:21:17.540648,"dk",0.7174,-254,0.7872,-370,-0.0699,-0.1642,-8.2109,-6.414765625
2026-05-25,"CON @ GSV","two point field goal","CON @ GSV two point field goal",2026-05-25 17:21:17.540648,"dk",0.7621,-320,0.8182,-450,-0.0561,-0.1542,-7.7086,-6.02234375
2026-05-25,"PDX @ NYL","three point field goal","PDX @ NYL three point field goal",2026-05-25 17:51:23.795702,"dk",0.2826,254,0.2857,250,-0.0031,-0.0021,-0.1074,-0.08390625
2026-05-25,"CON @ GSV","three point field goal","CON @ GSV three point field goal",2026-05-25 17:51:23.795702,"dk",0.2379,320,0.2597,285,-0.0219,-0.0148,-0.7382,-0.57671875
2026-05-25,"PDX @ NYL","two point field goal","PDX @ NYL two point field goal",2026-05-25 17:51:23.795702,"dk",0.7174,-254,0.7872,-370,-0.0699,-0.1642,-8.2109,-6.414765625
2026-05-25,"CON @ GSV","two point field goal","CON @ GSV two point field goal",2026-05-25 17:51:23.795702,"dk",0.7621,-320,0.8182,-450,-0.0561,-0.1542,-7.7086,-6.02234375
2026-05-25,"PDX @ NYL","three point field goal","PDX @ NYL three point field goal",2026-05-25 18:21:18.308068,"dk",0.2826,254,0.2857,250,-0.0031,-0.0021,-0.1074,-0.08390625
2026-05-25,"CON @ GSV","three point field goal","CON @ GSV three point field goal",2026-05-25 18:21:18.308068,"dk",0.2379,320,0.2597,285,-0.0219,-0.0148,-0.7382,-0.57671875
2026-05-25,"PDX @ NYL","two point field goal","PDX @ NYL two point field goal",2026-05-25 18:21:18.308068,"dk",0.7174,-254,0.7872,-370,-0.0699,-0.1642,-8.2109,-6.414765625
2026-05-25,"CON @ GSV","two point field goal","CON @ GSV two point field goal",2026-05-25 18:21:18.308068,"dk",0.7621,-320,0.8182,-450,-0.0561,-0.1542,-7.7086,-6.02234375
2026-05-25,"PDX @ NYL","three point field goal","PDX @ NYL three point field goal",2026-05-25 18:51:16.710715,"dk",0.2826,254,0.2857,250,-0.0031,-0.0021,-0.1074,-0.08390625
2026-05-25,"CON @ GSV","three point field goal","CON @ GSV three point field goal",2026-05-25 18:51:16.710715,"dk",0.2379,320,0.2597,285,-0.0219,-0.0148,-0.7382,-0.57671875
2026-05-25,"PDX @ NYL","two point field goal","PDX @ NYL two point field goal",2026-05-25 18:51:16.710715,"dk",0.7174,-254,0.7872,-370,-0.0699,-0.1642,-8.2109,-6.414765625
2026-05-25,"CON @ GSV","two point field goal","CON @ GSV two point field goal",2026-05-25 18:51:16.710715,"dk",0.7621,-320,0.8182,-450,-0.0561,-0.1542,-7.7086,-6.02234375
2026-05-25,"PDX @ NYL","three point field goal","PDX @ NYL three point field goal",2026-05-25 19:21:16.50745,"dk",0.2826,254,0.2857,250,-0.0031,-0.0021,-0.1074,-0.08390625
2026-05-25,"CON @ GSV","three point field goal","CON @ GSV three point field goal",2026-05-25 19:21:16.50745,"dk",0.2379,320,0.2597,285,-0.0219,-0.0148,-0.7382,-0.57671875
2026-05-25,"PDX @ NYL","two point field goal","PDX @ NYL two point field goal",2026-05-25 19:21:16.50745,"dk",0.7174,-254,0.7872,-370,-0.0699,-0.1642,-8.2109,-6.414765625
2026-05-25,"CON @ GSV","two point field goal","CON @ GSV two point field goal",2026-05-25 19:21:16.50745,"dk",0.7621,-320,0.8182,-450,-0.0561,-0.1542,-7.7086,-6.02234375
2026-05-25,"PDX @ NYL","three point field goal","PDX @ NYL three point field goal",2026-05-25 19:51:16.333511,"dk",0.2826,254,0.3175,215,-0.0348,-0.0255,-1.2752,-0.99625
2026-05-25,"CON @ GSV","three point field goal","CON @ GSV three point field goal",2026-05-25 19:51:16.333511,"dk",0.2597,285,0.2899,245,-0.0302,-0.0212,-1.0616,-0.829375
2026-05-25,"PDX @ NYL","two point field goal","PDX @ NYL two point field goal",2026-05-25 19:51:16.333511,"dk",0.7174,-254,0.7561,-310,-0.0387,-0.0794,-3.9712,-3.1025
2026-05-25,"CON @ GSV","two point field goal","CON @ GSV two point field goal",2026-05-25 19:51:16.333511,"dk",0.7403,-285,0.7826,-360,-0.0423,-0.0973,-4.8655,-3.801171875
2026-05-25,"PDX @ NYL","three point field goal","PDX @ NYL three point field goal",2026-05-25 20:21:16.600113,"dk",0.2826,254,0.3175,215,-0.0348,-0.0255,-1.2752,-0.99625
2026-05-25,"CON @ GSV","three point field goal","CON @ GSV three point field goal",2026-05-25 20:21:16.600113,"dk",0.2597,285,0.2899,245,-0.0302,-0.0212,-1.0616,-0.829375
2026-05-25,"PDX @ NYL","two point field goal","PDX @ NYL two point field goal",2026-05-25 20:21:16.600113,"dk",0.7174,-254,0.7561,-310,-0.0387,-0.0794,-3.9712,-3.1025
2026-05-25,"CON @ GSV","two point field goal","CON @ GSV two point field goal",2026-05-25 20:21:16.600113,"dk",0.7403,-285,0.7826,-360,-0.0423,-0.0973,-4.8655,-3.801171875
2026-05-25,"PDX @ NYL","three point field goal","PDX @ NYL three point field goal",2026-05-25 20:51:17.93236,"dk",0.2826,254,0.3175,215,-0.0348,-0.0255,-1.2752,-0.99625
2026-05-25,"CON @ GSV","three point field goal","CON @ GSV three point field goal",2026-05-25 20:51:17.93236,"dk",0.2597,285,0.2899,245,-0.0302,-0.0212,-1.0616,-0.829375
2026-05-25,"PDX @ NYL","two point field goal","PDX @ NYL two point field goal",2026-05-25 20:51:17.93236,"dk",0.7174,-254,0.7561,-310,-0.0387,-0.0794,-3.9712,-3.1025
2026-05-25,"CON @ GSV","two point field goal","CON @ GSV two point field goal",2026-05-25 20:51:17.93236,"dk",0.7403,-285,0.7826,-360,-0.0423,-0.0973,-4.8655,-3.801171875
2026-05-25,"PDX @ NYL","three point field goal","PDX @ NYL three point field goal",2026-05-25 21:21:16.553438,"dk",0.2826,254,0.3175,215,-0.0348,-0.0255,-1.2752,-0.99625
2026-05-25,"CON @ GSV","three point field goal","CON @ GSV three point field goal",2026-05-25 21:21:16.553438,"dk",0.2597,285,0.2899,245,-0.0302,-0.0212,-1.0616,-0.829375
2026-05-25,"PDX @ NYL","two point field goal","PDX @ NYL two point field goal",2026-05-25 21:21:16.553438,"dk",0.7174,-254,0.7561,-310,-0.0387,-0.0794,-3.9712,-3.1025
2026-05-25,"CON @ GSV","two point field goal","CON @ GSV two point field goal",2026-05-25 21:21:16.553438,"dk",0.7403,-285,0.7826,-360,-0.0423,-0.0973,-4.8655,-3.801171875
2026-05-25,"PDX @ NYL","three point field goal","PDX @ NYL three point field goal",2026-05-25 21:51:17.979063,"dk",0.2826,254,0.3175,215,-0.0348,-0.0255,-1.2752,-0.99625
2026-05-25,"CON @ GSV","three point field goal","CON @ GSV three point field goal",2026-05-25 21:51:17.979063,"dk",0.2597,285,0.2899,245,-0.0302,-0.0212,-1.0616,-0.829375
2026-05-25,"PDX @ NYL","two point field goal","PDX @ NYL two point field goal",2026-05-25 21:51:17.979063,"dk",0.7174,-254,0.7561,-310,-0.0387,-0.0794,-3.9712,-3.1025
2026-05-25,"CON @ GSV","two point field goal","CON @ GSV two point field goal",2026-05-25 21:51:17.979063,"dk",0.7403,-285,0.7826,-360,-0.0423,-0.0973,-4.8655,-3.801171875
2026-05-25,"PDX @ NYL","three point field goal","PDX @ NYL three point field goal",2026-05-25 22:21:17.235937,"dk",0.2826,254,0.3175,215,-0.0348,-0.0255,-1.2752,-0.99625
2026-05-25,"CON @ GSV","three point field goal","CON @ GSV three point field goal",2026-05-25 22:21:17.235937,"dk",0.2597,285,0.2899,245,-0.0302,-0.0212,-1.0616,-0.829375
2026-05-25,"PDX @ NYL","two point field goal","PDX @ NYL two point field goal",2026-05-25 22:21:17.235937,"dk",0.7174,-254,0.7561,-310,-0.0387,-0.0794,-3.9712,-3.1025
2026-05-25,"CON @ GSV","two point field goal","CON @ GSV two point field goal",2026-05-25 22:21:17.235937,"dk",0.7403,-285,0.7826,-360,-0.0423,-0.0973,-4.8655,-3.801171875
2026-05-25,"PDX @ NYL","three point field goal","PDX @ NYL three point field goal",2026-05-25 22:51:17.928917,"dk",0.2826,254,0.3175,215,-0.0348,-0.0255,-1.2752,-0.99625
2026-05-25,"CON @ GSV","three point field goal","CON @ GSV three point field goal",2026-05-25 22:51:17.928917,"dk",0.2597,285,0.2899,245,-0.0302,-0.0212,-1.0616,-0.829375
2026-05-25,"PDX @ NYL","two point field goal","PDX @ NYL two point field goal",2026-05-25 22:51:17.928917,"dk",0.7174,-254,0.7561,-310,-0.0387,-0.0794,-3.9712,-3.1025
2026-05-25,"CON @ GSV","two point field goal","CON @ GSV two point field goal",2026-05-25 22:51:17.928917,"dk",0.7403,-285,0.7826,-360,-0.0423,-0.0973,-4.8655,-3.801171875
2026-05-25,"PDX @ NYL","three point field goal","PDX @ NYL three point field goal",2026-05-25 23:21:16.306991,"dk",0.2842,252,0.3175,215,-0.0333,-0.0244,-1.2187,-0.952109375
2026-05-25,"CON @ GSV","three point field goal","CON @ GSV three point field goal",2026-05-25 23:21:16.306991,"dk",0.2597,285,0.2899,245,-0.0302,-0.0212,-1.0616,-0.829375
2026-05-25,"PDX @ NYL","two point field goal","PDX @ NYL two point field goal",2026-05-25 23:21:16.306991,"dk",0.7158,-252,0.7561,-310,-0.0403,-0.0826,-4.1293,-3.226015625
2026-05-25,"CON @ GSV","two point field goal","CON @ GSV two point field goal",2026-05-25 23:21:16.306991,"dk",0.7403,-285,0.7826,-360,-0.0423,-0.0973,-4.8655,-3.801171875
2026-05-25,"PDX @ NYL","three point field goal","PDX @ NYL three point field goal",2026-05-25 23:51:17.003555,"dk",0.2842,252,0.3175,215,-0.0333,-0.0244,-1.2187,-0.952109375
2026-05-25,"CON @ GSV","three point field goal","CON @ GSV three point field goal",2026-05-25 23:51:17.003555,"dk",0.2597,285,0.2899,245,-0.0302,-0.0212,-1.0616,-0.829375
2026-05-25,"PDX @ NYL","two point field goal","PDX @ NYL two point field goal",2026-05-25 23:51:17.003555,"dk",0.7158,-252,0.7561,-310,-0.0403,-0.0826,-4.1293,-3.226015625
2026-05-25,"CON @ GSV","two point field goal","CON @ GSV two point field goal",2026-05-25 23:51:17.003555,"dk",0.7403,-285,0.7826,-360,-0.0423,-0.0973,-4.8655,-3.801171875
2026-05-27,"PHX @ NYL","three point field goal","PHX @ NYL three point field goal",2026-05-27 13:51:23.992741,"dk",0.2378,320,0.3077,225,-0.0699,-0.0505,-2.5227,-1.970859375
2026-05-27,"TOR @ CHI","three point field goal","TOR @ CHI three point field goal",2026-05-27 13:51:23.992741,"dk",0.2266,341,0.2857,250,-0.0591,-0.0414,-2.0696,-1.616875
2026-05-27,"ATL @ MIN","three point field goal","ATL @ MIN three point field goal",2026-05-27 13:51:23.992741,"dk",0.2536,294,0.3226,210,-0.069,-0.0509,-2.5455,-1.988671875
2026-05-27,"PHX @ NYL","two point field goal","PHX @ NYL two point field goal",2026-05-27 13:51:23.992741,"dk",0.7622,-320,0.7674,-330,-0.0053,-0.0113,-0.5672,-0.443125
2026-05-27,"TOR @ CHI","two point field goal","TOR @ CHI two point field goal",2026-05-27 13:51:23.992741,"dk",0.7734,-341,0.7872,-370,-0.0138,-0.0325,-1.6235,-1.268359375
2026-05-27,"ATL @ MIN","two point field goal","ATL @ MIN two point field goal",2026-05-27 13:51:23.992741,"dk",0.7464,-294,0.75,-300,-0.0036,-0.0072,-0.3607,-0.281796875
2026-05-27,"PHX @ NYL","three point field goal","PHX @ NYL three point field goal",2026-05-27 14:21:23.313349,"dk",0.2378,320,0.3077,225,-0.0699,-0.0505,-2.5227,-1.970859375
2026-05-27,"TOR @ CHI","three point field goal","TOR @ CHI three point field goal",2026-05-27 14:21:23.313349,"dk",0.2266,341,0.2857,250,-0.0591,-0.0414,-2.0696,-1.616875
2026-05-27,"ATL @ MIN","three point field goal","ATL @ MIN three point field goal",2026-05-27 14:21:23.313349,"dk",0.2536,294,0.3226,210,-0.069,-0.0509,-2.5455,-1.988671875
2026-05-27,"PHX @ NYL","two point field goal","PHX @ NYL two point field goal",2026-05-27 14:21:23.313349,"dk",0.7622,-320,0.7674,-330,-0.0053,-0.0113,-0.5672,-0.443125
2026-05-27,"TOR @ CHI","two point field goal","TOR @ CHI two point field goal",2026-05-27 14:21:23.313349,"dk",0.7734,-341,0.7872,-370,-0.0138,-0.0325,-1.6235,-1.268359375
2026-05-27,"ATL @ MIN","two point field goal","ATL @ MIN two point field goal",2026-05-27 14:21:23.313349,"dk",0.7464,-294,0.75,-300,-0.0036,-0.0072,-0.3607,-0.281796875
2026-05-27,"PHX @ NYL","three point field goal","PHX @ NYL three point field goal",2026-05-27 14:51:23.377483,"dk",0.2378,320,0.3077,225,-0.0699,-0.0505,-2.5227,-1.970859375
2026-05-27,"TOR @ CHI","three point field goal","TOR @ CHI three point field goal",2026-05-27 14:51:23.377483,"dk",0.2266,341,0.2857,250,-0.0591,-0.0414,-2.0696,-1.616875
2026-05-27,"ATL @ MIN","three point field goal","ATL @ MIN three point field goal",2026-05-27 14:51:23.377483,"dk",0.2536,294,0.2703,270,-0.0167,-0.0114,-0.5709,-0.446015625
2026-05-27,"CON @ PDX","three point field goal","CON @ PDX three point field goal",2026-05-27 14:51:23.377483,"dk",0.2562,290,0.2532,295,0.003,0.002,0.1012,0.0790625
2026-05-27,"WAS @ SEA","three point field goal","WAS @ SEA three point field goal",2026-05-27 14:51:23.377483,"dk",0.2532,295,0.25,300,0.0032,0.0021,0.1054,0.08234375
2026-05-27,"PHX @ NYL","two point field goal","PHX @ NYL two point field goal",2026-05-27 14:51:23.377483,"dk",0.7622,-320,0.7674,-330,-0.0053,-0.0113,-0.5672,-0.443125
2026-05-27,"TOR @ CHI","two point field goal","TOR @ CHI two point field goal",2026-05-27 14:51:23.377483,"dk",0.7734,-341,0.7872,-370,-0.0138,-0.0325,-1.6235,-1.268359375
2026-05-27,"ATL @ MIN","two point field goal","ATL @ MIN two point field goal",2026-05-27 14:51:23.377483,"dk",0.7464,-294,0.8,-400,-0.0536,-0.134,-6.7009,-5.235078125
2026-05-27,"CON @ PDX","two point field goal","CON @ PDX two point field goal",2026-05-27 14:51:23.377483,"dk",0.7438,-290,0.8182,-450,-0.0744,-0.2045,-10.2259,-7.988984375
2026-05-27,"WAS @ SEA","two point field goal","WAS @ SEA two point field goal",2026-05-27 14:51:23.377483,"dk",0.7468,-295,0.8261,-475,-0.0792,-0.2278,-11.3918,-8.89984375
2026-05-27,"PHX @ NYL","three point field goal","PHX @ NYL three point field goal",2026-05-27 15:21:24.410132,"dk",0.2378,320,0.3077,225,-0.0699,-0.0505,-2.5228,-1.9709375
2026-05-27,"TOR @ CHI","three point field goal","TOR @ CHI three point field goal",2026-05-27 15:21:24.410132,"dk",0.2266,341,0.2857,250,-0.0591,-0.0414,-2.0696,-1.616875
2026-05-27,"ATL @ MIN","three point field goal","ATL @ MIN three point field goal",2026-05-27 15:21:24.410132,"dk",0.2536,294,0.2703,270,-0.0167,-0.0114,-0.5709,-0.446015625
2026-05-27,"CON @ PDX","three point field goal","CON @ PDX three point field goal",2026-05-27 15:21:24.410132,"dk",0.2562,290,0.2532,295,0.003,0.002,0.1012,0.0790625
2026-05-27,"WAS @ SEA","three point field goal","WAS @ SEA three point field goal",2026-05-27 15:21:24.410132,"dk",0.2532,295,0.25,300,0.0032,0.0021,0.1054,0.08234375
2026-05-27,"PHX @ NYL","two point field goal","PHX @ NYL two point field goal",2026-05-27 15:21:24.410132,"dk",0.7622,-320,0.7674,-330,-0.0053,-0.0113,-0.5667,-0.442734375
2026-05-27,"TOR @ CHI","two point field goal","TOR @ CHI two point field goal",2026-05-27 15:21:24.410132,"dk",0.7734,-341,0.7872,-370,-0.0138,-0.0325,-1.6235,-1.268359375
2026-05-27,"ATL @ MIN","two point field goal","ATL @ MIN two point field goal",2026-05-27 15:21:24.410132,"dk",0.7464,-294,0.8,-400,-0.0536,-0.134,-6.7009,-5.235078125
2026-05-27,"CON @ PDX","two point field goal","CON @ PDX two point field goal",2026-05-27 15:21:24.410132,"dk",0.7438,-290,0.8182,-450,-0.0744,-0.2045,-10.2259,-7.988984375
2026-05-27,"WAS @ SEA","two point field goal","WAS @ SEA two point field goal",2026-05-27 15:21:24.410132,"dk",0.7468,-295,0.8261,-475,-0.0792,-0.2278,-11.3918,-8.89984375
2026-05-27,"PHX @ NYL","three point field goal","PHX @ NYL three point field goal",2026-05-27 15:51:24.423462,"dk",0.2378,320,0.3077,225,-0.0699,-0.0505,-2.5228,-1.9709375
2026-05-27,"TOR @ CHI","three point field goal","TOR @ CHI three point field goal",2026-05-27 15:51:24.423462,"dk",0.2266,341,0.2857,250,-0.0591,-0.0414,-2.0696,-1.616875
2026-05-27,"ATL @ MIN","three point field goal","ATL @ MIN three point field goal",2026-05-27 15:51:24.423462,"dk",0.2536,294,0.2703,270,-0.0167,-0.0114,-0.5709,-0.446015625
2026-05-27,"CON @ PDX","three point field goal","CON @ PDX three point field goal",2026-05-27 15:51:24.423462,"dk",0.2562,290,0.2532,295,0.003,0.002,0.1012,0.0790625
2026-05-27,"WAS @ SEA","three point field goal","WAS @ SEA three point field goal",2026-05-27 15:51:24.423462,"dk",0.2532,295,0.25,300,0.0032,0.0021,0.1054,0.08234375
2026-05-27,"PHX @ NYL","two point field goal","PHX @ NYL two point field goal",2026-05-27 15:51:24.423462,"dk",0.7622,-320,0.7674,-330,-0.0053,-0.0113,-0.5667,-0.442734375
2026-05-27,"TOR @ CHI","two point field goal","TOR @ CHI two point field goal",2026-05-27 15:51:24.423462,"dk",0.7734,-341,0.7872,-370,-0.0138,-0.0325,-1.6235,-1.268359375
2026-05-27,"ATL @ MIN","two point field goal","ATL @ MIN two point field goal",2026-05-27 15:51:24.423462,"dk",0.7464,-294,0.8,-400,-0.0536,-0.134,-6.7009,-5.235078125
2026-05-27,"CON @ PDX","two point field goal","CON @ PDX two point field goal",2026-05-27 15:51:24.423462,"dk",0.7438,-290,0.8182,-450,-0.0744,-0.2045,-10.2259,-7.988984375
2026-05-27,"WAS @ SEA","two point field goal","WAS @ SEA two point field goal",2026-05-27 15:51:24.423462,"dk",0.7468,-295,0.8261,-475,-0.0792,-0.2278,-11.3918,-8.89984375
2026-05-27,"PHX @ NYL","three point field goal","PHX @ NYL three point field goal",2026-05-27 16:21:23.511951,"dk",0.2378,320,0.2941,240,-0.0563,-0.0399,-1.9937,-1.557578125
2026-05-27,"TOR @ CHI","three point field goal","TOR @ CHI three point field goal",2026-05-27 16:21:23.511951,"dk",0.2266,341,0.2857,250,-0.0591,-0.0414,-2.0696,-1.616875
2026-05-27,"ATL @ MIN","three point field goal","ATL @ MIN three point field goal",2026-05-27 16:21:23.511951,"dk",0.2536,294,0.2703,270,-0.0167,-0.0114,-0.5709,-0.446015625
2026-05-27,"CON @ PDX","three point field goal","CON @ PDX three point field goal",2026-05-27 16:21:23.511951,"dk",0.2562,290,0.2532,295,0.003,0.002,0.1012,0.0790625
2026-05-27,"WAS @ SEA","three point field goal","WAS @ SEA three point field goal",2026-05-27 16:21:23.511951,"dk",0.2532,295,0.25,300,0.0032,0.0021,0.1054,0.08234375
2026-05-27,"PHX @ NYL","two point field goal","PHX @ NYL two point field goal",2026-05-27 16:21:23.511951,"dk",0.7622,-320,0.7778,-350,-0.0156,-0.0351,-1.7553,-1.371328125
2026-05-27,"TOR @ CHI","two point field goal","TOR @ CHI two point field goal",2026-05-27 16:21:23.511951,"dk",0.7734,-341,0.7872,-370,-0.0138,-0.0325,-1.6235,-1.268359375
2026-05-27,"ATL @ MIN","two point field goal","ATL @ MIN two point field goal",2026-05-27 16:21:23.511951,"dk",0.7464,-294,0.8,-400,-0.0536,-0.134,-6.7009,-5.235078125
2026-05-27,"CON @ PDX","two point field goal","CON @ PDX two point field goal",2026-05-27 16:21:23.511951,"dk",0.7438,-290,0.8182,-450,-0.0744,-0.2045,-10.2259,-7.988984375
2026-05-27,"WAS @ SEA","two point field goal","WAS @ SEA two point field goal",2026-05-27 16:21:23.511951,"dk",0.7468,-295,0.8261,-475,-0.0792,-0.2278,-11.3918,-8.89984375
2026-05-27,"PHX @ NYL","three point field goal","PHX @ NYL three point field goal",2026-05-27 16:51:23.267788,"dk",0.2378,320,0.2941,240,-0.0563,-0.0399,-1.9937,-1.557578125
2026-05-27,"TOR @ CHI","three point field goal","TOR @ CHI three point field goal",2026-05-27 16:51:23.267788,"dk",0.2266,341,0.2857,250,-0.0591,-0.0414,-2.0696,-1.616875
2026-05-27,"ATL @ MIN","three point field goal","ATL @ MIN three point field goal",2026-05-27 16:51:23.267788,"dk",0.2536,294,0.2703,270,-0.0167,-0.0114,-0.5709,-0.446015625
2026-05-27,"CON @ PDX","three point field goal","CON @ PDX three point field goal",2026-05-27 16:51:23.267788,"dk",0.2562,290,0.2532,295,0.003,0.002,0.1012,0.0790625
2026-05-27,"WAS @ SEA","three point field goal","WAS @ SEA three point field goal",2026-05-27 16:51:23.267788,"dk",0.2532,295,0.25,300,0.0032,0.0021,0.1054,0.08234375
2026-05-27,"PHX @ NYL","two point field goal","PHX @ NYL two point field goal",2026-05-27 16:51:23.267788,"dk",0.7622,-320,0.7778,-350,-0.0156,-0.0351,-1.7553,-1.371328125
2026-05-27,"TOR @ CHI","two point field goal","TOR @ CHI two point field goal",2026-05-27 16:51:23.267788,"dk",0.7734,-341,0.7872,-370,-0.0138,-0.0325,-1.6235,-1.268359375
2026-05-27,"ATL @ MIN","two point field goal","ATL @ MIN two point field goal",2026-05-27 16:51:23.267788,"dk",0.7464,-294,0.8,-400,-0.0536,-0.134,-6.7009,-5.235078125
2026-05-27,"CON @ PDX","two point field goal","CON @ PDX two point field goal",2026-05-27 16:51:23.267788,"dk",0.7438,-290,0.8182,-450,-0.0744,-0.2045,-10.2259,-7.988984375
2026-05-27,"WAS @ SEA","two point field goal","WAS @ SEA two point field goal",2026-05-27 16:51:23.267788,"dk",0.7468,-295,0.8261,-475,-0.0792,-0.2278,-11.3918,-8.89984375
2026-05-27,"PHX @ NYL","three point field goal","PHX @ NYL three point field goal",2026-05-27 17:21:22.522119,"dk",0.2395,317,0.3333,200,-0.0938,-0.0704,-3.5179,-2.748359375
2026-05-27,"TOR @ CHI","three point field goal","TOR @ CHI three point field goal",2026-05-27 17:21:22.522119,"dk",0.2266,341,0.2857,250,-0.0591,-0.0414,-2.0696,-1.616875
2026-05-27,"ATL @ MIN","three point field goal","ATL @ MIN three point field goal",2026-05-27 17:21:22.522119,"dk",0.2536,294,0.2703,270,-0.0167,-0.0114,-0.5709,-0.446015625
2026-05-27,"CON @ PDX","three point field goal","CON @ PDX three point field goal",2026-05-27 17:21:22.522119,"dk",0.2562,290,0.2532,295,0.003,0.002,0.1012,0.0790625
2026-05-27,"WAS @ SEA","three point field goal","WAS @ SEA three point field goal",2026-05-27 17:21:22.522119,"dk",0.2532,295,0.25,300,0.0032,0.0021,0.1054,0.08234375
2026-05-27,"PHX @ NYL","two point field goal","PHX @ NYL two point field goal",2026-05-27 17:21:22.522119,"dk",0.7605,-317,0.7403,-285,0.0202,0.0389,1.946,1.5203125
2026-05-27,"TOR @ CHI","two point field goal","TOR @ CHI two point field goal",2026-05-27 17:21:22.522119,"dk",0.7734,-341,0.7872,-370,-0.0138,-0.0325,-1.6235,-1.268359375
2026-05-27,"ATL @ MIN","two point field goal","ATL @ MIN two point field goal",2026-05-27 17:21:22.522119,"dk",0.7464,-294,0.8,-400,-0.0536,-0.134,-6.7009,-5.235078125
2026-05-27,"CON @ PDX","two point field goal","CON @ PDX two point field goal",2026-05-27 17:21:22.522119,"dk",0.7438,-290,0.8182,-450,-0.0744,-0.2045,-10.2259,-7.988984375
2026-05-27,"WAS @ SEA","two point field goal","WAS @ SEA two point field goal",2026-05-27 17:21:22.522119,"dk",0.7468,-295,0.8261,-475,-0.0792,-0.2278,-11.3918,-8.89984375
2026-05-27,"PHX @ NYL","three point field goal","PHX @ NYL three point field goal",2026-05-27 17:51:23.604775,"dk",0.2395,317,0.3333,200,-0.0938,-0.0704,-3.5179,-2.748359375
2026-05-27,"TOR @ CHI","three point field goal","TOR @ CHI three point field goal",2026-05-27 17:51:23.604775,"dk",0.2266,341,0.2857,250,-0.0591,-0.0414,-2.0696,-1.616875
2026-05-27,"ATL @ MIN","three point field goal","ATL @ MIN three point field goal",2026-05-27 17:51:23.604775,"dk",0.2536,294,0.2703,270,-0.0167,-0.0114,-0.5709,-0.446015625
2026-05-27,"CON @ PDX","three point field goal","CON @ PDX three point field goal",2026-05-27 17:51:23.604775,"dk",0.2562,290,0.2532,295,0.003,0.002,0.1012,0.0790625
2026-05-27,"WAS @ SEA","three point field goal","WAS @ SEA three point field goal",2026-05-27 17:51:23.604775,"dk",0.2532,295,0.25,300,0.0032,0.0021,0.1054,0.08234375
2026-05-27,"PHX @ NYL","two point field goal","PHX @ NYL two point field goal",2026-05-27 17:51:23.604775,"dk",0.7605,-317,0.7403,-285,0.0202,0.0389,1.946,1.5203125
2026-05-27,"TOR @ CHI","two point field goal","TOR @ CHI two point field goal",2026-05-27 17:51:23.604775,"dk",0.7734,-341,0.7872,-370,-0.0138,-0.0325,-1.6235,-1.268359375
2026-05-27,"ATL @ MIN","two point field goal","ATL @ MIN two point field goal",2026-05-27 17:51:23.604775,"dk",0.7464,-294,0.8,-400,-0.0536,-0.134,-6.7009,-5.235078125
2026-05-27,"CON @ PDX","two point field goal","CON @ PDX two point field goal",2026-05-27 17:51:23.604775,"dk",0.7438,-290,0.8182,-450,-0.0744,-0.2045,-10.2259,-7.988984375
2026-05-27,"WAS @ SEA","two point field goal","WAS @ SEA two point field goal",2026-05-27 17:51:23.604775,"dk",0.7468,-295,0.8261,-475,-0.0792,-0.2278,-11.3921,-8.900078125
2026-05-27,"PHX @ NYL","three point field goal","PHX @ NYL three point field goal",2026-05-27 18:21:23.232691,"dk",0.2395,317,0.3333,200,-0.0938,-0.0704,-3.5179,-2.748359375
2026-05-27,"TOR @ CHI","three point field goal","TOR @ CHI three point field goal",2026-05-27 18:21:23.232691,"dk",0.2266,341,0.2857,250,-0.0591,-0.0414,-2.0696,-1.616875
2026-05-27,"ATL @ MIN","three point field goal","ATL @ MIN three point field goal",2026-05-27 18:21:23.232691,"dk",0.2536,294,0.2703,270,-0.0167,-0.0114,-0.5709,-0.446015625
2026-05-27,"CON @ PDX","three point field goal","CON @ PDX three point field goal",2026-05-27 18:21:23.232691,"dk",0.2562,290,0.2532,295,0.003,0.002,0.1012,0.0790625
2026-05-27,"WAS @ SEA","three point field goal","WAS @ SEA three point field goal",2026-05-27 18:21:23.232691,"dk",0.2532,295,0.25,300,0.0032,0.0021,0.1054,0.08234375
2026-05-27,"PHX @ NYL","two point field goal","PHX @ NYL two point field goal",2026-05-27 18:21:23.232691,"dk",0.7605,-317,0.7403,-285,0.0202,0.0389,1.946,1.5203125
2026-05-27,"TOR @ CHI","two point field goal","TOR @ CHI two point field goal",2026-05-27 18:21:23.232691,"dk",0.7734,-341,0.7872,-370,-0.0138,-0.0325,-1.6235,-1.268359375
2026-05-27,"ATL @ MIN","two point field goal","ATL @ MIN two point field goal",2026-05-27 18:21:23.232691,"dk",0.7464,-294,0.8,-400,-0.0536,-0.134,-6.7009,-5.235078125
2026-05-27,"CON @ PDX","two point field goal","CON @ PDX two point field goal",2026-05-27 18:21:23.232691,"dk",0.7438,-290,0.8182,-450,-0.0744,-0.2045,-10.2259,-7.988984375
2026-05-27,"WAS @ SEA","two point field goal","WAS @ SEA two point field goal",2026-05-27 18:21:23.232691,"dk",0.7468,-295,0.8261,-475,-0.0792,-0.2278,-11.3918,-8.89984375
2026-05-27,"PHX @ NYL","three point field goal","PHX @ NYL three point field goal",2026-05-27 18:51:23.491363,"dk",0.2395,317,0.3333,200,-0.0938,-0.0704,-3.5179,-2.748359375
2026-05-27,"TOR @ CHI","three point field goal","TOR @ CHI three point field goal",2026-05-27 18:51:23.491363,"dk",0.2266,341,0.2857,250,-0.0591,-0.0414,-2.0696,-1.616875
2026-05-27,"ATL @ MIN","three point field goal","ATL @ MIN three point field goal",2026-05-27 18:51:23.491363,"dk",0.2536,294,0.2703,270,-0.0167,-0.0114,-0.5709,-0.446015625
2026-05-27,"CON @ PDX","three point field goal","CON @ PDX three point field goal",2026-05-27 18:51:23.491363,"dk",0.2562,290,0.2532,295,0.003,0.002,0.1012,0.0790625
2026-05-27,"WAS @ SEA","three point field goal","WAS @ SEA three point field goal",2026-05-27 18:51:23.491363,"dk",0.2532,295,0.25,300,0.0032,0.0021,0.1054,0.08234375
2026-05-27,"PHX @ NYL","two point field goal","PHX @ NYL two point field goal",2026-05-27 18:51:23.491363,"dk",0.7605,-317,0.7403,-285,0.0202,0.0389,1.946,1.5203125
2026-05-27,"TOR @ CHI","two point field goal","TOR @ CHI two point field goal",2026-05-27 18:51:23.491363,"dk",0.7734,-341,0.7872,-370,-0.0138,-0.0325,-1.6235,-1.268359375
2026-05-27,"ATL @ MIN","two point field goal","ATL @ MIN two point field goal",2026-05-27 18:51:23.491363,"dk",0.7464,-294,0.8,-400,-0.0536,-0.134,-6.7009,-5.235078125
2026-05-27,"CON @ PDX","two point field goal","CON @ PDX two point field goal",2026-05-27 18:51:23.491363,"dk",0.7438,-290,0.8182,-450,-0.0744,-0.2045,-10.2259,-7.988984375
2026-05-27,"WAS @ SEA","two point field goal","WAS @ SEA two point field goal",2026-05-27 18:51:23.491363,"dk",0.7468,-295,0.8261,-475,-0.0792,-0.2278,-11.3918,-8.89984375
2026-05-27,"PHX @ NYL","three point field goal","PHX @ NYL three point field goal",2026-05-27 19:21:22.72568,"dk",0.2395,317,0.3333,200,-0.0938,-0.0704,-3.5179,-2.748359375
2026-05-27,"TOR @ CHI","three point field goal","TOR @ CHI three point field goal",2026-05-27 19:21:22.72568,"dk",0.2266,341,0.2857,250,-0.0591,-0.0414,-2.0696,-1.616875
2026-05-27,"ATL @ MIN","three point field goal","ATL @ MIN three point field goal",2026-05-27 19:21:22.72568,"dk",0.2536,294,0.2703,270,-0.0167,-0.0114,-0.5709,-0.446015625
2026-05-27,"CON @ PDX","three point field goal","CON @ PDX three point field goal",2026-05-27 19:21:22.72568,"dk",0.2562,290,0.2532,295,0.003,0.002,0.1012,0.0790625
2026-05-27,"WAS @ SEA","three point field goal","WAS @ SEA three point field goal",2026-05-27 19:21:22.72568,"dk",0.2532,295,0.25,300,0.0032,0.0021,0.1054,0.08234375
2026-05-27,"PHX @ NYL","two point field goal","PHX @ NYL two point field goal",2026-05-27 19:21:22.72568,"dk",0.7605,-317,0.7403,-285,0.0202,0.0389,1.946,1.5203125
2026-05-27,"TOR @ CHI","two point field goal","TOR @ CHI two point field goal",2026-05-27 19:21:22.72568,"dk",0.7734,-341,0.7872,-370,-0.0138,-0.0325,-1.6235,-1.268359375
2026-05-27,"ATL @ MIN","two point field goal","ATL @ MIN two point field goal",2026-05-27 19:21:22.72568,"dk",0.7464,-294,0.8,-400,-0.0536,-0.134,-6.7009,-5.235078125
2026-05-27,"CON @ PDX","two point field goal","CON @ PDX two point field goal",2026-05-27 19:21:22.72568,"dk",0.7438,-290,0.8182,-450,-0.0744,-0.2045,-10.2259,-7.988984375
2026-05-27,"WAS @ SEA","two point field goal","WAS @ SEA two point field goal",2026-05-27 19:21:22.72568,"dk",0.7468,-295,0.8261,-475,-0.0792,-0.2278,-11.3918,-8.89984375
2026-05-27,"PHX @ NYL","three point field goal","PHX @ NYL three point field goal",2026-05-27 19:51:24.002126,"dk",0.2395,317,0.3333,200,-0.0938,-0.0704,-3.5179,-2.748359375
2026-05-27,"TOR @ CHI","three point field goal","TOR @ CHI three point field goal",2026-05-27 19:51:24.002126,"dk",0.2266,341,0.2857,250,-0.0591,-0.0414,-2.0696,-1.616875
2026-05-27,"ATL @ MIN","three point field goal","ATL @ MIN three point field goal",2026-05-27 19:51:24.002126,"dk",0.2536,294,0.2703,270,-0.0167,-0.0114,-0.5709,-0.446015625
2026-05-27,"CON @ PDX","three point field goal","CON @ PDX three point field goal",2026-05-27 19:51:24.002126,"dk",0.2562,290,0.2532,295,0.003,0.002,0.1012,0.0790625
2026-05-27,"WAS @ SEA","three point field goal","WAS @ SEA three point field goal",2026-05-27 19:51:24.002126,"dk",0.2532,295,0.25,300,0.0032,0.0021,0.1054,0.08234375
2026-05-27,"PHX @ NYL","two point field goal","PHX @ NYL two point field goal",2026-05-27 19:51:24.002126,"dk",0.7605,-317,0.7403,-285,0.0202,0.0389,1.946,1.5203125
2026-05-27,"TOR @ CHI","two point field goal","TOR @ CHI two point field goal",2026-05-27 19:51:24.002126,"dk",0.7734,-341,0.7872,-370,-0.0138,-0.0325,-1.6235,-1.268359375
2026-05-27,"ATL @ MIN","two point field goal","ATL @ MIN two point field goal",2026-05-27 19:51:24.002126,"dk",0.7464,-294,0.8,-400,-0.0536,-0.134,-6.7009,-5.235078125
2026-05-27,"CON @ PDX","two point field goal","CON @ PDX two point field goal",2026-05-27 19:51:24.002126,"dk",0.7438,-290,0.8182,-450,-0.0744,-0.2045,-10.2259,-7.988984375
2026-05-27,"WAS @ SEA","two point field goal","WAS @ SEA two point field goal",2026-05-27 19:51:24.002126,"dk",0.7468,-295,0.8261,-475,-0.0792,-0.2278,-11.3918,-8.89984375
2026-05-27,"PHX @ NYL","three point field goal","PHX @ NYL three point field goal",2026-05-27 20:21:22.708276,"dk",0.2395,317,0.3333,200,-0.0938,-0.0704,-3.5179,-2.748359375
2026-05-27,"TOR @ CHI","three point field goal","TOR @ CHI three point field goal",2026-05-27 20:21:22.708276,"dk",0.2266,341,0.2857,250,-0.0591,-0.0414,-2.0694,-1.61671875
2026-05-27,"ATL @ MIN","three point field goal","ATL @ MIN three point field goal",2026-05-27 20:21:22.708276,"dk",0.2536,294,0.2703,270,-0.0167,-0.0114,-0.5709,-0.446015625
2026-05-27,"CON @ PDX","three point field goal","CON @ PDX three point field goal",2026-05-27 20:21:22.708276,"dk",0.2562,290,0.2532,295,0.003,0.002,0.1012,0.0790625
2026-05-27,"WAS @ SEA","three point field goal","WAS @ SEA three point field goal",2026-05-27 20:21:22.708276,"dk",0.2532,295,0.25,300,0.0032,0.0021,0.1054,0.08234375
2026-05-27,"PHX @ NYL","two point field goal","PHX @ NYL two point field goal",2026-05-27 20:21:22.708276,"dk",0.7605,-317,0.7403,-285,0.0202,0.0389,1.946,1.5203125
2026-05-27,"TOR @ CHI","two point field goal","TOR @ CHI two point field goal",2026-05-27 20:21:22.708276,"dk",0.7734,-341,0.7872,-370,-0.0138,-0.0325,-1.6241,-1.268828125
2026-05-27,"ATL @ MIN","two point field goal","ATL @ MIN two point field goal",2026-05-27 20:21:22.708276,"dk",0.7464,-294,0.8,-400,-0.0536,-0.134,-6.7009,-5.235078125
2026-05-27,"CON @ PDX","two point field goal","CON @ PDX two point field goal",2026-05-27 20:21:22.708276,"dk",0.7438,-290,0.8182,-450,-0.0744,-0.2045,-10.2259,-7.988984375
2026-05-27,"WAS @ SEA","two point field goal","WAS @ SEA two point field goal",2026-05-27 20:21:22.708276,"dk",0.7468,-295,0.8261,-475,-0.0792,-0.2278,-11.3918,-8.89984375
2026-05-27,"PHX @ NYL","three point field goal","PHX @ NYL three point field goal",2026-05-27 20:51:22.936701,"dk",0.2395,317,0.3333,200,-0.0938,-0.0704,-3.5179,-2.748359375
2026-05-27,"TOR @ CHI","three point field goal","TOR @ CHI three point field goal",2026-05-27 20:51:22.936701,"dk",0.2266,341,0.2857,250,-0.0591,-0.0414,-2.0694,-1.61671875
2026-05-27,"ATL @ MIN","three point field goal","ATL @ MIN three point field goal",2026-05-27 20:51:22.936701,"dk",0.2536,294,0.2703,270,-0.0167,-0.0114,-0.5709,-0.446015625
2026-05-27,"CON @ PDX","three point field goal","CON @ PDX three point field goal",2026-05-27 20:51:22.936701,"dk",0.2562,290,0.2532,295,0.003,0.002,0.1012,0.0790625
2026-05-27,"WAS @ SEA","three point field goal","WAS @ SEA three point field goal",2026-05-27 20:51:22.936701,"dk",0.2532,295,0.25,300,0.0032,0.0021,0.1054,0.08234375
2026-05-27,"PHX @ NYL","two point field goal","PHX @ NYL two point field goal",2026-05-27 20:51:22.936701,"dk",0.7605,-317,0.7403,-285,0.0202,0.0389,1.946,1.5203125
2026-05-27,"TOR @ CHI","two point field goal","TOR @ CHI two point field goal",2026-05-27 20:51:22.936701,"dk",0.7734,-341,0.7872,-370,-0.0138,-0.0325,-1.6241,-1.268828125
2026-05-27,"ATL @ MIN","two point field goal","ATL @ MIN two point field goal",2026-05-27 20:51:22.936701,"dk",0.7464,-294,0.8,-400,-0.0536,-0.134,-6.7009,-5.235078125
2026-05-27,"CON @ PDX","two point field goal","CON @ PDX two point field goal",2026-05-27 20:51:22.936701,"dk",0.7438,-290,0.8182,-450,-0.0744,-0.2045,-10.2259,-7.988984375
2026-05-27,"WAS @ SEA","two point field goal","WAS @ SEA two point field goal",2026-05-27 20:51:22.936701,"dk",0.7468,-295,0.8261,-475,-0.0792,-0.2278,-11.3918,-8.89984375
2026-05-27,"PHX @ NYL","three point field goal","PHX @ NYL three point field goal",2026-05-27 21:21:21.220389,"dk",0.2395,317,0.3333,200,-0.0938,-0.0704,-3.5179,-2.748359375
2026-05-27,"TOR @ CHI","three point field goal","TOR @ CHI three point field goal",2026-05-27 21:21:21.220389,"dk",0.2266,341,0.2857,250,-0.0591,-0.0414,-2.0694,-1.61671875
2026-05-27,"ATL @ MIN","three point field goal","ATL @ MIN three point field goal",2026-05-27 21:21:21.220389,"dk",0.2536,294,0.2703,270,-0.0167,-0.0114,-0.5709,-0.446015625
2026-05-27,"CON @ PDX","three point field goal","CON @ PDX three point field goal",2026-05-27 21:21:21.220389,"dk",0.2562,290,0.2532,295,0.003,0.002,0.1012,0.0790625
2026-05-27,"WAS @ SEA","three point field goal","WAS @ SEA three point field goal",2026-05-27 21:21:21.220389,"dk",0.2532,295,0.25,300,0.0032,0.0021,0.1054,0.08234375
2026-05-27,"PHX @ NYL","two point field goal","PHX @ NYL two point field goal",2026-05-27 21:21:21.220389,"dk",0.7605,-317,0.7403,-285,0.0202,0.0389,1.946,1.5203125
2026-05-27,"TOR @ CHI","two point field goal","TOR @ CHI two point field goal",2026-05-27 21:21:21.220389,"dk",0.7734,-341,0.7872,-370,-0.0138,-0.0325,-1.6241,-1.268828125
2026-05-27,"ATL @ MIN","two point field goal","ATL @ MIN two point field goal",2026-05-27 21:21:21.220389,"dk",0.7464,-294,0.8,-400,-0.0536,-0.134,-6.7009,-5.235078125
2026-05-27,"CON @ PDX","two point field goal","CON @ PDX two point field goal",2026-05-27 21:21:21.220389,"dk",0.7438,-290,0.8182,-450,-0.0744,-0.2045,-10.2259,-7.988984375
2026-05-27,"WAS @ SEA","two point field goal","WAS @ SEA two point field goal",2026-05-27 21:21:21.220389,"dk",0.7468,-295,0.8261,-475,-0.0792,-0.2278,-11.3918,-8.89984375
2026-05-27,"PHX @ NYL","three point field goal","PHX @ NYL three point field goal",2026-05-27 21:51:21.556475,"dk",0.2395,317,0.3333,200,-0.0938,-0.0704,-3.5179,-2.748359375
2026-05-27,"TOR @ CHI","three point field goal","TOR @ CHI three point field goal",2026-05-27 21:51:21.556475,"dk",0.2266,341,0.2857,250,-0.0591,-0.0414,-2.0694,-1.61671875
2026-05-27,"ATL @ MIN","three point field goal","ATL @ MIN three point field goal",2026-05-27 21:51:21.556475,"dk",0.2536,294,0.2703,270,-0.0167,-0.0114,-0.5709,-0.446015625
2026-05-27,"CON @ PDX","three point field goal","CON @ PDX three point field goal",2026-05-27 21:51:21.556475,"dk",0.2562,290,0.2532,295,0.003,0.002,0.1012,0.0790625
2026-05-27,"WAS @ SEA","three point field goal","WAS @ SEA three point field goal",2026-05-27 21:51:21.556475,"dk",0.2532,295,0.25,300,0.0032,0.0021,0.1054,0.08234375
2026-05-27,"PHX @ NYL","two point field goal","PHX @ NYL two point field goal",2026-05-27 21:51:21.556475,"dk",0.7605,-317,0.7403,-285,0.0202,0.0389,1.946,1.5203125
2026-05-27,"TOR @ CHI","two point field goal","TOR @ CHI two point field goal",2026-05-27 21:51:21.556475,"dk",0.7734,-341,0.7872,-370,-0.0138,-0.0325,-1.6241,-1.268828125
2026-05-27,"ATL @ MIN","two point field goal","ATL @ MIN two point field goal",2026-05-27 21:51:21.556475,"dk",0.7464,-294,0.8,-400,-0.0536,-0.134,-6.7009,-5.235078125
2026-05-27,"CON @ PDX","two point field goal","CON @ PDX two point field goal",2026-05-27 21:51:21.556475,"dk",0.7438,-290,0.8182,-450,-0.0744,-0.2045,-10.2259,-7.988984375
2026-05-27,"WAS @ SEA","two point field goal","WAS @ SEA two point field goal",2026-05-27 21:51:21.556475,"dk",0.7468,-295,0.8261,-475,-0.0792,-0.2278,-11.3918,-8.89984375
2026-05-27,"PHX @ NYL","three point field goal","PHX @ NYL three point field goal",2026-05-27 22:21:21.710433,"dk",0.2395,317,0.3333,200,-0.0938,-0.0704,-3.5179,-2.748359375
2026-05-27,"TOR @ CHI","three point field goal","TOR @ CHI three point field goal",2026-05-27 22:21:21.710433,"dk",0.2266,341,0.2857,250,-0.0591,-0.0414,-2.0694,-1.61671875
2026-05-27,"ATL @ MIN","three point field goal","ATL @ MIN three point field goal",2026-05-27 22:21:21.710433,"dk",0.2536,294,0.2703,270,-0.0167,-0.0114,-0.5709,-0.446015625
2026-05-27,"CON @ PDX","three point field goal","CON @ PDX three point field goal",2026-05-27 22:21:21.710433,"dk",0.2562,290,0.2532,295,0.003,0.002,0.1013,0.079140625
2026-05-27,"WAS @ SEA","three point field goal","WAS @ SEA three point field goal",2026-05-27 22:21:21.710433,"dk",0.2532,295,0.25,300,0.0032,0.0021,0.1054,0.08234375
2026-05-27,"PHX @ NYL","two point field goal","PHX @ NYL two point field goal",2026-05-27 22:21:21.710433,"dk",0.7605,-317,0.7403,-285,0.0202,0.0389,1.946,1.5203125
2026-05-27,"TOR @ CHI","two point field goal","TOR @ CHI two point field goal",2026-05-27 22:21:21.710433,"dk",0.7734,-341,0.7872,-370,-0.0138,-0.0325,-1.6241,-1.268828125
2026-05-27,"ATL @ MIN","two point field goal","ATL @ MIN two point field goal",2026-05-27 22:21:21.710433,"dk",0.7464,-294,0.8,-400,-0.0536,-0.134,-6.7009,-5.235078125
2026-05-27,"CON @ PDX","two point field goal","CON @ PDX two point field goal",2026-05-27 22:21:21.710433,"dk",0.7438,-290,0.8182,-450,-0.0744,-0.2045,-10.2261,-7.989140625
2026-05-27,"WAS @ SEA","two point field goal","WAS @ SEA two point field goal",2026-05-27 22:21:21.710433,"dk",0.7468,-295,0.8261,-475,-0.0792,-0.2278,-11.3918,-8.89984375
2026-05-27,"PHX @ NYL","three point field goal","PHX @ NYL three point field goal",2026-05-27 22:51:21.685871,"dk",0.2451,308,0.3333,200,-0.0882,-0.0662,-3.3077,-2.584140625
2026-05-27,"TOR @ CHI","three point field goal","TOR @ CHI three point field goal",2026-05-27 22:51:21.685871,"dk",0.2266,341,0.2857,250,-0.0591,-0.0414,-2.0694,-1.61671875
2026-05-27,"ATL @ MIN","three point field goal","ATL @ MIN three point field goal",2026-05-27 22:51:21.685871,"dk",0.2536,294,0.2703,270,-0.0167,-0.0114,-0.5709,-0.446015625
2026-05-27,"CON @ PDX","three point field goal","CON @ PDX three point field goal",2026-05-27 22:51:21.685871,"dk",0.2562,290,0.2532,295,0.003,0.002,0.1013,0.079140625
2026-05-27,"WAS @ SEA","three point field goal","WAS @ SEA three point field goal",2026-05-27 22:51:21.685871,"dk",0.2532,295,0.25,300,0.0032,0.0021,0.1054,0.08234375
2026-05-27,"PHX @ NYL","two point field goal","PHX @ NYL two point field goal",2026-05-27 22:51:21.685871,"dk",0.7549,-308,0.7403,-285,0.0146,0.0281,1.4065,1.098828125
2026-05-27,"TOR @ CHI","two point field goal","TOR @ CHI two point field goal",2026-05-27 22:51:21.685871,"dk",0.7734,-341,0.7872,-370,-0.0138,-0.0325,-1.6241,-1.268828125
2026-05-27,"ATL @ MIN","two point field goal","ATL @ MIN two point field goal",2026-05-27 22:51:21.685871,"dk",0.7464,-294,0.8,-400,-0.0536,-0.134,-6.7009,-5.235078125
2026-05-27,"CON @ PDX","two point field goal","CON @ PDX two point field goal",2026-05-27 22:51:21.685871,"dk",0.7438,-290,0.8182,-450,-0.0744,-0.2045,-10.2261,-7.989140625
2026-05-27,"WAS @ SEA","two point field goal","WAS @ SEA two point field goal",2026-05-27 22:51:21.685871,"dk",0.7468,-295,0.8261,-475,-0.0792,-0.2278,-11.3918,-8.89984375
2026-05-27,"PHX @ NYL","three point field goal","PHX @ NYL three point field goal",2026-05-27 23:21:21.32303,"dk",0.2425,312,0.3333,200,-0.0909,-0.0682,-3.408,-2.6625
2026-05-27,"TOR @ CHI","three point field goal","TOR @ CHI three point field goal",2026-05-27 23:21:21.32303,"dk",0.2266,341,0.2857,250,-0.0591,-0.0414,-2.0694,-1.61671875
2026-05-27,"ATL @ MIN","three point field goal","ATL @ MIN three point field goal",2026-05-27 23:21:21.32303,"dk",0.2536,294,0.2703,270,-0.0167,-0.0114,-0.5709,-0.446015625
2026-05-27,"CON @ PDX","three point field goal","CON @ PDX three point field goal",2026-05-27 23:21:21.32303,"dk",0.2562,290,0.2532,295,0.003,0.002,0.1013,0.079140625
2026-05-27,"WAS @ SEA","three point field goal","WAS @ SEA three point field goal",2026-05-27 23:21:21.32303,"dk",0.2532,295,0.25,300,0.0032,0.0021,0.1054,0.08234375
2026-05-27,"PHX @ NYL","two point field goal","PHX @ NYL two point field goal",2026-05-27 23:21:21.32303,"dk",0.7575,-312,0.7403,-285,0.0173,0.0333,1.6639,1.299921875
2026-05-27,"TOR @ CHI","two point field goal","TOR @ CHI two point field goal",2026-05-27 23:21:21.32303,"dk",0.7734,-341,0.7872,-370,-0.0138,-0.0325,-1.6241,-1.268828125
2026-05-27,"ATL @ MIN","two point field goal","ATL @ MIN two point field goal",2026-05-27 23:21:21.32303,"dk",0.7464,-294,0.8,-400,-0.0536,-0.134,-6.7009,-5.235078125
2026-05-27,"CON @ PDX","two point field goal","CON @ PDX two point field goal",2026-05-27 23:21:21.32303,"dk",0.7438,-290,0.8182,-450,-0.0744,-0.2045,-10.2261,-7.989140625
2026-05-27,"WAS @ SEA","two point field goal","WAS @ SEA two point field goal",2026-05-27 23:21:21.32303,"dk",0.7468,-295,0.8261,-475,-0.0792,-0.2278,-11.3918,-8.89984375
2026-05-27,"TOR @ CHI","three point field goal","TOR @ CHI three point field goal",2026-05-27 23:51:20.803488,"dk",0.2266,341,0.2857,250,-0.0591,-0.0414,-2.0694,-1.61671875
2026-05-27,"ATL @ MIN","three point field goal","ATL @ MIN three point field goal",2026-05-27 23:51:20.803488,"dk",0.2536,294,0.2703,270,-0.0167,-0.0114,-0.5709,-0.446015625
2026-05-27,"CON @ PDX","three point field goal","CON @ PDX three point field goal",2026-05-27 23:51:20.803488,"dk",0.2562,290,0.2532,295,0.003,0.002,0.1013,0.079140625
2026-05-27,"WAS @ SEA","three point field goal","WAS @ SEA three point field goal",2026-05-27 23:51:20.803488,"dk",0.2532,295,0.25,300,0.0032,0.0021,0.1054,0.08234375
2026-05-27,"TOR @ CHI","two point field goal","TOR @ CHI two point field goal",2026-05-27 23:51:20.803488,"dk",0.7734,-341,0.7872,-370,-0.0138,-0.0325,-1.6241,-1.268828125
2026-05-27,"ATL @ MIN","two point field goal","ATL @ MIN two point field goal",2026-05-27 23:51:20.803488,"dk",0.7464,-294,0.8,-400,-0.0536,-0.134,-6.7009,-5.235078125
2026-05-27,"CON @ PDX","two point field goal","CON @ PDX two point field goal",2026-05-27 23:51:20.803488,"dk",0.7438,-290,0.8182,-450,-0.0744,-0.2045,-10.2261,-7.989140625
2026-05-27,"WAS @ SEA","two point field goal","WAS @ SEA two point field goal",2026-05-27 23:51:20.803488,"dk",0.7468,-295,0.8261,-475,-0.0792,-0.2278,-11.3918,-8.89984375
2026-05-27,"TOR @ CHI","three point field goal","TOR @ CHI three point field goal",2026-05-28 00:21:21.546797,"dk",0.2266,341,0.2857,250,-0.0591,-0.0414,-2.0694,-1.61671875
2026-05-27,"ATL @ MIN","three point field goal","ATL @ MIN three point field goal",2026-05-28 00:21:21.546797,"dk",0.2536,294,0.2703,270,-0.0167,-0.0114,-0.5708,-0.4459375
2026-05-27,"CON @ PDX","three point field goal","CON @ PDX three point field goal",2026-05-28 00:21:21.546797,"dk",0.2562,290,0.2532,295,0.003,0.002,0.1013,0.079140625
2026-05-27,"WAS @ SEA","three point field goal","WAS @ SEA three point field goal",2026-05-28 00:21:21.546797,"dk",0.2532,295,0.25,300,0.0032,0.0021,0.1054,0.08234375
2026-05-27,"TOR @ CHI","two point field goal","TOR @ CHI two point field goal",2026-05-28 00:21:21.546797,"dk",0.7734,-341,0.7872,-370,-0.0138,-0.0325,-1.6241,-1.268828125
2026-05-27,"ATL @ MIN","two point field goal","ATL @ MIN two point field goal",2026-05-28 00:21:21.546797,"dk",0.7464,-294,0.8,-400,-0.0536,-0.134,-6.7011,-5.235234375
2026-05-27,"CON @ PDX","two point field goal","CON @ PDX two point field goal",2026-05-28 00:21:21.546797,"dk",0.7438,-290,0.8182,-450,-0.0744,-0.2045,-10.2261,-7.989140625
2026-05-27,"WAS @ SEA","two point field goal","WAS @ SEA two point field goal",2026-05-28 00:21:21.546797,"dk",0.7468,-295,0.8261,-475,-0.0792,-0.2278,-11.3918,-8.89984375
2026-05-27,"ATL @ MIN","three point field goal","ATL @ MIN three point field goal",2026-05-28 00:51:20.558288,"dk",0.2536,294,0.2703,270,-0.0167,-0.0114,-0.5708,-0.4459375
2026-05-27,"CON @ PDX","three point field goal","CON @ PDX three point field goal",2026-05-28 00:51:20.558288,"dk",0.2562,290,0.2532,295,0.003,0.002,0.1013,0.079140625
2026-05-27,"WAS @ SEA","three point field goal","WAS @ SEA three point field goal",2026-05-28 00:51:20.558288,"dk",0.2532,295,0.25,300,0.0032,0.0021,0.1054,0.08234375
2026-05-27,"ATL @ MIN","two point field goal","ATL @ MIN two point field goal",2026-05-28 00:51:20.558288,"dk",0.7464,-294,0.8,-400,-0.0536,-0.134,-6.7011,-5.235234375
2026-05-27,"CON @ PDX","two point field goal","CON @ PDX two point field goal",2026-05-28 00:51:20.558288,"dk",0.7438,-290,0.8182,-450,-0.0744,-0.2045,-10.2261,-7.989140625
2026-05-27,"WAS @ SEA","two point field goal","WAS @ SEA two point field goal",2026-05-28 00:51:20.558288,"dk",0.7468,-295,0.8261,-475,-0.0792,-0.2278,-11.3918,-8.89984375
2026-05-27,"ATL @ MIN","three point field goal","ATL @ MIN three point field goal",2026-05-28 01:21:21.506067,"dk",0.2536,294,0.2703,270,-0.0167,-0.0114,-0.5708,-0.4459375
2026-05-27,"CON @ PDX","three point field goal","CON @ PDX three point field goal",2026-05-28 01:21:21.506067,"dk",0.2562,290,0.2532,295,0.003,0.002,0.1013,0.079140625
2026-05-27,"WAS @ SEA","three point field goal","WAS @ SEA three point field goal",2026-05-28 01:21:21.506067,"dk",0.2532,295,0.25,300,0.0032,0.0021,0.1054,0.08234375
2026-05-27,"ATL @ MIN","two point field goal","ATL @ MIN two point field goal",2026-05-28 01:21:21.506067,"dk",0.7464,-294,0.8,-400,-0.0536,-0.134,-6.7011,-5.235234375
2026-05-27,"CON @ PDX","two point field goal","CON @ PDX two point field goal",2026-05-28 01:21:21.506067,"dk",0.7438,-290,0.8182,-450,-0.0744,-0.2045,-10.2261,-7.989140625
2026-05-27,"WAS @ SEA","two point field goal","WAS @ SEA two point field goal",2026-05-28 01:21:21.506067,"dk",0.7468,-295,0.8261,-475,-0.0792,-0.2278,-11.3918,-8.89984375
2026-05-27,"CON @ PDX","three point field goal","CON @ PDX three point field goal",2026-05-28 01:51:21.36721,"dk",0.2524,296,0.2532,295,-8e-04,-5e-04,-0.0258,-0.02015625
2026-05-27,"WAS @ SEA","three point field goal","WAS @ SEA three point field goal",2026-05-28 01:51:21.36721,"dk",0.2532,295,0.25,300,0.0032,0.0021,0.1054,0.08234375
2026-05-27,"CON @ PDX","two point field goal","CON @ PDX two point field goal",2026-05-28 01:51:21.36721,"dk",0.7476,-296,0.8182,-450,-0.0706,-0.1941,-9.7042,-7.58140625
2026-05-27,"WAS @ SEA","two point field goal","WAS @ SEA two point field goal",2026-05-28 01:51:21.36721,"dk",0.7468,-295,0.8261,-475,-0.0792,-0.2278,-11.3918,-8.89984375
2026-05-27,"CON @ PDX","three point field goal","CON @ PDX three point field goal",2026-05-28 02:21:21.37823,"dk",0.2524,296,0.2532,295,-8e-04,-5e-04,-0.0258,-0.02015625
2026-05-27,"WAS @ SEA","three point field goal","WAS @ SEA three point field goal",2026-05-28 02:21:21.37823,"dk",0.2532,295,0.25,300,0.0032,0.0021,0.1054,0.08234375
2026-05-27,"CON @ PDX","two point field goal","CON @ PDX two point field goal",2026-05-28 02:21:21.37823,"dk",0.7476,-296,0.8182,-450,-0.0706,-0.1941,-9.7042,-7.58140625
2026-05-27,"WAS @ SEA","two point field goal","WAS @ SEA two point field goal",2026-05-28 02:21:21.37823,"dk",0.7468,-295,0.8261,-475,-0.0792,-0.2278,-11.3918,-8.89984375
2026-05-27,"CON @ PDX","three point field goal","CON @ PDX three point field goal",2026-05-28 02:51:21.270033,"dk",0.2524,296,0.2532,295,-8e-04,-5e-04,-0.0258,-0.02015625
2026-05-27,"WAS @ SEA","three point field goal","WAS @ SEA three point field goal",2026-05-28 02:51:21.270033,"dk",0.2532,295,0.25,300,0.0032,0.0021,0.1054,0.08234375
2026-05-27,"CON @ PDX","two point field goal","CON @ PDX two point field goal",2026-05-28 02:51:21.270033,"dk",0.7476,-296,0.8182,-450,-0.0706,-0.1941,-9.7042,-7.58140625
2026-05-27,"WAS @ SEA","two point field goal","WAS @ SEA two point field goal",2026-05-28 02:51:21.270033,"dk",0.7468,-295,0.8261,-475,-0.0792,-0.2278,-11.3918,-8.89984375
2026-05-28,"LVA @ DAL","three point field goal","LVA @ DAL three point field goal",2026-05-28 14:21:25.053905,"dk",0.2403,316,0.2174,360,0.0229,0.0146,0.7311,0.571171875
2026-05-28,"LVA @ DAL","two point field goal","LVA @ DAL two point field goal",2026-05-28 14:21:25.053905,"dk",0.7597,-316,0.8519,-575,-0.0921,-0.3109,-15.5468,-12.1459375
2026-05-28,"LVA @ DAL","three point field goal","LVA @ DAL three point field goal",2026-05-28 14:51:24.612514,"dk",0.2403,316,0.2174,360,0.0229,0.0146,0.7311,0.571171875
2026-05-28,"IND @ GSV","three point field goal","IND @ GSV three point field goal",2026-05-28 14:51:24.612514,"dk",0.2685,272,0.2703,270,-0.0018,-0.0012,-0.0612,-0.0478125
2026-05-28,"LVA @ DAL","two point field goal","LVA @ DAL two point field goal",2026-05-28 14:51:24.612514,"dk",0.7597,-316,0.8519,-575,-0.0921,-0.3109,-15.5467,-12.145859375
2026-05-28,"IND @ GSV","two point field goal","IND @ GSV two point field goal",2026-05-28 14:51:24.612514,"dk",0.7315,-272,0.8,-400,-0.0685,-0.1712,-8.5605,-6.687890625
2026-05-28,"LVA @ DAL","three point field goal","LVA @ DAL three point field goal",2026-05-28 15:21:23.844636,"dk",0.2403,316,0.2174,360,0.0229,0.0146,0.7311,0.571171875
2026-05-28,"IND @ GSV","three point field goal","IND @ GSV three point field goal",2026-05-28 15:21:23.844636,"dk",0.2685,272,0.2703,270,-0.0018,-0.0012,-0.0612,-0.0478125
2026-05-28,"LVA @ DAL","two point field goal","LVA @ DAL two point field goal",2026-05-28 15:21:23.844636,"dk",0.7597,-316,0.8519,-575,-0.0921,-0.3109,-15.5468,-12.1459375
2026-05-28,"IND @ GSV","two point field goal","IND @ GSV two point field goal",2026-05-28 15:21:23.844636,"dk",0.7315,-272,0.8,-400,-0.0685,-0.1712,-8.5603,-6.687734375
2026-05-28,"LVA @ DAL","three point field goal","LVA @ DAL three point field goal",2026-05-28 15:51:25.822242,"dk",0.2366,323,0.2174,360,0.0192,0.0123,0.6134,0.47921875
2026-05-28,"IND @ GSV","three point field goal","IND @ GSV three point field goal",2026-05-28 15:51:25.822242,"dk",0.2685,272,0.2703,270,-0.0018,-0.0012,-0.0612,-0.0478125
2026-05-28,"LVA @ DAL","two point field goal","LVA @ DAL two point field goal",2026-05-28 15:51:25.822242,"dk",0.7634,-323,0.8519,-575,-0.0884,-0.2985,-14.9252,-11.6603125
2026-05-28,"IND @ GSV","two point field goal","IND @ GSV two point field goal",2026-05-28 15:51:25.822242,"dk",0.7315,-272,0.8,-400,-0.0685,-0.1712,-8.5603,-6.687734375
2026-05-28,"LVA @ DAL","three point field goal","LVA @ DAL three point field goal",2026-05-28 16:21:24.347655,"dk",0.2366,323,0.2174,360,0.0192,0.0123,0.6134,0.47921875
2026-05-28,"IND @ GSV","three point field goal","IND @ GSV three point field goal",2026-05-28 16:21:24.347655,"dk",0.2685,272,0.2703,270,-0.0018,-0.0012,-0.0612,-0.0478125
2026-05-28,"LVA @ DAL","two point field goal","LVA @ DAL two point field goal",2026-05-28 16:21:24.347655,"dk",0.7634,-323,0.8519,-575,-0.0884,-0.2985,-14.9252,-11.6603125
2026-05-28,"IND @ GSV","two point field goal","IND @ GSV two point field goal",2026-05-28 16:21:24.347655,"dk",0.7315,-272,0.8,-400,-0.0685,-0.1712,-8.5603,-6.687734375
2026-05-28,"LVA @ DAL","three point field goal","LVA @ DAL three point field goal",2026-05-28 16:51:23.66575,"dk",0.2366,323,0.2174,360,0.0192,0.0123,0.6134,0.47921875
2026-05-28,"IND @ GSV","three point field goal","IND @ GSV three point field goal",2026-05-28 16:51:23.66575,"dk",0.2685,272,0.2703,270,-0.0018,-0.0012,-0.0612,-0.0478125
2026-05-28,"LVA @ DAL","two point field goal","LVA @ DAL two point field goal",2026-05-28 16:51:23.66575,"dk",0.7634,-323,0.8519,-575,-0.0884,-0.2985,-14.9253,-11.660390625
2026-05-28,"IND @ GSV","two point field goal","IND @ GSV two point field goal",2026-05-28 16:51:23.66575,"dk",0.7315,-272,0.8,-400,-0.0685,-0.1712,-8.5603,-6.687734375
2026-05-28,"LVA @ DAL","three point field goal","LVA @ DAL three point field goal",2026-05-28 17:21:23.602937,"dk",0.2366,323,0.2174,360,0.0192,0.0123,0.6134,0.47921875
2026-05-28,"IND @ GSV","three point field goal","IND @ GSV three point field goal",2026-05-28 17:21:23.602937,"dk",0.2685,272,0.2703,270,-0.0018,-0.0012,-0.0612,-0.0478125
2026-05-28,"LVA @ DAL","two point field goal","LVA @ DAL two point field goal",2026-05-28 17:21:23.602937,"dk",0.7634,-323,0.8519,-575,-0.0884,-0.2985,-14.9253,-11.660390625
2026-05-28,"IND @ GSV","two point field goal","IND @ GSV two point field goal",2026-05-28 17:21:23.602937,"dk",0.7315,-272,0.8,-400,-0.0685,-0.1712,-8.5603,-6.687734375
2026-05-28,"LVA @ DAL","three point field goal","LVA @ DAL three point field goal",2026-05-28 17:51:23.695653,"dk",0.2366,323,0.2174,360,0.0192,0.0123,0.6134,0.47921875
2026-05-28,"IND @ GSV","three point field goal","IND @ GSV three point field goal",2026-05-28 17:51:23.695653,"dk",0.2685,272,0.2703,270,-0.0018,-0.0012,-0.0612,-0.0478125
2026-05-28,"LVA @ DAL","two point field goal","LVA @ DAL two point field goal",2026-05-28 17:51:23.695653,"dk",0.7634,-323,0.8519,-575,-0.0884,-0.2985,-14.9252,-11.6603125
2026-05-28,"IND @ GSV","two point field goal","IND @ GSV two point field goal",2026-05-28 17:51:23.695653,"dk",0.7315,-272,0.8,-400,-0.0685,-0.1712,-8.5603,-6.687734375
2026-05-28,"LVA @ DAL","three point field goal","LVA @ DAL three point field goal",2026-05-28 18:21:24.722526,"dk",0.2366,323,0.2174,360,0.0192,0.0123,0.6134,0.47921875
2026-05-28,"IND @ GSV","three point field goal","IND @ GSV three point field goal",2026-05-28 18:21:24.722526,"dk",0.2685,272,0.2703,270,-0.0018,-0.0012,-0.0612,-0.0478125
2026-05-28,"LVA @ DAL","two point field goal","LVA @ DAL two point field goal",2026-05-28 18:21:24.722526,"dk",0.7634,-323,0.8519,-575,-0.0884,-0.2985,-14.9253,-11.660390625
2026-05-28,"IND @ GSV","two point field goal","IND @ GSV two point field goal",2026-05-28 18:21:24.722526,"dk",0.7315,-272,0.8,-400,-0.0685,-0.1712,-8.5603,-6.687734375
2026-05-28,"LVA @ DAL","three point field goal","LVA @ DAL three point field goal",2026-05-28 18:51:23.643848,"dk",0.2366,323,0.2174,360,0.0192,0.0123,0.6134,0.47921875
2026-05-28,"IND @ GSV","three point field goal","IND @ GSV three point field goal",2026-05-28 18:51:23.643848,"dk",0.2685,272,0.2703,270,-0.0018,-0.0012,-0.0612,-0.0478125
2026-05-28,"LVA @ DAL","two point field goal","LVA @ DAL two point field goal",2026-05-28 18:51:23.643848,"dk",0.7634,-323,0.8519,-575,-0.0884,-0.2985,-14.9252,-11.6603125
2026-05-28,"IND @ GSV","two point field goal","IND @ GSV two point field goal",2026-05-28 18:51:23.643848,"dk",0.7315,-272,0.8,-400,-0.0685,-0.1712,-8.5603,-6.687734375
2026-05-28,"LVA @ DAL","three point field goal","LVA @ DAL three point field goal",2026-05-28 19:21:24.452056,"dk",0.2366,323,0.2174,360,0.0192,0.0123,0.6134,0.47921875
2026-05-28,"IND @ GSV","three point field goal","IND @ GSV three point field goal",2026-05-28 19:21:24.452056,"dk",0.2685,272,0.2703,270,-0.0018,-0.0012,-0.0612,-0.0478125
2026-05-28,"LVA @ DAL","two point field goal","LVA @ DAL two point field goal",2026-05-28 19:21:24.452056,"dk",0.7634,-323,0.8519,-575,-0.0884,-0.2985,-14.9252,-11.6603125
2026-05-28,"IND @ GSV","two point field goal","IND @ GSV two point field goal",2026-05-28 19:21:24.452056,"dk",0.7315,-272,0.8,-400,-0.0685,-0.1712,-8.5603,-6.687734375
2026-05-28,"LVA @ DAL","three point field goal","LVA @ DAL three point field goal",2026-05-28 19:51:24.158312,"dk",0.2366,323,0.2174,360,0.0192,0.0123,0.6134,0.47921875
2026-05-28,"IND @ GSV","three point field goal","IND @ GSV three point field goal",2026-05-28 19:51:24.158312,"dk",0.2685,272,0.2703,270,-0.0018,-0.0012,-0.0612,-0.0478125
2026-05-28,"LVA @ DAL","two point field goal","LVA @ DAL two point field goal",2026-05-28 19:51:24.158312,"dk",0.7634,-323,0.8519,-575,-0.0884,-0.2985,-14.9253,-11.660390625
2026-05-28,"IND @ GSV","two point field goal","IND @ GSV two point field goal",2026-05-28 19:51:24.158312,"dk",0.7315,-272,0.8,-400,-0.0685,-0.1712,-8.5603,-6.687734375
2026-05-28,"LVA @ DAL","three point field goal","LVA @ DAL three point field goal",2026-05-28 20:21:23.437234,"dk",0.2366,323,0.2174,360,0.0192,0.0123,0.6134,0.47921875
2026-05-28,"IND @ GSV","three point field goal","IND @ GSV three point field goal",2026-05-28 20:21:23.437234,"dk",0.2685,272,0.2703,270,-0.0018,-0.0012,-0.0612,-0.0478125
2026-05-28,"LVA @ DAL","two point field goal","LVA @ DAL two point field goal",2026-05-28 20:21:23.437234,"dk",0.7634,-323,0.8519,-575,-0.0884,-0.2985,-14.9253,-11.660390625
2026-05-28,"IND @ GSV","two point field goal","IND @ GSV two point field goal",2026-05-28 20:21:23.437234,"dk",0.7315,-272,0.8,-400,-0.0685,-0.1712,-8.5603,-6.687734375
2026-05-28,"LVA @ DAL","three point field goal","LVA @ DAL three point field goal",2026-05-28 20:51:24.94528,"dk",0.2366,323,0.2174,360,0.0192,0.0123,0.6134,0.47921875
2026-05-28,"IND @ GSV","three point field goal","IND @ GSV three point field goal",2026-05-28 20:51:24.94528,"dk",0.2685,272,0.2703,270,-0.0018,-0.0012,-0.0612,-0.0478125
2026-05-28,"LVA @ DAL","two point field goal","LVA @ DAL two point field goal",2026-05-28 20:51:24.94528,"dk",0.7634,-323,0.8519,-575,-0.0884,-0.2985,-14.9253,-11.660390625
2026-05-28,"IND @ GSV","two point field goal","IND @ GSV two point field goal",2026-05-28 20:51:24.94528,"dk",0.7315,-272,0.8,-400,-0.0685,-0.1712,-8.5603,-6.687734375
2026-05-28,"LVA @ DAL","three point field goal","LVA @ DAL three point field goal",2026-05-28 21:21:23.783612,"dk",0.2366,323,0.2174,360,0.0192,0.0123,0.6134,0.47921875
2026-05-28,"IND @ GSV","three point field goal","IND @ GSV three point field goal",2026-05-28 21:21:23.783612,"dk",0.2685,272,0.2703,270,-0.0018,-0.0012,-0.0612,-0.0478125
2026-05-28,"LVA @ DAL","two point field goal","LVA @ DAL two point field goal",2026-05-28 21:21:23.783612,"dk",0.7634,-323,0.8519,-575,-0.0884,-0.2985,-14.9253,-11.660390625
2026-05-28,"IND @ GSV","two point field goal","IND @ GSV two point field goal",2026-05-28 21:21:23.783612,"dk",0.7315,-272,0.8,-400,-0.0685,-0.1712,-8.5603,-6.687734375
2026-05-28,"LVA @ DAL","three point field goal","LVA @ DAL three point field goal",2026-05-28 21:51:25.300905,"dk",0.2366,323,0.2174,360,0.0192,0.0123,0.6134,0.47921875
2026-05-28,"IND @ GSV","three point field goal","IND @ GSV three point field goal",2026-05-28 21:51:25.300905,"dk",0.2685,272,0.2703,270,-0.0018,-0.0012,-0.0612,-0.0478125
2026-05-28,"LVA @ DAL","two point field goal","LVA @ DAL two point field goal",2026-05-28 21:51:25.300905,"dk",0.7634,-323,0.8519,-575,-0.0884,-0.2985,-14.9253,-11.660390625
2026-05-28,"IND @ GSV","two point field goal","IND @ GSV two point field goal",2026-05-28 21:51:25.300905,"dk",0.7315,-272,0.8,-400,-0.0685,-0.1712,-8.5603,-6.687734375
2026-05-28,"LVA @ DAL","three point field goal","LVA @ DAL three point field goal",2026-05-28 22:21:18.716442,"dk",0.2353,325,0.2174,360,0.0179,0.0114,0.5712,0.44625
2026-05-28,"IND @ GSV","three point field goal","IND @ GSV three point field goal",2026-05-28 22:21:18.716442,"dk",0.2685,272,0.2703,270,-0.0018,-0.0012,-0.0612,-0.0478125
2026-05-28,"LVA @ DAL","two point field goal","LVA @ DAL two point field goal",2026-05-28 22:21:18.716442,"dk",0.7647,-325,0.8519,-575,-0.0871,-0.294,-14.702,-11.4859375
2026-05-28,"IND @ GSV","two point field goal","IND @ GSV two point field goal",2026-05-28 22:21:18.716442,"dk",0.7315,-272,0.8,-400,-0.0685,-0.1712,-8.5603,-6.687734375
2026-05-28,"LVA @ DAL","three point field goal","LVA @ DAL three point field goal",2026-05-28 22:51:19.005704,"dk",0.2353,325,0.2174,360,0.0179,0.0114,0.5712,0.44625
2026-05-28,"IND @ GSV","three point field goal","IND @ GSV three point field goal",2026-05-28 22:51:19.005704,"dk",0.2685,272,0.2703,270,-0.0018,-0.0012,-0.0612,-0.0478125
2026-05-28,"LVA @ DAL","two point field goal","LVA @ DAL two point field goal",2026-05-28 22:51:19.005704,"dk",0.7647,-325,0.8519,-575,-0.0871,-0.294,-14.702,-11.4859375
2026-05-28,"IND @ GSV","two point field goal","IND @ GSV two point field goal",2026-05-28 22:51:19.005704,"dk",0.7315,-272,0.8,-400,-0.0685,-0.1712,-8.5603,-6.687734375
2026-05-28,"LVA @ DAL","three point field goal","LVA @ DAL three point field goal",2026-05-28 23:21:20.489,"dk",0.2353,325,0.2174,360,0.0179,0.0114,0.5712,0.44625
2026-05-28,"IND @ GSV","three point field goal","IND @ GSV three point field goal",2026-05-28 23:21:20.489,"dk",0.2685,272,0.2703,270,-0.0018,-0.0012,-0.0612,-0.0478125
2026-05-28,"LVA @ DAL","two point field goal","LVA @ DAL two point field goal",2026-05-28 23:21:20.489,"dk",0.7647,-325,0.8519,-575,-0.0871,-0.294,-14.702,-11.4859375
2026-05-28,"IND @ GSV","two point field goal","IND @ GSV two point field goal",2026-05-28 23:21:20.489,"dk",0.7315,-272,0.8,-400,-0.0685,-0.1712,-8.5603,-6.687734375
2026-05-28,"LVA @ DAL","three point field goal","LVA @ DAL three point field goal",2026-05-28 23:51:19.073232,"dk",0.2408,315,0.2174,360,0.0234,0.015,0.7487,0.584921875
2026-05-28,"IND @ GSV","three point field goal","IND @ GSV three point field goal",2026-05-28 23:51:19.073232,"dk",0.2685,272,0.2703,270,-0.0018,-0.0012,-0.0612,-0.0478125
2026-05-28,"LVA @ DAL","two point field goal","LVA @ DAL two point field goal",2026-05-28 23:51:19.073232,"dk",0.7592,-315,0.8519,-575,-0.0927,-0.3128,-15.6398,-12.21859375
2026-05-28,"IND @ GSV","two point field goal","IND @ GSV two point field goal",2026-05-28 23:51:19.073232,"dk",0.7315,-272,0.8,-400,-0.0685,-0.1712,-8.5603,-6.687734375
2026-05-28,"LVA @ DAL","three point field goal","LVA @ DAL three point field goal",2026-05-29 00:21:18.126421,"dk",0.2408,315,0.2174,360,0.0234,0.015,0.7487,0.584921875
2026-05-28,"IND @ GSV","three point field goal","IND @ GSV three point field goal",2026-05-29 00:21:18.126421,"dk",0.2685,272,0.2703,270,-0.0018,-0.0012,-0.0612,-0.0478125
2026-05-28,"LVA @ DAL","two point field goal","LVA @ DAL two point field goal",2026-05-29 00:21:18.126421,"dk",0.7592,-315,0.8519,-575,-0.0927,-0.3128,-15.6398,-12.21859375
2026-05-28,"IND @ GSV","two point field goal","IND @ GSV two point field goal",2026-05-29 00:21:18.126421,"dk",0.7315,-272,0.8,-400,-0.0685,-0.1712,-8.5603,-6.687734375
2026-05-28,"IND @ GSV","three point field goal","IND @ GSV three point field goal",2026-05-29 00:51:19.036661,"dk",0.2685,272,0.2703,270,-0.0018,-0.0012,-0.0612,-0.0478125
2026-05-28,"IND @ GSV","two point field goal","IND @ GSV two point field goal",2026-05-29 00:51:19.036661,"dk",0.7315,-272,0.8,-400,-0.0685,-0.1712,-8.5603,-6.687734375
2026-05-28,"IND @ GSV","three point field goal","IND @ GSV three point field goal",2026-05-29 01:21:18.866734,"dk",0.2685,272,0.2703,270,-0.0018,-0.0012,-0.0612,-0.0478125
2026-05-28,"IND @ GSV","two point field goal","IND @ GSV two point field goal",2026-05-29 01:21:18.866734,"dk",0.7315,-272,0.8,-400,-0.0685,-0.1712,-8.5603,-6.687734375
2026-05-28,"IND @ GSV","three point field goal","IND @ GSV three point field goal",2026-05-29 01:51:18.719497,"dk",0.2685,272,0.2703,270,-0.0018,-0.0012,-0.0612,-0.0478125
2026-05-28,"IND @ GSV","two point field goal","IND @ GSV two point field goal",2026-05-29 01:51:18.719497,"dk",0.7315,-272,0.8,-400,-0.0685,-0.1712,-8.5603,-6.687734375
2026-05-28,"IND @ GSV","three point field goal","IND @ GSV three point field goal",2026-05-29 02:21:20.036989,"dk",0.2685,272,0.2703,270,-0.0018,-0.0012,-0.0612,-0.0478125
2026-05-28,"IND @ GSV","two point field goal","IND @ GSV two point field goal",2026-05-29 02:21:20.036989,"dk",0.7315,-272,0.8,-400,-0.0685,-0.1712,-8.5605,-6.687890625
2026-05-28,"IND @ GSV","three point field goal","IND @ GSV three point field goal",2026-05-29 02:51:17.845054,"dk",0.2685,272,0.2703,270,-0.0018,-0.0012,-0.0612,-0.0478125
2026-05-28,"IND @ GSV","two point field goal","IND @ GSV two point field goal",2026-05-29 02:51:17.845054,"dk",0.7315,-272,0.8,-400,-0.0685,-0.1712,-8.5605,-6.687890625
2026-05-29,"LAS @ WAS","three point field goal","LAS @ WAS three point field goal",2026-05-29 14:51:23.595551,"dk",0.2527,296,0.2703,270,-0.0175,-0.012,-0.6002,-0.46890625
2026-05-29,"MIN @ CHI","three point field goal","MIN @ CHI three point field goal",2026-05-29 14:51:23.595551,"dk",0.2259,343,0.2667,275,-0.0408,-0.0278,-1.3901,-1.086015625
2026-05-29,"LAS @ WAS","two point field goal","LAS @ WAS two point field goal",2026-05-29 14:51:23.595551,"dk",0.7473,-296,0.8,-400,-0.0527,-0.1319,-6.5937,-5.151328125
2026-05-29,"MIN @ CHI","two point field goal","MIN @ CHI two point field goal",2026-05-29 14:51:23.595551,"dk",0.7741,-343,0.8095,-425,-0.0354,-0.093,-4.6482,-3.63140625
2026-05-29,"PHX @ NYL","three point field goal","PHX @ NYL three point field goal",2026-05-29 15:21:25.755271,"dk",0.2454,308,0.3279,205,-0.0825,-0.0614,-3.0682,-2.39703125
2026-05-29,"LAS @ WAS","three point field goal","LAS @ WAS three point field goal",2026-05-29 15:21:25.755271,"dk",0.2527,296,0.2703,270,-0.0175,-0.012,-0.6002,-0.46890625
2026-05-29,"MIN @ CHI","three point field goal","MIN @ CHI three point field goal",2026-05-29 15:21:25.755271,"dk",0.2259,343,0.2667,275,-0.0408,-0.0278,-1.3901,-1.086015625
2026-05-29,"ATL @ PDX","three point field goal","ATL @ PDX three point field goal",2026-05-29 15:21:25.755271,"dk",0.2793,258,0.2817,255,-0.0024,-0.0017,-0.0843,-0.065859375
2026-05-29,"PHX @ NYL","two point field goal","PHX @ NYL two point field goal",2026-05-29 15:21:25.755271,"dk",0.7546,-308,0.7468,-295,0.0078,0.0154,0.7688,0.600625
2026-05-29,"LAS @ WAS","two point field goal","LAS @ WAS two point field goal",2026-05-29 15:21:25.755271,"dk",0.7473,-296,0.8,-400,-0.0527,-0.1319,-6.5937,-5.151328125
2026-05-29,"MIN @ CHI","two point field goal","MIN @ CHI two point field goal",2026-05-29 15:21:25.755271,"dk",0.7741,-343,0.8095,-425,-0.0354,-0.093,-4.6482,-3.63140625
2026-05-29,"ATL @ PDX","two point field goal","ATL @ PDX two point field goal",2026-05-29 15:21:25.755271,"dk",0.7207,-258,0.7917,-380,-0.0709,-0.1702,-8.512,-6.65
2026-05-29,"PHX @ NYL","three point field goal","PHX @ NYL three point field goal",2026-05-29 15:51:23.000466,"dk",0.2454,308,0.3279,205,-0.0825,-0.0614,-3.0682,-2.39703125
2026-05-29,"LAS @ WAS","three point field goal","LAS @ WAS three point field goal",2026-05-29 15:51:23.000466,"dk",0.2527,296,0.2703,270,-0.0175,-0.012,-0.6002,-0.46890625
2026-05-29,"MIN @ CHI","three point field goal","MIN @ CHI three point field goal",2026-05-29 15:51:23.000466,"dk",0.2259,343,0.2667,275,-0.0408,-0.0278,-1.3901,-1.086015625
2026-05-29,"ATL @ PDX","three point field goal","ATL @ PDX three point field goal",2026-05-29 15:51:23.000466,"dk",0.2793,258,0.2817,255,-0.0024,-0.0017,-0.0843,-0.065859375
2026-05-29,"PHX @ NYL","two point field goal","PHX @ NYL two point field goal",2026-05-29 15:51:23.000466,"dk",0.7546,-308,0.7468,-295,0.0078,0.0154,0.7688,0.600625
2026-05-29,"LAS @ WAS","two point field goal","LAS @ WAS two point field goal",2026-05-29 15:51:23.000466,"dk",0.7473,-296,0.8,-400,-0.0527,-0.1319,-6.5937,-5.151328125
2026-05-29,"MIN @ CHI","two point field goal","MIN @ CHI two point field goal",2026-05-29 15:51:23.000466,"dk",0.7741,-343,0.8095,-425,-0.0354,-0.093,-4.6482,-3.63140625
2026-05-29,"ATL @ PDX","two point field goal","ATL @ PDX two point field goal",2026-05-29 15:51:23.000466,"dk",0.7207,-258,0.7917,-380,-0.0709,-0.1702,-8.512,-6.65
2026-05-29,"PHX @ NYL","three point field goal","PHX @ NYL three point field goal",2026-05-29 16:21:22.971763,"dk",0.2454,308,0.3279,205,-0.0825,-0.0614,-3.0682,-2.39703125
2026-05-29,"LAS @ WAS","three point field goal","LAS @ WAS three point field goal",2026-05-29 16:21:22.971763,"dk",0.2527,296,0.2703,270,-0.0175,-0.012,-0.6002,-0.46890625
2026-05-29,"MIN @ CHI","three point field goal","MIN @ CHI three point field goal",2026-05-29 16:21:22.971763,"dk",0.2259,343,0.2667,275,-0.0408,-0.0278,-1.3901,-1.086015625
2026-05-29,"ATL @ PDX","three point field goal","ATL @ PDX three point field goal",2026-05-29 16:21:22.971763,"dk",0.2793,258,0.2817,255,-0.0024,-0.0017,-0.0843,-0.065859375
2026-05-29,"PHX @ NYL","two point field goal","PHX @ NYL two point field goal",2026-05-29 16:21:22.971763,"dk",0.7546,-308,0.7468,-295,0.0078,0.0154,0.7688,0.600625
2026-05-29,"LAS @ WAS","two point field goal","LAS @ WAS two point field goal",2026-05-29 16:21:22.971763,"dk",0.7473,-296,0.8,-400,-0.0527,-0.1319,-6.5937,-5.151328125
2026-05-29,"MIN @ CHI","two point field goal","MIN @ CHI two point field goal",2026-05-29 16:21:22.971763,"dk",0.7741,-343,0.8095,-425,-0.0354,-0.093,-4.6482,-3.63140625
2026-05-29,"ATL @ PDX","two point field goal","ATL @ PDX two point field goal",2026-05-29 16:21:22.971763,"dk",0.7207,-258,0.7917,-380,-0.0709,-0.1702,-8.512,-6.65
2026-05-29,"PHX @ NYL","three point field goal","PHX @ NYL three point field goal",2026-05-29 16:51:23.671718,"dk",0.2454,308,0.3279,205,-0.0825,-0.0614,-3.0682,-2.39703125
2026-05-29,"LAS @ WAS","three point field goal","LAS @ WAS three point field goal",2026-05-29 16:51:23.671718,"dk",0.2527,296,0.2703,270,-0.0175,-0.012,-0.6002,-0.46890625
2026-05-29,"MIN @ CHI","three point field goal","MIN @ CHI three point field goal",2026-05-29 16:51:23.671718,"dk",0.2259,343,0.2667,275,-0.0408,-0.0278,-1.3901,-1.086015625
2026-05-29,"ATL @ PDX","three point field goal","ATL @ PDX three point field goal",2026-05-29 16:51:23.671718,"dk",0.2793,258,0.2817,255,-0.0024,-0.0017,-0.0843,-0.065859375
2026-05-29,"PHX @ NYL","two point field goal","PHX @ NYL two point field goal",2026-05-29 16:51:23.671718,"dk",0.7546,-308,0.7468,-295,0.0078,0.0154,0.7688,0.600625
2026-05-29,"LAS @ WAS","two point field goal","LAS @ WAS two point field goal",2026-05-29 16:51:23.671718,"dk",0.7473,-296,0.8,-400,-0.0527,-0.1319,-6.5937,-5.151328125
2026-05-29,"MIN @ CHI","two point field goal","MIN @ CHI two point field goal",2026-05-29 16:51:23.671718,"dk",0.7741,-343,0.8095,-425,-0.0354,-0.093,-4.6482,-3.63140625
2026-05-29,"ATL @ PDX","two point field goal","ATL @ PDX two point field goal",2026-05-29 16:51:23.671718,"dk",0.7207,-258,0.7917,-380,-0.0709,-0.1702,-8.512,-6.65
2026-05-29,"PHX @ NYL","three point field goal","PHX @ NYL three point field goal",2026-05-29 17:21:22.188724,"dk",0.2454,308,0.3279,205,-0.0825,-0.0614,-3.0682,-2.39703125
2026-05-29,"LAS @ WAS","three point field goal","LAS @ WAS three point field goal",2026-05-29 17:21:22.188724,"dk",0.2527,296,0.2703,270,-0.0175,-0.012,-0.6002,-0.46890625
2026-05-29,"MIN @ CHI","three point field goal","MIN @ CHI three point field goal",2026-05-29 17:21:22.188724,"dk",0.2259,343,0.2667,275,-0.0408,-0.0278,-1.3901,-1.086015625
2026-05-29,"ATL @ PDX","three point field goal","ATL @ PDX three point field goal",2026-05-29 17:21:22.188724,"dk",0.2793,258,0.2817,255,-0.0024,-0.0017,-0.0843,-0.065859375
2026-05-29,"PHX @ NYL","two point field goal","PHX @ NYL two point field goal",2026-05-29 17:21:22.188724,"dk",0.7546,-308,0.7468,-295,0.0078,0.0154,0.7688,0.600625
2026-05-29,"LAS @ WAS","two point field goal","LAS @ WAS two point field goal",2026-05-29 17:21:22.188724,"dk",0.7473,-296,0.8,-400,-0.0527,-0.1319,-6.5937,-5.151328125
2026-05-29,"MIN @ CHI","two point field goal","MIN @ CHI two point field goal",2026-05-29 17:21:22.188724,"dk",0.7741,-343,0.8095,-425,-0.0354,-0.093,-4.6482,-3.63140625
2026-05-29,"ATL @ PDX","two point field goal","ATL @ PDX two point field goal",2026-05-29 17:21:22.188724,"dk",0.7207,-258,0.7917,-380,-0.0709,-0.1702,-8.512,-6.65
2026-05-29,"PHX @ NYL","three point field goal","PHX @ NYL three point field goal",2026-05-29 17:51:23.042099,"dk",0.2454,308,0.3279,205,-0.0825,-0.0614,-3.0682,-2.39703125
2026-05-29,"LAS @ WAS","three point field goal","LAS @ WAS three point field goal",2026-05-29 17:51:23.042099,"dk",0.2527,296,0.2703,270,-0.0175,-0.012,-0.6002,-0.46890625
2026-05-29,"MIN @ CHI","three point field goal","MIN @ CHI three point field goal",2026-05-29 17:51:23.042099,"dk",0.2259,343,0.2667,275,-0.0408,-0.0278,-1.3901,-1.086015625
2026-05-29,"ATL @ PDX","three point field goal","ATL @ PDX three point field goal",2026-05-29 17:51:23.042099,"dk",0.2793,258,0.2817,255,-0.0024,-0.0017,-0.0843,-0.065859375
2026-05-29,"PHX @ NYL","two point field goal","PHX @ NYL two point field goal",2026-05-29 17:51:23.042099,"dk",0.7546,-308,0.7468,-295,0.0078,0.0154,0.7688,0.600625
2026-05-29,"LAS @ WAS","two point field goal","LAS @ WAS two point field goal",2026-05-29 17:51:23.042099,"dk",0.7473,-296,0.8,-400,-0.0527,-0.1319,-6.5937,-5.151328125
2026-05-29,"MIN @ CHI","two point field goal","MIN @ CHI two point field goal",2026-05-29 17:51:23.042099,"dk",0.7741,-343,0.8095,-425,-0.0354,-0.093,-4.6482,-3.63140625
2026-05-29,"ATL @ PDX","two point field goal","ATL @ PDX two point field goal",2026-05-29 17:51:23.042099,"dk",0.7207,-258,0.7917,-380,-0.0709,-0.1702,-8.512,-6.65
2026-05-29,"PHX @ NYL","three point field goal","PHX @ NYL three point field goal",2026-05-29 18:21:22.388362,"dk",0.2454,308,0.3279,205,-0.0825,-0.0614,-3.0682,-2.39703125
2026-05-29,"LAS @ WAS","three point field goal","LAS @ WAS three point field goal",2026-05-29 18:21:22.388362,"dk",0.2527,296,0.2703,270,-0.0175,-0.012,-0.6002,-0.46890625
2026-05-29,"MIN @ CHI","three point field goal","MIN @ CHI three point field goal",2026-05-29 18:21:22.388362,"dk",0.2259,343,0.2667,275,-0.0408,-0.0278,-1.3901,-1.086015625
2026-05-29,"ATL @ PDX","three point field goal","ATL @ PDX three point field goal",2026-05-29 18:21:22.388362,"dk",0.2793,258,0.2817,255,-0.0024,-0.0017,-0.0843,-0.065859375
2026-05-29,"PHX @ NYL","two point field goal","PHX @ NYL two point field goal",2026-05-29 18:21:22.388362,"dk",0.7546,-308,0.7468,-295,0.0078,0.0154,0.7688,0.600625
2026-05-29,"LAS @ WAS","two point field goal","LAS @ WAS two point field goal",2026-05-29 18:21:22.388362,"dk",0.7473,-296,0.8,-400,-0.0527,-0.1319,-6.5937,-5.151328125
2026-05-29,"MIN @ CHI","two point field goal","MIN @ CHI two point field goal",2026-05-29 18:21:22.388362,"dk",0.7741,-343,0.8095,-425,-0.0354,-0.093,-4.6482,-3.63140625
2026-05-29,"ATL @ PDX","two point field goal","ATL @ PDX two point field goal",2026-05-29 18:21:22.388362,"dk",0.7207,-258,0.7917,-380,-0.0709,-0.1702,-8.512,-6.65
2026-05-29,"PHX @ NYL","three point field goal","PHX @ NYL three point field goal",2026-05-29 18:51:24.092769,"dk",0.2454,308,0.3279,205,-0.0825,-0.0614,-3.0682,-2.39703125
2026-05-29,"LAS @ WAS","three point field goal","LAS @ WAS three point field goal",2026-05-29 18:51:24.092769,"dk",0.2527,296,0.2703,270,-0.0175,-0.012,-0.6002,-0.46890625
2026-05-29,"MIN @ CHI","three point field goal","MIN @ CHI three point field goal",2026-05-29 18:51:24.092769,"dk",0.2259,343,0.2667,275,-0.0408,-0.0278,-1.3901,-1.086015625
2026-05-29,"ATL @ PDX","three point field goal","ATL @ PDX three point field goal",2026-05-29 18:51:24.092769,"dk",0.2793,258,0.2817,255,-0.0024,-0.0017,-0.0843,-0.065859375
2026-05-29,"PHX @ NYL","two point field goal","PHX @ NYL two point field goal",2026-05-29 18:51:24.092769,"dk",0.7546,-308,0.7468,-295,0.0078,0.0154,0.7688,0.600625
2026-05-29,"LAS @ WAS","two point field goal","LAS @ WAS two point field goal",2026-05-29 18:51:24.092769,"dk",0.7473,-296,0.8,-400,-0.0527,-0.1319,-6.5937,-5.151328125
2026-05-29,"MIN @ CHI","two point field goal","MIN @ CHI two point field goal",2026-05-29 18:51:24.092769,"dk",0.7741,-343,0.8095,-425,-0.0354,-0.093,-4.6482,-3.63140625
2026-05-29,"ATL @ PDX","two point field goal","ATL @ PDX two point field goal",2026-05-29 18:51:24.092769,"dk",0.7207,-258,0.7917,-380,-0.0709,-0.1702,-8.512,-6.65
2026-05-29,"PHX @ NYL","three point field goal","PHX @ NYL three point field goal",2026-05-29 19:21:22.659758,"dk",0.2454,308,0.3279,205,-0.0825,-0.0614,-3.0682,-2.39703125
2026-05-29,"LAS @ WAS","three point field goal","LAS @ WAS three point field goal",2026-05-29 19:21:22.659758,"dk",0.2527,296,0.2703,270,-0.0175,-0.012,-0.6002,-0.46890625
2026-05-29,"MIN @ CHI","three point field goal","MIN @ CHI three point field goal",2026-05-29 19:21:22.659758,"dk",0.2259,343,0.2667,275,-0.0408,-0.0278,-1.3901,-1.086015625
2026-05-29,"ATL @ PDX","three point field goal","ATL @ PDX three point field goal",2026-05-29 19:21:22.659758,"dk",0.2793,258,0.2817,255,-0.0024,-0.0017,-0.0843,-0.065859375
2026-05-29,"PHX @ NYL","two point field goal","PHX @ NYL two point field goal",2026-05-29 19:21:22.659758,"dk",0.7546,-308,0.7468,-295,0.0078,0.0154,0.7688,0.600625
2026-05-29,"LAS @ WAS","two point field goal","LAS @ WAS two point field goal",2026-05-29 19:21:22.659758,"dk",0.7473,-296,0.8,-400,-0.0527,-0.1319,-6.5937,-5.151328125
2026-05-29,"MIN @ CHI","two point field goal","MIN @ CHI two point field goal",2026-05-29 19:21:22.659758,"dk",0.7741,-343,0.8095,-425,-0.0354,-0.093,-4.6482,-3.63140625
2026-05-29,"ATL @ PDX","two point field goal","ATL @ PDX two point field goal",2026-05-29 19:21:22.659758,"dk",0.7207,-258,0.7917,-380,-0.0709,-0.1702,-8.512,-6.65
2026-05-29,"PHX @ NYL","three point field goal","PHX @ NYL three point field goal",2026-05-29 19:51:23.006303,"dk",0.2454,308,0.3279,205,-0.0825,-0.0614,-3.0682,-2.39703125
2026-05-29,"LAS @ WAS","three point field goal","LAS @ WAS three point field goal",2026-05-29 19:51:23.006303,"dk",0.2527,296,0.2703,270,-0.0175,-0.012,-0.6002,-0.46890625
2026-05-29,"MIN @ CHI","three point field goal","MIN @ CHI three point field goal",2026-05-29 19:51:23.006303,"dk",0.2259,343,0.2667,275,-0.0408,-0.0278,-1.3901,-1.086015625
2026-05-29,"ATL @ PDX","three point field goal","ATL @ PDX three point field goal",2026-05-29 19:51:23.006303,"dk",0.2793,258,0.2817,255,-0.0024,-0.0017,-0.0843,-0.065859375
2026-05-29,"PHX @ NYL","two point field goal","PHX @ NYL two point field goal",2026-05-29 19:51:23.006303,"dk",0.7546,-308,0.7468,-295,0.0078,0.0154,0.7688,0.600625
2026-05-29,"LAS @ WAS","two point field goal","LAS @ WAS two point field goal",2026-05-29 19:51:23.006303,"dk",0.7473,-296,0.8,-400,-0.0527,-0.1319,-6.5937,-5.151328125
2026-05-29,"MIN @ CHI","two point field goal","MIN @ CHI two point field goal",2026-05-29 19:51:23.006303,"dk",0.7741,-343,0.8095,-425,-0.0354,-0.093,-4.6482,-3.63140625
2026-05-29,"ATL @ PDX","two point field goal","ATL @ PDX two point field goal",2026-05-29 19:51:23.006303,"dk",0.7207,-258,0.7917,-380,-0.0709,-0.1702,-8.512,-6.65
2026-05-29,"PHX @ NYL","three point field goal","PHX @ NYL three point field goal",2026-05-29 20:21:23.11868,"dk",0.2454,308,0.3279,205,-0.0825,-0.0614,-3.0682,-2.39703125
2026-05-29,"LAS @ WAS","three point field goal","LAS @ WAS three point field goal",2026-05-29 20:21:23.11868,"dk",0.2527,296,0.2703,270,-0.0175,-0.012,-0.6002,-0.46890625
2026-05-29,"MIN @ CHI","three point field goal","MIN @ CHI three point field goal",2026-05-29 20:21:23.11868,"dk",0.2259,343,0.2667,275,-0.0408,-0.0278,-1.3901,-1.086015625
2026-05-29,"ATL @ PDX","three point field goal","ATL @ PDX three point field goal",2026-05-29 20:21:23.11868,"dk",0.2793,258,0.2817,255,-0.0024,-0.0017,-0.0843,-0.065859375
2026-05-29,"PHX @ NYL","two point field goal","PHX @ NYL two point field goal",2026-05-29 20:21:23.11868,"dk",0.7546,-308,0.7468,-295,0.0078,0.0154,0.7688,0.600625
2026-05-29,"LAS @ WAS","two point field goal","LAS @ WAS two point field goal",2026-05-29 20:21:23.11868,"dk",0.7473,-296,0.8,-400,-0.0527,-0.1319,-6.5937,-5.151328125
2026-05-29,"MIN @ CHI","two point field goal","MIN @ CHI two point field goal",2026-05-29 20:21:23.11868,"dk",0.7741,-343,0.8095,-425,-0.0354,-0.093,-4.6482,-3.63140625
2026-05-29,"ATL @ PDX","two point field goal","ATL @ PDX two point field goal",2026-05-29 20:21:23.11868,"dk",0.7207,-258,0.7917,-380,-0.0709,-0.1702,-8.512,-6.65
2026-05-29,"PHX @ NYL","three point field goal","PHX @ NYL three point field goal",2026-05-29 20:51:23.078073,"dk",0.2454,308,0.3279,205,-0.0825,-0.0614,-3.0682,-2.39703125
2026-05-29,"LAS @ WAS","three point field goal","LAS @ WAS three point field goal",2026-05-29 20:51:23.078073,"dk",0.2527,296,0.2703,270,-0.0175,-0.012,-0.6002,-0.46890625
2026-05-29,"MIN @ CHI","three point field goal","MIN @ CHI three point field goal",2026-05-29 20:51:23.078073,"dk",0.2259,343,0.2667,275,-0.0408,-0.0278,-1.3901,-1.086015625
2026-05-29,"ATL @ PDX","three point field goal","ATL @ PDX three point field goal",2026-05-29 20:51:23.078073,"dk",0.2793,258,0.2817,255,-0.0024,-0.0017,-0.0843,-0.065859375
2026-05-29,"PHX @ NYL","two point field goal","PHX @ NYL two point field goal",2026-05-29 20:51:23.078073,"dk",0.7546,-308,0.7468,-295,0.0078,0.0154,0.7688,0.600625
2026-05-29,"LAS @ WAS","two point field goal","LAS @ WAS two point field goal",2026-05-29 20:51:23.078073,"dk",0.7473,-296,0.8,-400,-0.0527,-0.1319,-6.5937,-5.151328125
2026-05-29,"MIN @ CHI","two point field goal","MIN @ CHI two point field goal",2026-05-29 20:51:23.078073,"dk",0.7741,-343,0.8095,-425,-0.0354,-0.093,-4.6482,-3.63140625
2026-05-29,"ATL @ PDX","two point field goal","ATL @ PDX two point field goal",2026-05-29 20:51:23.078073,"dk",0.7207,-258,0.7917,-380,-0.0709,-0.1702,-8.512,-6.65
2026-05-29,"PHX @ NYL","three point field goal","PHX @ NYL three point field goal",2026-05-29 21:21:22.782411,"dk",0.2454,308,0.3279,205,-0.0825,-0.0614,-3.0682,-2.39703125
2026-05-29,"LAS @ WAS","three point field goal","LAS @ WAS three point field goal",2026-05-29 21:21:22.782411,"dk",0.2527,296,0.2703,270,-0.0175,-0.012,-0.6002,-0.46890625
2026-05-29,"MIN @ CHI","three point field goal","MIN @ CHI three point field goal",2026-05-29 21:21:22.782411,"dk",0.2259,343,0.2667,275,-0.0408,-0.0278,-1.3901,-1.086015625
2026-05-29,"ATL @ PDX","three point field goal","ATL @ PDX three point field goal",2026-05-29 21:21:22.782411,"dk",0.2793,258,0.2817,255,-0.0024,-0.0017,-0.0843,-0.065859375
2026-05-29,"PHX @ NYL","two point field goal","PHX @ NYL two point field goal",2026-05-29 21:21:22.782411,"dk",0.7546,-308,0.7468,-295,0.0078,0.0154,0.7688,0.600625
2026-05-29,"LAS @ WAS","two point field goal","LAS @ WAS two point field goal",2026-05-29 21:21:22.782411,"dk",0.7473,-296,0.8,-400,-0.0527,-0.1319,-6.5937,-5.151328125
2026-05-29,"MIN @ CHI","two point field goal","MIN @ CHI two point field goal",2026-05-29 21:21:22.782411,"dk",0.7741,-343,0.8095,-425,-0.0354,-0.093,-4.6482,-3.63140625
2026-05-29,"ATL @ PDX","two point field goal","ATL @ PDX two point field goal",2026-05-29 21:21:22.782411,"dk",0.7207,-258,0.7917,-380,-0.0709,-0.1702,-8.512,-6.65
2026-05-29,"PHX @ NYL","three point field goal","PHX @ NYL three point field goal",2026-05-29 21:51:24.278265,"dk",0.2454,308,0.3279,205,-0.0825,-0.0614,-3.0682,-2.39703125
2026-05-29,"LAS @ WAS","three point field goal","LAS @ WAS three point field goal",2026-05-29 21:51:24.278265,"dk",0.2527,296,0.2703,270,-0.0175,-0.012,-0.6002,-0.46890625
2026-05-29,"MIN @ CHI","three point field goal","MIN @ CHI three point field goal",2026-05-29 21:51:24.278265,"dk",0.2259,343,0.2667,275,-0.0408,-0.0278,-1.3901,-1.086015625
2026-05-29,"ATL @ PDX","three point field goal","ATL @ PDX three point field goal",2026-05-29 21:51:24.278265,"dk",0.2793,258,0.2817,255,-0.0024,-0.0017,-0.0843,-0.065859375
2026-05-29,"PHX @ NYL","two point field goal","PHX @ NYL two point field goal",2026-05-29 21:51:24.278265,"dk",0.7546,-308,0.7468,-295,0.0078,0.0154,0.7688,0.600625
2026-05-29,"LAS @ WAS","two point field goal","LAS @ WAS two point field goal",2026-05-29 21:51:24.278265,"dk",0.7473,-296,0.8,-400,-0.0527,-0.1319,-6.5937,-5.151328125
2026-05-29,"MIN @ CHI","two point field goal","MIN @ CHI two point field goal",2026-05-29 21:51:24.278265,"dk",0.7741,-343,0.8095,-425,-0.0354,-0.093,-4.6482,-3.63140625
2026-05-29,"ATL @ PDX","two point field goal","ATL @ PDX two point field goal",2026-05-29 21:51:24.278265,"dk",0.7207,-258,0.7917,-380,-0.0709,-0.1702,-8.512,-6.65
2026-05-29,"PHX @ NYL","three point field goal","PHX @ NYL three point field goal",2026-05-29 22:21:22.733591,"dk",0.2454,308,0.3279,205,-0.0825,-0.0614,-3.0682,-2.39703125
2026-05-29,"LAS @ WAS","three point field goal","LAS @ WAS three point field goal",2026-05-29 22:21:22.733591,"dk",0.2527,296,0.2703,270,-0.0175,-0.012,-0.6002,-0.46890625
2026-05-29,"MIN @ CHI","three point field goal","MIN @ CHI three point field goal",2026-05-29 22:21:22.733591,"dk",0.2259,343,0.2667,275,-0.0408,-0.0278,-1.3901,-1.086015625
2026-05-29,"ATL @ PDX","three point field goal","ATL @ PDX three point field goal",2026-05-29 22:21:22.733591,"dk",0.2793,258,0.2817,255,-0.0024,-0.0017,-0.0843,-0.065859375
2026-05-29,"PHX @ NYL","two point field goal","PHX @ NYL two point field goal",2026-05-29 22:21:22.733591,"dk",0.7546,-308,0.7468,-295,0.0078,0.0154,0.7688,0.600625
2026-05-29,"LAS @ WAS","two point field goal","LAS @ WAS two point field goal",2026-05-29 22:21:22.733591,"dk",0.7473,-296,0.8,-400,-0.0527,-0.1319,-6.5937,-5.151328125
2026-05-29,"MIN @ CHI","two point field goal","MIN @ CHI two point field goal",2026-05-29 22:21:22.733591,"dk",0.7741,-343,0.8095,-425,-0.0354,-0.093,-4.6482,-3.63140625
2026-05-29,"ATL @ PDX","two point field goal","ATL @ PDX two point field goal",2026-05-29 22:21:22.733591,"dk",0.7207,-258,0.7917,-380,-0.0709,-0.1702,-8.512,-6.65
2026-05-29,"PHX @ NYL","three point field goal","PHX @ NYL three point field goal",2026-05-29 22:51:22.920294,"dk",0.2454,308,0.3279,205,-0.0825,-0.0614,-3.0682,-2.39703125
2026-05-29,"LAS @ WAS","three point field goal","LAS @ WAS three point field goal",2026-05-29 22:51:22.920294,"dk",0.2527,296,0.2703,270,-0.0175,-0.012,-0.6002,-0.46890625
2026-05-29,"MIN @ CHI","three point field goal","MIN @ CHI three point field goal",2026-05-29 22:51:22.920294,"dk",0.2259,343,0.2667,275,-0.0408,-0.0278,-1.3901,-1.086015625
2026-05-29,"ATL @ PDX","three point field goal","ATL @ PDX three point field goal",2026-05-29 22:51:22.920294,"dk",0.2793,258,0.2817,255,-0.0024,-0.0017,-0.0843,-0.065859375
2026-05-29,"PHX @ NYL","two point field goal","PHX @ NYL two point field goal",2026-05-29 22:51:22.920294,"dk",0.7546,-308,0.7468,-295,0.0078,0.0154,0.7688,0.600625
2026-05-29,"LAS @ WAS","two point field goal","LAS @ WAS two point field goal",2026-05-29 22:51:22.920294,"dk",0.7473,-296,0.8,-400,-0.0527,-0.1319,-6.5937,-5.151328125
2026-05-29,"MIN @ CHI","two point field goal","MIN @ CHI two point field goal",2026-05-29 22:51:22.920294,"dk",0.7741,-343,0.8095,-425,-0.0354,-0.093,-4.6482,-3.63140625
2026-05-29,"ATL @ PDX","two point field goal","ATL @ PDX two point field goal",2026-05-29 22:51:22.920294,"dk",0.7207,-258,0.7917,-380,-0.0709,-0.1702,-8.512,-6.65
2026-05-29,"PHX @ NYL","three point field goal","PHX @ NYL three point field goal",2026-05-29 23:21:23.149812,"dk",0.2598,285,0.3279,205,-0.0681,-0.0506,-2.5315,-1.977734375
2026-05-29,"LAS @ WAS","three point field goal","LAS @ WAS three point field goal",2026-05-29 23:21:23.149812,"dk",0.2527,296,0.2703,270,-0.0175,-0.012,-0.6002,-0.46890625
2026-05-29,"MIN @ CHI","three point field goal","MIN @ CHI three point field goal",2026-05-29 23:21:23.149812,"dk",0.2259,343,0.2667,275,-0.0408,-0.0278,-1.3901,-1.086015625
2026-05-29,"ATL @ PDX","three point field goal","ATL @ PDX three point field goal",2026-05-29 23:21:23.149812,"dk",0.2793,258,0.2817,255,-0.0024,-0.0017,-0.0843,-0.065859375
2026-05-29,"PHX @ NYL","two point field goal","PHX @ NYL two point field goal",2026-05-29 23:21:23.149812,"dk",0.7402,-285,0.7468,-295,-0.0066,-0.0131,-0.6562,-0.51265625
2026-05-29,"LAS @ WAS","two point field goal","LAS @ WAS two point field goal",2026-05-29 23:21:23.149812,"dk",0.7473,-296,0.8,-400,-0.0527,-0.1319,-6.5937,-5.151328125
2026-05-29,"MIN @ CHI","two point field goal","MIN @ CHI two point field goal",2026-05-29 23:21:23.149812,"dk",0.7741,-343,0.8095,-425,-0.0354,-0.093,-4.6482,-3.63140625
2026-05-29,"ATL @ PDX","two point field goal","ATL @ PDX two point field goal",2026-05-29 23:21:23.149812,"dk",0.7207,-258,0.7917,-380,-0.0709,-0.1702,-8.512,-6.65
2026-05-29,"PHX @ NYL","three point field goal","PHX @ NYL three point field goal",2026-05-29 23:51:22.7459,"dk",0.2598,285,0.3279,205,-0.0681,-0.0506,-2.5315,-1.977734375
2026-05-29,"LAS @ WAS","three point field goal","LAS @ WAS three point field goal",2026-05-29 23:51:22.7459,"dk",0.2527,296,0.2703,270,-0.0175,-0.012,-0.6002,-0.46890625
2026-05-29,"MIN @ CHI","three point field goal","MIN @ CHI three point field goal",2026-05-29 23:51:22.7459,"dk",0.2259,343,0.2667,275,-0.0408,-0.0278,-1.3901,-1.086015625
2026-05-29,"ATL @ PDX","three point field goal","ATL @ PDX three point field goal",2026-05-29 23:51:22.7459,"dk",0.2793,258,0.2817,255,-0.0024,-0.0017,-0.0843,-0.065859375
2026-05-29,"PHX @ NYL","two point field goal","PHX @ NYL two point field goal",2026-05-29 23:51:22.7459,"dk",0.7402,-285,0.7468,-295,-0.0066,-0.0131,-0.6562,-0.51265625
2026-05-29,"LAS @ WAS","two point field goal","LAS @ WAS two point field goal",2026-05-29 23:51:22.7459,"dk",0.7473,-296,0.8,-400,-0.0527,-0.1319,-6.5937,-5.151328125
2026-05-29,"MIN @ CHI","two point field goal","MIN @ CHI two point field goal",2026-05-29 23:51:22.7459,"dk",0.7741,-343,0.8095,-425,-0.0354,-0.093,-4.6482,-3.63140625
2026-05-29,"ATL @ PDX","two point field goal","ATL @ PDX two point field goal",2026-05-29 23:51:22.7459,"dk",0.7207,-258,0.7917,-380,-0.0709,-0.1702,-8.512,-6.65
2026-05-29,"ATL @ PDX","three point field goal","ATL @ PDX three point field goal",2026-05-30 00:21:22.572834,"dk",0.2793,258,0.2817,255,-0.0024,-0.0017,-0.0843,-0.065859375
2026-05-29,"ATL @ PDX","two point field goal","ATL @ PDX two point field goal",2026-05-30 00:21:22.572834,"dk",0.7207,-258,0.7917,-380,-0.0709,-0.1702,-8.512,-6.65
2026-05-29,"ATL @ PDX","three point field goal","ATL @ PDX three point field goal",2026-05-30 00:51:21.977359,"dk",0.2718,268,0.2817,255,-0.0099,-0.0069,-0.3452,-0.2696875
2026-05-29,"ATL @ PDX","two point field goal","ATL @ PDX two point field goal",2026-05-30 00:51:21.977359,"dk",0.7282,-268,0.7917,-380,-0.0634,-0.1523,-7.6126,-5.94734375
2026-05-29,"ATL @ PDX","three point field goal","ATL @ PDX three point field goal",2026-05-30 01:21:22.46916,"dk",0.2718,268,0.2817,255,-0.0099,-0.0069,-0.3452,-0.2696875
2026-05-29,"ATL @ PDX","two point field goal","ATL @ PDX two point field goal",2026-05-30 01:21:22.46916,"dk",0.7282,-268,0.7917,-380,-0.0634,-0.1523,-7.6126,-5.94734375
2026-05-29,"ATL @ PDX","three point field goal","ATL @ PDX three point field goal",2026-05-30 01:51:22.957216,"dk",0.2718,268,0.2817,255,-0.0099,-0.0069,-0.344,-0.26875
2026-05-29,"ATL @ PDX","two point field goal","ATL @ PDX two point field goal",2026-05-30 01:51:22.957216,"dk",0.7282,-268,0.7917,-380,-0.0635,-0.1523,-7.6168,-5.950625
2026-05-29,"ATL @ PDX","three point field goal","ATL @ PDX three point field goal",2026-05-30 02:21:21.554368,"dk",0.2718,268,0.2817,255,-0.0099,-0.0069,-0.344,-0.26875
2026-05-29,"ATL @ PDX","two point field goal","ATL @ PDX two point field goal",2026-05-30 02:21:21.554368,"dk",0.7282,-268,0.7917,-380,-0.0635,-0.1523,-7.6168,-5.950625
2026-05-29,"ATL @ PDX","three point field goal","ATL @ PDX three point field goal",2026-05-30 02:51:22.867161,"dk",0.2718,268,0.2817,255,-0.0099,-0.0069,-0.344,-0.26875
2026-05-29,"ATL @ PDX","two point field goal","ATL @ PDX two point field goal",2026-05-30 02:51:22.867161,"dk",0.7282,-268,0.7917,-380,-0.0635,-0.1523,-7.6168,-5.950625
2026-05-30,"SEA @ TOR","three point field goal","SEA @ TOR three point field goal",2026-05-30 14:21:21.8609,"dk",0.2714,268,0.2941,240,-0.0227,-0.0161,-0.8028,-0.6271875
2026-05-30,"LAS @ CON","three point field goal","LAS @ CON three point field goal",2026-05-30 14:21:21.8609,"dk",0.234,327,0.2532,295,-0.0192,-0.0129,-0.643,-0.50234375
2026-05-30,"IND @ PDX","three point field goal","IND @ PDX three point field goal",2026-05-30 14:21:21.8609,"dk",0.278,260,0.3125,220,-0.0345,-0.0251,-1.2559,-0.981171875
2026-05-30,"SEA @ TOR","two point field goal","SEA @ TOR two point field goal",2026-05-30 14:21:21.8609,"dk",0.7286,-268,0.7778,-350,-0.0492,-0.1108,-5.538,-4.3265625
2026-05-30,"LAS @ CON","two point field goal","LAS @ CON two point field goal",2026-05-30 14:21:21.8609,"dk",0.766,-327,0.8182,-450,-0.0521,-0.1434,-7.1689,-5.600703125
2026-05-30,"IND @ PDX","two point field goal","IND @ PDX two point field goal",2026-05-30 14:21:21.8609,"dk",0.722,-260,0.7619,-320,-0.0399,-0.0837,-4.186,-3.2703125
2026-05-30,"SEA @ TOR","three point field goal","SEA @ TOR three point field goal",2026-05-30 14:51:21.445618,"dk",0.2714,268,0.2941,240,-0.0227,-0.0161,-0.8028,-0.6271875
2026-05-30,"LAS @ CON","three point field goal","LAS @ CON three point field goal",2026-05-30 14:51:21.445618,"dk",0.234,327,0.2532,295,-0.0192,-0.0129,-0.643,-0.50234375
2026-05-30,"IND @ PDX","three point field goal","IND @ PDX three point field goal",2026-05-30 14:51:21.445618,"dk",0.278,260,0.3125,220,-0.0345,-0.0251,-1.2559,-0.981171875
2026-05-30,"SEA @ TOR","two point field goal","SEA @ TOR two point field goal",2026-05-30 14:51:21.445618,"dk",0.7286,-268,0.7778,-350,-0.0492,-0.1108,-5.538,-4.3265625
2026-05-30,"LAS @ CON","two point field goal","LAS @ CON two point field goal",2026-05-30 14:51:21.445618,"dk",0.766,-327,0.8182,-450,-0.0521,-0.1434,-7.1689,-5.600703125
2026-05-30,"IND @ PDX","two point field goal","IND @ PDX two point field goal",2026-05-30 14:51:21.445618,"dk",0.722,-260,0.7619,-320,-0.0399,-0.0837,-4.186,-3.2703125
2026-05-30,"SEA @ TOR","three point field goal","SEA @ TOR three point field goal",2026-05-30 15:21:21.772041,"dk",0.2714,268,0.2941,240,-0.0227,-0.0161,-0.8028,-0.6271875
2026-05-30,"LAS @ CON","three point field goal","LAS @ CON three point field goal",2026-05-30 15:21:21.772041,"dk",0.234,327,0.2532,295,-0.0192,-0.0129,-0.643,-0.50234375
2026-05-30,"IND @ PDX","three point field goal","IND @ PDX three point field goal",2026-05-30 15:21:21.772041,"dk",0.278,260,0.3125,220,-0.0345,-0.0251,-1.2559,-0.981171875
2026-05-30,"SEA @ TOR","two point field goal","SEA @ TOR two point field goal",2026-05-30 15:21:21.772041,"dk",0.7286,-268,0.7778,-350,-0.0492,-0.1108,-5.538,-4.3265625
2026-05-30,"LAS @ CON","two point field goal","LAS @ CON two point field goal",2026-05-30 15:21:21.772041,"dk",0.766,-327,0.8182,-450,-0.0521,-0.1434,-7.1689,-5.600703125
2026-05-30,"IND @ PDX","two point field goal","IND @ PDX two point field goal",2026-05-30 15:21:21.772041,"dk",0.722,-260,0.7619,-320,-0.0399,-0.0837,-4.186,-3.2703125
2026-05-30,"SEA @ TOR","three point field goal","SEA @ TOR three point field goal",2026-05-30 15:51:22.961605,"dk",0.2714,268,0.2941,240,-0.0227,-0.0161,-0.8028,-0.6271875
2026-05-30,"LAS @ CON","three point field goal","LAS @ CON three point field goal",2026-05-30 15:51:22.961605,"dk",0.234,327,0.2532,295,-0.0192,-0.0129,-0.643,-0.50234375
2026-05-30,"IND @ PDX","three point field goal","IND @ PDX three point field goal",2026-05-30 15:51:22.961605,"dk",0.278,260,0.3125,220,-0.0345,-0.0251,-1.2559,-0.981171875
2026-05-30,"SEA @ TOR","two point field goal","SEA @ TOR two point field goal",2026-05-30 15:51:22.961605,"dk",0.7286,-268,0.7778,-350,-0.0492,-0.1108,-5.538,-4.3265625
2026-05-30,"LAS @ CON","two point field goal","LAS @ CON two point field goal",2026-05-30 15:51:22.961605,"dk",0.766,-327,0.8182,-450,-0.0521,-0.1434,-7.1689,-5.600703125
2026-05-30,"IND @ PDX","two point field goal","IND @ PDX two point field goal",2026-05-30 15:51:22.961605,"dk",0.722,-260,0.7619,-320,-0.0399,-0.0837,-4.186,-3.2703125
2026-05-30,"SEA @ TOR","three point field goal","SEA @ TOR three point field goal",2026-05-30 16:21:23.324075,"dk",0.2714,268,0.2941,240,-0.0227,-0.0161,-0.8028,-0.6271875
2026-05-30,"LAS @ CON","three point field goal","LAS @ CON three point field goal",2026-05-30 16:21:23.324075,"dk",0.234,327,0.2532,295,-0.0192,-0.0129,-0.643,-0.50234375
2026-05-30,"IND @ PDX","three point field goal","IND @ PDX three point field goal",2026-05-30 16:21:23.324075,"dk",0.278,260,0.3125,220,-0.0345,-0.0251,-1.2559,-0.981171875
2026-05-30,"SEA @ TOR","two point field goal","SEA @ TOR two point field goal",2026-05-30 16:21:23.324075,"dk",0.7286,-268,0.7778,-350,-0.0492,-0.1108,-5.538,-4.3265625
2026-05-30,"LAS @ CON","two point field goal","LAS @ CON two point field goal",2026-05-30 16:21:23.324075,"dk",0.766,-327,0.8182,-450,-0.0521,-0.1434,-7.1689,-5.600703125
2026-05-30,"IND @ PDX","two point field goal","IND @ PDX two point field goal",2026-05-30 16:21:23.324075,"dk",0.722,-260,0.7619,-320,-0.0399,-0.0837,-4.186,-3.2703125
2026-05-30,"SEA @ TOR","three point field goal","SEA @ TOR three point field goal",2026-05-30 16:51:22.573069,"dk",0.2714,268,0.2941,240,-0.0227,-0.0161,-0.8028,-0.6271875
2026-05-30,"LAS @ CON","three point field goal","LAS @ CON three point field goal",2026-05-30 16:51:22.573069,"dk",0.234,327,0.2532,295,-0.0192,-0.0129,-0.643,-0.50234375
2026-05-30,"IND @ PDX","three point field goal","IND @ PDX three point field goal",2026-05-30 16:51:22.573069,"dk",0.278,260,0.3125,220,-0.0345,-0.0251,-1.2559,-0.981171875
2026-05-30,"SEA @ TOR","two point field goal","SEA @ TOR two point field goal",2026-05-30 16:51:22.573069,"dk",0.7286,-268,0.7778,-350,-0.0492,-0.1108,-5.538,-4.3265625
2026-05-30,"LAS @ CON","two point field goal","LAS @ CON two point field goal",2026-05-30 16:51:22.573069,"dk",0.766,-327,0.8182,-450,-0.0521,-0.1434,-7.1689,-5.600703125
2026-05-30,"IND @ PDX","two point field goal","IND @ PDX two point field goal",2026-05-30 16:51:22.573069,"dk",0.722,-260,0.7619,-320,-0.0399,-0.0837,-4.186,-3.2703125
2026-05-30,"SEA @ TOR","three point field goal","SEA @ TOR three point field goal",2026-05-30 17:21:22.670268,"dk",0.2714,268,0.2941,240,-0.0227,-0.0161,-0.8028,-0.6271875
2026-05-30,"LAS @ CON","three point field goal","LAS @ CON three point field goal",2026-05-30 17:21:22.670268,"dk",0.234,327,0.2532,295,-0.0192,-0.0129,-0.643,-0.50234375
2026-05-30,"IND @ PDX","three point field goal","IND @ PDX three point field goal",2026-05-30 17:21:22.670268,"dk",0.278,260,0.3125,220,-0.0345,-0.0251,-1.2559,-0.981171875
2026-05-30,"SEA @ TOR","two point field goal","SEA @ TOR two point field goal",2026-05-30 17:21:22.670268,"dk",0.7286,-268,0.7778,-350,-0.0492,-0.1108,-5.538,-4.3265625
2026-05-30,"LAS @ CON","two point field goal","LAS @ CON two point field goal",2026-05-30 17:21:22.670268,"dk",0.766,-327,0.8182,-450,-0.0521,-0.1434,-7.1689,-5.600703125
2026-05-30,"IND @ PDX","two point field goal","IND @ PDX two point field goal",2026-05-30 17:21:22.670268,"dk",0.722,-260,0.7619,-320,-0.0399,-0.0837,-4.186,-3.2703125
2026-05-30,"SEA @ TOR","three point field goal","SEA @ TOR three point field goal",2026-05-30 17:51:21.991568,"dk",0.2714,268,0.2941,240,-0.0227,-0.0161,-0.8028,-0.6271875
2026-05-30,"LAS @ CON","three point field goal","LAS @ CON three point field goal",2026-05-30 17:51:21.991568,"dk",0.234,327,0.2532,295,-0.0192,-0.0129,-0.643,-0.50234375
2026-05-30,"IND @ PDX","three point field goal","IND @ PDX three point field goal",2026-05-30 17:51:21.991568,"dk",0.278,260,0.3125,220,-0.0345,-0.0251,-1.2559,-0.981171875
2026-05-30,"SEA @ TOR","two point field goal","SEA @ TOR two point field goal",2026-05-30 17:51:21.991568,"dk",0.7286,-268,0.7778,-350,-0.0492,-0.1108,-5.538,-4.3265625
2026-05-30,"LAS @ CON","two point field goal","LAS @ CON two point field goal",2026-05-30 17:51:21.991568,"dk",0.766,-327,0.8182,-450,-0.0521,-0.1434,-7.1689,-5.600703125
2026-05-30,"IND @ PDX","two point field goal","IND @ PDX two point field goal",2026-05-30 17:51:21.991568,"dk",0.722,-260,0.7619,-320,-0.0399,-0.0837,-4.186,-3.2703125
2026-05-30,"SEA @ TOR","three point field goal","SEA @ TOR three point field goal",2026-05-30 18:21:22.194656,"dk",0.2714,268,0.2941,240,-0.0227,-0.0161,-0.8028,-0.6271875
2026-05-30,"LAS @ CON","three point field goal","LAS @ CON three point field goal",2026-05-30 18:21:22.194656,"dk",0.234,327,0.2532,295,-0.0192,-0.0129,-0.643,-0.50234375
2026-05-30,"IND @ PDX","three point field goal","IND @ PDX three point field goal",2026-05-30 18:21:22.194656,"dk",0.278,260,0.3125,220,-0.0345,-0.0251,-1.2559,-0.981171875
2026-05-30,"SEA @ TOR","two point field goal","SEA @ TOR two point field goal",2026-05-30 18:21:22.194656,"dk",0.7286,-268,0.7778,-350,-0.0492,-0.1108,-5.538,-4.3265625
2026-05-30,"LAS @ CON","two point field goal","LAS @ CON two point field goal",2026-05-30 18:21:22.194656,"dk",0.766,-327,0.8182,-450,-0.0521,-0.1434,-7.1689,-5.600703125
2026-05-30,"IND @ PDX","two point field goal","IND @ PDX two point field goal",2026-05-30 18:21:22.194656,"dk",0.722,-260,0.7619,-320,-0.0399,-0.0837,-4.186,-3.2703125
2026-05-30,"SEA @ TOR","three point field goal","SEA @ TOR three point field goal",2026-05-30 18:51:21.082045,"dk",0.2714,268,0.2941,240,-0.0227,-0.0161,-0.8028,-0.6271875
2026-05-30,"LAS @ CON","three point field goal","LAS @ CON three point field goal",2026-05-30 18:51:21.082045,"dk",0.234,327,0.2532,295,-0.0192,-0.0129,-0.643,-0.50234375
2026-05-30,"IND @ PDX","three point field goal","IND @ PDX three point field goal",2026-05-30 18:51:21.082045,"dk",0.278,260,0.3125,220,-0.0345,-0.0251,-1.2559,-0.981171875
2026-05-30,"SEA @ TOR","two point field goal","SEA @ TOR two point field goal",2026-05-30 18:51:21.082045,"dk",0.7286,-268,0.7778,-350,-0.0492,-0.1108,-5.538,-4.3265625
2026-05-30,"LAS @ CON","two point field goal","LAS @ CON two point field goal",2026-05-30 18:51:21.082045,"dk",0.766,-327,0.8182,-450,-0.0521,-0.1434,-7.1689,-5.600703125
2026-05-30,"IND @ PDX","two point field goal","IND @ PDX two point field goal",2026-05-30 18:51:21.082045,"dk",0.722,-260,0.7619,-320,-0.0399,-0.0837,-4.186,-3.2703125
2026-05-30,"SEA @ TOR","three point field goal","SEA @ TOR three point field goal",2026-05-30 19:21:22.042799,"dk",0.2714,268,0.2941,240,-0.0227,-0.0161,-0.8028,-0.6271875
2026-05-30,"LAS @ CON","three point field goal","LAS @ CON three point field goal",2026-05-30 19:21:22.042799,"dk",0.234,327,0.2532,295,-0.0192,-0.0129,-0.643,-0.50234375
2026-05-30,"IND @ PDX","three point field goal","IND @ PDX three point field goal",2026-05-30 19:21:22.042799,"dk",0.278,260,0.3125,220,-0.0345,-0.0251,-1.2559,-0.981171875
2026-05-30,"SEA @ TOR","two point field goal","SEA @ TOR two point field goal",2026-05-30 19:21:22.042799,"dk",0.7286,-268,0.7778,-350,-0.0492,-0.1108,-5.538,-4.3265625
2026-05-30,"LAS @ CON","two point field goal","LAS @ CON two point field goal",2026-05-30 19:21:22.042799,"dk",0.766,-327,0.8182,-450,-0.0521,-0.1434,-7.1689,-5.600703125
2026-05-30,"IND @ PDX","two point field goal","IND @ PDX two point field goal",2026-05-30 19:21:22.042799,"dk",0.722,-260,0.7619,-320,-0.0399,-0.0837,-4.186,-3.2703125
2026-05-30,"SEA @ TOR","three point field goal","SEA @ TOR three point field goal",2026-05-30 19:51:21.271698,"dk",0.2714,268,0.2941,240,-0.0227,-0.0161,-0.8028,-0.6271875
2026-05-30,"LAS @ CON","three point field goal","LAS @ CON three point field goal",2026-05-30 19:51:21.271698,"dk",0.234,327,0.2532,295,-0.0192,-0.0129,-0.643,-0.50234375
2026-05-30,"IND @ PDX","three point field goal","IND @ PDX three point field goal",2026-05-30 19:51:21.271698,"dk",0.278,260,0.3125,220,-0.0345,-0.0251,-1.2559,-0.981171875
2026-05-30,"SEA @ TOR","two point field goal","SEA @ TOR two point field goal",2026-05-30 19:51:21.271698,"dk",0.7286,-268,0.7778,-350,-0.0492,-0.1108,-5.538,-4.3265625
2026-05-30,"LAS @ CON","two point field goal","LAS @ CON two point field goal",2026-05-30 19:51:21.271698,"dk",0.766,-327,0.8182,-450,-0.0521,-0.1434,-7.1689,-5.600703125
2026-05-30,"IND @ PDX","two point field goal","IND @ PDX two point field goal",2026-05-30 19:51:21.271698,"dk",0.722,-260,0.7619,-320,-0.0399,-0.0837,-4.186,-3.2703125
2026-05-30,"SEA @ TOR","three point field goal","SEA @ TOR three point field goal",2026-05-30 20:21:20.900266,"dk",0.2714,268,0.2941,240,-0.0227,-0.0161,-0.8028,-0.6271875
2026-05-30,"LAS @ CON","three point field goal","LAS @ CON three point field goal",2026-05-30 20:21:20.900266,"dk",0.234,327,0.2532,295,-0.0192,-0.0129,-0.643,-0.50234375
2026-05-30,"IND @ PDX","three point field goal","IND @ PDX three point field goal",2026-05-30 20:21:20.900266,"dk",0.278,260,0.3125,220,-0.0345,-0.0251,-1.2559,-0.981171875
2026-05-30,"SEA @ TOR","two point field goal","SEA @ TOR two point field goal",2026-05-30 20:21:20.900266,"dk",0.7286,-268,0.7778,-350,-0.0492,-0.1108,-5.538,-4.3265625
2026-05-30,"LAS @ CON","two point field goal","LAS @ CON two point field goal",2026-05-30 20:21:20.900266,"dk",0.766,-327,0.8182,-450,-0.0521,-0.1434,-7.1689,-5.600703125
2026-05-30,"IND @ PDX","two point field goal","IND @ PDX two point field goal",2026-05-30 20:21:20.900266,"dk",0.722,-260,0.7619,-320,-0.0399,-0.0837,-4.186,-3.2703125
2026-05-30,"SEA @ TOR","three point field goal","SEA @ TOR three point field goal",2026-05-30 20:51:22.10203,"dk",0.2714,268,0.2941,240,-0.0227,-0.0161,-0.8028,-0.6271875
2026-05-30,"LAS @ CON","three point field goal","LAS @ CON three point field goal",2026-05-30 20:51:22.10203,"dk",0.234,327,0.2532,295,-0.0192,-0.0129,-0.643,-0.50234375
2026-05-30,"IND @ PDX","three point field goal","IND @ PDX three point field goal",2026-05-30 20:51:22.10203,"dk",0.278,260,0.3125,220,-0.0345,-0.0251,-1.2559,-0.981171875
2026-05-30,"SEA @ TOR","two point field goal","SEA @ TOR two point field goal",2026-05-30 20:51:22.10203,"dk",0.7286,-268,0.7778,-350,-0.0492,-0.1108,-5.538,-4.3265625
2026-05-30,"LAS @ CON","two point field goal","LAS @ CON two point field goal",2026-05-30 20:51:22.10203,"dk",0.766,-327,0.8182,-450,-0.0521,-0.1434,-7.1689,-5.600703125
2026-05-30,"IND @ PDX","two point field goal","IND @ PDX two point field goal",2026-05-30 20:51:22.10203,"dk",0.722,-260,0.7619,-320,-0.0399,-0.0837,-4.186,-3.2703125
2026-05-30,"SEA @ TOR","three point field goal","SEA @ TOR three point field goal",2026-05-30 21:21:21.708352,"dk",0.2714,268,0.2941,240,-0.0227,-0.0161,-0.8028,-0.6271875
2026-05-30,"LAS @ CON","three point field goal","LAS @ CON three point field goal",2026-05-30 21:21:21.708352,"dk",0.234,327,0.2532,295,-0.0192,-0.0129,-0.643,-0.50234375
2026-05-30,"IND @ PDX","three point field goal","IND @ PDX three point field goal",2026-05-30 21:21:21.708352,"dk",0.278,260,0.3125,220,-0.0345,-0.0251,-1.2559,-0.981171875
2026-05-30,"SEA @ TOR","two point field goal","SEA @ TOR two point field goal",2026-05-30 21:21:21.708352,"dk",0.7286,-268,0.7778,-350,-0.0492,-0.1108,-5.538,-4.3265625
2026-05-30,"LAS @ CON","two point field goal","LAS @ CON two point field goal",2026-05-30 21:21:21.708352,"dk",0.766,-327,0.8182,-450,-0.0521,-0.1434,-7.1689,-5.600703125
2026-05-30,"IND @ PDX","two point field goal","IND @ PDX two point field goal",2026-05-30 21:21:21.708352,"dk",0.722,-260,0.7619,-320,-0.0399,-0.0837,-4.186,-3.2703125
2026-05-30,"SEA @ TOR","three point field goal","SEA @ TOR three point field goal",2026-05-30 21:51:22.285467,"dk",0.2714,268,0.2941,240,-0.0227,-0.0161,-0.8028,-0.6271875
2026-05-30,"LAS @ CON","three point field goal","LAS @ CON three point field goal",2026-05-30 21:51:22.285467,"dk",0.2331,329,0.2532,295,-0.02,-0.0134,-0.6709,-0.524140625
2026-05-30,"IND @ PDX","three point field goal","IND @ PDX three point field goal",2026-05-30 21:51:22.285467,"dk",0.278,260,0.3125,220,-0.0345,-0.0251,-1.2559,-0.981171875
2026-05-30,"SEA @ TOR","two point field goal","SEA @ TOR two point field goal",2026-05-30 21:51:22.285467,"dk",0.7286,-268,0.7778,-350,-0.0492,-0.1108,-5.538,-4.3265625
2026-05-30,"LAS @ CON","two point field goal","LAS @ CON two point field goal",2026-05-30 21:51:22.285467,"dk",0.7669,-329,0.8182,-450,-0.0513,-0.1411,-7.0542,-5.51109375
2026-05-30,"IND @ PDX","two point field goal","IND @ PDX two point field goal",2026-05-30 21:51:22.285467,"dk",0.722,-260,0.7619,-320,-0.0399,-0.0837,-4.186,-3.2703125
2026-05-30,"SEA @ TOR","three point field goal","SEA @ TOR three point field goal",2026-05-30 22:21:25.882822,"dk",0.2714,268,0.2941,240,-0.0227,-0.0161,-0.8028,-0.6271875
2026-05-30,"LAS @ CON","three point field goal","LAS @ CON three point field goal",2026-05-30 22:21:25.882822,"dk",0.2331,329,0.2532,295,-0.02,-0.0134,-0.6709,-0.524140625
2026-05-30,"IND @ PDX","three point field goal","IND @ PDX three point field goal",2026-05-30 22:21:25.882822,"dk",0.278,260,0.3125,220,-0.0345,-0.0251,-1.2559,-0.981171875
2026-05-30,"SEA @ TOR","two point field goal","SEA @ TOR two point field goal",2026-05-30 22:21:25.882822,"dk",0.7286,-268,0.7778,-350,-0.0492,-0.1108,-5.538,-4.3265625
2026-05-30,"LAS @ CON","two point field goal","LAS @ CON two point field goal",2026-05-30 22:21:25.882822,"dk",0.7669,-329,0.8182,-450,-0.0513,-0.1411,-7.0542,-5.51109375
2026-05-30,"IND @ PDX","two point field goal","IND @ PDX two point field goal",2026-05-30 22:21:25.882822,"dk",0.722,-260,0.7619,-320,-0.0399,-0.0837,-4.186,-3.2703125
2026-05-30,"SEA @ TOR","three point field goal","SEA @ TOR three point field goal",2026-05-30 22:51:21.571988,"dk",0.2714,268,0.2941,240,-0.0227,-0.0161,-0.8028,-0.6271875
2026-05-30,"LAS @ CON","three point field goal","LAS @ CON three point field goal",2026-05-30 22:51:21.571988,"dk",0.2331,329,0.2532,295,-0.02,-0.0134,-0.6709,-0.524140625
2026-05-30,"IND @ PDX","three point field goal","IND @ PDX three point field goal",2026-05-30 22:51:21.571988,"dk",0.278,260,0.3125,220,-0.0345,-0.0251,-1.2559,-0.981171875
2026-05-30,"SEA @ TOR","two point field goal","SEA @ TOR two point field goal",2026-05-30 22:51:21.571988,"dk",0.7286,-268,0.7778,-350,-0.0492,-0.1108,-5.538,-4.3265625
2026-05-30,"LAS @ CON","two point field goal","LAS @ CON two point field goal",2026-05-30 22:51:21.571988,"dk",0.7669,-329,0.8182,-450,-0.0513,-0.1411,-7.0542,-5.51109375
2026-05-30,"IND @ PDX","two point field goal","IND @ PDX two point field goal",2026-05-30 22:51:21.571988,"dk",0.722,-260,0.7619,-320,-0.0399,-0.0837,-4.186,-3.2703125
2026-05-30,"SEA @ TOR","three point field goal","SEA @ TOR three point field goal",2026-05-30 23:21:21.810244,"dk",0.2714,268,0.2941,240,-0.0227,-0.0161,-0.8028,-0.6271875
2026-05-30,"LAS @ CON","three point field goal","LAS @ CON three point field goal",2026-05-30 23:21:21.810244,"dk",0.2331,329,0.2532,295,-0.02,-0.0134,-0.6709,-0.524140625
2026-05-30,"IND @ PDX","three point field goal","IND @ PDX three point field goal",2026-05-30 23:21:21.810244,"dk",0.278,260,0.3125,220,-0.0345,-0.0251,-1.2559,-0.981171875
2026-05-30,"SEA @ TOR","two point field goal","SEA @ TOR two point field goal",2026-05-30 23:21:21.810244,"dk",0.7286,-268,0.7778,-350,-0.0492,-0.1108,-5.538,-4.3265625
2026-05-30,"LAS @ CON","two point field goal","LAS @ CON two point field goal",2026-05-30 23:21:21.810244,"dk",0.7669,-329,0.8182,-450,-0.0513,-0.1411,-7.0542,-5.51109375
2026-05-30,"IND @ PDX","two point field goal","IND @ PDX two point field goal",2026-05-30 23:21:21.810244,"dk",0.722,-260,0.7619,-320,-0.0399,-0.0837,-4.186,-3.2703125
2026-05-30,"SEA @ TOR","three point field goal","SEA @ TOR three point field goal",2026-05-30 23:51:22.467527,"dk",0.2714,268,0.2941,240,-0.0227,-0.0161,-0.8028,-0.6271875
2026-05-30,"LAS @ CON","three point field goal","LAS @ CON three point field goal",2026-05-30 23:51:22.467527,"dk",0.2331,329,0.2532,295,-0.02,-0.0134,-0.6709,-0.524140625
2026-05-30,"IND @ PDX","three point field goal","IND @ PDX three point field goal",2026-05-30 23:51:22.467527,"dk",0.2772,261,0.3125,220,-0.0353,-0.0256,-1.2818,-1.00140625
2026-05-30,"SEA @ TOR","two point field goal","SEA @ TOR two point field goal",2026-05-30 23:51:22.467527,"dk",0.7286,-268,0.7778,-350,-0.0492,-0.1108,-5.538,-4.3265625
2026-05-30,"LAS @ CON","two point field goal","LAS @ CON two point field goal",2026-05-30 23:51:22.467527,"dk",0.7669,-329,0.8182,-450,-0.0513,-0.1411,-7.0542,-5.51109375
2026-05-30,"IND @ PDX","two point field goal","IND @ PDX two point field goal",2026-05-30 23:51:22.467527,"dk",0.7228,-261,0.7619,-320,-0.0392,-0.0822,-4.1112,-3.211875
2026-05-30,"SEA @ TOR","three point field goal","SEA @ TOR three point field goal",2026-05-31 00:21:21.565816,"dk",0.2714,268,0.2941,240,-0.0227,-0.0161,-0.8028,-0.6271875
2026-05-30,"LAS @ CON","three point field goal","LAS @ CON three point field goal",2026-05-31 00:21:21.565816,"dk",0.2331,329,0.2532,295,-0.02,-0.0134,-0.6709,-0.524140625
2026-05-30,"IND @ PDX","three point field goal","IND @ PDX three point field goal",2026-05-31 00:21:21.565816,"dk",0.2772,261,0.3125,220,-0.0353,-0.0256,-1.2818,-1.00140625
2026-05-30,"SEA @ TOR","two point field goal","SEA @ TOR two point field goal",2026-05-31 00:21:21.565816,"dk",0.7286,-268,0.7778,-350,-0.0492,-0.1108,-5.538,-4.3265625
2026-05-30,"LAS @ CON","two point field goal","LAS @ CON two point field goal",2026-05-31 00:21:21.565816,"dk",0.7669,-329,0.8182,-450,-0.0513,-0.1411,-7.0542,-5.51109375
2026-05-30,"IND @ PDX","two point field goal","IND @ PDX two point field goal",2026-05-31 00:21:21.565816,"dk",0.7228,-261,0.7619,-320,-0.0392,-0.0822,-4.1112,-3.211875
2026-05-30,"SEA @ TOR","three point field goal","SEA @ TOR three point field goal",2026-05-31 00:51:21.382458,"dk",0.2714,268,0.2941,240,-0.0227,-0.0161,-0.8028,-0.6271875
2026-05-30,"LAS @ CON","three point field goal","LAS @ CON three point field goal",2026-05-31 00:51:21.382458,"dk",0.2331,329,0.2532,295,-0.02,-0.0134,-0.6709,-0.524140625
2026-05-30,"IND @ PDX","three point field goal","IND @ PDX three point field goal",2026-05-31 00:51:21.382458,"dk",0.2772,261,0.3125,220,-0.0353,-0.0256,-1.2818,-1.00140625
2026-05-30,"SEA @ TOR","two point field goal","SEA @ TOR two point field goal",2026-05-31 00:51:21.382458,"dk",0.7286,-268,0.7778,-350,-0.0492,-0.1108,-5.538,-4.3265625
2026-05-30,"LAS @ CON","two point field goal","LAS @ CON two point field goal",2026-05-31 00:51:21.382458,"dk",0.7669,-329,0.8182,-450,-0.0513,-0.1411,-7.0542,-5.51109375
2026-05-30,"IND @ PDX","two point field goal","IND @ PDX two point field goal",2026-05-31 00:51:21.382458,"dk",0.7228,-261,0.7619,-320,-0.0392,-0.0822,-4.1112,-3.211875
2026-05-30,"SEA @ TOR","three point field goal","SEA @ TOR three point field goal",2026-05-31 01:21:22.123978,"dk",0.2714,268,0.2941,240,-0.0227,-0.0161,-0.8028,-0.6271875
2026-05-30,"LAS @ CON","three point field goal","LAS @ CON three point field goal",2026-05-31 01:21:22.123978,"dk",0.2331,329,0.2532,295,-0.02,-0.0134,-0.6709,-0.524140625
2026-05-30,"IND @ PDX","three point field goal","IND @ PDX three point field goal",2026-05-31 01:21:22.123978,"dk",0.2772,261,0.3125,220,-0.0353,-0.0256,-1.2818,-1.00140625
2026-05-30,"SEA @ TOR","two point field goal","SEA @ TOR two point field goal",2026-05-31 01:21:22.123978,"dk",0.7286,-268,0.7778,-350,-0.0492,-0.1108,-5.538,-4.3265625
2026-05-30,"LAS @ CON","two point field goal","LAS @ CON two point field goal",2026-05-31 01:21:22.123978,"dk",0.7669,-329,0.8182,-450,-0.0513,-0.1411,-7.0542,-5.51109375
2026-05-30,"IND @ PDX","two point field goal","IND @ PDX two point field goal",2026-05-31 01:21:22.123978,"dk",0.7228,-261,0.7619,-320,-0.0392,-0.0822,-4.1112,-3.211875
2026-05-30,"SEA @ TOR","three point field goal","SEA @ TOR three point field goal",2026-05-31 01:51:22.604317,"dk",0.2714,268,0.2941,240,-0.0227,-0.0161,-0.8028,-0.6271875
2026-05-30,"LAS @ CON","three point field goal","LAS @ CON three point field goal",2026-05-31 01:51:22.604317,"dk",0.2331,329,0.2532,295,-0.02,-0.0134,-0.6709,-0.524140625
2026-05-30,"IND @ PDX","three point field goal","IND @ PDX three point field goal",2026-05-31 01:51:22.604317,"dk",0.2772,261,0.3125,220,-0.0353,-0.0256,-1.2818,-1.00140625
2026-05-30,"SEA @ TOR","two point field goal","SEA @ TOR two point field goal",2026-05-31 01:51:22.604317,"dk",0.7286,-268,0.7778,-350,-0.0492,-0.1108,-5.538,-4.3265625
2026-05-30,"LAS @ CON","two point field goal","LAS @ CON two point field goal",2026-05-31 01:51:22.604317,"dk",0.7669,-329,0.8182,-450,-0.0513,-0.1411,-7.0542,-5.51109375
2026-05-30,"IND @ PDX","two point field goal","IND @ PDX two point field goal",2026-05-31 01:51:22.604317,"dk",0.7228,-261,0.7619,-320,-0.0392,-0.0822,-4.1112,-3.211875
2026-05-30,"SEA @ TOR","three point field goal","SEA @ TOR three point field goal",2026-05-31 02:21:22.292366,"dk",0.2714,268,0.2941,240,-0.0227,-0.0161,-0.8028,-0.6271875
2026-05-30,"LAS @ CON","three point field goal","LAS @ CON three point field goal",2026-05-31 02:21:22.292366,"dk",0.2331,329,0.2532,295,-0.02,-0.0134,-0.6709,-0.524140625
2026-05-30,"IND @ PDX","three point field goal","IND @ PDX three point field goal",2026-05-31 02:21:22.292366,"dk",0.2772,261,0.3125,220,-0.0353,-0.0256,-1.2818,-1.00140625
2026-05-30,"SEA @ TOR","two point field goal","SEA @ TOR two point field goal",2026-05-31 02:21:22.292366,"dk",0.7286,-268,0.7778,-350,-0.0492,-0.1108,-5.538,-4.3265625
2026-05-30,"LAS @ CON","two point field goal","LAS @ CON two point field goal",2026-05-31 02:21:22.292366,"dk",0.7669,-329,0.8182,-450,-0.0513,-0.1411,-7.0542,-5.51109375
2026-05-30,"IND @ PDX","two point field goal","IND @ PDX two point field goal",2026-05-31 02:21:22.292366,"dk",0.7228,-261,0.7619,-320,-0.0392,-0.0822,-4.1112,-3.211875
2026-05-30,"SEA @ TOR","three point field goal","SEA @ TOR three point field goal",2026-05-31 02:51:21.13865,"dk",0.2714,268,0.2941,240,-0.0227,-0.0161,-0.8028,-0.6271875
2026-05-30,"LAS @ CON","three point field goal","LAS @ CON three point field goal",2026-05-31 02:51:21.13865,"dk",0.2331,329,0.2532,295,-0.02,-0.0134,-0.6709,-0.524140625
2026-05-30,"IND @ PDX","three point field goal","IND @ PDX three point field goal",2026-05-31 02:51:21.13865,"dk",0.2772,261,0.3125,220,-0.0353,-0.0256,-1.2818,-1.00140625
2026-05-30,"SEA @ TOR","two point field goal","SEA @ TOR two point field goal",2026-05-31 02:51:21.13865,"dk",0.7286,-268,0.7778,-350,-0.0492,-0.1108,-5.538,-4.3265625
2026-05-30,"LAS @ CON","two point field goal","LAS @ CON two point field goal",2026-05-31 02:51:21.13865,"dk",0.7669,-329,0.8182,-450,-0.0513,-0.1411,-7.0542,-5.51109375
2026-05-30,"IND @ PDX","two point field goal","IND @ PDX two point field goal",2026-05-31 02:51:21.13865,"dk",0.7228,-261,0.7619,-320,-0.0392,-0.0822,-4.1112,-3.211875
2026-05-31,"LVA @ GSV","three point field goal","LVA @ GSV three point field goal",2026-05-31 13:21:16.609116,"dk",0.251,298,0.3077,225,-0.0566,-0.0409,-2.0457,-1.598203125
2026-05-31,"LVA @ GSV","two point field goal","LVA @ GSV two point field goal",2026-05-31 13:21:16.609116,"dk",0.749,-298,0.7674,-330,-0.0185,-0.0397,-1.9871,-1.552421875
2026-05-31,"LVA @ GSV","three point field goal","LVA @ GSV three point field goal",2026-05-31 13:51:17.03604,"dk",0.251,298,0.2857,250,-0.0347,-0.0243,-1.2135,-0.948046875
2026-05-31,"LVA @ GSV","two point field goal","LVA @ GSV two point field goal",2026-05-31 13:51:17.03604,"dk",0.749,-298,0.7872,-370,-0.0383,-0.0899,-4.4975,-3.513671875
2026-05-31,"LVA @ GSV","three point field goal","LVA @ GSV three point field goal",2026-05-31 14:21:17.160209,"dk",0.251,298,0.2857,250,-0.0347,-0.0243,-1.2135,-0.948046875
2026-05-31,"LVA @ GSV","two point field goal","LVA @ GSV two point field goal",2026-05-31 14:21:17.160209,"dk",0.749,-298,0.7872,-370,-0.0383,-0.0899,-4.4975,-3.513671875
2026-05-31,"LVA @ GSV","three point field goal","LVA @ GSV three point field goal",2026-05-31 14:51:21.299938,"dk",0.251,298,0.2857,250,-0.0347,-0.0243,-1.2135,-0.948046875
2026-05-31,"LVA @ GSV","two point field goal","LVA @ GSV two point field goal",2026-05-31 14:51:21.299938,"dk",0.749,-298,0.7872,-370,-0.0383,-0.0899,-4.4975,-3.513671875
2026-05-31,"LVA @ GSV","three point field goal","LVA @ GSV three point field goal",2026-05-31 15:21:16.907174,"dk",0.251,298,0.2857,250,-0.0347,-0.0243,-1.2135,-0.948046875
2026-05-31,"LVA @ GSV","two point field goal","LVA @ GSV two point field goal",2026-05-31 15:21:16.907174,"dk",0.749,-298,0.7872,-370,-0.0383,-0.0899,-4.4975,-3.513671875
2026-05-31,"LVA @ GSV","three point field goal","LVA @ GSV three point field goal",2026-05-31 15:51:16.907027,"dk",0.251,298,0.2857,250,-0.0347,-0.0243,-1.2135,-0.948046875
2026-05-31,"LVA @ GSV","two point field goal","LVA @ GSV two point field goal",2026-05-31 15:51:16.907027,"dk",0.749,-298,0.7872,-370,-0.0383,-0.0899,-4.4975,-3.513671875
2026-05-31,"LVA @ GSV","three point field goal","LVA @ GSV three point field goal",2026-05-31 16:21:16.469508,"dk",0.251,298,0.2857,250,-0.0347,-0.0243,-1.2135,-0.948046875
2026-05-31,"LVA @ GSV","two point field goal","LVA @ GSV two point field goal",2026-05-31 16:21:16.469508,"dk",0.749,-298,0.7872,-370,-0.0383,-0.0899,-4.4975,-3.513671875
2026-05-31,"LVA @ GSV","three point field goal","LVA @ GSV three point field goal",2026-05-31 16:51:16.666143,"dk",0.251,298,0.2857,250,-0.0347,-0.0243,-1.2135,-0.948046875
2026-05-31,"LVA @ GSV","two point field goal","LVA @ GSV two point field goal",2026-05-31 16:51:16.666143,"dk",0.749,-298,0.7872,-370,-0.0383,-0.0899,-4.4975,-3.513671875
2026-05-31,"LVA @ GSV","three point field goal","LVA @ GSV three point field goal",2026-05-31 17:21:17.032989,"dk",0.251,298,0.2857,250,-0.0347,-0.0243,-1.2135,-0.948046875
2026-05-31,"LVA @ GSV","two point field goal","LVA @ GSV two point field goal",2026-05-31 17:21:17.032989,"dk",0.749,-298,0.7872,-370,-0.0383,-0.0899,-4.4975,-3.513671875
2026-05-31,"LVA @ GSV","three point field goal","LVA @ GSV three point field goal",2026-05-31 17:51:19.243816,"dk",0.251,298,0.2857,250,-0.0347,-0.0243,-1.2135,-0.948046875
2026-05-31,"LVA @ GSV","two point field goal","LVA @ GSV two point field goal",2026-05-31 17:51:19.243816,"dk",0.749,-298,0.7872,-370,-0.0383,-0.0899,-4.4975,-3.513671875
2026-05-31,"LVA @ GSV","three point field goal","LVA @ GSV three point field goal",2026-05-31 18:21:16.476087,"dk",0.251,298,0.2857,250,-0.0347,-0.0243,-1.2135,-0.948046875
2026-05-31,"LVA @ GSV","two point field goal","LVA @ GSV two point field goal",2026-05-31 18:21:16.476087,"dk",0.749,-298,0.7872,-370,-0.0383,-0.0899,-4.4975,-3.513671875
2026-05-31,"LVA @ GSV","three point field goal","LVA @ GSV three point field goal",2026-05-31 18:51:17.952288,"dk",0.251,298,0.2857,250,-0.0347,-0.0243,-1.2135,-0.948046875
2026-05-31,"LVA @ GSV","two point field goal","LVA @ GSV two point field goal",2026-05-31 18:51:17.952288,"dk",0.749,-298,0.7872,-370,-0.0383,-0.0899,-4.4975,-3.513671875
2026-05-31,"LVA @ GSV","three point field goal","LVA @ GSV three point field goal",2026-05-31 19:21:16.342032,"dk",0.2625,281,0.2857,250,-0.0232,-0.0162,-0.8115,-0.633984375
2026-05-31,"LVA @ GSV","two point field goal","LVA @ GSV two point field goal",2026-05-31 19:21:16.342032,"dk",0.7375,-281,0.7872,-370,-0.0498,-0.1169,-5.8471,-4.568046875
2026-05-31,"LVA @ GSV","three point field goal","LVA @ GSV three point field goal",2026-05-31 19:51:16.664236,"dk",0.2625,281,0.2857,250,-0.0232,-0.0162,-0.8115,-0.633984375
2026-05-31,"LVA @ GSV","two point field goal","LVA @ GSV two point field goal",2026-05-31 19:51:16.664236,"dk",0.7375,-281,0.7872,-370,-0.0498,-0.1169,-5.8471,-4.568046875
2026-05-31,"LVA @ GSV","three point field goal","LVA @ GSV three point field goal",2026-05-31 20:22:37.64957,"dk",0.2625,281,0.2857,250,-0.0232,-0.0162,-0.8115,-0.633984375
2026-05-31,"LVA @ GSV","two point field goal","LVA @ GSV two point field goal",2026-05-31 20:22:37.64957,"dk",0.7375,-281,0.7872,-370,-0.0498,-0.1169,-5.8471,-4.568046875
2026-05-31,"LVA @ GSV","three point field goal","LVA @ GSV three point field goal",2026-05-31 20:56:30.962214,"dk",0.2625,281,0.2857,250,-0.0232,-0.0162,-0.8115,-0.633984375
2026-05-31,"LVA @ GSV","two point field goal","LVA @ GSV two point field goal",2026-05-31 20:56:30.962214,"dk",0.7375,-281,0.7872,-370,-0.0498,-0.1169,-5.8471,-4.568046875
2026-05-31,"LVA @ GSV","three point field goal","LVA @ GSV three point field goal",2026-05-31 21:21:17.105157,"dk",0.2625,281,0.2857,250,-0.0232,-0.0162,-0.8115,-0.633984375
2026-05-31,"LVA @ GSV","two point field goal","LVA @ GSV two point field goal",2026-05-31 21:21:17.105157,"dk",0.7375,-281,0.7872,-370,-0.0498,-0.1169,-5.8471,-4.568046875
2026-05-31,"LVA @ GSV","three point field goal","LVA @ GSV three point field goal",2026-05-31 21:51:20.210752,"dk",0.2625,281,0.2857,250,-0.0232,-0.0162,-0.8115,-0.633984375
2026-05-31,"LVA @ GSV","two point field goal","LVA @ GSV two point field goal",2026-05-31 21:51:20.210752,"dk",0.7375,-281,0.7872,-370,-0.0498,-0.1169,-5.8471,-4.568046875
2026-05-31,"LVA @ GSV","three point field goal","LVA @ GSV three point field goal",2026-05-31 22:21:15.878135,"dk",0.2625,281,0.2857,250,-0.0232,-0.0162,-0.8115,-0.633984375
2026-05-31,"LVA @ GSV","two point field goal","LVA @ GSV two point field goal",2026-05-31 22:21:15.878135,"dk",0.7375,-281,0.7872,-370,-0.0498,-0.1169,-5.8471,-4.568046875
2026-05-31,"LVA @ GSV","three point field goal","LVA @ GSV three point field goal",2026-05-31 22:51:17.383675,"dk",0.2625,281,0.2857,250,-0.0232,-0.0162,-0.8115,-0.633984375
2026-05-31,"LVA @ GSV","two point field goal","LVA @ GSV two point field goal",2026-05-31 22:51:17.383675,"dk",0.7375,-281,0.7872,-370,-0.0498,-0.1169,-5.8471,-4.568046875
2026-05-31,"LVA @ GSV","three point field goal","LVA @ GSV three point field goal",2026-05-31 23:21:16.54244,"dk",0.2625,281,0.2857,250,-0.0232,-0.0162,-0.8115,-0.633984375
2026-05-31,"LVA @ GSV","two point field goal","LVA @ GSV two point field goal",2026-05-31 23:21:16.54244,"dk",0.7375,-281,0.7872,-370,-0.0498,-0.1169,-5.8471,-4.568046875
2026-05-31,"LVA @ GSV","three point field goal","LVA @ GSV three point field goal",2026-05-31 23:51:17.293098,"dk",0.2625,281,0.2857,250,-0.0232,-0.0162,-0.8115,-0.633984375
2026-05-31,"LVA @ GSV","two point field goal","LVA @ GSV two point field goal",2026-05-31 23:51:17.293098,"dk",0.7375,-281,0.7872,-370,-0.0498,-0.1169,-5.8471,-4.568046875
2026-05-31,"LVA @ GSV","three point field goal","LVA @ GSV three point field goal",2026-06-01 00:21:16.532141,"dk",0.2625,281,0.2857,250,-0.0232,-0.0162,-0.8115,-0.633984375
2026-05-31,"LVA @ GSV","two point field goal","LVA @ GSV two point field goal",2026-06-01 00:21:16.532141,"dk",0.7375,-281,0.7872,-370,-0.0498,-0.1169,-5.8471,-4.568046875
2026-05-31,"LVA @ GSV","three point field goal","LVA @ GSV three point field goal",2026-06-01 00:51:18.440186,"dk",0.2625,281,0.2857,250,-0.0232,-0.0162,-0.8115,-0.633984375
2026-05-31,"LVA @ GSV","two point field goal","LVA @ GSV two point field goal",2026-06-01 00:51:18.440186,"dk",0.7375,-281,0.7872,-370,-0.0498,-0.1169,-5.8471,-4.568046875
2026-05-31,"LVA @ GSV","three point field goal","LVA @ GSV three point field goal",2026-06-01 01:21:16.825073,"dk",0.2625,281,0.2857,250,-0.0232,-0.0162,-0.8115,-0.633984375
2026-05-31,"LVA @ GSV","two point field goal","LVA @ GSV two point field goal",2026-06-01 01:21:16.825073,"dk",0.7375,-281,0.7872,-370,-0.0498,-0.1169,-5.8471,-4.568046875
2026-05-31,"LVA @ GSV","three point field goal","LVA @ GSV three point field goal",2026-06-01 01:51:17.498967,"dk",0.2625,281,0.2857,250,-0.0232,-0.0162,-0.8115,-0.633984375
2026-05-31,"LVA @ GSV","two point field goal","LVA @ GSV two point field goal",2026-06-01 01:51:17.498967,"dk",0.7375,-281,0.7872,-370,-0.0498,-0.1169,-5.8471,-4.568046875
2026-05-31,"LVA @ GSV","three point field goal","LVA @ GSV three point field goal",2026-06-01 02:21:15.74972,"dk",0.2625,281,0.2857,250,-0.0232,-0.0162,-0.8115,-0.633984375
2026-05-31,"LVA @ GSV","two point field goal","LVA @ GSV two point field goal",2026-06-01 02:21:15.74972,"dk",0.7375,-281,0.7872,-370,-0.0498,-0.1169,-5.8471,-4.568046875
2026-05-31,"LVA @ GSV","three point field goal","LVA @ GSV three point field goal",2026-06-01 02:51:16.78145,"dk",0.2625,281,0.2857,250,-0.0232,-0.0162,-0.8115,-0.633984375
2026-05-31,"LVA @ GSV","two point field goal","LVA @ GSV two point field goal",2026-06-01 02:51:16.78145,"dk",0.7375,-281,0.7872,-370,-0.0498,-0.1169,-5.8471,-4.568046875
2026-06-01,"SEA @ DAL","three point field goal","SEA @ DAL three point field goal",2026-06-01 14:11:20.022156,"dk",0.2562,290,0.2703,270,-0.0141,-0.0096,-0.4823,-0.376796875
2026-06-01,"MIN @ PHX","three point field goal","MIN @ PHX three point field goal",2026-06-01 14:11:20.022156,"dk",0.2323,331,0.2667,275,-0.0344,-0.0235,-1.1725,-0.916015625
2026-06-01,"SEA @ DAL","two point field goal","SEA @ DAL two point field goal",2026-06-01 14:11:20.022156,"dk",0.7438,-290,0.8,-400,-0.0562,-0.1405,-7.0239,-5.487421875
2026-06-01,"MIN @ PHX","two point field goal","MIN @ PHX two point field goal",2026-06-01 14:11:20.022156,"dk",0.7677,-331,0.8095,-425,-0.0418,-0.1097,-5.4857,-4.285703125
2026-06-01,"SEA @ DAL","three point field goal","SEA @ DAL three point field goal",2026-06-01 15:00:58.799351,"dk",0.2562,290,0.2703,270,-0.0141,-0.0096,-0.4823,-0.376796875
2026-06-01,"MIN @ PHX","three point field goal","MIN @ PHX three point field goal",2026-06-01 15:00:58.799351,"dk",0.2323,331,0.2667,275,-0.0344,-0.0235,-1.1725,-0.916015625
2026-06-01,"SEA @ DAL","two point field goal","SEA @ DAL two point field goal",2026-06-01 15:00:58.799351,"dk",0.7438,-290,0.8,-400,-0.0562,-0.1405,-7.0239,-5.487421875
2026-06-01,"MIN @ PHX","two point field goal","MIN @ PHX two point field goal",2026-06-01 15:00:58.799351,"dk",0.7677,-331,0.8095,-425,-0.0418,-0.1097,-5.4857,-4.285703125
2026-06-01,"SEA @ DAL","three point field goal","SEA @ DAL three point field goal",2026-06-01 15:39:59.51113,"dk",0.2562,290,0.2703,270,-0.0141,-0.0096,-0.4823,-0.376796875
2026-06-01,"MIN @ PHX","three point field goal","MIN @ PHX three point field goal",2026-06-01 15:39:59.51113,"dk",0.2323,331,0.2667,275,-0.0344,-0.0235,-1.1725,-0.916015625
2026-06-01,"SEA @ DAL","two point field goal","SEA @ DAL two point field goal",2026-06-01 15:39:59.51113,"dk",0.7438,-290,0.8,-400,-0.0562,-0.1405,-7.0239,-5.487421875
2026-06-01,"MIN @ PHX","two point field goal","MIN @ PHX two point field goal",2026-06-01 15:39:59.51113,"dk",0.7677,-331,0.8095,-425,-0.0418,-0.1097,-5.4857,-4.285703125
2026-06-01,"SEA @ DAL","three point field goal","SEA @ DAL three point field goal",2026-06-01 15:59:28.455657,"dk",0.2562,290,0.2703,270,-0.0141,-0.0096,-0.4823,-0.376796875
2026-06-01,"MIN @ PHX","three point field goal","MIN @ PHX three point field goal",2026-06-01 15:59:28.455657,"dk",0.2323,331,0.2667,275,-0.0344,-0.0235,-1.1725,-0.916015625
2026-06-01,"SEA @ DAL","two point field goal","SEA @ DAL two point field goal",2026-06-01 15:59:28.455657,"dk",0.7438,-290,0.8,-400,-0.0562,-0.1405,-7.0239,-5.487421875
2026-06-01,"MIN @ PHX","two point field goal","MIN @ PHX two point field goal",2026-06-01 15:59:28.455657,"dk",0.7677,-331,0.8095,-425,-0.0418,-0.1097,-5.4857,-4.285703125
2026-06-01,"SEA @ DAL","three point field goal","SEA @ DAL three point field goal",2026-06-01 16:28:56.072133,"dk",0.2562,290,0.2703,270,-0.0141,-0.0096,-0.4823,-0.376796875
2026-06-01,"MIN @ PHX","three point field goal","MIN @ PHX three point field goal",2026-06-01 16:28:56.072133,"dk",0.2323,331,0.2667,275,-0.0344,-0.0235,-1.1725,-0.916015625
2026-06-01,"SEA @ DAL","two point field goal","SEA @ DAL two point field goal",2026-06-01 16:28:56.072133,"dk",0.7438,-290,0.8,-400,-0.0562,-0.1405,-7.0239,-5.487421875
2026-06-01,"MIN @ PHX","two point field goal","MIN @ PHX two point field goal",2026-06-01 16:28:56.072133,"dk",0.7677,-331,0.8095,-425,-0.0418,-0.1097,-5.4857,-4.285703125
2026-06-01,"SEA @ DAL","three point field goal","SEA @ DAL three point field goal",2026-06-01 16:59:15.070113,"dk",0.2562,290,0.2703,270,-0.0141,-0.0096,-0.4823,-0.376796875
2026-06-01,"MIN @ PHX","three point field goal","MIN @ PHX three point field goal",2026-06-01 16:59:15.070113,"dk",0.2323,331,0.2667,275,-0.0344,-0.0235,-1.1725,-0.916015625
2026-06-01,"SEA @ DAL","two point field goal","SEA @ DAL two point field goal",2026-06-01 16:59:15.070113,"dk",0.7438,-290,0.8,-400,-0.0562,-0.1405,-7.0239,-5.487421875
2026-06-01,"MIN @ PHX","two point field goal","MIN @ PHX two point field goal",2026-06-01 16:59:15.070113,"dk",0.7677,-331,0.8095,-425,-0.0418,-0.1097,-5.4857,-4.285703125
2026-06-01,"SEA @ DAL","three point field goal","SEA @ DAL three point field goal",2026-06-01 17:29:38.43101,"dk",0.2562,290,0.2703,270,-0.0141,-0.0096,-0.4823,-0.376796875
2026-06-01,"MIN @ PHX","three point field goal","MIN @ PHX three point field goal",2026-06-01 17:29:38.43101,"dk",0.2323,331,0.2667,275,-0.0344,-0.0235,-1.1725,-0.916015625
2026-06-01,"SEA @ DAL","two point field goal","SEA @ DAL two point field goal",2026-06-01 17:29:38.43101,"dk",0.7438,-290,0.8,-400,-0.0562,-0.1405,-7.0239,-5.487421875
2026-06-01,"MIN @ PHX","two point field goal","MIN @ PHX two point field goal",2026-06-01 17:29:38.43101,"dk",0.7677,-331,0.8095,-425,-0.0418,-0.1097,-5.4857,-4.285703125
2026-06-01,"SEA @ DAL","three point field goal","SEA @ DAL three point field goal",2026-06-01 17:58:49.612549,"dk",0.2562,290,0.2703,270,-0.0141,-0.0096,-0.4823,-0.376796875
2026-06-01,"MIN @ PHX","three point field goal","MIN @ PHX three point field goal",2026-06-01 17:58:49.612549,"dk",0.2323,331,0.2667,275,-0.0344,-0.0235,-1.1727,-0.916171875
2026-06-01,"SEA @ DAL","two point field goal","SEA @ DAL two point field goal",2026-06-01 17:58:49.612549,"dk",0.7438,-290,0.8,-400,-0.0562,-0.1405,-7.0239,-5.487421875
2026-06-01,"MIN @ PHX","two point field goal","MIN @ PHX two point field goal",2026-06-01 17:58:49.612549,"dk",0.7677,-331,0.8095,-425,-0.0418,-0.1097,-5.4853,-4.285390625
2026-06-01,"SEA @ DAL","three point field goal","SEA @ DAL three point field goal",2026-06-01 18:29:02.356157,"dk",0.2562,290,0.2703,270,-0.0141,-0.0096,-0.4823,-0.376796875
2026-06-01,"MIN @ PHX","three point field goal","MIN @ PHX three point field goal",2026-06-01 18:29:02.356157,"dk",0.2323,331,0.2667,275,-0.0344,-0.0235,-1.1727,-0.916171875
2026-06-01,"SEA @ DAL","two point field goal","SEA @ DAL two point field goal",2026-06-01 18:29:02.356157,"dk",0.7438,-290,0.8,-400,-0.0562,-0.1405,-7.0239,-5.487421875
2026-06-01,"MIN @ PHX","two point field goal","MIN @ PHX two point field goal",2026-06-01 18:29:02.356157,"dk",0.7677,-331,0.8095,-425,-0.0418,-0.1097,-5.4853,-4.285390625
2026-06-01,"SEA @ DAL","three point field goal","SEA @ DAL three point field goal",2026-06-01 18:59:24.762958,"dk",0.2562,290,0.2703,270,-0.0141,-0.0096,-0.4823,-0.376796875
2026-06-01,"MIN @ PHX","three point field goal","MIN @ PHX three point field goal",2026-06-01 18:59:24.762958,"dk",0.2323,331,0.2667,275,-0.0344,-0.0235,-1.1727,-0.916171875
2026-06-01,"SEA @ DAL","two point field goal","SEA @ DAL two point field goal",2026-06-01 18:59:24.762958,"dk",0.7438,-290,0.8,-400,-0.0562,-0.1405,-7.0239,-5.487421875
2026-06-01,"MIN @ PHX","two point field goal","MIN @ PHX two point field goal",2026-06-01 18:59:24.762958,"dk",0.7677,-331,0.8095,-425,-0.0418,-0.1097,-5.4853,-4.285390625
2026-06-01,"SEA @ DAL","three point field goal","SEA @ DAL three point field goal",2026-06-01 19:29:44.602478,"dk",0.2562,290,0.2703,270,-0.0141,-0.0096,-0.4823,-0.376796875
2026-06-01,"MIN @ PHX","three point field goal","MIN @ PHX three point field goal",2026-06-01 19:29:44.602478,"dk",0.2323,331,0.2667,275,-0.0344,-0.0235,-1.1727,-0.916171875
2026-06-01,"SEA @ DAL","two point field goal","SEA @ DAL two point field goal",2026-06-01 19:29:44.602478,"dk",0.7438,-290,0.8,-400,-0.0562,-0.1405,-7.0239,-5.487421875
2026-06-01,"MIN @ PHX","two point field goal","MIN @ PHX two point field goal",2026-06-01 19:29:44.602478,"dk",0.7677,-331,0.8095,-425,-0.0418,-0.1097,-5.4853,-4.285390625
2026-06-01,"SEA @ DAL","three point field goal","SEA @ DAL three point field goal",2026-06-01 19:58:56.844614,"dk",0.2562,290,0.2703,270,-0.0141,-0.0096,-0.4823,-0.376796875
2026-06-01,"MIN @ PHX","three point field goal","MIN @ PHX three point field goal",2026-06-01 19:58:56.844614,"dk",0.2323,331,0.2667,275,-0.0344,-0.0235,-1.1727,-0.916171875
2026-06-01,"SEA @ DAL","two point field goal","SEA @ DAL two point field goal",2026-06-01 19:58:56.844614,"dk",0.7438,-290,0.8,-400,-0.0562,-0.1405,-7.0239,-5.487421875
2026-06-01,"MIN @ PHX","two point field goal","MIN @ PHX two point field goal",2026-06-01 19:58:56.844614,"dk",0.7677,-331,0.8095,-425,-0.0418,-0.1097,-5.4853,-4.285390625
2026-06-01,"SEA @ DAL","three point field goal","SEA @ DAL three point field goal",2026-06-01 20:29:05.146565,"dk",0.2562,290,0.2703,270,-0.0141,-0.0096,-0.4823,-0.376796875
2026-06-01,"MIN @ PHX","three point field goal","MIN @ PHX three point field goal",2026-06-01 20:29:05.146565,"dk",0.2323,331,0.2667,275,-0.0344,-0.0235,-1.1727,-0.916171875
2026-06-01,"SEA @ DAL","two point field goal","SEA @ DAL two point field goal",2026-06-01 20:29:05.146565,"dk",0.7438,-290,0.8,-400,-0.0562,-0.1405,-7.0239,-5.487421875
2026-06-01,"MIN @ PHX","two point field goal","MIN @ PHX two point field goal",2026-06-01 20:29:05.146565,"dk",0.7677,-331,0.8095,-425,-0.0418,-0.1097,-5.4853,-4.285390625
2026-06-01,"SEA @ DAL","three point field goal","SEA @ DAL three point field goal",2026-06-01 20:59:16.736677,"dk",0.2562,290,0.2703,270,-0.0141,-0.0096,-0.4823,-0.376796875
2026-06-01,"MIN @ PHX","three point field goal","MIN @ PHX three point field goal",2026-06-01 20:59:16.736677,"dk",0.2323,331,0.2667,275,-0.0344,-0.0235,-1.1727,-0.916171875
2026-06-01,"SEA @ DAL","two point field goal","SEA @ DAL two point field goal",2026-06-01 20:59:16.736677,"dk",0.7438,-290,0.8,-400,-0.0562,-0.1405,-7.0239,-5.487421875
2026-06-01,"MIN @ PHX","two point field goal","MIN @ PHX two point field goal",2026-06-01 20:59:16.736677,"dk",0.7677,-331,0.8095,-425,-0.0418,-0.1097,-5.4853,-4.285390625
2026-06-01,"SEA @ DAL","three point field goal","SEA @ DAL three point field goal",2026-06-01 21:29:24.634349,"dk",0.2562,290,0.2703,270,-0.0141,-0.0096,-0.4823,-0.376796875
2026-06-01,"MIN @ PHX","three point field goal","MIN @ PHX three point field goal",2026-06-01 21:29:24.634349,"dk",0.2323,331,0.2667,275,-0.0344,-0.0235,-1.1727,-0.916171875
2026-06-01,"SEA @ DAL","two point field goal","SEA @ DAL two point field goal",2026-06-01 21:29:24.634349,"dk",0.7438,-290,0.8,-400,-0.0562,-0.1405,-7.0239,-5.487421875
2026-06-01,"MIN @ PHX","two point field goal","MIN @ PHX two point field goal",2026-06-01 21:29:24.634349,"dk",0.7677,-331,0.8095,-425,-0.0418,-0.1097,-5.4853,-4.285390625
2026-06-01,"SEA @ DAL","three point field goal","SEA @ DAL three point field goal",2026-06-01 21:59:31.336271,"dk",0.2562,290,0.2703,270,-0.0141,-0.0096,-0.4823,-0.376796875
2026-06-01,"MIN @ PHX","three point field goal","MIN @ PHX three point field goal",2026-06-01 21:59:31.336271,"dk",0.2323,331,0.2667,275,-0.0344,-0.0235,-1.1727,-0.916171875
2026-06-01,"SEA @ DAL","two point field goal","SEA @ DAL two point field goal",2026-06-01 21:59:31.336271,"dk",0.7438,-290,0.8,-400,-0.0562,-0.1405,-7.0239,-5.487421875
2026-06-01,"MIN @ PHX","two point field goal","MIN @ PHX two point field goal",2026-06-01 21:59:31.336271,"dk",0.7677,-331,0.8095,-425,-0.0418,-0.1097,-5.4853,-4.285390625
2026-06-01,"SEA @ DAL","three point field goal","SEA @ DAL three point field goal",2026-06-01 22:29:40.472497,"dk",0.2562,290,0.2703,270,-0.0141,-0.0096,-0.4823,-0.376796875
2026-06-01,"MIN @ PHX","three point field goal","MIN @ PHX three point field goal",2026-06-01 22:29:40.472497,"dk",0.2323,331,0.2667,275,-0.0344,-0.0235,-1.1727,-0.916171875
2026-06-01,"SEA @ DAL","two point field goal","SEA @ DAL two point field goal",2026-06-01 22:29:40.472497,"dk",0.7438,-290,0.8,-400,-0.0562,-0.1405,-7.0239,-5.487421875
2026-06-01,"MIN @ PHX","two point field goal","MIN @ PHX two point field goal",2026-06-01 22:29:40.472497,"dk",0.7677,-331,0.8095,-425,-0.0418,-0.1097,-5.4853,-4.285390625
2026-06-01,"SEA @ DAL","three point field goal","SEA @ DAL three point field goal",2026-06-01 22:52:01.544901,"dk",0.2587,287,0.2703,270,-0.0116,-0.0079,-0.3959,-0.309296875
2026-06-01,"MIN @ PHX","three point field goal","MIN @ PHX three point field goal",2026-06-01 22:52:01.544901,"dk",0.2323,331,0.2667,275,-0.0344,-0.0235,-1.1727,-0.916171875
2026-06-01,"SEA @ DAL","two point field goal","SEA @ DAL two point field goal",2026-06-01 22:52:01.544901,"dk",0.7413,-287,0.8,-400,-0.0587,-0.1468,-7.3391,-5.733671875
2026-06-01,"MIN @ PHX","two point field goal","MIN @ PHX two point field goal",2026-06-01 22:52:01.544901,"dk",0.7677,-331,0.8095,-425,-0.0418,-0.1097,-5.4853,-4.285390625
2026-06-01,"SEA @ DAL","three point field goal","SEA @ DAL three point field goal",2026-06-01 23:21:23.319051,"dk",0.2587,287,0.2703,270,-0.0116,-0.0079,-0.3959,-0.309296875
2026-06-01,"MIN @ PHX","three point field goal","MIN @ PHX three point field goal",2026-06-01 23:21:23.319051,"dk",0.2323,331,0.2667,275,-0.0344,-0.0235,-1.1727,-0.916171875
2026-06-01,"SEA @ DAL","two point field goal","SEA @ DAL two point field goal",2026-06-01 23:21:23.319051,"dk",0.7413,-287,0.8,-400,-0.0587,-0.1468,-7.3391,-5.733671875
2026-06-01,"MIN @ PHX","two point field goal","MIN @ PHX two point field goal",2026-06-01 23:21:23.319051,"dk",0.7677,-331,0.8095,-425,-0.0418,-0.1097,-5.4853,-4.285390625
2026-06-01,"SEA @ DAL","three point field goal","SEA @ DAL three point field goal",2026-06-01 23:51:23.987183,"dk",0.2563,290,0.2703,270,-0.014,-0.0096,-0.4787,-0.373984375
2026-06-01,"MIN @ PHX","three point field goal","MIN @ PHX three point field goal",2026-06-01 23:51:23.987183,"dk",0.2323,331,0.2667,275,-0.0344,-0.0235,-1.1727,-0.916171875
2026-06-01,"SEA @ DAL","two point field goal","SEA @ DAL two point field goal",2026-06-01 23:51:23.987183,"dk",0.7437,-290,0.8,-400,-0.0563,-0.1407,-7.0371,-5.497734375
2026-06-01,"MIN @ PHX","two point field goal","MIN @ PHX two point field goal",2026-06-01 23:51:23.987183,"dk",0.7677,-331,0.8095,-425,-0.0418,-0.1097,-5.4853,-4.285390625
2026-06-01,"SEA @ DAL","three point field goal","SEA @ DAL three point field goal",2026-06-02 00:21:22.518255,"dk",0.2563,290,0.2703,270,-0.014,-0.0096,-0.4788,-0.3740625
2026-06-01,"MIN @ PHX","three point field goal","MIN @ PHX three point field goal",2026-06-02 00:21:22.518255,"dk",0.2323,331,0.2667,275,-0.0344,-0.0235,-1.1727,-0.916171875
2026-06-01,"SEA @ DAL","two point field goal","SEA @ DAL two point field goal",2026-06-02 00:21:22.518255,"dk",0.7437,-290,0.8,-400,-0.0563,-0.1407,-7.0368,-5.4975
2026-06-01,"MIN @ PHX","two point field goal","MIN @ PHX two point field goal",2026-06-02 00:21:22.518255,"dk",0.7677,-331,0.8095,-425,-0.0418,-0.1097,-5.4853,-4.285390625
2026-06-01,"MIN @ PHX","three point field goal","MIN @ PHX three point field goal",2026-06-02 00:51:22.259135,"dk",0.2323,331,0.2667,275,-0.0344,-0.0235,-1.1727,-0.916171875
2026-06-01,"MIN @ PHX","two point field goal","MIN @ PHX two point field goal",2026-06-02 00:51:22.259135,"dk",0.7677,-331,0.8095,-425,-0.0418,-0.1097,-5.4853,-4.285390625
2026-06-01,"MIN @ PHX","three point field goal","MIN @ PHX three point field goal",2026-06-02 01:21:23.480953,"dk",0.2323,331,0.2667,275,-0.0344,-0.0235,-1.1727,-0.916171875
2026-06-01,"MIN @ PHX","two point field goal","MIN @ PHX two point field goal",2026-06-02 01:21:23.480953,"dk",0.7677,-331,0.8095,-425,-0.0418,-0.1097,-5.4853,-4.285390625
2026-06-01,"MIN @ PHX","three point field goal","MIN @ PHX three point field goal",2026-06-02 01:51:23.635103,"dk",0.2323,331,0.2667,275,-0.0344,-0.0235,-1.1727,-0.916171875
2026-06-01,"MIN @ PHX","two point field goal","MIN @ PHX two point field goal",2026-06-02 01:51:23.635103,"dk",0.7677,-331,0.8095,-425,-0.0418,-0.1097,-5.4853,-4.285390625
2026-06-01,"MIN @ PHX","three point field goal","MIN @ PHX three point field goal",2026-06-02 02:21:23.03608,"dk",0.2323,331,0.2667,275,-0.0344,-0.0235,-1.1727,-0.916171875
2026-06-01,"MIN @ PHX","two point field goal","MIN @ PHX two point field goal",2026-06-02 02:21:23.03608,"dk",0.7677,-331,0.8095,-425,-0.0418,-0.1097,-5.4853,-4.285390625
2026-06-01,"MIN @ PHX","three point field goal","MIN @ PHX three point field goal",2026-06-02 02:51:23.003812,"dk",0.2323,331,0.2667,275,-0.0344,-0.0235,-1.1727,-0.916171875
2026-06-01,"MIN @ PHX","two point field goal","MIN @ PHX two point field goal",2026-06-02 02:51:23.003812,"dk",0.7677,-331,0.8095,-425,-0.0418,-0.1097,-5.4853,-4.285390625
2026-06-02,"CON @ ATL","three point field goal","CON @ ATL three point field goal",2026-06-02 16:21:52.241429,"dk",0.2459,307,0.25,300,-0.0041,-0.0027,-0.1357,-0.106015625
2026-06-02,"CHI @ WAS","three point field goal","CHI @ WAS three point field goal",2026-06-02 16:21:52.241429,"dk",0.223,348,0.2667,275,-0.0436,-0.0297,-1.487,-1.16171875
2026-06-02,"PDX @ GSV","three point field goal","PDX @ GSV three point field goal",2026-06-02 16:21:52.241429,"dk",0.2891,246,0.3077,225,-0.0186,-0.0134,-0.6717,-0.524765625
2026-06-02,"CON @ ATL","two point field goal","CON @ ATL two point field goal",2026-06-02 16:21:52.241429,"dk",0.7541,-307,0.8182,-450,-0.0641,-0.1763,-8.8154,-6.88703125
2026-06-02,"CHI @ WAS","two point field goal","CHI @ WAS two point field goal",2026-06-02 16:21:52.241429,"dk",0.777,-348,0.8095,-425,-0.0326,-0.0855,-4.2751,-3.339921875
2026-06-02,"PDX @ GSV","two point field goal","PDX @ GSV two point field goal",2026-06-02 16:21:52.241429,"dk",0.7109,-246,0.7674,-330,-0.0565,-0.1215,-6.0775,-4.748046875
2026-06-02,"CON @ ATL","three point field goal","CON @ ATL three point field goal",2026-06-02 16:51:56.836814,"dk",0.2459,307,0.25,300,-0.0041,-0.0027,-0.1357,-0.106015625
2026-06-02,"CHI @ WAS","three point field goal","CHI @ WAS three point field goal",2026-06-02 16:51:56.836814,"dk",0.223,348,0.2667,275,-0.0436,-0.0297,-1.487,-1.16171875
2026-06-02,"PDX @ GSV","three point field goal","PDX @ GSV three point field goal",2026-06-02 16:51:56.836814,"dk",0.2891,246,0.3077,225,-0.0186,-0.0134,-0.6717,-0.524765625
2026-06-02,"LVA @ LAS","three point field goal","LVA @ LAS three point field goal",2026-06-02 16:51:56.836814,"dk",0.2417,314,0.274,265,-0.0323,-0.0222,-1.111,-0.86796875
2026-06-02,"CON @ ATL","two point field goal","CON @ ATL two point field goal",2026-06-02 16:51:56.836814,"dk",0.7541,-307,0.8182,-450,-0.0641,-0.1763,-8.8154,-6.88703125
2026-06-02,"CHI @ WAS","two point field goal","CHI @ WAS two point field goal",2026-06-02 16:51:56.836814,"dk",0.777,-348,0.8095,-425,-0.0326,-0.0855,-4.2751,-3.339921875
2026-06-02,"PDX @ GSV","two point field goal","PDX @ GSV two point field goal",2026-06-02 16:51:56.836814,"dk",0.7109,-246,0.7674,-330,-0.0565,-0.1215,-6.0775,-4.748046875
2026-06-02,"LVA @ LAS","two point field goal","LVA @ LAS two point field goal",2026-06-02 16:51:56.836814,"dk",0.7583,-314,0.8,-400,-0.0417,-0.1043,-5.2134,-4.07296875
2026-06-02,"CON @ ATL","three point field goal","CON @ ATL three point field goal",2026-06-02 17:22:18.608744,"dk",0.2459,307,0.25,300,-0.0041,-0.0027,-0.1357,-0.106015625
2026-06-02,"CHI @ WAS","three point field goal","CHI @ WAS three point field goal",2026-06-02 17:22:18.608744,"dk",0.223,348,0.2667,275,-0.0436,-0.0297,-1.487,-1.16171875
2026-06-02,"PDX @ GSV","three point field goal","PDX @ GSV three point field goal",2026-06-02 17:22:18.608744,"dk",0.2891,246,0.3077,225,-0.0186,-0.0134,-0.6717,-0.524765625
2026-06-02,"LVA @ LAS","three point field goal","LVA @ LAS three point field goal",2026-06-02 17:22:18.608744,"dk",0.2417,314,0.274,265,-0.0323,-0.0222,-1.111,-0.86796875
2026-06-02,"CON @ ATL","two point field goal","CON @ ATL two point field goal",2026-06-02 17:22:18.608744,"dk",0.7541,-307,0.8182,-450,-0.0641,-0.1763,-8.8154,-6.88703125
2026-06-02,"CHI @ WAS","two point field goal","CHI @ WAS two point field goal",2026-06-02 17:22:18.608744,"dk",0.777,-348,0.8095,-425,-0.0326,-0.0855,-4.2751,-3.339921875
2026-06-02,"PDX @ GSV","two point field goal","PDX @ GSV two point field goal",2026-06-02 17:22:18.608744,"dk",0.7109,-246,0.7674,-330,-0.0565,-0.1215,-6.0775,-4.748046875
2026-06-02,"LVA @ LAS","two point field goal","LVA @ LAS two point field goal",2026-06-02 17:22:18.608744,"dk",0.7583,-314,0.8,-400,-0.0417,-0.1043,-5.2134,-4.07296875
2026-06-02,"CON @ ATL","three point field goal","CON @ ATL three point field goal",2026-06-02 17:51:49.820838,"dk",0.2459,307,0.25,300,-0.0041,-0.0027,-0.1357,-0.106015625
2026-06-02,"CHI @ WAS","three point field goal","CHI @ WAS three point field goal",2026-06-02 17:51:49.820838,"dk",0.223,348,0.2667,275,-0.0436,-0.0297,-1.487,-1.16171875
2026-06-02,"PDX @ GSV","three point field goal","PDX @ GSV three point field goal",2026-06-02 17:51:49.820838,"dk",0.2891,246,0.3077,225,-0.0186,-0.0134,-0.6717,-0.524765625
2026-06-02,"LVA @ LAS","three point field goal","LVA @ LAS three point field goal",2026-06-02 17:51:49.820838,"dk",0.2417,314,0.274,265,-0.0323,-0.0222,-1.111,-0.86796875
2026-06-02,"CON @ ATL","two point field goal","CON @ ATL two point field goal",2026-06-02 17:51:49.820838,"dk",0.7541,-307,0.8182,-450,-0.0641,-0.1763,-8.8154,-6.88703125
2026-06-02,"CHI @ WAS","two point field goal","CHI @ WAS two point field goal",2026-06-02 17:51:49.820838,"dk",0.777,-348,0.8095,-425,-0.0326,-0.0855,-4.2751,-3.339921875
2026-06-02,"PDX @ GSV","two point field goal","PDX @ GSV two point field goal",2026-06-02 17:51:49.820838,"dk",0.7109,-246,0.7674,-330,-0.0565,-0.1215,-6.0775,-4.748046875
2026-06-02,"LVA @ LAS","two point field goal","LVA @ LAS two point field goal",2026-06-02 17:51:49.820838,"dk",0.7583,-314,0.8,-400,-0.0417,-0.1043,-5.2134,-4.07296875
2026-06-02,"CON @ ATL","three point field goal","CON @ ATL three point field goal",2026-06-02 18:22:07.93799,"dk",0.2459,307,0.25,300,-0.0041,-0.0027,-0.1357,-0.106015625
2026-06-02,"CHI @ WAS","three point field goal","CHI @ WAS three point field goal",2026-06-02 18:22:07.93799,"dk",0.223,348,0.2667,275,-0.0436,-0.0297,-1.487,-1.16171875
2026-06-02,"PDX @ GSV","three point field goal","PDX @ GSV three point field goal",2026-06-02 18:22:07.93799,"dk",0.2891,246,0.3077,225,-0.0186,-0.0134,-0.6717,-0.524765625
2026-06-02,"LVA @ LAS","three point field goal","LVA @ LAS three point field goal",2026-06-02 18:22:07.93799,"dk",0.2417,314,0.274,265,-0.0323,-0.0222,-1.111,-0.86796875
2026-06-02,"CON @ ATL","two point field goal","CON @ ATL two point field goal",2026-06-02 18:22:07.93799,"dk",0.7541,-307,0.8182,-450,-0.0641,-0.1763,-8.8154,-6.88703125
2026-06-02,"CHI @ WAS","two point field goal","CHI @ WAS two point field goal",2026-06-02 18:22:07.93799,"dk",0.777,-348,0.8095,-425,-0.0326,-0.0855,-4.2751,-3.339921875
2026-06-02,"PDX @ GSV","two point field goal","PDX @ GSV two point field goal",2026-06-02 18:22:07.93799,"dk",0.7109,-246,0.7674,-330,-0.0565,-0.1215,-6.0775,-4.748046875
2026-06-02,"LVA @ LAS","two point field goal","LVA @ LAS two point field goal",2026-06-02 18:22:07.93799,"dk",0.7583,-314,0.8,-400,-0.0417,-0.1043,-5.2134,-4.07296875
2026-06-02,"CON @ ATL","three point field goal","CON @ ATL three point field goal",2026-06-02 18:52:36.915327,"dk",0.2459,307,0.25,300,-0.0041,-0.0027,-0.1357,-0.106015625
2026-06-02,"CHI @ WAS","three point field goal","CHI @ WAS three point field goal",2026-06-02 18:52:36.915327,"dk",0.223,348,0.2667,275,-0.0436,-0.0297,-1.487,-1.16171875
2026-06-02,"PDX @ GSV","three point field goal","PDX @ GSV three point field goal",2026-06-02 18:52:36.915327,"dk",0.2891,246,0.3077,225,-0.0186,-0.0134,-0.6717,-0.524765625
2026-06-02,"LVA @ LAS","three point field goal","LVA @ LAS three point field goal",2026-06-02 18:52:36.915327,"dk",0.2417,314,0.274,265,-0.0323,-0.0222,-1.111,-0.86796875
2026-06-02,"CON @ ATL","two point field goal","CON @ ATL two point field goal",2026-06-02 18:52:36.915327,"dk",0.7541,-307,0.8182,-450,-0.0641,-0.1763,-8.8154,-6.88703125
2026-06-02,"CHI @ WAS","two point field goal","CHI @ WAS two point field goal",2026-06-02 18:52:36.915327,"dk",0.777,-348,0.8095,-425,-0.0326,-0.0855,-4.2751,-3.339921875
2026-06-02,"PDX @ GSV","two point field goal","PDX @ GSV two point field goal",2026-06-02 18:52:36.915327,"dk",0.7109,-246,0.7674,-330,-0.0565,-0.1215,-6.0775,-4.748046875
2026-06-02,"LVA @ LAS","two point field goal","LVA @ LAS two point field goal",2026-06-02 18:52:36.915327,"dk",0.7583,-314,0.8,-400,-0.0417,-0.1043,-5.2134,-4.07296875
2026-06-02,"CON @ ATL","three point field goal","CON @ ATL three point field goal",2026-06-02 19:22:08.146574,"dk",0.2459,307,0.25,300,-0.0041,-0.0027,-0.1357,-0.106015625
2026-06-02,"CHI @ WAS","three point field goal","CHI @ WAS three point field goal",2026-06-02 19:22:08.146574,"dk",0.223,348,0.2667,275,-0.0436,-0.0297,-1.487,-1.16171875
2026-06-02,"PDX @ GSV","three point field goal","PDX @ GSV three point field goal",2026-06-02 19:22:08.146574,"dk",0.2891,246,0.3077,225,-0.0186,-0.0134,-0.6717,-0.524765625
2026-06-02,"LVA @ LAS","three point field goal","LVA @ LAS three point field goal",2026-06-02 19:22:08.146574,"dk",0.2417,314,0.274,265,-0.0323,-0.0222,-1.111,-0.86796875
2026-06-02,"CON @ ATL","two point field goal","CON @ ATL two point field goal",2026-06-02 19:22:08.146574,"dk",0.7541,-307,0.8182,-450,-0.0641,-0.1763,-8.8154,-6.88703125
2026-06-02,"CHI @ WAS","two point field goal","CHI @ WAS two point field goal",2026-06-02 19:22:08.146574,"dk",0.777,-348,0.8095,-425,-0.0326,-0.0855,-4.2751,-3.339921875
2026-06-02,"PDX @ GSV","two point field goal","PDX @ GSV two point field goal",2026-06-02 19:22:08.146574,"dk",0.7109,-246,0.7674,-330,-0.0565,-0.1215,-6.0775,-4.748046875
2026-06-02,"LVA @ LAS","two point field goal","LVA @ LAS two point field goal",2026-06-02 19:22:08.146574,"dk",0.7583,-314,0.8,-400,-0.0417,-0.1043,-5.2134,-4.07296875
2026-06-02,"CON @ ATL","three point field goal","CON @ ATL three point field goal",2026-06-02 19:52:34.222245,"dk",0.2459,307,0.25,300,-0.0041,-0.0027,-0.1357,-0.106015625
2026-06-02,"CHI @ WAS","three point field goal","CHI @ WAS three point field goal",2026-06-02 19:52:34.222245,"dk",0.223,348,0.2667,275,-0.0436,-0.0297,-1.487,-1.16171875
2026-06-02,"PDX @ GSV","three point field goal","PDX @ GSV three point field goal",2026-06-02 19:52:34.222245,"dk",0.2891,246,0.3077,225,-0.0186,-0.0134,-0.6717,-0.524765625
2026-06-02,"LVA @ LAS","three point field goal","LVA @ LAS three point field goal",2026-06-02 19:52:34.222245,"dk",0.2417,314,0.274,265,-0.0323,-0.0222,-1.111,-0.86796875
2026-06-02,"CON @ ATL","two point field goal","CON @ ATL two point field goal",2026-06-02 19:52:34.222245,"dk",0.7541,-307,0.8182,-450,-0.0641,-0.1763,-8.8154,-6.88703125
2026-06-02,"CHI @ WAS","two point field goal","CHI @ WAS two point field goal",2026-06-02 19:52:34.222245,"dk",0.777,-348,0.8095,-425,-0.0326,-0.0855,-4.2751,-3.339921875
2026-06-02,"PDX @ GSV","two point field goal","PDX @ GSV two point field goal",2026-06-02 19:52:34.222245,"dk",0.7109,-246,0.7674,-330,-0.0565,-0.1215,-6.0775,-4.748046875
2026-06-02,"LVA @ LAS","two point field goal","LVA @ LAS two point field goal",2026-06-02 19:52:34.222245,"dk",0.7583,-314,0.8,-400,-0.0417,-0.1043,-5.2134,-4.07296875
2026-06-02,"CON @ ATL","three point field goal","CON @ ATL three point field goal",2026-06-02 20:22:43.691606,"dk",0.2459,307,0.25,300,-0.0041,-0.0027,-0.1357,-0.106015625
2026-06-02,"CHI @ WAS","three point field goal","CHI @ WAS three point field goal",2026-06-02 20:22:43.691606,"dk",0.223,348,0.2667,275,-0.0436,-0.0297,-1.487,-1.16171875
2026-06-02,"PDX @ GSV","three point field goal","PDX @ GSV three point field goal",2026-06-02 20:22:43.691606,"dk",0.2891,246,0.3077,225,-0.0186,-0.0134,-0.6717,-0.524765625
2026-06-02,"LVA @ LAS","three point field goal","LVA @ LAS three point field goal",2026-06-02 20:22:43.691606,"dk",0.2417,314,0.274,265,-0.0323,-0.0222,-1.111,-0.86796875
2026-06-02,"CON @ ATL","two point field goal","CON @ ATL two point field goal",2026-06-02 20:22:43.691606,"dk",0.7541,-307,0.8182,-450,-0.0641,-0.1763,-8.8154,-6.88703125
2026-06-02,"CHI @ WAS","two point field goal","CHI @ WAS two point field goal",2026-06-02 20:22:43.691606,"dk",0.777,-348,0.8095,-425,-0.0326,-0.0855,-4.2751,-3.339921875
2026-06-02,"PDX @ GSV","two point field goal","PDX @ GSV two point field goal",2026-06-02 20:22:43.691606,"dk",0.7109,-246,0.7674,-330,-0.0565,-0.1215,-6.0775,-4.748046875
2026-06-02,"LVA @ LAS","two point field goal","LVA @ LAS two point field goal",2026-06-02 20:22:43.691606,"dk",0.7583,-314,0.8,-400,-0.0417,-0.1043,-5.2134,-4.07296875
2026-06-02,"CON @ ATL","three point field goal","CON @ ATL three point field goal",2026-06-02 20:51:48.57808,"dk",0.2459,307,0.25,300,-0.0041,-0.0027,-0.1357,-0.106015625
2026-06-02,"CHI @ WAS","three point field goal","CHI @ WAS three point field goal",2026-06-02 20:51:48.57808,"dk",0.223,348,0.2667,275,-0.0436,-0.0297,-1.487,-1.16171875
2026-06-02,"PDX @ GSV","three point field goal","PDX @ GSV three point field goal",2026-06-02 20:51:48.57808,"dk",0.2891,246,0.3077,225,-0.0186,-0.0134,-0.6717,-0.524765625
2026-06-02,"LVA @ LAS","three point field goal","LVA @ LAS three point field goal",2026-06-02 20:51:48.57808,"dk",0.2417,314,0.274,265,-0.0323,-0.0222,-1.111,-0.86796875
2026-06-02,"CON @ ATL","two point field goal","CON @ ATL two point field goal",2026-06-02 20:51:48.57808,"dk",0.7541,-307,0.8182,-450,-0.0641,-0.1763,-8.8154,-6.88703125
2026-06-02,"CHI @ WAS","two point field goal","CHI @ WAS two point field goal",2026-06-02 20:51:48.57808,"dk",0.777,-348,0.8095,-425,-0.0326,-0.0855,-4.2751,-3.339921875
2026-06-02,"PDX @ GSV","two point field goal","PDX @ GSV two point field goal",2026-06-02 20:51:48.57808,"dk",0.7109,-246,0.7674,-330,-0.0565,-0.1215,-6.0775,-4.748046875
2026-06-02,"LVA @ LAS","two point field goal","LVA @ LAS two point field goal",2026-06-02 20:51:48.57808,"dk",0.7583,-314,0.8,-400,-0.0417,-0.1043,-5.2134,-4.07296875
2026-06-02,"CON @ ATL","three point field goal","CON @ ATL three point field goal",2026-06-02 21:22:01.749019,"dk",0.2459,307,0.25,300,-0.0041,-0.0027,-0.1357,-0.106015625
2026-06-02,"CHI @ WAS","three point field goal","CHI @ WAS three point field goal",2026-06-02 21:22:01.749019,"dk",0.223,348,0.2667,275,-0.0436,-0.0297,-1.487,-1.16171875
2026-06-02,"PDX @ GSV","three point field goal","PDX @ GSV three point field goal",2026-06-02 21:22:01.749019,"dk",0.2891,246,0.3077,225,-0.0186,-0.0134,-0.6717,-0.524765625
2026-06-02,"LVA @ LAS","three point field goal","LVA @ LAS three point field goal",2026-06-02 21:22:01.749019,"dk",0.2417,314,0.274,265,-0.0323,-0.0222,-1.111,-0.86796875
2026-06-02,"CON @ ATL","two point field goal","CON @ ATL two point field goal",2026-06-02 21:22:01.749019,"dk",0.7541,-307,0.8182,-450,-0.0641,-0.1763,-8.8154,-6.88703125
2026-06-02,"CHI @ WAS","two point field goal","CHI @ WAS two point field goal",2026-06-02 21:22:01.749019,"dk",0.777,-348,0.8095,-425,-0.0326,-0.0855,-4.2751,-3.339921875
2026-06-02,"PDX @ GSV","two point field goal","PDX @ GSV two point field goal",2026-06-02 21:22:01.749019,"dk",0.7109,-246,0.7674,-330,-0.0565,-0.1215,-6.0775,-4.748046875
2026-06-02,"LVA @ LAS","two point field goal","LVA @ LAS two point field goal",2026-06-02 21:22:01.749019,"dk",0.7583,-314,0.8,-400,-0.0417,-0.1043,-5.2134,-4.07296875
2026-06-02,"CON @ ATL","three point field goal","CON @ ATL three point field goal",2026-06-02 21:52:04.134565,"dk",0.2459,307,0.25,300,-0.0041,-0.0027,-0.1357,-0.106015625
2026-06-02,"CHI @ WAS","three point field goal","CHI @ WAS three point field goal",2026-06-02 21:52:04.134565,"dk",0.223,348,0.2667,275,-0.0436,-0.0297,-1.487,-1.16171875
2026-06-02,"PDX @ GSV","three point field goal","PDX @ GSV three point field goal",2026-06-02 21:52:04.134565,"dk",0.2891,246,0.3077,225,-0.0186,-0.0134,-0.6717,-0.524765625
2026-06-02,"LVA @ LAS","three point field goal","LVA @ LAS three point field goal",2026-06-02 21:52:04.134565,"dk",0.2417,314,0.274,265,-0.0323,-0.0222,-1.111,-0.86796875
2026-06-02,"CON @ ATL","two point field goal","CON @ ATL two point field goal",2026-06-02 21:52:04.134565,"dk",0.7541,-307,0.8182,-450,-0.0641,-0.1763,-8.8154,-6.88703125
2026-06-02,"CHI @ WAS","two point field goal","CHI @ WAS two point field goal",2026-06-02 21:52:04.134565,"dk",0.777,-348,0.8095,-425,-0.0326,-0.0855,-4.2751,-3.339921875
2026-06-02,"PDX @ GSV","two point field goal","PDX @ GSV two point field goal",2026-06-02 21:52:04.134565,"dk",0.7109,-246,0.7674,-330,-0.0565,-0.1215,-6.0775,-4.748046875
2026-06-02,"LVA @ LAS","two point field goal","LVA @ LAS two point field goal",2026-06-02 21:52:04.134565,"dk",0.7583,-314,0.8,-400,-0.0417,-0.1043,-5.2134,-4.07296875
2026-06-02,"CON @ ATL","three point field goal","CON @ ATL three point field goal",2026-06-02 22:22:37.203804,"dk",0.2459,307,0.25,300,-0.0041,-0.0027,-0.1357,-0.106015625
2026-06-02,"CHI @ WAS","three point field goal","CHI @ WAS three point field goal",2026-06-02 22:22:37.203804,"dk",0.223,348,0.2667,275,-0.0436,-0.0297,-1.487,-1.16171875
2026-06-02,"PDX @ GSV","three point field goal","PDX @ GSV three point field goal",2026-06-02 22:22:37.203804,"dk",0.2891,246,0.3077,225,-0.0186,-0.0134,-0.6717,-0.524765625
2026-06-02,"LVA @ LAS","three point field goal","LVA @ LAS three point field goal",2026-06-02 22:22:37.203804,"dk",0.2417,314,0.274,265,-0.0323,-0.0222,-1.111,-0.86796875
2026-06-02,"CON @ ATL","two point field goal","CON @ ATL two point field goal",2026-06-02 22:22:37.203804,"dk",0.7541,-307,0.8182,-450,-0.0641,-0.1763,-8.8154,-6.88703125
2026-06-02,"CHI @ WAS","two point field goal","CHI @ WAS two point field goal",2026-06-02 22:22:37.203804,"dk",0.777,-348,0.8095,-425,-0.0326,-0.0855,-4.2751,-3.339921875
2026-06-02,"PDX @ GSV","two point field goal","PDX @ GSV two point field goal",2026-06-02 22:22:37.203804,"dk",0.7109,-246,0.7674,-330,-0.0565,-0.1215,-6.0775,-4.748046875
2026-06-02,"LVA @ LAS","two point field goal","LVA @ LAS two point field goal",2026-06-02 22:22:37.203804,"dk",0.7583,-314,0.8,-400,-0.0417,-0.1043,-5.2134,-4.07296875
2026-06-02,"CON @ ATL","three point field goal","CON @ ATL three point field goal",2026-06-02 22:52:14.764702,"dk",0.2459,307,0.25,300,-0.0041,-0.0027,-0.1357,-0.106015625
2026-06-02,"CHI @ WAS","three point field goal","CHI @ WAS three point field goal",2026-06-02 22:52:14.764702,"dk",0.223,348,0.2667,275,-0.0436,-0.0297,-1.487,-1.16171875
2026-06-02,"PDX @ GSV","three point field goal","PDX @ GSV three point field goal",2026-06-02 22:52:14.764702,"dk",0.2891,246,0.3077,225,-0.0186,-0.0134,-0.6717,-0.524765625
2026-06-02,"LVA @ LAS","three point field goal","LVA @ LAS three point field goal",2026-06-02 22:52:14.764702,"dk",0.2417,314,0.274,265,-0.0323,-0.0222,-1.111,-0.86796875
2026-06-02,"CON @ ATL","two point field goal","CON @ ATL two point field goal",2026-06-02 22:52:14.764702,"dk",0.7541,-307,0.8182,-450,-0.0641,-0.1763,-8.8154,-6.88703125
2026-06-02,"CHI @ WAS","two point field goal","CHI @ WAS two point field goal",2026-06-02 22:52:14.764702,"dk",0.777,-348,0.8095,-425,-0.0326,-0.0855,-4.2751,-3.339921875
2026-06-02,"PDX @ GSV","two point field goal","PDX @ GSV two point field goal",2026-06-02 22:52:14.764702,"dk",0.7109,-246,0.7674,-330,-0.0565,-0.1215,-6.0775,-4.748046875
2026-06-02,"LVA @ LAS","two point field goal","LVA @ LAS two point field goal",2026-06-02 22:52:14.764702,"dk",0.7583,-314,0.8,-400,-0.0417,-0.1043,-5.2134,-4.07296875
2026-06-02,"CON @ ATL","three point field goal","CON @ ATL three point field goal",2026-06-02 23:22:35.73382,"dk",0.2459,307,0.25,300,-0.0041,-0.0027,-0.1357,-0.106015625
2026-06-02,"CHI @ WAS","three point field goal","CHI @ WAS three point field goal",2026-06-02 23:22:35.73382,"dk",0.223,348,0.2667,275,-0.0436,-0.0297,-1.487,-1.16171875
2026-06-02,"PDX @ GSV","three point field goal","PDX @ GSV three point field goal",2026-06-02 23:22:35.73382,"dk",0.2891,246,0.3077,225,-0.0186,-0.0134,-0.6717,-0.524765625
2026-06-02,"LVA @ LAS","three point field goal","LVA @ LAS three point field goal",2026-06-02 23:22:35.73382,"dk",0.2417,314,0.274,265,-0.0323,-0.0222,-1.111,-0.86796875
2026-06-02,"CON @ ATL","two point field goal","CON @ ATL two point field goal",2026-06-02 23:22:35.73382,"dk",0.7541,-307,0.8182,-450,-0.0641,-0.1763,-8.8154,-6.88703125
2026-06-02,"CHI @ WAS","two point field goal","CHI @ WAS two point field goal",2026-06-02 23:22:35.73382,"dk",0.777,-348,0.8095,-425,-0.0326,-0.0855,-4.2751,-3.339921875
2026-06-02,"PDX @ GSV","two point field goal","PDX @ GSV two point field goal",2026-06-02 23:22:35.73382,"dk",0.7109,-246,0.7674,-330,-0.0565,-0.1215,-6.0775,-4.748046875
2026-06-02,"LVA @ LAS","two point field goal","LVA @ LAS two point field goal",2026-06-02 23:22:35.73382,"dk",0.7583,-314,0.8,-400,-0.0417,-0.1043,-5.2134,-4.07296875
2026-06-02,"PDX @ GSV","three point field goal","PDX @ GSV three point field goal",2026-06-02 23:52:26.966322,"dk",0.2891,246,0.3077,225,-0.0186,-0.0134,-0.6717,-0.524765625
2026-06-02,"LVA @ LAS","three point field goal","LVA @ LAS three point field goal",2026-06-02 23:52:26.966322,"dk",0.2417,314,0.274,265,-0.0323,-0.0222,-1.111,-0.86796875
2026-06-02,"PDX @ GSV","two point field goal","PDX @ GSV two point field goal",2026-06-02 23:52:26.966322,"dk",0.7109,-246,0.7674,-330,-0.0565,-0.1215,-6.0775,-4.748046875
2026-06-02,"LVA @ LAS","two point field goal","LVA @ LAS two point field goal",2026-06-02 23:52:26.966322,"dk",0.7583,-314,0.8,-400,-0.0417,-0.1043,-5.2134,-4.07296875
2026-06-02,"PDX @ GSV","three point field goal","PDX @ GSV three point field goal",2026-06-03 00:22:29.371102,"dk",0.2891,246,0.3077,225,-0.0186,-0.0134,-0.6717,-0.524765625
2026-06-02,"LVA @ LAS","three point field goal","LVA @ LAS three point field goal",2026-06-03 00:22:29.371102,"dk",0.2417,314,0.274,265,-0.0323,-0.0222,-1.111,-0.86796875
2026-06-02,"PDX @ GSV","two point field goal","PDX @ GSV two point field goal",2026-06-03 00:22:29.371102,"dk",0.7109,-246,0.7674,-330,-0.0565,-0.1215,-6.0775,-4.748046875
2026-06-02,"LVA @ LAS","two point field goal","LVA @ LAS two point field goal",2026-06-03 00:22:29.371102,"dk",0.7583,-314,0.8,-400,-0.0417,-0.1043,-5.2134,-4.07296875
2026-06-02,"PDX @ GSV","three point field goal","PDX @ GSV three point field goal",2026-06-03 00:52:16.624197,"dk",0.2891,246,0.3077,225,-0.0186,-0.0134,-0.6717,-0.524765625
2026-06-02,"LVA @ LAS","three point field goal","LVA @ LAS three point field goal",2026-06-03 00:52:16.624197,"dk",0.2417,314,0.274,265,-0.0323,-0.0222,-1.111,-0.86796875
2026-06-02,"PDX @ GSV","two point field goal","PDX @ GSV two point field goal",2026-06-03 00:52:16.624197,"dk",0.7109,-246,0.7674,-330,-0.0565,-0.1215,-6.0775,-4.748046875
2026-06-02,"LVA @ LAS","two point field goal","LVA @ LAS two point field goal",2026-06-03 00:52:16.624197,"dk",0.7583,-314,0.8,-400,-0.0417,-0.1043,-5.2134,-4.07296875
2026-06-02,"PDX @ GSV","three point field goal","PDX @ GSV three point field goal",2026-06-03 01:22:43.728365,"dk",0.2891,246,0.3077,225,-0.0186,-0.0134,-0.6717,-0.524765625
2026-06-02,"LVA @ LAS","three point field goal","LVA @ LAS three point field goal",2026-06-03 01:22:43.728365,"dk",0.2417,314,0.274,265,-0.0323,-0.0222,-1.111,-0.86796875
2026-06-02,"PDX @ GSV","two point field goal","PDX @ GSV two point field goal",2026-06-03 01:22:43.728365,"dk",0.7109,-246,0.7674,-330,-0.0565,-0.1215,-6.0775,-4.748046875
2026-06-02,"LVA @ LAS","two point field goal","LVA @ LAS two point field goal",2026-06-03 01:22:43.728365,"dk",0.7583,-314,0.8,-400,-0.0417,-0.1043,-5.2134,-4.07296875
2026-06-02,"PDX @ GSV","three point field goal","PDX @ GSV three point field goal",2026-06-03 01:51:53.708594,"dk",0.2891,246,0.3077,225,-0.0186,-0.0134,-0.6717,-0.524765625
2026-06-02,"LVA @ LAS","three point field goal","LVA @ LAS three point field goal",2026-06-03 01:51:53.708594,"dk",0.2417,314,0.274,265,-0.0323,-0.0222,-1.111,-0.86796875
2026-06-02,"PDX @ GSV","two point field goal","PDX @ GSV two point field goal",2026-06-03 01:51:53.708594,"dk",0.7109,-246,0.7674,-330,-0.0565,-0.1215,-6.0775,-4.748046875
2026-06-02,"LVA @ LAS","two point field goal","LVA @ LAS two point field goal",2026-06-03 01:51:53.708594,"dk",0.7583,-314,0.8,-400,-0.0417,-0.1043,-5.2134,-4.07296875
2026-06-02,"PDX @ GSV","three point field goal","PDX @ GSV three point field goal",2026-06-03 02:22:46.978988,"dk",0.2891,246,0.3077,225,-0.0186,-0.0134,-0.6717,-0.524765625
2026-06-02,"LVA @ LAS","three point field goal","LVA @ LAS three point field goal",2026-06-03 02:22:46.978988,"dk",0.2417,314,0.274,265,-0.0323,-0.0222,-1.111,-0.86796875
2026-06-02,"PDX @ GSV","two point field goal","PDX @ GSV two point field goal",2026-06-03 02:22:46.978988,"dk",0.7109,-246,0.7674,-330,-0.0565,-0.1215,-6.0775,-4.748046875
2026-06-02,"LVA @ LAS","two point field goal","LVA @ LAS two point field goal",2026-06-03 02:22:46.978988,"dk",0.7583,-314,0.8,-400,-0.0417,-0.1043,-5.2134,-4.07296875
2026-06-03,"TOR @ NYL","three point field goal","TOR @ NYL three point field goal",2026-06-03 14:11:06.437268,"dk",0.2818,255,0.3125,220,-0.0307,-0.0223,-1.117,-0.87265625
2026-06-03,"PHX @ SEA","three point field goal","PHX @ SEA three point field goal",2026-06-03 14:11:06.437268,"dk",0.2407,315,0.2941,240,-0.0534,-0.0379,-1.8927,-1.478671875
2026-06-03,"TOR @ NYL","two point field goal","TOR @ NYL two point field goal",2026-06-03 14:11:06.437268,"dk",0.7182,-255,0.7619,-320,-0.0437,-0.0917,-4.5871,-3.583671875
2026-06-03,"PHX @ SEA","two point field goal","PHX @ SEA two point field goal",2026-06-03 14:11:06.437268,"dk",0.7593,-315,0.7778,-350,-0.0185,-0.0415,-2.076,-1.621875
2026-06-03,"TOR @ NYL","three point field goal","TOR @ NYL three point field goal",2026-06-03 15:29:40.95106,"dk",0.2818,255,0.3125,220,-0.0307,-0.0223,-1.1172,-0.8728125
2026-06-03,"PHX @ SEA","three point field goal","PHX @ SEA three point field goal",2026-06-03 15:29:40.95106,"dk",0.2407,315,0.2941,240,-0.0534,-0.0379,-1.8927,-1.478671875
2026-06-03,"TOR @ NYL","two point field goal","TOR @ NYL two point field goal",2026-06-03 15:29:40.95106,"dk",0.7182,-255,0.7619,-320,-0.0437,-0.0917,-4.5866,-3.58328125
2026-06-03,"PHX @ SEA","two point field goal","PHX @ SEA two point field goal",2026-06-03 15:29:40.95106,"dk",0.7593,-315,0.7778,-350,-0.0185,-0.0415,-2.076,-1.621875
2026-06-03,"TOR @ NYL","three point field goal","TOR @ NYL three point field goal",2026-06-03 15:50:54.479339,"dk",0.2818,255,0.3125,220,-0.0307,-0.0223,-1.1172,-0.8728125
2026-06-03,"PHX @ SEA","three point field goal","PHX @ SEA three point field goal",2026-06-03 15:50:54.479339,"dk",0.2407,315,0.2941,240,-0.0534,-0.0379,-1.8927,-1.478671875
2026-06-03,"TOR @ NYL","two point field goal","TOR @ NYL two point field goal",2026-06-03 15:50:54.479339,"dk",0.7182,-255,0.7619,-320,-0.0437,-0.0917,-4.5866,-3.58328125
2026-06-03,"PHX @ SEA","two point field goal","PHX @ SEA two point field goal",2026-06-03 15:50:54.479339,"dk",0.7593,-315,0.7778,-350,-0.0185,-0.0415,-2.076,-1.621875
2026-06-03,"TOR @ NYL","three point field goal","TOR @ NYL three point field goal",2026-06-03 16:21:30.054106,"dk",0.2818,255,0.3125,220,-0.0307,-0.0223,-1.1172,-0.8728125
2026-06-03,"PHX @ SEA","three point field goal","PHX @ SEA three point field goal",2026-06-03 16:21:30.054106,"dk",0.2407,316,0.2941,240,-0.0534,-0.0379,-1.8929,-1.478828125
2026-06-03,"TOR @ NYL","two point field goal","TOR @ NYL two point field goal",2026-06-03 16:21:30.054106,"dk",0.7182,-255,0.7619,-320,-0.0437,-0.0917,-4.5866,-3.58328125
2026-06-03,"PHX @ SEA","two point field goal","PHX @ SEA two point field goal",2026-06-03 16:21:30.054106,"dk",0.7593,-316,0.7778,-350,-0.0184,-0.0415,-2.0755,-1.621484375
2026-06-03,"TOR @ NYL","three point field goal","TOR @ NYL three point field goal",2026-06-03 16:51:14.123223,"dk",0.2818,255,0.3125,220,-0.0307,-0.0223,-1.1172,-0.8728125
2026-06-03,"PHX @ SEA","three point field goal","PHX @ SEA three point field goal",2026-06-03 16:51:14.123223,"dk",0.2407,316,0.2941,240,-0.0534,-0.0379,-1.8929,-1.478828125
2026-06-03,"TOR @ NYL","two point field goal","TOR @ NYL two point field goal",2026-06-03 16:51:14.123223,"dk",0.7182,-255,0.7619,-320,-0.0437,-0.0917,-4.5866,-3.58328125
2026-06-03,"PHX @ SEA","two point field goal","PHX @ SEA two point field goal",2026-06-03 16:51:14.123223,"dk",0.7593,-316,0.7778,-350,-0.0184,-0.0415,-2.0755,-1.621484375
2026-06-03,"TOR @ NYL","three point field goal","TOR @ NYL three point field goal",2026-06-03 17:21:06.837137,"dk",0.2818,255,0.3125,220,-0.0307,-0.0223,-1.1172,-0.8728125
2026-06-03,"PHX @ SEA","three point field goal","PHX @ SEA three point field goal",2026-06-03 17:21:06.837137,"dk",0.2407,316,0.2941,240,-0.0534,-0.0379,-1.8929,-1.478828125
2026-06-03,"TOR @ NYL","two point field goal","TOR @ NYL two point field goal",2026-06-03 17:21:06.837137,"dk",0.7182,-255,0.7619,-320,-0.0437,-0.0917,-4.5866,-3.58328125
2026-06-03,"PHX @ SEA","two point field goal","PHX @ SEA two point field goal",2026-06-03 17:21:06.837137,"dk",0.7593,-316,0.7778,-350,-0.0184,-0.0415,-2.0755,-1.621484375
2026-06-03,"TOR @ NYL","three point field goal","TOR @ NYL three point field goal",2026-06-03 17:50:58.667651,"dk",0.2818,255,0.3125,220,-0.0307,-0.0223,-1.1172,-0.8728125
2026-06-03,"PHX @ SEA","three point field goal","PHX @ SEA three point field goal",2026-06-03 17:50:58.667651,"dk",0.2407,316,0.2941,240,-0.0534,-0.0379,-1.8929,-1.478828125
2026-06-03,"TOR @ NYL","two point field goal","TOR @ NYL two point field goal",2026-06-03 17:50:58.667651,"dk",0.7182,-255,0.7619,-320,-0.0437,-0.0917,-4.5866,-3.58328125
2026-06-03,"PHX @ SEA","two point field goal","PHX @ SEA two point field goal",2026-06-03 17:50:58.667651,"dk",0.7593,-316,0.7778,-350,-0.0184,-0.0415,-2.0755,-1.621484375
2026-06-03,"TOR @ NYL","three point field goal","TOR @ NYL three point field goal",2026-06-03 18:20:51.713024,"dk",0.2818,255,0.3125,220,-0.0307,-0.0223,-1.1172,-0.8728125
2026-06-03,"PHX @ SEA","three point field goal","PHX @ SEA three point field goal",2026-06-03 18:20:51.713024,"dk",0.2407,315,0.2941,240,-0.0534,-0.0379,-1.8927,-1.478671875
2026-06-03,"TOR @ NYL","two point field goal","TOR @ NYL two point field goal",2026-06-03 18:20:51.713024,"dk",0.7182,-255,0.7619,-320,-0.0437,-0.0917,-4.5866,-3.58328125
2026-06-03,"PHX @ SEA","two point field goal","PHX @ SEA two point field goal",2026-06-03 18:20:51.713024,"dk",0.7593,-315,0.7778,-350,-0.0185,-0.0415,-2.076,-1.621875
2026-06-03,"TOR @ NYL","three point field goal","TOR @ NYL three point field goal",2026-06-03 19:51:18.606998,"dk",0.2818,255,0.3125,220,-0.0307,-0.0223,-1.1172,-0.8728125
2026-06-03,"PHX @ SEA","three point field goal","PHX @ SEA three point field goal",2026-06-03 19:51:18.606998,"dk",0.2407,315,0.2941,240,-0.0534,-0.0379,-1.8927,-1.478671875
2026-06-03,"TOR @ NYL","two point field goal","TOR @ NYL two point field goal",2026-06-03 19:51:18.606998,"dk",0.7182,-255,0.7619,-320,-0.0437,-0.0917,-4.5866,-3.58328125
2026-06-03,"PHX @ SEA","two point field goal","PHX @ SEA two point field goal",2026-06-03 19:51:18.606998,"dk",0.7593,-315,0.7778,-350,-0.0185,-0.0415,-2.076,-1.621875
2026-06-03,"TOR @ NYL","three point field goal","TOR @ NYL three point field goal",2026-06-03 20:20:59.807105,"dk",0.2818,255,0.3125,220,-0.0307,-0.0223,-1.1172,-0.8728125
2026-06-03,"PHX @ SEA","three point field goal","PHX @ SEA three point field goal",2026-06-03 20:20:59.807105,"dk",0.2407,315,0.2941,240,-0.0534,-0.0379,-1.8927,-1.478671875
2026-06-03,"TOR @ NYL","two point field goal","TOR @ NYL two point field goal",2026-06-03 20:20:59.807105,"dk",0.7182,-255,0.7619,-320,-0.0437,-0.0917,-4.5866,-3.58328125
2026-06-03,"PHX @ SEA","two point field goal","PHX @ SEA two point field goal",2026-06-03 20:20:59.807105,"dk",0.7593,-315,0.7778,-350,-0.0185,-0.0415,-2.076,-1.621875
2026-06-03,"TOR @ NYL","three point field goal","TOR @ NYL three point field goal",2026-06-03 20:51:06.80925,"dk",0.2818,255,0.3125,220,-0.0307,-0.0223,-1.1172,-0.8728125
2026-06-03,"PHX @ SEA","three point field goal","PHX @ SEA three point field goal",2026-06-03 20:51:06.80925,"dk",0.2407,315,0.2941,240,-0.0534,-0.0379,-1.8927,-1.478671875
2026-06-03,"TOR @ NYL","two point field goal","TOR @ NYL two point field goal",2026-06-03 20:51:06.80925,"dk",0.7182,-255,0.7619,-320,-0.0437,-0.0917,-4.5866,-3.58328125
2026-06-03,"PHX @ SEA","two point field goal","PHX @ SEA two point field goal",2026-06-03 20:51:06.80925,"dk",0.7593,-315,0.7778,-350,-0.0185,-0.0415,-2.076,-1.621875
2026-06-03,"TOR @ NYL","three point field goal","TOR @ NYL three point field goal",2026-06-03 21:51:29.813078,"dk",0.2818,255,0.3125,220,-0.0307,-0.0223,-1.1172,-0.8728125
2026-06-03,"PHX @ SEA","three point field goal","PHX @ SEA three point field goal",2026-06-03 21:51:29.813078,"dk",0.2407,316,0.2941,240,-0.0534,-0.0379,-1.8929,-1.478828125
2026-06-03,"TOR @ NYL","two point field goal","TOR @ NYL two point field goal",2026-06-03 21:51:29.813078,"dk",0.7182,-255,0.7619,-320,-0.0437,-0.0917,-4.5866,-3.58328125
2026-06-03,"PHX @ SEA","two point field goal","PHX @ SEA two point field goal",2026-06-03 21:51:29.813078,"dk",0.7593,-316,0.7778,-350,-0.0184,-0.0415,-2.0755,-1.621484375
2026-06-03,"TOR @ NYL","three point field goal","TOR @ NYL three point field goal",2026-06-03 22:21:32.917727,"dk",0.2818,255,0.3125,220,-0.0307,-0.0223,-1.1172,-0.8728125
2026-06-03,"PHX @ SEA","three point field goal","PHX @ SEA three point field goal",2026-06-03 22:21:32.917727,"dk",0.2407,316,0.2941,240,-0.0534,-0.0379,-1.8929,-1.478828125
2026-06-03,"TOR @ NYL","two point field goal","TOR @ NYL two point field goal",2026-06-03 22:21:32.917727,"dk",0.7182,-255,0.7619,-320,-0.0437,-0.0917,-4.5866,-3.58328125
2026-06-03,"PHX @ SEA","two point field goal","PHX @ SEA two point field goal",2026-06-03 22:21:32.917727,"dk",0.7593,-316,0.7778,-350,-0.0184,-0.0415,-2.0755,-1.621484375
2026-06-03,"TOR @ NYL","three point field goal","TOR @ NYL three point field goal",2026-06-03 22:51:29.956029,"dk",0.2818,255,0.3125,220,-0.0307,-0.0223,-1.1172,-0.8728125
2026-06-03,"PHX @ SEA","three point field goal","PHX @ SEA three point field goal",2026-06-03 22:51:29.956029,"dk",0.2407,316,0.2941,240,-0.0534,-0.0379,-1.8929,-1.478828125
2026-06-03,"TOR @ NYL","two point field goal","TOR @ NYL two point field goal",2026-06-03 22:51:29.956029,"dk",0.7182,-255,0.7619,-320,-0.0437,-0.0917,-4.5866,-3.58328125
2026-06-03,"PHX @ SEA","two point field goal","PHX @ SEA two point field goal",2026-06-03 22:51:29.956029,"dk",0.7593,-316,0.7778,-350,-0.0184,-0.0415,-2.0755,-1.621484375
2026-06-03,"TOR @ NYL","three point field goal","TOR @ NYL three point field goal",2026-06-03 23:21:19.274468,"dk",0.2818,255,0.3125,220,-0.0307,-0.0223,-1.1172,-0.8728125
2026-06-03,"PHX @ SEA","three point field goal","PHX @ SEA three point field goal",2026-06-03 23:21:19.274468,"dk",0.2407,316,0.2941,240,-0.0534,-0.0379,-1.8929,-1.478828125
2026-06-03,"TOR @ NYL","two point field goal","TOR @ NYL two point field goal",2026-06-03 23:21:19.274468,"dk",0.7182,-255,0.7619,-320,-0.0437,-0.0917,-4.5866,-3.58328125
2026-06-03,"PHX @ SEA","two point field goal","PHX @ SEA two point field goal",2026-06-03 23:21:19.274468,"dk",0.7593,-316,0.7778,-350,-0.0184,-0.0415,-2.0755,-1.621484375
2026-06-03,"TOR @ NYL","three point field goal","TOR @ NYL three point field goal",2026-06-03 23:51:15.641162,"dk",0.2818,255,0.3125,220,-0.0307,-0.0223,-1.1172,-0.8728125
2026-06-03,"PHX @ SEA","three point field goal","PHX @ SEA three point field goal",2026-06-03 23:51:15.641162,"dk",0.2407,316,0.2941,240,-0.0534,-0.0379,-1.8929,-1.478828125
2026-06-03,"TOR @ NYL","two point field goal","TOR @ NYL two point field goal",2026-06-03 23:51:15.641162,"dk",0.7182,-255,0.7619,-320,-0.0437,-0.0917,-4.5866,-3.58328125
2026-06-03,"PHX @ SEA","two point field goal","PHX @ SEA two point field goal",2026-06-03 23:51:15.641162,"dk",0.7593,-316,0.7778,-350,-0.0184,-0.0415,-2.0755,-1.621484375
2026-06-03,"PHX @ SEA","three point field goal","PHX @ SEA three point field goal",2026-06-04 00:20:50.156257,"dk",0.2407,316,0.2941,240,-0.0534,-0.0379,-1.8929,-1.478828125
2026-06-03,"PHX @ SEA","two point field goal","PHX @ SEA two point field goal",2026-06-04 00:20:50.156257,"dk",0.7593,-316,0.7778,-350,-0.0184,-0.0415,-2.0755,-1.621484375
2026-06-03,"PHX @ SEA","three point field goal","PHX @ SEA three point field goal",2026-06-04 00:51:09.091155,"dk",0.2407,316,0.2941,240,-0.0534,-0.0379,-1.8929,-1.478828125
2026-06-03,"PHX @ SEA","two point field goal","PHX @ SEA two point field goal",2026-06-04 00:51:09.091155,"dk",0.7593,-316,0.7778,-350,-0.0184,-0.0415,-2.0755,-1.621484375
2026-06-03,"PHX @ SEA","three point field goal","PHX @ SEA three point field goal",2026-06-04 01:21:09.455591,"dk",0.2407,316,0.2941,240,-0.0534,-0.0379,-1.8929,-1.478828125
2026-06-03,"PHX @ SEA","two point field goal","PHX @ SEA two point field goal",2026-06-04 01:21:09.455591,"dk",0.7593,-316,0.7778,-350,-0.0184,-0.0415,-2.0755,-1.621484375
2026-06-03,"PHX @ SEA","three point field goal","PHX @ SEA three point field goal",2026-06-04 01:51:20.330328,"dk",0.2407,316,0.2941,240,-0.0534,-0.0379,-1.8929,-1.478828125
2026-06-03,"PHX @ SEA","two point field goal","PHX @ SEA two point field goal",2026-06-04 01:51:20.330328,"dk",0.7593,-316,0.7778,-350,-0.0184,-0.0415,-2.0755,-1.621484375
2026-06-03,"PHX @ SEA","three point field goal","PHX @ SEA three point field goal",2026-06-04 02:21:04.076055,"dk",0.2407,316,0.2941,240,-0.0534,-0.0379,-1.8929,-1.478828125
2026-06-03,"PHX @ SEA","two point field goal","PHX @ SEA two point field goal",2026-06-04 02:21:04.076055,"dk",0.7593,-316,0.7778,-350,-0.0184,-0.0415,-2.0755,-1.621484375
2026-06-03,"PHX @ SEA","three point field goal","PHX @ SEA three point field goal",2026-06-04 02:51:15.95376,"dk",0.2407,316,0.2941,240,-0.0534,-0.0379,-1.8929,-1.478828125
2026-06-03,"PHX @ SEA","two point field goal","PHX @ SEA two point field goal",2026-06-04 02:51:15.95376,"dk",0.7593,-316,0.7778,-350,-0.0184,-0.0415,-2.0755,-1.621484375
2026-06-04,"ATL @ IND","three point field goal","ATL @ IND three point field goal",2026-06-04 13:51:32.725079,"dk",0.2721,267,0.2985,235,-0.0264,-0.0188,-0.9397,-0.734140625
2026-06-04,"GSV @ MIN","three point field goal","GSV @ MIN three point field goal",2026-06-04 13:51:32.725079,"dk",0.2699,271,0.2899,245,-0.02,-0.0141,-0.704,-0.55
2026-06-04,"ATL @ IND","two point field goal","ATL @ IND two point field goal",2026-06-04 13:51:32.725079,"dk",0.7279,-267,0.7727,-340,-0.0449,-0.0987,-4.9353,-3.855703125
2026-06-04,"GSV @ MIN","two point field goal","GSV @ MIN two point field goal",2026-06-04 13:51:32.725079,"dk",0.7301,-271,0.7826,-360,-0.0525,-0.1207,-6.0335,-4.713671875
2026-06-04,"ATL @ IND","three point field goal","ATL @ IND three point field goal",2026-06-04 14:21:36.918044,"dk",0.2721,267,0.2985,235,-0.0264,-0.0188,-0.9397,-0.734140625
2026-06-04,"GSV @ MIN","three point field goal","GSV @ MIN three point field goal",2026-06-04 14:21:36.918044,"dk",0.2699,271,0.2899,245,-0.02,-0.0141,-0.704,-0.55
2026-06-04,"ATL @ IND","two point field goal","ATL @ IND two point field goal",2026-06-04 14:21:36.918044,"dk",0.7279,-267,0.7727,-340,-0.0449,-0.0987,-4.9353,-3.855703125
2026-06-04,"GSV @ MIN","two point field goal","GSV @ MIN two point field goal",2026-06-04 14:21:36.918044,"dk",0.7301,-271,0.7826,-360,-0.0525,-0.1207,-6.0335,-4.713671875
2026-06-04,"ATL @ IND","three point field goal","ATL @ IND three point field goal",2026-06-04 14:51:27.51892,"dk",0.2721,267,0.2985,235,-0.0264,-0.0188,-0.9397,-0.734140625
2026-06-04,"GSV @ MIN","three point field goal","GSV @ MIN three point field goal",2026-06-04 14:51:27.51892,"dk",0.2699,271,0.2899,245,-0.02,-0.0141,-0.704,-0.55
2026-06-04,"ATL @ IND","two point field goal","ATL @ IND two point field goal",2026-06-04 14:51:27.51892,"dk",0.7279,-267,0.7727,-340,-0.0449,-0.0987,-4.9353,-3.855703125
2026-06-04,"GSV @ MIN","two point field goal","GSV @ MIN two point field goal",2026-06-04 14:51:27.51892,"dk",0.7301,-271,0.7826,-360,-0.0525,-0.1207,-6.0335,-4.713671875
2026-06-04,"ATL @ IND","three point field goal","ATL @ IND three point field goal",2026-06-04 15:21:44.497596,"dk",0.2721,267,0.2985,235,-0.0264,-0.0188,-0.9397,-0.734140625
2026-06-04,"GSV @ MIN","three point field goal","GSV @ MIN three point field goal",2026-06-04 15:21:44.497596,"dk",0.2699,271,0.2899,245,-0.02,-0.0141,-0.704,-0.55
2026-06-04,"ATL @ IND","two point field goal","ATL @ IND two point field goal",2026-06-04 15:21:44.497596,"dk",0.7279,-267,0.7727,-340,-0.0449,-0.0987,-4.9353,-3.855703125
2026-06-04,"GSV @ MIN","two point field goal","GSV @ MIN two point field goal",2026-06-04 15:21:44.497596,"dk",0.7301,-271,0.7826,-360,-0.0525,-0.1207,-6.0335,-4.713671875
2026-06-04,"ATL @ IND","three point field goal","ATL @ IND three point field goal",2026-06-04 15:51:39.230303,"dk",0.2721,267,0.2985,235,-0.0264,-0.0188,-0.9397,-0.734140625
2026-06-04,"GSV @ MIN","three point field goal","GSV @ MIN three point field goal",2026-06-04 15:51:39.230303,"dk",0.2699,271,0.2899,245,-0.02,-0.0141,-0.704,-0.55
2026-06-04,"ATL @ IND","two point field goal","ATL @ IND two point field goal",2026-06-04 15:51:39.230303,"dk",0.7279,-267,0.7727,-340,-0.0449,-0.0987,-4.9353,-3.855703125
2026-06-04,"GSV @ MIN","two point field goal","GSV @ MIN two point field goal",2026-06-04 15:51:39.230303,"dk",0.7301,-271,0.7826,-360,-0.0525,-0.1207,-6.0335,-4.713671875
2026-06-04,"ATL @ IND","three point field goal","ATL @ IND three point field goal",2026-06-04 16:21:32.600748,"dk",0.2721,267,0.2985,235,-0.0264,-0.0188,-0.9397,-0.734140625
2026-06-04,"GSV @ MIN","three point field goal","GSV @ MIN three point field goal",2026-06-04 16:21:32.600748,"dk",0.2699,271,0.2899,245,-0.02,-0.0141,-0.704,-0.55
2026-06-04,"ATL @ IND","two point field goal","ATL @ IND two point field goal",2026-06-04 16:21:32.600748,"dk",0.7279,-267,0.7727,-340,-0.0449,-0.0987,-4.9353,-3.855703125
2026-06-04,"GSV @ MIN","two point field goal","GSV @ MIN two point field goal",2026-06-04 16:21:32.600748,"dk",0.7301,-271,0.7826,-360,-0.0525,-0.1207,-6.0335,-4.713671875
2026-06-04,"ATL @ IND","three point field goal","ATL @ IND three point field goal",2026-06-04 16:51:28.121442,"dk",0.2721,267,0.2985,235,-0.0264,-0.0188,-0.9397,-0.734140625
2026-06-04,"GSV @ MIN","three point field goal","GSV @ MIN three point field goal",2026-06-04 16:51:28.121442,"dk",0.2699,271,0.2899,245,-0.02,-0.0141,-0.704,-0.55
2026-06-04,"ATL @ IND","two point field goal","ATL @ IND two point field goal",2026-06-04 16:51:28.121442,"dk",0.7279,-267,0.7727,-340,-0.0449,-0.0987,-4.9353,-3.855703125
2026-06-04,"GSV @ MIN","two point field goal","GSV @ MIN two point field goal",2026-06-04 16:51:28.121442,"dk",0.7301,-271,0.7826,-360,-0.0525,-0.1207,-6.0335,-4.713671875
2026-06-04,"ATL @ IND","three point field goal","ATL @ IND three point field goal",2026-06-04 17:20:59.995182,"dk",0.2721,267,0.2985,235,-0.0264,-0.0188,-0.9397,-0.734140625
2026-06-04,"GSV @ MIN","three point field goal","GSV @ MIN three point field goal",2026-06-04 17:20:59.995182,"dk",0.2699,271,0.2899,245,-0.02,-0.0141,-0.704,-0.55
2026-06-04,"ATL @ IND","two point field goal","ATL @ IND two point field goal",2026-06-04 17:20:59.995182,"dk",0.7279,-267,0.7727,-340,-0.0449,-0.0987,-4.9353,-3.855703125
2026-06-04,"GSV @ MIN","two point field goal","GSV @ MIN two point field goal",2026-06-04 17:20:59.995182,"dk",0.7301,-271,0.7826,-360,-0.0525,-0.1207,-6.0335,-4.713671875
2026-06-04,"ATL @ IND","three point field goal","ATL @ IND three point field goal",2026-06-04 17:51:07.54579,"dk",0.2721,267,0.2985,235,-0.0264,-0.0188,-0.9397,-0.734140625
2026-06-04,"GSV @ MIN","three point field goal","GSV @ MIN three point field goal",2026-06-04 17:51:07.54579,"dk",0.2699,271,0.2899,245,-0.02,-0.0141,-0.704,-0.55
2026-06-04,"ATL @ IND","two point field goal","ATL @ IND two point field goal",2026-06-04 17:51:07.54579,"dk",0.7279,-267,0.7727,-340,-0.0449,-0.0987,-4.9353,-3.855703125
2026-06-04,"GSV @ MIN","two point field goal","GSV @ MIN two point field goal",2026-06-04 17:51:07.54579,"dk",0.7301,-271,0.7826,-360,-0.0525,-0.1207,-6.0335,-4.713671875
2026-06-04,"ATL @ IND","three point field goal","ATL @ IND three point field goal",2026-06-04 18:21:03.795214,"dk",0.2721,267,0.2985,235,-0.0264,-0.0188,-0.9397,-0.734140625
2026-06-04,"GSV @ MIN","three point field goal","GSV @ MIN three point field goal",2026-06-04 18:21:03.795214,"dk",0.2699,271,0.2899,245,-0.02,-0.0141,-0.704,-0.55
2026-06-04,"ATL @ IND","two point field goal","ATL @ IND two point field goal",2026-06-04 18:21:03.795214,"dk",0.7279,-267,0.7727,-340,-0.0449,-0.0987,-4.9353,-3.855703125
2026-06-04,"GSV @ MIN","two point field goal","GSV @ MIN two point field goal",2026-06-04 18:21:03.795214,"dk",0.7301,-271,0.7826,-360,-0.0525,-0.1207,-6.0335,-4.713671875
2026-06-04,"ATL @ IND","three point field goal","ATL @ IND three point field goal",2026-06-04 18:51:23.453391,"dk",0.2721,267,0.2985,235,-0.0264,-0.0188,-0.9397,-0.734140625
2026-06-04,"GSV @ MIN","three point field goal","GSV @ MIN three point field goal",2026-06-04 18:51:23.453391,"dk",0.2699,271,0.2899,245,-0.02,-0.0141,-0.704,-0.55
2026-06-04,"ATL @ IND","two point field goal","ATL @ IND two point field goal",2026-06-04 18:51:23.453391,"dk",0.7279,-267,0.7727,-340,-0.0449,-0.0987,-4.9353,-3.855703125
2026-06-04,"GSV @ MIN","two point field goal","GSV @ MIN two point field goal",2026-06-04 18:51:23.453391,"dk",0.7301,-271,0.7826,-360,-0.0525,-0.1207,-6.0335,-4.713671875
2026-06-04,"ATL @ IND","three point field goal","ATL @ IND three point field goal",2026-06-04 19:20:45.226881,"dk",0.2721,267,0.2985,235,-0.0264,-0.0188,-0.9397,-0.734140625
2026-06-04,"GSV @ MIN","three point field goal","GSV @ MIN three point field goal",2026-06-04 19:20:45.226881,"dk",0.2699,271,0.2899,245,-0.02,-0.0141,-0.704,-0.55
2026-06-04,"ATL @ IND","two point field goal","ATL @ IND two point field goal",2026-06-04 19:20:45.226881,"dk",0.7279,-267,0.7727,-340,-0.0449,-0.0987,-4.9353,-3.855703125
2026-06-04,"GSV @ MIN","two point field goal","GSV @ MIN two point field goal",2026-06-04 19:20:45.226881,"dk",0.7301,-271,0.7826,-360,-0.0525,-0.1207,-6.0335,-4.713671875
2026-06-04,"ATL @ IND","three point field goal","ATL @ IND three point field goal",2026-06-04 19:50:43.272057,"dk",0.2721,267,0.2985,235,-0.0264,-0.0188,-0.9397,-0.734140625
2026-06-04,"GSV @ MIN","three point field goal","GSV @ MIN three point field goal",2026-06-04 19:50:43.272057,"dk",0.2699,271,0.2899,245,-0.02,-0.0141,-0.704,-0.55
2026-06-04,"ATL @ IND","two point field goal","ATL @ IND two point field goal",2026-06-04 19:50:43.272057,"dk",0.7279,-267,0.7727,-340,-0.0449,-0.0987,-4.9353,-3.855703125
2026-06-04,"GSV @ MIN","two point field goal","GSV @ MIN two point field goal",2026-06-04 19:50:43.272057,"dk",0.7301,-271,0.7826,-360,-0.0525,-0.1207,-6.0335,-4.713671875
2026-06-04,"ATL @ IND","three point field goal","ATL @ IND three point field goal",2026-06-04 20:21:38.710515,"dk",0.2721,267,0.2985,235,-0.0264,-0.0188,-0.9397,-0.734140625
2026-06-04,"GSV @ MIN","three point field goal","GSV @ MIN three point field goal",2026-06-04 20:21:38.710515,"dk",0.2699,271,0.2899,245,-0.02,-0.0141,-0.704,-0.55
2026-06-04,"ATL @ IND","two point field goal","ATL @ IND two point field goal",2026-06-04 20:21:38.710515,"dk",0.7279,-267,0.7727,-340,-0.0449,-0.0987,-4.9353,-3.855703125
2026-06-04,"GSV @ MIN","two point field goal","GSV @ MIN two point field goal",2026-06-04 20:21:38.710515,"dk",0.7301,-271,0.7826,-360,-0.0525,-0.1207,-6.0335,-4.713671875
2026-06-04,"ATL @ IND","three point field goal","ATL @ IND three point field goal",2026-06-04 20:51:37.430732,"dk",0.2721,267,0.2985,235,-0.0264,-0.0188,-0.9397,-0.734140625
2026-06-04,"GSV @ MIN","three point field goal","GSV @ MIN three point field goal",2026-06-04 20:51:37.430732,"dk",0.2699,271,0.2899,245,-0.02,-0.0141,-0.704,-0.55
2026-06-04,"ATL @ IND","two point field goal","ATL @ IND two point field goal",2026-06-04 20:51:37.430732,"dk",0.7279,-267,0.7727,-340,-0.0449,-0.0987,-4.9353,-3.855703125
2026-06-04,"GSV @ MIN","two point field goal","GSV @ MIN two point field goal",2026-06-04 20:51:37.430732,"dk",0.7301,-271,0.7826,-360,-0.0525,-0.1207,-6.0335,-4.713671875
2026-06-04,"ATL @ IND","three point field goal","ATL @ IND three point field goal",2026-06-04 21:21:48.373681,"dk",0.2721,267,0.2985,235,-0.0264,-0.0188,-0.9397,-0.734140625
2026-06-04,"GSV @ MIN","three point field goal","GSV @ MIN three point field goal",2026-06-04 21:21:48.373681,"dk",0.2699,271,0.2899,245,-0.02,-0.0141,-0.704,-0.55
2026-06-04,"ATL @ IND","two point field goal","ATL @ IND two point field goal",2026-06-04 21:21:48.373681,"dk",0.7279,-267,0.7727,-340,-0.0449,-0.0987,-4.9353,-3.855703125
2026-06-04,"GSV @ MIN","two point field goal","GSV @ MIN two point field goal",2026-06-04 21:21:48.373681,"dk",0.7301,-271,0.7826,-360,-0.0525,-0.1207,-6.0335,-4.713671875
2026-06-04,"ATL @ IND","three point field goal","ATL @ IND three point field goal",2026-06-04 21:50:48.440379,"dk",0.2721,267,0.2985,235,-0.0264,-0.0188,-0.9397,-0.734140625
2026-06-04,"GSV @ MIN","three point field goal","GSV @ MIN three point field goal",2026-06-04 21:50:48.440379,"dk",0.2699,271,0.2899,245,-0.02,-0.0141,-0.704,-0.55
2026-06-04,"ATL @ IND","two point field goal","ATL @ IND two point field goal",2026-06-04 21:50:48.440379,"dk",0.7279,-267,0.7727,-340,-0.0449,-0.0987,-4.9353,-3.855703125
2026-06-04,"GSV @ MIN","two point field goal","GSV @ MIN two point field goal",2026-06-04 21:50:48.440379,"dk",0.7301,-271,0.7826,-360,-0.0525,-0.1207,-6.0335,-4.713671875
2026-06-04,"ATL @ IND","three point field goal","ATL @ IND three point field goal",2026-06-04 22:21:26.222439,"dk",0.2721,267,0.2985,235,-0.0264,-0.0188,-0.9397,-0.734140625
2026-06-04,"GSV @ MIN","three point field goal","GSV @ MIN three point field goal",2026-06-04 22:21:26.222439,"dk",0.2699,271,0.2899,245,-0.02,-0.0141,-0.704,-0.55
2026-06-04,"ATL @ IND","two point field goal","ATL @ IND two point field goal",2026-06-04 22:21:26.222439,"dk",0.7279,-267,0.7727,-340,-0.0449,-0.0987,-4.9353,-3.855703125
2026-06-04,"GSV @ MIN","two point field goal","GSV @ MIN two point field goal",2026-06-04 22:21:26.222439,"dk",0.7301,-271,0.7826,-360,-0.0525,-0.1207,-6.0335,-4.713671875
2026-06-04,"ATL @ IND","three point field goal","ATL @ IND three point field goal",2026-06-04 22:51:04.97666,"dk",0.2721,267,0.2985,235,-0.0264,-0.0188,-0.9397,-0.734140625
2026-06-04,"GSV @ MIN","three point field goal","GSV @ MIN three point field goal",2026-06-04 22:51:04.97666,"dk",0.2699,271,0.2899,245,-0.02,-0.0141,-0.704,-0.55
2026-06-04,"ATL @ IND","two point field goal","ATL @ IND two point field goal",2026-06-04 22:51:04.97666,"dk",0.7279,-267,0.7727,-340,-0.0449,-0.0987,-4.9353,-3.855703125
2026-06-04,"GSV @ MIN","two point field goal","GSV @ MIN two point field goal",2026-06-04 22:51:04.97666,"dk",0.7301,-271,0.7826,-360,-0.0525,-0.1207,-6.0335,-4.713671875
2026-06-04,"ATL @ IND","three point field goal","ATL @ IND three point field goal",2026-06-04 23:21:39.403396,"dk",0.2721,267,0.2985,235,-0.0264,-0.0188,-0.9397,-0.734140625
2026-06-04,"GSV @ MIN","three point field goal","GSV @ MIN three point field goal",2026-06-04 23:21:39.403396,"dk",0.2699,271,0.2899,245,-0.02,-0.0141,-0.704,-0.55
2026-06-04,"ATL @ IND","two point field goal","ATL @ IND two point field goal",2026-06-04 23:21:39.403396,"dk",0.7279,-267,0.7727,-340,-0.0449,-0.0987,-4.9353,-3.855703125
2026-06-04,"GSV @ MIN","two point field goal","GSV @ MIN two point field goal",2026-06-04 23:21:39.403396,"dk",0.7301,-271,0.7826,-360,-0.0525,-0.1207,-6.0335,-4.713671875
2026-06-04,"GSV @ MIN","three point field goal","GSV @ MIN three point field goal",2026-06-04 23:51:15.538672,"dk",0.2699,271,0.2899,245,-0.02,-0.0141,-0.704,-0.55
2026-06-04,"GSV @ MIN","two point field goal","GSV @ MIN two point field goal",2026-06-04 23:51:15.538672,"dk",0.7301,-271,0.7826,-360,-0.0525,-0.1207,-6.0335,-4.713671875
2026-06-04,"GSV @ MIN","three point field goal","GSV @ MIN three point field goal",2026-06-05 00:20:54.877499,"dk",0.2699,271,0.2899,245,-0.02,-0.0141,-0.704,-0.55
2026-06-04,"GSV @ MIN","two point field goal","GSV @ MIN two point field goal",2026-06-05 00:20:54.877499,"dk",0.7301,-271,0.7826,-360,-0.0525,-0.1207,-6.0335,-4.713671875
2026-06-04,"GSV @ MIN","three point field goal","GSV @ MIN three point field goal",2026-06-05 00:51:35.763023,"dk",0.2699,271,0.2899,245,-0.02,-0.0141,-0.704,-0.55
2026-06-04,"GSV @ MIN","two point field goal","GSV @ MIN two point field goal",2026-06-05 00:51:35.763023,"dk",0.7301,-271,0.7826,-360,-0.0525,-0.1207,-6.0335,-4.713671875
2026-06-04,"GSV @ MIN","three point field goal","GSV @ MIN three point field goal",2026-06-05 01:21:18.360774,"dk",0.2699,271,0.2899,245,-0.02,-0.0141,-0.704,-0.55
2026-06-04,"GSV @ MIN","two point field goal","GSV @ MIN two point field goal",2026-06-05 01:21:18.360774,"dk",0.7301,-271,0.7826,-360,-0.0525,-0.1207,-6.0335,-4.713671875
2026-06-05,"CON @ CHI","three point field goal","CON @ CHI three point field goal",2026-06-05 14:35:04.496887,"dk",0.2183,358,0.25,300,-0.0317,-0.0212,-1.0583,-0.826796875
2026-06-05,"DAL @ LAS","three point field goal","DAL @ LAS three point field goal",2026-06-05 14:35:04.496887,"dk",0.2701,270,0.2778,260,-0.0077,-0.0053,-0.265,-0.20703125
2026-06-05,"PHX @ PDX","three point field goal","PHX @ PDX three point field goal",2026-06-05 14:35:04.496887,"dk",0.2527,296,0.303,230,-0.0504,-0.0361,-1.807,-1.41171875
2026-06-05,"CON @ CHI","two point field goal","CON @ CHI two point field goal",2026-06-05 14:35:04.496887,"dk",0.7817,-358,0.8261,-475,-0.0443,-0.1275,-6.3737,-4.979453125
2026-06-05,"DAL @ LAS","two point field goal","DAL @ LAS two point field goal",2026-06-05 14:35:04.496887,"dk",0.7299,-270,0.7917,-380,-0.0618,-0.1483,-7.4145,-5.792578125
2026-06-05,"PHX @ PDX","two point field goal","PHX @ PDX two point field goal",2026-06-05 14:35:04.496887,"dk",0.7473,-296,0.7674,-330,-0.0201,-0.0432,-2.1603,-1.687734375
2026-06-05,"CON @ CHI","three point field goal","CON @ CHI three point field goal",2026-06-05 14:59:13.232285,"dk",0.2183,358,0.25,300,-0.0317,-0.0212,-1.0583,-0.826796875
2026-06-05,"DAL @ LAS","three point field goal","DAL @ LAS three point field goal",2026-06-05 14:59:13.232285,"dk",0.2701,270,0.2778,260,-0.0077,-0.0053,-0.265,-0.20703125
2026-06-05,"PHX @ PDX","three point field goal","PHX @ PDX three point field goal",2026-06-05 14:59:13.232285,"dk",0.2527,296,0.303,230,-0.0504,-0.0361,-1.807,-1.41171875
2026-06-05,"CON @ CHI","two point field goal","CON @ CHI two point field goal",2026-06-05 14:59:13.232285,"dk",0.7817,-358,0.8261,-475,-0.0443,-0.1275,-6.3737,-4.979453125
2026-06-05,"DAL @ LAS","two point field goal","DAL @ LAS two point field goal",2026-06-05 14:59:13.232285,"dk",0.7299,-270,0.7917,-380,-0.0618,-0.1483,-7.4145,-5.792578125
2026-06-05,"PHX @ PDX","two point field goal","PHX @ PDX two point field goal",2026-06-05 14:59:13.232285,"dk",0.7473,-296,0.7674,-330,-0.0201,-0.0432,-2.1603,-1.687734375
2026-06-05,"CON @ CHI","three point field goal","CON @ CHI three point field goal",2026-06-05 15:36:53.713828,"dk",0.2183,358,0.25,300,-0.0317,-0.0212,-1.0583,-0.826796875
2026-06-05,"DAL @ LAS","three point field goal","DAL @ LAS three point field goal",2026-06-05 15:36:53.713828,"dk",0.2701,270,0.2778,260,-0.0077,-0.0053,-0.265,-0.20703125
2026-06-05,"PHX @ PDX","three point field goal","PHX @ PDX three point field goal",2026-06-05 15:36:53.713828,"dk",0.2527,296,0.303,230,-0.0504,-0.0361,-1.807,-1.41171875
2026-06-05,"CON @ CHI","two point field goal","CON @ CHI two point field goal",2026-06-05 15:36:53.713828,"dk",0.7817,-358,0.8261,-475,-0.0443,-0.1275,-6.3737,-4.979453125
2026-06-05,"DAL @ LAS","two point field goal","DAL @ LAS two point field goal",2026-06-05 15:36:53.713828,"dk",0.7299,-270,0.7917,-380,-0.0618,-0.1483,-7.4145,-5.792578125
2026-06-05,"PHX @ PDX","two point field goal","PHX @ PDX two point field goal",2026-06-05 15:36:53.713828,"dk",0.7473,-296,0.7674,-330,-0.0201,-0.0432,-2.1603,-1.687734375
2026-06-05,"CON @ CHI","three point field goal","CON @ CHI three point field goal",2026-06-05 15:51:23.774789,"dk",0.2183,358,0.25,300,-0.0317,-0.0212,-1.0583,-0.826796875
2026-06-05,"DAL @ LAS","three point field goal","DAL @ LAS three point field goal",2026-06-05 15:51:23.774789,"dk",0.2701,270,0.2778,260,-0.0077,-0.0053,-0.265,-0.20703125
2026-06-05,"PHX @ PDX","three point field goal","PHX @ PDX three point field goal",2026-06-05 15:51:23.774789,"dk",0.2527,296,0.303,230,-0.0504,-0.0361,-1.807,-1.41171875
2026-06-05,"CON @ CHI","two point field goal","CON @ CHI two point field goal",2026-06-05 15:51:23.774789,"dk",0.7817,-358,0.8261,-475,-0.0443,-0.1275,-6.3737,-4.979453125
2026-06-05,"DAL @ LAS","two point field goal","DAL @ LAS two point field goal",2026-06-05 15:51:23.774789,"dk",0.7299,-270,0.7917,-380,-0.0618,-0.1483,-7.4145,-5.792578125
2026-06-05,"PHX @ PDX","two point field goal","PHX @ PDX two point field goal",2026-06-05 15:51:23.774789,"dk",0.7473,-296,0.7674,-330,-0.0201,-0.0432,-2.1603,-1.687734375
2026-06-05,"CON @ CHI","three point field goal","CON @ CHI three point field goal",2026-06-05 16:21:41.196674,"dk",0.2183,358,0.25,300,-0.0317,-0.0212,-1.0583,-0.826796875
2026-06-05,"DAL @ LAS","three point field goal","DAL @ LAS three point field goal",2026-06-05 16:21:41.196674,"dk",0.2701,270,0.2778,260,-0.0077,-0.0053,-0.265,-0.20703125
2026-06-05,"PHX @ PDX","three point field goal","PHX @ PDX three point field goal",2026-06-05 16:21:41.196674,"dk",0.2527,296,0.303,230,-0.0504,-0.0361,-1.807,-1.41171875
2026-06-05,"CON @ CHI","two point field goal","CON @ CHI two point field goal",2026-06-05 16:21:41.196674,"dk",0.7817,-358,0.8261,-475,-0.0443,-0.1275,-6.3737,-4.979453125
2026-06-05,"DAL @ LAS","two point field goal","DAL @ LAS two point field goal",2026-06-05 16:21:41.196674,"dk",0.7299,-270,0.7917,-380,-0.0618,-0.1483,-7.4145,-5.792578125
2026-06-05,"PHX @ PDX","two point field goal","PHX @ PDX two point field goal",2026-06-05 16:21:41.196674,"dk",0.7473,-296,0.7674,-330,-0.0201,-0.0432,-2.1603,-1.687734375
2026-06-05,"CON @ CHI","three point field goal","CON @ CHI three point field goal",2026-06-05 16:51:08.173783,"dk",0.2183,358,0.25,300,-0.0317,-0.0212,-1.0583,-0.826796875
2026-06-05,"DAL @ LAS","three point field goal","DAL @ LAS three point field goal",2026-06-05 16:51:08.173783,"dk",0.2701,270,0.2778,260,-0.0077,-0.0053,-0.265,-0.20703125
2026-06-05,"PHX @ PDX","three point field goal","PHX @ PDX three point field goal",2026-06-05 16:51:08.173783,"dk",0.2527,296,0.303,230,-0.0504,-0.0361,-1.807,-1.41171875
2026-06-05,"CON @ CHI","two point field goal","CON @ CHI two point field goal",2026-06-05 16:51:08.173783,"dk",0.7817,-358,0.8261,-475,-0.0443,-0.1275,-6.3737,-4.979453125
2026-06-05,"DAL @ LAS","two point field goal","DAL @ LAS two point field goal",2026-06-05 16:51:08.173783,"dk",0.7299,-270,0.7917,-380,-0.0618,-0.1483,-7.4145,-5.792578125
2026-06-05,"PHX @ PDX","two point field goal","PHX @ PDX two point field goal",2026-06-05 16:51:08.173783,"dk",0.7473,-296,0.7674,-330,-0.0201,-0.0432,-2.1603,-1.687734375
