"game_date","game","shot_type","team_abbreviation","shot_team","run_timestamp_utc","site","prob_model","line_model","prob","line","edge","kelly","units","units_standardized"
2026-05-22,"DAL @ ATL","three point field goal","DAL","DAL three point field goal",2026-05-22 17:21:15.654285,"dk",0.1112,800,0.1333,650,-0.0222,-0.0128,-0.6396,-0.4996875
2026-05-22,"DAL @ ATL","three point field goal","ATL","ATL three point field goal",2026-05-22 17:21:15.654285,"dk",0.1379,625,0.1905,425,-0.0525,-0.0324,-1.6224,-1.2675
2026-05-22,"GSV @ IND","three point field goal","IND","IND three point field goal",2026-05-22 17:21:15.654285,"dk",0.1335,649,0.1739,475,-0.0405,-0.0245,-1.2242,-0.95640625
2026-05-22,"GSV @ IND","three point field goal","GSV","GSV three point field goal",2026-05-22 17:21:15.654285,"dk",0.1309,664,0.2,400,-0.0691,-0.0432,-2.1585,-1.686328125
2026-05-22,"CON @ SEA","three point field goal","CON","CON three point field goal",2026-05-22 17:21:15.654285,"dk",0.1148,771,0.1429,600,-0.0281,-0.0164,-0.8189,-0.639765625
2026-05-22,"CON @ SEA","three point field goal","SEA","SEA three point field goal",2026-05-22 17:21:15.654285,"dk",0.1246,703,0.1667,500,-0.0421,-0.0253,-1.2633,-0.986953125
2026-05-22,"DAL @ ATL","two point field goal","DAL","DAL two point field goal",2026-05-22 17:21:15.654285,"dk",0.3714,169,0.4348,130,-0.0633,-0.056,-2.8013,-2.188515625
2026-05-22,"DAL @ ATL","two point field goal","ATL","ATL two point field goal",2026-05-22 17:21:15.654285,"dk",0.3794,164,0.4348,130,-0.0553,-0.049,-2.4475,-1.912109375
2026-05-22,"GSV @ IND","two point field goal","IND","IND two point field goal",2026-05-22 17:21:15.654285,"dk",0.3932,154,0.4651,115,-0.0719,-0.0672,-3.3618,-2.62640625
2026-05-22,"GSV @ IND","two point field goal","GSV","GSV two point field goal",2026-05-22 17:21:15.654285,"dk",0.3424,192,0.3571,180,-0.0147,-0.0115,-0.5725,-0.447265625
2026-05-22,"CON @ SEA","two point field goal","CON","CON two point field goal",2026-05-22 17:21:15.654285,"dk",0.4203,138,0.5122,-105,-0.0919,-0.0941,-4.7073,-3.677578125
2026-05-22,"CON @ SEA","two point field goal","SEA","SEA two point field goal",2026-05-22 17:21:15.654285,"dk",0.3403,194,0.3774,165,-0.037,-0.0297,-1.4871,-1.161796875
2026-05-22,"DAL @ ATL","three point field goal","DAL","DAL three point field goal",2026-05-22 17:51:17.649991,"dk",0.1112,800,0.1333,650,-0.0222,-0.0128,-0.6396,-0.4996875
2026-05-22,"DAL @ ATL","three point field goal","ATL","ATL three point field goal",2026-05-22 17:51:17.649991,"dk",0.1379,625,0.1905,425,-0.0525,-0.0324,-1.6224,-1.2675
2026-05-22,"GSV @ IND","three point field goal","IND","IND three point field goal",2026-05-22 17:51:17.649991,"dk",0.1335,649,0.1739,475,-0.0405,-0.0245,-1.2242,-0.95640625
2026-05-22,"GSV @ IND","three point field goal","GSV","GSV three point field goal",2026-05-22 17:51:17.649991,"dk",0.1309,664,0.2,400,-0.0691,-0.0432,-2.1585,-1.686328125
2026-05-22,"CON @ SEA","three point field goal","CON","CON three point field goal",2026-05-22 17:51:17.649991,"dk",0.1148,771,0.1429,600,-0.0281,-0.0164,-0.8189,-0.639765625
2026-05-22,"CON @ SEA","three point field goal","SEA","SEA three point field goal",2026-05-22 17:51:17.649991,"dk",0.1246,703,0.1667,500,-0.0421,-0.0253,-1.2633,-0.986953125
2026-05-22,"DAL @ ATL","two point field goal","DAL","DAL two point field goal",2026-05-22 17:51:17.649991,"dk",0.3714,169,0.4348,130,-0.0633,-0.056,-2.8013,-2.188515625
2026-05-22,"DAL @ ATL","two point field goal","ATL","ATL two point field goal",2026-05-22 17:51:17.649991,"dk",0.3794,164,0.4348,130,-0.0553,-0.049,-2.4475,-1.912109375
2026-05-22,"GSV @ IND","two point field goal","IND","IND two point field goal",2026-05-22 17:51:17.649991,"dk",0.3932,154,0.4651,115,-0.0719,-0.0672,-3.3618,-2.62640625
2026-05-22,"GSV @ IND","two point field goal","GSV","GSV two point field goal",2026-05-22 17:51:17.649991,"dk",0.3424,192,0.3571,180,-0.0147,-0.0115,-0.5725,-0.447265625
2026-05-22,"CON @ SEA","two point field goal","CON","CON two point field goal",2026-05-22 17:51:17.649991,"dk",0.4203,138,0.5122,-105,-0.0919,-0.0941,-4.7073,-3.677578125
2026-05-22,"CON @ SEA","two point field goal","SEA","SEA two point field goal",2026-05-22 17:51:17.649991,"dk",0.3403,194,0.3774,165,-0.037,-0.0297,-1.4871,-1.161796875
2026-05-22,"DAL @ ATL","three point field goal","DAL","DAL three point field goal",2026-05-22 18:21:15.711949,"dk",0.1112,800,0.1333,650,-0.0222,-0.0128,-0.6396,-0.4996875
2026-05-22,"DAL @ ATL","three point field goal","ATL","ATL three point field goal",2026-05-22 18:21:15.711949,"dk",0.1379,625,0.1905,425,-0.0525,-0.0324,-1.6224,-1.2675
2026-05-22,"GSV @ IND","three point field goal","IND","IND three point field goal",2026-05-22 18:21:15.711949,"dk",0.1335,649,0.1739,475,-0.0405,-0.0245,-1.2242,-0.95640625
2026-05-22,"GSV @ IND","three point field goal","GSV","GSV three point field goal",2026-05-22 18:21:15.711949,"dk",0.1309,664,0.2,400,-0.0691,-0.0432,-2.1585,-1.686328125
2026-05-22,"CON @ SEA","three point field goal","CON","CON three point field goal",2026-05-22 18:21:15.711949,"dk",0.1148,771,0.1429,600,-0.0281,-0.0164,-0.8189,-0.639765625
2026-05-22,"CON @ SEA","three point field goal","SEA","SEA three point field goal",2026-05-22 18:21:15.711949,"dk",0.1246,703,0.1667,500,-0.0421,-0.0253,-1.2633,-0.986953125
2026-05-22,"DAL @ ATL","two point field goal","DAL","DAL two point field goal",2026-05-22 18:21:15.711949,"dk",0.3714,169,0.4348,130,-0.0633,-0.056,-2.8013,-2.188515625
2026-05-22,"DAL @ ATL","two point field goal","ATL","ATL two point field goal",2026-05-22 18:21:15.711949,"dk",0.3794,164,0.4348,130,-0.0553,-0.049,-2.4475,-1.912109375
2026-05-22,"GSV @ IND","two point field goal","IND","IND two point field goal",2026-05-22 18:21:15.711949,"dk",0.3932,154,0.4651,115,-0.0719,-0.0672,-3.3618,-2.62640625
2026-05-22,"GSV @ IND","two point field goal","GSV","GSV two point field goal",2026-05-22 18:21:15.711949,"dk",0.3424,192,0.3571,180,-0.0147,-0.0115,-0.5725,-0.447265625
2026-05-22,"CON @ SEA","two point field goal","CON","CON two point field goal",2026-05-22 18:21:15.711949,"dk",0.4203,138,0.5122,-105,-0.0919,-0.0941,-4.7073,-3.677578125
2026-05-22,"CON @ SEA","two point field goal","SEA","SEA two point field goal",2026-05-22 18:21:15.711949,"dk",0.3403,194,0.3774,165,-0.037,-0.0297,-1.4871,-1.161796875
2026-05-22,"DAL @ ATL","three point field goal","DAL","DAL three point field goal",2026-05-22 18:51:14.245142,"dk",0.1112,800,0.1333,650,-0.0222,-0.0128,-0.6396,-0.4996875
2026-05-22,"DAL @ ATL","three point field goal","ATL","ATL three point field goal",2026-05-22 18:51:14.245142,"dk",0.1379,625,0.1905,425,-0.0525,-0.0324,-1.6224,-1.2675
2026-05-22,"GSV @ IND","three point field goal","IND","IND three point field goal",2026-05-22 18:51:14.245142,"dk",0.1335,649,0.1739,475,-0.0405,-0.0245,-1.2242,-0.95640625
2026-05-22,"GSV @ IND","three point field goal","GSV","GSV three point field goal",2026-05-22 18:51:14.245142,"dk",0.1309,664,0.2,400,-0.0691,-0.0432,-2.1585,-1.686328125
2026-05-22,"CON @ SEA","three point field goal","CON","CON three point field goal",2026-05-22 18:51:14.245142,"dk",0.1148,771,0.1429,600,-0.0281,-0.0164,-0.8189,-0.639765625
2026-05-22,"CON @ SEA","three point field goal","SEA","SEA three point field goal",2026-05-22 18:51:14.245142,"dk",0.1246,703,0.1667,500,-0.0421,-0.0253,-1.2633,-0.986953125
2026-05-22,"DAL @ ATL","two point field goal","DAL","DAL two point field goal",2026-05-22 18:51:14.245142,"dk",0.3714,169,0.4348,130,-0.0633,-0.056,-2.8013,-2.188515625
2026-05-22,"DAL @ ATL","two point field goal","ATL","ATL two point field goal",2026-05-22 18:51:14.245142,"dk",0.3794,164,0.4348,130,-0.0553,-0.049,-2.4475,-1.912109375
2026-05-22,"GSV @ IND","two point field goal","IND","IND two point field goal",2026-05-22 18:51:14.245142,"dk",0.3932,154,0.4651,115,-0.0719,-0.0672,-3.3618,-2.62640625
2026-05-22,"GSV @ IND","two point field goal","GSV","GSV two point field goal",2026-05-22 18:51:14.245142,"dk",0.3424,192,0.3571,180,-0.0147,-0.0115,-0.5725,-0.447265625
2026-05-22,"CON @ SEA","two point field goal","CON","CON two point field goal",2026-05-22 18:51:14.245142,"dk",0.4203,138,0.5122,-105,-0.0919,-0.0941,-4.7073,-3.677578125
2026-05-22,"CON @ SEA","two point field goal","SEA","SEA two point field goal",2026-05-22 18:51:14.245142,"dk",0.3403,194,0.3774,165,-0.037,-0.0297,-1.4871,-1.161796875
2026-05-22,"DAL @ ATL","three point field goal","DAL","DAL three point field goal",2026-05-22 19:21:16.693979,"dk",0.1112,800,0.1333,650,-0.0222,-0.0128,-0.6396,-0.4996875
2026-05-22,"DAL @ ATL","three point field goal","ATL","ATL three point field goal",2026-05-22 19:21:16.693979,"dk",0.1379,625,0.1905,425,-0.0525,-0.0324,-1.6224,-1.2675
2026-05-22,"GSV @ IND","three point field goal","IND","IND three point field goal",2026-05-22 19:21:16.693979,"dk",0.1335,649,0.1739,475,-0.0405,-0.0245,-1.2242,-0.95640625
2026-05-22,"GSV @ IND","three point field goal","GSV","GSV three point field goal",2026-05-22 19:21:16.693979,"dk",0.1309,664,0.2,400,-0.0691,-0.0432,-2.1585,-1.686328125
2026-05-22,"CON @ SEA","three point field goal","CON","CON three point field goal",2026-05-22 19:21:16.693979,"dk",0.1148,771,0.1429,600,-0.0281,-0.0164,-0.8189,-0.639765625
2026-05-22,"CON @ SEA","three point field goal","SEA","SEA three point field goal",2026-05-22 19:21:16.693979,"dk",0.1246,703,0.1667,500,-0.0421,-0.0253,-1.2633,-0.986953125
2026-05-22,"DAL @ ATL","two point field goal","DAL","DAL two point field goal",2026-05-22 19:21:16.693979,"dk",0.3714,169,0.4348,130,-0.0633,-0.056,-2.8013,-2.188515625
2026-05-22,"DAL @ ATL","two point field goal","ATL","ATL two point field goal",2026-05-22 19:21:16.693979,"dk",0.3794,164,0.4348,130,-0.0553,-0.049,-2.4475,-1.912109375
2026-05-22,"GSV @ IND","two point field goal","IND","IND two point field goal",2026-05-22 19:21:16.693979,"dk",0.3932,154,0.4651,115,-0.0719,-0.0672,-3.3618,-2.62640625
2026-05-22,"GSV @ IND","two point field goal","GSV","GSV two point field goal",2026-05-22 19:21:16.693979,"dk",0.3424,192,0.3571,180,-0.0147,-0.0115,-0.5725,-0.447265625
2026-05-22,"CON @ SEA","two point field goal","CON","CON two point field goal",2026-05-22 19:21:16.693979,"dk",0.4203,138,0.5122,-105,-0.0919,-0.0941,-4.7073,-3.677578125
2026-05-22,"CON @ SEA","two point field goal","SEA","SEA two point field goal",2026-05-22 19:21:16.693979,"dk",0.3403,194,0.3774,165,-0.037,-0.0297,-1.4871,-1.161796875
2026-05-22,"DAL @ ATL","three point field goal","DAL","DAL three point field goal",2026-05-22 19:51:15.631836,"dk",0.1112,800,0.1333,650,-0.0222,-0.0128,-0.6396,-0.4996875
2026-05-22,"DAL @ ATL","three point field goal","ATL","ATL three point field goal",2026-05-22 19:51:15.631836,"dk",0.1379,625,0.1905,425,-0.0525,-0.0324,-1.6224,-1.2675
2026-05-22,"GSV @ IND","three point field goal","IND","IND three point field goal",2026-05-22 19:51:15.631836,"dk",0.1335,649,0.1739,475,-0.0405,-0.0245,-1.2242,-0.95640625
2026-05-22,"GSV @ IND","three point field goal","GSV","GSV three point field goal",2026-05-22 19:51:15.631836,"dk",0.1309,664,0.2,400,-0.0691,-0.0432,-2.1585,-1.686328125
2026-05-22,"CON @ SEA","three point field goal","CON","CON three point field goal",2026-05-22 19:51:15.631836,"dk",0.1148,771,0.1429,600,-0.0281,-0.0164,-0.8189,-0.639765625
2026-05-22,"CON @ SEA","three point field goal","SEA","SEA three point field goal",2026-05-22 19:51:15.631836,"dk",0.1246,703,0.1667,500,-0.0421,-0.0253,-1.2633,-0.986953125
2026-05-22,"DAL @ ATL","two point field goal","DAL","DAL two point field goal",2026-05-22 19:51:15.631836,"dk",0.3714,169,0.4348,130,-0.0633,-0.056,-2.8013,-2.188515625
2026-05-22,"DAL @ ATL","two point field goal","ATL","ATL two point field goal",2026-05-22 19:51:15.631836,"dk",0.3794,164,0.4348,130,-0.0553,-0.049,-2.4475,-1.912109375
2026-05-22,"GSV @ IND","two point field goal","IND","IND two point field goal",2026-05-22 19:51:15.631836,"dk",0.3932,154,0.4651,115,-0.0719,-0.0672,-3.3618,-2.62640625
2026-05-22,"GSV @ IND","two point field goal","GSV","GSV two point field goal",2026-05-22 19:51:15.631836,"dk",0.3424,192,0.3571,180,-0.0147,-0.0115,-0.5725,-0.447265625
2026-05-22,"CON @ SEA","two point field goal","CON","CON two point field goal",2026-05-22 19:51:15.631836,"dk",0.4203,138,0.5122,-105,-0.0919,-0.0941,-4.7073,-3.677578125
2026-05-22,"CON @ SEA","two point field goal","SEA","SEA two point field goal",2026-05-22 19:51:15.631836,"dk",0.3403,194,0.3774,165,-0.037,-0.0297,-1.4871,-1.161796875
2026-05-22,"DAL @ ATL","three point field goal","DAL","DAL three point field goal",2026-05-22 20:21:16.413719,"dk",0.1112,800,0.1333,650,-0.0222,-0.0128,-0.6396,-0.4996875
2026-05-22,"DAL @ ATL","three point field goal","ATL","ATL three point field goal",2026-05-22 20:21:16.413719,"dk",0.1379,625,0.1905,425,-0.0525,-0.0324,-1.6224,-1.2675
2026-05-22,"GSV @ IND","three point field goal","IND","IND three point field goal",2026-05-22 20:21:16.413719,"dk",0.1335,649,0.1739,475,-0.0405,-0.0245,-1.2242,-0.95640625
2026-05-22,"GSV @ IND","three point field goal","GSV","GSV three point field goal",2026-05-22 20:21:16.413719,"dk",0.1309,664,0.2,400,-0.0691,-0.0432,-2.1585,-1.686328125
2026-05-22,"CON @ SEA","three point field goal","CON","CON three point field goal",2026-05-22 20:21:16.413719,"dk",0.1148,771,0.1429,600,-0.0281,-0.0164,-0.8189,-0.639765625
2026-05-22,"CON @ SEA","three point field goal","SEA","SEA three point field goal",2026-05-22 20:21:16.413719,"dk",0.1246,703,0.1667,500,-0.0421,-0.0253,-1.2633,-0.986953125
2026-05-22,"DAL @ ATL","two point field goal","DAL","DAL two point field goal",2026-05-22 20:21:16.413719,"dk",0.3714,169,0.4348,130,-0.0633,-0.056,-2.8013,-2.188515625
2026-05-22,"DAL @ ATL","two point field goal","ATL","ATL two point field goal",2026-05-22 20:21:16.413719,"dk",0.3794,164,0.4348,130,-0.0553,-0.049,-2.4475,-1.912109375
2026-05-22,"GSV @ IND","two point field goal","IND","IND two point field goal",2026-05-22 20:21:16.413719,"dk",0.3932,154,0.4651,115,-0.0719,-0.0672,-3.3618,-2.62640625
2026-05-22,"GSV @ IND","two point field goal","GSV","GSV two point field goal",2026-05-22 20:21:16.413719,"dk",0.3424,192,0.3571,180,-0.0147,-0.0115,-0.5725,-0.447265625
2026-05-22,"CON @ SEA","two point field goal","CON","CON two point field goal",2026-05-22 20:21:16.413719,"dk",0.4203,138,0.5122,-105,-0.0919,-0.0941,-4.7073,-3.677578125
2026-05-22,"CON @ SEA","two point field goal","SEA","SEA two point field goal",2026-05-22 20:21:16.413719,"dk",0.3403,194,0.3774,165,-0.037,-0.0297,-1.4871,-1.161796875
2026-05-22,"DAL @ ATL","three point field goal","DAL","DAL three point field goal",2026-05-22 20:51:16.029352,"dk",0.1112,800,0.1333,650,-0.0222,-0.0128,-0.6396,-0.4996875
2026-05-22,"DAL @ ATL","three point field goal","ATL","ATL three point field goal",2026-05-22 20:51:16.029352,"dk",0.1379,625,0.1905,425,-0.0525,-0.0324,-1.6224,-1.2675
2026-05-22,"GSV @ IND","three point field goal","IND","IND three point field goal",2026-05-22 20:51:16.029352,"dk",0.1335,649,0.1739,475,-0.0405,-0.0245,-1.2242,-0.95640625
2026-05-22,"GSV @ IND","three point field goal","GSV","GSV three point field goal",2026-05-22 20:51:16.029352,"dk",0.1309,664,0.2,400,-0.0691,-0.0432,-2.1585,-1.686328125
2026-05-22,"CON @ SEA","three point field goal","CON","CON three point field goal",2026-05-22 20:51:16.029352,"dk",0.1148,771,0.1429,600,-0.0281,-0.0164,-0.8189,-0.639765625
2026-05-22,"CON @ SEA","three point field goal","SEA","SEA three point field goal",2026-05-22 20:51:16.029352,"dk",0.1246,703,0.1667,500,-0.0421,-0.0253,-1.2633,-0.986953125
2026-05-22,"DAL @ ATL","two point field goal","DAL","DAL two point field goal",2026-05-22 20:51:16.029352,"dk",0.3714,169,0.4348,130,-0.0633,-0.056,-2.8013,-2.188515625
2026-05-22,"DAL @ ATL","two point field goal","ATL","ATL two point field goal",2026-05-22 20:51:16.029352,"dk",0.3794,164,0.4348,130,-0.0553,-0.049,-2.4475,-1.912109375
2026-05-22,"GSV @ IND","two point field goal","IND","IND two point field goal",2026-05-22 20:51:16.029352,"dk",0.3932,154,0.4651,115,-0.0719,-0.0672,-3.3618,-2.62640625
2026-05-22,"GSV @ IND","two point field goal","GSV","GSV two point field goal",2026-05-22 20:51:16.029352,"dk",0.3424,192,0.3571,180,-0.0147,-0.0115,-0.5725,-0.447265625
2026-05-22,"CON @ SEA","two point field goal","CON","CON two point field goal",2026-05-22 20:51:16.029352,"dk",0.4203,138,0.5122,-105,-0.0919,-0.0941,-4.7073,-3.677578125
2026-05-22,"CON @ SEA","two point field goal","SEA","SEA two point field goal",2026-05-22 20:51:16.029352,"dk",0.3403,194,0.3774,165,-0.037,-0.0297,-1.4871,-1.161796875
2026-05-22,"DAL @ ATL","three point field goal","DAL","DAL three point field goal",2026-05-22 21:21:16.425023,"dk",0.1112,800,0.1333,650,-0.0222,-0.0128,-0.6396,-0.4996875
2026-05-22,"DAL @ ATL","three point field goal","ATL","ATL three point field goal",2026-05-22 21:21:16.425023,"dk",0.1379,625,0.1905,425,-0.0525,-0.0324,-1.6224,-1.2675
2026-05-22,"GSV @ IND","three point field goal","IND","IND three point field goal",2026-05-22 21:21:16.425023,"dk",0.1335,649,0.1739,475,-0.0405,-0.0245,-1.2242,-0.95640625
2026-05-22,"GSV @ IND","three point field goal","GSV","GSV three point field goal",2026-05-22 21:21:16.425023,"dk",0.1309,664,0.2,400,-0.0691,-0.0432,-2.1585,-1.686328125
2026-05-22,"CON @ SEA","three point field goal","CON","CON three point field goal",2026-05-22 21:21:16.425023,"dk",0.1148,771,0.1429,600,-0.0281,-0.0164,-0.8189,-0.639765625
2026-05-22,"CON @ SEA","three point field goal","SEA","SEA three point field goal",2026-05-22 21:21:16.425023,"dk",0.1246,703,0.1667,500,-0.0421,-0.0253,-1.2633,-0.986953125
2026-05-22,"DAL @ ATL","two point field goal","DAL","DAL two point field goal",2026-05-22 21:21:16.425023,"dk",0.3714,169,0.4348,130,-0.0633,-0.056,-2.8013,-2.188515625
2026-05-22,"DAL @ ATL","two point field goal","ATL","ATL two point field goal",2026-05-22 21:21:16.425023,"dk",0.3794,164,0.4348,130,-0.0553,-0.049,-2.4475,-1.912109375
2026-05-22,"GSV @ IND","two point field goal","IND","IND two point field goal",2026-05-22 21:21:16.425023,"dk",0.3932,154,0.4651,115,-0.0719,-0.0672,-3.3618,-2.62640625
2026-05-22,"GSV @ IND","two point field goal","GSV","GSV two point field goal",2026-05-22 21:21:16.425023,"dk",0.3424,192,0.3571,180,-0.0147,-0.0115,-0.5725,-0.447265625
2026-05-22,"CON @ SEA","two point field goal","CON","CON two point field goal",2026-05-22 21:21:16.425023,"dk",0.4203,138,0.5122,-105,-0.0919,-0.0941,-4.7073,-3.677578125
2026-05-22,"CON @ SEA","two point field goal","SEA","SEA two point field goal",2026-05-22 21:21:16.425023,"dk",0.3403,194,0.3774,165,-0.037,-0.0297,-1.4871,-1.161796875
2026-05-22,"DAL @ ATL","three point field goal","DAL","DAL three point field goal",2026-05-22 21:51:16.356046,"dk",0.1112,800,0.1333,650,-0.0222,-0.0128,-0.6396,-0.4996875
2026-05-22,"DAL @ ATL","three point field goal","ATL","ATL three point field goal",2026-05-22 21:51:16.356046,"dk",0.1379,625,0.1905,425,-0.0525,-0.0324,-1.6224,-1.2675
2026-05-22,"GSV @ IND","three point field goal","IND","IND three point field goal",2026-05-22 21:51:16.356046,"dk",0.1335,649,0.1739,475,-0.0405,-0.0245,-1.2242,-0.95640625
2026-05-22,"GSV @ IND","three point field goal","GSV","GSV three point field goal",2026-05-22 21:51:16.356046,"dk",0.1309,664,0.2,400,-0.0691,-0.0432,-2.1585,-1.686328125
2026-05-22,"CON @ SEA","three point field goal","CON","CON three point field goal",2026-05-22 21:51:16.356046,"dk",0.1148,771,0.1429,600,-0.0281,-0.0164,-0.8189,-0.639765625
2026-05-22,"CON @ SEA","three point field goal","SEA","SEA three point field goal",2026-05-22 21:51:16.356046,"dk",0.1246,703,0.1667,500,-0.0421,-0.0253,-1.2633,-0.986953125
2026-05-22,"DAL @ ATL","two point field goal","DAL","DAL two point field goal",2026-05-22 21:51:16.356046,"dk",0.3714,169,0.4348,130,-0.0633,-0.056,-2.8013,-2.188515625
2026-05-22,"DAL @ ATL","two point field goal","ATL","ATL two point field goal",2026-05-22 21:51:16.356046,"dk",0.3794,164,0.4348,130,-0.0553,-0.049,-2.4475,-1.912109375
2026-05-22,"GSV @ IND","two point field goal","IND","IND two point field goal",2026-05-22 21:51:16.356046,"dk",0.3932,154,0.4651,115,-0.0719,-0.0672,-3.3618,-2.62640625
2026-05-22,"GSV @ IND","two point field goal","GSV","GSV two point field goal",2026-05-22 21:51:16.356046,"dk",0.3424,192,0.3571,180,-0.0147,-0.0115,-0.5725,-0.447265625
2026-05-22,"CON @ SEA","two point field goal","CON","CON two point field goal",2026-05-22 21:51:16.356046,"dk",0.4203,138,0.5122,-105,-0.0919,-0.0941,-4.7073,-3.677578125
2026-05-22,"CON @ SEA","two point field goal","SEA","SEA two point field goal",2026-05-22 21:51:16.356046,"dk",0.3403,194,0.3774,165,-0.037,-0.0297,-1.4871,-1.161796875
2026-05-22,"DAL @ ATL","three point field goal","DAL","DAL three point field goal",2026-05-22 22:21:16.772672,"dk",0.1112,800,0.1333,650,-0.0222,-0.0128,-0.6396,-0.4996875
2026-05-22,"DAL @ ATL","three point field goal","ATL","ATL three point field goal",2026-05-22 22:21:16.772672,"dk",0.1379,625,0.1905,425,-0.0525,-0.0324,-1.6224,-1.2675
2026-05-22,"GSV @ IND","three point field goal","IND","IND three point field goal",2026-05-22 22:21:16.772672,"dk",0.1335,649,0.1739,475,-0.0405,-0.0245,-1.2242,-0.95640625
2026-05-22,"GSV @ IND","three point field goal","GSV","GSV three point field goal",2026-05-22 22:21:16.772672,"dk",0.1309,664,0.2,400,-0.0691,-0.0432,-2.1585,-1.686328125
2026-05-22,"CON @ SEA","three point field goal","CON","CON three point field goal",2026-05-22 22:21:16.772672,"dk",0.1148,771,0.1429,600,-0.0281,-0.0164,-0.8189,-0.639765625
2026-05-22,"CON @ SEA","three point field goal","SEA","SEA three point field goal",2026-05-22 22:21:16.772672,"dk",0.1246,703,0.1667,500,-0.0421,-0.0253,-1.2633,-0.986953125
2026-05-22,"DAL @ ATL","two point field goal","DAL","DAL two point field goal",2026-05-22 22:21:16.772672,"dk",0.3714,169,0.4348,130,-0.0633,-0.056,-2.8013,-2.188515625
2026-05-22,"DAL @ ATL","two point field goal","ATL","ATL two point field goal",2026-05-22 22:21:16.772672,"dk",0.3794,164,0.4348,130,-0.0553,-0.049,-2.4475,-1.912109375
2026-05-22,"GSV @ IND","two point field goal","IND","IND two point field goal",2026-05-22 22:21:16.772672,"dk",0.3932,154,0.4651,115,-0.0719,-0.0672,-3.3618,-2.62640625
2026-05-22,"GSV @ IND","two point field goal","GSV","GSV two point field goal",2026-05-22 22:21:16.772672,"dk",0.3424,192,0.3571,180,-0.0147,-0.0115,-0.5725,-0.447265625
2026-05-22,"CON @ SEA","two point field goal","CON","CON two point field goal",2026-05-22 22:21:16.772672,"dk",0.4203,138,0.5122,-105,-0.0919,-0.0941,-4.7073,-3.677578125
2026-05-22,"CON @ SEA","two point field goal","SEA","SEA two point field goal",2026-05-22 22:21:16.772672,"dk",0.3403,194,0.3774,165,-0.037,-0.0297,-1.4871,-1.161796875
2026-05-22,"DAL @ ATL","three point field goal","DAL","DAL three point field goal",2026-05-22 22:51:14.909452,"dk",0.1112,800,0.1333,650,-0.0222,-0.0128,-0.6396,-0.4996875
2026-05-22,"DAL @ ATL","three point field goal","ATL","ATL three point field goal",2026-05-22 22:51:14.909452,"dk",0.1379,625,0.1905,425,-0.0525,-0.0324,-1.6224,-1.2675
2026-05-22,"GSV @ IND","three point field goal","IND","IND three point field goal",2026-05-22 22:51:14.909452,"dk",0.1335,649,0.1739,475,-0.0405,-0.0245,-1.2242,-0.95640625
2026-05-22,"GSV @ IND","three point field goal","GSV","GSV three point field goal",2026-05-22 22:51:14.909452,"dk",0.1309,664,0.2,400,-0.0691,-0.0432,-2.1585,-1.686328125
2026-05-22,"CON @ SEA","three point field goal","CON","CON three point field goal",2026-05-22 22:51:14.909452,"dk",0.1148,771,0.1429,600,-0.0281,-0.0164,-0.8189,-0.639765625
2026-05-22,"CON @ SEA","three point field goal","SEA","SEA three point field goal",2026-05-22 22:51:14.909452,"dk",0.1246,703,0.1667,500,-0.0421,-0.0253,-1.2633,-0.986953125
2026-05-22,"DAL @ ATL","two point field goal","DAL","DAL two point field goal",2026-05-22 22:51:14.909452,"dk",0.3714,169,0.4348,130,-0.0633,-0.056,-2.8013,-2.188515625
2026-05-22,"DAL @ ATL","two point field goal","ATL","ATL two point field goal",2026-05-22 22:51:14.909452,"dk",0.3794,164,0.4348,130,-0.0553,-0.049,-2.4475,-1.912109375
2026-05-22,"GSV @ IND","two point field goal","IND","IND two point field goal",2026-05-22 22:51:14.909452,"dk",0.3932,154,0.4651,115,-0.0719,-0.0672,-3.3618,-2.62640625
2026-05-22,"GSV @ IND","two point field goal","GSV","GSV two point field goal",2026-05-22 22:51:14.909452,"dk",0.3424,192,0.3571,180,-0.0147,-0.0115,-0.5725,-0.447265625
2026-05-22,"CON @ SEA","two point field goal","CON","CON two point field goal",2026-05-22 22:51:14.909452,"dk",0.4203,138,0.5122,-105,-0.0919,-0.0941,-4.7073,-3.677578125
2026-05-22,"CON @ SEA","two point field goal","SEA","SEA two point field goal",2026-05-22 22:51:14.909452,"dk",0.3403,194,0.3774,165,-0.037,-0.0297,-1.4871,-1.161796875
2026-05-22,"DAL @ ATL","three point field goal","DAL","DAL three point field goal",2026-05-22 23:21:14.747336,"dk",0.1112,800,0.1333,650,-0.0222,-0.0128,-0.6396,-0.4996875
2026-05-22,"DAL @ ATL","three point field goal","ATL","ATL three point field goal",2026-05-22 23:21:14.747336,"dk",0.1379,625,0.1905,425,-0.0525,-0.0324,-1.6224,-1.2675
2026-05-22,"GSV @ IND","three point field goal","IND","IND three point field goal",2026-05-22 23:21:14.747336,"dk",0.1331,652,0.1739,475,-0.0409,-0.0247,-1.2363,-0.965859375
2026-05-22,"GSV @ IND","three point field goal","GSV","GSV three point field goal",2026-05-22 23:21:14.747336,"dk",0.125,700,0.2,400,-0.075,-0.0469,-2.3442,-1.83140625
2026-05-22,"CON @ SEA","three point field goal","CON","CON three point field goal",2026-05-22 23:21:14.747336,"dk",0.1148,771,0.1429,600,-0.0281,-0.0164,-0.8189,-0.639765625
2026-05-22,"CON @ SEA","three point field goal","SEA","SEA three point field goal",2026-05-22 23:21:14.747336,"dk",0.1246,703,0.1667,500,-0.0421,-0.0253,-1.2633,-0.986953125
2026-05-22,"DAL @ ATL","two point field goal","DAL","DAL two point field goal",2026-05-22 23:21:14.747336,"dk",0.3714,169,0.4348,130,-0.0633,-0.056,-2.8013,-2.188515625
2026-05-22,"DAL @ ATL","two point field goal","ATL","ATL two point field goal",2026-05-22 23:21:14.747336,"dk",0.3794,164,0.4348,130,-0.0553,-0.049,-2.4475,-1.912109375
2026-05-22,"GSV @ IND","two point field goal","IND","IND two point field goal",2026-05-22 23:21:14.747336,"dk",0.392,155,0.4651,115,-0.0731,-0.0683,-3.4166,-2.66921875
2026-05-22,"GSV @ IND","two point field goal","GSV","GSV two point field goal",2026-05-22 23:21:14.747336,"dk",0.3499,186,0.3571,180,-0.0072,-0.0056,-0.2803,-0.218984375
2026-05-22,"CON @ SEA","two point field goal","CON","CON two point field goal",2026-05-22 23:21:14.747336,"dk",0.4203,138,0.5122,-105,-0.0919,-0.0941,-4.7073,-3.677578125
2026-05-22,"CON @ SEA","two point field goal","SEA","SEA two point field goal",2026-05-22 23:21:14.747336,"dk",0.3403,194,0.3774,165,-0.037,-0.0297,-1.4871,-1.161796875
2026-05-22,"CON @ SEA","three point field goal","CON","CON three point field goal",2026-05-22 23:51:15.093866,"dk",0.1148,771,0.1429,600,-0.0281,-0.0164,-0.8189,-0.639765625
2026-05-22,"CON @ SEA","three point field goal","SEA","SEA three point field goal",2026-05-22 23:51:15.093866,"dk",0.1246,703,0.1667,500,-0.0421,-0.0253,-1.2633,-0.986953125
2026-05-22,"CON @ SEA","two point field goal","CON","CON two point field goal",2026-05-22 23:51:15.093866,"dk",0.4203,138,0.5122,-105,-0.0919,-0.0941,-4.7073,-3.677578125
2026-05-22,"CON @ SEA","two point field goal","SEA","SEA two point field goal",2026-05-22 23:51:15.093866,"dk",0.3403,194,0.3774,165,-0.037,-0.0297,-1.4871,-1.161796875
2026-05-22,"CON @ SEA","three point field goal","CON","CON three point field goal",2026-05-23 00:21:16.254161,"dk",0.1148,771,0.1429,600,-0.0281,-0.0164,-0.8189,-0.639765625
2026-05-22,"CON @ SEA","three point field goal","SEA","SEA three point field goal",2026-05-23 00:21:16.254161,"dk",0.1246,703,0.1667,500,-0.0421,-0.0253,-1.2633,-0.986953125
2026-05-22,"CON @ SEA","two point field goal","CON","CON two point field goal",2026-05-23 00:21:16.254161,"dk",0.4203,138,0.5122,-105,-0.0919,-0.0941,-4.7073,-3.677578125
2026-05-22,"CON @ SEA","two point field goal","SEA","SEA two point field goal",2026-05-23 00:21:16.254161,"dk",0.3403,194,0.3774,165,-0.037,-0.0297,-1.4871,-1.161796875
2026-05-22,"CON @ SEA","three point field goal","CON","CON three point field goal",2026-05-23 00:51:16.266248,"dk",0.1148,771,0.1429,600,-0.0281,-0.0164,-0.8189,-0.639765625
2026-05-22,"CON @ SEA","three point field goal","SEA","SEA three point field goal",2026-05-23 00:51:16.266248,"dk",0.1246,703,0.1667,500,-0.0421,-0.0253,-1.2633,-0.986953125
2026-05-22,"CON @ SEA","two point field goal","CON","CON two point field goal",2026-05-23 00:51:16.266248,"dk",0.4203,138,0.5122,-105,-0.0919,-0.0941,-4.7073,-3.677578125
2026-05-22,"CON @ SEA","two point field goal","SEA","SEA two point field goal",2026-05-23 00:51:16.266248,"dk",0.3403,194,0.3774,165,-0.037,-0.0297,-1.4871,-1.161796875
2026-05-22,"CON @ SEA","three point field goal","CON","CON three point field goal",2026-05-23 01:21:19.959241,"dk",0.1159,763,0.1429,600,-0.0269,-0.0157,-0.7856,-0.61375
2026-05-22,"CON @ SEA","three point field goal","SEA","SEA three point field goal",2026-05-23 01:21:19.959241,"dk",0.1368,631,0.1667,500,-0.0299,-0.0179,-0.8966,-0.70046875
2026-05-22,"CON @ SEA","two point field goal","CON","CON two point field goal",2026-05-23 01:21:19.959241,"dk",0.3736,168,0.5122,-105,-0.1386,-0.1421,-7.1039,-5.549921875
2026-05-22,"CON @ SEA","two point field goal","SEA","SEA two point field goal",2026-05-23 01:21:19.959241,"dk",0.3737,168,0.3774,165,-0.0036,-0.0029,-0.1462,-0.11421875
2026-05-22,"CON @ SEA","three point field goal","CON","CON three point field goal",2026-05-23 01:51:18.437322,"dk",0.118,748,0.1333,650,-0.0154,-0.0089,-0.4429,-0.346015625
2026-05-22,"CON @ SEA","three point field goal","SEA","SEA three point field goal",2026-05-23 01:51:18.437322,"dk",0.1373,628,0.1667,500,-0.0294,-0.0176,-0.881,-0.68828125
2026-05-22,"CON @ SEA","two point field goal","CON","CON two point field goal",2026-05-23 01:51:18.437322,"dk",0.3696,171,0.4651,115,-0.0955,-0.0893,-4.4654,-3.48859375
2026-05-22,"CON @ SEA","two point field goal","SEA","SEA two point field goal",2026-05-23 01:51:18.437322,"dk",0.3751,167,0.4348,130,-0.0596,-0.0528,-2.638,-2.0609375
2026-05-22,"CON @ SEA","three point field goal","CON","CON three point field goal",2026-05-23 02:21:19.671228,"dk",0.118,748,0.1333,650,-0.0154,-0.0089,-0.4429,-0.346015625
2026-05-22,"CON @ SEA","three point field goal","SEA","SEA three point field goal",2026-05-23 02:21:19.671228,"dk",0.1373,628,0.1667,500,-0.0294,-0.0176,-0.881,-0.68828125
2026-05-22,"CON @ SEA","two point field goal","CON","CON two point field goal",2026-05-23 02:21:19.671228,"dk",0.3696,171,0.4651,115,-0.0955,-0.0893,-4.4654,-3.48859375
2026-05-22,"CON @ SEA","two point field goal","SEA","SEA two point field goal",2026-05-23 02:21:19.671228,"dk",0.3751,167,0.4348,130,-0.0596,-0.0528,-2.638,-2.0609375
2026-05-22,"CON @ SEA","three point field goal","CON","CON three point field goal",2026-05-23 02:51:18.693236,"dk",0.118,748,0.1333,650,-0.0154,-0.0089,-0.4429,-0.346015625
2026-05-22,"CON @ SEA","three point field goal","SEA","SEA three point field goal",2026-05-23 02:51:18.693236,"dk",0.1373,628,0.1667,500,-0.0294,-0.0176,-0.881,-0.68828125
2026-05-22,"CON @ SEA","two point field goal","CON","CON two point field goal",2026-05-23 02:51:18.693236,"dk",0.3696,171,0.4651,115,-0.0955,-0.0893,-4.4654,-3.48859375
2026-05-22,"CON @ SEA","two point field goal","SEA","SEA two point field goal",2026-05-23 02:51:18.693236,"dk",0.3751,167,0.4348,130,-0.0596,-0.0528,-2.638,-2.0609375
2026-05-23,"MIN @ CHI","three point field goal","MIN","MIN three point field goal",2026-05-23 15:51:21.621047,"dk",0.1143,775,0.1667,500,-0.0524,-0.0314,-1.5722,-1.22828125
2026-05-23,"MIN @ CHI","three point field goal","CHI","CHI three point field goal",2026-05-23 15:51:21.621047,"dk",0.0942,962,0.1667,500,-0.0725,-0.0435,-2.175,-1.69921875
2026-05-23,"PDX @ TOR","three point field goal","PDX","PDX three point field goal",2026-05-23 15:51:21.621047,"dk",0.1257,696,0.1818,450,-0.0562,-0.0343,-1.7161,-1.340703125
2026-05-23,"PDX @ TOR","three point field goal","TOR","TOR three point field goal",2026-05-23 15:51:21.621047,"dk",0.1422,603,0.2273,340,-0.085,-0.055,-2.7509,-2.149140625
2026-05-23,"LAS @ LVA","three point field goal","LVA","LVA three point field goal",2026-05-23 15:51:21.621047,"dk",0.1128,787,0.1818,450,-0.0691,-0.0422,-2.1102,-1.64859375
2026-05-23,"LAS @ LVA","three point field goal","LAS","LAS three point field goal",2026-05-23 15:51:21.621047,"dk",0.1323,656,0.1667,500,-0.0343,-0.0206,-1.0302,-0.80484375
2026-05-23,"MIN @ CHI","two point field goal","MIN","MIN two point field goal",2026-05-23 15:51:21.621047,"dk",0.3652,174,0.3636,175,0.0016,0.0012,0.0624,0.04875
2026-05-23,"MIN @ CHI","two point field goal","CHI","CHI two point field goal",2026-05-23 15:51:21.621047,"dk",0.4263,135,0.5122,-105,-0.0858,-0.088,-4.3998,-3.43734375
2026-05-23,"PDX @ TOR","two point field goal","PDX","PDX two point field goal",2026-05-23 15:51:21.621047,"dk",0.3444,190,0.3774,165,-0.033,-0.0265,-1.3233,-1.033828125
2026-05-23,"PDX @ TOR","two point field goal","TOR","TOR two point field goal",2026-05-23 15:51:21.621047,"dk",0.3877,158,0.4,150,-0.0123,-0.0102,-0.5125,-0.400390625
2026-05-23,"LAS @ LVA","two point field goal","LVA","LVA two point field goal",2026-05-23 15:51:21.621047,"dk",0.3913,156,0.4545,120,-0.0632,-0.0579,-2.8972,-2.2634375
2026-05-23,"LAS @ LVA","two point field goal","LAS","LAS two point field goal",2026-05-23 15:51:21.621047,"dk",0.3636,175,0.3922,155,-0.0286,-0.0235,-1.1752,-0.918125
2026-05-23,"MIN @ CHI","three point field goal","MIN","MIN three point field goal",2026-05-23 16:21:22.644719,"dk",0.1143,775,0.1667,500,-0.0524,-0.0314,-1.5722,-1.22828125
2026-05-23,"MIN @ CHI","three point field goal","CHI","CHI three point field goal",2026-05-23 16:21:22.644719,"dk",0.0942,962,0.1667,500,-0.0725,-0.0435,-2.175,-1.69921875
2026-05-23,"PDX @ TOR","three point field goal","PDX","PDX three point field goal",2026-05-23 16:21:22.644719,"dk",0.1257,696,0.1818,450,-0.0562,-0.0343,-1.7161,-1.340703125
2026-05-23,"PDX @ TOR","three point field goal","TOR","TOR three point field goal",2026-05-23 16:21:22.644719,"dk",0.1422,603,0.2273,340,-0.085,-0.055,-2.7509,-2.149140625
2026-05-23,"LAS @ LVA","three point field goal","LVA","LVA three point field goal",2026-05-23 16:21:22.644719,"dk",0.1128,787,0.1818,450,-0.0691,-0.0422,-2.1102,-1.64859375
2026-05-23,"LAS @ LVA","three point field goal","LAS","LAS three point field goal",2026-05-23 16:21:22.644719,"dk",0.1323,656,0.1667,500,-0.0343,-0.0206,-1.0302,-0.80484375
2026-05-23,"MIN @ CHI","two point field goal","MIN","MIN two point field goal",2026-05-23 16:21:22.644719,"dk",0.3652,174,0.3636,175,0.0016,0.0012,0.0624,0.04875
2026-05-23,"MIN @ CHI","two point field goal","CHI","CHI two point field goal",2026-05-23 16:21:22.644719,"dk",0.4263,135,0.5122,-105,-0.0858,-0.088,-4.3998,-3.43734375
2026-05-23,"PDX @ TOR","two point field goal","PDX","PDX two point field goal",2026-05-23 16:21:22.644719,"dk",0.3444,190,0.3774,165,-0.033,-0.0265,-1.3233,-1.033828125
2026-05-23,"PDX @ TOR","two point field goal","TOR","TOR two point field goal",2026-05-23 16:21:22.644719,"dk",0.3877,158,0.4,150,-0.0123,-0.0102,-0.5125,-0.400390625
2026-05-23,"LAS @ LVA","two point field goal","LVA","LVA two point field goal",2026-05-23 16:21:22.644719,"dk",0.3913,156,0.4545,120,-0.0632,-0.0579,-2.8972,-2.2634375
2026-05-23,"LAS @ LVA","two point field goal","LAS","LAS two point field goal",2026-05-23 16:21:22.644719,"dk",0.3636,175,0.3922,155,-0.0286,-0.0235,-1.1752,-0.918125
2026-05-23,"MIN @ CHI","three point field goal","MIN","MIN three point field goal",2026-05-23 16:51:21.628159,"dk",0.1143,775,0.1667,500,-0.0524,-0.0314,-1.5722,-1.22828125
2026-05-23,"MIN @ CHI","three point field goal","CHI","CHI three point field goal",2026-05-23 16:51:21.628159,"dk",0.0942,962,0.1667,500,-0.0725,-0.0435,-2.175,-1.69921875
2026-05-23,"PDX @ TOR","three point field goal","PDX","PDX three point field goal",2026-05-23 16:51:21.628159,"dk",0.1257,696,0.1818,450,-0.0562,-0.0343,-1.7161,-1.340703125
2026-05-23,"PDX @ TOR","three point field goal","TOR","TOR three point field goal",2026-05-23 16:51:21.628159,"dk",0.1422,603,0.2273,340,-0.085,-0.055,-2.7509,-2.149140625
2026-05-23,"LAS @ LVA","three point field goal","LVA","LVA three point field goal",2026-05-23 16:51:21.628159,"dk",0.1128,787,0.1818,450,-0.0691,-0.0422,-2.1102,-1.64859375
2026-05-23,"LAS @ LVA","three point field goal","LAS","LAS three point field goal",2026-05-23 16:51:21.628159,"dk",0.1323,656,0.1667,500,-0.0343,-0.0206,-1.0302,-0.80484375
2026-05-23,"MIN @ CHI","two point field goal","MIN","MIN two point field goal",2026-05-23 16:51:21.628159,"dk",0.3652,174,0.3636,175,0.0016,0.0012,0.0624,0.04875
2026-05-23,"MIN @ CHI","two point field goal","CHI","CHI two point field goal",2026-05-23 16:51:21.628159,"dk",0.4263,135,0.5122,-105,-0.0858,-0.088,-4.3998,-3.43734375
2026-05-23,"PDX @ TOR","two point field goal","PDX","PDX two point field goal",2026-05-23 16:51:21.628159,"dk",0.3444,190,0.3774,165,-0.033,-0.0265,-1.3233,-1.033828125
2026-05-23,"PDX @ TOR","two point field goal","TOR","TOR two point field goal",2026-05-23 16:51:21.628159,"dk",0.3877,158,0.4,150,-0.0123,-0.0102,-0.5125,-0.400390625
2026-05-23,"LAS @ LVA","two point field goal","LVA","LVA two point field goal",2026-05-23 16:51:21.628159,"dk",0.3913,156,0.4545,120,-0.0632,-0.0579,-2.8972,-2.2634375
2026-05-23,"LAS @ LVA","two point field goal","LAS","LAS two point field goal",2026-05-23 16:51:21.628159,"dk",0.3636,175,0.3922,155,-0.0286,-0.0235,-1.1752,-0.918125
2026-05-23,"MIN @ CHI","three point field goal","MIN","MIN three point field goal",2026-05-23 17:21:21.534221,"dk",0.1143,775,0.1667,500,-0.0524,-0.0314,-1.5722,-1.22828125
2026-05-23,"MIN @ CHI","three point field goal","CHI","CHI three point field goal",2026-05-23 17:21:21.534221,"dk",0.0942,962,0.1667,500,-0.0725,-0.0435,-2.175,-1.69921875
2026-05-23,"PDX @ TOR","three point field goal","PDX","PDX three point field goal",2026-05-23 17:21:21.534221,"dk",0.1257,696,0.1818,450,-0.0562,-0.0343,-1.7161,-1.340703125
2026-05-23,"PDX @ TOR","three point field goal","TOR","TOR three point field goal",2026-05-23 17:21:21.534221,"dk",0.1422,603,0.2273,340,-0.085,-0.055,-2.7509,-2.149140625
2026-05-23,"LAS @ LVA","three point field goal","LVA","LVA three point field goal",2026-05-23 17:21:21.534221,"dk",0.1128,787,0.1818,450,-0.0691,-0.0422,-2.1102,-1.64859375
2026-05-23,"LAS @ LVA","three point field goal","LAS","LAS three point field goal",2026-05-23 17:21:21.534221,"dk",0.1323,656,0.1667,500,-0.0343,-0.0206,-1.0302,-0.80484375
2026-05-23,"MIN @ CHI","two point field goal","MIN","MIN two point field goal",2026-05-23 17:21:21.534221,"dk",0.3652,174,0.3636,175,0.0016,0.0012,0.0624,0.04875
2026-05-23,"MIN @ CHI","two point field goal","CHI","CHI two point field goal",2026-05-23 17:21:21.534221,"dk",0.4263,135,0.5122,-105,-0.0858,-0.088,-4.3998,-3.43734375
2026-05-23,"PDX @ TOR","two point field goal","PDX","PDX two point field goal",2026-05-23 17:21:21.534221,"dk",0.3444,190,0.3774,165,-0.033,-0.0265,-1.3233,-1.033828125
2026-05-23,"PDX @ TOR","two point field goal","TOR","TOR two point field goal",2026-05-23 17:21:21.534221,"dk",0.3877,158,0.4,150,-0.0123,-0.0102,-0.5125,-0.400390625
2026-05-23,"LAS @ LVA","two point field goal","LVA","LVA two point field goal",2026-05-23 17:21:21.534221,"dk",0.3913,156,0.4545,120,-0.0632,-0.0579,-2.8972,-2.2634375
2026-05-23,"LAS @ LVA","two point field goal","LAS","LAS two point field goal",2026-05-23 17:21:21.534221,"dk",0.3636,175,0.3922,155,-0.0286,-0.0235,-1.1752,-0.918125
2026-05-23,"PDX @ TOR","three point field goal","PDX","PDX three point field goal",2026-05-23 17:51:21.533236,"dk",0.1257,696,0.1818,450,-0.0562,-0.0343,-1.7161,-1.340703125
2026-05-23,"PDX @ TOR","three point field goal","TOR","TOR three point field goal",2026-05-23 17:51:21.533236,"dk",0.1422,603,0.2273,340,-0.085,-0.055,-2.7509,-2.149140625
2026-05-23,"LAS @ LVA","three point field goal","LVA","LVA three point field goal",2026-05-23 17:51:21.533236,"dk",0.1128,787,0.1818,450,-0.0691,-0.0422,-2.1102,-1.64859375
2026-05-23,"LAS @ LVA","three point field goal","LAS","LAS three point field goal",2026-05-23 17:51:21.533236,"dk",0.1323,656,0.1667,500,-0.0343,-0.0206,-1.0302,-0.80484375
2026-05-23,"PDX @ TOR","two point field goal","PDX","PDX two point field goal",2026-05-23 17:51:21.533236,"dk",0.3444,190,0.3774,165,-0.033,-0.0265,-1.3233,-1.033828125
2026-05-23,"PDX @ TOR","two point field goal","TOR","TOR two point field goal",2026-05-23 17:51:21.533236,"dk",0.3877,158,0.4,150,-0.0123,-0.0102,-0.5125,-0.400390625
2026-05-23,"LAS @ LVA","two point field goal","LVA","LVA two point field goal",2026-05-23 17:51:21.533236,"dk",0.3913,156,0.4545,120,-0.0632,-0.0579,-2.8972,-2.2634375
2026-05-23,"LAS @ LVA","two point field goal","LAS","LAS two point field goal",2026-05-23 17:51:21.533236,"dk",0.3636,175,0.3922,155,-0.0286,-0.0235,-1.1752,-0.918125
2026-05-23,"PDX @ TOR","three point field goal","PDX","PDX three point field goal",2026-05-23 18:21:20.826695,"dk",0.1257,696,0.1818,450,-0.0562,-0.0343,-1.7161,-1.340703125
2026-05-23,"PDX @ TOR","three point field goal","TOR","TOR three point field goal",2026-05-23 18:21:20.826695,"dk",0.1422,603,0.2273,340,-0.085,-0.055,-2.7509,-2.149140625
2026-05-23,"LAS @ LVA","three point field goal","LVA","LVA three point field goal",2026-05-23 18:21:20.826695,"dk",0.1128,787,0.1818,450,-0.0691,-0.0422,-2.1102,-1.64859375
2026-05-23,"LAS @ LVA","three point field goal","LAS","LAS three point field goal",2026-05-23 18:21:20.826695,"dk",0.1323,656,0.1667,500,-0.0343,-0.0206,-1.0302,-0.80484375
2026-05-23,"PDX @ TOR","two point field goal","PDX","PDX two point field goal",2026-05-23 18:21:20.826695,"dk",0.3444,190,0.3774,165,-0.033,-0.0265,-1.3233,-1.033828125
2026-05-23,"PDX @ TOR","two point field goal","TOR","TOR two point field goal",2026-05-23 18:21:20.826695,"dk",0.3877,158,0.4,150,-0.0123,-0.0102,-0.5125,-0.400390625
2026-05-23,"LAS @ LVA","two point field goal","LVA","LVA two point field goal",2026-05-23 18:21:20.826695,"dk",0.3913,156,0.4545,120,-0.0632,-0.0579,-2.8972,-2.2634375
2026-05-23,"LAS @ LVA","two point field goal","LAS","LAS two point field goal",2026-05-23 18:21:20.826695,"dk",0.3636,175,0.3922,155,-0.0286,-0.0235,-1.1752,-0.918125
2026-05-23,"PDX @ TOR","three point field goal","PDX","PDX three point field goal",2026-05-23 18:51:21.5631,"dk",0.1257,696,0.1818,450,-0.0562,-0.0343,-1.7161,-1.340703125
2026-05-23,"PDX @ TOR","three point field goal","TOR","TOR three point field goal",2026-05-23 18:51:21.5631,"dk",0.1422,603,0.2273,340,-0.085,-0.055,-2.7509,-2.149140625
2026-05-23,"LAS @ LVA","three point field goal","LVA","LVA three point field goal",2026-05-23 18:51:21.5631,"dk",0.1128,787,0.1818,450,-0.0691,-0.0422,-2.1102,-1.64859375
2026-05-23,"LAS @ LVA","three point field goal","LAS","LAS three point field goal",2026-05-23 18:51:21.5631,"dk",0.1323,656,0.1667,500,-0.0343,-0.0206,-1.0302,-0.80484375
2026-05-23,"PDX @ TOR","two point field goal","PDX","PDX two point field goal",2026-05-23 18:51:21.5631,"dk",0.3444,190,0.3774,165,-0.033,-0.0265,-1.3233,-1.033828125
2026-05-23,"PDX @ TOR","two point field goal","TOR","TOR two point field goal",2026-05-23 18:51:21.5631,"dk",0.3877,158,0.4,150,-0.0123,-0.0102,-0.5125,-0.400390625
2026-05-23,"LAS @ LVA","two point field goal","LVA","LVA two point field goal",2026-05-23 18:51:21.5631,"dk",0.3913,156,0.4545,120,-0.0632,-0.0579,-2.8972,-2.2634375
2026-05-23,"LAS @ LVA","two point field goal","LAS","LAS two point field goal",2026-05-23 18:51:21.5631,"dk",0.3636,175,0.3922,155,-0.0286,-0.0235,-1.1752,-0.918125
2026-05-23,"PDX @ TOR","three point field goal","PDX","PDX three point field goal",2026-05-23 19:21:22.050067,"dk",0.1257,696,0.1818,450,-0.0562,-0.0343,-1.7161,-1.340703125
2026-05-23,"PDX @ TOR","three point field goal","TOR","TOR three point field goal",2026-05-23 19:21:22.050067,"dk",0.1422,603,0.2273,340,-0.085,-0.055,-2.7509,-2.149140625
2026-05-23,"LAS @ LVA","three point field goal","LVA","LVA three point field goal",2026-05-23 19:21:22.050067,"dk",0.1128,787,0.1818,450,-0.0691,-0.0422,-2.1102,-1.64859375
2026-05-23,"LAS @ LVA","three point field goal","LAS","LAS three point field goal",2026-05-23 19:21:22.050067,"dk",0.1323,656,0.1667,500,-0.0343,-0.0206,-1.0302,-0.80484375
2026-05-23,"PDX @ TOR","two point field goal","PDX","PDX two point field goal",2026-05-23 19:21:22.050067,"dk",0.3444,190,0.3774,165,-0.033,-0.0265,-1.3233,-1.033828125
2026-05-23,"PDX @ TOR","two point field goal","TOR","TOR two point field goal",2026-05-23 19:21:22.050067,"dk",0.3877,158,0.4,150,-0.0123,-0.0102,-0.5125,-0.400390625
2026-05-23,"LAS @ LVA","two point field goal","LVA","LVA two point field goal",2026-05-23 19:21:22.050067,"dk",0.3913,156,0.4545,120,-0.0632,-0.0579,-2.8972,-2.2634375
2026-05-23,"LAS @ LVA","two point field goal","LAS","LAS two point field goal",2026-05-23 19:21:22.050067,"dk",0.3636,175,0.3922,155,-0.0286,-0.0235,-1.1752,-0.918125
2026-05-23,"PDX @ TOR","three point field goal","PDX","PDX three point field goal",2026-05-23 19:51:20.657108,"dk",0.1257,696,0.1818,450,-0.0562,-0.0343,-1.7161,-1.340703125
2026-05-23,"PDX @ TOR","three point field goal","TOR","TOR three point field goal",2026-05-23 19:51:20.657108,"dk",0.1422,603,0.2273,340,-0.085,-0.055,-2.7509,-2.149140625
2026-05-23,"LAS @ LVA","three point field goal","LVA","LVA three point field goal",2026-05-23 19:51:20.657108,"dk",0.1128,787,0.1818,450,-0.0691,-0.0422,-2.1102,-1.64859375
2026-05-23,"LAS @ LVA","three point field goal","LAS","LAS three point field goal",2026-05-23 19:51:20.657108,"dk",0.1323,656,0.1667,500,-0.0343,-0.0206,-1.0302,-0.80484375
2026-05-23,"PDX @ TOR","two point field goal","PDX","PDX two point field goal",2026-05-23 19:51:20.657108,"dk",0.3444,190,0.3774,165,-0.033,-0.0265,-1.3233,-1.033828125
2026-05-23,"PDX @ TOR","two point field goal","TOR","TOR two point field goal",2026-05-23 19:51:20.657108,"dk",0.3877,158,0.4,150,-0.0123,-0.0102,-0.5125,-0.400390625
2026-05-23,"LAS @ LVA","two point field goal","LVA","LVA two point field goal",2026-05-23 19:51:20.657108,"dk",0.3913,156,0.4545,120,-0.0632,-0.0579,-2.8972,-2.2634375
2026-05-23,"LAS @ LVA","two point field goal","LAS","LAS two point field goal",2026-05-23 19:51:20.657108,"dk",0.3636,175,0.3922,155,-0.0286,-0.0235,-1.1752,-0.918125
2026-05-23,"PDX @ TOR","three point field goal","PDX","PDX three point field goal",2026-05-23 20:21:21.150299,"dk",0.1263,692,0.1818,450,-0.0555,-0.0339,-1.6968,-1.325625
2026-05-23,"PDX @ TOR","three point field goal","TOR","TOR three point field goal",2026-05-23 20:21:21.150299,"dk",0.167,499,0.2273,340,-0.0603,-0.039,-1.9514,-1.52453125
2026-05-23,"LAS @ LVA","three point field goal","LVA","LVA three point field goal",2026-05-23 20:21:21.150299,"dk",0.1128,787,0.1818,450,-0.0691,-0.0422,-2.1102,-1.64859375
2026-05-23,"LAS @ LVA","three point field goal","LAS","LAS three point field goal",2026-05-23 20:21:21.150299,"dk",0.1323,656,0.1667,500,-0.0343,-0.0206,-1.0302,-0.80484375
2026-05-23,"PDX @ TOR","two point field goal","PDX","PDX two point field goal",2026-05-23 20:21:21.150299,"dk",0.3461,189,0.3774,165,-0.0312,-0.0251,-1.2537,-0.979453125
2026-05-23,"PDX @ TOR","two point field goal","TOR","TOR two point field goal",2026-05-23 20:21:21.150299,"dk",0.3606,177,0.4,150,-0.0394,-0.0328,-1.6407,-1.281796875
2026-05-23,"LAS @ LVA","two point field goal","LVA","LVA two point field goal",2026-05-23 20:21:21.150299,"dk",0.3913,156,0.4545,120,-0.0632,-0.0579,-2.8972,-2.2634375
2026-05-23,"LAS @ LVA","two point field goal","LAS","LAS two point field goal",2026-05-23 20:21:21.150299,"dk",0.3636,175,0.3922,155,-0.0286,-0.0235,-1.1752,-0.918125
2026-05-23,"PDX @ TOR","three point field goal","PDX","PDX three point field goal",2026-05-23 20:51:21.35559,"dk",0.1257,696,0.1818,450,-0.0562,-0.0343,-1.7161,-1.340703125
2026-05-23,"PDX @ TOR","three point field goal","TOR","TOR three point field goal",2026-05-23 20:51:21.35559,"dk",0.1422,603,0.2273,340,-0.085,-0.055,-2.7509,-2.149140625
2026-05-23,"LAS @ LVA","three point field goal","LVA","LVA three point field goal",2026-05-23 20:51:21.35559,"dk",0.1128,787,0.1818,450,-0.0691,-0.0422,-2.1102,-1.64859375
2026-05-23,"LAS @ LVA","three point field goal","LAS","LAS three point field goal",2026-05-23 20:51:21.35559,"dk",0.1323,656,0.1667,500,-0.0343,-0.0206,-1.0302,-0.80484375
2026-05-23,"PDX @ TOR","two point field goal","PDX","PDX two point field goal",2026-05-23 20:51:21.35559,"dk",0.3444,190,0.3774,165,-0.033,-0.0265,-1.3233,-1.033828125
2026-05-23,"PDX @ TOR","two point field goal","TOR","TOR two point field goal",2026-05-23 20:51:21.35559,"dk",0.3877,158,0.4,150,-0.0123,-0.0102,-0.5125,-0.400390625
2026-05-23,"LAS @ LVA","two point field goal","LVA","LVA two point field goal",2026-05-23 20:51:21.35559,"dk",0.3913,156,0.4545,120,-0.0632,-0.0579,-2.8972,-2.2634375
2026-05-23,"LAS @ LVA","two point field goal","LAS","LAS two point field goal",2026-05-23 20:51:21.35559,"dk",0.3636,175,0.3922,155,-0.0286,-0.0235,-1.1752,-0.918125
2026-05-23,"PDX @ TOR","three point field goal","PDX","PDX three point field goal",2026-05-23 21:21:20.952738,"dk",0.1257,696,0.1818,450,-0.0562,-0.0343,-1.7161,-1.340703125
2026-05-23,"PDX @ TOR","three point field goal","TOR","TOR three point field goal",2026-05-23 21:21:20.952738,"dk",0.1422,603,0.2273,340,-0.085,-0.055,-2.7509,-2.149140625
2026-05-23,"LAS @ LVA","three point field goal","LVA","LVA three point field goal",2026-05-23 21:21:20.952738,"dk",0.1128,787,0.1818,450,-0.0691,-0.0422,-2.1102,-1.64859375
2026-05-23,"LAS @ LVA","three point field goal","LAS","LAS three point field goal",2026-05-23 21:21:20.952738,"dk",0.1323,656,0.1667,500,-0.0343,-0.0206,-1.0302,-0.80484375
2026-05-23,"PDX @ TOR","two point field goal","PDX","PDX two point field goal",2026-05-23 21:21:20.952738,"dk",0.3444,190,0.3774,165,-0.033,-0.0265,-1.3233,-1.033828125
2026-05-23,"PDX @ TOR","two point field goal","TOR","TOR two point field goal",2026-05-23 21:21:20.952738,"dk",0.3877,158,0.4,150,-0.0123,-0.0102,-0.5125,-0.400390625
2026-05-23,"LAS @ LVA","two point field goal","LVA","LVA two point field goal",2026-05-23 21:21:20.952738,"dk",0.3913,156,0.4545,120,-0.0632,-0.0579,-2.8972,-2.2634375
2026-05-23,"LAS @ LVA","two point field goal","LAS","LAS two point field goal",2026-05-23 21:21:20.952738,"dk",0.3636,175,0.3922,155,-0.0286,-0.0235,-1.1752,-0.918125
2026-05-23,"PDX @ TOR","three point field goal","PDX","PDX three point field goal",2026-05-23 21:51:21.054874,"dk",0.1257,696,0.1818,450,-0.0562,-0.0343,-1.7161,-1.340703125
2026-05-23,"PDX @ TOR","three point field goal","TOR","TOR three point field goal",2026-05-23 21:51:21.054874,"dk",0.1422,603,0.2273,340,-0.085,-0.055,-2.7509,-2.149140625
2026-05-23,"LAS @ LVA","three point field goal","LVA","LVA three point field goal",2026-05-23 21:51:21.054874,"dk",0.1128,787,0.1818,450,-0.0691,-0.0422,-2.1102,-1.64859375
2026-05-23,"LAS @ LVA","three point field goal","LAS","LAS three point field goal",2026-05-23 21:51:21.054874,"dk",0.1323,656,0.1667,500,-0.0343,-0.0206,-1.0302,-0.80484375
2026-05-23,"PDX @ TOR","two point field goal","PDX","PDX two point field goal",2026-05-23 21:51:21.054874,"dk",0.3444,190,0.3774,165,-0.033,-0.0265,-1.3233,-1.033828125
2026-05-23,"PDX @ TOR","two point field goal","TOR","TOR two point field goal",2026-05-23 21:51:21.054874,"dk",0.3877,158,0.4,150,-0.0123,-0.0102,-0.5125,-0.400390625
2026-05-23,"LAS @ LVA","two point field goal","LVA","LVA two point field goal",2026-05-23 21:51:21.054874,"dk",0.3913,156,0.4545,120,-0.0632,-0.0579,-2.8972,-2.2634375
2026-05-23,"LAS @ LVA","two point field goal","LAS","LAS two point field goal",2026-05-23 21:51:21.054874,"dk",0.3636,175,0.3922,155,-0.0286,-0.0235,-1.1752,-0.918125
2026-05-23,"PDX @ TOR","three point field goal","PDX","PDX three point field goal",2026-05-23 22:21:20.895201,"dk",0.1257,696,0.1818,450,-0.0562,-0.0343,-1.7161,-1.340703125
2026-05-23,"PDX @ TOR","three point field goal","TOR","TOR three point field goal",2026-05-23 22:21:20.895201,"dk",0.1422,603,0.2273,340,-0.085,-0.055,-2.7509,-2.149140625
2026-05-23,"LAS @ LVA","three point field goal","LVA","LVA three point field goal",2026-05-23 22:21:20.895201,"dk",0.1128,787,0.1818,450,-0.0691,-0.0422,-2.1102,-1.64859375
2026-05-23,"LAS @ LVA","three point field goal","LAS","LAS three point field goal",2026-05-23 22:21:20.895201,"dk",0.1323,656,0.1667,500,-0.0343,-0.0206,-1.0302,-0.80484375
2026-05-23,"PDX @ TOR","two point field goal","PDX","PDX two point field goal",2026-05-23 22:21:20.895201,"dk",0.3444,190,0.3774,165,-0.033,-0.0265,-1.3233,-1.033828125
2026-05-23,"PDX @ TOR","two point field goal","TOR","TOR two point field goal",2026-05-23 22:21:20.895201,"dk",0.3877,158,0.4,150,-0.0123,-0.0102,-0.5125,-0.400390625
2026-05-23,"LAS @ LVA","two point field goal","LVA","LVA two point field goal",2026-05-23 22:21:20.895201,"dk",0.3913,156,0.4545,120,-0.0632,-0.0579,-2.8972,-2.2634375
2026-05-23,"LAS @ LVA","two point field goal","LAS","LAS two point field goal",2026-05-23 22:21:20.895201,"dk",0.3636,175,0.3922,155,-0.0286,-0.0235,-1.1752,-0.918125
2026-05-23,"LAS @ LVA","three point field goal","LVA","LVA three point field goal",2026-05-23 22:51:21.250134,"dk",0.1128,787,0.1818,450,-0.0691,-0.0422,-2.1102,-1.64859375
2026-05-23,"LAS @ LVA","three point field goal","LAS","LAS three point field goal",2026-05-23 22:51:21.250134,"dk",0.1323,656,0.1667,500,-0.0343,-0.0206,-1.0302,-0.80484375
2026-05-23,"LAS @ LVA","two point field goal","LVA","LVA two point field goal",2026-05-23 22:51:21.250134,"dk",0.3913,156,0.4545,120,-0.0632,-0.0579,-2.8972,-2.2634375
2026-05-23,"LAS @ LVA","two point field goal","LAS","LAS two point field goal",2026-05-23 22:51:21.250134,"dk",0.3636,175,0.3922,155,-0.0286,-0.0235,-1.1752,-0.918125
2026-05-23,"LAS @ LVA","three point field goal","LVA","LVA three point field goal",2026-05-23 23:21:20.939164,"dk",0.1125,789,0.1818,450,-0.0693,-0.0423,-2.117,-1.65390625
2026-05-23,"LAS @ LVA","three point field goal","LAS","LAS three point field goal",2026-05-23 23:21:20.939164,"dk",0.1261,693,0.1667,500,-0.0406,-0.0243,-1.2169,-0.950703125
2026-05-23,"LAS @ LVA","two point field goal","LVA","LVA two point field goal",2026-05-23 23:21:20.939164,"dk",0.3906,156,0.4545,120,-0.064,-0.0587,-2.9329,-2.291328125
2026-05-23,"LAS @ LVA","two point field goal","LAS","LAS two point field goal",2026-05-23 23:21:20.939164,"dk",0.3708,170,0.3922,155,-0.0214,-0.0176,-0.8781,-0.686015625
2026-05-23,"LAS @ LVA","three point field goal","LVA","LVA three point field goal",2026-05-23 23:51:22.626791,"dk",0.1125,789,0.1818,450,-0.0693,-0.0423,-2.117,-1.65390625
2026-05-23,"LAS @ LVA","three point field goal","LAS","LAS three point field goal",2026-05-23 23:51:22.626791,"dk",0.1261,693,0.1667,500,-0.0406,-0.0243,-1.2169,-0.950703125
2026-05-23,"LAS @ LVA","two point field goal","LVA","LVA two point field goal",2026-05-23 23:51:22.626791,"dk",0.3906,156,0.4545,120,-0.064,-0.0587,-2.9329,-2.291328125
2026-05-23,"LAS @ LVA","two point field goal","LAS","LAS two point field goal",2026-05-23 23:51:22.626791,"dk",0.3708,170,0.3922,155,-0.0214,-0.0176,-0.8781,-0.686015625
2026-05-23,"LAS @ LVA","three point field goal","LVA","LVA three point field goal",2026-05-24 00:21:21.77578,"dk",0.1125,789,0.1818,450,-0.0693,-0.0423,-2.117,-1.65390625
2026-05-23,"LAS @ LVA","three point field goal","LAS","LAS three point field goal",2026-05-24 00:21:21.77578,"dk",0.1261,693,0.1667,500,-0.0406,-0.0243,-1.2169,-0.950703125
2026-05-23,"LAS @ LVA","two point field goal","LVA","LVA two point field goal",2026-05-24 00:21:21.77578,"dk",0.3906,156,0.4545,120,-0.064,-0.0587,-2.9329,-2.291328125
2026-05-23,"LAS @ LVA","two point field goal","LAS","LAS two point field goal",2026-05-24 00:21:21.77578,"dk",0.3708,170,0.3922,155,-0.0214,-0.0176,-0.8781,-0.686015625
2026-05-23,"LAS @ LVA","three point field goal","LVA","LVA three point field goal",2026-05-24 00:51:22.3445,"dk",0.1125,789,0.1818,450,-0.0693,-0.0423,-2.117,-1.65390625
2026-05-23,"LAS @ LVA","three point field goal","LAS","LAS three point field goal",2026-05-24 00:51:22.3445,"dk",0.1261,693,0.1667,500,-0.0406,-0.0243,-1.2169,-0.950703125
2026-05-23,"LAS @ LVA","two point field goal","LVA","LVA two point field goal",2026-05-24 00:51:22.3445,"dk",0.3906,156,0.4545,120,-0.064,-0.0587,-2.9329,-2.291328125
2026-05-23,"LAS @ LVA","two point field goal","LAS","LAS two point field goal",2026-05-24 00:51:22.3445,"dk",0.3708,170,0.3922,155,-0.0214,-0.0176,-0.8781,-0.686015625
2026-05-23,"LAS @ LVA","three point field goal","LVA","LVA three point field goal",2026-05-24 01:21:21.901102,"dk",0.1125,789,0.1818,450,-0.0693,-0.0423,-2.117,-1.65390625
2026-05-23,"LAS @ LVA","three point field goal","LAS","LAS three point field goal",2026-05-24 01:21:21.901102,"dk",0.1261,693,0.1667,500,-0.0406,-0.0243,-1.2169,-0.950703125
2026-05-23,"LAS @ LVA","two point field goal","LVA","LVA two point field goal",2026-05-24 01:21:21.901102,"dk",0.3906,156,0.4545,120,-0.064,-0.0587,-2.9329,-2.291328125
2026-05-23,"LAS @ LVA","two point field goal","LAS","LAS two point field goal",2026-05-24 01:21:21.901102,"dk",0.3708,170,0.3922,155,-0.0214,-0.0176,-0.8781,-0.686015625
2026-05-23,"LAS @ LVA","three point field goal","LVA","LVA three point field goal",2026-05-24 01:51:21.323119,"dk",0.1125,789,0.1818,450,-0.0693,-0.0423,-2.117,-1.65390625
2026-05-23,"LAS @ LVA","three point field goal","LAS","LAS three point field goal",2026-05-24 01:51:21.323119,"dk",0.1261,693,0.1667,500,-0.0406,-0.0243,-1.2169,-0.950703125
2026-05-23,"LAS @ LVA","two point field goal","LVA","LVA two point field goal",2026-05-24 01:51:21.323119,"dk",0.3906,156,0.4545,120,-0.064,-0.0587,-2.9329,-2.291328125
2026-05-23,"LAS @ LVA","two point field goal","LAS","LAS two point field goal",2026-05-24 01:51:21.323119,"dk",0.3708,170,0.3922,155,-0.0214,-0.0176,-0.8781,-0.686015625
2026-05-23,"LAS @ LVA","three point field goal","LVA","LVA three point field goal",2026-05-24 02:21:22.559265,"dk",0.1125,789,0.1818,450,-0.0693,-0.0423,-2.117,-1.65390625
2026-05-23,"LAS @ LVA","three point field goal","LAS","LAS three point field goal",2026-05-24 02:21:22.559265,"dk",0.1261,693,0.1667,500,-0.0406,-0.0243,-1.2169,-0.950703125
2026-05-23,"LAS @ LVA","two point field goal","LVA","LVA two point field goal",2026-05-24 02:21:22.559265,"dk",0.3906,156,0.4545,120,-0.064,-0.0587,-2.9329,-2.291328125
2026-05-23,"LAS @ LVA","two point field goal","LAS","LAS two point field goal",2026-05-24 02:21:22.559265,"dk",0.3708,170,0.3922,155,-0.0214,-0.0176,-0.8781,-0.686015625
2026-05-23,"LAS @ LVA","three point field goal","LVA","LVA three point field goal",2026-05-24 02:51:22.027391,"dk",0.1125,789,0.1818,450,-0.0693,-0.0423,-2.117,-1.65390625
2026-05-23,"LAS @ LVA","three point field goal","LAS","LAS three point field goal",2026-05-24 02:51:22.027391,"dk",0.1261,693,0.1667,500,-0.0406,-0.0243,-1.2169,-0.950703125
2026-05-23,"LAS @ LVA","two point field goal","LVA","LVA two point field goal",2026-05-24 02:51:22.027391,"dk",0.3906,156,0.4545,120,-0.064,-0.0587,-2.9329,-2.291328125
2026-05-23,"LAS @ LVA","two point field goal","LAS","LAS two point field goal",2026-05-24 02:51:22.027391,"dk",0.3708,170,0.3922,155,-0.0214,-0.0176,-0.8781,-0.686015625
2026-05-24,"PHX @ ATL","three point field goal","PHX","PHX three point field goal",2026-05-24 13:21:20.810725,"dk",0.1085,821,0.1538,550,-0.0453,-0.0268,-1.3389,-1.046015625
2026-05-24,"PHX @ ATL","three point field goal","ATL","ATL three point field goal",2026-05-24 13:21:20.810725,"dk",0.1305,666,0.2,400,-0.0695,-0.0435,-2.1727,-1.697421875
2026-05-24,"DAL @ NYL","three point field goal","NYL","NYL three point field goal",2026-05-24 13:21:20.810725,"dk",0.1528,554,0.2128,370,-0.0599,-0.0381,-1.9028,-1.4865625
2026-05-24,"DAL @ NYL","three point field goal","DAL","DAL three point field goal",2026-05-24 13:21:20.810725,"dk",0.1097,812,0.1429,600,-0.0332,-0.0194,-0.9684,-0.7565625
2026-05-24,"WAS @ SEA","three point field goal","WAS","WAS three point field goal",2026-05-24 13:21:20.810725,"dk",0.0922,985,0.1538,550,-0.0617,-0.0364,-1.8225,-1.423828125
2026-05-24,"WAS @ SEA","three point field goal","SEA","SEA three point field goal",2026-05-24 13:21:20.810725,"dk",0.1276,684,0.1667,500,-0.039,-0.0234,-1.1712,-0.915
2026-05-24,"PHX @ ATL","two point field goal","PHX","PHX two point field goal",2026-05-24 13:21:20.810725,"dk",0.404,148,0.3922,155,0.0118,0.0097,0.4858,0.37953125
2026-05-24,"PHX @ ATL","two point field goal","ATL","ATL two point field goal",2026-05-24 13:21:20.810725,"dk",0.357,180,0.4545,120,-0.0975,-0.0894,-4.4695,-3.491796875
2026-05-24,"DAL @ NYL","two point field goal","NYL","NYL two point field goal",2026-05-24 13:21:20.810725,"dk",0.3686,171,0.4255,135,-0.057,-0.0496,-2.4791,-1.936796875
2026-05-24,"DAL @ NYL","two point field goal","DAL","DAL two point field goal",2026-05-24 13:21:20.810725,"dk",0.3689,171,0.4167,140,-0.0477,-0.0409,-2.0458,-1.59828125
2026-05-24,"WAS @ SEA","two point field goal","WAS","WAS two point field goal",2026-05-24 13:21:20.810725,"dk",0.4262,135,0.4762,110,-0.05,-0.0478,-2.3879,-1.865546875
2026-05-24,"WAS @ SEA","two point field goal","SEA","SEA two point field goal",2026-05-24 13:21:20.810725,"dk",0.3541,182,0.4,150,-0.0459,-0.0383,-1.9144,-1.495625
2026-05-24,"PHX @ ATL","three point field goal","PHX","PHX three point field goal",2026-05-24 13:51:20.309253,"dk",0.1085,821,0.1538,550,-0.0453,-0.0268,-1.3389,-1.046015625
2026-05-24,"PHX @ ATL","three point field goal","ATL","ATL three point field goal",2026-05-24 13:51:20.309253,"dk",0.1305,666,0.2,400,-0.0695,-0.0435,-2.1727,-1.697421875
2026-05-24,"DAL @ NYL","three point field goal","NYL","NYL three point field goal",2026-05-24 13:51:20.309253,"dk",0.1528,554,0.2128,370,-0.0599,-0.0381,-1.9028,-1.4865625
2026-05-24,"DAL @ NYL","three point field goal","DAL","DAL three point field goal",2026-05-24 13:51:20.309253,"dk",0.1097,812,0.1429,600,-0.0332,-0.0194,-0.9684,-0.7565625
2026-05-24,"WAS @ SEA","three point field goal","WAS","WAS three point field goal",2026-05-24 13:51:20.309253,"dk",0.0922,985,0.1538,550,-0.0617,-0.0364,-1.8225,-1.423828125
2026-05-24,"WAS @ SEA","three point field goal","SEA","SEA three point field goal",2026-05-24 13:51:20.309253,"dk",0.1276,684,0.1667,500,-0.039,-0.0234,-1.1712,-0.915
2026-05-24,"PHX @ ATL","two point field goal","PHX","PHX two point field goal",2026-05-24 13:51:20.309253,"dk",0.404,148,0.3922,155,0.0118,0.0097,0.4858,0.37953125
2026-05-24,"PHX @ ATL","two point field goal","ATL","ATL two point field goal",2026-05-24 13:51:20.309253,"dk",0.357,180,0.4545,120,-0.0975,-0.0894,-4.4695,-3.491796875
2026-05-24,"DAL @ NYL","two point field goal","NYL","NYL two point field goal",2026-05-24 13:51:20.309253,"dk",0.3686,171,0.4255,135,-0.057,-0.0496,-2.4791,-1.936796875
2026-05-24,"DAL @ NYL","two point field goal","DAL","DAL two point field goal",2026-05-24 13:51:20.309253,"dk",0.3689,171,0.4167,140,-0.0477,-0.0409,-2.0458,-1.59828125
2026-05-24,"WAS @ SEA","two point field goal","WAS","WAS two point field goal",2026-05-24 13:51:20.309253,"dk",0.4262,135,0.4762,110,-0.05,-0.0478,-2.3879,-1.865546875
2026-05-24,"WAS @ SEA","two point field goal","SEA","SEA two point field goal",2026-05-24 13:51:20.309253,"dk",0.3541,182,0.4,150,-0.0459,-0.0383,-1.9144,-1.495625
2026-05-24,"PHX @ ATL","three point field goal","PHX","PHX three point field goal",2026-05-24 14:21:20.195261,"dk",0.1085,821,0.1538,550,-0.0453,-0.0268,-1.3389,-1.046015625
2026-05-24,"PHX @ ATL","three point field goal","ATL","ATL three point field goal",2026-05-24 14:21:20.195261,"dk",0.1305,666,0.2,400,-0.0695,-0.0435,-2.1727,-1.697421875
2026-05-24,"WAS @ SEA","three point field goal","WAS","WAS three point field goal",2026-05-24 14:21:20.195261,"dk",0.0922,985,0.1538,550,-0.0617,-0.0364,-1.8225,-1.423828125
2026-05-24,"WAS @ SEA","three point field goal","SEA","SEA three point field goal",2026-05-24 14:21:20.195261,"dk",0.1276,684,0.1667,500,-0.039,-0.0234,-1.1712,-0.915
2026-05-24,"PHX @ ATL","two point field goal","PHX","PHX two point field goal",2026-05-24 14:21:20.195261,"dk",0.404,148,0.3922,155,0.0118,0.0097,0.4858,0.37953125
2026-05-24,"PHX @ ATL","two point field goal","ATL","ATL two point field goal",2026-05-24 14:21:20.195261,"dk",0.357,180,0.4545,120,-0.0975,-0.0894,-4.4695,-3.491796875
2026-05-24,"WAS @ SEA","two point field goal","WAS","WAS two point field goal",2026-05-24 14:21:20.195261,"dk",0.4262,135,0.4762,110,-0.05,-0.0478,-2.3879,-1.865546875
2026-05-24,"WAS @ SEA","two point field goal","SEA","SEA two point field goal",2026-05-24 14:21:20.195261,"dk",0.3541,182,0.4,150,-0.0459,-0.0383,-1.9144,-1.495625
2026-05-24,"PHX @ ATL","three point field goal","PHX","PHX three point field goal",2026-05-24 14:51:19.002363,"dk",0.1085,821,0.1538,550,-0.0453,-0.0268,-1.3389,-1.046015625
2026-05-24,"PHX @ ATL","three point field goal","ATL","ATL three point field goal",2026-05-24 14:51:19.002363,"dk",0.1305,666,0.2,400,-0.0695,-0.0435,-2.1727,-1.697421875
2026-05-24,"DAL @ NYL","three point field goal","NYL","NYL three point field goal",2026-05-24 14:51:19.002363,"dk",0.1528,554,0.2128,370,-0.0599,-0.0381,-1.9028,-1.4865625
2026-05-24,"DAL @ NYL","three point field goal","DAL","DAL three point field goal",2026-05-24 14:51:19.002363,"dk",0.1097,812,0.1429,600,-0.0332,-0.0194,-0.9684,-0.7565625
2026-05-24,"WAS @ SEA","three point field goal","WAS","WAS three point field goal",2026-05-24 14:51:19.002363,"dk",0.0922,985,0.1538,550,-0.0617,-0.0364,-1.8225,-1.423828125
2026-05-24,"WAS @ SEA","three point field goal","SEA","SEA three point field goal",2026-05-24 14:51:19.002363,"dk",0.1276,684,0.1667,500,-0.039,-0.0234,-1.1712,-0.915
2026-05-24,"PHX @ ATL","two point field goal","PHX","PHX two point field goal",2026-05-24 14:51:19.002363,"dk",0.404,148,0.3922,155,0.0118,0.0097,0.4858,0.37953125
2026-05-24,"PHX @ ATL","two point field goal","ATL","ATL two point field goal",2026-05-24 14:51:19.002363,"dk",0.357,180,0.4545,120,-0.0975,-0.0894,-4.4695,-3.491796875
2026-05-24,"DAL @ NYL","two point field goal","NYL","NYL two point field goal",2026-05-24 14:51:19.002363,"dk",0.3686,171,0.4348,130,-0.0662,-0.0586,-2.9289,-2.288203125
2026-05-24,"DAL @ NYL","two point field goal","DAL","DAL two point field goal",2026-05-24 14:51:19.002363,"dk",0.3689,171,0.4082,145,-0.0392,-0.0331,-1.6572,-1.2946875
2026-05-24,"WAS @ SEA","two point field goal","WAS","WAS two point field goal",2026-05-24 14:51:19.002363,"dk",0.4262,135,0.4762,110,-0.05,-0.0478,-2.3879,-1.865546875
2026-05-24,"WAS @ SEA","two point field goal","SEA","SEA two point field goal",2026-05-24 14:51:19.002363,"dk",0.3541,182,0.4,150,-0.0459,-0.0383,-1.9144,-1.495625
2026-05-24,"PHX @ ATL","three point field goal","PHX","PHX three point field goal",2026-05-24 15:21:20.149309,"dk",0.1085,821,0.1538,550,-0.0453,-0.0268,-1.3389,-1.046015625
2026-05-24,"PHX @ ATL","three point field goal","ATL","ATL three point field goal",2026-05-24 15:21:20.149309,"dk",0.1305,666,0.2,400,-0.0695,-0.0435,-2.1727,-1.697421875
2026-05-24,"DAL @ NYL","three point field goal","NYL","NYL three point field goal",2026-05-24 15:21:20.149309,"dk",0.1528,554,0.2128,370,-0.0599,-0.0381,-1.9028,-1.4865625
2026-05-24,"DAL @ NYL","three point field goal","DAL","DAL three point field goal",2026-05-24 15:21:20.149309,"dk",0.1097,812,0.1429,600,-0.0332,-0.0194,-0.9684,-0.7565625
2026-05-24,"WAS @ SEA","three point field goal","WAS","WAS three point field goal",2026-05-24 15:21:20.149309,"dk",0.0922,985,0.1538,550,-0.0617,-0.0364,-1.8225,-1.423828125
2026-05-24,"WAS @ SEA","three point field goal","SEA","SEA three point field goal",2026-05-24 15:21:20.149309,"dk",0.1276,684,0.1667,500,-0.039,-0.0234,-1.1712,-0.915
2026-05-24,"PHX @ ATL","two point field goal","PHX","PHX two point field goal",2026-05-24 15:21:20.149309,"dk",0.404,148,0.3922,155,0.0118,0.0097,0.4858,0.37953125
2026-05-24,"PHX @ ATL","two point field goal","ATL","ATL two point field goal",2026-05-24 15:21:20.149309,"dk",0.357,180,0.4545,120,-0.0975,-0.0894,-4.4695,-3.491796875
2026-05-24,"DAL @ NYL","two point field goal","NYL","NYL two point field goal",2026-05-24 15:21:20.149309,"dk",0.3686,171,0.4348,130,-0.0662,-0.0586,-2.9289,-2.288203125
2026-05-24,"DAL @ NYL","two point field goal","DAL","DAL two point field goal",2026-05-24 15:21:20.149309,"dk",0.3689,171,0.4082,145,-0.0392,-0.0331,-1.6572,-1.2946875
2026-05-24,"WAS @ SEA","two point field goal","WAS","WAS two point field goal",2026-05-24 15:21:20.149309,"dk",0.4262,135,0.4762,110,-0.05,-0.0478,-2.3879,-1.865546875
2026-05-24,"WAS @ SEA","two point field goal","SEA","SEA two point field goal",2026-05-24 15:21:20.149309,"dk",0.3541,182,0.4,150,-0.0459,-0.0383,-1.9144,-1.495625
2026-05-24,"PHX @ ATL","three point field goal","PHX","PHX three point field goal",2026-05-24 15:51:20.448839,"dk",0.1085,821,0.1538,550,-0.0453,-0.0268,-1.3389,-1.046015625
2026-05-24,"PHX @ ATL","three point field goal","ATL","ATL three point field goal",2026-05-24 15:51:20.448839,"dk",0.1305,666,0.2,400,-0.0695,-0.0435,-2.1727,-1.697421875
2026-05-24,"DAL @ NYL","three point field goal","NYL","NYL three point field goal",2026-05-24 15:51:20.448839,"dk",0.1528,554,0.2128,370,-0.0599,-0.0381,-1.9028,-1.4865625
2026-05-24,"DAL @ NYL","three point field goal","DAL","DAL three point field goal",2026-05-24 15:51:20.448839,"dk",0.1097,812,0.1429,600,-0.0332,-0.0194,-0.9684,-0.7565625
2026-05-24,"WAS @ SEA","three point field goal","WAS","WAS three point field goal",2026-05-24 15:51:20.448839,"dk",0.0922,985,0.1538,550,-0.0617,-0.0364,-1.8225,-1.423828125
2026-05-24,"WAS @ SEA","three point field goal","SEA","SEA three point field goal",2026-05-24 15:51:20.448839,"dk",0.1276,684,0.1667,500,-0.039,-0.0234,-1.1712,-0.915
2026-05-24,"PHX @ ATL","two point field goal","PHX","PHX two point field goal",2026-05-24 15:51:20.448839,"dk",0.404,148,0.3922,155,0.0118,0.0097,0.4858,0.37953125
2026-05-24,"PHX @ ATL","two point field goal","ATL","ATL two point field goal",2026-05-24 15:51:20.448839,"dk",0.357,180,0.4545,120,-0.0975,-0.0894,-4.4695,-3.491796875
2026-05-24,"DAL @ NYL","two point field goal","NYL","NYL two point field goal",2026-05-24 15:51:20.448839,"dk",0.3686,171,0.4348,130,-0.0662,-0.0586,-2.9289,-2.288203125
2026-05-24,"DAL @ NYL","two point field goal","DAL","DAL two point field goal",2026-05-24 15:51:20.448839,"dk",0.3689,171,0.4082,145,-0.0392,-0.0331,-1.6572,-1.2946875
2026-05-24,"WAS @ SEA","two point field goal","WAS","WAS two point field goal",2026-05-24 15:51:20.448839,"dk",0.4262,135,0.4762,110,-0.05,-0.0478,-2.3879,-1.865546875
2026-05-24,"WAS @ SEA","two point field goal","SEA","SEA two point field goal",2026-05-24 15:51:20.448839,"dk",0.3541,182,0.4,150,-0.0459,-0.0383,-1.9144,-1.495625
2026-05-24,"PHX @ ATL","three point field goal","PHX","PHX three point field goal",2026-05-24 16:21:19.711631,"dk",0.1085,821,0.1538,550,-0.0453,-0.0268,-1.3389,-1.046015625
2026-05-24,"PHX @ ATL","three point field goal","ATL","ATL three point field goal",2026-05-24 16:21:19.711631,"dk",0.1305,666,0.2,400,-0.0695,-0.0435,-2.1727,-1.697421875
2026-05-24,"DAL @ NYL","three point field goal","NYL","NYL three point field goal",2026-05-24 16:21:19.711631,"dk",0.1528,554,0.2128,370,-0.0599,-0.0381,-1.9028,-1.4865625
2026-05-24,"DAL @ NYL","three point field goal","DAL","DAL three point field goal",2026-05-24 16:21:19.711631,"dk",0.1097,812,0.1429,600,-0.0332,-0.0194,-0.9684,-0.7565625
2026-05-24,"WAS @ SEA","three point field goal","WAS","WAS three point field goal",2026-05-24 16:21:19.711631,"dk",0.0922,985,0.1538,550,-0.0617,-0.0364,-1.8225,-1.423828125
2026-05-24,"WAS @ SEA","three point field goal","SEA","SEA three point field goal",2026-05-24 16:21:19.711631,"dk",0.1276,684,0.1667,500,-0.039,-0.0234,-1.1712,-0.915
2026-05-24,"PHX @ ATL","two point field goal","PHX","PHX two point field goal",2026-05-24 16:21:19.711631,"dk",0.404,148,0.3922,155,0.0118,0.0097,0.4858,0.37953125
2026-05-24,"PHX @ ATL","two point field goal","ATL","ATL two point field goal",2026-05-24 16:21:19.711631,"dk",0.357,180,0.4545,120,-0.0975,-0.0894,-4.4695,-3.491796875
2026-05-24,"DAL @ NYL","two point field goal","NYL","NYL two point field goal",2026-05-24 16:21:19.711631,"dk",0.3686,171,0.4348,130,-0.0662,-0.0586,-2.9289,-2.288203125
2026-05-24,"DAL @ NYL","two point field goal","DAL","DAL two point field goal",2026-05-24 16:21:19.711631,"dk",0.3689,171,0.4082,145,-0.0392,-0.0331,-1.6572,-1.2946875
2026-05-24,"WAS @ SEA","two point field goal","WAS","WAS two point field goal",2026-05-24 16:21:19.711631,"dk",0.4262,135,0.4762,110,-0.05,-0.0478,-2.3879,-1.865546875
2026-05-24,"WAS @ SEA","two point field goal","SEA","SEA two point field goal",2026-05-24 16:21:19.711631,"dk",0.3541,182,0.4,150,-0.0459,-0.0383,-1.9144,-1.495625
2026-05-24,"PHX @ ATL","three point field goal","PHX","PHX three point field goal",2026-05-24 16:51:19.381915,"dk",0.1085,821,0.1538,550,-0.0453,-0.0268,-1.3389,-1.046015625
2026-05-24,"PHX @ ATL","three point field goal","ATL","ATL three point field goal",2026-05-24 16:51:19.381915,"dk",0.1305,666,0.2,400,-0.0695,-0.0435,-2.1727,-1.697421875
2026-05-24,"DAL @ NYL","three point field goal","NYL","NYL three point field goal",2026-05-24 16:51:19.381915,"dk",0.1528,554,0.2128,370,-0.0599,-0.0381,-1.9028,-1.4865625
2026-05-24,"DAL @ NYL","three point field goal","DAL","DAL three point field goal",2026-05-24 16:51:19.381915,"dk",0.1097,812,0.1429,600,-0.0332,-0.0194,-0.9684,-0.7565625
2026-05-24,"WAS @ SEA","three point field goal","WAS","WAS three point field goal",2026-05-24 16:51:19.381915,"dk",0.0922,985,0.1538,550,-0.0617,-0.0364,-1.8225,-1.423828125
2026-05-24,"WAS @ SEA","three point field goal","SEA","SEA three point field goal",2026-05-24 16:51:19.381915,"dk",0.1276,684,0.1667,500,-0.039,-0.0234,-1.1712,-0.915
2026-05-24,"PHX @ ATL","two point field goal","PHX","PHX two point field goal",2026-05-24 16:51:19.381915,"dk",0.404,148,0.3922,155,0.0118,0.0097,0.4858,0.37953125
2026-05-24,"PHX @ ATL","two point field goal","ATL","ATL two point field goal",2026-05-24 16:51:19.381915,"dk",0.357,180,0.4545,120,-0.0975,-0.0894,-4.4695,-3.491796875
2026-05-24,"DAL @ NYL","two point field goal","NYL","NYL two point field goal",2026-05-24 16:51:19.381915,"dk",0.3686,171,0.4348,130,-0.0662,-0.0586,-2.9289,-2.288203125
2026-05-24,"DAL @ NYL","two point field goal","DAL","DAL two point field goal",2026-05-24 16:51:19.381915,"dk",0.3689,171,0.4082,145,-0.0392,-0.0331,-1.6572,-1.2946875
2026-05-24,"WAS @ SEA","two point field goal","WAS","WAS two point field goal",2026-05-24 16:51:19.381915,"dk",0.4262,135,0.4762,110,-0.05,-0.0478,-2.3879,-1.865546875
2026-05-24,"WAS @ SEA","two point field goal","SEA","SEA two point field goal",2026-05-24 16:51:19.381915,"dk",0.3541,182,0.4,150,-0.0459,-0.0383,-1.9144,-1.495625
2026-05-24,"PHX @ ATL","three point field goal","PHX","PHX three point field goal",2026-05-24 17:21:21.103554,"dk",0.1085,821,0.1538,550,-0.0453,-0.0268,-1.3389,-1.046015625
2026-05-24,"PHX @ ATL","three point field goal","ATL","ATL three point field goal",2026-05-24 17:21:21.103554,"dk",0.1305,666,0.2,400,-0.0695,-0.0435,-2.1727,-1.697421875
2026-05-24,"DAL @ NYL","three point field goal","NYL","NYL three point field goal",2026-05-24 17:21:21.103554,"dk",0.1528,554,0.2128,370,-0.0599,-0.0381,-1.9028,-1.4865625
2026-05-24,"DAL @ NYL","three point field goal","DAL","DAL three point field goal",2026-05-24 17:21:21.103554,"dk",0.1097,812,0.1429,600,-0.0332,-0.0194,-0.9684,-0.7565625
2026-05-24,"WAS @ SEA","three point field goal","WAS","WAS three point field goal",2026-05-24 17:21:21.103554,"dk",0.0922,985,0.1538,550,-0.0617,-0.0364,-1.8225,-1.423828125
2026-05-24,"WAS @ SEA","three point field goal","SEA","SEA three point field goal",2026-05-24 17:21:21.103554,"dk",0.1276,684,0.1667,500,-0.039,-0.0234,-1.1712,-0.915
2026-05-24,"PHX @ ATL","two point field goal","PHX","PHX two point field goal",2026-05-24 17:21:21.103554,"dk",0.404,148,0.3922,155,0.0118,0.0097,0.4858,0.37953125
2026-05-24,"PHX @ ATL","two point field goal","ATL","ATL two point field goal",2026-05-24 17:21:21.103554,"dk",0.357,180,0.4545,120,-0.0975,-0.0894,-4.4695,-3.491796875
2026-05-24,"DAL @ NYL","two point field goal","NYL","NYL two point field goal",2026-05-24 17:21:21.103554,"dk",0.3686,171,0.4348,130,-0.0662,-0.0586,-2.9289,-2.288203125
2026-05-24,"DAL @ NYL","two point field goal","DAL","DAL two point field goal",2026-05-24 17:21:21.103554,"dk",0.3689,171,0.4082,145,-0.0392,-0.0331,-1.6572,-1.2946875
2026-05-24,"WAS @ SEA","two point field goal","WAS","WAS two point field goal",2026-05-24 17:21:21.103554,"dk",0.4262,135,0.4762,110,-0.05,-0.0478,-2.3879,-1.865546875
2026-05-24,"WAS @ SEA","two point field goal","SEA","SEA two point field goal",2026-05-24 17:21:21.103554,"dk",0.3541,182,0.4,150,-0.0459,-0.0383,-1.9144,-1.495625
2026-05-24,"PHX @ ATL","three point field goal","PHX","PHX three point field goal",2026-05-24 17:51:20.58543,"dk",0.1085,821,0.1538,550,-0.0453,-0.0268,-1.3389,-1.046015625
2026-05-24,"PHX @ ATL","three point field goal","ATL","ATL three point field goal",2026-05-24 17:51:20.58543,"dk",0.1305,666,0.2,400,-0.0695,-0.0435,-2.1727,-1.697421875
2026-05-24,"DAL @ NYL","three point field goal","NYL","NYL three point field goal",2026-05-24 17:51:20.58543,"dk",0.1528,554,0.2128,370,-0.0599,-0.0381,-1.9028,-1.4865625
2026-05-24,"DAL @ NYL","three point field goal","DAL","DAL three point field goal",2026-05-24 17:51:20.58543,"dk",0.1097,812,0.1429,600,-0.0332,-0.0194,-0.9684,-0.7565625
2026-05-24,"WAS @ SEA","three point field goal","WAS","WAS three point field goal",2026-05-24 17:51:20.58543,"dk",0.0922,985,0.1538,550,-0.0617,-0.0364,-1.8225,-1.423828125
2026-05-24,"WAS @ SEA","three point field goal","SEA","SEA three point field goal",2026-05-24 17:51:20.58543,"dk",0.1276,684,0.1667,500,-0.039,-0.0234,-1.1712,-0.915
2026-05-24,"PHX @ ATL","two point field goal","PHX","PHX two point field goal",2026-05-24 17:51:20.58543,"dk",0.404,148,0.3922,155,0.0118,0.0097,0.4858,0.37953125
2026-05-24,"PHX @ ATL","two point field goal","ATL","ATL two point field goal",2026-05-24 17:51:20.58543,"dk",0.357,180,0.4545,120,-0.0975,-0.0894,-4.4695,-3.491796875
2026-05-24,"DAL @ NYL","two point field goal","NYL","NYL two point field goal",2026-05-24 17:51:20.58543,"dk",0.3686,171,0.4348,130,-0.0662,-0.0586,-2.9289,-2.288203125
2026-05-24,"DAL @ NYL","two point field goal","DAL","DAL two point field goal",2026-05-24 17:51:20.58543,"dk",0.3689,171,0.4082,145,-0.0392,-0.0331,-1.6572,-1.2946875
2026-05-24,"WAS @ SEA","two point field goal","WAS","WAS two point field goal",2026-05-24 17:51:20.58543,"dk",0.4262,135,0.4762,110,-0.05,-0.0478,-2.3879,-1.865546875
2026-05-24,"WAS @ SEA","two point field goal","SEA","SEA two point field goal",2026-05-24 17:51:20.58543,"dk",0.3541,182,0.4,150,-0.0459,-0.0383,-1.9144,-1.495625
2026-05-24,"PHX @ ATL","three point field goal","PHX","PHX three point field goal",2026-05-24 18:21:19.337334,"dk",0.1085,821,0.1538,550,-0.0453,-0.0268,-1.3389,-1.046015625
2026-05-24,"PHX @ ATL","three point field goal","ATL","ATL three point field goal",2026-05-24 18:21:19.337334,"dk",0.1305,666,0.2,400,-0.0695,-0.0435,-2.1727,-1.697421875
2026-05-24,"DAL @ NYL","three point field goal","NYL","NYL three point field goal",2026-05-24 18:21:19.337334,"dk",0.1528,554,0.2128,370,-0.0599,-0.0381,-1.9028,-1.4865625
2026-05-24,"DAL @ NYL","three point field goal","DAL","DAL three point field goal",2026-05-24 18:21:19.337334,"dk",0.1097,812,0.1429,600,-0.0332,-0.0194,-0.9684,-0.7565625
2026-05-24,"WAS @ SEA","three point field goal","WAS","WAS three point field goal",2026-05-24 18:21:19.337334,"dk",0.0922,985,0.1538,550,-0.0617,-0.0364,-1.8225,-1.423828125
2026-05-24,"WAS @ SEA","three point field goal","SEA","SEA three point field goal",2026-05-24 18:21:19.337334,"dk",0.1276,684,0.1667,500,-0.039,-0.0234,-1.1712,-0.915
2026-05-24,"PHX @ ATL","two point field goal","PHX","PHX two point field goal",2026-05-24 18:21:19.337334,"dk",0.404,148,0.3922,155,0.0118,0.0097,0.4858,0.37953125
2026-05-24,"PHX @ ATL","two point field goal","ATL","ATL two point field goal",2026-05-24 18:21:19.337334,"dk",0.357,180,0.4545,120,-0.0975,-0.0894,-4.4695,-3.491796875
2026-05-24,"DAL @ NYL","two point field goal","NYL","NYL two point field goal",2026-05-24 18:21:19.337334,"dk",0.3686,171,0.4348,130,-0.0662,-0.0586,-2.9289,-2.288203125
2026-05-24,"DAL @ NYL","two point field goal","DAL","DAL two point field goal",2026-05-24 18:21:19.337334,"dk",0.3689,171,0.4082,145,-0.0392,-0.0331,-1.6572,-1.2946875
2026-05-24,"WAS @ SEA","two point field goal","WAS","WAS two point field goal",2026-05-24 18:21:19.337334,"dk",0.4262,135,0.4762,110,-0.05,-0.0478,-2.3879,-1.865546875
2026-05-24,"WAS @ SEA","two point field goal","SEA","SEA two point field goal",2026-05-24 18:21:19.337334,"dk",0.3541,182,0.4,150,-0.0459,-0.0383,-1.9144,-1.495625
2026-05-24,"PHX @ ATL","three point field goal","PHX","PHX three point field goal",2026-05-24 18:51:19.000938,"dk",0.1061,843,0.1538,550,-0.0478,-0.0282,-1.411,-1.10234375
2026-05-24,"PHX @ ATL","three point field goal","ATL","ATL three point field goal",2026-05-24 18:51:19.000938,"dk",0.1307,665,0.2,400,-0.0693,-0.0433,-2.1669,-1.692890625
2026-05-24,"DAL @ NYL","three point field goal","NYL","NYL three point field goal",2026-05-24 18:51:19.000938,"dk",0.1528,554,0.2128,370,-0.0599,-0.0381,-1.9028,-1.4865625
2026-05-24,"DAL @ NYL","three point field goal","DAL","DAL three point field goal",2026-05-24 18:51:19.000938,"dk",0.1097,812,0.1429,600,-0.0332,-0.0194,-0.9684,-0.7565625
2026-05-24,"WAS @ SEA","three point field goal","WAS","WAS three point field goal",2026-05-24 18:51:19.000938,"dk",0.0922,985,0.1538,550,-0.0617,-0.0364,-1.8225,-1.423828125
2026-05-24,"WAS @ SEA","three point field goal","SEA","SEA three point field goal",2026-05-24 18:51:19.000938,"dk",0.1276,684,0.1667,500,-0.039,-0.0234,-1.1712,-0.915
2026-05-24,"PHX @ ATL","two point field goal","PHX","PHX two point field goal",2026-05-24 18:51:19.000938,"dk",0.4057,146,0.3922,155,0.0136,0.0112,0.5576,0.435625
2026-05-24,"PHX @ ATL","two point field goal","ATL","ATL two point field goal",2026-05-24 18:51:19.000938,"dk",0.3575,180,0.4545,120,-0.097,-0.0889,-4.4462,-3.47359375
2026-05-24,"DAL @ NYL","two point field goal","NYL","NYL two point field goal",2026-05-24 18:51:19.000938,"dk",0.3686,171,0.4348,130,-0.0662,-0.0586,-2.9289,-2.288203125
2026-05-24,"DAL @ NYL","two point field goal","DAL","DAL two point field goal",2026-05-24 18:51:19.000938,"dk",0.3689,171,0.4082,145,-0.0392,-0.0331,-1.6572,-1.2946875
2026-05-24,"WAS @ SEA","two point field goal","WAS","WAS two point field goal",2026-05-24 18:51:19.000938,"dk",0.4262,135,0.4762,110,-0.05,-0.0478,-2.3879,-1.865546875
2026-05-24,"WAS @ SEA","two point field goal","SEA","SEA two point field goal",2026-05-24 18:51:19.000938,"dk",0.3541,182,0.4,150,-0.0459,-0.0383,-1.9144,-1.495625
2026-05-24,"PHX @ ATL","three point field goal","PHX","PHX three point field goal",2026-05-24 19:21:19.150524,"dk",0.1061,843,0.1538,550,-0.0478,-0.0282,-1.411,-1.10234375
2026-05-24,"PHX @ ATL","three point field goal","ATL","ATL three point field goal",2026-05-24 19:21:19.150524,"dk",0.1307,665,0.2,400,-0.0693,-0.0433,-2.1669,-1.692890625
2026-05-24,"DAL @ NYL","three point field goal","NYL","NYL three point field goal",2026-05-24 19:21:19.150524,"dk",0.1528,554,0.2128,370,-0.0599,-0.0381,-1.9028,-1.4865625
2026-05-24,"DAL @ NYL","three point field goal","DAL","DAL three point field goal",2026-05-24 19:21:19.150524,"dk",0.1097,812,0.1429,600,-0.0332,-0.0194,-0.9684,-0.7565625
2026-05-24,"WAS @ SEA","three point field goal","WAS","WAS three point field goal",2026-05-24 19:21:19.150524,"dk",0.0922,985,0.1538,550,-0.0617,-0.0364,-1.8225,-1.423828125
2026-05-24,"WAS @ SEA","three point field goal","SEA","SEA three point field goal",2026-05-24 19:21:19.150524,"dk",0.1276,684,0.1667,500,-0.039,-0.0234,-1.1712,-0.915
2026-05-24,"PHX @ ATL","two point field goal","PHX","PHX two point field goal",2026-05-24 19:21:19.150524,"dk",0.4057,146,0.3922,155,0.0136,0.0112,0.5576,0.435625
2026-05-24,"PHX @ ATL","two point field goal","ATL","ATL two point field goal",2026-05-24 19:21:19.150524,"dk",0.3575,180,0.4545,120,-0.097,-0.0889,-4.4462,-3.47359375
2026-05-24,"DAL @ NYL","two point field goal","NYL","NYL two point field goal",2026-05-24 19:21:19.150524,"dk",0.3686,171,0.4348,130,-0.0662,-0.0586,-2.9289,-2.288203125
2026-05-24,"DAL @ NYL","two point field goal","DAL","DAL two point field goal",2026-05-24 19:21:19.150524,"dk",0.3689,171,0.4082,145,-0.0392,-0.0331,-1.6572,-1.2946875
2026-05-24,"WAS @ SEA","two point field goal","WAS","WAS two point field goal",2026-05-24 19:21:19.150524,"dk",0.4262,135,0.4762,110,-0.05,-0.0478,-2.3879,-1.865546875
2026-05-24,"WAS @ SEA","two point field goal","SEA","SEA two point field goal",2026-05-24 19:21:19.150524,"dk",0.3541,182,0.4,150,-0.0459,-0.0383,-1.9144,-1.495625
2026-05-24,"WAS @ SEA","three point field goal","WAS","WAS three point field goal",2026-05-24 19:51:19.149085,"dk",0.0922,985,0.1429,600,-0.0507,-0.0296,-1.4786,-1.15515625
2026-05-24,"WAS @ SEA","three point field goal","SEA","SEA three point field goal",2026-05-24 19:51:19.149085,"dk",0.1276,684,0.1333,650,-0.0057,-0.0033,-0.1646,-0.12859375
2026-05-24,"WAS @ SEA","two point field goal","WAS","WAS two point field goal",2026-05-24 19:51:19.149085,"dk",0.4262,135,0.5238,-110,-0.0977,-0.1025,-5.1267,-4.005234375
2026-05-24,"WAS @ SEA","two point field goal","SEA","SEA two point field goal",2026-05-24 19:51:19.149085,"dk",0.3541,182,0.3922,155,-0.0381,-0.0313,-1.5671,-1.224296875
2026-05-24,"WAS @ SEA","three point field goal","WAS","WAS three point field goal",2026-05-24 20:21:19.060816,"dk",0.0922,985,0.1429,600,-0.0507,-0.0296,-1.4786,-1.15515625
2026-05-24,"WAS @ SEA","three point field goal","SEA","SEA three point field goal",2026-05-24 20:21:19.060816,"dk",0.1276,684,0.1333,650,-0.0057,-0.0033,-0.1646,-0.12859375
2026-05-24,"WAS @ SEA","two point field goal","WAS","WAS two point field goal",2026-05-24 20:21:19.060816,"dk",0.4262,135,0.5238,-110,-0.0977,-0.1025,-5.1267,-4.005234375
2026-05-24,"WAS @ SEA","two point field goal","SEA","SEA two point field goal",2026-05-24 20:21:19.060816,"dk",0.3541,182,0.3922,155,-0.0381,-0.0313,-1.5671,-1.224296875
2026-05-24,"WAS @ SEA","three point field goal","WAS","WAS three point field goal",2026-05-24 20:51:19.19496,"dk",0.0922,985,0.1429,600,-0.0507,-0.0296,-1.4786,-1.15515625
2026-05-24,"WAS @ SEA","three point field goal","SEA","SEA three point field goal",2026-05-24 20:51:19.19496,"dk",0.1276,684,0.1333,650,-0.0057,-0.0033,-0.1646,-0.12859375
2026-05-24,"WAS @ SEA","two point field goal","WAS","WAS two point field goal",2026-05-24 20:51:19.19496,"dk",0.4262,135,0.5238,-110,-0.0977,-0.1025,-5.1267,-4.005234375
2026-05-24,"WAS @ SEA","two point field goal","SEA","SEA two point field goal",2026-05-24 20:51:19.19496,"dk",0.3541,182,0.3922,155,-0.0381,-0.0313,-1.5671,-1.224296875
2026-05-24,"WAS @ SEA","three point field goal","WAS","WAS three point field goal",2026-05-24 21:21:18.994253,"dk",0.0922,985,0.1429,600,-0.0507,-0.0296,-1.4786,-1.15515625
2026-05-24,"WAS @ SEA","three point field goal","SEA","SEA three point field goal",2026-05-24 21:21:18.994253,"dk",0.1276,684,0.1333,650,-0.0057,-0.0033,-0.1646,-0.12859375
2026-05-24,"WAS @ SEA","two point field goal","WAS","WAS two point field goal",2026-05-24 21:21:18.994253,"dk",0.4262,135,0.5238,-110,-0.0977,-0.1025,-5.1267,-4.005234375
2026-05-24,"WAS @ SEA","two point field goal","SEA","SEA two point field goal",2026-05-24 21:21:18.994253,"dk",0.3541,182,0.3922,155,-0.0381,-0.0313,-1.5671,-1.224296875
2026-05-24,"WAS @ SEA","three point field goal","WAS","WAS three point field goal",2026-05-24 21:51:18.668477,"dk",0.0959,943,0.1429,600,-0.047,-0.0274,-1.3706,-1.07078125
2026-05-24,"WAS @ SEA","three point field goal","SEA","SEA three point field goal",2026-05-24 21:51:18.668477,"dk",0.1274,685,0.1333,650,-0.0059,-0.0034,-0.1709,-0.133515625
2026-05-24,"WAS @ SEA","two point field goal","WAS","WAS two point field goal",2026-05-24 21:51:18.668477,"dk",0.4233,136,0.5238,-110,-0.1005,-0.1056,-5.2779,-4.123359375
2026-05-24,"WAS @ SEA","two point field goal","SEA","SEA two point field goal",2026-05-24 21:51:18.668477,"dk",0.3534,183,0.3922,155,-0.0387,-0.0318,-1.592,-1.24375
2026-05-24,"WAS @ SEA","three point field goal","WAS","WAS three point field goal",2026-05-24 22:21:18.626341,"dk",0.0959,943,0.1429,600,-0.047,-0.0274,-1.3706,-1.07078125
2026-05-24,"WAS @ SEA","three point field goal","SEA","SEA three point field goal",2026-05-24 22:21:18.626341,"dk",0.1274,685,0.1333,650,-0.0059,-0.0034,-0.1709,-0.133515625
2026-05-24,"WAS @ SEA","two point field goal","WAS","WAS two point field goal",2026-05-24 22:21:18.626341,"dk",0.4233,136,0.5238,-110,-0.1005,-0.1056,-5.2779,-4.123359375
2026-05-24,"WAS @ SEA","two point field goal","SEA","SEA two point field goal",2026-05-24 22:21:18.626341,"dk",0.3534,183,0.3922,155,-0.0387,-0.0318,-1.592,-1.24375
2026-05-24,"WAS @ SEA","three point field goal","WAS","WAS three point field goal",2026-05-24 22:51:18.79391,"dk",0.0959,943,0.1429,600,-0.047,-0.0274,-1.3706,-1.07078125
2026-05-24,"WAS @ SEA","three point field goal","SEA","SEA three point field goal",2026-05-24 22:51:18.79391,"dk",0.1274,685,0.1333,650,-0.0059,-0.0034,-0.1709,-0.133515625
2026-05-24,"WAS @ SEA","two point field goal","WAS","WAS two point field goal",2026-05-24 22:51:18.79391,"dk",0.4233,136,0.5238,-110,-0.1005,-0.1056,-5.2779,-4.123359375
2026-05-24,"WAS @ SEA","two point field goal","SEA","SEA two point field goal",2026-05-24 22:51:18.79391,"dk",0.3534,183,0.3922,155,-0.0387,-0.0318,-1.592,-1.24375
2026-05-24,"WAS @ SEA","three point field goal","WAS","WAS three point field goal",2026-05-24 23:21:19.123777,"dk",0.0959,943,0.1429,600,-0.047,-0.0274,-1.3706,-1.07078125
2026-05-24,"WAS @ SEA","three point field goal","SEA","SEA three point field goal",2026-05-24 23:21:19.123777,"dk",0.1274,685,0.1333,650,-0.0059,-0.0034,-0.1709,-0.133515625
2026-05-24,"WAS @ SEA","two point field goal","WAS","WAS two point field goal",2026-05-24 23:21:19.123777,"dk",0.4233,136,0.5238,-110,-0.1005,-0.1056,-5.2779,-4.123359375
2026-05-24,"WAS @ SEA","two point field goal","SEA","SEA two point field goal",2026-05-24 23:21:19.123777,"dk",0.3534,183,0.3922,155,-0.0387,-0.0318,-1.592,-1.24375
2026-05-24,"WAS @ SEA","three point field goal","WAS","WAS three point field goal",2026-05-24 23:51:19.664559,"dk",0.0959,943,0.1429,600,-0.047,-0.0274,-1.3706,-1.07078125
2026-05-24,"WAS @ SEA","three point field goal","SEA","SEA three point field goal",2026-05-24 23:51:19.664559,"dk",0.1274,685,0.1333,650,-0.0059,-0.0034,-0.1709,-0.133515625
2026-05-24,"WAS @ SEA","two point field goal","WAS","WAS two point field goal",2026-05-24 23:51:19.664559,"dk",0.4233,136,0.5238,-110,-0.1005,-0.1056,-5.2779,-4.123359375
2026-05-24,"WAS @ SEA","two point field goal","SEA","SEA two point field goal",2026-05-24 23:51:19.664559,"dk",0.3534,183,0.3922,155,-0.0387,-0.0318,-1.592,-1.24375
2026-05-24,"WAS @ SEA","three point field goal","WAS","WAS three point field goal",2026-05-25 00:21:19.247571,"dk",0.0959,943,0.1429,600,-0.047,-0.0274,-1.3706,-1.07078125
2026-05-24,"WAS @ SEA","three point field goal","SEA","SEA three point field goal",2026-05-25 00:21:19.247571,"dk",0.1274,685,0.1333,650,-0.0059,-0.0034,-0.1709,-0.133515625
2026-05-24,"WAS @ SEA","two point field goal","WAS","WAS two point field goal",2026-05-25 00:21:19.247571,"dk",0.4233,136,0.5238,-110,-0.1005,-0.1056,-5.2779,-4.123359375
2026-05-24,"WAS @ SEA","two point field goal","SEA","SEA two point field goal",2026-05-25 00:21:19.247571,"dk",0.3534,183,0.3922,155,-0.0387,-0.0318,-1.592,-1.24375
2026-05-24,"WAS @ SEA","three point field goal","WAS","WAS three point field goal",2026-05-25 00:51:19.463496,"dk",0.0959,943,0.1429,600,-0.047,-0.0274,-1.3706,-1.07078125
2026-05-24,"WAS @ SEA","three point field goal","SEA","SEA three point field goal",2026-05-25 00:51:19.463496,"dk",0.1274,685,0.1333,650,-0.0059,-0.0034,-0.1709,-0.133515625
2026-05-24,"WAS @ SEA","two point field goal","WAS","WAS two point field goal",2026-05-25 00:51:19.463496,"dk",0.4233,136,0.5238,-110,-0.1005,-0.1056,-5.2779,-4.123359375
2026-05-24,"WAS @ SEA","two point field goal","SEA","SEA two point field goal",2026-05-25 00:51:19.463496,"dk",0.3534,183,0.3922,155,-0.0387,-0.0318,-1.592,-1.24375
2026-05-24,"WAS @ SEA","three point field goal","WAS","WAS three point field goal",2026-05-25 01:21:19.020869,"dk",0.0959,943,0.1429,600,-0.047,-0.0274,-1.3706,-1.07078125
2026-05-24,"WAS @ SEA","three point field goal","SEA","SEA three point field goal",2026-05-25 01:21:19.020869,"dk",0.1274,685,0.1333,650,-0.0059,-0.0034,-0.1709,-0.133515625
2026-05-24,"WAS @ SEA","two point field goal","WAS","WAS two point field goal",2026-05-25 01:21:19.020869,"dk",0.4233,136,0.5238,-110,-0.1005,-0.1056,-5.2779,-4.123359375
2026-05-24,"WAS @ SEA","two point field goal","SEA","SEA two point field goal",2026-05-25 01:21:19.020869,"dk",0.3534,183,0.3922,155,-0.0387,-0.0318,-1.592,-1.24375
2026-05-24,"WAS @ SEA","three point field goal","WAS","WAS three point field goal",2026-05-25 01:51:18.34523,"dk",0.0959,943,0.1429,600,-0.047,-0.0274,-1.3706,-1.07078125
2026-05-24,"WAS @ SEA","three point field goal","SEA","SEA three point field goal",2026-05-25 01:51:18.34523,"dk",0.1274,685,0.1333,650,-0.0059,-0.0034,-0.1709,-0.133515625
2026-05-24,"WAS @ SEA","two point field goal","WAS","WAS two point field goal",2026-05-25 01:51:18.34523,"dk",0.4233,136,0.5238,-110,-0.1005,-0.1056,-5.2779,-4.123359375
2026-05-24,"WAS @ SEA","two point field goal","SEA","SEA two point field goal",2026-05-25 01:51:18.34523,"dk",0.3534,183,0.3922,155,-0.0387,-0.0318,-1.592,-1.24375
2026-05-24,"WAS @ SEA","three point field goal","WAS","WAS three point field goal",2026-05-25 02:21:18.981193,"dk",0.0959,943,0.1429,600,-0.047,-0.0274,-1.3706,-1.07078125
2026-05-24,"WAS @ SEA","three point field goal","SEA","SEA three point field goal",2026-05-25 02:21:18.981193,"dk",0.1274,685,0.1333,650,-0.0059,-0.0034,-0.1709,-0.133515625
2026-05-24,"WAS @ SEA","two point field goal","WAS","WAS two point field goal",2026-05-25 02:21:18.981193,"dk",0.4233,136,0.5238,-110,-0.1005,-0.1056,-5.2779,-4.123359375
2026-05-24,"WAS @ SEA","two point field goal","SEA","SEA two point field goal",2026-05-25 02:21:18.981193,"dk",0.3534,183,0.3922,155,-0.0387,-0.0318,-1.592,-1.24375
2026-05-24,"WAS @ SEA","three point field goal","WAS","WAS three point field goal",2026-05-25 02:51:20.020782,"dk",0.0959,943,0.1429,600,-0.047,-0.0274,-1.3706,-1.07078125
2026-05-24,"WAS @ SEA","three point field goal","SEA","SEA three point field goal",2026-05-25 02:51:20.020782,"dk",0.1274,685,0.1333,650,-0.0059,-0.0034,-0.1709,-0.133515625
2026-05-24,"WAS @ SEA","two point field goal","WAS","WAS two point field goal",2026-05-25 02:51:20.020782,"dk",0.4233,136,0.5238,-110,-0.1005,-0.1056,-5.2779,-4.123359375
2026-05-24,"WAS @ SEA","two point field goal","SEA","SEA two point field goal",2026-05-25 02:51:20.020782,"dk",0.3534,183,0.3922,155,-0.0387,-0.0318,-1.592,-1.24375
2026-05-25,"PDX @ NYL","three point field goal","NYL","NYL three point field goal",2026-05-25 14:51:16.839578,"dk",0.1468,581,0.2439,310,-0.0971,-0.0642,-3.2102,-2.50796875
2026-05-25,"PDX @ NYL","three point field goal","PDX","PDX three point field goal",2026-05-25 14:51:16.839578,"dk",0.1251,699,0.1818,450,-0.0567,-0.0347,-1.7337,-1.354453125
2026-05-25,"CON @ GSV","three point field goal","CON","CON three point field goal",2026-05-25 14:51:16.839578,"dk",0.1109,802,0.1667,500,-0.0558,-0.0335,-1.6736,-1.3075
2026-05-25,"CON @ GSV","three point field goal","GSV","GSV three point field goal",2026-05-25 14:51:16.839578,"dk",0.127,687,0.2128,370,-0.0858,-0.0545,-2.7237,-2.127890625
2026-05-25,"PDX @ NYL","two point field goal","NYL","NYL two point field goal",2026-05-25 14:51:16.839578,"dk",0.3847,160,0.4,150,-0.0153,-0.0127,-0.6374,-0.49796875
2026-05-25,"PDX @ NYL","two point field goal","PDX","PDX two point field goal",2026-05-25 14:51:16.839578,"dk",0.3434,191,0.3704,170,-0.027,-0.0214,-1.0708,-0.8365625
2026-05-25,"CON @ GSV","two point field goal","CON","CON two point field goal",2026-05-25 14:51:16.839578,"dk",0.4356,130,0.4348,130,8e-04,7e-04,0.0347,0.027109375
2026-05-25,"CON @ GSV","two point field goal","GSV","GSV two point field goal",2026-05-25 14:51:16.839578,"dk",0.3266,206,0.3704,170,-0.0438,-0.0348,-1.7398,-1.35921875
2026-05-25,"PDX @ NYL","three point field goal","NYL","NYL three point field goal",2026-05-25 15:21:16.404607,"dk",0.1468,581,0.2439,310,-0.0971,-0.0642,-3.2102,-2.50796875
2026-05-25,"PDX @ NYL","three point field goal","PDX","PDX three point field goal",2026-05-25 15:21:16.404607,"dk",0.1251,699,0.1818,450,-0.0567,-0.0347,-1.7337,-1.354453125
2026-05-25,"CON @ GSV","three point field goal","CON","CON three point field goal",2026-05-25 15:21:16.404607,"dk",0.1109,802,0.1667,500,-0.0558,-0.0335,-1.6736,-1.3075
2026-05-25,"CON @ GSV","three point field goal","GSV","GSV three point field goal",2026-05-25 15:21:16.404607,"dk",0.127,687,0.2128,370,-0.0858,-0.0545,-2.7237,-2.127890625
2026-05-25,"PDX @ NYL","two point field goal","NYL","NYL two point field goal",2026-05-25 15:21:16.404607,"dk",0.3847,160,0.4,150,-0.0153,-0.0127,-0.6374,-0.49796875
2026-05-25,"PDX @ NYL","two point field goal","PDX","PDX two point field goal",2026-05-25 15:21:16.404607,"dk",0.3434,191,0.3704,170,-0.027,-0.0214,-1.0708,-0.8365625
2026-05-25,"CON @ GSV","two point field goal","CON","CON two point field goal",2026-05-25 15:21:16.404607,"dk",0.4356,130,0.4348,130,8e-04,7e-04,0.0347,0.027109375
2026-05-25,"CON @ GSV","two point field goal","GSV","GSV two point field goal",2026-05-25 15:21:16.404607,"dk",0.3266,206,0.3704,170,-0.0438,-0.0348,-1.7398,-1.35921875
2026-05-25,"PDX @ NYL","three point field goal","NYL","NYL three point field goal",2026-05-25 15:51:15.80225,"dk",0.1468,581,0.2439,310,-0.0971,-0.0642,-3.2102,-2.50796875
2026-05-25,"PDX @ NYL","three point field goal","PDX","PDX three point field goal",2026-05-25 15:51:15.80225,"dk",0.1251,699,0.1818,450,-0.0567,-0.0347,-1.7337,-1.354453125
2026-05-25,"CON @ GSV","three point field goal","CON","CON three point field goal",2026-05-25 15:51:15.80225,"dk",0.1109,802,0.1667,500,-0.0558,-0.0335,-1.6736,-1.3075
2026-05-25,"CON @ GSV","three point field goal","GSV","GSV three point field goal",2026-05-25 15:51:15.80225,"dk",0.127,687,0.2128,370,-0.0858,-0.0545,-2.7237,-2.127890625
2026-05-25,"PDX @ NYL","two point field goal","NYL","NYL two point field goal",2026-05-25 15:51:15.80225,"dk",0.3847,160,0.4,150,-0.0153,-0.0127,-0.6374,-0.49796875
2026-05-25,"PDX @ NYL","two point field goal","PDX","PDX two point field goal",2026-05-25 15:51:15.80225,"dk",0.3434,191,0.3704,170,-0.027,-0.0214,-1.0708,-0.8365625
2026-05-25,"CON @ GSV","two point field goal","CON","CON two point field goal",2026-05-25 15:51:15.80225,"dk",0.4356,130,0.4348,130,8e-04,7e-04,0.0347,0.027109375
2026-05-25,"CON @ GSV","two point field goal","GSV","GSV two point field goal",2026-05-25 15:51:15.80225,"dk",0.3266,206,0.3704,170,-0.0438,-0.0348,-1.7398,-1.35921875
2026-05-25,"PDX @ NYL","three point field goal","NYL","NYL three point field goal",2026-05-25 16:21:16.236439,"dk",0.1468,581,0.2439,310,-0.0971,-0.0642,-3.2102,-2.50796875
2026-05-25,"PDX @ NYL","three point field goal","PDX","PDX three point field goal",2026-05-25 16:21:16.236439,"dk",0.1251,699,0.1818,450,-0.0567,-0.0347,-1.7337,-1.354453125
2026-05-25,"CON @ GSV","three point field goal","CON","CON three point field goal",2026-05-25 16:21:16.236439,"dk",0.1109,802,0.1667,500,-0.0558,-0.0335,-1.6736,-1.3075
2026-05-25,"CON @ GSV","three point field goal","GSV","GSV three point field goal",2026-05-25 16:21:16.236439,"dk",0.127,687,0.2128,370,-0.0858,-0.0545,-2.7237,-2.127890625
2026-05-25,"PDX @ NYL","two point field goal","NYL","NYL two point field goal",2026-05-25 16:21:16.236439,"dk",0.3847,160,0.4,150,-0.0153,-0.0127,-0.6374,-0.49796875
2026-05-25,"PDX @ NYL","two point field goal","PDX","PDX two point field goal",2026-05-25 16:21:16.236439,"dk",0.3434,191,0.3704,170,-0.027,-0.0214,-1.0708,-0.8365625
2026-05-25,"CON @ GSV","two point field goal","CON","CON two point field goal",2026-05-25 16:21:16.236439,"dk",0.4356,130,0.4348,130,8e-04,7e-04,0.0347,0.027109375
2026-05-25,"CON @ GSV","two point field goal","GSV","GSV two point field goal",2026-05-25 16:21:16.236439,"dk",0.3266,206,0.3704,170,-0.0438,-0.0348,-1.7398,-1.35921875
2026-05-25,"PDX @ NYL","three point field goal","NYL","NYL three point field goal",2026-05-25 16:51:15.885416,"dk",0.1468,581,0.2439,310,-0.0971,-0.0642,-3.2102,-2.50796875
2026-05-25,"PDX @ NYL","three point field goal","PDX","PDX three point field goal",2026-05-25 16:51:15.885416,"dk",0.1251,699,0.1818,450,-0.0567,-0.0347,-1.7337,-1.354453125
2026-05-25,"CON @ GSV","three point field goal","CON","CON three point field goal",2026-05-25 16:51:15.885416,"dk",0.1109,802,0.1667,500,-0.0558,-0.0335,-1.6736,-1.3075
2026-05-25,"CON @ GSV","three point field goal","GSV","GSV three point field goal",2026-05-25 16:51:15.885416,"dk",0.127,687,0.2128,370,-0.0858,-0.0545,-2.7237,-2.127890625
2026-05-25,"PDX @ NYL","two point field goal","NYL","NYL two point field goal",2026-05-25 16:51:15.885416,"dk",0.3847,160,0.4,150,-0.0153,-0.0127,-0.6374,-0.49796875
2026-05-25,"PDX @ NYL","two point field goal","PDX","PDX two point field goal",2026-05-25 16:51:15.885416,"dk",0.3434,191,0.3704,170,-0.027,-0.0214,-1.0708,-0.8365625
2026-05-25,"CON @ GSV","two point field goal","CON","CON two point field goal",2026-05-25 16:51:15.885416,"dk",0.4356,130,0.4348,130,8e-04,7e-04,0.0347,0.027109375
2026-05-25,"CON @ GSV","two point field goal","GSV","GSV two point field goal",2026-05-25 16:51:15.885416,"dk",0.3266,206,0.3704,170,-0.0438,-0.0348,-1.7398,-1.35921875
2026-05-25,"PDX @ NYL","three point field goal","NYL","NYL three point field goal",2026-05-25 17:21:17.487627,"dk",0.1574,535,0.2439,310,-0.0865,-0.0572,-2.8599,-2.234296875
2026-05-25,"PDX @ NYL","three point field goal","PDX","PDX three point field goal",2026-05-25 17:21:17.487627,"dk",0.1252,698,0.1818,450,-0.0566,-0.0346,-1.7289,-1.350703125
2026-05-25,"CON @ GSV","three point field goal","CON","CON three point field goal",2026-05-25 17:21:17.487627,"dk",0.1109,802,0.1667,500,-0.0558,-0.0335,-1.6736,-1.3075
2026-05-25,"CON @ GSV","three point field goal","GSV","GSV three point field goal",2026-05-25 17:21:17.487627,"dk",0.127,687,0.2128,370,-0.0858,-0.0545,-2.7237,-2.127890625
2026-05-25,"PDX @ NYL","two point field goal","NYL","NYL two point field goal",2026-05-25 17:21:17.487627,"dk",0.3735,168,0.4,150,-0.0265,-0.0221,-1.1033,-0.861953125
2026-05-25,"PDX @ NYL","two point field goal","PDX","PDX two point field goal",2026-05-25 17:21:17.487627,"dk",0.3438,191,0.3704,170,-0.0265,-0.0211,-1.0537,-0.823203125
2026-05-25,"CON @ GSV","two point field goal","CON","CON two point field goal",2026-05-25 17:21:17.487627,"dk",0.4356,130,0.4348,130,8e-04,7e-04,0.0347,0.027109375
2026-05-25,"CON @ GSV","two point field goal","GSV","GSV two point field goal",2026-05-25 17:21:17.487627,"dk",0.3266,206,0.3704,170,-0.0438,-0.0348,-1.7398,-1.35921875
2026-05-25,"PDX @ NYL","three point field goal","NYL","NYL three point field goal",2026-05-25 17:51:23.74212,"dk",0.1574,535,0.2439,310,-0.0865,-0.0572,-2.8599,-2.234296875
2026-05-25,"PDX @ NYL","three point field goal","PDX","PDX three point field goal",2026-05-25 17:51:23.74212,"dk",0.1252,698,0.1818,450,-0.0566,-0.0346,-1.7289,-1.350703125
2026-05-25,"CON @ GSV","three point field goal","CON","CON three point field goal",2026-05-25 17:51:23.74212,"dk",0.1109,802,0.1667,500,-0.0558,-0.0335,-1.6736,-1.3075
2026-05-25,"CON @ GSV","three point field goal","GSV","GSV three point field goal",2026-05-25 17:51:23.74212,"dk",0.127,687,0.2128,370,-0.0858,-0.0545,-2.7237,-2.127890625
2026-05-25,"PDX @ NYL","two point field goal","NYL","NYL two point field goal",2026-05-25 17:51:23.74212,"dk",0.3735,168,0.4,150,-0.0265,-0.0221,-1.1033,-0.861953125
2026-05-25,"PDX @ NYL","two point field goal","PDX","PDX two point field goal",2026-05-25 17:51:23.74212,"dk",0.3438,191,0.3704,170,-0.0265,-0.0211,-1.0537,-0.823203125
2026-05-25,"CON @ GSV","two point field goal","CON","CON two point field goal",2026-05-25 17:51:23.74212,"dk",0.4356,130,0.4348,130,8e-04,7e-04,0.0347,0.027109375
2026-05-25,"CON @ GSV","two point field goal","GSV","GSV two point field goal",2026-05-25 17:51:23.74212,"dk",0.3266,206,0.3704,170,-0.0438,-0.0348,-1.7398,-1.35921875
2026-05-25,"PDX @ NYL","three point field goal","NYL","NYL three point field goal",2026-05-25 18:21:18.254969,"dk",0.1574,535,0.2439,310,-0.0865,-0.0572,-2.8599,-2.234296875
2026-05-25,"PDX @ NYL","three point field goal","PDX","PDX three point field goal",2026-05-25 18:21:18.254969,"dk",0.1252,698,0.1818,450,-0.0566,-0.0346,-1.7289,-1.350703125
2026-05-25,"CON @ GSV","three point field goal","CON","CON three point field goal",2026-05-25 18:21:18.254969,"dk",0.1109,802,0.1667,500,-0.0558,-0.0335,-1.6736,-1.3075
2026-05-25,"CON @ GSV","three point field goal","GSV","GSV three point field goal",2026-05-25 18:21:18.254969,"dk",0.127,687,0.2128,370,-0.0858,-0.0545,-2.7237,-2.127890625
2026-05-25,"PDX @ NYL","two point field goal","NYL","NYL two point field goal",2026-05-25 18:21:18.254969,"dk",0.3735,168,0.4,150,-0.0265,-0.0221,-1.1033,-0.861953125
2026-05-25,"PDX @ NYL","two point field goal","PDX","PDX two point field goal",2026-05-25 18:21:18.254969,"dk",0.3438,191,0.3704,170,-0.0265,-0.0211,-1.0537,-0.823203125
2026-05-25,"CON @ GSV","two point field goal","CON","CON two point field goal",2026-05-25 18:21:18.254969,"dk",0.4356,130,0.4348,130,8e-04,7e-04,0.0347,0.027109375
2026-05-25,"CON @ GSV","two point field goal","GSV","GSV two point field goal",2026-05-25 18:21:18.254969,"dk",0.3266,206,0.3704,170,-0.0438,-0.0348,-1.7398,-1.35921875
2026-05-25,"PDX @ NYL","three point field goal","NYL","NYL three point field goal",2026-05-25 18:51:16.657478,"dk",0.1574,535,0.2439,310,-0.0865,-0.0572,-2.8599,-2.234296875
2026-05-25,"PDX @ NYL","three point field goal","PDX","PDX three point field goal",2026-05-25 18:51:16.657478,"dk",0.1252,698,0.1818,450,-0.0566,-0.0346,-1.7289,-1.350703125
2026-05-25,"CON @ GSV","three point field goal","CON","CON three point field goal",2026-05-25 18:51:16.657478,"dk",0.1109,802,0.1667,500,-0.0558,-0.0335,-1.6736,-1.3075
2026-05-25,"CON @ GSV","three point field goal","GSV","GSV three point field goal",2026-05-25 18:51:16.657478,"dk",0.127,687,0.2128,370,-0.0858,-0.0545,-2.7237,-2.127890625
2026-05-25,"PDX @ NYL","two point field goal","NYL","NYL two point field goal",2026-05-25 18:51:16.657478,"dk",0.3735,168,0.4,150,-0.0265,-0.0221,-1.1033,-0.861953125
2026-05-25,"PDX @ NYL","two point field goal","PDX","PDX two point field goal",2026-05-25 18:51:16.657478,"dk",0.3438,191,0.3704,170,-0.0265,-0.0211,-1.0537,-0.823203125
2026-05-25,"CON @ GSV","two point field goal","CON","CON two point field goal",2026-05-25 18:51:16.657478,"dk",0.4356,130,0.4348,130,8e-04,7e-04,0.0347,0.027109375
2026-05-25,"CON @ GSV","two point field goal","GSV","GSV two point field goal",2026-05-25 18:51:16.657478,"dk",0.3266,206,0.3704,170,-0.0438,-0.0348,-1.7398,-1.35921875
2026-05-25,"PDX @ NYL","three point field goal","NYL","NYL three point field goal",2026-05-25 19:21:16.454811,"dk",0.1574,535,0.2439,310,-0.0865,-0.0572,-2.8599,-2.234296875
2026-05-25,"PDX @ NYL","three point field goal","PDX","PDX three point field goal",2026-05-25 19:21:16.454811,"dk",0.1252,698,0.1818,450,-0.0566,-0.0346,-1.7289,-1.350703125
2026-05-25,"CON @ GSV","three point field goal","CON","CON three point field goal",2026-05-25 19:21:16.454811,"dk",0.1109,802,0.1667,500,-0.0558,-0.0335,-1.6736,-1.3075
2026-05-25,"CON @ GSV","three point field goal","GSV","GSV three point field goal",2026-05-25 19:21:16.454811,"dk",0.127,687,0.2128,370,-0.0858,-0.0545,-2.7237,-2.127890625
2026-05-25,"PDX @ NYL","two point field goal","NYL","NYL two point field goal",2026-05-25 19:21:16.454811,"dk",0.3735,168,0.4,150,-0.0265,-0.0221,-1.1033,-0.861953125
2026-05-25,"PDX @ NYL","two point field goal","PDX","PDX two point field goal",2026-05-25 19:21:16.454811,"dk",0.3438,191,0.3704,170,-0.0265,-0.0211,-1.0537,-0.823203125
2026-05-25,"CON @ GSV","two point field goal","CON","CON two point field goal",2026-05-25 19:21:16.454811,"dk",0.4356,130,0.4348,130,8e-04,7e-04,0.0347,0.027109375
2026-05-25,"CON @ GSV","two point field goal","GSV","GSV two point field goal",2026-05-25 19:21:16.454811,"dk",0.3266,206,0.3704,170,-0.0438,-0.0348,-1.7398,-1.35921875
2026-05-25,"PDX @ NYL","three point field goal","NYL","NYL three point field goal",2026-05-25 19:51:16.280926,"dk",0.1574,535,0.2174,360,-0.06,-0.0383,-1.9161,-1.496953125
2026-05-25,"PDX @ NYL","three point field goal","PDX","PDX three point field goal",2026-05-25 19:51:16.280926,"dk",0.1252,698,0.1667,500,-0.0414,-0.0249,-1.2429,-0.971015625
2026-05-25,"CON @ GSV","three point field goal","CON","CON three point field goal",2026-05-25 19:51:16.280926,"dk",0.1148,771,0.1538,550,-0.039,-0.023,-1.1523,-0.900234375
2026-05-25,"CON @ GSV","three point field goal","GSV","GSV three point field goal",2026-05-25 19:51:16.280926,"dk",0.1449,590,0.2,400,-0.0551,-0.0345,-1.7233,-1.346328125
2026-05-25,"PDX @ NYL","two point field goal","NYL","NYL two point field goal",2026-05-25 19:51:16.280926,"dk",0.3735,168,0.4167,140,-0.0431,-0.037,-1.8491,-1.444609375
2026-05-25,"PDX @ NYL","two point field goal","PDX","PDX two point field goal",2026-05-25 19:51:16.280926,"dk",0.3438,191,0.3922,155,-0.0483,-0.0398,-1.9875,-1.552734375
2026-05-25,"CON @ GSV","two point field goal","CON","CON two point field goal",2026-05-25 19:51:16.280926,"dk",0.3678,172,0.4545,120,-0.0867,-0.0795,-3.9741,-3.104765625
2026-05-25,"CON @ GSV","two point field goal","GSV","GSV two point field goal",2026-05-25 19:51:16.280926,"dk",0.3725,168,0.3846,160,-0.0122,-0.0099,-0.4937,-0.385703125
2026-05-25,"PDX @ NYL","three point field goal","NYL","NYL three point field goal",2026-05-25 20:21:16.547189,"dk",0.1574,535,0.2174,360,-0.06,-0.0383,-1.9161,-1.496953125
2026-05-25,"PDX @ NYL","three point field goal","PDX","PDX three point field goal",2026-05-25 20:21:16.547189,"dk",0.1252,698,0.1667,500,-0.0414,-0.0249,-1.2429,-0.971015625
2026-05-25,"CON @ GSV","three point field goal","CON","CON three point field goal",2026-05-25 20:21:16.547189,"dk",0.1148,771,0.1538,550,-0.039,-0.023,-1.1523,-0.900234375
2026-05-25,"CON @ GSV","three point field goal","GSV","GSV three point field goal",2026-05-25 20:21:16.547189,"dk",0.1449,590,0.2,400,-0.0551,-0.0345,-1.7233,-1.346328125
2026-05-25,"PDX @ NYL","two point field goal","NYL","NYL two point field goal",2026-05-25 20:21:16.547189,"dk",0.3735,168,0.4167,140,-0.0431,-0.037,-1.8491,-1.444609375
2026-05-25,"PDX @ NYL","two point field goal","PDX","PDX two point field goal",2026-05-25 20:21:16.547189,"dk",0.3438,191,0.3922,155,-0.0483,-0.0398,-1.9875,-1.552734375
2026-05-25,"CON @ GSV","two point field goal","CON","CON two point field goal",2026-05-25 20:21:16.547189,"dk",0.3678,172,0.4545,120,-0.0867,-0.0795,-3.9741,-3.104765625
2026-05-25,"CON @ GSV","two point field goal","GSV","GSV two point field goal",2026-05-25 20:21:16.547189,"dk",0.3725,168,0.3846,160,-0.0122,-0.0099,-0.4937,-0.385703125
2026-05-25,"PDX @ NYL","three point field goal","NYL","NYL three point field goal",2026-05-25 20:51:17.879032,"dk",0.1574,535,0.2174,360,-0.06,-0.0383,-1.9161,-1.496953125
2026-05-25,"PDX @ NYL","three point field goal","PDX","PDX three point field goal",2026-05-25 20:51:17.879032,"dk",0.1252,698,0.1667,500,-0.0414,-0.0249,-1.2429,-0.971015625
2026-05-25,"CON @ GSV","three point field goal","CON","CON three point field goal",2026-05-25 20:51:17.879032,"dk",0.1148,771,0.1538,550,-0.039,-0.023,-1.1523,-0.900234375
2026-05-25,"CON @ GSV","three point field goal","GSV","GSV three point field goal",2026-05-25 20:51:17.879032,"dk",0.1449,590,0.2,400,-0.0551,-0.0345,-1.7233,-1.346328125
2026-05-25,"PDX @ NYL","two point field goal","NYL","NYL two point field goal",2026-05-25 20:51:17.879032,"dk",0.3735,168,0.4167,140,-0.0431,-0.037,-1.8491,-1.444609375
2026-05-25,"PDX @ NYL","two point field goal","PDX","PDX two point field goal",2026-05-25 20:51:17.879032,"dk",0.3438,191,0.3922,155,-0.0483,-0.0398,-1.9875,-1.552734375
2026-05-25,"CON @ GSV","two point field goal","CON","CON two point field goal",2026-05-25 20:51:17.879032,"dk",0.3678,172,0.4545,120,-0.0867,-0.0795,-3.9741,-3.104765625
2026-05-25,"CON @ GSV","two point field goal","GSV","GSV two point field goal",2026-05-25 20:51:17.879032,"dk",0.3725,168,0.3846,160,-0.0122,-0.0099,-0.4937,-0.385703125
2026-05-25,"PDX @ NYL","three point field goal","NYL","NYL three point field goal",2026-05-25 21:21:16.5009,"dk",0.1574,535,0.2174,360,-0.06,-0.0383,-1.9161,-1.496953125
2026-05-25,"PDX @ NYL","three point field goal","PDX","PDX three point field goal",2026-05-25 21:21:16.5009,"dk",0.1252,698,0.1667,500,-0.0414,-0.0249,-1.2429,-0.971015625
2026-05-25,"CON @ GSV","three point field goal","CON","CON three point field goal",2026-05-25 21:21:16.5009,"dk",0.1148,771,0.1538,550,-0.039,-0.023,-1.1523,-0.900234375
2026-05-25,"CON @ GSV","three point field goal","GSV","GSV three point field goal",2026-05-25 21:21:16.5009,"dk",0.1449,590,0.2,400,-0.0551,-0.0345,-1.7233,-1.346328125
2026-05-25,"PDX @ NYL","two point field goal","NYL","NYL two point field goal",2026-05-25 21:21:16.5009,"dk",0.3735,168,0.4167,140,-0.0431,-0.037,-1.8491,-1.444609375
2026-05-25,"PDX @ NYL","two point field goal","PDX","PDX two point field goal",2026-05-25 21:21:16.5009,"dk",0.3438,191,0.3922,155,-0.0483,-0.0398,-1.9875,-1.552734375
2026-05-25,"CON @ GSV","two point field goal","CON","CON two point field goal",2026-05-25 21:21:16.5009,"dk",0.3678,172,0.4545,120,-0.0867,-0.0795,-3.9741,-3.104765625
2026-05-25,"CON @ GSV","two point field goal","GSV","GSV two point field goal",2026-05-25 21:21:16.5009,"dk",0.3725,168,0.3846,160,-0.0122,-0.0099,-0.4937,-0.385703125
2026-05-25,"PDX @ NYL","three point field goal","NYL","NYL three point field goal",2026-05-25 21:51:17.9255,"dk",0.1574,535,0.2174,360,-0.06,-0.0383,-1.9161,-1.496953125
2026-05-25,"PDX @ NYL","three point field goal","PDX","PDX three point field goal",2026-05-25 21:51:17.9255,"dk",0.1252,698,0.1667,500,-0.0414,-0.0249,-1.2429,-0.971015625
2026-05-25,"CON @ GSV","three point field goal","CON","CON three point field goal",2026-05-25 21:51:17.9255,"dk",0.1148,771,0.1538,550,-0.039,-0.023,-1.1523,-0.900234375
2026-05-25,"CON @ GSV","three point field goal","GSV","GSV three point field goal",2026-05-25 21:51:17.9255,"dk",0.1449,590,0.2,400,-0.0551,-0.0345,-1.7233,-1.346328125
2026-05-25,"PDX @ NYL","two point field goal","NYL","NYL two point field goal",2026-05-25 21:51:17.9255,"dk",0.3735,168,0.4167,140,-0.0431,-0.037,-1.8491,-1.444609375
2026-05-25,"PDX @ NYL","two point field goal","PDX","PDX two point field goal",2026-05-25 21:51:17.9255,"dk",0.3438,191,0.3922,155,-0.0483,-0.0398,-1.9875,-1.552734375
2026-05-25,"CON @ GSV","two point field goal","CON","CON two point field goal",2026-05-25 21:51:17.9255,"dk",0.3678,172,0.4545,120,-0.0867,-0.0795,-3.9741,-3.104765625
2026-05-25,"CON @ GSV","two point field goal","GSV","GSV two point field goal",2026-05-25 21:51:17.9255,"dk",0.3725,168,0.3846,160,-0.0122,-0.0099,-0.4937,-0.385703125
2026-05-25,"PDX @ NYL","three point field goal","NYL","NYL three point field goal",2026-05-25 22:21:17.182937,"dk",0.1574,535,0.2174,360,-0.06,-0.0383,-1.9161,-1.496953125
2026-05-25,"PDX @ NYL","three point field goal","PDX","PDX three point field goal",2026-05-25 22:21:17.182937,"dk",0.1252,698,0.1667,500,-0.0414,-0.0249,-1.2429,-0.971015625
2026-05-25,"CON @ GSV","three point field goal","CON","CON three point field goal",2026-05-25 22:21:17.182937,"dk",0.1148,771,0.1538,550,-0.039,-0.023,-1.1523,-0.900234375
2026-05-25,"CON @ GSV","three point field goal","GSV","GSV three point field goal",2026-05-25 22:21:17.182937,"dk",0.1449,590,0.2,400,-0.0551,-0.0345,-1.7233,-1.346328125
2026-05-25,"PDX @ NYL","two point field goal","NYL","NYL two point field goal",2026-05-25 22:21:17.182937,"dk",0.3735,168,0.4167,140,-0.0431,-0.037,-1.8491,-1.444609375
2026-05-25,"PDX @ NYL","two point field goal","PDX","PDX two point field goal",2026-05-25 22:21:17.182937,"dk",0.3438,191,0.3922,155,-0.0483,-0.0398,-1.9875,-1.552734375
2026-05-25,"CON @ GSV","two point field goal","CON","CON two point field goal",2026-05-25 22:21:17.182937,"dk",0.3678,172,0.4545,120,-0.0867,-0.0795,-3.9741,-3.104765625
2026-05-25,"CON @ GSV","two point field goal","GSV","GSV two point field goal",2026-05-25 22:21:17.182937,"dk",0.3725,168,0.3846,160,-0.0122,-0.0099,-0.4937,-0.385703125
2026-05-25,"PDX @ NYL","three point field goal","NYL","NYL three point field goal",2026-05-25 22:51:17.875949,"dk",0.1574,535,0.2174,360,-0.06,-0.0383,-1.9161,-1.496953125
2026-05-25,"PDX @ NYL","three point field goal","PDX","PDX three point field goal",2026-05-25 22:51:17.875949,"dk",0.1252,698,0.1667,500,-0.0414,-0.0249,-1.2429,-0.971015625
2026-05-25,"CON @ GSV","three point field goal","CON","CON three point field goal",2026-05-25 22:51:17.875949,"dk",0.1148,771,0.1538,550,-0.039,-0.023,-1.1523,-0.900234375
2026-05-25,"CON @ GSV","three point field goal","GSV","GSV three point field goal",2026-05-25 22:51:17.875949,"dk",0.1449,590,0.2,400,-0.0551,-0.0345,-1.7233,-1.346328125
2026-05-25,"PDX @ NYL","two point field goal","NYL","NYL two point field goal",2026-05-25 22:51:17.875949,"dk",0.3735,168,0.4167,140,-0.0431,-0.037,-1.8491,-1.444609375
2026-05-25,"PDX @ NYL","two point field goal","PDX","PDX two point field goal",2026-05-25 22:51:17.875949,"dk",0.3438,191,0.3922,155,-0.0483,-0.0398,-1.9875,-1.552734375
2026-05-25,"CON @ GSV","two point field goal","CON","CON two point field goal",2026-05-25 22:51:17.875949,"dk",0.3678,172,0.4545,120,-0.0867,-0.0795,-3.9741,-3.104765625
2026-05-25,"CON @ GSV","two point field goal","GSV","GSV two point field goal",2026-05-25 22:51:17.875949,"dk",0.3725,168,0.3846,160,-0.0122,-0.0099,-0.4937,-0.385703125
2026-05-25,"PDX @ NYL","three point field goal","NYL","NYL three point field goal",2026-05-25 23:21:16.253928,"dk",0.1592,528,0.2174,360,-0.0581,-0.0372,-1.8576,-1.45125
2026-05-25,"PDX @ NYL","three point field goal","PDX","PDX three point field goal",2026-05-25 23:21:16.253928,"dk",0.1249,700,0.1667,500,-0.0417,-0.025,-1.2516,-0.9778125
2026-05-25,"CON @ GSV","three point field goal","CON","CON three point field goal",2026-05-25 23:21:16.253928,"dk",0.1148,771,0.1538,550,-0.039,-0.023,-1.1523,-0.900234375
2026-05-25,"CON @ GSV","three point field goal","GSV","GSV three point field goal",2026-05-25 23:21:16.253928,"dk",0.1449,590,0.2,400,-0.0551,-0.0345,-1.7233,-1.346328125
2026-05-25,"PDX @ NYL","two point field goal","NYL","NYL two point field goal",2026-05-25 23:21:16.253928,"dk",0.3728,168,0.4167,140,-0.0439,-0.0376,-1.881,-1.46953125
2026-05-25,"PDX @ NYL","two point field goal","PDX","PDX two point field goal",2026-05-25 23:21:16.253928,"dk",0.343,192,0.3922,155,-0.0491,-0.0404,-2.0203,-1.578359375
2026-05-25,"CON @ GSV","two point field goal","CON","CON two point field goal",2026-05-25 23:21:16.253928,"dk",0.3678,172,0.4545,120,-0.0867,-0.0795,-3.9741,-3.104765625
2026-05-25,"CON @ GSV","two point field goal","GSV","GSV two point field goal",2026-05-25 23:21:16.253928,"dk",0.3725,168,0.3846,160,-0.0122,-0.0099,-0.4937,-0.385703125
2026-05-25,"PDX @ NYL","three point field goal","NYL","NYL three point field goal",2026-05-25 23:51:16.950909,"dk",0.1592,528,0.2174,360,-0.0581,-0.0372,-1.8576,-1.45125
2026-05-25,"PDX @ NYL","three point field goal","PDX","PDX three point field goal",2026-05-25 23:51:16.950909,"dk",0.1249,700,0.1667,500,-0.0417,-0.025,-1.2516,-0.9778125
2026-05-25,"CON @ GSV","three point field goal","CON","CON three point field goal",2026-05-25 23:51:16.950909,"dk",0.1148,771,0.1538,550,-0.039,-0.023,-1.1523,-0.900234375
2026-05-25,"CON @ GSV","three point field goal","GSV","GSV three point field goal",2026-05-25 23:51:16.950909,"dk",0.1449,590,0.2,400,-0.0551,-0.0345,-1.7233,-1.346328125
2026-05-25,"PDX @ NYL","two point field goal","NYL","NYL two point field goal",2026-05-25 23:51:16.950909,"dk",0.3728,168,0.4167,140,-0.0439,-0.0376,-1.881,-1.46953125
2026-05-25,"PDX @ NYL","two point field goal","PDX","PDX two point field goal",2026-05-25 23:51:16.950909,"dk",0.343,192,0.3922,155,-0.0491,-0.0404,-2.0203,-1.578359375
2026-05-25,"CON @ GSV","two point field goal","CON","CON two point field goal",2026-05-25 23:51:16.950909,"dk",0.3678,172,0.4545,120,-0.0867,-0.0795,-3.9741,-3.104765625
2026-05-25,"CON @ GSV","two point field goal","GSV","GSV two point field goal",2026-05-25 23:51:16.950909,"dk",0.3725,168,0.3846,160,-0.0122,-0.0099,-0.4937,-0.385703125
2026-05-27,"PHX @ NYL","three point field goal","NYL","NYL three point field goal",2026-05-27 13:51:23.938654,"dk",0.1326,654,0.2083,380,-0.0758,-0.0479,-2.393,-1.86953125
2026-05-27,"PHX @ NYL","three point field goal","PHX","PHX three point field goal",2026-05-27 13:51:23.938654,"dk",0.1053,850,0.1667,500,-0.0614,-0.0368,-1.8417,-1.438828125
2026-05-27,"TOR @ CHI","three point field goal","CHI","CHI three point field goal",2026-05-27 13:51:23.938654,"dk",0.1028,873,0.1739,475,-0.0711,-0.0431,-2.1526,-1.68171875
2026-05-27,"TOR @ CHI","three point field goal","TOR","TOR three point field goal",2026-05-27 13:51:23.938654,"dk",0.1238,708,0.2,400,-0.0762,-0.0476,-2.3813,-1.860390625
2026-05-27,"ATL @ MIN","three point field goal","MIN","MIN three point field goal",2026-05-27 13:51:23.938654,"dk",0.1181,747,0.1538,550,-0.0358,-0.0211,-1.0564,-0.8253125
2026-05-27,"ATL @ MIN","three point field goal","ATL","ATL three point field goal",2026-05-27 13:51:23.938654,"dk",0.1355,638,0.2273,340,-0.0918,-0.0594,-2.9686,-2.31921875
2026-05-27,"PHX @ NYL","two point field goal","NYL","NYL two point field goal",2026-05-27 13:51:23.938654,"dk",0.3612,177,0.4348,130,-0.0736,-0.0651,-3.2546,-2.54265625
2026-05-27,"PHX @ NYL","two point field goal","PHX","PHX two point field goal",2026-05-27 13:51:23.938654,"dk",0.401,149,0.3846,160,0.0164,0.0133,0.6642,0.51890625
2026-05-27,"TOR @ CHI","two point field goal","CHI","CHI two point field goal",2026-05-27 13:51:23.938654,"dk",0.419,139,0.5122,-105,-0.0932,-0.0955,-4.774,-3.7296875
2026-05-27,"TOR @ CHI","two point field goal","TOR","TOR two point field goal",2026-05-27 13:51:23.938654,"dk",0.3544,182,0.3077,225,0.0467,0.0337,1.6857,1.316953125
2026-05-27,"ATL @ MIN","two point field goal","MIN","MIN two point field goal",2026-05-27 13:51:23.938654,"dk",0.3673,172,0.3571,180,0.0102,0.0079,0.3964,0.3096875
2026-05-27,"ATL @ MIN","two point field goal","ATL","ATL two point field goal",2026-05-27 13:51:23.938654,"dk",0.3791,164,0.4444,125,-0.0654,-0.0588,-2.9424,-2.29875
2026-05-27,"PHX @ NYL","three point field goal","NYL","NYL three point field goal",2026-05-27 14:21:23.258942,"dk",0.1326,654,0.2083,380,-0.0758,-0.0479,-2.393,-1.86953125
2026-05-27,"PHX @ NYL","three point field goal","PHX","PHX three point field goal",2026-05-27 14:21:23.258942,"dk",0.1053,850,0.1667,500,-0.0614,-0.0368,-1.8417,-1.438828125
2026-05-27,"TOR @ CHI","three point field goal","CHI","CHI three point field goal",2026-05-27 14:21:23.258942,"dk",0.1028,873,0.1739,475,-0.0711,-0.0431,-2.1526,-1.68171875
2026-05-27,"TOR @ CHI","three point field goal","TOR","TOR three point field goal",2026-05-27 14:21:23.258942,"dk",0.1238,708,0.2,400,-0.0762,-0.0476,-2.3813,-1.860390625
2026-05-27,"ATL @ MIN","three point field goal","MIN","MIN three point field goal",2026-05-27 14:21:23.258942,"dk",0.1181,747,0.1538,550,-0.0358,-0.0211,-1.0564,-0.8253125
2026-05-27,"ATL @ MIN","three point field goal","ATL","ATL three point field goal",2026-05-27 14:21:23.258942,"dk",0.1355,638,0.2273,340,-0.0918,-0.0594,-2.9686,-2.31921875
2026-05-27,"PHX @ NYL","two point field goal","NYL","NYL two point field goal",2026-05-27 14:21:23.258942,"dk",0.3612,177,0.4348,130,-0.0736,-0.0651,-3.2546,-2.54265625
2026-05-27,"PHX @ NYL","two point field goal","PHX","PHX two point field goal",2026-05-27 14:21:23.258942,"dk",0.401,149,0.3846,160,0.0164,0.0133,0.6642,0.51890625
2026-05-27,"TOR @ CHI","two point field goal","CHI","CHI two point field goal",2026-05-27 14:21:23.258942,"dk",0.419,139,0.5122,-105,-0.0932,-0.0955,-4.774,-3.7296875
2026-05-27,"TOR @ CHI","two point field goal","TOR","TOR two point field goal",2026-05-27 14:21:23.258942,"dk",0.3544,182,0.3077,225,0.0467,0.0337,1.6857,1.316953125
2026-05-27,"ATL @ MIN","two point field goal","MIN","MIN two point field goal",2026-05-27 14:21:23.258942,"dk",0.3673,172,0.3571,180,0.0102,0.0079,0.3964,0.3096875
2026-05-27,"ATL @ MIN","two point field goal","ATL","ATL two point field goal",2026-05-27 14:21:23.258942,"dk",0.3791,164,0.4444,125,-0.0654,-0.0588,-2.9424,-2.29875
2026-05-27,"PHX @ NYL","three point field goal","NYL","NYL three point field goal",2026-05-27 14:51:23.322878,"dk",0.1326,654,0.2083,380,-0.0758,-0.0479,-2.393,-1.86953125
2026-05-27,"PHX @ NYL","three point field goal","PHX","PHX three point field goal",2026-05-27 14:51:23.322878,"dk",0.1053,850,0.1667,500,-0.0614,-0.0368,-1.8417,-1.438828125
2026-05-27,"TOR @ CHI","three point field goal","CHI","CHI three point field goal",2026-05-27 14:51:23.322878,"dk",0.1028,873,0.1739,475,-0.0711,-0.0431,-2.1526,-1.68171875
2026-05-27,"TOR @ CHI","three point field goal","TOR","TOR three point field goal",2026-05-27 14:51:23.322878,"dk",0.1238,708,0.2,400,-0.0762,-0.0476,-2.3813,-1.860390625
2026-05-27,"ATL @ MIN","three point field goal","MIN","MIN three point field goal",2026-05-27 14:51:23.322878,"dk",0.1181,747,0.1538,550,-0.0358,-0.0211,-1.0564,-0.8253125
2026-05-27,"ATL @ MIN","three point field goal","ATL","ATL three point field goal",2026-05-27 14:51:23.322878,"dk",0.1355,638,0.1905,425,-0.055,-0.0339,-1.6973,-1.326015625
2026-05-27,"CON @ PDX","three point field goal","CON","CON three point field goal",2026-05-27 14:51:23.322878,"dk",0.124,707,0.1739,475,-0.0499,-0.0302,-1.5109,-1.180390625
2026-05-27,"CON @ PDX","three point field goal","PDX","PDX three point field goal",2026-05-27 14:51:23.322878,"dk",0.1322,656,0.1739,475,-0.0417,-0.0252,-1.2623,-0.986171875
2026-05-27,"WAS @ SEA","three point field goal","WAS","WAS three point field goal",2026-05-27 14:51:23.322878,"dk",0.1291,674,0.1667,500,-0.0375,-0.0225,-1.1258,-0.87953125
2026-05-27,"WAS @ SEA","three point field goal","SEA","SEA three point field goal",2026-05-27 14:51:23.322878,"dk",0.124,706,0.1667,500,-0.0426,-0.0256,-1.2793,-0.999453125
2026-05-27,"PHX @ NYL","two point field goal","NYL","NYL two point field goal",2026-05-27 14:51:23.322878,"dk",0.3612,177,0.4348,130,-0.0736,-0.0651,-3.2546,-2.54265625
2026-05-27,"PHX @ NYL","two point field goal","PHX","PHX two point field goal",2026-05-27 14:51:23.322878,"dk",0.401,149,0.3846,160,0.0164,0.0133,0.6642,0.51890625
2026-05-27,"TOR @ CHI","two point field goal","CHI","CHI two point field goal",2026-05-27 14:51:23.322878,"dk",0.419,139,0.5122,-105,-0.0932,-0.0955,-4.774,-3.7296875
2026-05-27,"TOR @ CHI","two point field goal","TOR","TOR two point field goal",2026-05-27 14:51:23.322878,"dk",0.3544,182,0.3077,225,0.0467,0.0337,1.6857,1.316953125
2026-05-27,"ATL @ MIN","two point field goal","MIN","MIN two point field goal",2026-05-27 14:51:23.322878,"dk",0.3673,172,0.3922,155,-0.0248,-0.0204,-1.0208,-0.7975
2026-05-27,"ATL @ MIN","two point field goal","ATL","ATL two point field goal",2026-05-27 14:51:23.322878,"dk",0.3791,164,0.4545,120,-0.0755,-0.0692,-3.4599,-2.703046875
2026-05-27,"CON @ PDX","two point field goal","CON","CON two point field goal",2026-05-27 14:51:23.322878,"dk",0.3751,167,0.4444,125,-0.0693,-0.0624,-3.1187,-2.436484375
2026-05-27,"CON @ PDX","two point field goal","PDX","PDX two point field goal",2026-05-27 14:51:23.322878,"dk",0.3687,171,0.4,150,-0.0313,-0.0261,-1.3053,-1.019765625
2026-05-27,"WAS @ SEA","two point field goal","WAS","WAS two point field goal",2026-05-27 14:51:23.322878,"dk",0.4026,148,0.4878,105,-0.0852,-0.0832,-4.1594,-3.24953125
2026-05-27,"WAS @ SEA","two point field goal","SEA","SEA two point field goal",2026-05-27 14:51:23.322878,"dk",0.3443,190,0.3846,160,-0.0404,-0.0328,-1.6398,-1.28109375
2026-05-27,"PHX @ NYL","three point field goal","NYL","NYL three point field goal",2026-05-27 15:21:24.354209,"dk",0.1325,655,0.2083,380,-0.0758,-0.0479,-2.3936,-1.87
2026-05-27,"PHX @ NYL","three point field goal","PHX","PHX three point field goal",2026-05-27 15:21:24.354209,"dk",0.1053,850,0.1667,500,-0.0614,-0.0368,-1.8412,-1.4384375
2026-05-27,"TOR @ CHI","three point field goal","CHI","CHI three point field goal",2026-05-27 15:21:24.354209,"dk",0.1028,873,0.1739,475,-0.0711,-0.0431,-2.1526,-1.68171875
2026-05-27,"TOR @ CHI","three point field goal","TOR","TOR three point field goal",2026-05-27 15:21:24.354209,"dk",0.1238,708,0.2,400,-0.0762,-0.0476,-2.3813,-1.860390625
2026-05-27,"ATL @ MIN","three point field goal","MIN","MIN three point field goal",2026-05-27 15:21:24.354209,"dk",0.1181,747,0.1538,550,-0.0358,-0.0211,-1.0564,-0.8253125
2026-05-27,"ATL @ MIN","three point field goal","ATL","ATL three point field goal",2026-05-27 15:21:24.354209,"dk",0.1355,638,0.1905,425,-0.055,-0.0339,-1.6973,-1.326015625
2026-05-27,"CON @ PDX","three point field goal","CON","CON three point field goal",2026-05-27 15:21:24.354209,"dk",0.124,707,0.1739,475,-0.0499,-0.0302,-1.5109,-1.180390625
2026-05-27,"CON @ PDX","three point field goal","PDX","PDX three point field goal",2026-05-27 15:21:24.354209,"dk",0.1322,656,0.1739,475,-0.0417,-0.0252,-1.2623,-0.986171875
2026-05-27,"WAS @ SEA","three point field goal","WAS","WAS three point field goal",2026-05-27 15:21:24.354209,"dk",0.1291,674,0.1667,500,-0.0375,-0.0225,-1.1258,-0.87953125
2026-05-27,"WAS @ SEA","three point field goal","SEA","SEA three point field goal",2026-05-27 15:21:24.354209,"dk",0.124,706,0.1667,500,-0.0426,-0.0256,-1.2793,-0.999453125
2026-05-27,"PHX @ NYL","two point field goal","NYL","NYL two point field goal",2026-05-27 15:21:24.354209,"dk",0.3611,177,0.4348,130,-0.0736,-0.0651,-3.2572,-2.5446875
2026-05-27,"PHX @ NYL","two point field goal","PHX","PHX two point field goal",2026-05-27 15:21:24.354209,"dk",0.401,149,0.3846,160,0.0164,0.0133,0.6668,0.5209375
2026-05-27,"TOR @ CHI","two point field goal","CHI","CHI two point field goal",2026-05-27 15:21:24.354209,"dk",0.419,139,0.5122,-105,-0.0932,-0.0955,-4.774,-3.7296875
2026-05-27,"TOR @ CHI","two point field goal","TOR","TOR two point field goal",2026-05-27 15:21:24.354209,"dk",0.3544,182,0.3077,225,0.0467,0.0337,1.6857,1.316953125
2026-05-27,"ATL @ MIN","two point field goal","MIN","MIN two point field goal",2026-05-27 15:21:24.354209,"dk",0.3673,172,0.3922,155,-0.0248,-0.0204,-1.0208,-0.7975
2026-05-27,"ATL @ MIN","two point field goal","ATL","ATL two point field goal",2026-05-27 15:21:24.354209,"dk",0.3791,164,0.4545,120,-0.0755,-0.0692,-3.4599,-2.703046875
2026-05-27,"CON @ PDX","two point field goal","CON","CON two point field goal",2026-05-27 15:21:24.354209,"dk",0.3751,167,0.4444,125,-0.0693,-0.0624,-3.1187,-2.436484375
2026-05-27,"CON @ PDX","two point field goal","PDX","PDX two point field goal",2026-05-27 15:21:24.354209,"dk",0.3687,171,0.4,150,-0.0313,-0.0261,-1.3053,-1.019765625
2026-05-27,"WAS @ SEA","two point field goal","WAS","WAS two point field goal",2026-05-27 15:21:24.354209,"dk",0.4026,148,0.4878,105,-0.0852,-0.0832,-4.1594,-3.24953125
2026-05-27,"WAS @ SEA","two point field goal","SEA","SEA two point field goal",2026-05-27 15:21:24.354209,"dk",0.3443,190,0.3846,160,-0.0404,-0.0328,-1.6398,-1.28109375
2026-05-27,"PHX @ NYL","three point field goal","NYL","NYL three point field goal",2026-05-27 15:51:24.369196,"dk",0.1325,655,0.2083,380,-0.0758,-0.0479,-2.3936,-1.87
2026-05-27,"PHX @ NYL","three point field goal","PHX","PHX three point field goal",2026-05-27 15:51:24.369196,"dk",0.1053,850,0.1667,500,-0.0614,-0.0368,-1.8412,-1.4384375
2026-05-27,"TOR @ CHI","three point field goal","CHI","CHI three point field goal",2026-05-27 15:51:24.369196,"dk",0.1028,873,0.1739,475,-0.0711,-0.0431,-2.1526,-1.68171875
2026-05-27,"TOR @ CHI","three point field goal","TOR","TOR three point field goal",2026-05-27 15:51:24.369196,"dk",0.1238,708,0.2,400,-0.0762,-0.0476,-2.3813,-1.860390625
2026-05-27,"ATL @ MIN","three point field goal","MIN","MIN three point field goal",2026-05-27 15:51:24.369196,"dk",0.1181,747,0.1538,550,-0.0358,-0.0211,-1.0564,-0.8253125
2026-05-27,"ATL @ MIN","three point field goal","ATL","ATL three point field goal",2026-05-27 15:51:24.369196,"dk",0.1355,638,0.1905,425,-0.055,-0.0339,-1.6973,-1.326015625
2026-05-27,"CON @ PDX","three point field goal","CON","CON three point field goal",2026-05-27 15:51:24.369196,"dk",0.124,707,0.1739,475,-0.0499,-0.0302,-1.5109,-1.180390625
2026-05-27,"CON @ PDX","three point field goal","PDX","PDX three point field goal",2026-05-27 15:51:24.369196,"dk",0.1322,656,0.1739,475,-0.0417,-0.0252,-1.2623,-0.986171875
2026-05-27,"WAS @ SEA","three point field goal","WAS","WAS three point field goal",2026-05-27 15:51:24.369196,"dk",0.1291,674,0.1667,500,-0.0375,-0.0225,-1.1258,-0.87953125
2026-05-27,"WAS @ SEA","three point field goal","SEA","SEA three point field goal",2026-05-27 15:51:24.369196,"dk",0.124,706,0.1667,500,-0.0426,-0.0256,-1.2793,-0.999453125
2026-05-27,"PHX @ NYL","two point field goal","NYL","NYL two point field goal",2026-05-27 15:51:24.369196,"dk",0.3611,177,0.4348,130,-0.0736,-0.0651,-3.2572,-2.5446875
2026-05-27,"PHX @ NYL","two point field goal","PHX","PHX two point field goal",2026-05-27 15:51:24.369196,"dk",0.401,149,0.3846,160,0.0164,0.0133,0.6668,0.5209375
2026-05-27,"TOR @ CHI","two point field goal","CHI","CHI two point field goal",2026-05-27 15:51:24.369196,"dk",0.419,139,0.5122,-105,-0.0932,-0.0955,-4.774,-3.7296875
2026-05-27,"TOR @ CHI","two point field goal","TOR","TOR two point field goal",2026-05-27 15:51:24.369196,"dk",0.3544,182,0.3077,225,0.0467,0.0337,1.6857,1.316953125
2026-05-27,"ATL @ MIN","two point field goal","MIN","MIN two point field goal",2026-05-27 15:51:24.369196,"dk",0.3673,172,0.3922,155,-0.0248,-0.0204,-1.0208,-0.7975
2026-05-27,"ATL @ MIN","two point field goal","ATL","ATL two point field goal",2026-05-27 15:51:24.369196,"dk",0.3791,164,0.4545,120,-0.0755,-0.0692,-3.4599,-2.703046875
2026-05-27,"CON @ PDX","two point field goal","CON","CON two point field goal",2026-05-27 15:51:24.369196,"dk",0.3751,167,0.4444,125,-0.0693,-0.0624,-3.1187,-2.436484375
2026-05-27,"CON @ PDX","two point field goal","PDX","PDX two point field goal",2026-05-27 15:51:24.369196,"dk",0.3687,171,0.4,150,-0.0313,-0.0261,-1.3053,-1.019765625
2026-05-27,"WAS @ SEA","two point field goal","WAS","WAS two point field goal",2026-05-27 15:51:24.369196,"dk",0.4026,148,0.4878,105,-0.0852,-0.0832,-4.1594,-3.24953125
2026-05-27,"WAS @ SEA","two point field goal","SEA","SEA two point field goal",2026-05-27 15:51:24.369196,"dk",0.3443,190,0.3846,160,-0.0404,-0.0328,-1.6398,-1.28109375
2026-05-27,"PHX @ NYL","three point field goal","NYL","NYL three point field goal",2026-05-27 16:21:23.457608,"dk",0.1325,655,0.1905,425,-0.058,-0.0358,-1.79,-1.3984375
2026-05-27,"PHX @ NYL","three point field goal","PHX","PHX three point field goal",2026-05-27 16:21:23.457608,"dk",0.1053,850,0.1818,450,-0.0765,-0.0468,-2.3377,-1.826328125
2026-05-27,"TOR @ CHI","three point field goal","CHI","CHI three point field goal",2026-05-27 16:21:23.457608,"dk",0.1028,873,0.1739,475,-0.0711,-0.0431,-2.1526,-1.68171875
2026-05-27,"TOR @ CHI","three point field goal","TOR","TOR three point field goal",2026-05-27 16:21:23.457608,"dk",0.1238,708,0.2,400,-0.0762,-0.0476,-2.3813,-1.860390625
2026-05-27,"ATL @ MIN","three point field goal","MIN","MIN three point field goal",2026-05-27 16:21:23.457608,"dk",0.1181,747,0.1538,550,-0.0358,-0.0211,-1.0564,-0.8253125
2026-05-27,"ATL @ MIN","three point field goal","ATL","ATL three point field goal",2026-05-27 16:21:23.457608,"dk",0.1355,638,0.1905,425,-0.055,-0.0339,-1.6973,-1.326015625
2026-05-27,"CON @ PDX","three point field goal","CON","CON three point field goal",2026-05-27 16:21:23.457608,"dk",0.124,707,0.1739,475,-0.0499,-0.0302,-1.5109,-1.180390625
2026-05-27,"CON @ PDX","three point field goal","PDX","PDX three point field goal",2026-05-27 16:21:23.457608,"dk",0.1322,656,0.1739,475,-0.0417,-0.0252,-1.2623,-0.986171875
2026-05-27,"WAS @ SEA","three point field goal","WAS","WAS three point field goal",2026-05-27 16:21:23.457608,"dk",0.1291,674,0.1667,500,-0.0375,-0.0225,-1.1258,-0.87953125
2026-05-27,"WAS @ SEA","three point field goal","SEA","SEA three point field goal",2026-05-27 16:21:23.457608,"dk",0.124,706,0.1667,500,-0.0426,-0.0256,-1.2793,-0.999453125
2026-05-27,"PHX @ NYL","two point field goal","NYL","NYL two point field goal",2026-05-27 16:21:23.457608,"dk",0.3611,177,0.4167,140,-0.0556,-0.0476,-2.3822,-1.86109375
2026-05-27,"PHX @ NYL","two point field goal","PHX","PHX two point field goal",2026-05-27 16:21:23.457608,"dk",0.4011,149,0.4,150,0.0011,9e-04,0.0455,0.035546875
2026-05-27,"TOR @ CHI","two point field goal","CHI","CHI two point field goal",2026-05-27 16:21:23.457608,"dk",0.419,139,0.5122,-105,-0.0932,-0.0955,-4.774,-3.7296875
2026-05-27,"TOR @ CHI","two point field goal","TOR","TOR two point field goal",2026-05-27 16:21:23.457608,"dk",0.3544,182,0.3077,225,0.0467,0.0337,1.6857,1.316953125
2026-05-27,"ATL @ MIN","two point field goal","MIN","MIN two point field goal",2026-05-27 16:21:23.457608,"dk",0.3673,172,0.3922,155,-0.0248,-0.0204,-1.0208,-0.7975
2026-05-27,"ATL @ MIN","two point field goal","ATL","ATL two point field goal",2026-05-27 16:21:23.457608,"dk",0.3791,164,0.4545,120,-0.0755,-0.0692,-3.4599,-2.703046875
2026-05-27,"CON @ PDX","two point field goal","CON","CON two point field goal",2026-05-27 16:21:23.457608,"dk",0.3751,167,0.4444,125,-0.0693,-0.0624,-3.1187,-2.436484375
2026-05-27,"CON @ PDX","two point field goal","PDX","PDX two point field goal",2026-05-27 16:21:23.457608,"dk",0.3687,171,0.4,150,-0.0313,-0.0261,-1.3053,-1.019765625
2026-05-27,"WAS @ SEA","two point field goal","WAS","WAS two point field goal",2026-05-27 16:21:23.457608,"dk",0.4026,148,0.4878,105,-0.0852,-0.0832,-4.1594,-3.24953125
2026-05-27,"WAS @ SEA","two point field goal","SEA","SEA two point field goal",2026-05-27 16:21:23.457608,"dk",0.3443,190,0.3846,160,-0.0404,-0.0328,-1.6398,-1.28109375
2026-05-27,"PHX @ NYL","three point field goal","NYL","NYL three point field goal",2026-05-27 16:51:23.213391,"dk",0.1325,655,0.1905,425,-0.058,-0.0358,-1.79,-1.3984375
2026-05-27,"PHX @ NYL","three point field goal","PHX","PHX three point field goal",2026-05-27 16:51:23.213391,"dk",0.1053,850,0.1818,450,-0.0765,-0.0468,-2.3377,-1.826328125
2026-05-27,"TOR @ CHI","three point field goal","CHI","CHI three point field goal",2026-05-27 16:51:23.213391,"dk",0.1028,873,0.1739,475,-0.0711,-0.0431,-2.1526,-1.68171875
2026-05-27,"TOR @ CHI","three point field goal","TOR","TOR three point field goal",2026-05-27 16:51:23.213391,"dk",0.1238,708,0.2,400,-0.0762,-0.0476,-2.3813,-1.860390625
2026-05-27,"ATL @ MIN","three point field goal","MIN","MIN three point field goal",2026-05-27 16:51:23.213391,"dk",0.1181,747,0.1538,550,-0.0358,-0.0211,-1.0564,-0.8253125
2026-05-27,"ATL @ MIN","three point field goal","ATL","ATL three point field goal",2026-05-27 16:51:23.213391,"dk",0.1355,638,0.1905,425,-0.055,-0.0339,-1.6973,-1.326015625
2026-05-27,"CON @ PDX","three point field goal","CON","CON three point field goal",2026-05-27 16:51:23.213391,"dk",0.124,707,0.1739,475,-0.0499,-0.0302,-1.5109,-1.180390625
2026-05-27,"CON @ PDX","three point field goal","PDX","PDX three point field goal",2026-05-27 16:51:23.213391,"dk",0.1322,656,0.1739,475,-0.0417,-0.0252,-1.2623,-0.986171875
2026-05-27,"WAS @ SEA","three point field goal","WAS","WAS three point field goal",2026-05-27 16:51:23.213391,"dk",0.1291,674,0.1667,500,-0.0375,-0.0225,-1.1258,-0.87953125
2026-05-27,"WAS @ SEA","three point field goal","SEA","SEA three point field goal",2026-05-27 16:51:23.213391,"dk",0.124,706,0.1667,500,-0.0426,-0.0256,-1.2793,-0.999453125
2026-05-27,"PHX @ NYL","two point field goal","NYL","NYL two point field goal",2026-05-27 16:51:23.213391,"dk",0.3611,177,0.4167,140,-0.0556,-0.0476,-2.3822,-1.86109375
2026-05-27,"PHX @ NYL","two point field goal","PHX","PHX two point field goal",2026-05-27 16:51:23.213391,"dk",0.4011,149,0.4,150,0.0011,9e-04,0.0455,0.035546875
2026-05-27,"TOR @ CHI","two point field goal","CHI","CHI two point field goal",2026-05-27 16:51:23.213391,"dk",0.419,139,0.5122,-105,-0.0932,-0.0955,-4.774,-3.7296875
2026-05-27,"TOR @ CHI","two point field goal","TOR","TOR two point field goal",2026-05-27 16:51:23.213391,"dk",0.3544,182,0.3077,225,0.0467,0.0337,1.6857,1.316953125
2026-05-27,"ATL @ MIN","two point field goal","MIN","MIN two point field goal",2026-05-27 16:51:23.213391,"dk",0.3673,172,0.3922,155,-0.0248,-0.0204,-1.0208,-0.7975
2026-05-27,"ATL @ MIN","two point field goal","ATL","ATL two point field goal",2026-05-27 16:51:23.213391,"dk",0.3791,164,0.4545,120,-0.0755,-0.0692,-3.4599,-2.703046875
2026-05-27,"CON @ PDX","two point field goal","CON","CON two point field goal",2026-05-27 16:51:23.213391,"dk",0.3751,167,0.4444,125,-0.0693,-0.0624,-3.1187,-2.436484375
2026-05-27,"CON @ PDX","two point field goal","PDX","PDX two point field goal",2026-05-27 16:51:23.213391,"dk",0.3687,171,0.4,150,-0.0313,-0.0261,-1.3053,-1.019765625
2026-05-27,"WAS @ SEA","two point field goal","WAS","WAS two point field goal",2026-05-27 16:51:23.213391,"dk",0.4026,148,0.4878,105,-0.0852,-0.0832,-4.1594,-3.24953125
2026-05-27,"WAS @ SEA","two point field goal","SEA","SEA two point field goal",2026-05-27 16:51:23.213391,"dk",0.3443,190,0.3846,160,-0.0404,-0.0328,-1.6398,-1.28109375
2026-05-27,"PHX @ NYL","three point field goal","NYL","NYL three point field goal",2026-05-27 17:21:22.467675,"dk",0.1338,647,0.2222,350,-0.0884,-0.0568,-2.8419,-2.220234375
2026-05-27,"PHX @ NYL","three point field goal","PHX","PHX three point field goal",2026-05-27 17:21:22.467675,"dk",0.1057,846,0.1739,475,-0.0682,-0.0413,-2.0639,-1.612421875
2026-05-27,"TOR @ CHI","three point field goal","CHI","CHI three point field goal",2026-05-27 17:21:22.467675,"dk",0.1028,873,0.1739,475,-0.0711,-0.0431,-2.1526,-1.68171875
2026-05-27,"TOR @ CHI","three point field goal","TOR","TOR three point field goal",2026-05-27 17:21:22.467675,"dk",0.1238,708,0.2,400,-0.0762,-0.0476,-2.3813,-1.860390625
2026-05-27,"ATL @ MIN","three point field goal","MIN","MIN three point field goal",2026-05-27 17:21:22.467675,"dk",0.1181,747,0.1538,550,-0.0358,-0.0211,-1.0564,-0.8253125
2026-05-27,"ATL @ MIN","three point field goal","ATL","ATL three point field goal",2026-05-27 17:21:22.467675,"dk",0.1355,638,0.1905,425,-0.055,-0.0339,-1.6973,-1.326015625
2026-05-27,"CON @ PDX","three point field goal","CON","CON three point field goal",2026-05-27 17:21:22.467675,"dk",0.124,707,0.1739,475,-0.0499,-0.0302,-1.5109,-1.180390625
2026-05-27,"CON @ PDX","three point field goal","PDX","PDX three point field goal",2026-05-27 17:21:22.467675,"dk",0.1322,656,0.1739,475,-0.0417,-0.0252,-1.2623,-0.986171875
2026-05-27,"WAS @ SEA","three point field goal","WAS","WAS three point field goal",2026-05-27 17:21:22.467675,"dk",0.1291,674,0.1667,500,-0.0375,-0.0225,-1.1258,-0.87953125
2026-05-27,"WAS @ SEA","three point field goal","SEA","SEA three point field goal",2026-05-27 17:21:22.467675,"dk",0.124,706,0.1667,500,-0.0426,-0.0256,-1.2793,-0.999453125
2026-05-27,"PHX @ NYL","two point field goal","NYL","NYL two point field goal",2026-05-27 17:21:22.467675,"dk",0.3579,179,0.4167,140,-0.0588,-0.0504,-2.5206,-1.96921875
2026-05-27,"PHX @ NYL","two point field goal","PHX","PHX two point field goal",2026-05-27 17:21:22.467675,"dk",0.4026,148,0.3774,165,0.0253,0.0203,1.0145,0.792578125
2026-05-27,"TOR @ CHI","two point field goal","CHI","CHI two point field goal",2026-05-27 17:21:22.467675,"dk",0.419,139,0.5122,-105,-0.0932,-0.0955,-4.774,-3.7296875
2026-05-27,"TOR @ CHI","two point field goal","TOR","TOR two point field goal",2026-05-27 17:21:22.467675,"dk",0.3544,182,0.3077,225,0.0467,0.0337,1.6857,1.316953125
2026-05-27,"ATL @ MIN","two point field goal","MIN","MIN two point field goal",2026-05-27 17:21:22.467675,"dk",0.3673,172,0.3922,155,-0.0248,-0.0204,-1.0208,-0.7975
2026-05-27,"ATL @ MIN","two point field goal","ATL","ATL two point field goal",2026-05-27 17:21:22.467675,"dk",0.3791,164,0.4545,120,-0.0755,-0.0692,-3.4599,-2.703046875
2026-05-27,"CON @ PDX","two point field goal","CON","CON two point field goal",2026-05-27 17:21:22.467675,"dk",0.3751,167,0.4444,125,-0.0693,-0.0624,-3.1187,-2.436484375
2026-05-27,"CON @ PDX","two point field goal","PDX","PDX two point field goal",2026-05-27 17:21:22.467675,"dk",0.3687,171,0.4,150,-0.0313,-0.0261,-1.3053,-1.019765625
2026-05-27,"WAS @ SEA","two point field goal","WAS","WAS two point field goal",2026-05-27 17:21:22.467675,"dk",0.4026,148,0.4878,105,-0.0852,-0.0832,-4.1594,-3.24953125
2026-05-27,"WAS @ SEA","two point field goal","SEA","SEA two point field goal",2026-05-27 17:21:22.467675,"dk",0.3443,190,0.3846,160,-0.0404,-0.0328,-1.6398,-1.28109375
2026-05-27,"PHX @ NYL","three point field goal","NYL","NYL three point field goal",2026-05-27 17:51:23.550476,"dk",0.1338,647,0.2222,350,-0.0884,-0.0568,-2.8419,-2.220234375
2026-05-27,"PHX @ NYL","three point field goal","PHX","PHX three point field goal",2026-05-27 17:51:23.550476,"dk",0.1057,846,0.1739,475,-0.0682,-0.0413,-2.0639,-1.612421875
2026-05-27,"TOR @ CHI","three point field goal","CHI","CHI three point field goal",2026-05-27 17:51:23.550476,"dk",0.1028,873,0.1739,475,-0.0711,-0.0431,-2.1526,-1.68171875
2026-05-27,"TOR @ CHI","three point field goal","TOR","TOR three point field goal",2026-05-27 17:51:23.550476,"dk",0.1238,708,0.2,400,-0.0762,-0.0476,-2.3813,-1.860390625
2026-05-27,"ATL @ MIN","three point field goal","MIN","MIN three point field goal",2026-05-27 17:51:23.550476,"dk",0.1181,747,0.1538,550,-0.0358,-0.0211,-1.0564,-0.8253125
2026-05-27,"ATL @ MIN","three point field goal","ATL","ATL three point field goal",2026-05-27 17:51:23.550476,"dk",0.1355,638,0.1905,425,-0.055,-0.0339,-1.6973,-1.326015625
2026-05-27,"CON @ PDX","three point field goal","CON","CON three point field goal",2026-05-27 17:51:23.550476,"dk",0.124,707,0.1739,475,-0.0499,-0.0302,-1.5109,-1.180390625
2026-05-27,"CON @ PDX","three point field goal","PDX","PDX three point field goal",2026-05-27 17:51:23.550476,"dk",0.1322,656,0.1739,475,-0.0417,-0.0252,-1.2623,-0.986171875
2026-05-27,"WAS @ SEA","three point field goal","WAS","WAS three point field goal",2026-05-27 17:51:23.550476,"dk",0.1291,674,0.1667,500,-0.0375,-0.0225,-1.1264,-0.88
2026-05-27,"WAS @ SEA","three point field goal","SEA","SEA three point field goal",2026-05-27 17:51:23.550476,"dk",0.124,706,0.1667,500,-0.0426,-0.0256,-1.2787,-0.998984375
2026-05-27,"PHX @ NYL","two point field goal","NYL","NYL two point field goal",2026-05-27 17:51:23.550476,"dk",0.3579,179,0.4167,140,-0.0588,-0.0504,-2.5206,-1.96921875
2026-05-27,"PHX @ NYL","two point field goal","PHX","PHX two point field goal",2026-05-27 17:51:23.550476,"dk",0.4026,148,0.3774,165,0.0253,0.0203,1.0145,0.792578125
2026-05-27,"TOR @ CHI","two point field goal","CHI","CHI two point field goal",2026-05-27 17:51:23.550476,"dk",0.419,139,0.5122,-105,-0.0932,-0.0955,-4.774,-3.7296875
2026-05-27,"TOR @ CHI","two point field goal","TOR","TOR two point field goal",2026-05-27 17:51:23.550476,"dk",0.3544,182,0.3077,225,0.0467,0.0337,1.6857,1.316953125
2026-05-27,"ATL @ MIN","two point field goal","MIN","MIN two point field goal",2026-05-27 17:51:23.550476,"dk",0.3673,172,0.3922,155,-0.0248,-0.0204,-1.0208,-0.7975
2026-05-27,"ATL @ MIN","two point field goal","ATL","ATL two point field goal",2026-05-27 17:51:23.550476,"dk",0.3791,164,0.4545,120,-0.0755,-0.0692,-3.4599,-2.703046875
2026-05-27,"CON @ PDX","two point field goal","CON","CON two point field goal",2026-05-27 17:51:23.550476,"dk",0.3751,167,0.4444,125,-0.0693,-0.0624,-3.1187,-2.436484375
2026-05-27,"CON @ PDX","two point field goal","PDX","PDX two point field goal",2026-05-27 17:51:23.550476,"dk",0.3687,171,0.4,150,-0.0313,-0.0261,-1.3053,-1.019765625
2026-05-27,"WAS @ SEA","two point field goal","WAS","WAS two point field goal",2026-05-27 17:51:23.550476,"dk",0.4025,148,0.4878,105,-0.0853,-0.0832,-4.1623,-3.251796875
2026-05-27,"WAS @ SEA","two point field goal","SEA","SEA two point field goal",2026-05-27 17:51:23.550476,"dk",0.3443,190,0.3846,160,-0.0403,-0.0327,-1.6374,-1.27921875
2026-05-27,"PHX @ NYL","three point field goal","NYL","NYL three point field goal",2026-05-27 18:21:23.178421,"dk",0.1338,647,0.2222,350,-0.0884,-0.0568,-2.8419,-2.220234375
2026-05-27,"PHX @ NYL","three point field goal","PHX","PHX three point field goal",2026-05-27 18:21:23.178421,"dk",0.1057,846,0.1739,475,-0.0682,-0.0413,-2.0639,-1.612421875
2026-05-27,"TOR @ CHI","three point field goal","CHI","CHI three point field goal",2026-05-27 18:21:23.178421,"dk",0.1028,873,0.1739,475,-0.0711,-0.0431,-2.1526,-1.68171875
2026-05-27,"TOR @ CHI","three point field goal","TOR","TOR three point field goal",2026-05-27 18:21:23.178421,"dk",0.1238,708,0.2,400,-0.0762,-0.0476,-2.3813,-1.860390625
2026-05-27,"ATL @ MIN","three point field goal","MIN","MIN three point field goal",2026-05-27 18:21:23.178421,"dk",0.1181,747,0.1538,550,-0.0358,-0.0211,-1.0564,-0.8253125
2026-05-27,"ATL @ MIN","three point field goal","ATL","ATL three point field goal",2026-05-27 18:21:23.178421,"dk",0.1355,638,0.1905,425,-0.055,-0.0339,-1.6973,-1.326015625
2026-05-27,"CON @ PDX","three point field goal","CON","CON three point field goal",2026-05-27 18:21:23.178421,"dk",0.124,707,0.1739,475,-0.0499,-0.0302,-1.5109,-1.180390625
2026-05-27,"CON @ PDX","three point field goal","PDX","PDX three point field goal",2026-05-27 18:21:23.178421,"dk",0.1322,656,0.1739,475,-0.0417,-0.0252,-1.2623,-0.986171875
2026-05-27,"WAS @ SEA","three point field goal","WAS","WAS three point field goal",2026-05-27 18:21:23.178421,"dk",0.1291,674,0.1667,500,-0.0375,-0.0225,-1.1258,-0.87953125
2026-05-27,"WAS @ SEA","three point field goal","SEA","SEA three point field goal",2026-05-27 18:21:23.178421,"dk",0.124,706,0.1667,500,-0.0426,-0.0256,-1.2793,-0.999453125
2026-05-27,"PHX @ NYL","two point field goal","NYL","NYL two point field goal",2026-05-27 18:21:23.178421,"dk",0.3579,179,0.4167,140,-0.0588,-0.0504,-2.5206,-1.96921875
2026-05-27,"PHX @ NYL","two point field goal","PHX","PHX two point field goal",2026-05-27 18:21:23.178421,"dk",0.4026,148,0.3774,165,0.0253,0.0203,1.0145,0.792578125
2026-05-27,"TOR @ CHI","two point field goal","CHI","CHI two point field goal",2026-05-27 18:21:23.178421,"dk",0.419,139,0.5122,-105,-0.0932,-0.0955,-4.774,-3.7296875
2026-05-27,"TOR @ CHI","two point field goal","TOR","TOR two point field goal",2026-05-27 18:21:23.178421,"dk",0.3544,182,0.3077,225,0.0467,0.0337,1.6857,1.316953125
2026-05-27,"ATL @ MIN","two point field goal","MIN","MIN two point field goal",2026-05-27 18:21:23.178421,"dk",0.3673,172,0.3922,155,-0.0248,-0.0204,-1.0208,-0.7975
2026-05-27,"ATL @ MIN","two point field goal","ATL","ATL two point field goal",2026-05-27 18:21:23.178421,"dk",0.3791,164,0.4545,120,-0.0755,-0.0692,-3.4599,-2.703046875
2026-05-27,"CON @ PDX","two point field goal","CON","CON two point field goal",2026-05-27 18:21:23.178421,"dk",0.3751,167,0.4444,125,-0.0693,-0.0624,-3.1187,-2.436484375
2026-05-27,"CON @ PDX","two point field goal","PDX","PDX two point field goal",2026-05-27 18:21:23.178421,"dk",0.3687,171,0.4,150,-0.0313,-0.0261,-1.3053,-1.019765625
2026-05-27,"WAS @ SEA","two point field goal","WAS","WAS two point field goal",2026-05-27 18:21:23.178421,"dk",0.4026,148,0.4878,105,-0.0852,-0.0832,-4.1594,-3.24953125
2026-05-27,"WAS @ SEA","two point field goal","SEA","SEA two point field goal",2026-05-27 18:21:23.178421,"dk",0.3443,190,0.3846,160,-0.0404,-0.0328,-1.6398,-1.28109375
2026-05-27,"PHX @ NYL","three point field goal","NYL","NYL three point field goal",2026-05-27 18:51:23.437108,"dk",0.1338,647,0.2222,350,-0.0884,-0.0568,-2.8419,-2.220234375
2026-05-27,"PHX @ NYL","three point field goal","PHX","PHX three point field goal",2026-05-27 18:51:23.437108,"dk",0.1057,846,0.1739,475,-0.0682,-0.0413,-2.0639,-1.612421875
2026-05-27,"TOR @ CHI","three point field goal","CHI","CHI three point field goal",2026-05-27 18:51:23.437108,"dk",0.1028,873,0.1739,475,-0.0711,-0.0431,-2.1526,-1.68171875
2026-05-27,"TOR @ CHI","three point field goal","TOR","TOR three point field goal",2026-05-27 18:51:23.437108,"dk",0.1238,708,0.2,400,-0.0762,-0.0476,-2.3813,-1.860390625
2026-05-27,"ATL @ MIN","three point field goal","MIN","MIN three point field goal",2026-05-27 18:51:23.437108,"dk",0.1181,747,0.1538,550,-0.0358,-0.0211,-1.0564,-0.8253125
2026-05-27,"ATL @ MIN","three point field goal","ATL","ATL three point field goal",2026-05-27 18:51:23.437108,"dk",0.1355,638,0.1905,425,-0.055,-0.0339,-1.6973,-1.326015625
2026-05-27,"CON @ PDX","three point field goal","CON","CON three point field goal",2026-05-27 18:51:23.437108,"dk",0.124,707,0.1739,475,-0.0499,-0.0302,-1.5109,-1.180390625
2026-05-27,"CON @ PDX","three point field goal","PDX","PDX three point field goal",2026-05-27 18:51:23.437108,"dk",0.1322,656,0.1739,475,-0.0417,-0.0252,-1.2623,-0.986171875
2026-05-27,"WAS @ SEA","three point field goal","WAS","WAS three point field goal",2026-05-27 18:51:23.437108,"dk",0.1291,674,0.1667,500,-0.0375,-0.0225,-1.1258,-0.87953125
2026-05-27,"WAS @ SEA","three point field goal","SEA","SEA three point field goal",2026-05-27 18:51:23.437108,"dk",0.124,706,0.1667,500,-0.0426,-0.0256,-1.2793,-0.999453125
2026-05-27,"PHX @ NYL","two point field goal","NYL","NYL two point field goal",2026-05-27 18:51:23.437108,"dk",0.3579,179,0.4167,140,-0.0588,-0.0504,-2.5206,-1.96921875
2026-05-27,"PHX @ NYL","two point field goal","PHX","PHX two point field goal",2026-05-27 18:51:23.437108,"dk",0.4026,148,0.3774,165,0.0253,0.0203,1.0145,0.792578125
2026-05-27,"TOR @ CHI","two point field goal","CHI","CHI two point field goal",2026-05-27 18:51:23.437108,"dk",0.419,139,0.5122,-105,-0.0932,-0.0955,-4.774,-3.7296875
2026-05-27,"TOR @ CHI","two point field goal","TOR","TOR two point field goal",2026-05-27 18:51:23.437108,"dk",0.3544,182,0.3077,225,0.0467,0.0337,1.6857,1.316953125
2026-05-27,"ATL @ MIN","two point field goal","MIN","MIN two point field goal",2026-05-27 18:51:23.437108,"dk",0.3673,172,0.3922,155,-0.0248,-0.0204,-1.0208,-0.7975
2026-05-27,"ATL @ MIN","two point field goal","ATL","ATL two point field goal",2026-05-27 18:51:23.437108,"dk",0.3791,164,0.4545,120,-0.0755,-0.0692,-3.4599,-2.703046875
2026-05-27,"CON @ PDX","two point field goal","CON","CON two point field goal",2026-05-27 18:51:23.437108,"dk",0.3751,167,0.4444,125,-0.0693,-0.0624,-3.1187,-2.436484375
2026-05-27,"CON @ PDX","two point field goal","PDX","PDX two point field goal",2026-05-27 18:51:23.437108,"dk",0.3687,171,0.4,150,-0.0313,-0.0261,-1.3053,-1.019765625
2026-05-27,"WAS @ SEA","two point field goal","WAS","WAS two point field goal",2026-05-27 18:51:23.437108,"dk",0.4026,148,0.4878,105,-0.0852,-0.0832,-4.1594,-3.24953125
2026-05-27,"WAS @ SEA","two point field goal","SEA","SEA two point field goal",2026-05-27 18:51:23.437108,"dk",0.3443,190,0.3846,160,-0.0404,-0.0328,-1.6398,-1.28109375
2026-05-27,"PHX @ NYL","three point field goal","NYL","NYL three point field goal",2026-05-27 19:21:22.671494,"dk",0.1338,647,0.2222,350,-0.0884,-0.0568,-2.8419,-2.220234375
2026-05-27,"PHX @ NYL","three point field goal","PHX","PHX three point field goal",2026-05-27 19:21:22.671494,"dk",0.1057,846,0.1739,475,-0.0682,-0.0413,-2.0639,-1.612421875
2026-05-27,"TOR @ CHI","three point field goal","CHI","CHI three point field goal",2026-05-27 19:21:22.671494,"dk",0.1028,873,0.1739,475,-0.0711,-0.0431,-2.1526,-1.68171875
2026-05-27,"TOR @ CHI","three point field goal","TOR","TOR three point field goal",2026-05-27 19:21:22.671494,"dk",0.1238,708,0.2,400,-0.0762,-0.0476,-2.3813,-1.860390625
2026-05-27,"ATL @ MIN","three point field goal","MIN","MIN three point field goal",2026-05-27 19:21:22.671494,"dk",0.1181,747,0.1538,550,-0.0358,-0.0211,-1.0564,-0.8253125
2026-05-27,"ATL @ MIN","three point field goal","ATL","ATL three point field goal",2026-05-27 19:21:22.671494,"dk",0.1355,638,0.1905,425,-0.055,-0.0339,-1.6973,-1.326015625
2026-05-27,"CON @ PDX","three point field goal","CON","CON three point field goal",2026-05-27 19:21:22.671494,"dk",0.124,707,0.1739,475,-0.0499,-0.0302,-1.5109,-1.180390625
2026-05-27,"CON @ PDX","three point field goal","PDX","PDX three point field goal",2026-05-27 19:21:22.671494,"dk",0.1322,656,0.1739,475,-0.0417,-0.0252,-1.2623,-0.986171875
2026-05-27,"WAS @ SEA","three point field goal","WAS","WAS three point field goal",2026-05-27 19:21:22.671494,"dk",0.1291,674,0.1667,500,-0.0375,-0.0225,-1.1258,-0.87953125
2026-05-27,"WAS @ SEA","three point field goal","SEA","SEA three point field goal",2026-05-27 19:21:22.671494,"dk",0.124,706,0.1667,500,-0.0426,-0.0256,-1.2793,-0.999453125
2026-05-27,"PHX @ NYL","two point field goal","NYL","NYL two point field goal",2026-05-27 19:21:22.671494,"dk",0.3579,179,0.4167,140,-0.0588,-0.0504,-2.5206,-1.96921875
2026-05-27,"PHX @ NYL","two point field goal","PHX","PHX two point field goal",2026-05-27 19:21:22.671494,"dk",0.4026,148,0.3774,165,0.0253,0.0203,1.0145,0.792578125
2026-05-27,"TOR @ CHI","two point field goal","CHI","CHI two point field goal",2026-05-27 19:21:22.671494,"dk",0.419,139,0.5122,-105,-0.0932,-0.0955,-4.774,-3.7296875
2026-05-27,"TOR @ CHI","two point field goal","TOR","TOR two point field goal",2026-05-27 19:21:22.671494,"dk",0.3544,182,0.3077,225,0.0467,0.0337,1.6857,1.316953125
2026-05-27,"ATL @ MIN","two point field goal","MIN","MIN two point field goal",2026-05-27 19:21:22.671494,"dk",0.3673,172,0.3922,155,-0.0248,-0.0204,-1.0208,-0.7975
2026-05-27,"ATL @ MIN","two point field goal","ATL","ATL two point field goal",2026-05-27 19:21:22.671494,"dk",0.3791,164,0.4545,120,-0.0755,-0.0692,-3.4599,-2.703046875
2026-05-27,"CON @ PDX","two point field goal","CON","CON two point field goal",2026-05-27 19:21:22.671494,"dk",0.3751,167,0.4444,125,-0.0693,-0.0624,-3.1187,-2.436484375
2026-05-27,"CON @ PDX","two point field goal","PDX","PDX two point field goal",2026-05-27 19:21:22.671494,"dk",0.3687,171,0.4,150,-0.0313,-0.0261,-1.3053,-1.019765625
2026-05-27,"WAS @ SEA","two point field goal","WAS","WAS two point field goal",2026-05-27 19:21:22.671494,"dk",0.4026,148,0.4878,105,-0.0852,-0.0832,-4.1594,-3.24953125
2026-05-27,"WAS @ SEA","two point field goal","SEA","SEA two point field goal",2026-05-27 19:21:22.671494,"dk",0.3443,190,0.3846,160,-0.0404,-0.0328,-1.6398,-1.28109375
2026-05-27,"PHX @ NYL","three point field goal","NYL","NYL three point field goal",2026-05-27 19:51:23.947754,"dk",0.1338,647,0.2222,350,-0.0884,-0.0568,-2.8419,-2.220234375
2026-05-27,"PHX @ NYL","three point field goal","PHX","PHX three point field goal",2026-05-27 19:51:23.947754,"dk",0.1057,846,0.1739,475,-0.0682,-0.0413,-2.0639,-1.612421875
2026-05-27,"TOR @ CHI","three point field goal","CHI","CHI three point field goal",2026-05-27 19:51:23.947754,"dk",0.1028,873,0.1739,475,-0.0711,-0.0431,-2.1526,-1.68171875
2026-05-27,"TOR @ CHI","three point field goal","TOR","TOR three point field goal",2026-05-27 19:51:23.947754,"dk",0.1238,708,0.2,400,-0.0762,-0.0476,-2.3813,-1.860390625
2026-05-27,"ATL @ MIN","three point field goal","MIN","MIN three point field goal",2026-05-27 19:51:23.947754,"dk",0.1181,747,0.1538,550,-0.0358,-0.0211,-1.0564,-0.8253125
2026-05-27,"ATL @ MIN","three point field goal","ATL","ATL three point field goal",2026-05-27 19:51:23.947754,"dk",0.1355,638,0.1905,425,-0.055,-0.0339,-1.6973,-1.326015625
2026-05-27,"CON @ PDX","three point field goal","CON","CON three point field goal",2026-05-27 19:51:23.947754,"dk",0.124,707,0.1739,475,-0.0499,-0.0302,-1.5109,-1.180390625
2026-05-27,"CON @ PDX","three point field goal","PDX","PDX three point field goal",2026-05-27 19:51:23.947754,"dk",0.1322,656,0.1739,475,-0.0417,-0.0252,-1.2623,-0.986171875
2026-05-27,"WAS @ SEA","three point field goal","WAS","WAS three point field goal",2026-05-27 19:51:23.947754,"dk",0.1291,674,0.1667,500,-0.0375,-0.0225,-1.1258,-0.87953125
2026-05-27,"WAS @ SEA","three point field goal","SEA","SEA three point field goal",2026-05-27 19:51:23.947754,"dk",0.124,706,0.1667,500,-0.0426,-0.0256,-1.2793,-0.999453125
2026-05-27,"PHX @ NYL","two point field goal","NYL","NYL two point field goal",2026-05-27 19:51:23.947754,"dk",0.3579,179,0.4167,140,-0.0588,-0.0504,-2.5206,-1.96921875
2026-05-27,"PHX @ NYL","two point field goal","PHX","PHX two point field goal",2026-05-27 19:51:23.947754,"dk",0.4026,148,0.3774,165,0.0253,0.0203,1.0145,0.792578125
2026-05-27,"TOR @ CHI","two point field goal","CHI","CHI two point field goal",2026-05-27 19:51:23.947754,"dk",0.419,139,0.5122,-105,-0.0932,-0.0955,-4.774,-3.7296875
2026-05-27,"TOR @ CHI","two point field goal","TOR","TOR two point field goal",2026-05-27 19:51:23.947754,"dk",0.3544,182,0.3077,225,0.0467,0.0337,1.6857,1.316953125
2026-05-27,"ATL @ MIN","two point field goal","MIN","MIN two point field goal",2026-05-27 19:51:23.947754,"dk",0.3673,172,0.3922,155,-0.0248,-0.0204,-1.0208,-0.7975
2026-05-27,"ATL @ MIN","two point field goal","ATL","ATL two point field goal",2026-05-27 19:51:23.947754,"dk",0.3791,164,0.4545,120,-0.0755,-0.0692,-3.4599,-2.703046875
2026-05-27,"CON @ PDX","two point field goal","CON","CON two point field goal",2026-05-27 19:51:23.947754,"dk",0.3751,167,0.4444,125,-0.0693,-0.0624,-3.1187,-2.436484375
2026-05-27,"CON @ PDX","two point field goal","PDX","PDX two point field goal",2026-05-27 19:51:23.947754,"dk",0.3687,171,0.4,150,-0.0313,-0.0261,-1.3053,-1.019765625
2026-05-27,"WAS @ SEA","two point field goal","WAS","WAS two point field goal",2026-05-27 19:51:23.947754,"dk",0.4026,148,0.4878,105,-0.0852,-0.0832,-4.1594,-3.24953125
2026-05-27,"WAS @ SEA","two point field goal","SEA","SEA two point field goal",2026-05-27 19:51:23.947754,"dk",0.3443,190,0.3846,160,-0.0404,-0.0328,-1.6398,-1.28109375
2026-05-27,"PHX @ NYL","three point field goal","NYL","NYL three point field goal",2026-05-27 20:21:22.653943,"dk",0.1338,647,0.2222,350,-0.0884,-0.0568,-2.8419,-2.220234375
2026-05-27,"PHX @ NYL","three point field goal","PHX","PHX three point field goal",2026-05-27 20:21:22.653943,"dk",0.1057,846,0.1739,475,-0.0682,-0.0413,-2.0639,-1.612421875
2026-05-27,"TOR @ CHI","three point field goal","CHI","CHI three point field goal",2026-05-27 20:21:22.653943,"dk",0.1028,873,0.1739,475,-0.0711,-0.0431,-2.153,-1.68203125
2026-05-27,"TOR @ CHI","three point field goal","TOR","TOR three point field goal",2026-05-27 20:21:22.653943,"dk",0.1238,708,0.2,400,-0.0762,-0.0476,-2.3807,-1.859921875
2026-05-27,"ATL @ MIN","three point field goal","MIN","MIN three point field goal",2026-05-27 20:21:22.653943,"dk",0.1181,747,0.1538,550,-0.0358,-0.0211,-1.0564,-0.8253125
2026-05-27,"ATL @ MIN","three point field goal","ATL","ATL three point field goal",2026-05-27 20:21:22.653943,"dk",0.1355,638,0.1905,425,-0.055,-0.0339,-1.6973,-1.326015625
2026-05-27,"CON @ PDX","three point field goal","CON","CON three point field goal",2026-05-27 20:21:22.653943,"dk",0.124,707,0.1739,475,-0.0499,-0.0302,-1.5109,-1.180390625
2026-05-27,"CON @ PDX","three point field goal","PDX","PDX three point field goal",2026-05-27 20:21:22.653943,"dk",0.1322,656,0.1739,475,-0.0417,-0.0252,-1.2623,-0.986171875
2026-05-27,"WAS @ SEA","three point field goal","WAS","WAS three point field goal",2026-05-27 20:21:22.653943,"dk",0.1291,674,0.1667,500,-0.0375,-0.0225,-1.1258,-0.87953125
2026-05-27,"WAS @ SEA","three point field goal","SEA","SEA three point field goal",2026-05-27 20:21:22.653943,"dk",0.124,706,0.1667,500,-0.0426,-0.0256,-1.2793,-0.999453125
2026-05-27,"PHX @ NYL","two point field goal","NYL","NYL two point field goal",2026-05-27 20:21:22.653943,"dk",0.3579,179,0.4167,140,-0.0588,-0.0504,-2.5206,-1.96921875
2026-05-27,"PHX @ NYL","two point field goal","PHX","PHX two point field goal",2026-05-27 20:21:22.653943,"dk",0.4026,148,0.3774,165,0.0253,0.0203,1.0145,0.792578125
2026-05-27,"TOR @ CHI","two point field goal","CHI","CHI two point field goal",2026-05-27 20:21:22.653943,"dk",0.419,139,0.5122,-105,-0.0932,-0.0955,-4.7773,-3.732265625
2026-05-27,"TOR @ CHI","two point field goal","TOR","TOR two point field goal",2026-05-27 20:21:22.653943,"dk",0.3544,182,0.3077,225,0.0467,0.0338,1.6879,1.318671875
2026-05-27,"ATL @ MIN","two point field goal","MIN","MIN two point field goal",2026-05-27 20:21:22.653943,"dk",0.3673,172,0.3922,155,-0.0248,-0.0204,-1.0208,-0.7975
2026-05-27,"ATL @ MIN","two point field goal","ATL","ATL two point field goal",2026-05-27 20:21:22.653943,"dk",0.3791,164,0.4545,120,-0.0755,-0.0692,-3.4599,-2.703046875
2026-05-27,"CON @ PDX","two point field goal","CON","CON two point field goal",2026-05-27 20:21:22.653943,"dk",0.3751,167,0.4444,125,-0.0693,-0.0624,-3.1187,-2.436484375
2026-05-27,"CON @ PDX","two point field goal","PDX","PDX two point field goal",2026-05-27 20:21:22.653943,"dk",0.3687,171,0.4,150,-0.0313,-0.0261,-1.3053,-1.019765625
2026-05-27,"WAS @ SEA","two point field goal","WAS","WAS two point field goal",2026-05-27 20:21:22.653943,"dk",0.4026,148,0.4878,105,-0.0852,-0.0832,-4.1594,-3.24953125
2026-05-27,"WAS @ SEA","two point field goal","SEA","SEA two point field goal",2026-05-27 20:21:22.653943,"dk",0.3443,190,0.3846,160,-0.0404,-0.0328,-1.6398,-1.28109375
2026-05-27,"PHX @ NYL","three point field goal","NYL","NYL three point field goal",2026-05-27 20:51:22.88227,"dk",0.1338,647,0.2222,350,-0.0884,-0.0568,-2.8419,-2.220234375
2026-05-27,"PHX @ NYL","three point field goal","PHX","PHX three point field goal",2026-05-27 20:51:22.88227,"dk",0.1057,846,0.1739,475,-0.0682,-0.0413,-2.0639,-1.612421875
2026-05-27,"TOR @ CHI","three point field goal","CHI","CHI three point field goal",2026-05-27 20:51:22.88227,"dk",0.1028,873,0.1739,475,-0.0711,-0.0431,-2.153,-1.68203125
2026-05-27,"TOR @ CHI","three point field goal","TOR","TOR three point field goal",2026-05-27 20:51:22.88227,"dk",0.1238,708,0.2,400,-0.0762,-0.0476,-2.3807,-1.859921875
2026-05-27,"ATL @ MIN","three point field goal","MIN","MIN three point field goal",2026-05-27 20:51:22.88227,"dk",0.1181,747,0.1538,550,-0.0358,-0.0211,-1.0564,-0.8253125
2026-05-27,"ATL @ MIN","three point field goal","ATL","ATL three point field goal",2026-05-27 20:51:22.88227,"dk",0.1355,638,0.1905,425,-0.055,-0.0339,-1.6973,-1.326015625
2026-05-27,"CON @ PDX","three point field goal","CON","CON three point field goal",2026-05-27 20:51:22.88227,"dk",0.124,707,0.1739,475,-0.0499,-0.0302,-1.5109,-1.180390625
2026-05-27,"CON @ PDX","three point field goal","PDX","PDX three point field goal",2026-05-27 20:51:22.88227,"dk",0.1322,656,0.1739,475,-0.0417,-0.0252,-1.2623,-0.986171875
2026-05-27,"WAS @ SEA","three point field goal","WAS","WAS three point field goal",2026-05-27 20:51:22.88227,"dk",0.1291,674,0.1667,500,-0.0375,-0.0225,-1.1258,-0.87953125
2026-05-27,"WAS @ SEA","three point field goal","SEA","SEA three point field goal",2026-05-27 20:51:22.88227,"dk",0.124,706,0.1667,500,-0.0426,-0.0256,-1.2793,-0.999453125
2026-05-27,"PHX @ NYL","two point field goal","NYL","NYL two point field goal",2026-05-27 20:51:22.88227,"dk",0.3579,179,0.4167,140,-0.0588,-0.0504,-2.5206,-1.96921875
2026-05-27,"PHX @ NYL","two point field goal","PHX","PHX two point field goal",2026-05-27 20:51:22.88227,"dk",0.4026,148,0.3774,165,0.0253,0.0203,1.0145,0.792578125
2026-05-27,"TOR @ CHI","two point field goal","CHI","CHI two point field goal",2026-05-27 20:51:22.88227,"dk",0.419,139,0.5122,-105,-0.0932,-0.0955,-4.7773,-3.732265625
2026-05-27,"TOR @ CHI","two point field goal","TOR","TOR two point field goal",2026-05-27 20:51:22.88227,"dk",0.3544,182,0.3077,225,0.0467,0.0338,1.6879,1.318671875
2026-05-27,"ATL @ MIN","two point field goal","MIN","MIN two point field goal",2026-05-27 20:51:22.88227,"dk",0.3673,172,0.3922,155,-0.0248,-0.0204,-1.0208,-0.7975
2026-05-27,"ATL @ MIN","two point field goal","ATL","ATL two point field goal",2026-05-27 20:51:22.88227,"dk",0.3791,164,0.4545,120,-0.0755,-0.0692,-3.4599,-2.703046875
2026-05-27,"CON @ PDX","two point field goal","CON","CON two point field goal",2026-05-27 20:51:22.88227,"dk",0.3751,167,0.4444,125,-0.0693,-0.0624,-3.1187,-2.436484375
2026-05-27,"CON @ PDX","two point field goal","PDX","PDX two point field goal",2026-05-27 20:51:22.88227,"dk",0.3687,171,0.4,150,-0.0313,-0.0261,-1.3053,-1.019765625
2026-05-27,"WAS @ SEA","two point field goal","WAS","WAS two point field goal",2026-05-27 20:51:22.88227,"dk",0.4026,148,0.4878,105,-0.0852,-0.0832,-4.1594,-3.24953125
2026-05-27,"WAS @ SEA","two point field goal","SEA","SEA two point field goal",2026-05-27 20:51:22.88227,"dk",0.3443,190,0.3846,160,-0.0404,-0.0328,-1.6398,-1.28109375
2026-05-27,"PHX @ NYL","three point field goal","NYL","NYL three point field goal",2026-05-27 21:21:21.166056,"dk",0.1338,647,0.2222,350,-0.0884,-0.0568,-2.8419,-2.220234375
2026-05-27,"PHX @ NYL","three point field goal","PHX","PHX three point field goal",2026-05-27 21:21:21.166056,"dk",0.1057,846,0.1739,475,-0.0682,-0.0413,-2.0639,-1.612421875
2026-05-27,"TOR @ CHI","three point field goal","CHI","CHI three point field goal",2026-05-27 21:21:21.166056,"dk",0.1028,873,0.1739,475,-0.0711,-0.0431,-2.153,-1.68203125
2026-05-27,"TOR @ CHI","three point field goal","TOR","TOR three point field goal",2026-05-27 21:21:21.166056,"dk",0.1238,708,0.2,400,-0.0762,-0.0476,-2.3807,-1.859921875
2026-05-27,"ATL @ MIN","three point field goal","MIN","MIN three point field goal",2026-05-27 21:21:21.166056,"dk",0.1181,747,0.1538,550,-0.0358,-0.0211,-1.0564,-0.8253125
2026-05-27,"ATL @ MIN","three point field goal","ATL","ATL three point field goal",2026-05-27 21:21:21.166056,"dk",0.1355,638,0.1905,425,-0.055,-0.0339,-1.6973,-1.326015625
2026-05-27,"CON @ PDX","three point field goal","CON","CON three point field goal",2026-05-27 21:21:21.166056,"dk",0.124,707,0.1739,475,-0.0499,-0.0302,-1.5109,-1.180390625
2026-05-27,"CON @ PDX","three point field goal","PDX","PDX three point field goal",2026-05-27 21:21:21.166056,"dk",0.1322,656,0.1739,475,-0.0417,-0.0252,-1.2623,-0.986171875
2026-05-27,"WAS @ SEA","three point field goal","WAS","WAS three point field goal",2026-05-27 21:21:21.166056,"dk",0.1291,674,0.1667,500,-0.0375,-0.0225,-1.1258,-0.87953125
2026-05-27,"WAS @ SEA","three point field goal","SEA","SEA three point field goal",2026-05-27 21:21:21.166056,"dk",0.124,706,0.1667,500,-0.0426,-0.0256,-1.2793,-0.999453125
2026-05-27,"PHX @ NYL","two point field goal","NYL","NYL two point field goal",2026-05-27 21:21:21.166056,"dk",0.3579,179,0.4167,140,-0.0588,-0.0504,-2.5206,-1.96921875
2026-05-27,"PHX @ NYL","two point field goal","PHX","PHX two point field goal",2026-05-27 21:21:21.166056,"dk",0.4026,148,0.3774,165,0.0253,0.0203,1.0145,0.792578125
2026-05-27,"TOR @ CHI","two point field goal","CHI","CHI two point field goal",2026-05-27 21:21:21.166056,"dk",0.419,139,0.5122,-105,-0.0932,-0.0955,-4.7773,-3.732265625
2026-05-27,"TOR @ CHI","two point field goal","TOR","TOR two point field goal",2026-05-27 21:21:21.166056,"dk",0.3544,182,0.3077,225,0.0467,0.0338,1.6879,1.318671875
2026-05-27,"ATL @ MIN","two point field goal","MIN","MIN two point field goal",2026-05-27 21:21:21.166056,"dk",0.3673,172,0.3922,155,-0.0248,-0.0204,-1.0208,-0.7975
2026-05-27,"ATL @ MIN","two point field goal","ATL","ATL two point field goal",2026-05-27 21:21:21.166056,"dk",0.3791,164,0.4545,120,-0.0755,-0.0692,-3.4599,-2.703046875
2026-05-27,"CON @ PDX","two point field goal","CON","CON two point field goal",2026-05-27 21:21:21.166056,"dk",0.3751,167,0.4444,125,-0.0693,-0.0624,-3.1187,-2.436484375
2026-05-27,"CON @ PDX","two point field goal","PDX","PDX two point field goal",2026-05-27 21:21:21.166056,"dk",0.3687,171,0.4,150,-0.0313,-0.0261,-1.3053,-1.019765625
2026-05-27,"WAS @ SEA","two point field goal","WAS","WAS two point field goal",2026-05-27 21:21:21.166056,"dk",0.4026,148,0.4878,105,-0.0852,-0.0832,-4.1594,-3.24953125
2026-05-27,"WAS @ SEA","two point field goal","SEA","SEA two point field goal",2026-05-27 21:21:21.166056,"dk",0.3443,190,0.3846,160,-0.0404,-0.0328,-1.6398,-1.28109375
2026-05-27,"PHX @ NYL","three point field goal","NYL","NYL three point field goal",2026-05-27 21:51:21.502111,"dk",0.1338,647,0.2222,350,-0.0884,-0.0568,-2.8419,-2.220234375
2026-05-27,"PHX @ NYL","three point field goal","PHX","PHX three point field goal",2026-05-27 21:51:21.502111,"dk",0.1057,846,0.1739,475,-0.0682,-0.0413,-2.0639,-1.612421875
2026-05-27,"TOR @ CHI","three point field goal","CHI","CHI three point field goal",2026-05-27 21:51:21.502111,"dk",0.1028,873,0.1739,475,-0.0711,-0.0431,-2.153,-1.68203125
2026-05-27,"TOR @ CHI","three point field goal","TOR","TOR three point field goal",2026-05-27 21:51:21.502111,"dk",0.1238,708,0.2,400,-0.0762,-0.0476,-2.3807,-1.859921875
2026-05-27,"ATL @ MIN","three point field goal","MIN","MIN three point field goal",2026-05-27 21:51:21.502111,"dk",0.1181,747,0.1538,550,-0.0358,-0.0211,-1.0564,-0.8253125
2026-05-27,"ATL @ MIN","three point field goal","ATL","ATL three point field goal",2026-05-27 21:51:21.502111,"dk",0.1355,638,0.1905,425,-0.055,-0.0339,-1.6973,-1.326015625
2026-05-27,"CON @ PDX","three point field goal","CON","CON three point field goal",2026-05-27 21:51:21.502111,"dk",0.124,707,0.1739,475,-0.0499,-0.0302,-1.5109,-1.180390625
2026-05-27,"CON @ PDX","three point field goal","PDX","PDX three point field goal",2026-05-27 21:51:21.502111,"dk",0.1322,656,0.1739,475,-0.0417,-0.0252,-1.2623,-0.986171875
2026-05-27,"WAS @ SEA","three point field goal","WAS","WAS three point field goal",2026-05-27 21:51:21.502111,"dk",0.1291,674,0.1667,500,-0.0375,-0.0225,-1.1258,-0.87953125
2026-05-27,"WAS @ SEA","three point field goal","SEA","SEA three point field goal",2026-05-27 21:51:21.502111,"dk",0.124,706,0.1667,500,-0.0426,-0.0256,-1.2793,-0.999453125
2026-05-27,"PHX @ NYL","two point field goal","NYL","NYL two point field goal",2026-05-27 21:51:21.502111,"dk",0.3579,179,0.4167,140,-0.0588,-0.0504,-2.5206,-1.96921875
2026-05-27,"PHX @ NYL","two point field goal","PHX","PHX two point field goal",2026-05-27 21:51:21.502111,"dk",0.4026,148,0.3774,165,0.0253,0.0203,1.0145,0.792578125
2026-05-27,"TOR @ CHI","two point field goal","CHI","CHI two point field goal",2026-05-27 21:51:21.502111,"dk",0.419,139,0.5122,-105,-0.0932,-0.0955,-4.7773,-3.732265625
2026-05-27,"TOR @ CHI","two point field goal","TOR","TOR two point field goal",2026-05-27 21:51:21.502111,"dk",0.3544,182,0.3077,225,0.0467,0.0338,1.6879,1.318671875
2026-05-27,"ATL @ MIN","two point field goal","MIN","MIN two point field goal",2026-05-27 21:51:21.502111,"dk",0.3673,172,0.3922,155,-0.0248,-0.0204,-1.0208,-0.7975
2026-05-27,"ATL @ MIN","two point field goal","ATL","ATL two point field goal",2026-05-27 21:51:21.502111,"dk",0.3791,164,0.4545,120,-0.0755,-0.0692,-3.4599,-2.703046875
2026-05-27,"CON @ PDX","two point field goal","CON","CON two point field goal",2026-05-27 21:51:21.502111,"dk",0.3751,167,0.4444,125,-0.0693,-0.0624,-3.1187,-2.436484375
2026-05-27,"CON @ PDX","two point field goal","PDX","PDX two point field goal",2026-05-27 21:51:21.502111,"dk",0.3687,171,0.4,150,-0.0313,-0.0261,-1.3053,-1.019765625
2026-05-27,"WAS @ SEA","two point field goal","WAS","WAS two point field goal",2026-05-27 21:51:21.502111,"dk",0.4026,148,0.4878,105,-0.0852,-0.0832,-4.1594,-3.24953125
2026-05-27,"WAS @ SEA","two point field goal","SEA","SEA two point field goal",2026-05-27 21:51:21.502111,"dk",0.3443,190,0.3846,160,-0.0404,-0.0328,-1.6398,-1.28109375
2026-05-27,"PHX @ NYL","three point field goal","NYL","NYL three point field goal",2026-05-27 22:21:21.656085,"dk",0.1338,647,0.2222,350,-0.0884,-0.0568,-2.8419,-2.220234375
2026-05-27,"PHX @ NYL","three point field goal","PHX","PHX three point field goal",2026-05-27 22:21:21.656085,"dk",0.1057,846,0.1739,475,-0.0682,-0.0413,-2.0639,-1.612421875
2026-05-27,"TOR @ CHI","three point field goal","CHI","CHI three point field goal",2026-05-27 22:21:21.656085,"dk",0.1028,873,0.1739,475,-0.0711,-0.0431,-2.153,-1.68203125
2026-05-27,"TOR @ CHI","three point field goal","TOR","TOR three point field goal",2026-05-27 22:21:21.656085,"dk",0.1238,708,0.2,400,-0.0762,-0.0476,-2.3807,-1.859921875
2026-05-27,"ATL @ MIN","three point field goal","MIN","MIN three point field goal",2026-05-27 22:21:21.656085,"dk",0.1181,747,0.1538,550,-0.0358,-0.0211,-1.0564,-0.8253125
2026-05-27,"ATL @ MIN","three point field goal","ATL","ATL three point field goal",2026-05-27 22:21:21.656085,"dk",0.1355,638,0.1905,425,-0.055,-0.0339,-1.6973,-1.326015625
2026-05-27,"CON @ PDX","three point field goal","CON","CON three point field goal",2026-05-27 22:21:21.656085,"dk",0.124,707,0.1739,475,-0.0499,-0.0302,-1.5115,-1.180859375
2026-05-27,"CON @ PDX","three point field goal","PDX","PDX three point field goal",2026-05-27 22:21:21.656085,"dk",0.1322,656,0.1739,475,-0.0417,-0.0252,-1.2617,-0.985703125
2026-05-27,"WAS @ SEA","three point field goal","WAS","WAS three point field goal",2026-05-27 22:21:21.656085,"dk",0.1291,674,0.1667,500,-0.0375,-0.0225,-1.1258,-0.87953125
2026-05-27,"WAS @ SEA","three point field goal","SEA","SEA three point field goal",2026-05-27 22:21:21.656085,"dk",0.124,706,0.1667,500,-0.0426,-0.0256,-1.2793,-0.999453125
2026-05-27,"PHX @ NYL","two point field goal","NYL","NYL two point field goal",2026-05-27 22:21:21.656085,"dk",0.3579,179,0.4167,140,-0.0588,-0.0504,-2.5206,-1.96921875
2026-05-27,"PHX @ NYL","two point field goal","PHX","PHX two point field goal",2026-05-27 22:21:21.656085,"dk",0.4026,148,0.3774,165,0.0253,0.0203,1.0145,0.792578125
2026-05-27,"TOR @ CHI","two point field goal","CHI","CHI two point field goal",2026-05-27 22:21:21.656085,"dk",0.419,139,0.5122,-105,-0.0932,-0.0955,-4.7773,-3.732265625
2026-05-27,"TOR @ CHI","two point field goal","TOR","TOR two point field goal",2026-05-27 22:21:21.656085,"dk",0.3544,182,0.3077,225,0.0467,0.0338,1.6879,1.318671875
2026-05-27,"ATL @ MIN","two point field goal","MIN","MIN two point field goal",2026-05-27 22:21:21.656085,"dk",0.3673,172,0.3922,155,-0.0248,-0.0204,-1.0208,-0.7975
2026-05-27,"ATL @ MIN","two point field goal","ATL","ATL two point field goal",2026-05-27 22:21:21.656085,"dk",0.3791,164,0.4545,120,-0.0755,-0.0692,-3.4599,-2.703046875
2026-05-27,"CON @ PDX","two point field goal","CON","CON two point field goal",2026-05-27 22:21:21.656085,"dk",0.3751,167,0.4444,125,-0.0694,-0.0624,-3.1214,-2.43859375
2026-05-27,"CON @ PDX","two point field goal","PDX","PDX two point field goal",2026-05-27 22:21:21.656085,"dk",0.3687,171,0.4,150,-0.0313,-0.0261,-1.3029,-1.017890625
2026-05-27,"WAS @ SEA","two point field goal","WAS","WAS two point field goal",2026-05-27 22:21:21.656085,"dk",0.4026,148,0.4878,105,-0.0852,-0.0832,-4.1594,-3.24953125
2026-05-27,"WAS @ SEA","two point field goal","SEA","SEA two point field goal",2026-05-27 22:21:21.656085,"dk",0.3443,190,0.3846,160,-0.0404,-0.0328,-1.6398,-1.28109375
2026-05-27,"PHX @ NYL","three point field goal","NYL","NYL three point field goal",2026-05-27 22:51:21.631396,"dk",0.1402,613,0.2222,350,-0.082,-0.0527,-2.6356,-2.0590625
2026-05-27,"PHX @ NYL","three point field goal","PHX","PHX three point field goal",2026-05-27 22:51:21.631396,"dk",0.1049,853,0.1739,475,-0.069,-0.0418,-2.0885,-1.631640625
2026-05-27,"TOR @ CHI","three point field goal","CHI","CHI three point field goal",2026-05-27 22:51:21.631396,"dk",0.1028,873,0.1739,475,-0.0711,-0.0431,-2.153,-1.68203125
2026-05-27,"TOR @ CHI","three point field goal","TOR","TOR three point field goal",2026-05-27 22:51:21.631396,"dk",0.1238,708,0.2,400,-0.0762,-0.0476,-2.3807,-1.859921875
2026-05-27,"ATL @ MIN","three point field goal","MIN","MIN three point field goal",2026-05-27 22:51:21.631396,"dk",0.1181,747,0.1538,550,-0.0358,-0.0211,-1.0564,-0.8253125
2026-05-27,"ATL @ MIN","three point field goal","ATL","ATL three point field goal",2026-05-27 22:51:21.631396,"dk",0.1355,638,0.1905,425,-0.055,-0.0339,-1.6973,-1.326015625
2026-05-27,"CON @ PDX","three point field goal","CON","CON three point field goal",2026-05-27 22:51:21.631396,"dk",0.124,707,0.1739,475,-0.0499,-0.0302,-1.5115,-1.180859375
2026-05-27,"CON @ PDX","three point field goal","PDX","PDX three point field goal",2026-05-27 22:51:21.631396,"dk",0.1322,656,0.1739,475,-0.0417,-0.0252,-1.2617,-0.985703125
2026-05-27,"WAS @ SEA","three point field goal","WAS","WAS three point field goal",2026-05-27 22:51:21.631396,"dk",0.1291,674,0.1667,500,-0.0375,-0.0225,-1.1258,-0.87953125
2026-05-27,"WAS @ SEA","three point field goal","SEA","SEA three point field goal",2026-05-27 22:51:21.631396,"dk",0.124,706,0.1667,500,-0.0426,-0.0256,-1.2793,-0.999453125
2026-05-27,"PHX @ NYL","two point field goal","NYL","NYL two point field goal",2026-05-27 22:51:21.631396,"dk",0.3553,181,0.4167,140,-0.0613,-0.0526,-2.6282,-2.05328125
2026-05-27,"PHX @ NYL","two point field goal","PHX","PHX two point field goal",2026-05-27 22:51:21.631396,"dk",0.3995,150,0.3774,165,0.0222,0.0178,0.8903,0.695546875
2026-05-27,"TOR @ CHI","two point field goal","CHI","CHI two point field goal",2026-05-27 22:51:21.631396,"dk",0.419,139,0.5122,-105,-0.0932,-0.0955,-4.7773,-3.732265625
2026-05-27,"TOR @ CHI","two point field goal","TOR","TOR two point field goal",2026-05-27 22:51:21.631396,"dk",0.3544,182,0.3077,225,0.0467,0.0338,1.6879,1.318671875
2026-05-27,"ATL @ MIN","two point field goal","MIN","MIN two point field goal",2026-05-27 22:51:21.631396,"dk",0.3673,172,0.3922,155,-0.0248,-0.0204,-1.0208,-0.7975
2026-05-27,"ATL @ MIN","two point field goal","ATL","ATL two point field goal",2026-05-27 22:51:21.631396,"dk",0.3791,164,0.4545,120,-0.0755,-0.0692,-3.4599,-2.703046875
2026-05-27,"CON @ PDX","two point field goal","CON","CON two point field goal",2026-05-27 22:51:21.631396,"dk",0.3751,167,0.4444,125,-0.0694,-0.0624,-3.1214,-2.43859375
2026-05-27,"CON @ PDX","two point field goal","PDX","PDX two point field goal",2026-05-27 22:51:21.631396,"dk",0.3687,171,0.4,150,-0.0313,-0.0261,-1.3029,-1.017890625
2026-05-27,"WAS @ SEA","two point field goal","WAS","WAS two point field goal",2026-05-27 22:51:21.631396,"dk",0.4026,148,0.4878,105,-0.0852,-0.0832,-4.1594,-3.24953125
2026-05-27,"WAS @ SEA","two point field goal","SEA","SEA two point field goal",2026-05-27 22:51:21.631396,"dk",0.3443,190,0.3846,160,-0.0404,-0.0328,-1.6398,-1.28109375
2026-05-27,"PHX @ NYL","three point field goal","NYL","NYL three point field goal",2026-05-27 23:21:21.268387,"dk",0.1397,616,0.2222,350,-0.0825,-0.0531,-2.6526,-2.07234375
2026-05-27,"PHX @ NYL","three point field goal","PHX","PHX three point field goal",2026-05-27 23:21:21.268387,"dk",0.1028,873,0.1739,475,-0.0712,-0.0431,-2.1534,-1.68234375
2026-05-27,"TOR @ CHI","three point field goal","CHI","CHI three point field goal",2026-05-27 23:21:21.268387,"dk",0.1028,873,0.1739,475,-0.0711,-0.0431,-2.153,-1.68203125
2026-05-27,"TOR @ CHI","three point field goal","TOR","TOR three point field goal",2026-05-27 23:21:21.268387,"dk",0.1238,708,0.2,400,-0.0762,-0.0476,-2.3807,-1.859921875
2026-05-27,"ATL @ MIN","three point field goal","MIN","MIN three point field goal",2026-05-27 23:21:21.268387,"dk",0.1181,747,0.1538,550,-0.0358,-0.0211,-1.0564,-0.8253125
2026-05-27,"ATL @ MIN","three point field goal","ATL","ATL three point field goal",2026-05-27 23:21:21.268387,"dk",0.1355,638,0.1905,425,-0.055,-0.0339,-1.6973,-1.326015625
2026-05-27,"CON @ PDX","three point field goal","CON","CON three point field goal",2026-05-27 23:21:21.268387,"dk",0.124,707,0.1739,475,-0.0499,-0.0302,-1.5115,-1.180859375
2026-05-27,"CON @ PDX","three point field goal","PDX","PDX three point field goal",2026-05-27 23:21:21.268387,"dk",0.1322,656,0.1739,475,-0.0417,-0.0252,-1.2617,-0.985703125
2026-05-27,"WAS @ SEA","three point field goal","WAS","WAS three point field goal",2026-05-27 23:21:21.268387,"dk",0.1291,674,0.1667,500,-0.0375,-0.0225,-1.1258,-0.87953125
2026-05-27,"WAS @ SEA","three point field goal","SEA","SEA three point field goal",2026-05-27 23:21:21.268387,"dk",0.124,706,0.1667,500,-0.0426,-0.0256,-1.2793,-0.999453125
2026-05-27,"PHX @ NYL","two point field goal","NYL","NYL two point field goal",2026-05-27 23:21:21.268387,"dk",0.354,182,0.4167,140,-0.0627,-0.0537,-2.6857,-2.098203125
2026-05-27,"PHX @ NYL","two point field goal","PHX","PHX two point field goal",2026-05-27 23:21:21.268387,"dk",0.4035,148,0.3774,165,0.0262,0.021,1.0515,0.821484375
2026-05-27,"TOR @ CHI","two point field goal","CHI","CHI two point field goal",2026-05-27 23:21:21.268387,"dk",0.419,139,0.5122,-105,-0.0932,-0.0955,-4.7773,-3.732265625
2026-05-27,"TOR @ CHI","two point field goal","TOR","TOR two point field goal",2026-05-27 23:21:21.268387,"dk",0.3544,182,0.3077,225,0.0467,0.0338,1.6879,1.318671875
2026-05-27,"ATL @ MIN","two point field goal","MIN","MIN two point field goal",2026-05-27 23:21:21.268387,"dk",0.3673,172,0.3922,155,-0.0248,-0.0204,-1.0208,-0.7975
2026-05-27,"ATL @ MIN","two point field goal","ATL","ATL two point field goal",2026-05-27 23:21:21.268387,"dk",0.3791,164,0.4545,120,-0.0755,-0.0692,-3.4599,-2.703046875
2026-05-27,"CON @ PDX","two point field goal","CON","CON two point field goal",2026-05-27 23:21:21.268387,"dk",0.3751,167,0.4444,125,-0.0694,-0.0624,-3.1214,-2.43859375
2026-05-27,"CON @ PDX","two point field goal","PDX","PDX two point field goal",2026-05-27 23:21:21.268387,"dk",0.3687,171,0.4,150,-0.0313,-0.0261,-1.3029,-1.017890625
2026-05-27,"WAS @ SEA","two point field goal","WAS","WAS two point field goal",2026-05-27 23:21:21.268387,"dk",0.4026,148,0.4878,105,-0.0852,-0.0832,-4.1594,-3.24953125
2026-05-27,"WAS @ SEA","two point field goal","SEA","SEA two point field goal",2026-05-27 23:21:21.268387,"dk",0.3443,190,0.3846,160,-0.0404,-0.0328,-1.6398,-1.28109375
2026-05-27,"TOR @ CHI","three point field goal","CHI","CHI three point field goal",2026-05-27 23:51:20.749345,"dk",0.1028,873,0.1739,475,-0.0711,-0.0431,-2.153,-1.68203125
2026-05-27,"TOR @ CHI","three point field goal","TOR","TOR three point field goal",2026-05-27 23:51:20.749345,"dk",0.1238,708,0.2,400,-0.0762,-0.0476,-2.3807,-1.859921875
2026-05-27,"ATL @ MIN","three point field goal","MIN","MIN three point field goal",2026-05-27 23:51:20.749345,"dk",0.1181,747,0.1538,550,-0.0358,-0.0211,-1.0564,-0.8253125
2026-05-27,"ATL @ MIN","three point field goal","ATL","ATL three point field goal",2026-05-27 23:51:20.749345,"dk",0.1355,638,0.1905,425,-0.055,-0.0339,-1.6973,-1.326015625
2026-05-27,"CON @ PDX","three point field goal","CON","CON three point field goal",2026-05-27 23:51:20.749345,"dk",0.124,707,0.1739,475,-0.0499,-0.0302,-1.5115,-1.180859375
2026-05-27,"CON @ PDX","three point field goal","PDX","PDX three point field goal",2026-05-27 23:51:20.749345,"dk",0.1322,656,0.1739,475,-0.0417,-0.0252,-1.2617,-0.985703125
2026-05-27,"WAS @ SEA","three point field goal","WAS","WAS three point field goal",2026-05-27 23:51:20.749345,"dk",0.1291,674,0.1667,500,-0.0375,-0.0225,-1.1258,-0.87953125
2026-05-27,"WAS @ SEA","three point field goal","SEA","SEA three point field goal",2026-05-27 23:51:20.749345,"dk",0.124,706,0.1667,500,-0.0426,-0.0256,-1.2793,-0.999453125
2026-05-27,"TOR @ CHI","two point field goal","CHI","CHI two point field goal",2026-05-27 23:51:20.749345,"dk",0.419,139,0.5122,-105,-0.0932,-0.0955,-4.7773,-3.732265625
2026-05-27,"TOR @ CHI","two point field goal","TOR","TOR two point field goal",2026-05-27 23:51:20.749345,"dk",0.3544,182,0.3077,225,0.0467,0.0338,1.6879,1.318671875
2026-05-27,"ATL @ MIN","two point field goal","MIN","MIN two point field goal",2026-05-27 23:51:20.749345,"dk",0.3673,172,0.3922,155,-0.0248,-0.0204,-1.0208,-0.7975
2026-05-27,"ATL @ MIN","two point field goal","ATL","ATL two point field goal",2026-05-27 23:51:20.749345,"dk",0.3791,164,0.4545,120,-0.0755,-0.0692,-3.4599,-2.703046875
2026-05-27,"CON @ PDX","two point field goal","CON","CON two point field goal",2026-05-27 23:51:20.749345,"dk",0.3751,167,0.4444,125,-0.0694,-0.0624,-3.1214,-2.43859375
2026-05-27,"CON @ PDX","two point field goal","PDX","PDX two point field goal",2026-05-27 23:51:20.749345,"dk",0.3687,171,0.4,150,-0.0313,-0.0261,-1.3029,-1.017890625
2026-05-27,"WAS @ SEA","two point field goal","WAS","WAS two point field goal",2026-05-27 23:51:20.749345,"dk",0.4026,148,0.4878,105,-0.0852,-0.0832,-4.1594,-3.24953125
2026-05-27,"WAS @ SEA","two point field goal","SEA","SEA two point field goal",2026-05-27 23:51:20.749345,"dk",0.3443,190,0.3846,160,-0.0404,-0.0328,-1.6398,-1.28109375
2026-05-27,"TOR @ CHI","three point field goal","CHI","CHI three point field goal",2026-05-28 00:21:21.492734,"dk",0.1028,873,0.1739,475,-0.0711,-0.0431,-2.153,-1.68203125
2026-05-27,"TOR @ CHI","three point field goal","TOR","TOR three point field goal",2026-05-28 00:21:21.492734,"dk",0.1238,708,0.2,400,-0.0762,-0.0476,-2.3807,-1.859921875
2026-05-27,"ATL @ MIN","three point field goal","MIN","MIN three point field goal",2026-05-28 00:21:21.492734,"dk",0.1181,747,0.1538,550,-0.0358,-0.0211,-1.057,-0.82578125
2026-05-27,"ATL @ MIN","three point field goal","ATL","ATL three point field goal",2026-05-28 00:21:21.492734,"dk",0.1355,638,0.1905,425,-0.0549,-0.0339,-1.6967,-1.325546875
2026-05-27,"CON @ PDX","three point field goal","CON","CON three point field goal",2026-05-28 00:21:21.492734,"dk",0.124,707,0.1739,475,-0.0499,-0.0302,-1.5115,-1.180859375
2026-05-27,"CON @ PDX","three point field goal","PDX","PDX three point field goal",2026-05-28 00:21:21.492734,"dk",0.1322,656,0.1739,475,-0.0417,-0.0252,-1.2617,-0.985703125
2026-05-27,"WAS @ SEA","three point field goal","WAS","WAS three point field goal",2026-05-28 00:21:21.492734,"dk",0.1291,674,0.1667,500,-0.0375,-0.0225,-1.1258,-0.87953125
2026-05-27,"WAS @ SEA","three point field goal","SEA","SEA three point field goal",2026-05-28 00:21:21.492734,"dk",0.124,706,0.1667,500,-0.0426,-0.0256,-1.2793,-0.999453125
2026-05-27,"TOR @ CHI","two point field goal","CHI","CHI two point field goal",2026-05-28 00:21:21.492734,"dk",0.419,139,0.5122,-105,-0.0932,-0.0955,-4.7773,-3.732265625
2026-05-27,"TOR @ CHI","two point field goal","TOR","TOR two point field goal",2026-05-28 00:21:21.492734,"dk",0.3544,182,0.3077,225,0.0467,0.0338,1.6879,1.318671875
2026-05-27,"ATL @ MIN","two point field goal","MIN","MIN two point field goal",2026-05-28 00:21:21.492734,"dk",0.3673,172,0.3922,155,-0.0249,-0.0205,-1.0233,-0.799453125
2026-05-27,"ATL @ MIN","two point field goal","ATL","ATL two point field goal",2026-05-28 00:21:21.492734,"dk",0.3791,164,0.4545,120,-0.0754,-0.0691,-3.4572,-2.7009375
2026-05-27,"CON @ PDX","two point field goal","CON","CON two point field goal",2026-05-28 00:21:21.492734,"dk",0.3751,167,0.4444,125,-0.0694,-0.0624,-3.1214,-2.43859375
2026-05-27,"CON @ PDX","two point field goal","PDX","PDX two point field goal",2026-05-28 00:21:21.492734,"dk",0.3687,171,0.4,150,-0.0313,-0.0261,-1.3029,-1.017890625
2026-05-27,"WAS @ SEA","two point field goal","WAS","WAS two point field goal",2026-05-28 00:21:21.492734,"dk",0.4026,148,0.4878,105,-0.0852,-0.0832,-4.1594,-3.24953125
2026-05-27,"WAS @ SEA","two point field goal","SEA","SEA two point field goal",2026-05-28 00:21:21.492734,"dk",0.3443,190,0.3846,160,-0.0404,-0.0328,-1.6398,-1.28109375
2026-05-27,"ATL @ MIN","three point field goal","MIN","MIN three point field goal",2026-05-28 00:51:20.504053,"dk",0.1181,747,0.1538,550,-0.0358,-0.0211,-1.057,-0.82578125
2026-05-27,"ATL @ MIN","three point field goal","ATL","ATL three point field goal",2026-05-28 00:51:20.504053,"dk",0.1355,638,0.1905,425,-0.0549,-0.0339,-1.6967,-1.325546875
2026-05-27,"CON @ PDX","three point field goal","CON","CON three point field goal",2026-05-28 00:51:20.504053,"dk",0.124,707,0.1739,475,-0.0499,-0.0302,-1.5115,-1.180859375
2026-05-27,"CON @ PDX","three point field goal","PDX","PDX three point field goal",2026-05-28 00:51:20.504053,"dk",0.1322,656,0.1739,475,-0.0417,-0.0252,-1.2617,-0.985703125
2026-05-27,"WAS @ SEA","three point field goal","WAS","WAS three point field goal",2026-05-28 00:51:20.504053,"dk",0.1291,674,0.1667,500,-0.0375,-0.0225,-1.1258,-0.87953125
2026-05-27,"WAS @ SEA","three point field goal","SEA","SEA three point field goal",2026-05-28 00:51:20.504053,"dk",0.124,706,0.1667,500,-0.0426,-0.0256,-1.2793,-0.999453125
2026-05-27,"ATL @ MIN","two point field goal","MIN","MIN two point field goal",2026-05-28 00:51:20.504053,"dk",0.3673,172,0.3922,155,-0.0249,-0.0205,-1.0233,-0.799453125
2026-05-27,"ATL @ MIN","two point field goal","ATL","ATL two point field goal",2026-05-28 00:51:20.504053,"dk",0.3791,164,0.4545,120,-0.0754,-0.0691,-3.4572,-2.7009375
2026-05-27,"CON @ PDX","two point field goal","CON","CON two point field goal",2026-05-28 00:51:20.504053,"dk",0.3751,167,0.4444,125,-0.0694,-0.0624,-3.1214,-2.43859375
2026-05-27,"CON @ PDX","two point field goal","PDX","PDX two point field goal",2026-05-28 00:51:20.504053,"dk",0.3687,171,0.4,150,-0.0313,-0.0261,-1.3029,-1.017890625
2026-05-27,"WAS @ SEA","two point field goal","WAS","WAS two point field goal",2026-05-28 00:51:20.504053,"dk",0.4026,148,0.4878,105,-0.0852,-0.0832,-4.1594,-3.24953125
2026-05-27,"WAS @ SEA","two point field goal","SEA","SEA two point field goal",2026-05-28 00:51:20.504053,"dk",0.3443,190,0.3846,160,-0.0404,-0.0328,-1.6398,-1.28109375
2026-05-27,"ATL @ MIN","three point field goal","MIN","MIN three point field goal",2026-05-28 01:21:21.452075,"dk",0.1181,747,0.1538,550,-0.0358,-0.0211,-1.057,-0.82578125
2026-05-27,"ATL @ MIN","three point field goal","ATL","ATL three point field goal",2026-05-28 01:21:21.452075,"dk",0.1355,638,0.1905,425,-0.0549,-0.0339,-1.6967,-1.325546875
2026-05-27,"CON @ PDX","three point field goal","CON","CON three point field goal",2026-05-28 01:21:21.452075,"dk",0.124,707,0.1739,475,-0.0499,-0.0302,-1.5115,-1.180859375
2026-05-27,"CON @ PDX","three point field goal","PDX","PDX three point field goal",2026-05-28 01:21:21.452075,"dk",0.1322,656,0.1739,475,-0.0417,-0.0252,-1.2617,-0.985703125
2026-05-27,"WAS @ SEA","three point field goal","WAS","WAS three point field goal",2026-05-28 01:21:21.452075,"dk",0.1291,674,0.1667,500,-0.0375,-0.0225,-1.1258,-0.87953125
2026-05-27,"WAS @ SEA","three point field goal","SEA","SEA three point field goal",2026-05-28 01:21:21.452075,"dk",0.124,706,0.1667,500,-0.0426,-0.0256,-1.2793,-0.999453125
2026-05-27,"ATL @ MIN","two point field goal","MIN","MIN two point field goal",2026-05-28 01:21:21.452075,"dk",0.3673,172,0.3922,155,-0.0249,-0.0205,-1.0233,-0.799453125
2026-05-27,"ATL @ MIN","two point field goal","ATL","ATL two point field goal",2026-05-28 01:21:21.452075,"dk",0.3791,164,0.4545,120,-0.0754,-0.0691,-3.4572,-2.7009375
2026-05-27,"CON @ PDX","two point field goal","CON","CON two point field goal",2026-05-28 01:21:21.452075,"dk",0.3751,167,0.4444,125,-0.0694,-0.0624,-3.1214,-2.43859375
2026-05-27,"CON @ PDX","two point field goal","PDX","PDX two point field goal",2026-05-28 01:21:21.452075,"dk",0.3687,171,0.4,150,-0.0313,-0.0261,-1.3029,-1.017890625
2026-05-27,"WAS @ SEA","two point field goal","WAS","WAS two point field goal",2026-05-28 01:21:21.452075,"dk",0.4026,148,0.4878,105,-0.0852,-0.0832,-4.1594,-3.24953125
2026-05-27,"WAS @ SEA","two point field goal","SEA","SEA two point field goal",2026-05-28 01:21:21.452075,"dk",0.3443,190,0.3846,160,-0.0404,-0.0328,-1.6398,-1.28109375
2026-05-27,"CON @ PDX","three point field goal","CON","CON three point field goal",2026-05-28 01:51:21.312621,"dk",0.12,733,0.1739,475,-0.0539,-0.0326,-1.6321,-1.275078125
2026-05-27,"CON @ PDX","three point field goal","PDX","PDX three point field goal",2026-05-28 01:51:21.312621,"dk",0.1324,655,0.1739,475,-0.0415,-0.0251,-1.2559,-0.981171875
2026-05-27,"WAS @ SEA","three point field goal","WAS","WAS three point field goal",2026-05-28 01:51:21.312621,"dk",0.1291,674,0.1667,500,-0.0375,-0.0225,-1.1258,-0.87953125
2026-05-27,"WAS @ SEA","three point field goal","SEA","SEA three point field goal",2026-05-28 01:51:21.312621,"dk",0.124,706,0.1667,500,-0.0426,-0.0256,-1.2793,-0.999453125
2026-05-27,"CON @ PDX","two point field goal","CON","CON two point field goal",2026-05-28 01:51:21.312621,"dk",0.3783,164,0.4444,125,-0.0661,-0.0595,-2.9744,-2.32375
2026-05-27,"CON @ PDX","two point field goal","PDX","PDX two point field goal",2026-05-28 01:51:21.312621,"dk",0.3693,171,0.4,150,-0.0307,-0.0256,-1.2809,-1.000703125
2026-05-27,"WAS @ SEA","two point field goal","WAS","WAS two point field goal",2026-05-28 01:51:21.312621,"dk",0.4026,148,0.4878,105,-0.0852,-0.0832,-4.1594,-3.24953125
2026-05-27,"WAS @ SEA","two point field goal","SEA","SEA two point field goal",2026-05-28 01:51:21.312621,"dk",0.3443,190,0.3846,160,-0.0404,-0.0328,-1.6398,-1.28109375
2026-05-27,"CON @ PDX","three point field goal","CON","CON three point field goal",2026-05-28 02:21:21.323841,"dk",0.12,733,0.1739,475,-0.0539,-0.0326,-1.6321,-1.275078125
2026-05-27,"CON @ PDX","three point field goal","PDX","PDX three point field goal",2026-05-28 02:21:21.323841,"dk",0.1324,655,0.1739,475,-0.0415,-0.0251,-1.2559,-0.981171875
2026-05-27,"WAS @ SEA","three point field goal","WAS","WAS three point field goal",2026-05-28 02:21:21.323841,"dk",0.1291,674,0.1667,500,-0.0375,-0.0225,-1.1258,-0.87953125
2026-05-27,"WAS @ SEA","three point field goal","SEA","SEA three point field goal",2026-05-28 02:21:21.323841,"dk",0.124,706,0.1667,500,-0.0426,-0.0256,-1.2793,-0.999453125
2026-05-27,"CON @ PDX","two point field goal","CON","CON two point field goal",2026-05-28 02:21:21.323841,"dk",0.3783,164,0.4444,125,-0.0661,-0.0595,-2.9744,-2.32375
2026-05-27,"CON @ PDX","two point field goal","PDX","PDX two point field goal",2026-05-28 02:21:21.323841,"dk",0.3693,171,0.4,150,-0.0307,-0.0256,-1.2809,-1.000703125
2026-05-27,"WAS @ SEA","two point field goal","WAS","WAS two point field goal",2026-05-28 02:21:21.323841,"dk",0.4026,148,0.4878,105,-0.0852,-0.0832,-4.1594,-3.24953125
2026-05-27,"WAS @ SEA","two point field goal","SEA","SEA two point field goal",2026-05-28 02:21:21.323841,"dk",0.3443,190,0.3846,160,-0.0404,-0.0328,-1.6398,-1.28109375
2026-05-27,"CON @ PDX","three point field goal","CON","CON three point field goal",2026-05-28 02:51:21.210435,"dk",0.12,733,0.1739,475,-0.0539,-0.0326,-1.6321,-1.275078125
2026-05-27,"CON @ PDX","three point field goal","PDX","PDX three point field goal",2026-05-28 02:51:21.210435,"dk",0.1324,655,0.1739,475,-0.0415,-0.0251,-1.2559,-0.981171875
2026-05-27,"WAS @ SEA","three point field goal","WAS","WAS three point field goal",2026-05-28 02:51:21.210435,"dk",0.1291,674,0.1667,500,-0.0375,-0.0225,-1.1258,-0.87953125
2026-05-27,"WAS @ SEA","three point field goal","SEA","SEA three point field goal",2026-05-28 02:51:21.210435,"dk",0.124,706,0.1667,500,-0.0426,-0.0256,-1.2793,-0.999453125
2026-05-27,"CON @ PDX","two point field goal","CON","CON two point field goal",2026-05-28 02:51:21.210435,"dk",0.3783,164,0.4444,125,-0.0661,-0.0595,-2.9744,-2.32375
2026-05-27,"CON @ PDX","two point field goal","PDX","PDX two point field goal",2026-05-28 02:51:21.210435,"dk",0.3693,171,0.4,150,-0.0307,-0.0256,-1.2809,-1.000703125
2026-05-27,"WAS @ SEA","two point field goal","WAS","WAS two point field goal",2026-05-28 02:51:21.210435,"dk",0.4026,148,0.4878,105,-0.0852,-0.0832,-4.1594,-3.24953125
2026-05-27,"WAS @ SEA","two point field goal","SEA","SEA two point field goal",2026-05-28 02:51:21.210435,"dk",0.3443,190,0.3846,160,-0.0404,-0.0328,-1.6398,-1.28109375
2026-05-28,"LVA @ DAL","three point field goal","LVA","LVA three point field goal",2026-05-28 14:21:25.000869,"dk",0.1242,705,0.1429,600,-0.0187,-0.0109,-0.5452,-0.4259375
2026-05-28,"LVA @ DAL","three point field goal","DAL","DAL three point field goal",2026-05-28 14:21:25.000869,"dk",0.1161,761,0.1429,600,-0.0267,-0.0156,-0.78,-0.609375
2026-05-28,"LVA @ DAL","two point field goal","LVA","LVA two point field goal",2026-05-28 14:21:25.000869,"dk",0.3942,154,0.4762,110,-0.082,-0.0782,-3.9122,-3.05640625
2026-05-28,"LVA @ DAL","two point field goal","DAL","DAL two point field goal",2026-05-28 14:21:25.000869,"dk",0.3655,174,0.4348,130,-0.0693,-0.0613,-3.0643,-2.393984375
2026-05-28,"LVA @ DAL","three point field goal","LVA","LVA three point field goal",2026-05-28 14:51:24.559955,"dk",0.1242,705,0.1429,600,-0.0187,-0.0109,-0.5444,-0.4253125
2026-05-28,"LVA @ DAL","three point field goal","DAL","DAL three point field goal",2026-05-28 14:51:24.559955,"dk",0.1161,761,0.1429,600,-0.0268,-0.0156,-0.7808,-0.61
2026-05-28,"IND @ GSV","three point field goal","IND","IND three point field goal",2026-05-28 14:51:24.559955,"dk",0.1404,612,0.1739,475,-0.0335,-0.0203,-1.014,-0.7921875
2026-05-28,"IND @ GSV","three point field goal","GSV","GSV three point field goal",2026-05-28 14:51:24.559955,"dk",0.1281,681,0.1667,500,-0.0386,-0.0232,-1.1577,-0.904453125
2026-05-28,"LVA @ DAL","two point field goal","LVA","LVA two point field goal",2026-05-28 14:51:24.559955,"dk",0.3943,154,0.4762,110,-0.0819,-0.0782,-3.9079,-3.053046875
2026-05-28,"LVA @ DAL","two point field goal","DAL","DAL two point field goal",2026-05-28 14:51:24.559955,"dk",0.3654,174,0.4348,130,-0.0694,-0.0614,-3.0683,-2.397109375
2026-05-28,"IND @ GSV","two point field goal","IND","IND two point field goal",2026-05-28 14:51:24.559955,"dk",0.3943,154,0.4762,110,-0.0819,-0.0782,-3.9092,-3.0540625
2026-05-28,"IND @ GSV","two point field goal","GSV","GSV two point field goal",2026-05-28 14:51:24.559955,"dk",0.3372,197,0.3846,160,-0.0474,-0.0385,-1.9249,-1.503828125
2026-05-28,"LVA @ DAL","three point field goal","LVA","LVA three point field goal",2026-05-28 15:21:23.7918,"dk",0.1242,705,0.1429,600,-0.0187,-0.0109,-0.5452,-0.4259375
2026-05-28,"LVA @ DAL","three point field goal","DAL","DAL three point field goal",2026-05-28 15:21:23.7918,"dk",0.1161,761,0.1429,600,-0.0267,-0.0156,-0.78,-0.609375
2026-05-28,"IND @ GSV","three point field goal","IND","IND three point field goal",2026-05-28 15:21:23.7918,"dk",0.1404,612,0.1739,475,-0.0335,-0.0203,-1.013,-0.79140625
2026-05-28,"IND @ GSV","three point field goal","GSV","GSV three point field goal",2026-05-28 15:21:23.7918,"dk",0.128,681,0.1667,500,-0.0386,-0.0232,-1.1587,-0.905234375
2026-05-28,"LVA @ DAL","two point field goal","LVA","LVA two point field goal",2026-05-28 15:21:23.7918,"dk",0.3942,154,0.4762,110,-0.082,-0.0782,-3.9122,-3.05640625
2026-05-28,"LVA @ DAL","two point field goal","DAL","DAL two point field goal",2026-05-28 15:21:23.7918,"dk",0.3655,174,0.4348,130,-0.0693,-0.0613,-3.0643,-2.393984375
2026-05-28,"IND @ GSV","two point field goal","IND","IND two point field goal",2026-05-28 15:21:23.7918,"dk",0.3944,154,0.4762,110,-0.0818,-0.0781,-3.9051,-3.050859375
2026-05-28,"IND @ GSV","two point field goal","GSV","GSV two point field goal",2026-05-28 15:21:23.7918,"dk",0.3371,197,0.3846,160,-0.0475,-0.0386,-1.9283,-1.506484375
2026-05-28,"LVA @ DAL","three point field goal","LVA","LVA three point field goal",2026-05-28 15:51:25.768753,"dk",0.1188,742,0.1667,500,-0.0479,-0.0287,-1.4373,-1.122890625
2026-05-28,"LVA @ DAL","three point field goal","DAL","DAL three point field goal",2026-05-28 15:51:25.768753,"dk",0.1178,749,0.1818,450,-0.064,-0.0391,-1.955,-1.52734375
2026-05-28,"IND @ GSV","three point field goal","IND","IND three point field goal",2026-05-28 15:51:25.768753,"dk",0.1404,612,0.1739,475,-0.0335,-0.0203,-1.013,-0.79140625
2026-05-28,"IND @ GSV","three point field goal","GSV","GSV three point field goal",2026-05-28 15:51:25.768753,"dk",0.128,681,0.1667,500,-0.0386,-0.0232,-1.1587,-0.905234375
2026-05-28,"LVA @ DAL","two point field goal","LVA","LVA two point field goal",2026-05-28 15:51:25.768753,"dk",0.3771,165,0.4167,140,-0.0396,-0.034,-1.6976,-1.32625
2026-05-28,"LVA @ DAL","two point field goal","DAL","DAL two point field goal",2026-05-28 15:51:25.768753,"dk",0.3864,159,0.4348,130,-0.0484,-0.0428,-2.1422,-1.67359375
2026-05-28,"IND @ GSV","two point field goal","IND","IND two point field goal",2026-05-28 15:51:25.768753,"dk",0.3944,154,0.4762,110,-0.0818,-0.0781,-3.9051,-3.050859375
2026-05-28,"IND @ GSV","two point field goal","GSV","GSV two point field goal",2026-05-28 15:51:25.768753,"dk",0.3371,197,0.3846,160,-0.0475,-0.0386,-1.9283,-1.506484375
2026-05-28,"LVA @ DAL","three point field goal","LVA","LVA three point field goal",2026-05-28 16:21:24.294907,"dk",0.1188,742,0.1667,500,-0.0479,-0.0287,-1.4373,-1.122890625
2026-05-28,"LVA @ DAL","three point field goal","DAL","DAL three point field goal",2026-05-28 16:21:24.294907,"dk",0.1178,749,0.1818,450,-0.064,-0.0391,-1.955,-1.52734375
2026-05-28,"IND @ GSV","three point field goal","IND","IND three point field goal",2026-05-28 16:21:24.294907,"dk",0.1404,612,0.1739,475,-0.0335,-0.0203,-1.013,-0.79140625
2026-05-28,"IND @ GSV","three point field goal","GSV","GSV three point field goal",2026-05-28 16:21:24.294907,"dk",0.128,681,0.1667,500,-0.0386,-0.0232,-1.1587,-0.905234375
2026-05-28,"LVA @ DAL","two point field goal","LVA","LVA two point field goal",2026-05-28 16:21:24.294907,"dk",0.3771,165,0.4167,140,-0.0396,-0.034,-1.6976,-1.32625
2026-05-28,"LVA @ DAL","two point field goal","DAL","DAL two point field goal",2026-05-28 16:21:24.294907,"dk",0.3864,159,0.4348,130,-0.0484,-0.0428,-2.1422,-1.67359375
2026-05-28,"IND @ GSV","two point field goal","IND","IND two point field goal",2026-05-28 16:21:24.294907,"dk",0.3944,154,0.4762,110,-0.0818,-0.0781,-3.9051,-3.050859375
2026-05-28,"IND @ GSV","two point field goal","GSV","GSV two point field goal",2026-05-28 16:21:24.294907,"dk",0.3371,197,0.3846,160,-0.0475,-0.0386,-1.9283,-1.506484375
2026-05-28,"LVA @ DAL","three point field goal","LVA","LVA three point field goal",2026-05-28 16:51:23.61314,"dk",0.1188,742,0.1667,500,-0.0479,-0.0287,-1.4365,-1.122265625
2026-05-28,"LVA @ DAL","three point field goal","DAL","DAL three point field goal",2026-05-28 16:51:23.61314,"dk",0.1178,749,0.1818,450,-0.064,-0.0391,-1.9558,-1.52796875
2026-05-28,"IND @ GSV","three point field goal","IND","IND three point field goal",2026-05-28 16:51:23.61314,"dk",0.1404,612,0.1739,475,-0.0335,-0.0203,-1.013,-0.79140625
2026-05-28,"IND @ GSV","three point field goal","GSV","GSV three point field goal",2026-05-28 16:51:23.61314,"dk",0.128,681,0.1667,500,-0.0386,-0.0232,-1.1587,-0.905234375
2026-05-28,"LVA @ DAL","two point field goal","LVA","LVA two point field goal",2026-05-28 16:51:23.61314,"dk",0.3771,165,0.4167,140,-0.0395,-0.0339,-1.6938,-1.32328125
2026-05-28,"LVA @ DAL","two point field goal","DAL","DAL two point field goal",2026-05-28 16:51:23.61314,"dk",0.3863,159,0.4348,130,-0.0485,-0.0429,-2.1461,-1.676640625
2026-05-28,"IND @ GSV","two point field goal","IND","IND two point field goal",2026-05-28 16:51:23.61314,"dk",0.3944,154,0.4762,110,-0.0818,-0.0781,-3.9051,-3.050859375
2026-05-28,"IND @ GSV","two point field goal","GSV","GSV two point field goal",2026-05-28 16:51:23.61314,"dk",0.3371,197,0.3846,160,-0.0475,-0.0386,-1.9283,-1.506484375
2026-05-28,"LVA @ DAL","three point field goal","LVA","LVA three point field goal",2026-05-28 17:21:23.550318,"dk",0.1188,742,0.1667,500,-0.0479,-0.0287,-1.4365,-1.122265625
2026-05-28,"LVA @ DAL","three point field goal","DAL","DAL three point field goal",2026-05-28 17:21:23.550318,"dk",0.1178,749,0.1818,450,-0.064,-0.0391,-1.9558,-1.52796875
2026-05-28,"IND @ GSV","three point field goal","IND","IND three point field goal",2026-05-28 17:21:23.550318,"dk",0.1404,612,0.1739,475,-0.0335,-0.0203,-1.013,-0.79140625
2026-05-28,"IND @ GSV","three point field goal","GSV","GSV three point field goal",2026-05-28 17:21:23.550318,"dk",0.128,681,0.1667,500,-0.0386,-0.0232,-1.1587,-0.905234375
2026-05-28,"LVA @ DAL","two point field goal","LVA","LVA two point field goal",2026-05-28 17:21:23.550318,"dk",0.3771,165,0.4167,140,-0.0395,-0.0339,-1.6938,-1.32328125
2026-05-28,"LVA @ DAL","two point field goal","DAL","DAL two point field goal",2026-05-28 17:21:23.550318,"dk",0.3863,159,0.4348,130,-0.0485,-0.0429,-2.1461,-1.676640625
2026-05-28,"IND @ GSV","two point field goal","IND","IND two point field goal",2026-05-28 17:21:23.550318,"dk",0.3944,154,0.4762,110,-0.0818,-0.0781,-3.9051,-3.050859375
2026-05-28,"IND @ GSV","two point field goal","GSV","GSV two point field goal",2026-05-28 17:21:23.550318,"dk",0.3371,197,0.3846,160,-0.0475,-0.0386,-1.9283,-1.506484375
2026-05-28,"LVA @ DAL","three point field goal","LVA","LVA three point field goal",2026-05-28 17:51:23.642902,"dk",0.1188,742,0.1667,500,-0.0479,-0.0287,-1.4373,-1.122890625
2026-05-28,"LVA @ DAL","three point field goal","DAL","DAL three point field goal",2026-05-28 17:51:23.642902,"dk",0.1178,749,0.1818,450,-0.064,-0.0391,-1.955,-1.52734375
2026-05-28,"IND @ GSV","three point field goal","IND","IND three point field goal",2026-05-28 17:51:23.642902,"dk",0.1404,612,0.1739,475,-0.0335,-0.0203,-1.013,-0.79140625
2026-05-28,"IND @ GSV","three point field goal","GSV","GSV three point field goal",2026-05-28 17:51:23.642902,"dk",0.128,681,0.1667,500,-0.0386,-0.0232,-1.1587,-0.905234375
2026-05-28,"LVA @ DAL","two point field goal","LVA","LVA two point field goal",2026-05-28 17:51:23.642902,"dk",0.3771,165,0.4167,140,-0.0396,-0.034,-1.6976,-1.32625
2026-05-28,"LVA @ DAL","two point field goal","DAL","DAL two point field goal",2026-05-28 17:51:23.642902,"dk",0.3864,159,0.4348,130,-0.0484,-0.0428,-2.1422,-1.67359375
2026-05-28,"IND @ GSV","two point field goal","IND","IND two point field goal",2026-05-28 17:51:23.642902,"dk",0.3944,154,0.4762,110,-0.0818,-0.0781,-3.9051,-3.050859375
2026-05-28,"IND @ GSV","two point field goal","GSV","GSV two point field goal",2026-05-28 17:51:23.642902,"dk",0.3371,197,0.3846,160,-0.0475,-0.0386,-1.9283,-1.506484375
2026-05-28,"LVA @ DAL","three point field goal","LVA","LVA three point field goal",2026-05-28 18:21:24.669938,"dk",0.1188,742,0.1667,500,-0.0479,-0.0287,-1.4365,-1.122265625
2026-05-28,"LVA @ DAL","three point field goal","DAL","DAL three point field goal",2026-05-28 18:21:24.669938,"dk",0.1178,749,0.1818,450,-0.064,-0.0391,-1.9558,-1.52796875
2026-05-28,"IND @ GSV","three point field goal","IND","IND three point field goal",2026-05-28 18:21:24.669938,"dk",0.1404,612,0.1739,475,-0.0335,-0.0203,-1.013,-0.79140625
2026-05-28,"IND @ GSV","three point field goal","GSV","GSV three point field goal",2026-05-28 18:21:24.669938,"dk",0.128,681,0.1667,500,-0.0386,-0.0232,-1.1587,-0.905234375
2026-05-28,"LVA @ DAL","two point field goal","LVA","LVA two point field goal",2026-05-28 18:21:24.669938,"dk",0.3771,165,0.4167,140,-0.0395,-0.0339,-1.6938,-1.32328125
2026-05-28,"LVA @ DAL","two point field goal","DAL","DAL two point field goal",2026-05-28 18:21:24.669938,"dk",0.3863,159,0.4348,130,-0.0485,-0.0429,-2.1461,-1.676640625
2026-05-28,"IND @ GSV","two point field goal","IND","IND two point field goal",2026-05-28 18:21:24.669938,"dk",0.3944,154,0.4762,110,-0.0818,-0.0781,-3.9051,-3.050859375
2026-05-28,"IND @ GSV","two point field goal","GSV","GSV two point field goal",2026-05-28 18:21:24.669938,"dk",0.3371,197,0.3846,160,-0.0475,-0.0386,-1.9283,-1.506484375
2026-05-28,"LVA @ DAL","three point field goal","LVA","LVA three point field goal",2026-05-28 18:51:23.591085,"dk",0.1188,742,0.1667,500,-0.0479,-0.0287,-1.4373,-1.122890625
2026-05-28,"LVA @ DAL","three point field goal","DAL","DAL three point field goal",2026-05-28 18:51:23.591085,"dk",0.1178,749,0.1818,450,-0.064,-0.0391,-1.955,-1.52734375
2026-05-28,"IND @ GSV","three point field goal","IND","IND three point field goal",2026-05-28 18:51:23.591085,"dk",0.1404,612,0.1739,475,-0.0335,-0.0203,-1.013,-0.79140625
2026-05-28,"IND @ GSV","three point field goal","GSV","GSV three point field goal",2026-05-28 18:51:23.591085,"dk",0.128,681,0.1667,500,-0.0386,-0.0232,-1.1587,-0.905234375
2026-05-28,"LVA @ DAL","two point field goal","LVA","LVA two point field goal",2026-05-28 18:51:23.591085,"dk",0.3771,165,0.4167,140,-0.0396,-0.034,-1.6976,-1.32625
2026-05-28,"LVA @ DAL","two point field goal","DAL","DAL two point field goal",2026-05-28 18:51:23.591085,"dk",0.3864,159,0.4348,130,-0.0484,-0.0428,-2.1422,-1.67359375
2026-05-28,"IND @ GSV","two point field goal","IND","IND two point field goal",2026-05-28 18:51:23.591085,"dk",0.3944,154,0.4762,110,-0.0818,-0.0781,-3.9051,-3.050859375
2026-05-28,"IND @ GSV","two point field goal","GSV","GSV two point field goal",2026-05-28 18:51:23.591085,"dk",0.3371,197,0.3846,160,-0.0475,-0.0386,-1.9283,-1.506484375
2026-05-28,"LVA @ DAL","three point field goal","LVA","LVA three point field goal",2026-05-28 19:21:24.399167,"dk",0.1188,742,0.1667,500,-0.0479,-0.0287,-1.4373,-1.122890625
2026-05-28,"LVA @ DAL","three point field goal","DAL","DAL three point field goal",2026-05-28 19:21:24.399167,"dk",0.1178,749,0.1818,450,-0.064,-0.0391,-1.955,-1.52734375
2026-05-28,"IND @ GSV","three point field goal","IND","IND three point field goal",2026-05-28 19:21:24.399167,"dk",0.1404,612,0.1739,475,-0.0335,-0.0203,-1.013,-0.79140625
2026-05-28,"IND @ GSV","three point field goal","GSV","GSV three point field goal",2026-05-28 19:21:24.399167,"dk",0.128,681,0.1667,500,-0.0386,-0.0232,-1.1587,-0.905234375
2026-05-28,"LVA @ DAL","two point field goal","LVA","LVA two point field goal",2026-05-28 19:21:24.399167,"dk",0.3771,165,0.4167,140,-0.0396,-0.034,-1.6976,-1.32625
2026-05-28,"LVA @ DAL","two point field goal","DAL","DAL two point field goal",2026-05-28 19:21:24.399167,"dk",0.3864,159,0.4348,130,-0.0484,-0.0428,-2.1422,-1.67359375
2026-05-28,"IND @ GSV","two point field goal","IND","IND two point field goal",2026-05-28 19:21:24.399167,"dk",0.3944,154,0.4762,110,-0.0818,-0.0781,-3.9051,-3.050859375
2026-05-28,"IND @ GSV","two point field goal","GSV","GSV two point field goal",2026-05-28 19:21:24.399167,"dk",0.3371,197,0.3846,160,-0.0475,-0.0386,-1.9283,-1.506484375
2026-05-28,"LVA @ DAL","three point field goal","LVA","LVA three point field goal",2026-05-28 19:51:24.105787,"dk",0.1188,742,0.1667,500,-0.0479,-0.0287,-1.4365,-1.122265625
2026-05-28,"LVA @ DAL","three point field goal","DAL","DAL three point field goal",2026-05-28 19:51:24.105787,"dk",0.1178,749,0.1818,450,-0.064,-0.0391,-1.9558,-1.52796875
2026-05-28,"IND @ GSV","three point field goal","IND","IND three point field goal",2026-05-28 19:51:24.105787,"dk",0.1404,612,0.1739,475,-0.0335,-0.0203,-1.013,-0.79140625
2026-05-28,"IND @ GSV","three point field goal","GSV","GSV three point field goal",2026-05-28 19:51:24.105787,"dk",0.128,681,0.1667,500,-0.0386,-0.0232,-1.1587,-0.905234375
2026-05-28,"LVA @ DAL","two point field goal","LVA","LVA two point field goal",2026-05-28 19:51:24.105787,"dk",0.3771,165,0.4167,140,-0.0395,-0.0339,-1.6938,-1.32328125
2026-05-28,"LVA @ DAL","two point field goal","DAL","DAL two point field goal",2026-05-28 19:51:24.105787,"dk",0.3863,159,0.4348,130,-0.0485,-0.0429,-2.1461,-1.676640625
2026-05-28,"IND @ GSV","two point field goal","IND","IND two point field goal",2026-05-28 19:51:24.105787,"dk",0.3944,154,0.4762,110,-0.0818,-0.0781,-3.9051,-3.050859375
2026-05-28,"IND @ GSV","two point field goal","GSV","GSV two point field goal",2026-05-28 19:51:24.105787,"dk",0.3371,197,0.3846,160,-0.0475,-0.0386,-1.9283,-1.506484375
2026-05-28,"LVA @ DAL","three point field goal","LVA","LVA three point field goal",2026-05-28 20:21:23.384493,"dk",0.1188,742,0.1667,500,-0.0479,-0.0287,-1.4365,-1.122265625
2026-05-28,"LVA @ DAL","three point field goal","DAL","DAL three point field goal",2026-05-28 20:21:23.384493,"dk",0.1178,749,0.1818,450,-0.064,-0.0391,-1.9558,-1.52796875
2026-05-28,"IND @ GSV","three point field goal","IND","IND three point field goal",2026-05-28 20:21:23.384493,"dk",0.1404,612,0.1739,475,-0.0335,-0.0203,-1.013,-0.79140625
2026-05-28,"IND @ GSV","three point field goal","GSV","GSV three point field goal",2026-05-28 20:21:23.384493,"dk",0.128,681,0.1667,500,-0.0386,-0.0232,-1.1587,-0.905234375
2026-05-28,"LVA @ DAL","two point field goal","LVA","LVA two point field goal",2026-05-28 20:21:23.384493,"dk",0.3771,165,0.4167,140,-0.0395,-0.0339,-1.6938,-1.32328125
2026-05-28,"LVA @ DAL","two point field goal","DAL","DAL two point field goal",2026-05-28 20:21:23.384493,"dk",0.3863,159,0.4348,130,-0.0485,-0.0429,-2.1461,-1.676640625
2026-05-28,"IND @ GSV","two point field goal","IND","IND two point field goal",2026-05-28 20:21:23.384493,"dk",0.3944,154,0.4762,110,-0.0818,-0.0781,-3.9051,-3.050859375
2026-05-28,"IND @ GSV","two point field goal","GSV","GSV two point field goal",2026-05-28 20:21:23.384493,"dk",0.3371,197,0.3846,160,-0.0475,-0.0386,-1.9283,-1.506484375
2026-05-28,"LVA @ DAL","three point field goal","LVA","LVA three point field goal",2026-05-28 20:51:24.892591,"dk",0.1188,742,0.1667,500,-0.0479,-0.0287,-1.4365,-1.122265625
2026-05-28,"LVA @ DAL","three point field goal","DAL","DAL three point field goal",2026-05-28 20:51:24.892591,"dk",0.1178,749,0.1818,450,-0.064,-0.0391,-1.9558,-1.52796875
2026-05-28,"IND @ GSV","three point field goal","IND","IND three point field goal",2026-05-28 20:51:24.892591,"dk",0.1404,612,0.1739,475,-0.0335,-0.0203,-1.013,-0.79140625
2026-05-28,"IND @ GSV","three point field goal","GSV","GSV three point field goal",2026-05-28 20:51:24.892591,"dk",0.128,681,0.1667,500,-0.0386,-0.0232,-1.1587,-0.905234375
2026-05-28,"LVA @ DAL","two point field goal","LVA","LVA two point field goal",2026-05-28 20:51:24.892591,"dk",0.3771,165,0.4167,140,-0.0395,-0.0339,-1.6938,-1.32328125
2026-05-28,"LVA @ DAL","two point field goal","DAL","DAL two point field goal",2026-05-28 20:51:24.892591,"dk",0.3863,159,0.4348,130,-0.0485,-0.0429,-2.1461,-1.676640625
2026-05-28,"IND @ GSV","two point field goal","IND","IND two point field goal",2026-05-28 20:51:24.892591,"dk",0.3944,154,0.4762,110,-0.0818,-0.0781,-3.9051,-3.050859375
2026-05-28,"IND @ GSV","two point field goal","GSV","GSV two point field goal",2026-05-28 20:51:24.892591,"dk",0.3371,197,0.3846,160,-0.0475,-0.0386,-1.9283,-1.506484375
2026-05-28,"LVA @ DAL","three point field goal","LVA","LVA three point field goal",2026-05-28 21:21:23.730898,"dk",0.1188,742,0.1667,500,-0.0479,-0.0287,-1.4365,-1.122265625
2026-05-28,"LVA @ DAL","three point field goal","DAL","DAL three point field goal",2026-05-28 21:21:23.730898,"dk",0.1178,749,0.1818,450,-0.064,-0.0391,-1.9558,-1.52796875
2026-05-28,"IND @ GSV","three point field goal","IND","IND three point field goal",2026-05-28 21:21:23.730898,"dk",0.1404,612,0.1739,475,-0.0335,-0.0203,-1.013,-0.79140625
2026-05-28,"IND @ GSV","three point field goal","GSV","GSV three point field goal",2026-05-28 21:21:23.730898,"dk",0.128,681,0.1667,500,-0.0386,-0.0232,-1.1587,-0.905234375
2026-05-28,"LVA @ DAL","two point field goal","LVA","LVA two point field goal",2026-05-28 21:21:23.730898,"dk",0.3771,165,0.4167,140,-0.0395,-0.0339,-1.6938,-1.32328125
2026-05-28,"LVA @ DAL","two point field goal","DAL","DAL two point field goal",2026-05-28 21:21:23.730898,"dk",0.3863,159,0.4348,130,-0.0485,-0.0429,-2.1461,-1.676640625
2026-05-28,"IND @ GSV","two point field goal","IND","IND two point field goal",2026-05-28 21:21:23.730898,"dk",0.3944,154,0.4762,110,-0.0818,-0.0781,-3.9051,-3.050859375
2026-05-28,"IND @ GSV","two point field goal","GSV","GSV two point field goal",2026-05-28 21:21:23.730898,"dk",0.3371,197,0.3846,160,-0.0475,-0.0386,-1.9283,-1.506484375
2026-05-28,"LVA @ DAL","three point field goal","LVA","LVA three point field goal",2026-05-28 21:51:25.248957,"dk",0.1188,742,0.1667,500,-0.0479,-0.0287,-1.4365,-1.122265625
2026-05-28,"LVA @ DAL","three point field goal","DAL","DAL three point field goal",2026-05-28 21:51:25.248957,"dk",0.1178,749,0.1818,450,-0.064,-0.0391,-1.9558,-1.52796875
2026-05-28,"IND @ GSV","three point field goal","IND","IND three point field goal",2026-05-28 21:51:25.248957,"dk",0.1404,612,0.1739,475,-0.0335,-0.0203,-1.013,-0.79140625
2026-05-28,"IND @ GSV","three point field goal","GSV","GSV three point field goal",2026-05-28 21:51:25.248957,"dk",0.128,681,0.1667,500,-0.0386,-0.0232,-1.1587,-0.905234375
2026-05-28,"LVA @ DAL","two point field goal","LVA","LVA two point field goal",2026-05-28 21:51:25.248957,"dk",0.3771,165,0.4167,140,-0.0395,-0.0339,-1.6938,-1.32328125
2026-05-28,"LVA @ DAL","two point field goal","DAL","DAL two point field goal",2026-05-28 21:51:25.248957,"dk",0.3863,159,0.4348,130,-0.0485,-0.0429,-2.1461,-1.676640625
2026-05-28,"IND @ GSV","two point field goal","IND","IND two point field goal",2026-05-28 21:51:25.248957,"dk",0.3944,154,0.4762,110,-0.0818,-0.0781,-3.9051,-3.050859375
2026-05-28,"IND @ GSV","two point field goal","GSV","GSV two point field goal",2026-05-28 21:51:25.248957,"dk",0.3371,197,0.3846,160,-0.0475,-0.0386,-1.9283,-1.506484375
2026-05-28,"LVA @ DAL","three point field goal","LVA","LVA three point field goal",2026-05-28 22:21:18.663365,"dk",0.1215,723,0.1667,500,-0.0452,-0.0271,-1.3565,-1.059765625
2026-05-28,"LVA @ DAL","three point field goal","DAL","DAL three point field goal",2026-05-28 22:21:18.663365,"dk",0.1138,779,0.1818,450,-0.068,-0.0416,-2.0777,-1.623203125
2026-05-28,"IND @ GSV","three point field goal","IND","IND three point field goal",2026-05-28 22:21:18.663365,"dk",0.1404,612,0.1739,475,-0.0335,-0.0203,-1.013,-0.79140625
2026-05-28,"IND @ GSV","three point field goal","GSV","GSV three point field goal",2026-05-28 22:21:18.663365,"dk",0.128,681,0.1667,500,-0.0386,-0.0232,-1.1587,-0.905234375
2026-05-28,"LVA @ DAL","two point field goal","LVA","LVA two point field goal",2026-05-28 22:21:18.663365,"dk",0.3856,159,0.4167,140,-0.0311,-0.0266,-1.331,-1.03984375
2026-05-28,"LVA @ DAL","two point field goal","DAL","DAL two point field goal",2026-05-28 22:21:18.663365,"dk",0.3791,164,0.4348,130,-0.0557,-0.0492,-2.4621,-1.923515625
2026-05-28,"IND @ GSV","two point field goal","IND","IND two point field goal",2026-05-28 22:21:18.663365,"dk",0.3944,154,0.4762,110,-0.0818,-0.0781,-3.9051,-3.050859375
2026-05-28,"IND @ GSV","two point field goal","GSV","GSV two point field goal",2026-05-28 22:21:18.663365,"dk",0.3371,197,0.3846,160,-0.0475,-0.0386,-1.9283,-1.506484375
2026-05-28,"LVA @ DAL","three point field goal","LVA","LVA three point field goal",2026-05-28 22:51:18.953106,"dk",0.1215,723,0.1667,500,-0.0452,-0.0271,-1.3565,-1.059765625
2026-05-28,"LVA @ DAL","three point field goal","DAL","DAL three point field goal",2026-05-28 22:51:18.953106,"dk",0.1138,779,0.1818,450,-0.068,-0.0416,-2.0777,-1.623203125
2026-05-28,"IND @ GSV","three point field goal","IND","IND three point field goal",2026-05-28 22:51:18.953106,"dk",0.1404,612,0.1739,475,-0.0335,-0.0203,-1.013,-0.79140625
2026-05-28,"IND @ GSV","three point field goal","GSV","GSV three point field goal",2026-05-28 22:51:18.953106,"dk",0.128,681,0.1667,500,-0.0386,-0.0232,-1.1587,-0.905234375
2026-05-28,"LVA @ DAL","two point field goal","LVA","LVA two point field goal",2026-05-28 22:51:18.953106,"dk",0.3856,159,0.4167,140,-0.0311,-0.0266,-1.331,-1.03984375
2026-05-28,"LVA @ DAL","two point field goal","DAL","DAL two point field goal",2026-05-28 22:51:18.953106,"dk",0.3791,164,0.4348,130,-0.0557,-0.0492,-2.4621,-1.923515625
2026-05-28,"IND @ GSV","two point field goal","IND","IND two point field goal",2026-05-28 22:51:18.953106,"dk",0.3944,154,0.4762,110,-0.0818,-0.0781,-3.9051,-3.050859375
2026-05-28,"IND @ GSV","two point field goal","GSV","GSV two point field goal",2026-05-28 22:51:18.953106,"dk",0.3371,197,0.3846,160,-0.0475,-0.0386,-1.9283,-1.506484375
2026-05-28,"LVA @ DAL","three point field goal","LVA","LVA three point field goal",2026-05-28 23:21:20.436427,"dk",0.1215,723,0.1667,500,-0.0452,-0.0271,-1.3565,-1.059765625
2026-05-28,"LVA @ DAL","three point field goal","DAL","DAL three point field goal",2026-05-28 23:21:20.436427,"dk",0.1138,779,0.1818,450,-0.068,-0.0416,-2.0777,-1.623203125
2026-05-28,"IND @ GSV","three point field goal","IND","IND three point field goal",2026-05-28 23:21:20.436427,"dk",0.1404,612,0.1739,475,-0.0335,-0.0203,-1.013,-0.79140625
2026-05-28,"IND @ GSV","three point field goal","GSV","GSV three point field goal",2026-05-28 23:21:20.436427,"dk",0.128,681,0.1667,500,-0.0386,-0.0232,-1.1587,-0.905234375
2026-05-28,"LVA @ DAL","two point field goal","LVA","LVA two point field goal",2026-05-28 23:21:20.436427,"dk",0.3856,159,0.4167,140,-0.0311,-0.0266,-1.331,-1.03984375
2026-05-28,"LVA @ DAL","two point field goal","DAL","DAL two point field goal",2026-05-28 23:21:20.436427,"dk",0.3791,164,0.4348,130,-0.0557,-0.0492,-2.4621,-1.923515625
2026-05-28,"IND @ GSV","two point field goal","IND","IND two point field goal",2026-05-28 23:21:20.436427,"dk",0.3944,154,0.4762,110,-0.0818,-0.0781,-3.9051,-3.050859375
2026-05-28,"IND @ GSV","two point field goal","GSV","GSV two point field goal",2026-05-28 23:21:20.436427,"dk",0.3371,197,0.3846,160,-0.0475,-0.0386,-1.9283,-1.506484375
2026-05-28,"LVA @ DAL","three point field goal","LVA","LVA three point field goal",2026-05-28 23:51:19.020266,"dk",0.1219,720,0.1667,500,-0.0448,-0.0269,-1.3428,-1.0490625
2026-05-28,"LVA @ DAL","three point field goal","DAL","DAL three point field goal",2026-05-28 23:51:19.020266,"dk",0.1189,741,0.1818,450,-0.0629,-0.0384,-1.9218,-1.50140625
2026-05-28,"IND @ GSV","three point field goal","IND","IND three point field goal",2026-05-28 23:51:19.020266,"dk",0.1404,612,0.1739,475,-0.0335,-0.0203,-1.013,-0.79140625
2026-05-28,"IND @ GSV","three point field goal","GSV","GSV three point field goal",2026-05-28 23:51:19.020266,"dk",0.128,681,0.1667,500,-0.0386,-0.0232,-1.1587,-0.905234375
2026-05-28,"LVA @ DAL","two point field goal","LVA","LVA two point field goal",2026-05-28 23:51:19.020266,"dk",0.3871,158,0.4167,140,-0.0296,-0.0254,-1.2691,-0.991484375
2026-05-28,"LVA @ DAL","two point field goal","DAL","DAL two point field goal",2026-05-28 23:51:19.020266,"dk",0.3721,169,0.4348,130,-0.0627,-0.0554,-2.7718,-2.16546875
2026-05-28,"IND @ GSV","two point field goal","IND","IND two point field goal",2026-05-28 23:51:19.020266,"dk",0.3944,154,0.4762,110,-0.0818,-0.0781,-3.9051,-3.050859375
2026-05-28,"IND @ GSV","two point field goal","GSV","GSV two point field goal",2026-05-28 23:51:19.020266,"dk",0.3371,197,0.3846,160,-0.0475,-0.0386,-1.9283,-1.506484375
2026-05-28,"LVA @ DAL","three point field goal","LVA","LVA three point field goal",2026-05-29 00:21:18.073168,"dk",0.1219,720,0.1667,500,-0.0448,-0.0269,-1.3428,-1.0490625
2026-05-28,"LVA @ DAL","three point field goal","DAL","DAL three point field goal",2026-05-29 00:21:18.073168,"dk",0.1189,741,0.1818,450,-0.0629,-0.0384,-1.9218,-1.50140625
2026-05-28,"IND @ GSV","three point field goal","IND","IND three point field goal",2026-05-29 00:21:18.073168,"dk",0.1404,612,0.1739,475,-0.0335,-0.0203,-1.013,-0.79140625
2026-05-28,"IND @ GSV","three point field goal","GSV","GSV three point field goal",2026-05-29 00:21:18.073168,"dk",0.128,681,0.1667,500,-0.0386,-0.0232,-1.1587,-0.905234375
2026-05-28,"LVA @ DAL","two point field goal","LVA","LVA two point field goal",2026-05-29 00:21:18.073168,"dk",0.3871,158,0.4167,140,-0.0296,-0.0254,-1.2691,-0.991484375
2026-05-28,"LVA @ DAL","two point field goal","DAL","DAL two point field goal",2026-05-29 00:21:18.073168,"dk",0.3721,169,0.4348,130,-0.0627,-0.0554,-2.7718,-2.16546875
2026-05-28,"IND @ GSV","two point field goal","IND","IND two point field goal",2026-05-29 00:21:18.073168,"dk",0.3944,154,0.4762,110,-0.0818,-0.0781,-3.9051,-3.050859375
2026-05-28,"IND @ GSV","two point field goal","GSV","GSV two point field goal",2026-05-29 00:21:18.073168,"dk",0.3371,197,0.3846,160,-0.0475,-0.0386,-1.9283,-1.506484375
2026-05-28,"IND @ GSV","three point field goal","IND","IND three point field goal",2026-05-29 00:51:18.983828,"dk",0.1404,612,0.1739,475,-0.0335,-0.0203,-1.013,-0.79140625
2026-05-28,"IND @ GSV","three point field goal","GSV","GSV three point field goal",2026-05-29 00:51:18.983828,"dk",0.128,681,0.1667,500,-0.0386,-0.0232,-1.1587,-0.905234375
2026-05-28,"IND @ GSV","two point field goal","IND","IND two point field goal",2026-05-29 00:51:18.983828,"dk",0.3944,154,0.4762,110,-0.0818,-0.0781,-3.9051,-3.050859375
2026-05-28,"IND @ GSV","two point field goal","GSV","GSV two point field goal",2026-05-29 00:51:18.983828,"dk",0.3371,197,0.3846,160,-0.0475,-0.0386,-1.9283,-1.506484375
2026-05-28,"IND @ GSV","three point field goal","IND","IND three point field goal",2026-05-29 01:21:18.81398,"dk",0.1404,612,0.1739,475,-0.0335,-0.0203,-1.013,-0.79140625
2026-05-28,"IND @ GSV","three point field goal","GSV","GSV three point field goal",2026-05-29 01:21:18.81398,"dk",0.128,681,0.1667,500,-0.0386,-0.0232,-1.1587,-0.905234375
2026-05-28,"IND @ GSV","two point field goal","IND","IND two point field goal",2026-05-29 01:21:18.81398,"dk",0.3944,154,0.4762,110,-0.0818,-0.0781,-3.9051,-3.050859375
2026-05-28,"IND @ GSV","two point field goal","GSV","GSV two point field goal",2026-05-29 01:21:18.81398,"dk",0.3371,197,0.3846,160,-0.0475,-0.0386,-1.9283,-1.506484375
2026-05-28,"IND @ GSV","three point field goal","IND","IND three point field goal",2026-05-29 01:51:18.666525,"dk",0.1404,612,0.1739,475,-0.0335,-0.0203,-1.013,-0.79140625
2026-05-28,"IND @ GSV","three point field goal","GSV","GSV three point field goal",2026-05-29 01:51:18.666525,"dk",0.128,681,0.1667,500,-0.0386,-0.0232,-1.1587,-0.905234375
2026-05-28,"IND @ GSV","two point field goal","IND","IND two point field goal",2026-05-29 01:51:18.666525,"dk",0.3944,154,0.4762,110,-0.0818,-0.0781,-3.9051,-3.050859375
2026-05-28,"IND @ GSV","two point field goal","GSV","GSV two point field goal",2026-05-29 01:51:18.666525,"dk",0.3371,197,0.3846,160,-0.0475,-0.0386,-1.9283,-1.506484375
2026-05-28,"IND @ GSV","three point field goal","IND","IND three point field goal",2026-05-29 02:21:19.9845,"dk",0.1404,612,0.1739,475,-0.0335,-0.0203,-1.014,-0.7921875
2026-05-28,"IND @ GSV","three point field goal","GSV","GSV three point field goal",2026-05-29 02:21:19.9845,"dk",0.1281,681,0.1667,500,-0.0386,-0.0232,-1.1577,-0.904453125
2026-05-28,"IND @ GSV","two point field goal","IND","IND two point field goal",2026-05-29 02:21:19.9845,"dk",0.3943,154,0.4762,110,-0.0819,-0.0782,-3.9092,-3.0540625
2026-05-28,"IND @ GSV","two point field goal","GSV","GSV two point field goal",2026-05-29 02:21:19.9845,"dk",0.3372,197,0.3846,160,-0.0474,-0.0385,-1.9249,-1.503828125
2026-05-28,"IND @ GSV","three point field goal","IND","IND three point field goal",2026-05-29 02:51:17.792089,"dk",0.1404,612,0.1739,475,-0.0335,-0.0203,-1.014,-0.7921875
2026-05-28,"IND @ GSV","three point field goal","GSV","GSV three point field goal",2026-05-29 02:51:17.792089,"dk",0.1281,681,0.1667,500,-0.0386,-0.0232,-1.1577,-0.904453125
2026-05-28,"IND @ GSV","two point field goal","IND","IND two point field goal",2026-05-29 02:51:17.792089,"dk",0.3943,154,0.4762,110,-0.0819,-0.0782,-3.9092,-3.0540625
2026-05-28,"IND @ GSV","two point field goal","GSV","GSV two point field goal",2026-05-29 02:51:17.792089,"dk",0.3372,197,0.3846,160,-0.0474,-0.0385,-1.9249,-1.503828125
2026-05-29,"LAS @ WAS","three point field goal","LAS","LAS three point field goal",2026-05-29 14:51:23.542079,"dk",0.129,675,0.1739,475,-0.0449,-0.0272,-1.3594,-1.06203125
2026-05-29,"LAS @ WAS","three point field goal","WAS","WAS three point field goal",2026-05-29 14:51:23.542079,"dk",0.1238,708,0.1667,500,-0.0429,-0.0257,-1.2874,-1.00578125
2026-05-29,"MIN @ CHI","three point field goal","MIN","MIN three point field goal",2026-05-29 14:51:23.542079,"dk",0.118,748,0.1538,550,-0.0359,-0.0212,-1.0604,-0.8284375
2026-05-29,"MIN @ CHI","three point field goal","CHI","CHI three point field goal",2026-05-29 14:51:23.542079,"dk",0.1079,826,0.1818,450,-0.0739,-0.0452,-2.2576,-1.76375
2026-05-29,"LAS @ WAS","two point field goal","LAS","LAS two point field goal",2026-05-29 14:51:23.542079,"dk",0.3655,174,0.3704,170,-0.0049,-0.0039,-0.1927,-0.150546875
2026-05-29,"LAS @ WAS","two point field goal","WAS","WAS two point field goal",2026-05-29 14:51:23.542079,"dk",0.3817,162,0.4878,105,-0.1061,-0.1035,-5.1773,-4.044765625
2026-05-29,"MIN @ CHI","two point field goal","MIN","MIN two point field goal",2026-05-29 14:51:23.542079,"dk",0.3579,179,0.3704,170,-0.0124,-0.0099,-0.4941,-0.386015625
2026-05-29,"MIN @ CHI","two point field goal","CHI","CHI two point field goal",2026-05-29 14:51:23.542079,"dk",0.4162,140,0.4878,105,-0.0716,-0.0699,-3.4959,-2.731171875
2026-05-29,"PHX @ NYL","three point field goal","NYL","NYL three point field goal",2026-05-29 15:21:25.702215,"dk",0.1372,629,0.2083,380,-0.0711,-0.0449,-2.2451,-1.753984375
2026-05-29,"PHX @ NYL","three point field goal","PHX","PHX three point field goal",2026-05-29 15:21:25.702215,"dk",0.1081,825,0.1818,450,-0.0737,-0.045,-2.2513,-1.758828125
2026-05-29,"LAS @ WAS","three point field goal","LAS","LAS three point field goal",2026-05-29 15:21:25.702215,"dk",0.129,675,0.1739,475,-0.0449,-0.0272,-1.3594,-1.06203125
2026-05-29,"LAS @ WAS","three point field goal","WAS","WAS three point field goal",2026-05-29 15:21:25.702215,"dk",0.1238,708,0.1667,500,-0.0429,-0.0257,-1.2874,-1.00578125
2026-05-29,"MIN @ CHI","three point field goal","MIN","MIN three point field goal",2026-05-29 15:21:25.702215,"dk",0.118,748,0.1538,550,-0.0359,-0.0212,-1.0604,-0.8284375
2026-05-29,"MIN @ CHI","three point field goal","CHI","CHI three point field goal",2026-05-29 15:21:25.702215,"dk",0.1079,826,0.1818,450,-0.0739,-0.0452,-2.2576,-1.76375
2026-05-29,"ATL @ PDX","three point field goal","PDX","PDX three point field goal",2026-05-29 15:21:25.702215,"dk",0.1335,649,0.1429,600,-0.0093,-0.0054,-0.2719,-0.212421875
2026-05-29,"ATL @ PDX","three point field goal","ATL","ATL three point field goal",2026-05-29 15:21:25.702215,"dk",0.1457,586,0.2,400,-0.0543,-0.0339,-1.6959,-1.324921875
2026-05-29,"PHX @ NYL","two point field goal","NYL","NYL two point field goal",2026-05-29 15:21:25.702215,"dk",0.3632,175,0.4082,145,-0.045,-0.038,-1.9,-1.484375
2026-05-29,"PHX @ NYL","two point field goal","PHX","PHX two point field goal",2026-05-29 15:21:25.702215,"dk",0.3914,155,0.3922,155,-7e-04,-6e-04,-0.0296,-0.023125
2026-05-29,"LAS @ WAS","two point field goal","LAS","LAS two point field goal",2026-05-29 15:21:25.702215,"dk",0.3655,174,0.3704,170,-0.0049,-0.0039,-0.1927,-0.150546875
2026-05-29,"LAS @ WAS","two point field goal","WAS","WAS two point field goal",2026-05-29 15:21:25.702215,"dk",0.3817,162,0.4878,105,-0.1061,-0.1035,-5.1773,-4.044765625
2026-05-29,"MIN @ CHI","two point field goal","MIN","MIN two point field goal",2026-05-29 15:21:25.702215,"dk",0.3579,179,0.3704,170,-0.0124,-0.0099,-0.4941,-0.386015625
2026-05-29,"MIN @ CHI","two point field goal","CHI","CHI two point field goal",2026-05-29 15:21:25.702215,"dk",0.4162,140,0.4878,105,-0.0716,-0.0699,-3.4959,-2.731171875
2026-05-29,"ATL @ PDX","two point field goal","PDX","PDX two point field goal",2026-05-29 15:21:25.702215,"dk",0.332,201,0.3846,160,-0.0526,-0.0428,-2.1388,-1.6709375
2026-05-29,"ATL @ PDX","two point field goal","ATL","ATL two point field goal",2026-05-29 15:21:25.702215,"dk",0.3888,157,0.4651,115,-0.0764,-0.0714,-3.5686,-2.78796875
2026-05-29,"PHX @ NYL","three point field goal","NYL","NYL three point field goal",2026-05-29 15:51:22.946824,"dk",0.1372,629,0.2083,380,-0.0711,-0.0449,-2.2451,-1.753984375
2026-05-29,"PHX @ NYL","three point field goal","PHX","PHX three point field goal",2026-05-29 15:51:22.946824,"dk",0.1081,825,0.1818,450,-0.0737,-0.045,-2.2513,-1.758828125
2026-05-29,"LAS @ WAS","three point field goal","LAS","LAS three point field goal",2026-05-29 15:51:22.946824,"dk",0.129,675,0.1739,475,-0.0449,-0.0272,-1.3594,-1.06203125
2026-05-29,"LAS @ WAS","three point field goal","WAS","WAS three point field goal",2026-05-29 15:51:22.946824,"dk",0.1238,708,0.1667,500,-0.0429,-0.0257,-1.2874,-1.00578125
2026-05-29,"MIN @ CHI","three point field goal","MIN","MIN three point field goal",2026-05-29 15:51:22.946824,"dk",0.118,748,0.1538,550,-0.0359,-0.0212,-1.0604,-0.8284375
2026-05-29,"MIN @ CHI","three point field goal","CHI","CHI three point field goal",2026-05-29 15:51:22.946824,"dk",0.1079,826,0.1818,450,-0.0739,-0.0452,-2.2576,-1.76375
2026-05-29,"ATL @ PDX","three point field goal","PDX","PDX three point field goal",2026-05-29 15:51:22.946824,"dk",0.1335,649,0.1429,600,-0.0093,-0.0054,-0.2719,-0.212421875
2026-05-29,"ATL @ PDX","three point field goal","ATL","ATL three point field goal",2026-05-29 15:51:22.946824,"dk",0.1457,586,0.2,400,-0.0543,-0.0339,-1.6959,-1.324921875
2026-05-29,"PHX @ NYL","two point field goal","NYL","NYL two point field goal",2026-05-29 15:51:22.946824,"dk",0.3632,175,0.4082,145,-0.045,-0.038,-1.9,-1.484375
2026-05-29,"PHX @ NYL","two point field goal","PHX","PHX two point field goal",2026-05-29 15:51:22.946824,"dk",0.3914,155,0.3922,155,-7e-04,-6e-04,-0.0296,-0.023125
2026-05-29,"LAS @ WAS","two point field goal","LAS","LAS two point field goal",2026-05-29 15:51:22.946824,"dk",0.3655,174,0.3704,170,-0.0049,-0.0039,-0.1927,-0.150546875
2026-05-29,"LAS @ WAS","two point field goal","WAS","WAS two point field goal",2026-05-29 15:51:22.946824,"dk",0.3817,162,0.4878,105,-0.1061,-0.1035,-5.1773,-4.044765625
2026-05-29,"MIN @ CHI","two point field goal","MIN","MIN two point field goal",2026-05-29 15:51:22.946824,"dk",0.3579,179,0.3704,170,-0.0124,-0.0099,-0.4941,-0.386015625
2026-05-29,"MIN @ CHI","two point field goal","CHI","CHI two point field goal",2026-05-29 15:51:22.946824,"dk",0.4162,140,0.4878,105,-0.0716,-0.0699,-3.4959,-2.731171875
2026-05-29,"ATL @ PDX","two point field goal","PDX","PDX two point field goal",2026-05-29 15:51:22.946824,"dk",0.332,201,0.3846,160,-0.0526,-0.0428,-2.1388,-1.6709375
2026-05-29,"ATL @ PDX","two point field goal","ATL","ATL two point field goal",2026-05-29 15:51:22.946824,"dk",0.3888,157,0.4651,115,-0.0764,-0.0714,-3.5686,-2.78796875
2026-05-29,"PHX @ NYL","three point field goal","NYL","NYL three point field goal",2026-05-29 16:21:22.918004,"dk",0.1372,629,0.2083,380,-0.0711,-0.0449,-2.2451,-1.753984375
2026-05-29,"PHX @ NYL","three point field goal","PHX","PHX three point field goal",2026-05-29 16:21:22.918004,"dk",0.1081,825,0.1818,450,-0.0737,-0.045,-2.2513,-1.758828125
2026-05-29,"LAS @ WAS","three point field goal","LAS","LAS three point field goal",2026-05-29 16:21:22.918004,"dk",0.129,675,0.1739,475,-0.0449,-0.0272,-1.3594,-1.06203125
2026-05-29,"LAS @ WAS","three point field goal","WAS","WAS three point field goal",2026-05-29 16:21:22.918004,"dk",0.1238,708,0.1667,500,-0.0429,-0.0257,-1.2874,-1.00578125
2026-05-29,"MIN @ CHI","three point field goal","MIN","MIN three point field goal",2026-05-29 16:21:22.918004,"dk",0.118,748,0.1538,550,-0.0359,-0.0212,-1.0604,-0.8284375
2026-05-29,"MIN @ CHI","three point field goal","CHI","CHI three point field goal",2026-05-29 16:21:22.918004,"dk",0.1079,826,0.1818,450,-0.0739,-0.0452,-2.2576,-1.76375
2026-05-29,"ATL @ PDX","three point field goal","PDX","PDX three point field goal",2026-05-29 16:21:22.918004,"dk",0.1335,649,0.1429,600,-0.0093,-0.0054,-0.2719,-0.212421875
2026-05-29,"ATL @ PDX","three point field goal","ATL","ATL three point field goal",2026-05-29 16:21:22.918004,"dk",0.1457,586,0.2,400,-0.0543,-0.0339,-1.6959,-1.324921875
2026-05-29,"PHX @ NYL","two point field goal","NYL","NYL two point field goal",2026-05-29 16:21:22.918004,"dk",0.3632,175,0.4082,145,-0.045,-0.038,-1.9,-1.484375
2026-05-29,"PHX @ NYL","two point field goal","PHX","PHX two point field goal",2026-05-29 16:21:22.918004,"dk",0.3914,155,0.3922,155,-7e-04,-6e-04,-0.0296,-0.023125
2026-05-29,"LAS @ WAS","two point field goal","LAS","LAS two point field goal",2026-05-29 16:21:22.918004,"dk",0.3655,174,0.3704,170,-0.0049,-0.0039,-0.1927,-0.150546875
2026-05-29,"LAS @ WAS","two point field goal","WAS","WAS two point field goal",2026-05-29 16:21:22.918004,"dk",0.3817,162,0.4878,105,-0.1061,-0.1035,-5.1773,-4.044765625
2026-05-29,"MIN @ CHI","two point field goal","MIN","MIN two point field goal",2026-05-29 16:21:22.918004,"dk",0.3579,179,0.3704,170,-0.0124,-0.0099,-0.4941,-0.386015625
2026-05-29,"MIN @ CHI","two point field goal","CHI","CHI two point field goal",2026-05-29 16:21:22.918004,"dk",0.4162,140,0.4878,105,-0.0716,-0.0699,-3.4959,-2.731171875
2026-05-29,"ATL @ PDX","two point field goal","PDX","PDX two point field goal",2026-05-29 16:21:22.918004,"dk",0.332,201,0.3846,160,-0.0526,-0.0428,-2.1388,-1.6709375
2026-05-29,"ATL @ PDX","two point field goal","ATL","ATL two point field goal",2026-05-29 16:21:22.918004,"dk",0.3888,157,0.4651,115,-0.0764,-0.0714,-3.5686,-2.78796875
2026-05-29,"PHX @ NYL","three point field goal","NYL","NYL three point field goal",2026-05-29 16:51:23.617921,"dk",0.1372,629,0.2083,380,-0.0711,-0.0449,-2.2451,-1.753984375
2026-05-29,"PHX @ NYL","three point field goal","PHX","PHX three point field goal",2026-05-29 16:51:23.617921,"dk",0.1081,825,0.1818,450,-0.0737,-0.045,-2.2513,-1.758828125
2026-05-29,"LAS @ WAS","three point field goal","LAS","LAS three point field goal",2026-05-29 16:51:23.617921,"dk",0.129,675,0.1739,475,-0.0449,-0.0272,-1.3594,-1.06203125
2026-05-29,"LAS @ WAS","three point field goal","WAS","WAS three point field goal",2026-05-29 16:51:23.617921,"dk",0.1238,708,0.1667,500,-0.0429,-0.0257,-1.2874,-1.00578125
2026-05-29,"MIN @ CHI","three point field goal","MIN","MIN three point field goal",2026-05-29 16:51:23.617921,"dk",0.118,748,0.1538,550,-0.0359,-0.0212,-1.0604,-0.8284375
2026-05-29,"MIN @ CHI","three point field goal","CHI","CHI three point field goal",2026-05-29 16:51:23.617921,"dk",0.1079,826,0.1818,450,-0.0739,-0.0452,-2.2576,-1.76375
2026-05-29,"ATL @ PDX","three point field goal","PDX","PDX three point field goal",2026-05-29 16:51:23.617921,"dk",0.1335,649,0.1429,600,-0.0093,-0.0054,-0.2719,-0.212421875
2026-05-29,"ATL @ PDX","three point field goal","ATL","ATL three point field goal",2026-05-29 16:51:23.617921,"dk",0.1457,586,0.2,400,-0.0543,-0.0339,-1.6959,-1.324921875
2026-05-29,"PHX @ NYL","two point field goal","NYL","NYL two point field goal",2026-05-29 16:51:23.617921,"dk",0.3632,175,0.4082,145,-0.045,-0.038,-1.9,-1.484375
2026-05-29,"PHX @ NYL","two point field goal","PHX","PHX two point field goal",2026-05-29 16:51:23.617921,"dk",0.3914,155,0.3922,155,-7e-04,-6e-04,-0.0296,-0.023125
2026-05-29,"LAS @ WAS","two point field goal","LAS","LAS two point field goal",2026-05-29 16:51:23.617921,"dk",0.3655,174,0.3704,170,-0.0049,-0.0039,-0.1927,-0.150546875
2026-05-29,"LAS @ WAS","two point field goal","WAS","WAS two point field goal",2026-05-29 16:51:23.617921,"dk",0.3817,162,0.4878,105,-0.1061,-0.1035,-5.1773,-4.044765625
2026-05-29,"MIN @ CHI","two point field goal","MIN","MIN two point field goal",2026-05-29 16:51:23.617921,"dk",0.3579,179,0.3704,170,-0.0124,-0.0099,-0.4941,-0.386015625
2026-05-29,"MIN @ CHI","two point field goal","CHI","CHI two point field goal",2026-05-29 16:51:23.617921,"dk",0.4162,140,0.4878,105,-0.0716,-0.0699,-3.4959,-2.731171875
2026-05-29,"ATL @ PDX","two point field goal","PDX","PDX two point field goal",2026-05-29 16:51:23.617921,"dk",0.332,201,0.3846,160,-0.0526,-0.0428,-2.1388,-1.6709375
2026-05-29,"ATL @ PDX","two point field goal","ATL","ATL two point field goal",2026-05-29 16:51:23.617921,"dk",0.3888,157,0.4651,115,-0.0764,-0.0714,-3.5686,-2.78796875
2026-05-29,"PHX @ NYL","three point field goal","NYL","NYL three point field goal",2026-05-29 17:21:22.134464,"dk",0.1372,629,0.2083,380,-0.0711,-0.0449,-2.2451,-1.753984375
2026-05-29,"PHX @ NYL","three point field goal","PHX","PHX three point field goal",2026-05-29 17:21:22.134464,"dk",0.1081,825,0.1818,450,-0.0737,-0.045,-2.2513,-1.758828125
2026-05-29,"LAS @ WAS","three point field goal","LAS","LAS three point field goal",2026-05-29 17:21:22.134464,"dk",0.129,675,0.1739,475,-0.0449,-0.0272,-1.3594,-1.06203125
2026-05-29,"LAS @ WAS","three point field goal","WAS","WAS three point field goal",2026-05-29 17:21:22.134464,"dk",0.1238,708,0.1667,500,-0.0429,-0.0257,-1.2874,-1.00578125
2026-05-29,"MIN @ CHI","three point field goal","MIN","MIN three point field goal",2026-05-29 17:21:22.134464,"dk",0.118,748,0.1538,550,-0.0359,-0.0212,-1.0604,-0.8284375
2026-05-29,"MIN @ CHI","three point field goal","CHI","CHI three point field goal",2026-05-29 17:21:22.134464,"dk",0.1079,826,0.1818,450,-0.0739,-0.0452,-2.2576,-1.76375
2026-05-29,"ATL @ PDX","three point field goal","PDX","PDX three point field goal",2026-05-29 17:21:22.134464,"dk",0.1335,649,0.1429,600,-0.0093,-0.0054,-0.2719,-0.212421875
2026-05-29,"ATL @ PDX","three point field goal","ATL","ATL three point field goal",2026-05-29 17:21:22.134464,"dk",0.1457,586,0.2,400,-0.0543,-0.0339,-1.6959,-1.324921875
2026-05-29,"PHX @ NYL","two point field goal","NYL","NYL two point field goal",2026-05-29 17:21:22.134464,"dk",0.3632,175,0.4082,145,-0.045,-0.038,-1.9,-1.484375
2026-05-29,"PHX @ NYL","two point field goal","PHX","PHX two point field goal",2026-05-29 17:21:22.134464,"dk",0.3914,155,0.3922,155,-7e-04,-6e-04,-0.0296,-0.023125
2026-05-29,"LAS @ WAS","two point field goal","LAS","LAS two point field goal",2026-05-29 17:21:22.134464,"dk",0.3655,174,0.3704,170,-0.0049,-0.0039,-0.1927,-0.150546875
2026-05-29,"LAS @ WAS","two point field goal","WAS","WAS two point field goal",2026-05-29 17:21:22.134464,"dk",0.3817,162,0.4878,105,-0.1061,-0.1035,-5.1773,-4.044765625
2026-05-29,"MIN @ CHI","two point field goal","MIN","MIN two point field goal",2026-05-29 17:21:22.134464,"dk",0.3579,179,0.3704,170,-0.0124,-0.0099,-0.4941,-0.386015625
2026-05-29,"MIN @ CHI","two point field goal","CHI","CHI two point field goal",2026-05-29 17:21:22.134464,"dk",0.4162,140,0.4878,105,-0.0716,-0.0699,-3.4959,-2.731171875
2026-05-29,"ATL @ PDX","two point field goal","PDX","PDX two point field goal",2026-05-29 17:21:22.134464,"dk",0.332,201,0.3846,160,-0.0526,-0.0428,-2.1388,-1.6709375
2026-05-29,"ATL @ PDX","two point field goal","ATL","ATL two point field goal",2026-05-29 17:21:22.134464,"dk",0.3888,157,0.4651,115,-0.0764,-0.0714,-3.5686,-2.78796875
2026-05-29,"PHX @ NYL","three point field goal","NYL","NYL three point field goal",2026-05-29 17:51:22.988302,"dk",0.1372,629,0.2083,380,-0.0711,-0.0449,-2.2451,-1.753984375
2026-05-29,"PHX @ NYL","three point field goal","PHX","PHX three point field goal",2026-05-29 17:51:22.988302,"dk",0.1081,825,0.1818,450,-0.0737,-0.045,-2.2513,-1.758828125
2026-05-29,"LAS @ WAS","three point field goal","LAS","LAS three point field goal",2026-05-29 17:51:22.988302,"dk",0.129,675,0.1739,475,-0.0449,-0.0272,-1.3594,-1.06203125
2026-05-29,"LAS @ WAS","three point field goal","WAS","WAS three point field goal",2026-05-29 17:51:22.988302,"dk",0.1238,708,0.1667,500,-0.0429,-0.0257,-1.2874,-1.00578125
2026-05-29,"MIN @ CHI","three point field goal","MIN","MIN three point field goal",2026-05-29 17:51:22.988302,"dk",0.118,748,0.1538,550,-0.0359,-0.0212,-1.0604,-0.8284375
2026-05-29,"MIN @ CHI","three point field goal","CHI","CHI three point field goal",2026-05-29 17:51:22.988302,"dk",0.1079,826,0.1818,450,-0.0739,-0.0452,-2.2576,-1.76375
2026-05-29,"ATL @ PDX","three point field goal","PDX","PDX three point field goal",2026-05-29 17:51:22.988302,"dk",0.1335,649,0.1429,600,-0.0093,-0.0054,-0.2719,-0.212421875
2026-05-29,"ATL @ PDX","three point field goal","ATL","ATL three point field goal",2026-05-29 17:51:22.988302,"dk",0.1457,586,0.2,400,-0.0543,-0.0339,-1.6959,-1.324921875
2026-05-29,"PHX @ NYL","two point field goal","NYL","NYL two point field goal",2026-05-29 17:51:22.988302,"dk",0.3632,175,0.4082,145,-0.045,-0.038,-1.9,-1.484375
2026-05-29,"PHX @ NYL","two point field goal","PHX","PHX two point field goal",2026-05-29 17:51:22.988302,"dk",0.3914,155,0.3922,155,-7e-04,-6e-04,-0.0296,-0.023125
2026-05-29,"LAS @ WAS","two point field goal","LAS","LAS two point field goal",2026-05-29 17:51:22.988302,"dk",0.3655,174,0.3704,170,-0.0049,-0.0039,-0.1927,-0.150546875
2026-05-29,"LAS @ WAS","two point field goal","WAS","WAS two point field goal",2026-05-29 17:51:22.988302,"dk",0.3817,162,0.4878,105,-0.1061,-0.1035,-5.1773,-4.044765625
2026-05-29,"MIN @ CHI","two point field goal","MIN","MIN two point field goal",2026-05-29 17:51:22.988302,"dk",0.3579,179,0.3704,170,-0.0124,-0.0099,-0.4941,-0.386015625
2026-05-29,"MIN @ CHI","two point field goal","CHI","CHI two point field goal",2026-05-29 17:51:22.988302,"dk",0.4162,140,0.4878,105,-0.0716,-0.0699,-3.4959,-2.731171875
2026-05-29,"ATL @ PDX","two point field goal","PDX","PDX two point field goal",2026-05-29 17:51:22.988302,"dk",0.332,201,0.3846,160,-0.0526,-0.0428,-2.1388,-1.6709375
2026-05-29,"ATL @ PDX","two point field goal","ATL","ATL two point field goal",2026-05-29 17:51:22.988302,"dk",0.3888,157,0.4651,115,-0.0764,-0.0714,-3.5686,-2.78796875
2026-05-29,"PHX @ NYL","three point field goal","NYL","NYL three point field goal",2026-05-29 18:21:22.329456,"dk",0.1372,629,0.2083,380,-0.0711,-0.0449,-2.2451,-1.753984375
2026-05-29,"PHX @ NYL","three point field goal","PHX","PHX three point field goal",2026-05-29 18:21:22.329456,"dk",0.1081,825,0.1818,450,-0.0737,-0.045,-2.2513,-1.758828125
2026-05-29,"LAS @ WAS","three point field goal","LAS","LAS three point field goal",2026-05-29 18:21:22.329456,"dk",0.129,675,0.1739,475,-0.0449,-0.0272,-1.3594,-1.06203125
2026-05-29,"LAS @ WAS","three point field goal","WAS","WAS three point field goal",2026-05-29 18:21:22.329456,"dk",0.1238,708,0.1667,500,-0.0429,-0.0257,-1.2874,-1.00578125
2026-05-29,"MIN @ CHI","three point field goal","MIN","MIN three point field goal",2026-05-29 18:21:22.329456,"dk",0.118,748,0.1538,550,-0.0359,-0.0212,-1.0604,-0.8284375
2026-05-29,"MIN @ CHI","three point field goal","CHI","CHI three point field goal",2026-05-29 18:21:22.329456,"dk",0.1079,826,0.1818,450,-0.0739,-0.0452,-2.2576,-1.76375
2026-05-29,"ATL @ PDX","three point field goal","PDX","PDX three point field goal",2026-05-29 18:21:22.329456,"dk",0.1335,649,0.1429,600,-0.0093,-0.0054,-0.2719,-0.212421875
2026-05-29,"ATL @ PDX","three point field goal","ATL","ATL three point field goal",2026-05-29 18:21:22.329456,"dk",0.1457,586,0.2,400,-0.0543,-0.0339,-1.6959,-1.324921875
2026-05-29,"PHX @ NYL","two point field goal","NYL","NYL two point field goal",2026-05-29 18:21:22.329456,"dk",0.3632,175,0.4082,145,-0.045,-0.038,-1.9,-1.484375
2026-05-29,"PHX @ NYL","two point field goal","PHX","PHX two point field goal",2026-05-29 18:21:22.329456,"dk",0.3914,155,0.3922,155,-7e-04,-6e-04,-0.0296,-0.023125
2026-05-29,"LAS @ WAS","two point field goal","LAS","LAS two point field goal",2026-05-29 18:21:22.329456,"dk",0.3655,174,0.3704,170,-0.0049,-0.0039,-0.1927,-0.150546875
2026-05-29,"LAS @ WAS","two point field goal","WAS","WAS two point field goal",2026-05-29 18:21:22.329456,"dk",0.3817,162,0.4878,105,-0.1061,-0.1035,-5.1773,-4.044765625
2026-05-29,"MIN @ CHI","two point field goal","MIN","MIN two point field goal",2026-05-29 18:21:22.329456,"dk",0.3579,179,0.3704,170,-0.0124,-0.0099,-0.4941,-0.386015625
2026-05-29,"MIN @ CHI","two point field goal","CHI","CHI two point field goal",2026-05-29 18:21:22.329456,"dk",0.4162,140,0.4878,105,-0.0716,-0.0699,-3.4959,-2.731171875
2026-05-29,"ATL @ PDX","two point field goal","PDX","PDX two point field goal",2026-05-29 18:21:22.329456,"dk",0.332,201,0.3846,160,-0.0526,-0.0428,-2.1388,-1.6709375
2026-05-29,"ATL @ PDX","two point field goal","ATL","ATL two point field goal",2026-05-29 18:21:22.329456,"dk",0.3888,157,0.4651,115,-0.0764,-0.0714,-3.5686,-2.78796875
2026-05-29,"PHX @ NYL","three point field goal","NYL","NYL three point field goal",2026-05-29 18:51:24.039069,"dk",0.1372,629,0.2083,380,-0.0711,-0.0449,-2.2451,-1.753984375
2026-05-29,"PHX @ NYL","three point field goal","PHX","PHX three point field goal",2026-05-29 18:51:24.039069,"dk",0.1081,825,0.1818,450,-0.0737,-0.045,-2.2513,-1.758828125
2026-05-29,"LAS @ WAS","three point field goal","LAS","LAS three point field goal",2026-05-29 18:51:24.039069,"dk",0.129,675,0.1739,475,-0.0449,-0.0272,-1.3594,-1.06203125
2026-05-29,"LAS @ WAS","three point field goal","WAS","WAS three point field goal",2026-05-29 18:51:24.039069,"dk",0.1238,708,0.1667,500,-0.0429,-0.0257,-1.2874,-1.00578125
2026-05-29,"MIN @ CHI","three point field goal","MIN","MIN three point field goal",2026-05-29 18:51:24.039069,"dk",0.118,748,0.1538,550,-0.0359,-0.0212,-1.0604,-0.8284375
2026-05-29,"MIN @ CHI","three point field goal","CHI","CHI three point field goal",2026-05-29 18:51:24.039069,"dk",0.1079,826,0.1818,450,-0.0739,-0.0452,-2.2576,-1.76375
2026-05-29,"ATL @ PDX","three point field goal","PDX","PDX three point field goal",2026-05-29 18:51:24.039069,"dk",0.1335,649,0.1429,600,-0.0093,-0.0054,-0.2719,-0.212421875
2026-05-29,"ATL @ PDX","three point field goal","ATL","ATL three point field goal",2026-05-29 18:51:24.039069,"dk",0.1457,586,0.2,400,-0.0543,-0.0339,-1.6959,-1.324921875
2026-05-29,"PHX @ NYL","two point field goal","NYL","NYL two point field goal",2026-05-29 18:51:24.039069,"dk",0.3632,175,0.4082,145,-0.045,-0.038,-1.9,-1.484375
2026-05-29,"PHX @ NYL","two point field goal","PHX","PHX two point field goal",2026-05-29 18:51:24.039069,"dk",0.3914,155,0.3922,155,-7e-04,-6e-04,-0.0296,-0.023125
2026-05-29,"LAS @ WAS","two point field goal","LAS","LAS two point field goal",2026-05-29 18:51:24.039069,"dk",0.3655,174,0.3704,170,-0.0049,-0.0039,-0.1927,-0.150546875
2026-05-29,"LAS @ WAS","two point field goal","WAS","WAS two point field goal",2026-05-29 18:51:24.039069,"dk",0.3817,162,0.4878,105,-0.1061,-0.1035,-5.1773,-4.044765625
2026-05-29,"MIN @ CHI","two point field goal","MIN","MIN two point field goal",2026-05-29 18:51:24.039069,"dk",0.3579,179,0.3704,170,-0.0124,-0.0099,-0.4941,-0.386015625
2026-05-29,"MIN @ CHI","two point field goal","CHI","CHI two point field goal",2026-05-29 18:51:24.039069,"dk",0.4162,140,0.4878,105,-0.0716,-0.0699,-3.4959,-2.731171875
2026-05-29,"ATL @ PDX","two point field goal","PDX","PDX two point field goal",2026-05-29 18:51:24.039069,"dk",0.332,201,0.3846,160,-0.0526,-0.0428,-2.1388,-1.6709375
2026-05-29,"ATL @ PDX","two point field goal","ATL","ATL two point field goal",2026-05-29 18:51:24.039069,"dk",0.3888,157,0.4651,115,-0.0764,-0.0714,-3.5686,-2.78796875
2026-05-29,"PHX @ NYL","three point field goal","NYL","NYL three point field goal",2026-05-29 19:21:22.605612,"dk",0.1372,629,0.2083,380,-0.0711,-0.0449,-2.2451,-1.753984375
2026-05-29,"PHX @ NYL","three point field goal","PHX","PHX three point field goal",2026-05-29 19:21:22.605612,"dk",0.1081,825,0.1818,450,-0.0737,-0.045,-2.2513,-1.758828125
2026-05-29,"LAS @ WAS","three point field goal","LAS","LAS three point field goal",2026-05-29 19:21:22.605612,"dk",0.129,675,0.1739,475,-0.0449,-0.0272,-1.3594,-1.06203125
2026-05-29,"LAS @ WAS","three point field goal","WAS","WAS three point field goal",2026-05-29 19:21:22.605612,"dk",0.1238,708,0.1667,500,-0.0429,-0.0257,-1.2874,-1.00578125
2026-05-29,"MIN @ CHI","three point field goal","MIN","MIN three point field goal",2026-05-29 19:21:22.605612,"dk",0.118,748,0.1538,550,-0.0359,-0.0212,-1.0604,-0.8284375
2026-05-29,"MIN @ CHI","three point field goal","CHI","CHI three point field goal",2026-05-29 19:21:22.605612,"dk",0.1079,826,0.1818,450,-0.0739,-0.0452,-2.2576,-1.76375
2026-05-29,"ATL @ PDX","three point field goal","PDX","PDX three point field goal",2026-05-29 19:21:22.605612,"dk",0.1335,649,0.1429,600,-0.0093,-0.0054,-0.2719,-0.212421875
2026-05-29,"ATL @ PDX","three point field goal","ATL","ATL three point field goal",2026-05-29 19:21:22.605612,"dk",0.1457,586,0.2,400,-0.0543,-0.0339,-1.6959,-1.324921875
2026-05-29,"PHX @ NYL","two point field goal","NYL","NYL two point field goal",2026-05-29 19:21:22.605612,"dk",0.3632,175,0.4082,145,-0.045,-0.038,-1.9,-1.484375
2026-05-29,"PHX @ NYL","two point field goal","PHX","PHX two point field goal",2026-05-29 19:21:22.605612,"dk",0.3914,155,0.3922,155,-7e-04,-6e-04,-0.0296,-0.023125
2026-05-29,"LAS @ WAS","two point field goal","LAS","LAS two point field goal",2026-05-29 19:21:22.605612,"dk",0.3655,174,0.3704,170,-0.0049,-0.0039,-0.1927,-0.150546875
2026-05-29,"LAS @ WAS","two point field goal","WAS","WAS two point field goal",2026-05-29 19:21:22.605612,"dk",0.3817,162,0.4878,105,-0.1061,-0.1035,-5.1773,-4.044765625
2026-05-29,"MIN @ CHI","two point field goal","MIN","MIN two point field goal",2026-05-29 19:21:22.605612,"dk",0.3579,179,0.3704,170,-0.0124,-0.0099,-0.4941,-0.386015625
2026-05-29,"MIN @ CHI","two point field goal","CHI","CHI two point field goal",2026-05-29 19:21:22.605612,"dk",0.4162,140,0.4878,105,-0.0716,-0.0699,-3.4959,-2.731171875
2026-05-29,"ATL @ PDX","two point field goal","PDX","PDX two point field goal",2026-05-29 19:21:22.605612,"dk",0.332,201,0.3846,160,-0.0526,-0.0428,-2.1388,-1.6709375
2026-05-29,"ATL @ PDX","two point field goal","ATL","ATL two point field goal",2026-05-29 19:21:22.605612,"dk",0.3888,157,0.4651,115,-0.0764,-0.0714,-3.5686,-2.78796875
2026-05-29,"PHX @ NYL","three point field goal","NYL","NYL three point field goal",2026-05-29 19:51:22.952284,"dk",0.1372,629,0.2083,380,-0.0711,-0.0449,-2.2451,-1.753984375
2026-05-29,"PHX @ NYL","three point field goal","PHX","PHX three point field goal",2026-05-29 19:51:22.952284,"dk",0.1081,825,0.1818,450,-0.0737,-0.045,-2.2513,-1.758828125
2026-05-29,"LAS @ WAS","three point field goal","LAS","LAS three point field goal",2026-05-29 19:51:22.952284,"dk",0.129,675,0.1739,475,-0.0449,-0.0272,-1.3594,-1.06203125
2026-05-29,"LAS @ WAS","three point field goal","WAS","WAS three point field goal",2026-05-29 19:51:22.952284,"dk",0.1238,708,0.1667,500,-0.0429,-0.0257,-1.2874,-1.00578125
2026-05-29,"MIN @ CHI","three point field goal","MIN","MIN three point field goal",2026-05-29 19:51:22.952284,"dk",0.118,748,0.1538,550,-0.0359,-0.0212,-1.0604,-0.8284375
2026-05-29,"MIN @ CHI","three point field goal","CHI","CHI three point field goal",2026-05-29 19:51:22.952284,"dk",0.1079,826,0.1818,450,-0.0739,-0.0452,-2.2576,-1.76375
2026-05-29,"ATL @ PDX","three point field goal","PDX","PDX three point field goal",2026-05-29 19:51:22.952284,"dk",0.1335,649,0.1429,600,-0.0093,-0.0054,-0.2719,-0.212421875
2026-05-29,"ATL @ PDX","three point field goal","ATL","ATL three point field goal",2026-05-29 19:51:22.952284,"dk",0.1457,586,0.2,400,-0.0543,-0.0339,-1.6959,-1.324921875
2026-05-29,"PHX @ NYL","two point field goal","NYL","NYL two point field goal",2026-05-29 19:51:22.952284,"dk",0.3632,175,0.4082,145,-0.045,-0.038,-1.9,-1.484375
2026-05-29,"PHX @ NYL","two point field goal","PHX","PHX two point field goal",2026-05-29 19:51:22.952284,"dk",0.3914,155,0.3922,155,-7e-04,-6e-04,-0.0296,-0.023125
2026-05-29,"LAS @ WAS","two point field goal","LAS","LAS two point field goal",2026-05-29 19:51:22.952284,"dk",0.3655,174,0.3704,170,-0.0049,-0.0039,-0.1927,-0.150546875
2026-05-29,"LAS @ WAS","two point field goal","WAS","WAS two point field goal",2026-05-29 19:51:22.952284,"dk",0.3817,162,0.4878,105,-0.1061,-0.1035,-5.1773,-4.044765625
2026-05-29,"MIN @ CHI","two point field goal","MIN","MIN two point field goal",2026-05-29 19:51:22.952284,"dk",0.3579,179,0.3704,170,-0.0124,-0.0099,-0.4941,-0.386015625
2026-05-29,"MIN @ CHI","two point field goal","CHI","CHI two point field goal",2026-05-29 19:51:22.952284,"dk",0.4162,140,0.4878,105,-0.0716,-0.0699,-3.4959,-2.731171875
2026-05-29,"ATL @ PDX","two point field goal","PDX","PDX two point field goal",2026-05-29 19:51:22.952284,"dk",0.332,201,0.3846,160,-0.0526,-0.0428,-2.1388,-1.6709375
2026-05-29,"ATL @ PDX","two point field goal","ATL","ATL two point field goal",2026-05-29 19:51:22.952284,"dk",0.3888,157,0.4651,115,-0.0764,-0.0714,-3.5686,-2.78796875
2026-05-29,"PHX @ NYL","three point field goal","NYL","NYL three point field goal",2026-05-29 20:21:23.064911,"dk",0.1372,629,0.2083,380,-0.0711,-0.0449,-2.2451,-1.753984375
2026-05-29,"PHX @ NYL","three point field goal","PHX","PHX three point field goal",2026-05-29 20:21:23.064911,"dk",0.1081,825,0.1818,450,-0.0737,-0.045,-2.2513,-1.758828125
2026-05-29,"LAS @ WAS","three point field goal","LAS","LAS three point field goal",2026-05-29 20:21:23.064911,"dk",0.129,675,0.1739,475,-0.0449,-0.0272,-1.3594,-1.06203125
2026-05-29,"LAS @ WAS","three point field goal","WAS","WAS three point field goal",2026-05-29 20:21:23.064911,"dk",0.1238,708,0.1667,500,-0.0429,-0.0257,-1.2874,-1.00578125
2026-05-29,"MIN @ CHI","three point field goal","MIN","MIN three point field goal",2026-05-29 20:21:23.064911,"dk",0.118,748,0.1538,550,-0.0359,-0.0212,-1.0604,-0.8284375
2026-05-29,"MIN @ CHI","three point field goal","CHI","CHI three point field goal",2026-05-29 20:21:23.064911,"dk",0.1079,826,0.1818,450,-0.0739,-0.0452,-2.2576,-1.76375
2026-05-29,"ATL @ PDX","three point field goal","PDX","PDX three point field goal",2026-05-29 20:21:23.064911,"dk",0.1335,649,0.1429,600,-0.0093,-0.0054,-0.2719,-0.212421875
2026-05-29,"ATL @ PDX","three point field goal","ATL","ATL three point field goal",2026-05-29 20:21:23.064911,"dk",0.1457,586,0.2,400,-0.0543,-0.0339,-1.6959,-1.324921875
2026-05-29,"PHX @ NYL","two point field goal","NYL","NYL two point field goal",2026-05-29 20:21:23.064911,"dk",0.3632,175,0.4082,145,-0.045,-0.038,-1.9,-1.484375
2026-05-29,"PHX @ NYL","two point field goal","PHX","PHX two point field goal",2026-05-29 20:21:23.064911,"dk",0.3914,155,0.3922,155,-7e-04,-6e-04,-0.0296,-0.023125
2026-05-29,"LAS @ WAS","two point field goal","LAS","LAS two point field goal",2026-05-29 20:21:23.064911,"dk",0.3655,174,0.3704,170,-0.0049,-0.0039,-0.1927,-0.150546875
2026-05-29,"LAS @ WAS","two point field goal","WAS","WAS two point field goal",2026-05-29 20:21:23.064911,"dk",0.3817,162,0.4878,105,-0.1061,-0.1035,-5.1773,-4.044765625
2026-05-29,"MIN @ CHI","two point field goal","MIN","MIN two point field goal",2026-05-29 20:21:23.064911,"dk",0.3579,179,0.3704,170,-0.0124,-0.0099,-0.4941,-0.386015625
2026-05-29,"MIN @ CHI","two point field goal","CHI","CHI two point field goal",2026-05-29 20:21:23.064911,"dk",0.4162,140,0.4878,105,-0.0716,-0.0699,-3.4959,-2.731171875
2026-05-29,"ATL @ PDX","two point field goal","PDX","PDX two point field goal",2026-05-29 20:21:23.064911,"dk",0.332,201,0.3846,160,-0.0526,-0.0428,-2.1388,-1.6709375
2026-05-29,"ATL @ PDX","two point field goal","ATL","ATL two point field goal",2026-05-29 20:21:23.064911,"dk",0.3888,157,0.4651,115,-0.0764,-0.0714,-3.5686,-2.78796875
2026-05-29,"PHX @ NYL","three point field goal","NYL","NYL three point field goal",2026-05-29 20:51:23.024337,"dk",0.1372,629,0.2083,380,-0.0711,-0.0449,-2.2451,-1.753984375
2026-05-29,"PHX @ NYL","three point field goal","PHX","PHX three point field goal",2026-05-29 20:51:23.024337,"dk",0.1081,825,0.1818,450,-0.0737,-0.045,-2.2513,-1.758828125
2026-05-29,"LAS @ WAS","three point field goal","LAS","LAS three point field goal",2026-05-29 20:51:23.024337,"dk",0.129,675,0.1739,475,-0.0449,-0.0272,-1.3594,-1.06203125
2026-05-29,"LAS @ WAS","three point field goal","WAS","WAS three point field goal",2026-05-29 20:51:23.024337,"dk",0.1238,708,0.1667,500,-0.0429,-0.0257,-1.2874,-1.00578125
2026-05-29,"MIN @ CHI","three point field goal","MIN","MIN three point field goal",2026-05-29 20:51:23.024337,"dk",0.118,748,0.1538,550,-0.0359,-0.0212,-1.0604,-0.8284375
2026-05-29,"MIN @ CHI","three point field goal","CHI","CHI three point field goal",2026-05-29 20:51:23.024337,"dk",0.1079,826,0.1818,450,-0.0739,-0.0452,-2.2576,-1.76375
2026-05-29,"ATL @ PDX","three point field goal","PDX","PDX three point field goal",2026-05-29 20:51:23.024337,"dk",0.1335,649,0.1429,600,-0.0093,-0.0054,-0.2719,-0.212421875
2026-05-29,"ATL @ PDX","three point field goal","ATL","ATL three point field goal",2026-05-29 20:51:23.024337,"dk",0.1457,586,0.2,400,-0.0543,-0.0339,-1.6959,-1.324921875
2026-05-29,"PHX @ NYL","two point field goal","NYL","NYL two point field goal",2026-05-29 20:51:23.024337,"dk",0.3632,175,0.4082,145,-0.045,-0.038,-1.9,-1.484375
2026-05-29,"PHX @ NYL","two point field goal","PHX","PHX two point field goal",2026-05-29 20:51:23.024337,"dk",0.3914,155,0.3922,155,-7e-04,-6e-04,-0.0296,-0.023125
2026-05-29,"LAS @ WAS","two point field goal","LAS","LAS two point field goal",2026-05-29 20:51:23.024337,"dk",0.3655,174,0.3704,170,-0.0049,-0.0039,-0.1927,-0.150546875
2026-05-29,"LAS @ WAS","two point field goal","WAS","WAS two point field goal",2026-05-29 20:51:23.024337,"dk",0.3817,162,0.4878,105,-0.1061,-0.1035,-5.1773,-4.044765625
2026-05-29,"MIN @ CHI","two point field goal","MIN","MIN two point field goal",2026-05-29 20:51:23.024337,"dk",0.3579,179,0.3704,170,-0.0124,-0.0099,-0.4941,-0.386015625
2026-05-29,"MIN @ CHI","two point field goal","CHI","CHI two point field goal",2026-05-29 20:51:23.024337,"dk",0.4162,140,0.4878,105,-0.0716,-0.0699,-3.4959,-2.731171875
2026-05-29,"ATL @ PDX","two point field goal","PDX","PDX two point field goal",2026-05-29 20:51:23.024337,"dk",0.332,201,0.3846,160,-0.0526,-0.0428,-2.1388,-1.6709375
2026-05-29,"ATL @ PDX","two point field goal","ATL","ATL two point field goal",2026-05-29 20:51:23.024337,"dk",0.3888,157,0.4651,115,-0.0764,-0.0714,-3.5686,-2.78796875
2026-05-29,"PHX @ NYL","three point field goal","NYL","NYL three point field goal",2026-05-29 21:21:22.728816,"dk",0.1372,629,0.2083,380,-0.0711,-0.0449,-2.2451,-1.753984375
2026-05-29,"PHX @ NYL","three point field goal","PHX","PHX three point field goal",2026-05-29 21:21:22.728816,"dk",0.1081,825,0.1818,450,-0.0737,-0.045,-2.2513,-1.758828125
2026-05-29,"LAS @ WAS","three point field goal","LAS","LAS three point field goal",2026-05-29 21:21:22.728816,"dk",0.129,675,0.1739,475,-0.0449,-0.0272,-1.3594,-1.06203125
2026-05-29,"LAS @ WAS","three point field goal","WAS","WAS three point field goal",2026-05-29 21:21:22.728816,"dk",0.1238,708,0.1667,500,-0.0429,-0.0257,-1.2874,-1.00578125
2026-05-29,"MIN @ CHI","three point field goal","MIN","MIN three point field goal",2026-05-29 21:21:22.728816,"dk",0.118,748,0.1538,550,-0.0359,-0.0212,-1.0604,-0.8284375
2026-05-29,"MIN @ CHI","three point field goal","CHI","CHI three point field goal",2026-05-29 21:21:22.728816,"dk",0.1079,826,0.1818,450,-0.0739,-0.0452,-2.2576,-1.76375
2026-05-29,"ATL @ PDX","three point field goal","PDX","PDX three point field goal",2026-05-29 21:21:22.728816,"dk",0.1335,649,0.1429,600,-0.0093,-0.0054,-0.2719,-0.212421875
2026-05-29,"ATL @ PDX","three point field goal","ATL","ATL three point field goal",2026-05-29 21:21:22.728816,"dk",0.1457,586,0.2,400,-0.0543,-0.0339,-1.6959,-1.324921875
2026-05-29,"PHX @ NYL","two point field goal","NYL","NYL two point field goal",2026-05-29 21:21:22.728816,"dk",0.3632,175,0.4082,145,-0.045,-0.038,-1.9,-1.484375
2026-05-29,"PHX @ NYL","two point field goal","PHX","PHX two point field goal",2026-05-29 21:21:22.728816,"dk",0.3914,155,0.3922,155,-7e-04,-6e-04,-0.0296,-0.023125
2026-05-29,"LAS @ WAS","two point field goal","LAS","LAS two point field goal",2026-05-29 21:21:22.728816,"dk",0.3655,174,0.3704,170,-0.0049,-0.0039,-0.1927,-0.150546875
2026-05-29,"LAS @ WAS","two point field goal","WAS","WAS two point field goal",2026-05-29 21:21:22.728816,"dk",0.3817,162,0.4878,105,-0.1061,-0.1035,-5.1773,-4.044765625
2026-05-29,"MIN @ CHI","two point field goal","MIN","MIN two point field goal",2026-05-29 21:21:22.728816,"dk",0.3579,179,0.3704,170,-0.0124,-0.0099,-0.4941,-0.386015625
2026-05-29,"MIN @ CHI","two point field goal","CHI","CHI two point field goal",2026-05-29 21:21:22.728816,"dk",0.4162,140,0.4878,105,-0.0716,-0.0699,-3.4959,-2.731171875
2026-05-29,"ATL @ PDX","two point field goal","PDX","PDX two point field goal",2026-05-29 21:21:22.728816,"dk",0.332,201,0.3846,160,-0.0526,-0.0428,-2.1388,-1.6709375
2026-05-29,"ATL @ PDX","two point field goal","ATL","ATL two point field goal",2026-05-29 21:21:22.728816,"dk",0.3888,157,0.4651,115,-0.0764,-0.0714,-3.5686,-2.78796875
2026-05-29,"PHX @ NYL","three point field goal","NYL","NYL three point field goal",2026-05-29 21:51:24.224184,"dk",0.1372,629,0.2083,380,-0.0711,-0.0449,-2.2451,-1.753984375
2026-05-29,"PHX @ NYL","three point field goal","PHX","PHX three point field goal",2026-05-29 21:51:24.224184,"dk",0.1081,825,0.1818,450,-0.0737,-0.045,-2.2513,-1.758828125
2026-05-29,"LAS @ WAS","three point field goal","LAS","LAS three point field goal",2026-05-29 21:51:24.224184,"dk",0.129,675,0.1739,475,-0.0449,-0.0272,-1.3594,-1.06203125
2026-05-29,"LAS @ WAS","three point field goal","WAS","WAS three point field goal",2026-05-29 21:51:24.224184,"dk",0.1238,708,0.1667,500,-0.0429,-0.0257,-1.2874,-1.00578125
2026-05-29,"MIN @ CHI","three point field goal","MIN","MIN three point field goal",2026-05-29 21:51:24.224184,"dk",0.118,748,0.1538,550,-0.0359,-0.0212,-1.0604,-0.8284375
2026-05-29,"MIN @ CHI","three point field goal","CHI","CHI three point field goal",2026-05-29 21:51:24.224184,"dk",0.1079,826,0.1818,450,-0.0739,-0.0452,-2.2576,-1.76375
2026-05-29,"ATL @ PDX","three point field goal","PDX","PDX three point field goal",2026-05-29 21:51:24.224184,"dk",0.1335,649,0.1429,600,-0.0093,-0.0054,-0.2719,-0.212421875
2026-05-29,"ATL @ PDX","three point field goal","ATL","ATL three point field goal",2026-05-29 21:51:24.224184,"dk",0.1457,586,0.2,400,-0.0543,-0.0339,-1.6959,-1.324921875
2026-05-29,"PHX @ NYL","two point field goal","NYL","NYL two point field goal",2026-05-29 21:51:24.224184,"dk",0.3632,175,0.4082,145,-0.045,-0.038,-1.9,-1.484375
2026-05-29,"PHX @ NYL","two point field goal","PHX","PHX two point field goal",2026-05-29 21:51:24.224184,"dk",0.3914,155,0.3922,155,-7e-04,-6e-04,-0.0296,-0.023125
2026-05-29,"LAS @ WAS","two point field goal","LAS","LAS two point field goal",2026-05-29 21:51:24.224184,"dk",0.3655,174,0.3704,170,-0.0049,-0.0039,-0.1927,-0.150546875
2026-05-29,"LAS @ WAS","two point field goal","WAS","WAS two point field goal",2026-05-29 21:51:24.224184,"dk",0.3817,162,0.4878,105,-0.1061,-0.1035,-5.1773,-4.044765625
2026-05-29,"MIN @ CHI","two point field goal","MIN","MIN two point field goal",2026-05-29 21:51:24.224184,"dk",0.3579,179,0.3704,170,-0.0124,-0.0099,-0.4941,-0.386015625
2026-05-29,"MIN @ CHI","two point field goal","CHI","CHI two point field goal",2026-05-29 21:51:24.224184,"dk",0.4162,140,0.4878,105,-0.0716,-0.0699,-3.4959,-2.731171875
2026-05-29,"ATL @ PDX","two point field goal","PDX","PDX two point field goal",2026-05-29 21:51:24.224184,"dk",0.332,201,0.3846,160,-0.0526,-0.0428,-2.1388,-1.6709375
2026-05-29,"ATL @ PDX","two point field goal","ATL","ATL two point field goal",2026-05-29 21:51:24.224184,"dk",0.3888,157,0.4651,115,-0.0764,-0.0714,-3.5686,-2.78796875
2026-05-29,"PHX @ NYL","three point field goal","NYL","NYL three point field goal",2026-05-29 22:21:22.679944,"dk",0.1372,629,0.2083,380,-0.0711,-0.0449,-2.2451,-1.753984375
2026-05-29,"PHX @ NYL","three point field goal","PHX","PHX three point field goal",2026-05-29 22:21:22.679944,"dk",0.1081,825,0.1818,450,-0.0737,-0.045,-2.2513,-1.758828125
2026-05-29,"LAS @ WAS","three point field goal","LAS","LAS three point field goal",2026-05-29 22:21:22.679944,"dk",0.129,675,0.1739,475,-0.0449,-0.0272,-1.3594,-1.06203125
2026-05-29,"LAS @ WAS","three point field goal","WAS","WAS three point field goal",2026-05-29 22:21:22.679944,"dk",0.1238,708,0.1667,500,-0.0429,-0.0257,-1.2874,-1.00578125
2026-05-29,"MIN @ CHI","three point field goal","MIN","MIN three point field goal",2026-05-29 22:21:22.679944,"dk",0.118,748,0.1538,550,-0.0359,-0.0212,-1.0604,-0.8284375
2026-05-29,"MIN @ CHI","three point field goal","CHI","CHI three point field goal",2026-05-29 22:21:22.679944,"dk",0.1079,826,0.1818,450,-0.0739,-0.0452,-2.2576,-1.76375
2026-05-29,"ATL @ PDX","three point field goal","PDX","PDX three point field goal",2026-05-29 22:21:22.679944,"dk",0.1335,649,0.1429,600,-0.0093,-0.0054,-0.2719,-0.212421875
2026-05-29,"ATL @ PDX","three point field goal","ATL","ATL three point field goal",2026-05-29 22:21:22.679944,"dk",0.1457,586,0.2,400,-0.0543,-0.0339,-1.6959,-1.324921875
2026-05-29,"PHX @ NYL","two point field goal","NYL","NYL two point field goal",2026-05-29 22:21:22.679944,"dk",0.3632,175,0.4082,145,-0.045,-0.038,-1.9,-1.484375
2026-05-29,"PHX @ NYL","two point field goal","PHX","PHX two point field goal",2026-05-29 22:21:22.679944,"dk",0.3914,155,0.3922,155,-7e-04,-6e-04,-0.0296,-0.023125
2026-05-29,"LAS @ WAS","two point field goal","LAS","LAS two point field goal",2026-05-29 22:21:22.679944,"dk",0.3655,174,0.3704,170,-0.0049,-0.0039,-0.1927,-0.150546875
2026-05-29,"LAS @ WAS","two point field goal","WAS","WAS two point field goal",2026-05-29 22:21:22.679944,"dk",0.3817,162,0.4878,105,-0.1061,-0.1035,-5.1773,-4.044765625
2026-05-29,"MIN @ CHI","two point field goal","MIN","MIN two point field goal",2026-05-29 22:21:22.679944,"dk",0.3579,179,0.3704,170,-0.0124,-0.0099,-0.4941,-0.386015625
2026-05-29,"MIN @ CHI","two point field goal","CHI","CHI two point field goal",2026-05-29 22:21:22.679944,"dk",0.4162,140,0.4878,105,-0.0716,-0.0699,-3.4959,-2.731171875
2026-05-29,"ATL @ PDX","two point field goal","PDX","PDX two point field goal",2026-05-29 22:21:22.679944,"dk",0.332,201,0.3846,160,-0.0526,-0.0428,-2.1388,-1.6709375
2026-05-29,"ATL @ PDX","two point field goal","ATL","ATL two point field goal",2026-05-29 22:21:22.679944,"dk",0.3888,157,0.4651,115,-0.0764,-0.0714,-3.5686,-2.78796875
2026-05-29,"PHX @ NYL","three point field goal","NYL","NYL three point field goal",2026-05-29 22:51:22.86643,"dk",0.1372,629,0.2083,380,-0.0711,-0.0449,-2.2451,-1.753984375
2026-05-29,"PHX @ NYL","three point field goal","PHX","PHX three point field goal",2026-05-29 22:51:22.86643,"dk",0.1081,825,0.1818,450,-0.0737,-0.045,-2.2513,-1.758828125
2026-05-29,"LAS @ WAS","three point field goal","LAS","LAS three point field goal",2026-05-29 22:51:22.86643,"dk",0.129,675,0.1739,475,-0.0449,-0.0272,-1.3594,-1.06203125
2026-05-29,"LAS @ WAS","three point field goal","WAS","WAS three point field goal",2026-05-29 22:51:22.86643,"dk",0.1238,708,0.1667,500,-0.0429,-0.0257,-1.2874,-1.00578125
2026-05-29,"MIN @ CHI","three point field goal","MIN","MIN three point field goal",2026-05-29 22:51:22.86643,"dk",0.118,748,0.1538,550,-0.0359,-0.0212,-1.0604,-0.8284375
2026-05-29,"MIN @ CHI","three point field goal","CHI","CHI three point field goal",2026-05-29 22:51:22.86643,"dk",0.1079,826,0.1818,450,-0.0739,-0.0452,-2.2576,-1.76375
2026-05-29,"ATL @ PDX","three point field goal","PDX","PDX three point field goal",2026-05-29 22:51:22.86643,"dk",0.1335,649,0.1429,600,-0.0093,-0.0054,-0.2719,-0.212421875
2026-05-29,"ATL @ PDX","three point field goal","ATL","ATL three point field goal",2026-05-29 22:51:22.86643,"dk",0.1457,586,0.2,400,-0.0543,-0.0339,-1.6959,-1.324921875
2026-05-29,"PHX @ NYL","two point field goal","NYL","NYL two point field goal",2026-05-29 22:51:22.86643,"dk",0.3632,175,0.4082,145,-0.045,-0.038,-1.9,-1.484375
2026-05-29,"PHX @ NYL","two point field goal","PHX","PHX two point field goal",2026-05-29 22:51:22.86643,"dk",0.3914,155,0.3922,155,-7e-04,-6e-04,-0.0296,-0.023125
2026-05-29,"LAS @ WAS","two point field goal","LAS","LAS two point field goal",2026-05-29 22:51:22.86643,"dk",0.3655,174,0.3704,170,-0.0049,-0.0039,-0.1927,-0.150546875
2026-05-29,"LAS @ WAS","two point field goal","WAS","WAS two point field goal",2026-05-29 22:51:22.86643,"dk",0.3817,162,0.4878,105,-0.1061,-0.1035,-5.1773,-4.044765625
2026-05-29,"MIN @ CHI","two point field goal","MIN","MIN two point field goal",2026-05-29 22:51:22.86643,"dk",0.3579,179,0.3704,170,-0.0124,-0.0099,-0.4941,-0.386015625
2026-05-29,"MIN @ CHI","two point field goal","CHI","CHI two point field goal",2026-05-29 22:51:22.86643,"dk",0.4162,140,0.4878,105,-0.0716,-0.0699,-3.4959,-2.731171875
2026-05-29,"ATL @ PDX","two point field goal","PDX","PDX two point field goal",2026-05-29 22:51:22.86643,"dk",0.332,201,0.3846,160,-0.0526,-0.0428,-2.1388,-1.6709375
2026-05-29,"ATL @ PDX","two point field goal","ATL","ATL two point field goal",2026-05-29 22:51:22.86643,"dk",0.3888,157,0.4651,115,-0.0764,-0.0714,-3.5686,-2.78796875
2026-05-29,"PHX @ NYL","three point field goal","NYL","NYL three point field goal",2026-05-29 23:21:23.095968,"dk",0.1524,556,0.2083,380,-0.0559,-0.0353,-1.7654,-1.37921875
2026-05-29,"PHX @ NYL","three point field goal","PHX","PHX three point field goal",2026-05-29 23:21:23.095968,"dk",0.1074,831,0.1818,450,-0.0744,-0.0455,-2.2745,-1.776953125
2026-05-29,"LAS @ WAS","three point field goal","LAS","LAS three point field goal",2026-05-29 23:21:23.095968,"dk",0.129,675,0.1739,475,-0.0449,-0.0272,-1.3594,-1.06203125
2026-05-29,"LAS @ WAS","three point field goal","WAS","WAS three point field goal",2026-05-29 23:21:23.095968,"dk",0.1238,708,0.1667,500,-0.0429,-0.0257,-1.2874,-1.00578125
2026-05-29,"MIN @ CHI","three point field goal","MIN","MIN three point field goal",2026-05-29 23:21:23.095968,"dk",0.118,748,0.1538,550,-0.0359,-0.0212,-1.0604,-0.8284375
2026-05-29,"MIN @ CHI","three point field goal","CHI","CHI three point field goal",2026-05-29 23:21:23.095968,"dk",0.1079,826,0.1818,450,-0.0739,-0.0452,-2.2576,-1.76375
2026-05-29,"ATL @ PDX","three point field goal","PDX","PDX three point field goal",2026-05-29 23:21:23.095968,"dk",0.1335,649,0.1429,600,-0.0093,-0.0054,-0.2719,-0.212421875
2026-05-29,"ATL @ PDX","three point field goal","ATL","ATL three point field goal",2026-05-29 23:21:23.095968,"dk",0.1457,586,0.2,400,-0.0543,-0.0339,-1.6959,-1.324921875
2026-05-29,"PHX @ NYL","two point field goal","NYL","NYL two point field goal",2026-05-29 23:21:23.095968,"dk",0.3515,184,0.4082,145,-0.0567,-0.0479,-2.3934,-1.86984375
2026-05-29,"PHX @ NYL","two point field goal","PHX","PHX two point field goal",2026-05-29 23:21:23.095968,"dk",0.3887,157,0.3922,155,-0.0035,-0.0029,-0.1427,-0.111484375
2026-05-29,"LAS @ WAS","two point field goal","LAS","LAS two point field goal",2026-05-29 23:21:23.095968,"dk",0.3655,174,0.3704,170,-0.0049,-0.0039,-0.1927,-0.150546875
2026-05-29,"LAS @ WAS","two point field goal","WAS","WAS two point field goal",2026-05-29 23:21:23.095968,"dk",0.3817,162,0.4878,105,-0.1061,-0.1035,-5.1773,-4.044765625
2026-05-29,"MIN @ CHI","two point field goal","MIN","MIN two point field goal",2026-05-29 23:21:23.095968,"dk",0.3579,179,0.3704,170,-0.0124,-0.0099,-0.4941,-0.386015625
2026-05-29,"MIN @ CHI","two point field goal","CHI","CHI two point field goal",2026-05-29 23:21:23.095968,"dk",0.4162,140,0.4878,105,-0.0716,-0.0699,-3.4959,-2.731171875
2026-05-29,"ATL @ PDX","two point field goal","PDX","PDX two point field goal",2026-05-29 23:21:23.095968,"dk",0.332,201,0.3846,160,-0.0526,-0.0428,-2.1388,-1.6709375
2026-05-29,"ATL @ PDX","two point field goal","ATL","ATL two point field goal",2026-05-29 23:21:23.095968,"dk",0.3888,157,0.4651,115,-0.0764,-0.0714,-3.5686,-2.78796875
2026-05-29,"PHX @ NYL","three point field goal","NYL","NYL three point field goal",2026-05-29 23:51:22.69233,"dk",0.1524,556,0.2083,380,-0.0559,-0.0353,-1.7654,-1.37921875
2026-05-29,"PHX @ NYL","three point field goal","PHX","PHX three point field goal",2026-05-29 23:51:22.69233,"dk",0.1074,831,0.1818,450,-0.0744,-0.0455,-2.2745,-1.776953125
2026-05-29,"LAS @ WAS","three point field goal","LAS","LAS three point field goal",2026-05-29 23:51:22.69233,"dk",0.129,675,0.1739,475,-0.0449,-0.0272,-1.3594,-1.06203125
2026-05-29,"LAS @ WAS","three point field goal","WAS","WAS three point field goal",2026-05-29 23:51:22.69233,"dk",0.1238,708,0.1667,500,-0.0429,-0.0257,-1.2874,-1.00578125
2026-05-29,"MIN @ CHI","three point field goal","MIN","MIN three point field goal",2026-05-29 23:51:22.69233,"dk",0.118,748,0.1538,550,-0.0359,-0.0212,-1.0604,-0.8284375
2026-05-29,"MIN @ CHI","three point field goal","CHI","CHI three point field goal",2026-05-29 23:51:22.69233,"dk",0.1079,826,0.1818,450,-0.0739,-0.0452,-2.2576,-1.76375
2026-05-29,"ATL @ PDX","three point field goal","PDX","PDX three point field goal",2026-05-29 23:51:22.69233,"dk",0.1335,649,0.1429,600,-0.0093,-0.0054,-0.2719,-0.212421875
2026-05-29,"ATL @ PDX","three point field goal","ATL","ATL three point field goal",2026-05-29 23:51:22.69233,"dk",0.1457,586,0.2,400,-0.0543,-0.0339,-1.6959,-1.324921875
2026-05-29,"PHX @ NYL","two point field goal","NYL","NYL two point field goal",2026-05-29 23:51:22.69233,"dk",0.3515,184,0.4082,145,-0.0567,-0.0479,-2.3934,-1.86984375
2026-05-29,"PHX @ NYL","two point field goal","PHX","PHX two point field goal",2026-05-29 23:51:22.69233,"dk",0.3887,157,0.3922,155,-0.0035,-0.0029,-0.1427,-0.111484375
2026-05-29,"LAS @ WAS","two point field goal","LAS","LAS two point field goal",2026-05-29 23:51:22.69233,"dk",0.3655,174,0.3704,170,-0.0049,-0.0039,-0.1927,-0.150546875
2026-05-29,"LAS @ WAS","two point field goal","WAS","WAS two point field goal",2026-05-29 23:51:22.69233,"dk",0.3817,162,0.4878,105,-0.1061,-0.1035,-5.1773,-4.044765625
2026-05-29,"MIN @ CHI","two point field goal","MIN","MIN two point field goal",2026-05-29 23:51:22.69233,"dk",0.3579,179,0.3704,170,-0.0124,-0.0099,-0.4941,-0.386015625
2026-05-29,"MIN @ CHI","two point field goal","CHI","CHI two point field goal",2026-05-29 23:51:22.69233,"dk",0.4162,140,0.4878,105,-0.0716,-0.0699,-3.4959,-2.731171875
2026-05-29,"ATL @ PDX","two point field goal","PDX","PDX two point field goal",2026-05-29 23:51:22.69233,"dk",0.332,201,0.3846,160,-0.0526,-0.0428,-2.1388,-1.6709375
2026-05-29,"ATL @ PDX","two point field goal","ATL","ATL two point field goal",2026-05-29 23:51:22.69233,"dk",0.3888,157,0.4651,115,-0.0764,-0.0714,-3.5686,-2.78796875
2026-05-29,"ATL @ PDX","three point field goal","PDX","PDX three point field goal",2026-05-30 00:21:22.513499,"dk",0.1335,649,0.1429,600,-0.0093,-0.0054,-0.2719,-0.212421875
2026-05-29,"ATL @ PDX","three point field goal","ATL","ATL three point field goal",2026-05-30 00:21:22.513499,"dk",0.1457,586,0.2,400,-0.0543,-0.0339,-1.6959,-1.324921875
2026-05-29,"ATL @ PDX","two point field goal","PDX","PDX two point field goal",2026-05-30 00:21:22.513499,"dk",0.332,201,0.3846,160,-0.0526,-0.0428,-2.1388,-1.6709375
2026-05-29,"ATL @ PDX","two point field goal","ATL","ATL two point field goal",2026-05-30 00:21:22.513499,"dk",0.3888,157,0.4651,115,-0.0764,-0.0714,-3.5686,-2.78796875
2026-05-29,"ATL @ PDX","three point field goal","PDX","PDX three point field goal",2026-05-30 00:51:21.917996,"dk",0.1266,690,0.1429,600,-0.0162,-0.0095,-0.4731,-0.369609375
2026-05-29,"ATL @ PDX","three point field goal","ATL","ATL three point field goal",2026-05-30 00:51:21.917996,"dk",0.1451,589,0.2,400,-0.0549,-0.0343,-1.7145,-1.339453125
2026-05-29,"ATL @ PDX","two point field goal","PDX","PDX two point field goal",2026-05-30 00:51:21.917996,"dk",0.341,193,0.3846,160,-0.0436,-0.0354,-1.7699,-1.382734375
2026-05-29,"ATL @ PDX","two point field goal","ATL","ATL two point field goal",2026-05-30 00:51:21.917996,"dk",0.3872,158,0.4651,115,-0.0779,-0.0729,-3.6427,-2.845859375
2026-05-29,"ATL @ PDX","three point field goal","PDX","PDX three point field goal",2026-05-30 01:21:22.410462,"dk",0.1266,690,0.1429,600,-0.0162,-0.0095,-0.4731,-0.369609375
2026-05-29,"ATL @ PDX","three point field goal","ATL","ATL three point field goal",2026-05-30 01:21:22.410462,"dk",0.1451,589,0.2,400,-0.0549,-0.0343,-1.7145,-1.339453125
2026-05-29,"ATL @ PDX","two point field goal","PDX","PDX two point field goal",2026-05-30 01:21:22.410462,"dk",0.341,193,0.3846,160,-0.0436,-0.0354,-1.7699,-1.382734375
2026-05-29,"ATL @ PDX","two point field goal","ATL","ATL two point field goal",2026-05-30 01:21:22.410462,"dk",0.3872,158,0.4651,115,-0.0779,-0.0729,-3.6427,-2.845859375
2026-05-29,"ATL @ PDX","three point field goal","PDX","PDX three point field goal",2026-05-30 01:51:22.898528,"dk",0.1265,691,0.1429,600,-0.0164,-0.0096,-0.4776,-0.373125
2026-05-29,"ATL @ PDX","three point field goal","ATL","ATL three point field goal",2026-05-30 01:51:22.898528,"dk",0.1453,588,0.2,400,-0.0547,-0.0342,-1.7086,-1.33484375
2026-05-29,"ATL @ PDX","two point field goal","PDX","PDX two point field goal",2026-05-30 01:51:22.898528,"dk",0.3405,194,0.3846,160,-0.0441,-0.0358,-1.7918,-1.39984375
2026-05-29,"ATL @ PDX","two point field goal","ATL","ATL two point field goal",2026-05-30 01:51:22.898528,"dk",0.3877,158,0.4651,115,-0.0774,-0.0724,-3.6191,-2.827421875
2026-05-29,"ATL @ PDX","three point field goal","PDX","PDX three point field goal",2026-05-30 02:21:21.494951,"dk",0.1265,691,0.1429,600,-0.0164,-0.0096,-0.4776,-0.373125
2026-05-29,"ATL @ PDX","three point field goal","ATL","ATL three point field goal",2026-05-30 02:21:21.494951,"dk",0.1453,588,0.2,400,-0.0547,-0.0342,-1.7086,-1.33484375
2026-05-29,"ATL @ PDX","two point field goal","PDX","PDX two point field goal",2026-05-30 02:21:21.494951,"dk",0.3405,194,0.3846,160,-0.0441,-0.0358,-1.7918,-1.39984375
2026-05-29,"ATL @ PDX","two point field goal","ATL","ATL two point field goal",2026-05-30 02:21:21.494951,"dk",0.3877,158,0.4651,115,-0.0774,-0.0724,-3.6191,-2.827421875
2026-05-29,"ATL @ PDX","three point field goal","PDX","PDX three point field goal",2026-05-30 02:51:22.814259,"dk",0.1265,691,0.1429,600,-0.0164,-0.0096,-0.4776,-0.373125
2026-05-29,"ATL @ PDX","three point field goal","ATL","ATL three point field goal",2026-05-30 02:51:22.814259,"dk",0.1453,588,0.2,400,-0.0547,-0.0342,-1.7086,-1.33484375
2026-05-29,"ATL @ PDX","two point field goal","PDX","PDX two point field goal",2026-05-30 02:51:22.814259,"dk",0.3405,194,0.3846,160,-0.0441,-0.0358,-1.7918,-1.39984375
2026-05-29,"ATL @ PDX","two point field goal","ATL","ATL two point field goal",2026-05-30 02:51:22.814259,"dk",0.3877,158,0.4651,115,-0.0774,-0.0724,-3.6191,-2.827421875
2026-05-30,"SEA @ TOR","three point field goal","SEA","SEA three point field goal",2026-05-30 14:21:21.808311,"dk",0.131,663,0.1667,500,-0.0356,-0.0214,-1.0691,-0.835234375
2026-05-30,"SEA @ TOR","three point field goal","TOR","TOR three point field goal",2026-05-30 14:21:21.808311,"dk",0.1404,612,0.1905,425,-0.0501,-0.0309,-1.5458,-1.20765625
2026-05-30,"LAS @ CON","three point field goal","LAS","LAS three point field goal",2026-05-30 14:21:21.808311,"dk",0.1225,716,0.1667,500,-0.0442,-0.0265,-1.3251,-1.035234375
2026-05-30,"LAS @ CON","three point field goal","CON","CON three point field goal",2026-05-30 14:21:21.808311,"dk",0.1115,797,0.1538,550,-0.0424,-0.025,-1.2523,-0.978359375
2026-05-30,"IND @ PDX","three point field goal","IND","IND three point field goal",2026-05-30 14:21:21.808311,"dk",0.1431,599,0.2083,380,-0.0652,-0.0412,-2.0601,-1.609453125
2026-05-30,"IND @ PDX","three point field goal","PDX","PDX three point field goal",2026-05-30 14:21:21.808311,"dk",0.1349,641,0.1667,500,-0.0318,-0.0191,-0.954,-0.7453125
2026-05-30,"SEA @ TOR","two point field goal","SEA","SEA two point field goal",2026-05-30 14:21:21.808311,"dk",0.3448,190,0.4167,140,-0.0719,-0.0616,-3.0796,-2.4059375
2026-05-30,"SEA @ TOR","two point field goal","TOR","TOR two point field goal",2026-05-30 14:21:21.808311,"dk",0.3837,161,0.4167,140,-0.0329,-0.0282,-1.411,-1.10234375
2026-05-30,"LAS @ CON","two point field goal","LAS","LAS two point field goal",2026-05-30 14:21:21.808311,"dk",0.3439,191,0.3704,170,-0.0265,-0.0211,-1.0527,-0.822421875
2026-05-30,"LAS @ CON","two point field goal","CON","CON two point field goal",2026-05-30 14:21:21.808311,"dk",0.4222,137,0.5,100,-0.0778,-0.0778,-3.8907,-3.039609375
2026-05-30,"IND @ PDX","two point field goal","IND","IND two point field goal",2026-05-30 14:21:21.808311,"dk",0.3942,154,0.4545,120,-0.0604,-0.0554,-2.768,-2.1625
2026-05-30,"IND @ PDX","two point field goal","PDX","PDX two point field goal",2026-05-30 14:21:21.808311,"dk",0.3279,205,0.3636,175,-0.0358,-0.0281,-1.4045,-1.097265625
2026-05-30,"SEA @ TOR","three point field goal","SEA","SEA three point field goal",2026-05-30 14:51:21.392747,"dk",0.131,663,0.1667,500,-0.0356,-0.0214,-1.0691,-0.835234375
2026-05-30,"SEA @ TOR","three point field goal","TOR","TOR three point field goal",2026-05-30 14:51:21.392747,"dk",0.1404,612,0.1905,425,-0.0501,-0.0309,-1.5458,-1.20765625
2026-05-30,"LAS @ CON","three point field goal","LAS","LAS three point field goal",2026-05-30 14:51:21.392747,"dk",0.1225,716,0.1667,500,-0.0442,-0.0265,-1.3251,-1.035234375
2026-05-30,"LAS @ CON","three point field goal","CON","CON three point field goal",2026-05-30 14:51:21.392747,"dk",0.1115,797,0.1538,550,-0.0424,-0.025,-1.2523,-0.978359375
2026-05-30,"IND @ PDX","three point field goal","IND","IND three point field goal",2026-05-30 14:51:21.392747,"dk",0.1431,599,0.2083,380,-0.0652,-0.0412,-2.0601,-1.609453125
2026-05-30,"IND @ PDX","three point field goal","PDX","PDX three point field goal",2026-05-30 14:51:21.392747,"dk",0.1349,641,0.1667,500,-0.0318,-0.0191,-0.954,-0.7453125
2026-05-30,"SEA @ TOR","two point field goal","SEA","SEA two point field goal",2026-05-30 14:51:21.392747,"dk",0.3448,190,0.4167,140,-0.0719,-0.0616,-3.0796,-2.4059375
2026-05-30,"SEA @ TOR","two point field goal","TOR","TOR two point field goal",2026-05-30 14:51:21.392747,"dk",0.3837,161,0.4167,140,-0.0329,-0.0282,-1.411,-1.10234375
2026-05-30,"LAS @ CON","two point field goal","LAS","LAS two point field goal",2026-05-30 14:51:21.392747,"dk",0.3439,191,0.3704,170,-0.0265,-0.0211,-1.0527,-0.822421875
2026-05-30,"LAS @ CON","two point field goal","CON","CON two point field goal",2026-05-30 14:51:21.392747,"dk",0.4222,137,0.5,100,-0.0778,-0.0778,-3.8907,-3.039609375
2026-05-30,"IND @ PDX","two point field goal","IND","IND two point field goal",2026-05-30 14:51:21.392747,"dk",0.3942,154,0.4545,120,-0.0604,-0.0554,-2.768,-2.1625
2026-05-30,"IND @ PDX","two point field goal","PDX","PDX two point field goal",2026-05-30 14:51:21.392747,"dk",0.3279,205,0.3636,175,-0.0358,-0.0281,-1.4045,-1.097265625
2026-05-30,"SEA @ TOR","three point field goal","SEA","SEA three point field goal",2026-05-30 15:21:21.719408,"dk",0.131,663,0.1667,500,-0.0356,-0.0214,-1.0691,-0.835234375
2026-05-30,"SEA @ TOR","three point field goal","TOR","TOR three point field goal",2026-05-30 15:21:21.719408,"dk",0.1404,612,0.1905,425,-0.0501,-0.0309,-1.5458,-1.20765625
2026-05-30,"LAS @ CON","three point field goal","LAS","LAS three point field goal",2026-05-30 15:21:21.719408,"dk",0.1225,716,0.1667,500,-0.0442,-0.0265,-1.3251,-1.035234375
2026-05-30,"LAS @ CON","three point field goal","CON","CON three point field goal",2026-05-30 15:21:21.719408,"dk",0.1115,797,0.1538,550,-0.0424,-0.025,-1.2523,-0.978359375
2026-05-30,"IND @ PDX","three point field goal","IND","IND three point field goal",2026-05-30 15:21:21.719408,"dk",0.1431,599,0.2083,380,-0.0652,-0.0412,-2.0601,-1.609453125
2026-05-30,"IND @ PDX","three point field goal","PDX","PDX three point field goal",2026-05-30 15:21:21.719408,"dk",0.1349,641,0.1667,500,-0.0318,-0.0191,-0.954,-0.7453125
2026-05-30,"SEA @ TOR","two point field goal","SEA","SEA two point field goal",2026-05-30 15:21:21.719408,"dk",0.3448,190,0.4167,140,-0.0719,-0.0616,-3.0796,-2.4059375
2026-05-30,"SEA @ TOR","two point field goal","TOR","TOR two point field goal",2026-05-30 15:21:21.719408,"dk",0.3837,161,0.4167,140,-0.0329,-0.0282,-1.411,-1.10234375
2026-05-30,"LAS @ CON","two point field goal","LAS","LAS two point field goal",2026-05-30 15:21:21.719408,"dk",0.3439,191,0.3704,170,-0.0265,-0.0211,-1.0527,-0.822421875
2026-05-30,"LAS @ CON","two point field goal","CON","CON two point field goal",2026-05-30 15:21:21.719408,"dk",0.4222,137,0.5,100,-0.0778,-0.0778,-3.8907,-3.039609375
2026-05-30,"IND @ PDX","two point field goal","IND","IND two point field goal",2026-05-30 15:21:21.719408,"dk",0.3942,154,0.4545,120,-0.0604,-0.0554,-2.768,-2.1625
2026-05-30,"IND @ PDX","two point field goal","PDX","PDX two point field goal",2026-05-30 15:21:21.719408,"dk",0.3279,205,0.3636,175,-0.0358,-0.0281,-1.4045,-1.097265625
2026-05-30,"SEA @ TOR","three point field goal","SEA","SEA three point field goal",2026-05-30 15:51:22.909089,"dk",0.131,663,0.1667,500,-0.0356,-0.0214,-1.0691,-0.835234375
2026-05-30,"SEA @ TOR","three point field goal","TOR","TOR three point field goal",2026-05-30 15:51:22.909089,"dk",0.1404,612,0.1905,425,-0.0501,-0.0309,-1.5458,-1.20765625
2026-05-30,"LAS @ CON","three point field goal","LAS","LAS three point field goal",2026-05-30 15:51:22.909089,"dk",0.1225,716,0.1667,500,-0.0442,-0.0265,-1.3251,-1.035234375
2026-05-30,"LAS @ CON","three point field goal","CON","CON three point field goal",2026-05-30 15:51:22.909089,"dk",0.1115,797,0.1538,550,-0.0424,-0.025,-1.2523,-0.978359375
2026-05-30,"IND @ PDX","three point field goal","IND","IND three point field goal",2026-05-30 15:51:22.909089,"dk",0.1431,599,0.2083,380,-0.0652,-0.0412,-2.0601,-1.609453125
2026-05-30,"IND @ PDX","three point field goal","PDX","PDX three point field goal",2026-05-30 15:51:22.909089,"dk",0.1349,641,0.1667,500,-0.0318,-0.0191,-0.954,-0.7453125
2026-05-30,"SEA @ TOR","two point field goal","SEA","SEA two point field goal",2026-05-30 15:51:22.909089,"dk",0.3448,190,0.4167,140,-0.0719,-0.0616,-3.0796,-2.4059375
2026-05-30,"SEA @ TOR","two point field goal","TOR","TOR two point field goal",2026-05-30 15:51:22.909089,"dk",0.3837,161,0.4167,140,-0.0329,-0.0282,-1.411,-1.10234375
2026-05-30,"LAS @ CON","two point field goal","LAS","LAS two point field goal",2026-05-30 15:51:22.909089,"dk",0.3439,191,0.3704,170,-0.0265,-0.0211,-1.0527,-0.822421875
2026-05-30,"LAS @ CON","two point field goal","CON","CON two point field goal",2026-05-30 15:51:22.909089,"dk",0.4222,137,0.5,100,-0.0778,-0.0778,-3.8907,-3.039609375
2026-05-30,"IND @ PDX","two point field goal","IND","IND two point field goal",2026-05-30 15:51:22.909089,"dk",0.3942,154,0.4545,120,-0.0604,-0.0554,-2.768,-2.1625
2026-05-30,"IND @ PDX","two point field goal","PDX","PDX two point field goal",2026-05-30 15:51:22.909089,"dk",0.3279,205,0.3636,175,-0.0358,-0.0281,-1.4045,-1.097265625
2026-05-30,"SEA @ TOR","three point field goal","SEA","SEA three point field goal",2026-05-30 16:21:23.27131,"dk",0.131,663,0.1667,500,-0.0356,-0.0214,-1.0691,-0.835234375
2026-05-30,"SEA @ TOR","three point field goal","TOR","TOR three point field goal",2026-05-30 16:21:23.27131,"dk",0.1404,612,0.1905,425,-0.0501,-0.0309,-1.5458,-1.20765625
2026-05-30,"LAS @ CON","three point field goal","LAS","LAS three point field goal",2026-05-30 16:21:23.27131,"dk",0.1225,716,0.1667,500,-0.0442,-0.0265,-1.3251,-1.035234375
2026-05-30,"LAS @ CON","three point field goal","CON","CON three point field goal",2026-05-30 16:21:23.27131,"dk",0.1115,797,0.1538,550,-0.0424,-0.025,-1.2523,-0.978359375
2026-05-30,"IND @ PDX","three point field goal","IND","IND three point field goal",2026-05-30 16:21:23.27131,"dk",0.1431,599,0.2083,380,-0.0652,-0.0412,-2.0601,-1.609453125
2026-05-30,"IND @ PDX","three point field goal","PDX","PDX three point field goal",2026-05-30 16:21:23.27131,"dk",0.1349,641,0.1667,500,-0.0318,-0.0191,-0.954,-0.7453125
2026-05-30,"SEA @ TOR","two point field goal","SEA","SEA two point field goal",2026-05-30 16:21:23.27131,"dk",0.3448,190,0.4167,140,-0.0719,-0.0616,-3.0796,-2.4059375
2026-05-30,"SEA @ TOR","two point field goal","TOR","TOR two point field goal",2026-05-30 16:21:23.27131,"dk",0.3837,161,0.4167,140,-0.0329,-0.0282,-1.411,-1.10234375
2026-05-30,"LAS @ CON","two point field goal","LAS","LAS two point field goal",2026-05-30 16:21:23.27131,"dk",0.3439,191,0.3704,170,-0.0265,-0.0211,-1.0527,-0.822421875
2026-05-30,"LAS @ CON","two point field goal","CON","CON two point field goal",2026-05-30 16:21:23.27131,"dk",0.4222,137,0.5,100,-0.0778,-0.0778,-3.8907,-3.039609375
2026-05-30,"IND @ PDX","two point field goal","IND","IND two point field goal",2026-05-30 16:21:23.27131,"dk",0.3942,154,0.4545,120,-0.0604,-0.0554,-2.768,-2.1625
2026-05-30,"IND @ PDX","two point field goal","PDX","PDX two point field goal",2026-05-30 16:21:23.27131,"dk",0.3279,205,0.3636,175,-0.0358,-0.0281,-1.4045,-1.097265625
2026-05-30,"SEA @ TOR","three point field goal","SEA","SEA three point field goal",2026-05-30 16:51:22.52037,"dk",0.131,663,0.1667,500,-0.0356,-0.0214,-1.0691,-0.835234375
2026-05-30,"SEA @ TOR","three point field goal","TOR","TOR three point field goal",2026-05-30 16:51:22.52037,"dk",0.1404,612,0.1905,425,-0.0501,-0.0309,-1.5458,-1.20765625
2026-05-30,"LAS @ CON","three point field goal","LAS","LAS three point field goal",2026-05-30 16:51:22.52037,"dk",0.1225,716,0.1667,500,-0.0442,-0.0265,-1.3251,-1.035234375
2026-05-30,"LAS @ CON","three point field goal","CON","CON three point field goal",2026-05-30 16:51:22.52037,"dk",0.1115,797,0.1538,550,-0.0424,-0.025,-1.2523,-0.978359375
2026-05-30,"IND @ PDX","three point field goal","IND","IND three point field goal",2026-05-30 16:51:22.52037,"dk",0.1431,599,0.2083,380,-0.0652,-0.0412,-2.0601,-1.609453125
2026-05-30,"IND @ PDX","three point field goal","PDX","PDX three point field goal",2026-05-30 16:51:22.52037,"dk",0.1349,641,0.1667,500,-0.0318,-0.0191,-0.954,-0.7453125
2026-05-30,"SEA @ TOR","two point field goal","SEA","SEA two point field goal",2026-05-30 16:51:22.52037,"dk",0.3448,190,0.4167,140,-0.0719,-0.0616,-3.0796,-2.4059375
2026-05-30,"SEA @ TOR","two point field goal","TOR","TOR two point field goal",2026-05-30 16:51:22.52037,"dk",0.3837,161,0.4167,140,-0.0329,-0.0282,-1.411,-1.10234375
2026-05-30,"LAS @ CON","two point field goal","LAS","LAS two point field goal",2026-05-30 16:51:22.52037,"dk",0.3439,191,0.3704,170,-0.0265,-0.0211,-1.0527,-0.822421875
2026-05-30,"LAS @ CON","two point field goal","CON","CON two point field goal",2026-05-30 16:51:22.52037,"dk",0.4222,137,0.5,100,-0.0778,-0.0778,-3.8907,-3.039609375
2026-05-30,"IND @ PDX","two point field goal","IND","IND two point field goal",2026-05-30 16:51:22.52037,"dk",0.3942,154,0.4545,120,-0.0604,-0.0554,-2.768,-2.1625
2026-05-30,"IND @ PDX","two point field goal","PDX","PDX two point field goal",2026-05-30 16:51:22.52037,"dk",0.3279,205,0.3636,175,-0.0358,-0.0281,-1.4045,-1.097265625
2026-05-30,"SEA @ TOR","three point field goal","SEA","SEA three point field goal",2026-05-30 17:21:22.61771,"dk",0.131,663,0.1667,500,-0.0356,-0.0214,-1.0691,-0.835234375
2026-05-30,"SEA @ TOR","three point field goal","TOR","TOR three point field goal",2026-05-30 17:21:22.61771,"dk",0.1404,612,0.1905,425,-0.0501,-0.0309,-1.5458,-1.20765625
2026-05-30,"LAS @ CON","three point field goal","LAS","LAS three point field goal",2026-05-30 17:21:22.61771,"dk",0.1225,716,0.1667,500,-0.0442,-0.0265,-1.3251,-1.035234375
2026-05-30,"LAS @ CON","three point field goal","CON","CON three point field goal",2026-05-30 17:21:22.61771,"dk",0.1115,797,0.1538,550,-0.0424,-0.025,-1.2523,-0.978359375
2026-05-30,"IND @ PDX","three point field goal","IND","IND three point field goal",2026-05-30 17:21:22.61771,"dk",0.1431,599,0.2083,380,-0.0652,-0.0412,-2.0601,-1.609453125
2026-05-30,"IND @ PDX","three point field goal","PDX","PDX three point field goal",2026-05-30 17:21:22.61771,"dk",0.1349,641,0.1667,500,-0.0318,-0.0191,-0.954,-0.7453125
2026-05-30,"SEA @ TOR","two point field goal","SEA","SEA two point field goal",2026-05-30 17:21:22.61771,"dk",0.3448,190,0.4167,140,-0.0719,-0.0616,-3.0796,-2.4059375
2026-05-30,"SEA @ TOR","two point field goal","TOR","TOR two point field goal",2026-05-30 17:21:22.61771,"dk",0.3837,161,0.4167,140,-0.0329,-0.0282,-1.411,-1.10234375
2026-05-30,"LAS @ CON","two point field goal","LAS","LAS two point field goal",2026-05-30 17:21:22.61771,"dk",0.3439,191,0.3704,170,-0.0265,-0.0211,-1.0527,-0.822421875
2026-05-30,"LAS @ CON","two point field goal","CON","CON two point field goal",2026-05-30 17:21:22.61771,"dk",0.4222,137,0.5,100,-0.0778,-0.0778,-3.8907,-3.039609375
2026-05-30,"IND @ PDX","two point field goal","IND","IND two point field goal",2026-05-30 17:21:22.61771,"dk",0.3942,154,0.4545,120,-0.0604,-0.0554,-2.768,-2.1625
2026-05-30,"IND @ PDX","two point field goal","PDX","PDX two point field goal",2026-05-30 17:21:22.61771,"dk",0.3279,205,0.3636,175,-0.0358,-0.0281,-1.4045,-1.097265625
2026-05-30,"SEA @ TOR","three point field goal","SEA","SEA three point field goal",2026-05-30 17:51:21.938141,"dk",0.131,663,0.1667,500,-0.0356,-0.0214,-1.0691,-0.835234375
2026-05-30,"SEA @ TOR","three point field goal","TOR","TOR three point field goal",2026-05-30 17:51:21.938141,"dk",0.1404,612,0.1905,425,-0.0501,-0.0309,-1.5458,-1.20765625
2026-05-30,"LAS @ CON","three point field goal","LAS","LAS three point field goal",2026-05-30 17:51:21.938141,"dk",0.1225,716,0.1667,500,-0.0442,-0.0265,-1.3251,-1.035234375
2026-05-30,"LAS @ CON","three point field goal","CON","CON three point field goal",2026-05-30 17:51:21.938141,"dk",0.1115,797,0.1538,550,-0.0424,-0.025,-1.2523,-0.978359375
2026-05-30,"IND @ PDX","three point field goal","IND","IND three point field goal",2026-05-30 17:51:21.938141,"dk",0.1431,599,0.2083,380,-0.0652,-0.0412,-2.0601,-1.609453125
2026-05-30,"IND @ PDX","three point field goal","PDX","PDX three point field goal",2026-05-30 17:51:21.938141,"dk",0.1349,641,0.1667,500,-0.0318,-0.0191,-0.954,-0.7453125
2026-05-30,"SEA @ TOR","two point field goal","SEA","SEA two point field goal",2026-05-30 17:51:21.938141,"dk",0.3448,190,0.4167,140,-0.0719,-0.0616,-3.0796,-2.4059375
2026-05-30,"SEA @ TOR","two point field goal","TOR","TOR two point field goal",2026-05-30 17:51:21.938141,"dk",0.3837,161,0.4167,140,-0.0329,-0.0282,-1.411,-1.10234375
2026-05-30,"LAS @ CON","two point field goal","LAS","LAS two point field goal",2026-05-30 17:51:21.938141,"dk",0.3439,191,0.3704,170,-0.0265,-0.0211,-1.0527,-0.822421875
2026-05-30,"LAS @ CON","two point field goal","CON","CON two point field goal",2026-05-30 17:51:21.938141,"dk",0.4222,137,0.5,100,-0.0778,-0.0778,-3.8907,-3.039609375
2026-05-30,"IND @ PDX","two point field goal","IND","IND two point field goal",2026-05-30 17:51:21.938141,"dk",0.3942,154,0.4545,120,-0.0604,-0.0554,-2.768,-2.1625
2026-05-30,"IND @ PDX","two point field goal","PDX","PDX two point field goal",2026-05-30 17:51:21.938141,"dk",0.3279,205,0.3636,175,-0.0358,-0.0281,-1.4045,-1.097265625
2026-05-30,"SEA @ TOR","three point field goal","SEA","SEA three point field goal",2026-05-30 18:21:22.141885,"dk",0.131,663,0.1667,500,-0.0356,-0.0214,-1.0691,-0.835234375
2026-05-30,"SEA @ TOR","three point field goal","TOR","TOR three point field goal",2026-05-30 18:21:22.141885,"dk",0.1404,612,0.1905,425,-0.0501,-0.0309,-1.5458,-1.20765625
2026-05-30,"LAS @ CON","three point field goal","LAS","LAS three point field goal",2026-05-30 18:21:22.141885,"dk",0.1225,716,0.1667,500,-0.0442,-0.0265,-1.3251,-1.035234375
2026-05-30,"LAS @ CON","three point field goal","CON","CON three point field goal",2026-05-30 18:21:22.141885,"dk",0.1115,797,0.1538,550,-0.0424,-0.025,-1.2523,-0.978359375
2026-05-30,"IND @ PDX","three point field goal","IND","IND three point field goal",2026-05-30 18:21:22.141885,"dk",0.1431,599,0.2083,380,-0.0652,-0.0412,-2.0601,-1.609453125
2026-05-30,"IND @ PDX","three point field goal","PDX","PDX three point field goal",2026-05-30 18:21:22.141885,"dk",0.1349,641,0.1667,500,-0.0318,-0.0191,-0.954,-0.7453125
2026-05-30,"SEA @ TOR","two point field goal","SEA","SEA two point field goal",2026-05-30 18:21:22.141885,"dk",0.3448,190,0.4167,140,-0.0719,-0.0616,-3.0796,-2.4059375
2026-05-30,"SEA @ TOR","two point field goal","TOR","TOR two point field goal",2026-05-30 18:21:22.141885,"dk",0.3837,161,0.4167,140,-0.0329,-0.0282,-1.411,-1.10234375
2026-05-30,"LAS @ CON","two point field goal","LAS","LAS two point field goal",2026-05-30 18:21:22.141885,"dk",0.3439,191,0.3704,170,-0.0265,-0.0211,-1.0527,-0.822421875
2026-05-30,"LAS @ CON","two point field goal","CON","CON two point field goal",2026-05-30 18:21:22.141885,"dk",0.4222,137,0.5,100,-0.0778,-0.0778,-3.8907,-3.039609375
2026-05-30,"IND @ PDX","two point field goal","IND","IND two point field goal",2026-05-30 18:21:22.141885,"dk",0.3942,154,0.4545,120,-0.0604,-0.0554,-2.768,-2.1625
2026-05-30,"IND @ PDX","two point field goal","PDX","PDX two point field goal",2026-05-30 18:21:22.141885,"dk",0.3279,205,0.3636,175,-0.0358,-0.0281,-1.4045,-1.097265625
2026-05-30,"SEA @ TOR","three point field goal","SEA","SEA three point field goal",2026-05-30 18:51:21.029323,"dk",0.131,663,0.1667,500,-0.0356,-0.0214,-1.0691,-0.835234375
2026-05-30,"SEA @ TOR","three point field goal","TOR","TOR three point field goal",2026-05-30 18:51:21.029323,"dk",0.1404,612,0.1905,425,-0.0501,-0.0309,-1.5458,-1.20765625
2026-05-30,"LAS @ CON","three point field goal","LAS","LAS three point field goal",2026-05-30 18:51:21.029323,"dk",0.1225,716,0.1667,500,-0.0442,-0.0265,-1.3251,-1.035234375
2026-05-30,"LAS @ CON","three point field goal","CON","CON three point field goal",2026-05-30 18:51:21.029323,"dk",0.1115,797,0.1538,550,-0.0424,-0.025,-1.2523,-0.978359375
2026-05-30,"IND @ PDX","three point field goal","IND","IND three point field goal",2026-05-30 18:51:21.029323,"dk",0.1431,599,0.2083,380,-0.0652,-0.0412,-2.0601,-1.609453125
2026-05-30,"IND @ PDX","three point field goal","PDX","PDX three point field goal",2026-05-30 18:51:21.029323,"dk",0.1349,641,0.1667,500,-0.0318,-0.0191,-0.954,-0.7453125
2026-05-30,"SEA @ TOR","two point field goal","SEA","SEA two point field goal",2026-05-30 18:51:21.029323,"dk",0.3448,190,0.4167,140,-0.0719,-0.0616,-3.0796,-2.4059375
2026-05-30,"SEA @ TOR","two point field goal","TOR","TOR two point field goal",2026-05-30 18:51:21.029323,"dk",0.3837,161,0.4167,140,-0.0329,-0.0282,-1.411,-1.10234375
2026-05-30,"LAS @ CON","two point field goal","LAS","LAS two point field goal",2026-05-30 18:51:21.029323,"dk",0.3439,191,0.3704,170,-0.0265,-0.0211,-1.0527,-0.822421875
2026-05-30,"LAS @ CON","two point field goal","CON","CON two point field goal",2026-05-30 18:51:21.029323,"dk",0.4222,137,0.5,100,-0.0778,-0.0778,-3.8907,-3.039609375
2026-05-30,"IND @ PDX","two point field goal","IND","IND two point field goal",2026-05-30 18:51:21.029323,"dk",0.3942,154,0.4545,120,-0.0604,-0.0554,-2.768,-2.1625
2026-05-30,"IND @ PDX","two point field goal","PDX","PDX two point field goal",2026-05-30 18:51:21.029323,"dk",0.3279,205,0.3636,175,-0.0358,-0.0281,-1.4045,-1.097265625
2026-05-30,"SEA @ TOR","three point field goal","SEA","SEA three point field goal",2026-05-30 19:21:21.990187,"dk",0.131,663,0.1667,500,-0.0356,-0.0214,-1.0691,-0.835234375
2026-05-30,"SEA @ TOR","three point field goal","TOR","TOR three point field goal",2026-05-30 19:21:21.990187,"dk",0.1404,612,0.1905,425,-0.0501,-0.0309,-1.5458,-1.20765625
2026-05-30,"LAS @ CON","three point field goal","LAS","LAS three point field goal",2026-05-30 19:21:21.990187,"dk",0.1225,716,0.1667,500,-0.0442,-0.0265,-1.3251,-1.035234375
2026-05-30,"LAS @ CON","three point field goal","CON","CON three point field goal",2026-05-30 19:21:21.990187,"dk",0.1115,797,0.1538,550,-0.0424,-0.025,-1.2523,-0.978359375
2026-05-30,"IND @ PDX","three point field goal","IND","IND three point field goal",2026-05-30 19:21:21.990187,"dk",0.1431,599,0.2083,380,-0.0652,-0.0412,-2.0601,-1.609453125
2026-05-30,"IND @ PDX","three point field goal","PDX","PDX three point field goal",2026-05-30 19:21:21.990187,"dk",0.1349,641,0.1667,500,-0.0318,-0.0191,-0.954,-0.7453125
2026-05-30,"SEA @ TOR","two point field goal","SEA","SEA two point field goal",2026-05-30 19:21:21.990187,"dk",0.3448,190,0.4167,140,-0.0719,-0.0616,-3.0796,-2.4059375
2026-05-30,"SEA @ TOR","two point field goal","TOR","TOR two point field goal",2026-05-30 19:21:21.990187,"dk",0.3837,161,0.4167,140,-0.0329,-0.0282,-1.411,-1.10234375
2026-05-30,"LAS @ CON","two point field goal","LAS","LAS two point field goal",2026-05-30 19:21:21.990187,"dk",0.3439,191,0.3704,170,-0.0265,-0.0211,-1.0527,-0.822421875
2026-05-30,"LAS @ CON","two point field goal","CON","CON two point field goal",2026-05-30 19:21:21.990187,"dk",0.4222,137,0.5,100,-0.0778,-0.0778,-3.8907,-3.039609375
2026-05-30,"IND @ PDX","two point field goal","IND","IND two point field goal",2026-05-30 19:21:21.990187,"dk",0.3942,154,0.4545,120,-0.0604,-0.0554,-2.768,-2.1625
2026-05-30,"IND @ PDX","two point field goal","PDX","PDX two point field goal",2026-05-30 19:21:21.990187,"dk",0.3279,205,0.3636,175,-0.0358,-0.0281,-1.4045,-1.097265625
2026-05-30,"SEA @ TOR","three point field goal","SEA","SEA three point field goal",2026-05-30 19:51:21.219127,"dk",0.131,663,0.1667,500,-0.0356,-0.0214,-1.0691,-0.835234375
2026-05-30,"SEA @ TOR","three point field goal","TOR","TOR three point field goal",2026-05-30 19:51:21.219127,"dk",0.1404,612,0.1905,425,-0.0501,-0.0309,-1.5458,-1.20765625
2026-05-30,"LAS @ CON","three point field goal","LAS","LAS three point field goal",2026-05-30 19:51:21.219127,"dk",0.1225,716,0.1667,500,-0.0442,-0.0265,-1.3251,-1.035234375
2026-05-30,"LAS @ CON","three point field goal","CON","CON three point field goal",2026-05-30 19:51:21.219127,"dk",0.1115,797,0.1538,550,-0.0424,-0.025,-1.2523,-0.978359375
2026-05-30,"IND @ PDX","three point field goal","IND","IND three point field goal",2026-05-30 19:51:21.219127,"dk",0.1431,599,0.2083,380,-0.0652,-0.0412,-2.0601,-1.609453125
2026-05-30,"IND @ PDX","three point field goal","PDX","PDX three point field goal",2026-05-30 19:51:21.219127,"dk",0.1349,641,0.1667,500,-0.0318,-0.0191,-0.954,-0.7453125
2026-05-30,"SEA @ TOR","two point field goal","SEA","SEA two point field goal",2026-05-30 19:51:21.219127,"dk",0.3448,190,0.4167,140,-0.0719,-0.0616,-3.0796,-2.4059375
2026-05-30,"SEA @ TOR","two point field goal","TOR","TOR two point field goal",2026-05-30 19:51:21.219127,"dk",0.3837,161,0.4167,140,-0.0329,-0.0282,-1.411,-1.10234375
2026-05-30,"LAS @ CON","two point field goal","LAS","LAS two point field goal",2026-05-30 19:51:21.219127,"dk",0.3439,191,0.3704,170,-0.0265,-0.0211,-1.0527,-0.822421875
2026-05-30,"LAS @ CON","two point field goal","CON","CON two point field goal",2026-05-30 19:51:21.219127,"dk",0.4222,137,0.5,100,-0.0778,-0.0778,-3.8907,-3.039609375
2026-05-30,"IND @ PDX","two point field goal","IND","IND two point field goal",2026-05-30 19:51:21.219127,"dk",0.3942,154,0.4545,120,-0.0604,-0.0554,-2.768,-2.1625
2026-05-30,"IND @ PDX","two point field goal","PDX","PDX two point field goal",2026-05-30 19:51:21.219127,"dk",0.3279,205,0.3636,175,-0.0358,-0.0281,-1.4045,-1.097265625
2026-05-30,"SEA @ TOR","three point field goal","SEA","SEA three point field goal",2026-05-30 20:21:20.847092,"dk",0.131,663,0.1667,500,-0.0356,-0.0214,-1.0691,-0.835234375
2026-05-30,"SEA @ TOR","three point field goal","TOR","TOR three point field goal",2026-05-30 20:21:20.847092,"dk",0.1404,612,0.1905,425,-0.0501,-0.0309,-1.5458,-1.20765625
2026-05-30,"LAS @ CON","three point field goal","LAS","LAS three point field goal",2026-05-30 20:21:20.847092,"dk",0.1225,716,0.1667,500,-0.0442,-0.0265,-1.3251,-1.035234375
2026-05-30,"LAS @ CON","three point field goal","CON","CON three point field goal",2026-05-30 20:21:20.847092,"dk",0.1115,797,0.1538,550,-0.0424,-0.025,-1.2523,-0.978359375
2026-05-30,"IND @ PDX","three point field goal","IND","IND three point field goal",2026-05-30 20:21:20.847092,"dk",0.1431,599,0.2083,380,-0.0652,-0.0412,-2.0601,-1.609453125
2026-05-30,"IND @ PDX","three point field goal","PDX","PDX three point field goal",2026-05-30 20:21:20.847092,"dk",0.1349,641,0.1667,500,-0.0318,-0.0191,-0.954,-0.7453125
2026-05-30,"SEA @ TOR","two point field goal","SEA","SEA two point field goal",2026-05-30 20:21:20.847092,"dk",0.3448,190,0.4167,140,-0.0719,-0.0616,-3.0796,-2.4059375
2026-05-30,"SEA @ TOR","two point field goal","TOR","TOR two point field goal",2026-05-30 20:21:20.847092,"dk",0.3837,161,0.4167,140,-0.0329,-0.0282,-1.411,-1.10234375
2026-05-30,"LAS @ CON","two point field goal","LAS","LAS two point field goal",2026-05-30 20:21:20.847092,"dk",0.3439,191,0.3704,170,-0.0265,-0.0211,-1.0527,-0.822421875
2026-05-30,"LAS @ CON","two point field goal","CON","CON two point field goal",2026-05-30 20:21:20.847092,"dk",0.4222,137,0.5,100,-0.0778,-0.0778,-3.8907,-3.039609375
2026-05-30,"IND @ PDX","two point field goal","IND","IND two point field goal",2026-05-30 20:21:20.847092,"dk",0.3942,154,0.4545,120,-0.0604,-0.0554,-2.768,-2.1625
2026-05-30,"IND @ PDX","two point field goal","PDX","PDX two point field goal",2026-05-30 20:21:20.847092,"dk",0.3279,205,0.3636,175,-0.0358,-0.0281,-1.4045,-1.097265625
2026-05-30,"SEA @ TOR","three point field goal","SEA","SEA three point field goal",2026-05-30 20:51:22.049299,"dk",0.131,663,0.1667,500,-0.0356,-0.0214,-1.0691,-0.835234375
2026-05-30,"SEA @ TOR","three point field goal","TOR","TOR three point field goal",2026-05-30 20:51:22.049299,"dk",0.1404,612,0.1905,425,-0.0501,-0.0309,-1.5458,-1.20765625
2026-05-30,"LAS @ CON","three point field goal","LAS","LAS three point field goal",2026-05-30 20:51:22.049299,"dk",0.1225,716,0.1667,500,-0.0442,-0.0265,-1.3251,-1.035234375
2026-05-30,"LAS @ CON","three point field goal","CON","CON three point field goal",2026-05-30 20:51:22.049299,"dk",0.1115,797,0.1538,550,-0.0424,-0.025,-1.2523,-0.978359375
2026-05-30,"IND @ PDX","three point field goal","IND","IND three point field goal",2026-05-30 20:51:22.049299,"dk",0.1431,599,0.2083,380,-0.0652,-0.0412,-2.0601,-1.609453125
2026-05-30,"IND @ PDX","three point field goal","PDX","PDX three point field goal",2026-05-30 20:51:22.049299,"dk",0.1349,641,0.1667,500,-0.0318,-0.0191,-0.954,-0.7453125
2026-05-30,"SEA @ TOR","two point field goal","SEA","SEA two point field goal",2026-05-30 20:51:22.049299,"dk",0.3448,190,0.4167,140,-0.0719,-0.0616,-3.0796,-2.4059375
2026-05-30,"SEA @ TOR","two point field goal","TOR","TOR two point field goal",2026-05-30 20:51:22.049299,"dk",0.3837,161,0.4167,140,-0.0329,-0.0282,-1.411,-1.10234375
2026-05-30,"LAS @ CON","two point field goal","LAS","LAS two point field goal",2026-05-30 20:51:22.049299,"dk",0.3439,191,0.3704,170,-0.0265,-0.0211,-1.0527,-0.822421875
2026-05-30,"LAS @ CON","two point field goal","CON","CON two point field goal",2026-05-30 20:51:22.049299,"dk",0.4222,137,0.5,100,-0.0778,-0.0778,-3.8907,-3.039609375
2026-05-30,"IND @ PDX","two point field goal","IND","IND two point field goal",2026-05-30 20:51:22.049299,"dk",0.3942,154,0.4545,120,-0.0604,-0.0554,-2.768,-2.1625
2026-05-30,"IND @ PDX","two point field goal","PDX","PDX two point field goal",2026-05-30 20:51:22.049299,"dk",0.3279,205,0.3636,175,-0.0358,-0.0281,-1.4045,-1.097265625
2026-05-30,"SEA @ TOR","three point field goal","SEA","SEA three point field goal",2026-05-30 21:21:21.655388,"dk",0.131,663,0.1667,500,-0.0356,-0.0214,-1.0691,-0.835234375
2026-05-30,"SEA @ TOR","three point field goal","TOR","TOR three point field goal",2026-05-30 21:21:21.655388,"dk",0.1404,612,0.1905,425,-0.0501,-0.0309,-1.5458,-1.20765625
2026-05-30,"LAS @ CON","three point field goal","LAS","LAS three point field goal",2026-05-30 21:21:21.655388,"dk",0.1225,716,0.1667,500,-0.0442,-0.0265,-1.3251,-1.035234375
2026-05-30,"LAS @ CON","three point field goal","CON","CON three point field goal",2026-05-30 21:21:21.655388,"dk",0.1115,797,0.1538,550,-0.0424,-0.025,-1.2523,-0.978359375
2026-05-30,"IND @ PDX","three point field goal","IND","IND three point field goal",2026-05-30 21:21:21.655388,"dk",0.1431,599,0.2083,380,-0.0652,-0.0412,-2.0601,-1.609453125
2026-05-30,"IND @ PDX","three point field goal","PDX","PDX three point field goal",2026-05-30 21:21:21.655388,"dk",0.1349,641,0.1667,500,-0.0318,-0.0191,-0.954,-0.7453125
2026-05-30,"SEA @ TOR","two point field goal","SEA","SEA two point field goal",2026-05-30 21:21:21.655388,"dk",0.3448,190,0.4167,140,-0.0719,-0.0616,-3.0796,-2.4059375
2026-05-30,"SEA @ TOR","two point field goal","TOR","TOR two point field goal",2026-05-30 21:21:21.655388,"dk",0.3837,161,0.4167,140,-0.0329,-0.0282,-1.411,-1.10234375
2026-05-30,"LAS @ CON","two point field goal","LAS","LAS two point field goal",2026-05-30 21:21:21.655388,"dk",0.3439,191,0.3704,170,-0.0265,-0.0211,-1.0527,-0.822421875
2026-05-30,"LAS @ CON","two point field goal","CON","CON two point field goal",2026-05-30 21:21:21.655388,"dk",0.4222,137,0.5,100,-0.0778,-0.0778,-3.8907,-3.039609375
2026-05-30,"IND @ PDX","two point field goal","IND","IND two point field goal",2026-05-30 21:21:21.655388,"dk",0.3942,154,0.4545,120,-0.0604,-0.0554,-2.768,-2.1625
2026-05-30,"IND @ PDX","two point field goal","PDX","PDX two point field goal",2026-05-30 21:21:21.655388,"dk",0.3279,205,0.3636,175,-0.0358,-0.0281,-1.4045,-1.097265625
2026-05-30,"SEA @ TOR","three point field goal","SEA","SEA three point field goal",2026-05-30 21:51:22.232642,"dk",0.131,663,0.1667,500,-0.0356,-0.0214,-1.0691,-0.835234375
2026-05-30,"SEA @ TOR","three point field goal","TOR","TOR three point field goal",2026-05-30 21:51:22.232642,"dk",0.1404,612,0.1905,425,-0.0501,-0.0309,-1.5458,-1.20765625
2026-05-30,"LAS @ CON","three point field goal","LAS","LAS three point field goal",2026-05-30 21:51:22.232642,"dk",0.1227,715,0.1667,500,-0.044,-0.0264,-1.3201,-1.031328125
2026-05-30,"LAS @ CON","three point field goal","CON","CON three point field goal",2026-05-30 21:51:22.232642,"dk",0.1105,805,0.1538,550,-0.0434,-0.0256,-1.2819,-1.001484375
2026-05-30,"IND @ PDX","three point field goal","IND","IND three point field goal",2026-05-30 21:51:22.232642,"dk",0.1431,599,0.2083,380,-0.0652,-0.0412,-2.0601,-1.609453125
2026-05-30,"IND @ PDX","three point field goal","PDX","PDX three point field goal",2026-05-30 21:51:22.232642,"dk",0.1349,641,0.1667,500,-0.0318,-0.0191,-0.954,-0.7453125
2026-05-30,"SEA @ TOR","two point field goal","SEA","SEA two point field goal",2026-05-30 21:51:22.232642,"dk",0.3448,190,0.4167,140,-0.0719,-0.0616,-3.0796,-2.4059375
2026-05-30,"SEA @ TOR","two point field goal","TOR","TOR two point field goal",2026-05-30 21:51:22.232642,"dk",0.3837,161,0.4167,140,-0.0329,-0.0282,-1.411,-1.10234375
2026-05-30,"LAS @ CON","two point field goal","LAS","LAS two point field goal",2026-05-30 21:51:22.232642,"dk",0.3443,190,0.3704,170,-0.026,-0.0207,-1.0339,-0.807734375
2026-05-30,"LAS @ CON","two point field goal","CON","CON two point field goal",2026-05-30 21:51:22.232642,"dk",0.4225,137,0.5,100,-0.0775,-0.0775,-3.8726,-3.02546875
2026-05-30,"IND @ PDX","two point field goal","IND","IND two point field goal",2026-05-30 21:51:22.232642,"dk",0.3942,154,0.4545,120,-0.0604,-0.0554,-2.768,-2.1625
2026-05-30,"IND @ PDX","two point field goal","PDX","PDX two point field goal",2026-05-30 21:51:22.232642,"dk",0.3279,205,0.3636,175,-0.0358,-0.0281,-1.4045,-1.097265625
2026-05-30,"SEA @ TOR","three point field goal","SEA","SEA three point field goal",2026-05-30 22:21:25.829947,"dk",0.131,663,0.1667,500,-0.0356,-0.0214,-1.0691,-0.835234375
2026-05-30,"SEA @ TOR","three point field goal","TOR","TOR three point field goal",2026-05-30 22:21:25.829947,"dk",0.1404,612,0.1905,425,-0.0501,-0.0309,-1.5458,-1.20765625
2026-05-30,"LAS @ CON","three point field goal","LAS","LAS three point field goal",2026-05-30 22:21:25.829947,"dk",0.1227,715,0.1667,500,-0.044,-0.0264,-1.3201,-1.031328125
2026-05-30,"LAS @ CON","three point field goal","CON","CON three point field goal",2026-05-30 22:21:25.829947,"dk",0.1105,805,0.1538,550,-0.0434,-0.0256,-1.2819,-1.001484375
2026-05-30,"IND @ PDX","three point field goal","IND","IND three point field goal",2026-05-30 22:21:25.829947,"dk",0.1431,599,0.2083,380,-0.0652,-0.0412,-2.0601,-1.609453125
2026-05-30,"IND @ PDX","three point field goal","PDX","PDX three point field goal",2026-05-30 22:21:25.829947,"dk",0.1349,641,0.1667,500,-0.0318,-0.0191,-0.954,-0.7453125
2026-05-30,"SEA @ TOR","two point field goal","SEA","SEA two point field goal",2026-05-30 22:21:25.829947,"dk",0.3448,190,0.4167,140,-0.0719,-0.0616,-3.0796,-2.4059375
2026-05-30,"SEA @ TOR","two point field goal","TOR","TOR two point field goal",2026-05-30 22:21:25.829947,"dk",0.3837,161,0.4167,140,-0.0329,-0.0282,-1.411,-1.10234375
2026-05-30,"LAS @ CON","two point field goal","LAS","LAS two point field goal",2026-05-30 22:21:25.829947,"dk",0.3443,190,0.3704,170,-0.026,-0.0207,-1.0339,-0.807734375
2026-05-30,"LAS @ CON","two point field goal","CON","CON two point field goal",2026-05-30 22:21:25.829947,"dk",0.4225,137,0.5,100,-0.0775,-0.0775,-3.8726,-3.02546875
2026-05-30,"IND @ PDX","two point field goal","IND","IND two point field goal",2026-05-30 22:21:25.829947,"dk",0.3942,154,0.4545,120,-0.0604,-0.0554,-2.768,-2.1625
2026-05-30,"IND @ PDX","two point field goal","PDX","PDX two point field goal",2026-05-30 22:21:25.829947,"dk",0.3279,205,0.3636,175,-0.0358,-0.0281,-1.4045,-1.097265625
2026-05-30,"SEA @ TOR","three point field goal","SEA","SEA three point field goal",2026-05-30 22:51:21.518653,"dk",0.131,663,0.1667,500,-0.0356,-0.0214,-1.0691,-0.835234375
2026-05-30,"SEA @ TOR","three point field goal","TOR","TOR three point field goal",2026-05-30 22:51:21.518653,"dk",0.1404,612,0.1905,425,-0.0501,-0.0309,-1.5458,-1.20765625
2026-05-30,"LAS @ CON","three point field goal","LAS","LAS three point field goal",2026-05-30 22:51:21.518653,"dk",0.1227,715,0.1667,500,-0.044,-0.0264,-1.3201,-1.031328125
2026-05-30,"LAS @ CON","three point field goal","CON","CON three point field goal",2026-05-30 22:51:21.518653,"dk",0.1105,805,0.1538,550,-0.0434,-0.0256,-1.2819,-1.001484375
2026-05-30,"IND @ PDX","three point field goal","IND","IND three point field goal",2026-05-30 22:51:21.518653,"dk",0.1431,599,0.2083,380,-0.0652,-0.0412,-2.0601,-1.609453125
2026-05-30,"IND @ PDX","three point field goal","PDX","PDX three point field goal",2026-05-30 22:51:21.518653,"dk",0.1349,641,0.1667,500,-0.0318,-0.0191,-0.954,-0.7453125
2026-05-30,"SEA @ TOR","two point field goal","SEA","SEA two point field goal",2026-05-30 22:51:21.518653,"dk",0.3448,190,0.4167,140,-0.0719,-0.0616,-3.0796,-2.4059375
2026-05-30,"SEA @ TOR","two point field goal","TOR","TOR two point field goal",2026-05-30 22:51:21.518653,"dk",0.3837,161,0.4167,140,-0.0329,-0.0282,-1.411,-1.10234375
2026-05-30,"LAS @ CON","two point field goal","LAS","LAS two point field goal",2026-05-30 22:51:21.518653,"dk",0.3443,190,0.3704,170,-0.026,-0.0207,-1.0339,-0.807734375
2026-05-30,"LAS @ CON","two point field goal","CON","CON two point field goal",2026-05-30 22:51:21.518653,"dk",0.4225,137,0.5,100,-0.0775,-0.0775,-3.8726,-3.02546875
2026-05-30,"IND @ PDX","two point field goal","IND","IND two point field goal",2026-05-30 22:51:21.518653,"dk",0.3942,154,0.4545,120,-0.0604,-0.0554,-2.768,-2.1625
2026-05-30,"IND @ PDX","two point field goal","PDX","PDX two point field goal",2026-05-30 22:51:21.518653,"dk",0.3279,205,0.3636,175,-0.0358,-0.0281,-1.4045,-1.097265625
2026-05-30,"SEA @ TOR","three point field goal","SEA","SEA three point field goal",2026-05-30 23:21:21.756627,"dk",0.131,663,0.1667,500,-0.0356,-0.0214,-1.0691,-0.835234375
2026-05-30,"SEA @ TOR","three point field goal","TOR","TOR three point field goal",2026-05-30 23:21:21.756627,"dk",0.1404,612,0.1905,425,-0.0501,-0.0309,-1.5458,-1.20765625
2026-05-30,"LAS @ CON","three point field goal","LAS","LAS three point field goal",2026-05-30 23:21:21.756627,"dk",0.1227,715,0.1667,500,-0.044,-0.0264,-1.3201,-1.031328125
2026-05-30,"LAS @ CON","three point field goal","CON","CON three point field goal",2026-05-30 23:21:21.756627,"dk",0.1105,805,0.1538,550,-0.0434,-0.0256,-1.2819,-1.001484375
2026-05-30,"IND @ PDX","three point field goal","IND","IND three point field goal",2026-05-30 23:21:21.756627,"dk",0.1431,599,0.2083,380,-0.0652,-0.0412,-2.0601,-1.609453125
2026-05-30,"IND @ PDX","three point field goal","PDX","PDX three point field goal",2026-05-30 23:21:21.756627,"dk",0.1349,641,0.1667,500,-0.0318,-0.0191,-0.954,-0.7453125
2026-05-30,"SEA @ TOR","two point field goal","SEA","SEA two point field goal",2026-05-30 23:21:21.756627,"dk",0.3448,190,0.4167,140,-0.0719,-0.0616,-3.0796,-2.4059375
2026-05-30,"SEA @ TOR","two point field goal","TOR","TOR two point field goal",2026-05-30 23:21:21.756627,"dk",0.3837,161,0.4167,140,-0.0329,-0.0282,-1.411,-1.10234375
2026-05-30,"LAS @ CON","two point field goal","LAS","LAS two point field goal",2026-05-30 23:21:21.756627,"dk",0.3443,190,0.3704,170,-0.026,-0.0207,-1.0339,-0.807734375
2026-05-30,"LAS @ CON","two point field goal","CON","CON two point field goal",2026-05-30 23:21:21.756627,"dk",0.4225,137,0.5,100,-0.0775,-0.0775,-3.8726,-3.02546875
2026-05-30,"IND @ PDX","two point field goal","IND","IND two point field goal",2026-05-30 23:21:21.756627,"dk",0.3942,154,0.4545,120,-0.0604,-0.0554,-2.768,-2.1625
2026-05-30,"IND @ PDX","two point field goal","PDX","PDX two point field goal",2026-05-30 23:21:21.756627,"dk",0.3279,205,0.3636,175,-0.0358,-0.0281,-1.4045,-1.097265625
2026-05-30,"SEA @ TOR","three point field goal","SEA","SEA three point field goal",2026-05-30 23:51:22.414263,"dk",0.131,663,0.1667,500,-0.0356,-0.0214,-1.0691,-0.835234375
2026-05-30,"SEA @ TOR","three point field goal","TOR","TOR three point field goal",2026-05-30 23:51:22.414263,"dk",0.1404,612,0.1905,425,-0.0501,-0.0309,-1.5458,-1.20765625
2026-05-30,"LAS @ CON","three point field goal","LAS","LAS three point field goal",2026-05-30 23:51:22.414263,"dk",0.1227,715,0.1667,500,-0.044,-0.0264,-1.3201,-1.031328125
2026-05-30,"LAS @ CON","three point field goal","CON","CON three point field goal",2026-05-30 23:51:22.414263,"dk",0.1105,805,0.1538,550,-0.0434,-0.0256,-1.2819,-1.001484375
2026-05-30,"IND @ PDX","three point field goal","IND","IND three point field goal",2026-05-30 23:51:22.414263,"dk",0.1392,618,0.2083,380,-0.0691,-0.0437,-2.1833,-1.705703125
2026-05-30,"IND @ PDX","three point field goal","PDX","PDX three point field goal",2026-05-30 23:51:22.414263,"dk",0.1381,624,0.1667,500,-0.0286,-0.0172,-0.8584,-0.670625
2026-05-30,"SEA @ TOR","two point field goal","SEA","SEA two point field goal",2026-05-30 23:51:22.414263,"dk",0.3448,190,0.4167,140,-0.0719,-0.0616,-3.0796,-2.4059375
2026-05-30,"SEA @ TOR","two point field goal","TOR","TOR two point field goal",2026-05-30 23:51:22.414263,"dk",0.3837,161,0.4167,140,-0.0329,-0.0282,-1.411,-1.10234375
2026-05-30,"LAS @ CON","two point field goal","LAS","LAS two point field goal",2026-05-30 23:51:22.414263,"dk",0.3443,190,0.3704,170,-0.026,-0.0207,-1.0339,-0.807734375
2026-05-30,"LAS @ CON","two point field goal","CON","CON two point field goal",2026-05-30 23:51:22.414263,"dk",0.4225,137,0.5,100,-0.0775,-0.0775,-3.8726,-3.02546875
2026-05-30,"IND @ PDX","two point field goal","IND","IND two point field goal",2026-05-30 23:51:22.414263,"dk",0.3834,161,0.4545,120,-0.0711,-0.0652,-3.2606,-2.54734375
2026-05-30,"IND @ PDX","two point field goal","PDX","PDX two point field goal",2026-05-30 23:51:22.414263,"dk",0.3393,195,0.3636,175,-0.0243,-0.0191,-0.9542,-0.74546875
2026-05-30,"SEA @ TOR","three point field goal","SEA","SEA three point field goal",2026-05-31 00:21:21.512821,"dk",0.131,663,0.1667,500,-0.0356,-0.0214,-1.0691,-0.835234375
2026-05-30,"SEA @ TOR","three point field goal","TOR","TOR three point field goal",2026-05-31 00:21:21.512821,"dk",0.1404,612,0.1905,425,-0.0501,-0.0309,-1.5458,-1.20765625
2026-05-30,"LAS @ CON","three point field goal","LAS","LAS three point field goal",2026-05-31 00:21:21.512821,"dk",0.1227,715,0.1667,500,-0.044,-0.0264,-1.3201,-1.031328125
2026-05-30,"LAS @ CON","three point field goal","CON","CON three point field goal",2026-05-31 00:21:21.512821,"dk",0.1105,805,0.1538,550,-0.0434,-0.0256,-1.2819,-1.001484375
2026-05-30,"IND @ PDX","three point field goal","IND","IND three point field goal",2026-05-31 00:21:21.512821,"dk",0.1392,618,0.2083,380,-0.0691,-0.0437,-2.1833,-1.705703125
2026-05-30,"IND @ PDX","three point field goal","PDX","PDX three point field goal",2026-05-31 00:21:21.512821,"dk",0.1381,624,0.1667,500,-0.0286,-0.0172,-0.8584,-0.670625
2026-05-30,"SEA @ TOR","two point field goal","SEA","SEA two point field goal",2026-05-31 00:21:21.512821,"dk",0.3448,190,0.4167,140,-0.0719,-0.0616,-3.0796,-2.4059375
2026-05-30,"SEA @ TOR","two point field goal","TOR","TOR two point field goal",2026-05-31 00:21:21.512821,"dk",0.3837,161,0.4167,140,-0.0329,-0.0282,-1.411,-1.10234375
2026-05-30,"LAS @ CON","two point field goal","LAS","LAS two point field goal",2026-05-31 00:21:21.512821,"dk",0.3443,190,0.3704,170,-0.026,-0.0207,-1.0339,-0.807734375
2026-05-30,"LAS @ CON","two point field goal","CON","CON two point field goal",2026-05-31 00:21:21.512821,"dk",0.4225,137,0.5,100,-0.0775,-0.0775,-3.8726,-3.02546875
2026-05-30,"IND @ PDX","two point field goal","IND","IND two point field goal",2026-05-31 00:21:21.512821,"dk",0.3834,161,0.4545,120,-0.0711,-0.0652,-3.2606,-2.54734375
2026-05-30,"IND @ PDX","two point field goal","PDX","PDX two point field goal",2026-05-31 00:21:21.512821,"dk",0.3393,195,0.3636,175,-0.0243,-0.0191,-0.9542,-0.74546875
2026-05-30,"SEA @ TOR","three point field goal","SEA","SEA three point field goal",2026-05-31 00:51:21.324568,"dk",0.131,663,0.1667,500,-0.0356,-0.0214,-1.0691,-0.835234375
2026-05-30,"SEA @ TOR","three point field goal","TOR","TOR three point field goal",2026-05-31 00:51:21.324568,"dk",0.1404,612,0.1905,425,-0.0501,-0.0309,-1.5458,-1.20765625
2026-05-30,"LAS @ CON","three point field goal","LAS","LAS three point field goal",2026-05-31 00:51:21.324568,"dk",0.1227,715,0.1667,500,-0.044,-0.0264,-1.3201,-1.031328125
2026-05-30,"LAS @ CON","three point field goal","CON","CON three point field goal",2026-05-31 00:51:21.324568,"dk",0.1105,805,0.1538,550,-0.0434,-0.0256,-1.2819,-1.001484375
2026-05-30,"IND @ PDX","three point field goal","IND","IND three point field goal",2026-05-31 00:51:21.324568,"dk",0.1392,618,0.2083,380,-0.0691,-0.0437,-2.1833,-1.705703125
2026-05-30,"IND @ PDX","three point field goal","PDX","PDX three point field goal",2026-05-31 00:51:21.324568,"dk",0.1381,624,0.1667,500,-0.0286,-0.0172,-0.8584,-0.670625
2026-05-30,"SEA @ TOR","two point field goal","SEA","SEA two point field goal",2026-05-31 00:51:21.324568,"dk",0.3448,190,0.4167,140,-0.0719,-0.0616,-3.0796,-2.4059375
2026-05-30,"SEA @ TOR","two point field goal","TOR","TOR two point field goal",2026-05-31 00:51:21.324568,"dk",0.3837,161,0.4167,140,-0.0329,-0.0282,-1.411,-1.10234375
2026-05-30,"LAS @ CON","two point field goal","LAS","LAS two point field goal",2026-05-31 00:51:21.324568,"dk",0.3443,190,0.3704,170,-0.026,-0.0207,-1.0339,-0.807734375
2026-05-30,"LAS @ CON","two point field goal","CON","CON two point field goal",2026-05-31 00:51:21.324568,"dk",0.4225,137,0.5,100,-0.0775,-0.0775,-3.8726,-3.02546875
2026-05-30,"IND @ PDX","two point field goal","IND","IND two point field goal",2026-05-31 00:51:21.324568,"dk",0.3834,161,0.4545,120,-0.0711,-0.0652,-3.2606,-2.54734375
2026-05-30,"IND @ PDX","two point field goal","PDX","PDX two point field goal",2026-05-31 00:51:21.324568,"dk",0.3393,195,0.3636,175,-0.0243,-0.0191,-0.9542,-0.74546875
2026-05-30,"SEA @ TOR","three point field goal","SEA","SEA three point field goal",2026-05-31 01:21:22.066219,"dk",0.131,663,0.1667,500,-0.0356,-0.0214,-1.0691,-0.835234375
2026-05-30,"SEA @ TOR","three point field goal","TOR","TOR three point field goal",2026-05-31 01:21:22.066219,"dk",0.1404,612,0.1905,425,-0.0501,-0.0309,-1.5458,-1.20765625
2026-05-30,"LAS @ CON","three point field goal","LAS","LAS three point field goal",2026-05-31 01:21:22.066219,"dk",0.1227,715,0.1667,500,-0.044,-0.0264,-1.3201,-1.031328125
2026-05-30,"LAS @ CON","three point field goal","CON","CON three point field goal",2026-05-31 01:21:22.066219,"dk",0.1105,805,0.1538,550,-0.0434,-0.0256,-1.2819,-1.001484375
2026-05-30,"IND @ PDX","three point field goal","IND","IND three point field goal",2026-05-31 01:21:22.066219,"dk",0.1392,618,0.2083,380,-0.0691,-0.0437,-2.1833,-1.705703125
2026-05-30,"IND @ PDX","three point field goal","PDX","PDX three point field goal",2026-05-31 01:21:22.066219,"dk",0.1381,624,0.1667,500,-0.0286,-0.0172,-0.8584,-0.670625
2026-05-30,"SEA @ TOR","two point field goal","SEA","SEA two point field goal",2026-05-31 01:21:22.066219,"dk",0.3448,190,0.4167,140,-0.0719,-0.0616,-3.0796,-2.4059375
2026-05-30,"SEA @ TOR","two point field goal","TOR","TOR two point field goal",2026-05-31 01:21:22.066219,"dk",0.3837,161,0.4167,140,-0.0329,-0.0282,-1.411,-1.10234375
2026-05-30,"LAS @ CON","two point field goal","LAS","LAS two point field goal",2026-05-31 01:21:22.066219,"dk",0.3443,190,0.3704,170,-0.026,-0.0207,-1.0339,-0.807734375
2026-05-30,"LAS @ CON","two point field goal","CON","CON two point field goal",2026-05-31 01:21:22.066219,"dk",0.4225,137,0.5,100,-0.0775,-0.0775,-3.8726,-3.02546875
2026-05-30,"IND @ PDX","two point field goal","IND","IND two point field goal",2026-05-31 01:21:22.066219,"dk",0.3834,161,0.4545,120,-0.0711,-0.0652,-3.2606,-2.54734375
2026-05-30,"IND @ PDX","two point field goal","PDX","PDX two point field goal",2026-05-31 01:21:22.066219,"dk",0.3393,195,0.3636,175,-0.0243,-0.0191,-0.9542,-0.74546875
2026-05-30,"SEA @ TOR","three point field goal","SEA","SEA three point field goal",2026-05-31 01:51:22.546746,"dk",0.131,663,0.1667,500,-0.0356,-0.0214,-1.0691,-0.835234375
2026-05-30,"SEA @ TOR","three point field goal","TOR","TOR three point field goal",2026-05-31 01:51:22.546746,"dk",0.1404,612,0.1905,425,-0.0501,-0.0309,-1.5458,-1.20765625
2026-05-30,"LAS @ CON","three point field goal","LAS","LAS three point field goal",2026-05-31 01:51:22.546746,"dk",0.1227,715,0.1667,500,-0.044,-0.0264,-1.3201,-1.031328125
2026-05-30,"LAS @ CON","three point field goal","CON","CON three point field goal",2026-05-31 01:51:22.546746,"dk",0.1105,805,0.1538,550,-0.0434,-0.0256,-1.2819,-1.001484375
2026-05-30,"IND @ PDX","three point field goal","IND","IND three point field goal",2026-05-31 01:51:22.546746,"dk",0.1392,618,0.2083,380,-0.0691,-0.0437,-2.1833,-1.705703125
2026-05-30,"IND @ PDX","three point field goal","PDX","PDX three point field goal",2026-05-31 01:51:22.546746,"dk",0.1381,624,0.1667,500,-0.0286,-0.0172,-0.8584,-0.670625
2026-05-30,"SEA @ TOR","two point field goal","SEA","SEA two point field goal",2026-05-31 01:51:22.546746,"dk",0.3448,190,0.4167,140,-0.0719,-0.0616,-3.0796,-2.4059375
2026-05-30,"SEA @ TOR","two point field goal","TOR","TOR two point field goal",2026-05-31 01:51:22.546746,"dk",0.3837,161,0.4167,140,-0.0329,-0.0282,-1.411,-1.10234375
2026-05-30,"LAS @ CON","two point field goal","LAS","LAS two point field goal",2026-05-31 01:51:22.546746,"dk",0.3443,190,0.3704,170,-0.026,-0.0207,-1.0339,-0.807734375
2026-05-30,"LAS @ CON","two point field goal","CON","CON two point field goal",2026-05-31 01:51:22.546746,"dk",0.4225,137,0.5,100,-0.0775,-0.0775,-3.8726,-3.02546875
2026-05-30,"IND @ PDX","two point field goal","IND","IND two point field goal",2026-05-31 01:51:22.546746,"dk",0.3834,161,0.4545,120,-0.0711,-0.0652,-3.2606,-2.54734375
2026-05-30,"IND @ PDX","two point field goal","PDX","PDX two point field goal",2026-05-31 01:51:22.546746,"dk",0.3393,195,0.3636,175,-0.0243,-0.0191,-0.9542,-0.74546875
2026-05-30,"SEA @ TOR","three point field goal","SEA","SEA three point field goal",2026-05-31 02:21:22.234805,"dk",0.131,663,0.1667,500,-0.0356,-0.0214,-1.0691,-0.835234375
2026-05-30,"SEA @ TOR","three point field goal","TOR","TOR three point field goal",2026-05-31 02:21:22.234805,"dk",0.1404,612,0.1905,425,-0.0501,-0.0309,-1.5458,-1.20765625
2026-05-30,"LAS @ CON","three point field goal","LAS","LAS three point field goal",2026-05-31 02:21:22.234805,"dk",0.1227,715,0.1667,500,-0.044,-0.0264,-1.3201,-1.031328125
2026-05-30,"LAS @ CON","three point field goal","CON","CON three point field goal",2026-05-31 02:21:22.234805,"dk",0.1105,805,0.1538,550,-0.0434,-0.0256,-1.2819,-1.001484375
2026-05-30,"IND @ PDX","three point field goal","IND","IND three point field goal",2026-05-31 02:21:22.234805,"dk",0.1392,618,0.2083,380,-0.0691,-0.0437,-2.1833,-1.705703125
2026-05-30,"IND @ PDX","three point field goal","PDX","PDX three point field goal",2026-05-31 02:21:22.234805,"dk",0.1381,624,0.1667,500,-0.0286,-0.0172,-0.8584,-0.670625
2026-05-30,"SEA @ TOR","two point field goal","SEA","SEA two point field goal",2026-05-31 02:21:22.234805,"dk",0.3448,190,0.4167,140,-0.0719,-0.0616,-3.0796,-2.4059375
2026-05-30,"SEA @ TOR","two point field goal","TOR","TOR two point field goal",2026-05-31 02:21:22.234805,"dk",0.3837,161,0.4167,140,-0.0329,-0.0282,-1.411,-1.10234375
2026-05-30,"LAS @ CON","two point field goal","LAS","LAS two point field goal",2026-05-31 02:21:22.234805,"dk",0.3443,190,0.3704,170,-0.026,-0.0207,-1.0339,-0.807734375
2026-05-30,"LAS @ CON","two point field goal","CON","CON two point field goal",2026-05-31 02:21:22.234805,"dk",0.4225,137,0.5,100,-0.0775,-0.0775,-3.8726,-3.02546875
2026-05-30,"IND @ PDX","two point field goal","IND","IND two point field goal",2026-05-31 02:21:22.234805,"dk",0.3834,161,0.4545,120,-0.0711,-0.0652,-3.2606,-2.54734375
2026-05-30,"IND @ PDX","two point field goal","PDX","PDX two point field goal",2026-05-31 02:21:22.234805,"dk",0.3393,195,0.3636,175,-0.0243,-0.0191,-0.9542,-0.74546875
2026-05-30,"SEA @ TOR","three point field goal","SEA","SEA three point field goal",2026-05-31 02:51:21.081141,"dk",0.131,663,0.1667,500,-0.0356,-0.0214,-1.0691,-0.835234375
2026-05-30,"SEA @ TOR","three point field goal","TOR","TOR three point field goal",2026-05-31 02:51:21.081141,"dk",0.1404,612,0.1905,425,-0.0501,-0.0309,-1.5458,-1.20765625
2026-05-30,"LAS @ CON","three point field goal","LAS","LAS three point field goal",2026-05-31 02:51:21.081141,"dk",0.1227,715,0.1667,500,-0.044,-0.0264,-1.3201,-1.031328125
2026-05-30,"LAS @ CON","three point field goal","CON","CON three point field goal",2026-05-31 02:51:21.081141,"dk",0.1105,805,0.1538,550,-0.0434,-0.0256,-1.2819,-1.001484375
2026-05-30,"IND @ PDX","three point field goal","IND","IND three point field goal",2026-05-31 02:51:21.081141,"dk",0.1392,618,0.2083,380,-0.0691,-0.0437,-2.1833,-1.705703125
2026-05-30,"IND @ PDX","three point field goal","PDX","PDX three point field goal",2026-05-31 02:51:21.081141,"dk",0.1381,624,0.1667,500,-0.0286,-0.0172,-0.8584,-0.670625
2026-05-30,"SEA @ TOR","two point field goal","SEA","SEA two point field goal",2026-05-31 02:51:21.081141,"dk",0.3448,190,0.4167,140,-0.0719,-0.0616,-3.0796,-2.4059375
2026-05-30,"SEA @ TOR","two point field goal","TOR","TOR two point field goal",2026-05-31 02:51:21.081141,"dk",0.3837,161,0.4167,140,-0.0329,-0.0282,-1.411,-1.10234375
2026-05-30,"LAS @ CON","two point field goal","LAS","LAS two point field goal",2026-05-31 02:51:21.081141,"dk",0.3443,190,0.3704,170,-0.026,-0.0207,-1.0339,-0.807734375
2026-05-30,"LAS @ CON","two point field goal","CON","CON two point field goal",2026-05-31 02:51:21.081141,"dk",0.4225,137,0.5,100,-0.0775,-0.0775,-3.8726,-3.02546875
2026-05-30,"IND @ PDX","two point field goal","IND","IND two point field goal",2026-05-31 02:51:21.081141,"dk",0.3834,161,0.4545,120,-0.0711,-0.0652,-3.2606,-2.54734375
2026-05-30,"IND @ PDX","two point field goal","PDX","PDX two point field goal",2026-05-31 02:51:21.081141,"dk",0.3393,195,0.3636,175,-0.0243,-0.0191,-0.9542,-0.74546875
2026-05-31,"LVA @ GSV","three point field goal","LVA","LVA three point field goal",2026-05-31 13:21:16.557523,"dk",0.1142,776,0.1739,475,-0.0597,-0.0361,-1.8073,-1.411953125
2026-05-31,"LVA @ GSV","three point field goal","GSV","GSV three point field goal",2026-05-31 13:21:16.557523,"dk",0.1368,631,0.1905,425,-0.0536,-0.0331,-1.6561,-1.293828125
2026-05-31,"LVA @ GSV","two point field goal","LVA","LVA two point field goal",2026-05-31 13:21:16.557523,"dk",0.387,158,0.4545,120,-0.0676,-0.0619,-3.0967,-2.419296875
2026-05-31,"LVA @ GSV","two point field goal","GSV","GSV two point field goal",2026-05-31 13:21:16.557523,"dk",0.362,176,0.3704,170,-0.0084,-0.0067,-0.3333,-0.260390625
2026-05-31,"LVA @ GSV","three point field goal","LVA","LVA three point field goal",2026-05-31 13:51:16.983941,"dk",0.1142,776,0.1739,475,-0.0597,-0.0361,-1.8073,-1.411953125
2026-05-31,"LVA @ GSV","three point field goal","GSV","GSV three point field goal",2026-05-31 13:51:16.983941,"dk",0.1368,631,0.1818,450,-0.045,-0.0275,-1.374,-1.0734375
2026-05-31,"LVA @ GSV","two point field goal","LVA","LVA two point field goal",2026-05-31 13:51:16.983941,"dk",0.387,158,0.4762,110,-0.0892,-0.0852,-4.2577,-3.326328125
2026-05-31,"LVA @ GSV","two point field goal","GSV","GSV two point field goal",2026-05-31 13:51:16.983941,"dk",0.362,176,0.3571,180,0.0048,0.0038,0.188,0.146875
2026-05-31,"LVA @ GSV","three point field goal","LVA","LVA three point field goal",2026-05-31 14:21:17.109237,"dk",0.1142,776,0.1739,475,-0.0597,-0.0361,-1.8073,-1.411953125
2026-05-31,"LVA @ GSV","three point field goal","GSV","GSV three point field goal",2026-05-31 14:21:17.109237,"dk",0.1368,631,0.1818,450,-0.045,-0.0275,-1.374,-1.0734375
2026-05-31,"LVA @ GSV","two point field goal","LVA","LVA two point field goal",2026-05-31 14:21:17.109237,"dk",0.387,158,0.4762,110,-0.0892,-0.0852,-4.2577,-3.326328125
2026-05-31,"LVA @ GSV","two point field goal","GSV","GSV two point field goal",2026-05-31 14:21:17.109237,"dk",0.362,176,0.3571,180,0.0048,0.0038,0.188,0.146875
2026-05-31,"LVA @ GSV","three point field goal","LVA","LVA three point field goal",2026-05-31 14:51:21.248619,"dk",0.1142,776,0.1739,475,-0.0597,-0.0361,-1.8073,-1.411953125
2026-05-31,"LVA @ GSV","three point field goal","GSV","GSV three point field goal",2026-05-31 14:51:21.248619,"dk",0.1368,631,0.1818,450,-0.045,-0.0275,-1.374,-1.0734375
2026-05-31,"LVA @ GSV","two point field goal","LVA","LVA two point field goal",2026-05-31 14:51:21.248619,"dk",0.387,158,0.4762,110,-0.0892,-0.0852,-4.2577,-3.326328125
2026-05-31,"LVA @ GSV","two point field goal","GSV","GSV two point field goal",2026-05-31 14:51:21.248619,"dk",0.362,176,0.3571,180,0.0048,0.0038,0.188,0.146875
2026-05-31,"LVA @ GSV","three point field goal","LVA","LVA three point field goal",2026-05-31 15:21:16.855429,"dk",0.1142,776,0.1739,475,-0.0597,-0.0361,-1.8073,-1.411953125
2026-05-31,"LVA @ GSV","three point field goal","GSV","GSV three point field goal",2026-05-31 15:21:16.855429,"dk",0.1368,631,0.1818,450,-0.045,-0.0275,-1.374,-1.0734375
2026-05-31,"LVA @ GSV","two point field goal","LVA","LVA two point field goal",2026-05-31 15:21:16.855429,"dk",0.387,158,0.4762,110,-0.0892,-0.0852,-4.2577,-3.326328125
2026-05-31,"LVA @ GSV","two point field goal","GSV","GSV two point field goal",2026-05-31 15:21:16.855429,"dk",0.362,176,0.3571,180,0.0048,0.0038,0.188,0.146875
2026-05-31,"LVA @ GSV","three point field goal","LVA","LVA three point field goal",2026-05-31 15:51:16.855479,"dk",0.1142,776,0.1739,475,-0.0597,-0.0361,-1.8073,-1.411953125
2026-05-31,"LVA @ GSV","three point field goal","GSV","GSV three point field goal",2026-05-31 15:51:16.855479,"dk",0.1368,631,0.1818,450,-0.045,-0.0275,-1.374,-1.0734375
2026-05-31,"LVA @ GSV","two point field goal","LVA","LVA two point field goal",2026-05-31 15:51:16.855479,"dk",0.387,158,0.4762,110,-0.0892,-0.0852,-4.2577,-3.326328125
2026-05-31,"LVA @ GSV","two point field goal","GSV","GSV two point field goal",2026-05-31 15:51:16.855479,"dk",0.362,176,0.3571,180,0.0048,0.0038,0.188,0.146875
2026-05-31,"LVA @ GSV","three point field goal","LVA","LVA three point field goal",2026-05-31 16:21:16.417833,"dk",0.1142,776,0.1739,475,-0.0597,-0.0361,-1.8073,-1.411953125
2026-05-31,"LVA @ GSV","three point field goal","GSV","GSV three point field goal",2026-05-31 16:21:16.417833,"dk",0.1368,631,0.1818,450,-0.045,-0.0275,-1.374,-1.0734375
2026-05-31,"LVA @ GSV","two point field goal","LVA","LVA two point field goal",2026-05-31 16:21:16.417833,"dk",0.387,158,0.4762,110,-0.0892,-0.0852,-4.2577,-3.326328125
2026-05-31,"LVA @ GSV","two point field goal","GSV","GSV two point field goal",2026-05-31 16:21:16.417833,"dk",0.362,176,0.3571,180,0.0048,0.0038,0.188,0.146875
2026-05-31,"LVA @ GSV","three point field goal","LVA","LVA three point field goal",2026-05-31 16:51:16.61478,"dk",0.1142,776,0.1739,475,-0.0597,-0.0361,-1.8073,-1.411953125
2026-05-31,"LVA @ GSV","three point field goal","GSV","GSV three point field goal",2026-05-31 16:51:16.61478,"dk",0.1368,631,0.1818,450,-0.045,-0.0275,-1.374,-1.0734375
2026-05-31,"LVA @ GSV","two point field goal","LVA","LVA two point field goal",2026-05-31 16:51:16.61478,"dk",0.387,158,0.4762,110,-0.0892,-0.0852,-4.2577,-3.326328125
2026-05-31,"LVA @ GSV","two point field goal","GSV","GSV two point field goal",2026-05-31 16:51:16.61478,"dk",0.362,176,0.3571,180,0.0048,0.0038,0.188,0.146875
2026-05-31,"LVA @ GSV","three point field goal","LVA","LVA three point field goal",2026-05-31 17:21:16.981708,"dk",0.1142,776,0.1739,475,-0.0597,-0.0361,-1.8073,-1.411953125
2026-05-31,"LVA @ GSV","three point field goal","GSV","GSV three point field goal",2026-05-31 17:21:16.981708,"dk",0.1368,631,0.1818,450,-0.045,-0.0275,-1.374,-1.0734375
2026-05-31,"LVA @ GSV","two point field goal","LVA","LVA two point field goal",2026-05-31 17:21:16.981708,"dk",0.387,158,0.4762,110,-0.0892,-0.0852,-4.2577,-3.326328125
2026-05-31,"LVA @ GSV","two point field goal","GSV","GSV two point field goal",2026-05-31 17:21:16.981708,"dk",0.362,176,0.3571,180,0.0048,0.0038,0.188,0.146875
2026-05-31,"LVA @ GSV","three point field goal","LVA","LVA three point field goal",2026-05-31 17:51:19.192172,"dk",0.1142,776,0.1739,475,-0.0597,-0.0361,-1.8073,-1.411953125
2026-05-31,"LVA @ GSV","three point field goal","GSV","GSV three point field goal",2026-05-31 17:51:19.192172,"dk",0.1368,631,0.1818,450,-0.045,-0.0275,-1.374,-1.0734375
2026-05-31,"LVA @ GSV","two point field goal","LVA","LVA two point field goal",2026-05-31 17:51:19.192172,"dk",0.387,158,0.4762,110,-0.0892,-0.0852,-4.2577,-3.326328125
2026-05-31,"LVA @ GSV","two point field goal","GSV","GSV two point field goal",2026-05-31 17:51:19.192172,"dk",0.362,176,0.3571,180,0.0048,0.0038,0.188,0.146875
2026-05-31,"LVA @ GSV","three point field goal","LVA","LVA three point field goal",2026-05-31 18:21:16.424176,"dk",0.1142,776,0.1739,475,-0.0597,-0.0361,-1.8073,-1.411953125
2026-05-31,"LVA @ GSV","three point field goal","GSV","GSV three point field goal",2026-05-31 18:21:16.424176,"dk",0.1368,631,0.1818,450,-0.045,-0.0275,-1.374,-1.0734375
2026-05-31,"LVA @ GSV","two point field goal","LVA","LVA two point field goal",2026-05-31 18:21:16.424176,"dk",0.387,158,0.4762,110,-0.0892,-0.0852,-4.2577,-3.326328125
2026-05-31,"LVA @ GSV","two point field goal","GSV","GSV two point field goal",2026-05-31 18:21:16.424176,"dk",0.362,176,0.3571,180,0.0048,0.0038,0.188,0.146875
2026-05-31,"LVA @ GSV","three point field goal","LVA","LVA three point field goal",2026-05-31 18:51:17.901151,"dk",0.1142,776,0.1739,475,-0.0597,-0.0361,-1.8073,-1.411953125
2026-05-31,"LVA @ GSV","three point field goal","GSV","GSV three point field goal",2026-05-31 18:51:17.901151,"dk",0.1368,631,0.1818,450,-0.045,-0.0275,-1.374,-1.0734375
2026-05-31,"LVA @ GSV","two point field goal","LVA","LVA two point field goal",2026-05-31 18:51:17.901151,"dk",0.387,158,0.4762,110,-0.0892,-0.0852,-4.2577,-3.326328125
2026-05-31,"LVA @ GSV","two point field goal","GSV","GSV two point field goal",2026-05-31 18:51:17.901151,"dk",0.362,176,0.3571,180,0.0048,0.0038,0.188,0.146875
2026-05-31,"LVA @ GSV","three point field goal","LVA","LVA three point field goal",2026-05-31 19:21:16.290674,"dk",0.1142,776,0.1739,475,-0.0597,-0.0362,-1.8078,-1.41234375
2026-05-31,"LVA @ GSV","three point field goal","GSV","GSV three point field goal",2026-05-31 19:21:16.290674,"dk",0.1484,574,0.1818,450,-0.0335,-0.0205,-1.0226,-0.79890625
2026-05-31,"LVA @ GSV","two point field goal","LVA","LVA two point field goal",2026-05-31 19:21:16.290674,"dk",0.3869,158,0.4762,110,-0.0893,-0.0852,-4.26,-3.328125
2026-05-31,"LVA @ GSV","two point field goal","GSV","GSV two point field goal",2026-05-31 19:21:16.290674,"dk",0.3505,185,0.3571,180,-0.0066,-0.0051,-0.2568,-0.200625
2026-05-31,"LVA @ GSV","three point field goal","LVA","LVA three point field goal",2026-05-31 19:51:16.613089,"dk",0.1142,776,0.1739,475,-0.0597,-0.0362,-1.8078,-1.41234375
2026-05-31,"LVA @ GSV","three point field goal","GSV","GSV three point field goal",2026-05-31 19:51:16.613089,"dk",0.1484,574,0.1818,450,-0.0335,-0.0205,-1.0226,-0.79890625
2026-05-31,"LVA @ GSV","two point field goal","LVA","LVA two point field goal",2026-05-31 19:51:16.613089,"dk",0.3869,158,0.4762,110,-0.0893,-0.0852,-4.26,-3.328125
2026-05-31,"LVA @ GSV","two point field goal","GSV","GSV two point field goal",2026-05-31 19:51:16.613089,"dk",0.3505,185,0.3571,180,-0.0066,-0.0051,-0.2568,-0.200625
2026-05-31,"LVA @ GSV","three point field goal","LVA","LVA three point field goal",2026-05-31 20:22:37.59777,"dk",0.1142,776,0.1739,475,-0.0597,-0.0362,-1.8078,-1.41234375
2026-05-31,"LVA @ GSV","three point field goal","GSV","GSV three point field goal",2026-05-31 20:22:37.59777,"dk",0.1484,574,0.1818,450,-0.0335,-0.0205,-1.0226,-0.79890625
2026-05-31,"LVA @ GSV","two point field goal","LVA","LVA two point field goal",2026-05-31 20:22:37.59777,"dk",0.3869,158,0.4762,110,-0.0893,-0.0852,-4.26,-3.328125
2026-05-31,"LVA @ GSV","two point field goal","GSV","GSV two point field goal",2026-05-31 20:22:37.59777,"dk",0.3505,185,0.3571,180,-0.0066,-0.0051,-0.2568,-0.200625
2026-05-31,"LVA @ GSV","three point field goal","LVA","LVA three point field goal",2026-05-31 20:56:30.905442,"dk",0.1142,776,0.1739,475,-0.0597,-0.0362,-1.8078,-1.41234375
2026-05-31,"LVA @ GSV","three point field goal","GSV","GSV three point field goal",2026-05-31 20:56:30.905442,"dk",0.1484,574,0.1818,450,-0.0335,-0.0205,-1.0226,-0.79890625
2026-05-31,"LVA @ GSV","two point field goal","LVA","LVA two point field goal",2026-05-31 20:56:30.905442,"dk",0.3869,158,0.4762,110,-0.0893,-0.0852,-4.26,-3.328125
2026-05-31,"LVA @ GSV","two point field goal","GSV","GSV two point field goal",2026-05-31 20:56:30.905442,"dk",0.3505,185,0.3571,180,-0.0066,-0.0051,-0.2568,-0.200625
2026-05-31,"LVA @ GSV","three point field goal","LVA","LVA three point field goal",2026-05-31 21:21:17.053569,"dk",0.1142,776,0.1739,475,-0.0597,-0.0362,-1.8078,-1.41234375
2026-05-31,"LVA @ GSV","three point field goal","GSV","GSV three point field goal",2026-05-31 21:21:17.053569,"dk",0.1484,574,0.1818,450,-0.0335,-0.0205,-1.0226,-0.79890625
2026-05-31,"LVA @ GSV","two point field goal","LVA","LVA two point field goal",2026-05-31 21:21:17.053569,"dk",0.3869,158,0.4762,110,-0.0893,-0.0852,-4.26,-3.328125
2026-05-31,"LVA @ GSV","two point field goal","GSV","GSV two point field goal",2026-05-31 21:21:17.053569,"dk",0.3505,185,0.3571,180,-0.0066,-0.0051,-0.2568,-0.200625
2026-05-31,"LVA @ GSV","three point field goal","LVA","LVA three point field goal",2026-05-31 21:51:20.159022,"dk",0.1142,776,0.1739,475,-0.0597,-0.0362,-1.8078,-1.41234375
2026-05-31,"LVA @ GSV","three point field goal","GSV","GSV three point field goal",2026-05-31 21:51:20.159022,"dk",0.1484,574,0.1818,450,-0.0335,-0.0205,-1.0226,-0.79890625
2026-05-31,"LVA @ GSV","two point field goal","LVA","LVA two point field goal",2026-05-31 21:51:20.159022,"dk",0.3869,158,0.4762,110,-0.0893,-0.0852,-4.26,-3.328125
2026-05-31,"LVA @ GSV","two point field goal","GSV","GSV two point field goal",2026-05-31 21:51:20.159022,"dk",0.3505,185,0.3571,180,-0.0066,-0.0051,-0.2568,-0.200625
2026-05-31,"LVA @ GSV","three point field goal","LVA","LVA three point field goal",2026-05-31 22:21:15.826506,"dk",0.1142,776,0.1739,475,-0.0597,-0.0362,-1.8078,-1.41234375
2026-05-31,"LVA @ GSV","three point field goal","GSV","GSV three point field goal",2026-05-31 22:21:15.826506,"dk",0.1484,574,0.1818,450,-0.0335,-0.0205,-1.0226,-0.79890625
2026-05-31,"LVA @ GSV","two point field goal","LVA","LVA two point field goal",2026-05-31 22:21:15.826506,"dk",0.3869,158,0.4762,110,-0.0893,-0.0852,-4.26,-3.328125
2026-05-31,"LVA @ GSV","two point field goal","GSV","GSV two point field goal",2026-05-31 22:21:15.826506,"dk",0.3505,185,0.3571,180,-0.0066,-0.0051,-0.2568,-0.200625
2026-05-31,"LVA @ GSV","three point field goal","LVA","LVA three point field goal",2026-05-31 22:51:17.332037,"dk",0.1142,776,0.1739,475,-0.0597,-0.0362,-1.8078,-1.41234375
2026-05-31,"LVA @ GSV","three point field goal","GSV","GSV three point field goal",2026-05-31 22:51:17.332037,"dk",0.1484,574,0.1818,450,-0.0335,-0.0205,-1.0226,-0.79890625
2026-05-31,"LVA @ GSV","two point field goal","LVA","LVA two point field goal",2026-05-31 22:51:17.332037,"dk",0.3869,158,0.4762,110,-0.0893,-0.0852,-4.26,-3.328125
2026-05-31,"LVA @ GSV","two point field goal","GSV","GSV two point field goal",2026-05-31 22:51:17.332037,"dk",0.3505,185,0.3571,180,-0.0066,-0.0051,-0.2568,-0.200625
2026-05-31,"LVA @ GSV","three point field goal","LVA","LVA three point field goal",2026-05-31 23:21:16.490981,"dk",0.1142,776,0.1739,475,-0.0597,-0.0362,-1.8078,-1.41234375
2026-05-31,"LVA @ GSV","three point field goal","GSV","GSV three point field goal",2026-05-31 23:21:16.490981,"dk",0.1484,574,0.1818,450,-0.0335,-0.0205,-1.0226,-0.79890625
2026-05-31,"LVA @ GSV","two point field goal","LVA","LVA two point field goal",2026-05-31 23:21:16.490981,"dk",0.3869,158,0.4762,110,-0.0893,-0.0852,-4.26,-3.328125
2026-05-31,"LVA @ GSV","two point field goal","GSV","GSV two point field goal",2026-05-31 23:21:16.490981,"dk",0.3505,185,0.3571,180,-0.0066,-0.0051,-0.2568,-0.200625
2026-05-31,"LVA @ GSV","three point field goal","LVA","LVA three point field goal",2026-05-31 23:51:17.241727,"dk",0.1142,776,0.1739,475,-0.0597,-0.0362,-1.8078,-1.41234375
2026-05-31,"LVA @ GSV","three point field goal","GSV","GSV three point field goal",2026-05-31 23:51:17.241727,"dk",0.1484,574,0.1818,450,-0.0335,-0.0205,-1.0226,-0.79890625
2026-05-31,"LVA @ GSV","two point field goal","LVA","LVA two point field goal",2026-05-31 23:51:17.241727,"dk",0.3869,158,0.4762,110,-0.0893,-0.0852,-4.26,-3.328125
2026-05-31,"LVA @ GSV","two point field goal","GSV","GSV two point field goal",2026-05-31 23:51:17.241727,"dk",0.3505,185,0.3571,180,-0.0066,-0.0051,-0.2568,-0.200625
2026-05-31,"LVA @ GSV","three point field goal","LVA","LVA three point field goal",2026-06-01 00:21:16.480354,"dk",0.1142,776,0.1739,475,-0.0597,-0.0362,-1.8078,-1.41234375
2026-05-31,"LVA @ GSV","three point field goal","GSV","GSV three point field goal",2026-06-01 00:21:16.480354,"dk",0.1484,574,0.1818,450,-0.0335,-0.0205,-1.0226,-0.79890625
2026-05-31,"LVA @ GSV","two point field goal","LVA","LVA two point field goal",2026-06-01 00:21:16.480354,"dk",0.3869,158,0.4762,110,-0.0893,-0.0852,-4.26,-3.328125
2026-05-31,"LVA @ GSV","two point field goal","GSV","GSV two point field goal",2026-06-01 00:21:16.480354,"dk",0.3505,185,0.3571,180,-0.0066,-0.0051,-0.2568,-0.200625
2026-05-31,"LVA @ GSV","three point field goal","LVA","LVA three point field goal",2026-06-01 00:51:18.388781,"dk",0.1142,776,0.1739,475,-0.0597,-0.0362,-1.8078,-1.41234375
2026-05-31,"LVA @ GSV","three point field goal","GSV","GSV three point field goal",2026-06-01 00:51:18.388781,"dk",0.1484,574,0.1818,450,-0.0335,-0.0205,-1.0226,-0.79890625
2026-05-31,"LVA @ GSV","two point field goal","LVA","LVA two point field goal",2026-06-01 00:51:18.388781,"dk",0.3869,158,0.4762,110,-0.0893,-0.0852,-4.26,-3.328125
2026-05-31,"LVA @ GSV","two point field goal","GSV","GSV two point field goal",2026-06-01 00:51:18.388781,"dk",0.3505,185,0.3571,180,-0.0066,-0.0051,-0.2568,-0.200625
2026-05-31,"LVA @ GSV","three point field goal","LVA","LVA three point field goal",2026-06-01 01:21:16.773646,"dk",0.1142,776,0.1739,475,-0.0597,-0.0362,-1.8078,-1.41234375
2026-05-31,"LVA @ GSV","three point field goal","GSV","GSV three point field goal",2026-06-01 01:21:16.773646,"dk",0.1484,574,0.1818,450,-0.0335,-0.0205,-1.0226,-0.79890625
2026-05-31,"LVA @ GSV","two point field goal","LVA","LVA two point field goal",2026-06-01 01:21:16.773646,"dk",0.3869,158,0.4762,110,-0.0893,-0.0852,-4.26,-3.328125
2026-05-31,"LVA @ GSV","two point field goal","GSV","GSV two point field goal",2026-06-01 01:21:16.773646,"dk",0.3505,185,0.3571,180,-0.0066,-0.0051,-0.2568,-0.200625
2026-05-31,"LVA @ GSV","three point field goal","LVA","LVA three point field goal",2026-06-01 01:51:17.447501,"dk",0.1142,776,0.1739,475,-0.0597,-0.0362,-1.8078,-1.41234375
2026-05-31,"LVA @ GSV","three point field goal","GSV","GSV three point field goal",2026-06-01 01:51:17.447501,"dk",0.1484,574,0.1818,450,-0.0335,-0.0205,-1.0226,-0.79890625
2026-05-31,"LVA @ GSV","two point field goal","LVA","LVA two point field goal",2026-06-01 01:51:17.447501,"dk",0.3869,158,0.4762,110,-0.0893,-0.0852,-4.26,-3.328125
2026-05-31,"LVA @ GSV","two point field goal","GSV","GSV two point field goal",2026-06-01 01:51:17.447501,"dk",0.3505,185,0.3571,180,-0.0066,-0.0051,-0.2568,-0.200625
2026-05-31,"LVA @ GSV","three point field goal","LVA","LVA three point field goal",2026-06-01 02:21:15.698361,"dk",0.1142,776,0.1739,475,-0.0597,-0.0362,-1.8078,-1.41234375
2026-05-31,"LVA @ GSV","three point field goal","GSV","GSV three point field goal",2026-06-01 02:21:15.698361,"dk",0.1484,574,0.1818,450,-0.0335,-0.0205,-1.0226,-0.79890625
2026-05-31,"LVA @ GSV","two point field goal","LVA","LVA two point field goal",2026-06-01 02:21:15.698361,"dk",0.3869,158,0.4762,110,-0.0893,-0.0852,-4.26,-3.328125
2026-05-31,"LVA @ GSV","two point field goal","GSV","GSV two point field goal",2026-06-01 02:21:15.698361,"dk",0.3505,185,0.3571,180,-0.0066,-0.0051,-0.2568,-0.200625
2026-05-31,"LVA @ GSV","three point field goal","LVA","LVA three point field goal",2026-06-01 02:51:16.729971,"dk",0.1142,776,0.1739,475,-0.0597,-0.0362,-1.8078,-1.41234375
2026-05-31,"LVA @ GSV","three point field goal","GSV","GSV three point field goal",2026-06-01 02:51:16.729971,"dk",0.1484,574,0.1818,450,-0.0335,-0.0205,-1.0226,-0.79890625
2026-05-31,"LVA @ GSV","two point field goal","LVA","LVA two point field goal",2026-06-01 02:51:16.729971,"dk",0.3869,158,0.4762,110,-0.0893,-0.0852,-4.26,-3.328125
2026-05-31,"LVA @ GSV","two point field goal","GSV","GSV two point field goal",2026-06-01 02:51:16.729971,"dk",0.3505,185,0.3571,180,-0.0066,-0.0051,-0.2568,-0.200625
2026-06-01,"SEA @ DAL","three point field goal","DAL","DAL three point field goal",2026-06-01 14:11:19.998166,"dk",0.1233,711,0.1667,500,-0.0434,-0.026,-1.301,-1.01640625
2026-06-01,"SEA @ DAL","three point field goal","SEA","SEA three point field goal",2026-06-01 14:11:19.998166,"dk",0.1329,652,0.1667,500,-0.0338,-0.0203,-1.0132,-0.7915625
2026-06-01,"MIN @ PHX","three point field goal","PHX","PHX three point field goal",2026-06-01 14:11:19.998166,"dk",0.1129,786,0.1905,425,-0.0776,-0.0479,-2.3964,-1.8721875
2026-06-01,"MIN @ PHX","three point field goal","MIN","MIN three point field goal",2026-06-01 14:11:19.998166,"dk",0.1194,738,0.1429,600,-0.0235,-0.0137,-0.6844,-0.5346875
2026-06-01,"SEA @ DAL","two point field goal","DAL","DAL two point field goal",2026-06-01 14:11:19.998166,"dk",0.3812,162,0.4651,115,-0.0839,-0.0784,-3.9209,-3.063203125
2026-06-01,"SEA @ DAL","two point field goal","SEA","SEA two point field goal",2026-06-01 14:11:19.998166,"dk",0.3626,176,0.4,150,-0.0374,-0.0312,-1.5591,-1.218046875
2026-06-01,"MIN @ PHX","two point field goal","PHX","PHX two point field goal",2026-06-01 14:11:19.998166,"dk",0.4106,144,0.4348,130,-0.0242,-0.0214,-1.0718,-0.83734375
2026-06-01,"MIN @ PHX","two point field goal","MIN","MIN two point field goal",2026-06-01 14:11:19.998166,"dk",0.3572,180,0.4255,135,-0.0684,-0.0595,-2.9747,-2.323984375
2026-06-01,"SEA @ DAL","three point field goal","DAL","DAL three point field goal",2026-06-01 15:00:58.776871,"dk",0.1233,711,0.1667,500,-0.0434,-0.026,-1.301,-1.01640625
2026-06-01,"SEA @ DAL","three point field goal","SEA","SEA three point field goal",2026-06-01 15:00:58.776871,"dk",0.1329,652,0.1667,500,-0.0338,-0.0203,-1.0132,-0.7915625
2026-06-01,"MIN @ PHX","three point field goal","PHX","PHX three point field goal",2026-06-01 15:00:58.776871,"dk",0.1129,786,0.1905,425,-0.0776,-0.0479,-2.3964,-1.8721875
2026-06-01,"MIN @ PHX","three point field goal","MIN","MIN three point field goal",2026-06-01 15:00:58.776871,"dk",0.1194,738,0.1429,600,-0.0235,-0.0137,-0.6844,-0.5346875
2026-06-01,"SEA @ DAL","two point field goal","DAL","DAL two point field goal",2026-06-01 15:00:58.776871,"dk",0.3812,162,0.4651,115,-0.0839,-0.0784,-3.9209,-3.063203125
2026-06-01,"SEA @ DAL","two point field goal","SEA","SEA two point field goal",2026-06-01 15:00:58.776871,"dk",0.3626,176,0.4,150,-0.0374,-0.0312,-1.5591,-1.218046875
2026-06-01,"MIN @ PHX","two point field goal","PHX","PHX two point field goal",2026-06-01 15:00:58.776871,"dk",0.4106,144,0.4348,130,-0.0242,-0.0214,-1.0718,-0.83734375
2026-06-01,"MIN @ PHX","two point field goal","MIN","MIN two point field goal",2026-06-01 15:00:58.776871,"dk",0.3572,180,0.4255,135,-0.0684,-0.0595,-2.9747,-2.323984375
2026-06-01,"SEA @ DAL","three point field goal","DAL","DAL three point field goal",2026-06-01 15:39:59.487076,"dk",0.1233,711,0.1667,500,-0.0434,-0.026,-1.301,-1.01640625
2026-06-01,"SEA @ DAL","three point field goal","SEA","SEA three point field goal",2026-06-01 15:39:59.487076,"dk",0.1329,652,0.1667,500,-0.0338,-0.0203,-1.0132,-0.7915625
2026-06-01,"MIN @ PHX","three point field goal","PHX","PHX three point field goal",2026-06-01 15:39:59.487076,"dk",0.1129,786,0.1905,425,-0.0776,-0.0479,-2.3964,-1.8721875
2026-06-01,"MIN @ PHX","three point field goal","MIN","MIN three point field goal",2026-06-01 15:39:59.487076,"dk",0.1194,738,0.1429,600,-0.0235,-0.0137,-0.6844,-0.5346875
2026-06-01,"SEA @ DAL","two point field goal","DAL","DAL two point field goal",2026-06-01 15:39:59.487076,"dk",0.3812,162,0.4651,115,-0.0839,-0.0784,-3.9209,-3.063203125
2026-06-01,"SEA @ DAL","two point field goal","SEA","SEA two point field goal",2026-06-01 15:39:59.487076,"dk",0.3626,176,0.4,150,-0.0374,-0.0312,-1.5591,-1.218046875
2026-06-01,"MIN @ PHX","two point field goal","PHX","PHX two point field goal",2026-06-01 15:39:59.487076,"dk",0.4106,144,0.4348,130,-0.0242,-0.0214,-1.0718,-0.83734375
2026-06-01,"MIN @ PHX","two point field goal","MIN","MIN two point field goal",2026-06-01 15:39:59.487076,"dk",0.3572,180,0.4255,135,-0.0684,-0.0595,-2.9747,-2.323984375
2026-06-01,"SEA @ DAL","three point field goal","DAL","DAL three point field goal",2026-06-01 15:59:28.429882,"dk",0.1233,711,0.1667,500,-0.0434,-0.026,-1.301,-1.01640625
2026-06-01,"SEA @ DAL","three point field goal","SEA","SEA three point field goal",2026-06-01 15:59:28.429882,"dk",0.1329,652,0.1667,500,-0.0338,-0.0203,-1.0132,-0.7915625
2026-06-01,"MIN @ PHX","three point field goal","PHX","PHX three point field goal",2026-06-01 15:59:28.429882,"dk",0.1129,786,0.1905,425,-0.0776,-0.0479,-2.3964,-1.8721875
2026-06-01,"MIN @ PHX","three point field goal","MIN","MIN three point field goal",2026-06-01 15:59:28.429882,"dk",0.1194,738,0.1429,600,-0.0235,-0.0137,-0.6844,-0.5346875
2026-06-01,"SEA @ DAL","two point field goal","DAL","DAL two point field goal",2026-06-01 15:59:28.429882,"dk",0.3812,162,0.4651,115,-0.0839,-0.0784,-3.9209,-3.063203125
2026-06-01,"SEA @ DAL","two point field goal","SEA","SEA two point field goal",2026-06-01 15:59:28.429882,"dk",0.3626,176,0.4,150,-0.0374,-0.0312,-1.5591,-1.218046875
2026-06-01,"MIN @ PHX","two point field goal","PHX","PHX two point field goal",2026-06-01 15:59:28.429882,"dk",0.4106,144,0.4348,130,-0.0242,-0.0214,-1.0718,-0.83734375
2026-06-01,"MIN @ PHX","two point field goal","MIN","MIN two point field goal",2026-06-01 15:59:28.429882,"dk",0.3572,180,0.4255,135,-0.0684,-0.0595,-2.9747,-2.323984375
2026-06-01,"SEA @ DAL","three point field goal","DAL","DAL three point field goal",2026-06-01 16:28:56.049746,"dk",0.1233,711,0.1667,500,-0.0434,-0.026,-1.301,-1.01640625
2026-06-01,"SEA @ DAL","three point field goal","SEA","SEA three point field goal",2026-06-01 16:28:56.049746,"dk",0.1329,652,0.1667,500,-0.0338,-0.0203,-1.0132,-0.7915625
2026-06-01,"MIN @ PHX","three point field goal","PHX","PHX three point field goal",2026-06-01 16:28:56.049746,"dk",0.1129,786,0.1905,425,-0.0776,-0.0479,-2.3964,-1.8721875
2026-06-01,"MIN @ PHX","three point field goal","MIN","MIN three point field goal",2026-06-01 16:28:56.049746,"dk",0.1194,738,0.1429,600,-0.0235,-0.0137,-0.6844,-0.5346875
2026-06-01,"SEA @ DAL","two point field goal","DAL","DAL two point field goal",2026-06-01 16:28:56.049746,"dk",0.3812,162,0.4651,115,-0.0839,-0.0784,-3.9209,-3.063203125
2026-06-01,"SEA @ DAL","two point field goal","SEA","SEA two point field goal",2026-06-01 16:28:56.049746,"dk",0.3626,176,0.4,150,-0.0374,-0.0312,-1.5591,-1.218046875
2026-06-01,"MIN @ PHX","two point field goal","PHX","PHX two point field goal",2026-06-01 16:28:56.049746,"dk",0.4106,144,0.4348,130,-0.0242,-0.0214,-1.0718,-0.83734375
2026-06-01,"MIN @ PHX","two point field goal","MIN","MIN two point field goal",2026-06-01 16:28:56.049746,"dk",0.3572,180,0.4255,135,-0.0684,-0.0595,-2.9747,-2.323984375
2026-06-01,"SEA @ DAL","three point field goal","DAL","DAL three point field goal",2026-06-01 16:59:15.042931,"dk",0.1233,711,0.1667,500,-0.0434,-0.026,-1.301,-1.01640625
2026-06-01,"SEA @ DAL","three point field goal","SEA","SEA three point field goal",2026-06-01 16:59:15.042931,"dk",0.1329,652,0.1667,500,-0.0338,-0.0203,-1.0132,-0.7915625
2026-06-01,"MIN @ PHX","three point field goal","PHX","PHX three point field goal",2026-06-01 16:59:15.042931,"dk",0.1129,786,0.1905,425,-0.0776,-0.0479,-2.3964,-1.8721875
2026-06-01,"MIN @ PHX","three point field goal","MIN","MIN three point field goal",2026-06-01 16:59:15.042931,"dk",0.1194,738,0.1429,600,-0.0235,-0.0137,-0.6844,-0.5346875
2026-06-01,"SEA @ DAL","two point field goal","DAL","DAL two point field goal",2026-06-01 16:59:15.042931,"dk",0.3812,162,0.4651,115,-0.0839,-0.0784,-3.9209,-3.063203125
2026-06-01,"SEA @ DAL","two point field goal","SEA","SEA two point field goal",2026-06-01 16:59:15.042931,"dk",0.3626,176,0.4,150,-0.0374,-0.0312,-1.5591,-1.218046875
2026-06-01,"MIN @ PHX","two point field goal","PHX","PHX two point field goal",2026-06-01 16:59:15.042931,"dk",0.4106,144,0.4348,130,-0.0242,-0.0214,-1.0718,-0.83734375
2026-06-01,"MIN @ PHX","two point field goal","MIN","MIN two point field goal",2026-06-01 16:59:15.042931,"dk",0.3572,180,0.4255,135,-0.0684,-0.0595,-2.9747,-2.323984375
2026-06-01,"SEA @ DAL","three point field goal","DAL","DAL three point field goal",2026-06-01 17:29:38.406448,"dk",0.1233,711,0.1667,500,-0.0434,-0.026,-1.301,-1.01640625
2026-06-01,"SEA @ DAL","three point field goal","SEA","SEA three point field goal",2026-06-01 17:29:38.406448,"dk",0.1329,652,0.1667,500,-0.0338,-0.0203,-1.0132,-0.7915625
2026-06-01,"MIN @ PHX","three point field goal","PHX","PHX three point field goal",2026-06-01 17:29:38.406448,"dk",0.1129,786,0.1905,425,-0.0776,-0.0479,-2.3964,-1.8721875
2026-06-01,"MIN @ PHX","three point field goal","MIN","MIN three point field goal",2026-06-01 17:29:38.406448,"dk",0.1194,738,0.1429,600,-0.0235,-0.0137,-0.6844,-0.5346875
2026-06-01,"SEA @ DAL","two point field goal","DAL","DAL two point field goal",2026-06-01 17:29:38.406448,"dk",0.3812,162,0.4651,115,-0.0839,-0.0784,-3.9209,-3.063203125
2026-06-01,"SEA @ DAL","two point field goal","SEA","SEA two point field goal",2026-06-01 17:29:38.406448,"dk",0.3626,176,0.4,150,-0.0374,-0.0312,-1.5591,-1.218046875
2026-06-01,"MIN @ PHX","two point field goal","PHX","PHX two point field goal",2026-06-01 17:29:38.406448,"dk",0.4106,144,0.4348,130,-0.0242,-0.0214,-1.0718,-0.83734375
2026-06-01,"MIN @ PHX","two point field goal","MIN","MIN two point field goal",2026-06-01 17:29:38.406448,"dk",0.3572,180,0.4255,135,-0.0684,-0.0595,-2.9747,-2.323984375
2026-06-01,"SEA @ DAL","three point field goal","DAL","DAL three point field goal",2026-06-01 17:58:49.590152,"dk",0.1233,711,0.1667,500,-0.0434,-0.026,-1.301,-1.01640625
2026-06-01,"SEA @ DAL","three point field goal","SEA","SEA three point field goal",2026-06-01 17:58:49.590152,"dk",0.1329,652,0.1667,500,-0.0338,-0.0203,-1.0132,-0.7915625
2026-06-01,"MIN @ PHX","three point field goal","PHX","PHX three point field goal",2026-06-01 17:58:49.590152,"dk",0.1129,786,0.1905,425,-0.0776,-0.0479,-2.3957,-1.871640625
2026-06-01,"MIN @ PHX","three point field goal","MIN","MIN three point field goal",2026-06-01 17:58:49.590152,"dk",0.1194,738,0.1429,600,-0.0235,-0.0137,-0.6851,-0.535234375
2026-06-01,"SEA @ DAL","two point field goal","DAL","DAL two point field goal",2026-06-01 17:58:49.590152,"dk",0.3812,162,0.4651,115,-0.0839,-0.0784,-3.9209,-3.063203125
2026-06-01,"SEA @ DAL","two point field goal","SEA","SEA two point field goal",2026-06-01 17:58:49.590152,"dk",0.3626,176,0.4,150,-0.0374,-0.0312,-1.5591,-1.218046875
2026-06-01,"MIN @ PHX","two point field goal","PHX","PHX two point field goal",2026-06-01 17:58:49.590152,"dk",0.4106,144,0.4348,130,-0.0242,-0.0214,-1.0683,-0.834609375
2026-06-01,"MIN @ PHX","two point field goal","MIN","MIN two point field goal",2026-06-01 17:58:49.590152,"dk",0.3571,180,0.4255,135,-0.0684,-0.0596,-2.978,-2.3265625
2026-06-01,"SEA @ DAL","three point field goal","DAL","DAL three point field goal",2026-06-01 18:29:02.330499,"dk",0.1233,711,0.1667,500,-0.0434,-0.026,-1.301,-1.01640625
2026-06-01,"SEA @ DAL","three point field goal","SEA","SEA three point field goal",2026-06-01 18:29:02.330499,"dk",0.1329,652,0.1667,500,-0.0338,-0.0203,-1.0132,-0.7915625
2026-06-01,"MIN @ PHX","three point field goal","PHX","PHX three point field goal",2026-06-01 18:29:02.330499,"dk",0.1129,786,0.1905,425,-0.0776,-0.0479,-2.3957,-1.871640625
2026-06-01,"MIN @ PHX","three point field goal","MIN","MIN three point field goal",2026-06-01 18:29:02.330499,"dk",0.1194,738,0.1429,600,-0.0235,-0.0137,-0.6851,-0.535234375
2026-06-01,"SEA @ DAL","two point field goal","DAL","DAL two point field goal",2026-06-01 18:29:02.330499,"dk",0.3812,162,0.4651,115,-0.0839,-0.0784,-3.9209,-3.063203125
2026-06-01,"SEA @ DAL","two point field goal","SEA","SEA two point field goal",2026-06-01 18:29:02.330499,"dk",0.3626,176,0.4,150,-0.0374,-0.0312,-1.5591,-1.218046875
2026-06-01,"MIN @ PHX","two point field goal","PHX","PHX two point field goal",2026-06-01 18:29:02.330499,"dk",0.4106,144,0.4348,130,-0.0242,-0.0214,-1.0683,-0.834609375
2026-06-01,"MIN @ PHX","two point field goal","MIN","MIN two point field goal",2026-06-01 18:29:02.330499,"dk",0.3571,180,0.4255,135,-0.0684,-0.0596,-2.978,-2.3265625
2026-06-01,"SEA @ DAL","three point field goal","DAL","DAL three point field goal",2026-06-01 18:59:24.737511,"dk",0.1233,711,0.1667,500,-0.0434,-0.026,-1.301,-1.01640625
2026-06-01,"SEA @ DAL","three point field goal","SEA","SEA three point field goal",2026-06-01 18:59:24.737511,"dk",0.1329,652,0.1667,500,-0.0338,-0.0203,-1.0132,-0.7915625
2026-06-01,"MIN @ PHX","three point field goal","PHX","PHX three point field goal",2026-06-01 18:59:24.737511,"dk",0.1129,786,0.1905,425,-0.0776,-0.0479,-2.3957,-1.871640625
2026-06-01,"MIN @ PHX","three point field goal","MIN","MIN three point field goal",2026-06-01 18:59:24.737511,"dk",0.1194,738,0.1429,600,-0.0235,-0.0137,-0.6851,-0.535234375
2026-06-01,"SEA @ DAL","two point field goal","DAL","DAL two point field goal",2026-06-01 18:59:24.737511,"dk",0.3812,162,0.4651,115,-0.0839,-0.0784,-3.9209,-3.063203125
2026-06-01,"SEA @ DAL","two point field goal","SEA","SEA two point field goal",2026-06-01 18:59:24.737511,"dk",0.3626,176,0.4,150,-0.0374,-0.0312,-1.5591,-1.218046875
2026-06-01,"MIN @ PHX","two point field goal","PHX","PHX two point field goal",2026-06-01 18:59:24.737511,"dk",0.4106,144,0.4348,130,-0.0242,-0.0214,-1.0683,-0.834609375
2026-06-01,"MIN @ PHX","two point field goal","MIN","MIN two point field goal",2026-06-01 18:59:24.737511,"dk",0.3571,180,0.4255,135,-0.0684,-0.0596,-2.978,-2.3265625
2026-06-01,"SEA @ DAL","three point field goal","DAL","DAL three point field goal",2026-06-01 19:29:44.579876,"dk",0.1233,711,0.1667,500,-0.0434,-0.026,-1.301,-1.01640625
2026-06-01,"SEA @ DAL","three point field goal","SEA","SEA three point field goal",2026-06-01 19:29:44.579876,"dk",0.1329,652,0.1667,500,-0.0338,-0.0203,-1.0132,-0.7915625
2026-06-01,"MIN @ PHX","three point field goal","PHX","PHX three point field goal",2026-06-01 19:29:44.579876,"dk",0.1129,786,0.1905,425,-0.0776,-0.0479,-2.3957,-1.871640625
2026-06-01,"MIN @ PHX","three point field goal","MIN","MIN three point field goal",2026-06-01 19:29:44.579876,"dk",0.1194,738,0.1429,600,-0.0235,-0.0137,-0.6851,-0.535234375
2026-06-01,"SEA @ DAL","two point field goal","DAL","DAL two point field goal",2026-06-01 19:29:44.579876,"dk",0.3812,162,0.4651,115,-0.0839,-0.0784,-3.9209,-3.063203125
2026-06-01,"SEA @ DAL","two point field goal","SEA","SEA two point field goal",2026-06-01 19:29:44.579876,"dk",0.3626,176,0.4,150,-0.0374,-0.0312,-1.5591,-1.218046875
2026-06-01,"MIN @ PHX","two point field goal","PHX","PHX two point field goal",2026-06-01 19:29:44.579876,"dk",0.4106,144,0.4348,130,-0.0242,-0.0214,-1.0683,-0.834609375
2026-06-01,"MIN @ PHX","two point field goal","MIN","MIN two point field goal",2026-06-01 19:29:44.579876,"dk",0.3571,180,0.4255,135,-0.0684,-0.0596,-2.978,-2.3265625
2026-06-01,"SEA @ DAL","three point field goal","DAL","DAL three point field goal",2026-06-01 19:58:56.821294,"dk",0.1233,711,0.1667,500,-0.0434,-0.026,-1.301,-1.01640625
2026-06-01,"SEA @ DAL","three point field goal","SEA","SEA three point field goal",2026-06-01 19:58:56.821294,"dk",0.1329,652,0.1667,500,-0.0338,-0.0203,-1.0132,-0.7915625
2026-06-01,"MIN @ PHX","three point field goal","PHX","PHX three point field goal",2026-06-01 19:58:56.821294,"dk",0.1129,786,0.1905,425,-0.0776,-0.0479,-2.3957,-1.871640625
2026-06-01,"MIN @ PHX","three point field goal","MIN","MIN three point field goal",2026-06-01 19:58:56.821294,"dk",0.1194,738,0.1429,600,-0.0235,-0.0137,-0.6851,-0.535234375
2026-06-01,"SEA @ DAL","two point field goal","DAL","DAL two point field goal",2026-06-01 19:58:56.821294,"dk",0.3812,162,0.4651,115,-0.0839,-0.0784,-3.9209,-3.063203125
2026-06-01,"SEA @ DAL","two point field goal","SEA","SEA two point field goal",2026-06-01 19:58:56.821294,"dk",0.3626,176,0.4,150,-0.0374,-0.0312,-1.5591,-1.218046875
2026-06-01,"MIN @ PHX","two point field goal","PHX","PHX two point field goal",2026-06-01 19:58:56.821294,"dk",0.4106,144,0.4348,130,-0.0242,-0.0214,-1.0683,-0.834609375
2026-06-01,"MIN @ PHX","two point field goal","MIN","MIN two point field goal",2026-06-01 19:58:56.821294,"dk",0.3571,180,0.4255,135,-0.0684,-0.0596,-2.978,-2.3265625
2026-06-01,"SEA @ DAL","three point field goal","DAL","DAL three point field goal",2026-06-01 20:29:05.121621,"dk",0.1233,711,0.1667,500,-0.0434,-0.026,-1.301,-1.01640625
2026-06-01,"SEA @ DAL","three point field goal","SEA","SEA three point field goal",2026-06-01 20:29:05.121621,"dk",0.1329,652,0.1667,500,-0.0338,-0.0203,-1.0132,-0.7915625
2026-06-01,"MIN @ PHX","three point field goal","PHX","PHX three point field goal",2026-06-01 20:29:05.121621,"dk",0.1129,786,0.1905,425,-0.0776,-0.0479,-2.3957,-1.871640625
2026-06-01,"MIN @ PHX","three point field goal","MIN","MIN three point field goal",2026-06-01 20:29:05.121621,"dk",0.1194,738,0.1429,600,-0.0235,-0.0137,-0.6851,-0.535234375
2026-06-01,"SEA @ DAL","two point field goal","DAL","DAL two point field goal",2026-06-01 20:29:05.121621,"dk",0.3812,162,0.4651,115,-0.0839,-0.0784,-3.9209,-3.063203125
2026-06-01,"SEA @ DAL","two point field goal","SEA","SEA two point field goal",2026-06-01 20:29:05.121621,"dk",0.3626,176,0.4,150,-0.0374,-0.0312,-1.5591,-1.218046875
2026-06-01,"MIN @ PHX","two point field goal","PHX","PHX two point field goal",2026-06-01 20:29:05.121621,"dk",0.4106,144,0.4348,130,-0.0242,-0.0214,-1.0683,-0.834609375
2026-06-01,"MIN @ PHX","two point field goal","MIN","MIN two point field goal",2026-06-01 20:29:05.121621,"dk",0.3571,180,0.4255,135,-0.0684,-0.0596,-2.978,-2.3265625
2026-06-01,"SEA @ DAL","three point field goal","DAL","DAL three point field goal",2026-06-01 20:59:16.713872,"dk",0.1233,711,0.1667,500,-0.0434,-0.026,-1.301,-1.01640625
2026-06-01,"SEA @ DAL","three point field goal","SEA","SEA three point field goal",2026-06-01 20:59:16.713872,"dk",0.1329,652,0.1667,500,-0.0338,-0.0203,-1.0132,-0.7915625
2026-06-01,"MIN @ PHX","three point field goal","PHX","PHX three point field goal",2026-06-01 20:59:16.713872,"dk",0.1129,786,0.1905,425,-0.0776,-0.0479,-2.3957,-1.871640625
2026-06-01,"MIN @ PHX","three point field goal","MIN","MIN three point field goal",2026-06-01 20:59:16.713872,"dk",0.1194,738,0.1429,600,-0.0235,-0.0137,-0.6851,-0.535234375
2026-06-01,"SEA @ DAL","two point field goal","DAL","DAL two point field goal",2026-06-01 20:59:16.713872,"dk",0.3812,162,0.4651,115,-0.0839,-0.0784,-3.9209,-3.063203125
2026-06-01,"SEA @ DAL","two point field goal","SEA","SEA two point field goal",2026-06-01 20:59:16.713872,"dk",0.3626,176,0.4,150,-0.0374,-0.0312,-1.5591,-1.218046875
2026-06-01,"MIN @ PHX","two point field goal","PHX","PHX two point field goal",2026-06-01 20:59:16.713872,"dk",0.4106,144,0.4348,130,-0.0242,-0.0214,-1.0683,-0.834609375
2026-06-01,"MIN @ PHX","two point field goal","MIN","MIN two point field goal",2026-06-01 20:59:16.713872,"dk",0.3571,180,0.4255,135,-0.0684,-0.0596,-2.978,-2.3265625
2026-06-01,"SEA @ DAL","three point field goal","DAL","DAL three point field goal",2026-06-01 21:29:24.609271,"dk",0.1233,711,0.1667,500,-0.0434,-0.026,-1.301,-1.01640625
2026-06-01,"SEA @ DAL","three point field goal","SEA","SEA three point field goal",2026-06-01 21:29:24.609271,"dk",0.1329,652,0.1667,500,-0.0338,-0.0203,-1.0132,-0.7915625
2026-06-01,"MIN @ PHX","three point field goal","PHX","PHX three point field goal",2026-06-01 21:29:24.609271,"dk",0.1129,786,0.1905,425,-0.0776,-0.0479,-2.3957,-1.871640625
2026-06-01,"MIN @ PHX","three point field goal","MIN","MIN three point field goal",2026-06-01 21:29:24.609271,"dk",0.1194,738,0.1429,600,-0.0235,-0.0137,-0.6851,-0.535234375
2026-06-01,"SEA @ DAL","two point field goal","DAL","DAL two point field goal",2026-06-01 21:29:24.609271,"dk",0.3812,162,0.4651,115,-0.0839,-0.0784,-3.9209,-3.063203125
2026-06-01,"SEA @ DAL","two point field goal","SEA","SEA two point field goal",2026-06-01 21:29:24.609271,"dk",0.3626,176,0.4,150,-0.0374,-0.0312,-1.5591,-1.218046875
2026-06-01,"MIN @ PHX","two point field goal","PHX","PHX two point field goal",2026-06-01 21:29:24.609271,"dk",0.4106,144,0.4348,130,-0.0242,-0.0214,-1.0683,-0.834609375
2026-06-01,"MIN @ PHX","two point field goal","MIN","MIN two point field goal",2026-06-01 21:29:24.609271,"dk",0.3571,180,0.4255,135,-0.0684,-0.0596,-2.978,-2.3265625
2026-06-01,"SEA @ DAL","three point field goal","DAL","DAL three point field goal",2026-06-01 21:59:31.313172,"dk",0.1233,711,0.1667,500,-0.0434,-0.026,-1.301,-1.01640625
2026-06-01,"SEA @ DAL","three point field goal","SEA","SEA three point field goal",2026-06-01 21:59:31.313172,"dk",0.1329,652,0.1667,500,-0.0338,-0.0203,-1.0132,-0.7915625
2026-06-01,"MIN @ PHX","three point field goal","PHX","PHX three point field goal",2026-06-01 21:59:31.313172,"dk",0.1129,786,0.1905,425,-0.0776,-0.0479,-2.3957,-1.871640625
2026-06-01,"MIN @ PHX","three point field goal","MIN","MIN three point field goal",2026-06-01 21:59:31.313172,"dk",0.1194,738,0.1429,600,-0.0235,-0.0137,-0.6851,-0.535234375
2026-06-01,"SEA @ DAL","two point field goal","DAL","DAL two point field goal",2026-06-01 21:59:31.313172,"dk",0.3812,162,0.4651,115,-0.0839,-0.0784,-3.9209,-3.063203125
2026-06-01,"SEA @ DAL","two point field goal","SEA","SEA two point field goal",2026-06-01 21:59:31.313172,"dk",0.3626,176,0.4,150,-0.0374,-0.0312,-1.5591,-1.218046875
2026-06-01,"MIN @ PHX","two point field goal","PHX","PHX two point field goal",2026-06-01 21:59:31.313172,"dk",0.4106,144,0.4348,130,-0.0242,-0.0214,-1.0683,-0.834609375
2026-06-01,"MIN @ PHX","two point field goal","MIN","MIN two point field goal",2026-06-01 21:59:31.313172,"dk",0.3571,180,0.4255,135,-0.0684,-0.0596,-2.978,-2.3265625
2026-06-01,"SEA @ DAL","three point field goal","DAL","DAL three point field goal",2026-06-01 22:29:40.44994,"dk",0.1233,711,0.1667,500,-0.0434,-0.026,-1.301,-1.01640625
2026-06-01,"SEA @ DAL","three point field goal","SEA","SEA three point field goal",2026-06-01 22:29:40.44994,"dk",0.1329,652,0.1667,500,-0.0338,-0.0203,-1.0132,-0.7915625
2026-06-01,"MIN @ PHX","three point field goal","PHX","PHX three point field goal",2026-06-01 22:29:40.44994,"dk",0.1129,786,0.1905,425,-0.0776,-0.0479,-2.3957,-1.871640625
2026-06-01,"MIN @ PHX","three point field goal","MIN","MIN three point field goal",2026-06-01 22:29:40.44994,"dk",0.1194,738,0.1429,600,-0.0235,-0.0137,-0.6851,-0.535234375
2026-06-01,"SEA @ DAL","two point field goal","DAL","DAL two point field goal",2026-06-01 22:29:40.44994,"dk",0.3812,162,0.4651,115,-0.0839,-0.0784,-3.9209,-3.063203125
2026-06-01,"SEA @ DAL","two point field goal","SEA","SEA two point field goal",2026-06-01 22:29:40.44994,"dk",0.3626,176,0.4,150,-0.0374,-0.0312,-1.5591,-1.218046875
2026-06-01,"MIN @ PHX","two point field goal","PHX","PHX two point field goal",2026-06-01 22:29:40.44994,"dk",0.4106,144,0.4348,130,-0.0242,-0.0214,-1.0683,-0.834609375
2026-06-01,"MIN @ PHX","two point field goal","MIN","MIN two point field goal",2026-06-01 22:29:40.44994,"dk",0.3571,180,0.4255,135,-0.0684,-0.0596,-2.978,-2.3265625
2026-06-01,"SEA @ DAL","three point field goal","DAL","DAL three point field goal",2026-06-01 22:52:01.492375,"dk",0.1265,690,0.1667,500,-0.0402,-0.0241,-1.2047,-0.941171875
2026-06-01,"SEA @ DAL","three point field goal","SEA","SEA three point field goal",2026-06-01 22:52:01.492375,"dk",0.1322,656,0.1667,500,-0.0345,-0.0207,-1.0339,-0.807734375
2026-06-01,"MIN @ PHX","three point field goal","PHX","PHX three point field goal",2026-06-01 22:52:01.492375,"dk",0.1129,786,0.1905,425,-0.0776,-0.0479,-2.3957,-1.871640625
2026-06-01,"MIN @ PHX","three point field goal","MIN","MIN three point field goal",2026-06-01 22:52:01.492375,"dk",0.1194,738,0.1429,600,-0.0235,-0.0137,-0.6851,-0.535234375
2026-06-01,"SEA @ DAL","two point field goal","DAL","DAL two point field goal",2026-06-01 22:52:01.492375,"dk",0.3806,163,0.4651,115,-0.0845,-0.079,-3.951,-3.08671875
2026-06-01,"SEA @ DAL","two point field goal","SEA","SEA two point field goal",2026-06-01 22:52:01.492375,"dk",0.3607,177,0.4,150,-0.0393,-0.0327,-1.6374,-1.27921875
2026-06-01,"MIN @ PHX","two point field goal","PHX","PHX two point field goal",2026-06-01 22:52:01.492375,"dk",0.4106,144,0.4348,130,-0.0242,-0.0214,-1.0682,-0.83453125
2026-06-01,"MIN @ PHX","two point field goal","MIN","MIN two point field goal",2026-06-01 22:52:01.492375,"dk",0.3571,180,0.4255,135,-0.0684,-0.0596,-2.9781,-2.326640625
2026-06-01,"SEA @ DAL","three point field goal","DAL","DAL three point field goal",2026-06-01 23:21:23.266883,"dk",0.1265,690,0.1667,500,-0.0402,-0.0241,-1.2047,-0.941171875
2026-06-01,"SEA @ DAL","three point field goal","SEA","SEA three point field goal",2026-06-01 23:21:23.266883,"dk",0.1322,656,0.1667,500,-0.0345,-0.0207,-1.0339,-0.807734375
2026-06-01,"MIN @ PHX","three point field goal","PHX","PHX three point field goal",2026-06-01 23:21:23.266883,"dk",0.1129,786,0.1905,425,-0.0776,-0.0479,-2.3957,-1.871640625
2026-06-01,"MIN @ PHX","three point field goal","MIN","MIN three point field goal",2026-06-01 23:21:23.266883,"dk",0.1194,738,0.1429,600,-0.0235,-0.0137,-0.6851,-0.535234375
2026-06-01,"SEA @ DAL","two point field goal","DAL","DAL two point field goal",2026-06-01 23:21:23.266883,"dk",0.3806,163,0.4651,115,-0.0845,-0.079,-3.951,-3.08671875
2026-06-01,"SEA @ DAL","two point field goal","SEA","SEA two point field goal",2026-06-01 23:21:23.266883,"dk",0.3607,177,0.4,150,-0.0393,-0.0327,-1.6374,-1.27921875
2026-06-01,"MIN @ PHX","two point field goal","PHX","PHX two point field goal",2026-06-01 23:21:23.266883,"dk",0.4106,144,0.4348,130,-0.0242,-0.0214,-1.0682,-0.83453125
2026-06-01,"MIN @ PHX","two point field goal","MIN","MIN two point field goal",2026-06-01 23:21:23.266883,"dk",0.3571,180,0.4255,135,-0.0684,-0.0596,-2.9781,-2.326640625
2026-06-01,"SEA @ DAL","three point field goal","DAL","DAL three point field goal",2026-06-01 23:51:23.935022,"dk",0.1261,693,0.1667,500,-0.0406,-0.0244,-1.2177,-0.951328125
2026-06-01,"SEA @ DAL","three point field goal","SEA","SEA three point field goal",2026-06-01 23:51:23.935022,"dk",0.1302,668,0.1667,500,-0.0364,-0.0219,-1.0934,-0.85421875
2026-06-01,"MIN @ PHX","three point field goal","PHX","PHX three point field goal",2026-06-01 23:51:23.935022,"dk",0.1129,786,0.1905,425,-0.0776,-0.0479,-2.3957,-1.871640625
2026-06-01,"MIN @ PHX","three point field goal","MIN","MIN three point field goal",2026-06-01 23:51:23.935022,"dk",0.1194,738,0.1429,600,-0.0235,-0.0137,-0.6851,-0.535234375
2026-06-01,"SEA @ DAL","two point field goal","DAL","DAL two point field goal",2026-06-01 23:51:23.935022,"dk",0.3884,157,0.4651,115,-0.0767,-0.0717,-3.5848,-2.800625
2026-06-01,"SEA @ DAL","two point field goal","SEA","SEA two point field goal",2026-06-01 23:51:23.935022,"dk",0.3553,181,0.4,150,-0.0447,-0.0373,-1.8631,-1.455546875
2026-06-01,"MIN @ PHX","two point field goal","PHX","PHX two point field goal",2026-06-01 23:51:23.935022,"dk",0.4106,144,0.4348,130,-0.0242,-0.0214,-1.0682,-0.83453125
2026-06-01,"MIN @ PHX","two point field goal","MIN","MIN two point field goal",2026-06-01 23:51:23.935022,"dk",0.3571,180,0.4255,135,-0.0684,-0.0596,-2.9781,-2.326640625
2026-06-01,"SEA @ DAL","three point field goal","DAL","DAL three point field goal",2026-06-02 00:21:22.46585,"dk",0.1261,693,0.1667,500,-0.0406,-0.0243,-1.2169,-0.950703125
2026-06-01,"SEA @ DAL","three point field goal","SEA","SEA three point field goal",2026-06-02 00:21:22.46585,"dk",0.1302,668,0.1667,500,-0.0365,-0.0219,-1.0943,-0.854921875
2026-06-01,"MIN @ PHX","three point field goal","PHX","PHX three point field goal",2026-06-02 00:21:22.46585,"dk",0.1129,786,0.1905,425,-0.0776,-0.0479,-2.3957,-1.871640625
2026-06-01,"MIN @ PHX","three point field goal","MIN","MIN three point field goal",2026-06-02 00:21:22.46585,"dk",0.1194,738,0.1429,600,-0.0235,-0.0137,-0.6851,-0.535234375
2026-06-01,"SEA @ DAL","two point field goal","DAL","DAL two point field goal",2026-06-02 00:21:22.46585,"dk",0.3885,157,0.4651,115,-0.0766,-0.0716,-3.5812,-2.7978125
2026-06-01,"SEA @ DAL","two point field goal","SEA","SEA two point field goal",2026-06-02 00:21:22.46585,"dk",0.3552,182,0.4,150,-0.0448,-0.0373,-1.8662,-1.45796875
2026-06-01,"MIN @ PHX","two point field goal","PHX","PHX two point field goal",2026-06-02 00:21:22.46585,"dk",0.4106,144,0.4348,130,-0.0242,-0.0214,-1.0682,-0.83453125
2026-06-01,"MIN @ PHX","two point field goal","MIN","MIN two point field goal",2026-06-02 00:21:22.46585,"dk",0.3571,180,0.4255,135,-0.0684,-0.0596,-2.9781,-2.326640625
2026-06-01,"MIN @ PHX","three point field goal","PHX","PHX three point field goal",2026-06-02 00:51:22.207168,"dk",0.1129,786,0.1905,425,-0.0776,-0.0479,-2.3957,-1.871640625
2026-06-01,"MIN @ PHX","three point field goal","MIN","MIN three point field goal",2026-06-02 00:51:22.207168,"dk",0.1194,738,0.1429,600,-0.0235,-0.0137,-0.6851,-0.535234375
2026-06-01,"MIN @ PHX","two point field goal","PHX","PHX two point field goal",2026-06-02 00:51:22.207168,"dk",0.4106,144,0.4348,130,-0.0242,-0.0214,-1.0682,-0.83453125
2026-06-01,"MIN @ PHX","two point field goal","MIN","MIN two point field goal",2026-06-02 00:51:22.207168,"dk",0.3571,180,0.4255,135,-0.0684,-0.0596,-2.9781,-2.326640625
2026-06-01,"MIN @ PHX","three point field goal","PHX","PHX three point field goal",2026-06-02 01:21:23.428495,"dk",0.1129,786,0.1905,425,-0.0776,-0.0479,-2.3957,-1.871640625
2026-06-01,"MIN @ PHX","three point field goal","MIN","MIN three point field goal",2026-06-02 01:21:23.428495,"dk",0.1194,738,0.1429,600,-0.0235,-0.0137,-0.6851,-0.535234375
2026-06-01,"MIN @ PHX","two point field goal","PHX","PHX two point field goal",2026-06-02 01:21:23.428495,"dk",0.4106,144,0.4348,130,-0.0242,-0.0214,-1.0682,-0.83453125
2026-06-01,"MIN @ PHX","two point field goal","MIN","MIN two point field goal",2026-06-02 01:21:23.428495,"dk",0.3571,180,0.4255,135,-0.0684,-0.0596,-2.9781,-2.326640625
2026-06-01,"MIN @ PHX","three point field goal","PHX","PHX three point field goal",2026-06-02 01:51:23.582938,"dk",0.1129,786,0.1905,425,-0.0776,-0.0479,-2.3957,-1.871640625
2026-06-01,"MIN @ PHX","three point field goal","MIN","MIN three point field goal",2026-06-02 01:51:23.582938,"dk",0.1194,738,0.1429,600,-0.0235,-0.0137,-0.6851,-0.535234375
2026-06-01,"MIN @ PHX","two point field goal","PHX","PHX two point field goal",2026-06-02 01:51:23.582938,"dk",0.4106,144,0.4348,130,-0.0242,-0.0214,-1.0682,-0.83453125
2026-06-01,"MIN @ PHX","two point field goal","MIN","MIN two point field goal",2026-06-02 01:51:23.582938,"dk",0.3571,180,0.4255,135,-0.0684,-0.0596,-2.9781,-2.326640625
2026-06-01,"MIN @ PHX","three point field goal","PHX","PHX three point field goal",2026-06-02 02:21:22.983816,"dk",0.1129,786,0.1905,425,-0.0776,-0.0479,-2.3957,-1.871640625
2026-06-01,"MIN @ PHX","three point field goal","MIN","MIN three point field goal",2026-06-02 02:21:22.983816,"dk",0.1194,738,0.1429,600,-0.0235,-0.0137,-0.6851,-0.535234375
2026-06-01,"MIN @ PHX","two point field goal","PHX","PHX two point field goal",2026-06-02 02:21:22.983816,"dk",0.4106,144,0.4348,130,-0.0242,-0.0214,-1.0682,-0.83453125
2026-06-01,"MIN @ PHX","two point field goal","MIN","MIN two point field goal",2026-06-02 02:21:22.983816,"dk",0.3571,180,0.4255,135,-0.0684,-0.0596,-2.9781,-2.326640625
2026-06-01,"MIN @ PHX","three point field goal","PHX","PHX three point field goal",2026-06-02 02:51:22.951929,"dk",0.1129,786,0.1905,425,-0.0776,-0.0479,-2.3957,-1.871640625
2026-06-01,"MIN @ PHX","three point field goal","MIN","MIN three point field goal",2026-06-02 02:51:22.951929,"dk",0.1194,738,0.1429,600,-0.0235,-0.0137,-0.6851,-0.535234375
2026-06-01,"MIN @ PHX","two point field goal","PHX","PHX two point field goal",2026-06-02 02:51:22.951929,"dk",0.4106,144,0.4348,130,-0.0242,-0.0214,-1.0682,-0.83453125
2026-06-01,"MIN @ PHX","two point field goal","MIN","MIN two point field goal",2026-06-02 02:51:22.951929,"dk",0.3571,180,0.4255,135,-0.0684,-0.0596,-2.9781,-2.326640625
2026-06-02,"CON @ ATL","three point field goal","CON","CON three point field goal",2026-06-02 16:21:52.217006,"dk",0.1188,742,0.1429,600,-0.0241,-0.0141,-0.7025,-0.548828125
2026-06-02,"CON @ ATL","three point field goal","ATL","ATL three point field goal",2026-06-02 16:21:52.217006,"dk",0.1272,686,0.1538,550,-0.0267,-0.0158,-0.7885,-0.616015625
2026-06-02,"CHI @ WAS","three point field goal","WAS","WAS three point field goal",2026-06-02 16:21:52.217006,"dk",0.1157,764,0.1176,750,-0.0019,-0.0011,-0.0552,-0.043125
2026-06-02,"CHI @ WAS","three point field goal","CHI","CHI three point field goal",2026-06-02 16:21:52.217006,"dk",0.1073,832,0.1905,425,-0.0831,-0.0513,-2.5672,-2.005625
2026-06-02,"PDX @ GSV","three point field goal","PDX","PDX three point field goal",2026-06-02 16:21:52.217006,"dk",0.1402,613,0.1739,475,-0.0337,-0.0204,-1.0209,-0.797578125
2026-06-02,"PDX @ GSV","three point field goal","GSV","GSV three point field goal",2026-06-02 16:21:52.217006,"dk",0.1489,572,0.2,400,-0.0511,-0.0319,-1.5965,-1.247265625
2026-06-02,"CON @ ATL","two point field goal","CON","CON two point field goal",2026-06-02 16:21:52.217006,"dk",0.4106,144,0.5,100,-0.0894,-0.0894,-4.4707,-3.492734375
2026-06-02,"CON @ ATL","two point field goal","ATL","ATL two point field goal",2026-06-02 16:21:52.217006,"dk",0.3435,191,0.4,150,-0.0565,-0.0471,-2.3548,-1.8396875
2026-06-02,"CHI @ WAS","two point field goal","WAS","WAS two point field goal",2026-06-02 16:21:52.217006,"dk",0.365,174,0.4167,140,-0.0517,-0.0443,-2.2158,-1.73109375
2026-06-02,"CHI @ WAS","two point field goal","CHI","CHI two point field goal",2026-06-02 16:21:52.217006,"dk",0.412,143,0.4762,110,-0.0642,-0.0613,-3.0643,-2.393984375
2026-06-02,"PDX @ GSV","two point field goal","PDX","PDX two point field goal",2026-06-02 16:21:52.217006,"dk",0.3533,183,0.4082,145,-0.0548,-0.0463,-2.3159,-1.809296875
2026-06-02,"PDX @ GSV","two point field goal","GSV","GSV two point field goal",2026-06-02 16:21:52.217006,"dk",0.3576,180,0.4082,145,-0.0506,-0.0427,-2.1371,-1.669609375
2026-06-02,"CON @ ATL","three point field goal","CON","CON three point field goal",2026-06-02 16:51:56.813573,"dk",0.1188,742,0.1429,600,-0.0241,-0.0141,-0.7025,-0.548828125
2026-06-02,"CON @ ATL","three point field goal","ATL","ATL three point field goal",2026-06-02 16:51:56.813573,"dk",0.1272,686,0.1538,550,-0.0267,-0.0158,-0.7885,-0.616015625
2026-06-02,"CHI @ WAS","three point field goal","WAS","WAS three point field goal",2026-06-02 16:51:56.813573,"dk",0.1157,764,0.1176,750,-0.0019,-0.0011,-0.0552,-0.043125
2026-06-02,"CHI @ WAS","three point field goal","CHI","CHI three point field goal",2026-06-02 16:51:56.813573,"dk",0.1073,832,0.1905,425,-0.0831,-0.0513,-2.5672,-2.005625
2026-06-02,"PDX @ GSV","three point field goal","PDX","PDX three point field goal",2026-06-02 16:51:56.813573,"dk",0.1402,613,0.1739,475,-0.0337,-0.0204,-1.0209,-0.797578125
2026-06-02,"PDX @ GSV","three point field goal","GSV","GSV three point field goal",2026-06-02 16:51:56.813573,"dk",0.1489,572,0.2,400,-0.0511,-0.0319,-1.5965,-1.247265625
2026-06-02,"LVA @ LAS","three point field goal","LVA","LVA three point field goal",2026-06-02 16:51:56.813573,"dk",0.1152,768,0.1538,550,-0.0387,-0.0228,-1.1424,-0.8925
2026-06-02,"LVA @ LAS","three point field goal","LAS","LAS three point field goal",2026-06-02 16:51:56.813573,"dk",0.1265,690,0.1667,500,-0.0401,-0.0241,-1.2043,-0.940859375
2026-06-02,"CON @ ATL","two point field goal","CON","CON two point field goal",2026-06-02 16:51:56.813573,"dk",0.4106,144,0.5,100,-0.0894,-0.0894,-4.4707,-3.492734375
2026-06-02,"CON @ ATL","two point field goal","ATL","ATL two point field goal",2026-06-02 16:51:56.813573,"dk",0.3435,191,0.4,150,-0.0565,-0.0471,-2.3548,-1.8396875
2026-06-02,"CHI @ WAS","two point field goal","WAS","WAS two point field goal",2026-06-02 16:51:56.813573,"dk",0.365,174,0.4167,140,-0.0517,-0.0443,-2.2158,-1.73109375
2026-06-02,"CHI @ WAS","two point field goal","CHI","CHI two point field goal",2026-06-02 16:51:56.813573,"dk",0.412,143,0.4762,110,-0.0642,-0.0613,-3.0643,-2.393984375
2026-06-02,"PDX @ GSV","two point field goal","PDX","PDX two point field goal",2026-06-02 16:51:56.813573,"dk",0.3533,183,0.4082,145,-0.0548,-0.0463,-2.3159,-1.809296875
2026-06-02,"PDX @ GSV","two point field goal","GSV","GSV two point field goal",2026-06-02 16:51:56.813573,"dk",0.3576,180,0.4082,145,-0.0506,-0.0427,-2.1371,-1.669609375
2026-06-02,"LVA @ LAS","two point field goal","LVA","LVA two point field goal",2026-06-02 16:51:56.813573,"dk",0.3859,159,0.4762,110,-0.0903,-0.0862,-4.3076,-3.3653125
2026-06-02,"LVA @ LAS","two point field goal","LAS","LAS two point field goal",2026-06-02 16:51:56.813573,"dk",0.3724,169,0.4,150,-0.0276,-0.023,-1.1518,-0.89984375
2026-06-02,"CON @ ATL","three point field goal","CON","CON three point field goal",2026-06-02 17:22:18.581504,"dk",0.1188,742,0.1429,600,-0.0241,-0.0141,-0.7025,-0.548828125
2026-06-02,"CON @ ATL","three point field goal","ATL","ATL three point field goal",2026-06-02 17:22:18.581504,"dk",0.1272,686,0.1538,550,-0.0267,-0.0158,-0.7885,-0.616015625
2026-06-02,"CHI @ WAS","three point field goal","WAS","WAS three point field goal",2026-06-02 17:22:18.581504,"dk",0.1157,764,0.1176,750,-0.0019,-0.0011,-0.0552,-0.043125
2026-06-02,"CHI @ WAS","three point field goal","CHI","CHI three point field goal",2026-06-02 17:22:18.581504,"dk",0.1073,832,0.1905,425,-0.0831,-0.0513,-2.5672,-2.005625
2026-06-02,"PDX @ GSV","three point field goal","PDX","PDX three point field goal",2026-06-02 17:22:18.581504,"dk",0.1402,613,0.1739,475,-0.0337,-0.0204,-1.0209,-0.797578125
2026-06-02,"PDX @ GSV","three point field goal","GSV","GSV three point field goal",2026-06-02 17:22:18.581504,"dk",0.1489,572,0.2,400,-0.0511,-0.0319,-1.5965,-1.247265625
2026-06-02,"LVA @ LAS","three point field goal","LVA","LVA three point field goal",2026-06-02 17:22:18.581504,"dk",0.1152,768,0.1538,550,-0.0387,-0.0228,-1.1424,-0.8925
2026-06-02,"LVA @ LAS","three point field goal","LAS","LAS three point field goal",2026-06-02 17:22:18.581504,"dk",0.1265,690,0.1667,500,-0.0401,-0.0241,-1.2043,-0.940859375
2026-06-02,"CON @ ATL","two point field goal","CON","CON two point field goal",2026-06-02 17:22:18.581504,"dk",0.4106,144,0.5,100,-0.0894,-0.0894,-4.4707,-3.492734375
2026-06-02,"CON @ ATL","two point field goal","ATL","ATL two point field goal",2026-06-02 17:22:18.581504,"dk",0.3435,191,0.4,150,-0.0565,-0.0471,-2.3548,-1.8396875
2026-06-02,"CHI @ WAS","two point field goal","WAS","WAS two point field goal",2026-06-02 17:22:18.581504,"dk",0.365,174,0.4167,140,-0.0517,-0.0443,-2.2158,-1.73109375
2026-06-02,"CHI @ WAS","two point field goal","CHI","CHI two point field goal",2026-06-02 17:22:18.581504,"dk",0.412,143,0.4762,110,-0.0642,-0.0613,-3.0643,-2.393984375
2026-06-02,"PDX @ GSV","two point field goal","PDX","PDX two point field goal",2026-06-02 17:22:18.581504,"dk",0.3533,183,0.4082,145,-0.0548,-0.0463,-2.3159,-1.809296875
2026-06-02,"PDX @ GSV","two point field goal","GSV","GSV two point field goal",2026-06-02 17:22:18.581504,"dk",0.3576,180,0.4082,145,-0.0506,-0.0427,-2.1371,-1.669609375
2026-06-02,"LVA @ LAS","two point field goal","LVA","LVA two point field goal",2026-06-02 17:22:18.581504,"dk",0.3859,159,0.4762,110,-0.0903,-0.0862,-4.3076,-3.3653125
2026-06-02,"LVA @ LAS","two point field goal","LAS","LAS two point field goal",2026-06-02 17:22:18.581504,"dk",0.3724,169,0.4,150,-0.0276,-0.023,-1.1518,-0.89984375
2026-06-02,"CON @ ATL","three point field goal","CON","CON three point field goal",2026-06-02 17:51:49.797501,"dk",0.1188,742,0.1429,600,-0.0241,-0.0141,-0.7025,-0.548828125
2026-06-02,"CON @ ATL","three point field goal","ATL","ATL three point field goal",2026-06-02 17:51:49.797501,"dk",0.1272,686,0.1538,550,-0.0267,-0.0158,-0.7885,-0.616015625
2026-06-02,"CHI @ WAS","three point field goal","WAS","WAS three point field goal",2026-06-02 17:51:49.797501,"dk",0.1157,764,0.1176,750,-0.0019,-0.0011,-0.0552,-0.043125
2026-06-02,"CHI @ WAS","three point field goal","CHI","CHI three point field goal",2026-06-02 17:51:49.797501,"dk",0.1073,832,0.1905,425,-0.0831,-0.0513,-2.5672,-2.005625
2026-06-02,"PDX @ GSV","three point field goal","PDX","PDX three point field goal",2026-06-02 17:51:49.797501,"dk",0.1402,613,0.1739,475,-0.0337,-0.0204,-1.0209,-0.797578125
2026-06-02,"PDX @ GSV","three point field goal","GSV","GSV three point field goal",2026-06-02 17:51:49.797501,"dk",0.1489,572,0.2,400,-0.0511,-0.0319,-1.5965,-1.247265625
2026-06-02,"LVA @ LAS","three point field goal","LVA","LVA three point field goal",2026-06-02 17:51:49.797501,"dk",0.1152,768,0.1538,550,-0.0387,-0.0228,-1.1424,-0.8925
2026-06-02,"LVA @ LAS","three point field goal","LAS","LAS three point field goal",2026-06-02 17:51:49.797501,"dk",0.1265,690,0.1667,500,-0.0401,-0.0241,-1.2043,-0.940859375
2026-06-02,"CON @ ATL","two point field goal","CON","CON two point field goal",2026-06-02 17:51:49.797501,"dk",0.4106,144,0.5,100,-0.0894,-0.0894,-4.4707,-3.492734375
2026-06-02,"CON @ ATL","two point field goal","ATL","ATL two point field goal",2026-06-02 17:51:49.797501,"dk",0.3435,191,0.4,150,-0.0565,-0.0471,-2.3548,-1.8396875
2026-06-02,"CHI @ WAS","two point field goal","WAS","WAS two point field goal",2026-06-02 17:51:49.797501,"dk",0.365,174,0.4167,140,-0.0517,-0.0443,-2.2158,-1.73109375
2026-06-02,"CHI @ WAS","two point field goal","CHI","CHI two point field goal",2026-06-02 17:51:49.797501,"dk",0.412,143,0.4762,110,-0.0642,-0.0613,-3.0643,-2.393984375
2026-06-02,"PDX @ GSV","two point field goal","PDX","PDX two point field goal",2026-06-02 17:51:49.797501,"dk",0.3533,183,0.4082,145,-0.0548,-0.0463,-2.3159,-1.809296875
2026-06-02,"PDX @ GSV","two point field goal","GSV","GSV two point field goal",2026-06-02 17:51:49.797501,"dk",0.3576,180,0.4082,145,-0.0506,-0.0427,-2.1371,-1.669609375
2026-06-02,"LVA @ LAS","two point field goal","LVA","LVA two point field goal",2026-06-02 17:51:49.797501,"dk",0.3859,159,0.4762,110,-0.0903,-0.0862,-4.3076,-3.3653125
2026-06-02,"LVA @ LAS","two point field goal","LAS","LAS two point field goal",2026-06-02 17:51:49.797501,"dk",0.3724,169,0.4,150,-0.0276,-0.023,-1.1518,-0.89984375
2026-06-02,"CON @ ATL","three point field goal","CON","CON three point field goal",2026-06-02 18:22:07.914904,"dk",0.1188,742,0.1429,600,-0.0241,-0.0141,-0.7025,-0.548828125
2026-06-02,"CON @ ATL","three point field goal","ATL","ATL three point field goal",2026-06-02 18:22:07.914904,"dk",0.1272,686,0.1538,550,-0.0267,-0.0158,-0.7885,-0.616015625
2026-06-02,"CHI @ WAS","three point field goal","WAS","WAS three point field goal",2026-06-02 18:22:07.914904,"dk",0.1157,764,0.1176,750,-0.0019,-0.0011,-0.0552,-0.043125
2026-06-02,"CHI @ WAS","three point field goal","CHI","CHI three point field goal",2026-06-02 18:22:07.914904,"dk",0.1073,832,0.1905,425,-0.0831,-0.0513,-2.5672,-2.005625
2026-06-02,"PDX @ GSV","three point field goal","PDX","PDX three point field goal",2026-06-02 18:22:07.914904,"dk",0.1402,613,0.1739,475,-0.0337,-0.0204,-1.0209,-0.797578125
2026-06-02,"PDX @ GSV","three point field goal","GSV","GSV three point field goal",2026-06-02 18:22:07.914904,"dk",0.1489,572,0.2,400,-0.0511,-0.0319,-1.5965,-1.247265625
2026-06-02,"LVA @ LAS","three point field goal","LVA","LVA three point field goal",2026-06-02 18:22:07.914904,"dk",0.1152,768,0.1538,550,-0.0387,-0.0228,-1.1424,-0.8925
2026-06-02,"LVA @ LAS","three point field goal","LAS","LAS three point field goal",2026-06-02 18:22:07.914904,"dk",0.1265,690,0.1667,500,-0.0401,-0.0241,-1.2043,-0.940859375
2026-06-02,"CON @ ATL","two point field goal","CON","CON two point field goal",2026-06-02 18:22:07.914904,"dk",0.4106,144,0.5,100,-0.0894,-0.0894,-4.4707,-3.492734375
2026-06-02,"CON @ ATL","two point field goal","ATL","ATL two point field goal",2026-06-02 18:22:07.914904,"dk",0.3435,191,0.4,150,-0.0565,-0.0471,-2.3548,-1.8396875
2026-06-02,"CHI @ WAS","two point field goal","WAS","WAS two point field goal",2026-06-02 18:22:07.914904,"dk",0.365,174,0.4167,140,-0.0517,-0.0443,-2.2158,-1.73109375
2026-06-02,"CHI @ WAS","two point field goal","CHI","CHI two point field goal",2026-06-02 18:22:07.914904,"dk",0.412,143,0.4762,110,-0.0642,-0.0613,-3.0643,-2.393984375
2026-06-02,"PDX @ GSV","two point field goal","PDX","PDX two point field goal",2026-06-02 18:22:07.914904,"dk",0.3533,183,0.4082,145,-0.0548,-0.0463,-2.3159,-1.809296875
2026-06-02,"PDX @ GSV","two point field goal","GSV","GSV two point field goal",2026-06-02 18:22:07.914904,"dk",0.3576,180,0.4082,145,-0.0506,-0.0427,-2.1371,-1.669609375
2026-06-02,"LVA @ LAS","two point field goal","LVA","LVA two point field goal",2026-06-02 18:22:07.914904,"dk",0.3859,159,0.4762,110,-0.0903,-0.0862,-4.3076,-3.3653125
2026-06-02,"LVA @ LAS","two point field goal","LAS","LAS two point field goal",2026-06-02 18:22:07.914904,"dk",0.3724,169,0.4,150,-0.0276,-0.023,-1.1518,-0.89984375
2026-06-02,"CON @ ATL","three point field goal","CON","CON three point field goal",2026-06-02 18:52:36.892123,"dk",0.1188,742,0.1429,600,-0.0241,-0.0141,-0.7025,-0.548828125
2026-06-02,"CON @ ATL","three point field goal","ATL","ATL three point field goal",2026-06-02 18:52:36.892123,"dk",0.1272,686,0.1538,550,-0.0267,-0.0158,-0.7885,-0.616015625
2026-06-02,"CHI @ WAS","three point field goal","WAS","WAS three point field goal",2026-06-02 18:52:36.892123,"dk",0.1157,764,0.1176,750,-0.0019,-0.0011,-0.0552,-0.043125
2026-06-02,"CHI @ WAS","three point field goal","CHI","CHI three point field goal",2026-06-02 18:52:36.892123,"dk",0.1073,832,0.1905,425,-0.0831,-0.0513,-2.5672,-2.005625
2026-06-02,"PDX @ GSV","three point field goal","PDX","PDX three point field goal",2026-06-02 18:52:36.892123,"dk",0.1402,613,0.1739,475,-0.0337,-0.0204,-1.0209,-0.797578125
2026-06-02,"PDX @ GSV","three point field goal","GSV","GSV three point field goal",2026-06-02 18:52:36.892123,"dk",0.1489,572,0.2,400,-0.0511,-0.0319,-1.5965,-1.247265625
2026-06-02,"LVA @ LAS","three point field goal","LVA","LVA three point field goal",2026-06-02 18:52:36.892123,"dk",0.1152,768,0.1538,550,-0.0387,-0.0228,-1.1424,-0.8925
2026-06-02,"LVA @ LAS","three point field goal","LAS","LAS three point field goal",2026-06-02 18:52:36.892123,"dk",0.1265,690,0.1667,500,-0.0401,-0.0241,-1.2043,-0.940859375
2026-06-02,"CON @ ATL","two point field goal","CON","CON two point field goal",2026-06-02 18:52:36.892123,"dk",0.4106,144,0.5,100,-0.0894,-0.0894,-4.4707,-3.492734375
2026-06-02,"CON @ ATL","two point field goal","ATL","ATL two point field goal",2026-06-02 18:52:36.892123,"dk",0.3435,191,0.4,150,-0.0565,-0.0471,-2.3548,-1.8396875
2026-06-02,"CHI @ WAS","two point field goal","WAS","WAS two point field goal",2026-06-02 18:52:36.892123,"dk",0.365,174,0.4167,140,-0.0517,-0.0443,-2.2158,-1.73109375
2026-06-02,"CHI @ WAS","two point field goal","CHI","CHI two point field goal",2026-06-02 18:52:36.892123,"dk",0.412,143,0.4762,110,-0.0642,-0.0613,-3.0643,-2.393984375
2026-06-02,"PDX @ GSV","two point field goal","PDX","PDX two point field goal",2026-06-02 18:52:36.892123,"dk",0.3533,183,0.4082,145,-0.0548,-0.0463,-2.3159,-1.809296875
2026-06-02,"PDX @ GSV","two point field goal","GSV","GSV two point field goal",2026-06-02 18:52:36.892123,"dk",0.3576,180,0.4082,145,-0.0506,-0.0427,-2.1371,-1.669609375
2026-06-02,"LVA @ LAS","two point field goal","LVA","LVA two point field goal",2026-06-02 18:52:36.892123,"dk",0.3859,159,0.4762,110,-0.0903,-0.0862,-4.3076,-3.3653125
2026-06-02,"LVA @ LAS","two point field goal","LAS","LAS two point field goal",2026-06-02 18:52:36.892123,"dk",0.3724,169,0.4,150,-0.0276,-0.023,-1.1518,-0.89984375
2026-06-02,"CON @ ATL","three point field goal","CON","CON three point field goal",2026-06-02 19:22:08.12262,"dk",0.1188,742,0.1429,600,-0.0241,-0.0141,-0.7025,-0.548828125
2026-06-02,"CON @ ATL","three point field goal","ATL","ATL three point field goal",2026-06-02 19:22:08.12262,"dk",0.1272,686,0.1538,550,-0.0267,-0.0158,-0.7885,-0.616015625
2026-06-02,"CHI @ WAS","three point field goal","WAS","WAS three point field goal",2026-06-02 19:22:08.12262,"dk",0.1157,764,0.1176,750,-0.0019,-0.0011,-0.0552,-0.043125
2026-06-02,"CHI @ WAS","three point field goal","CHI","CHI three point field goal",2026-06-02 19:22:08.12262,"dk",0.1073,832,0.1905,425,-0.0831,-0.0513,-2.5672,-2.005625
2026-06-02,"PDX @ GSV","three point field goal","PDX","PDX three point field goal",2026-06-02 19:22:08.12262,"dk",0.1402,613,0.1739,475,-0.0337,-0.0204,-1.0209,-0.797578125
2026-06-02,"PDX @ GSV","three point field goal","GSV","GSV three point field goal",2026-06-02 19:22:08.12262,"dk",0.1489,572,0.2,400,-0.0511,-0.0319,-1.5965,-1.247265625
2026-06-02,"LVA @ LAS","three point field goal","LVA","LVA three point field goal",2026-06-02 19:22:08.12262,"dk",0.1152,768,0.1538,550,-0.0387,-0.0228,-1.1424,-0.8925
2026-06-02,"LVA @ LAS","three point field goal","LAS","LAS three point field goal",2026-06-02 19:22:08.12262,"dk",0.1265,690,0.1667,500,-0.0401,-0.0241,-1.2043,-0.940859375
2026-06-02,"CON @ ATL","two point field goal","CON","CON two point field goal",2026-06-02 19:22:08.12262,"dk",0.4106,144,0.5,100,-0.0894,-0.0894,-4.4707,-3.492734375
2026-06-02,"CON @ ATL","two point field goal","ATL","ATL two point field goal",2026-06-02 19:22:08.12262,"dk",0.3435,191,0.4,150,-0.0565,-0.0471,-2.3548,-1.8396875
2026-06-02,"CHI @ WAS","two point field goal","WAS","WAS two point field goal",2026-06-02 19:22:08.12262,"dk",0.365,174,0.4167,140,-0.0517,-0.0443,-2.2158,-1.73109375
2026-06-02,"CHI @ WAS","two point field goal","CHI","CHI two point field goal",2026-06-02 19:22:08.12262,"dk",0.412,143,0.4762,110,-0.0642,-0.0613,-3.0643,-2.393984375
2026-06-02,"PDX @ GSV","two point field goal","PDX","PDX two point field goal",2026-06-02 19:22:08.12262,"dk",0.3533,183,0.4082,145,-0.0548,-0.0463,-2.3159,-1.809296875
2026-06-02,"PDX @ GSV","two point field goal","GSV","GSV two point field goal",2026-06-02 19:22:08.12262,"dk",0.3576,180,0.4082,145,-0.0506,-0.0427,-2.1371,-1.669609375
2026-06-02,"LVA @ LAS","two point field goal","LVA","LVA two point field goal",2026-06-02 19:22:08.12262,"dk",0.3859,159,0.4762,110,-0.0903,-0.0862,-4.3076,-3.3653125
2026-06-02,"LVA @ LAS","two point field goal","LAS","LAS two point field goal",2026-06-02 19:22:08.12262,"dk",0.3724,169,0.4,150,-0.0276,-0.023,-1.1518,-0.89984375
2026-06-02,"CON @ ATL","three point field goal","CON","CON three point field goal",2026-06-02 19:52:34.1984,"dk",0.1188,742,0.1429,600,-0.0241,-0.0141,-0.7025,-0.548828125
2026-06-02,"CON @ ATL","three point field goal","ATL","ATL three point field goal",2026-06-02 19:52:34.1984,"dk",0.1272,686,0.1538,550,-0.0267,-0.0158,-0.7885,-0.616015625
2026-06-02,"CHI @ WAS","three point field goal","WAS","WAS three point field goal",2026-06-02 19:52:34.1984,"dk",0.1157,764,0.1176,750,-0.0019,-0.0011,-0.0552,-0.043125
2026-06-02,"CHI @ WAS","three point field goal","CHI","CHI three point field goal",2026-06-02 19:52:34.1984,"dk",0.1073,832,0.1905,425,-0.0831,-0.0513,-2.5672,-2.005625
2026-06-02,"PDX @ GSV","three point field goal","PDX","PDX three point field goal",2026-06-02 19:52:34.1984,"dk",0.1402,613,0.1739,475,-0.0337,-0.0204,-1.0209,-0.797578125
2026-06-02,"PDX @ GSV","three point field goal","GSV","GSV three point field goal",2026-06-02 19:52:34.1984,"dk",0.1489,572,0.2,400,-0.0511,-0.0319,-1.5965,-1.247265625
2026-06-02,"LVA @ LAS","three point field goal","LVA","LVA three point field goal",2026-06-02 19:52:34.1984,"dk",0.1152,768,0.1538,550,-0.0387,-0.0228,-1.1424,-0.8925
2026-06-02,"LVA @ LAS","three point field goal","LAS","LAS three point field goal",2026-06-02 19:52:34.1984,"dk",0.1265,690,0.1667,500,-0.0401,-0.0241,-1.2043,-0.940859375
2026-06-02,"CON @ ATL","two point field goal","CON","CON two point field goal",2026-06-02 19:52:34.1984,"dk",0.4106,144,0.5,100,-0.0894,-0.0894,-4.4707,-3.492734375
2026-06-02,"CON @ ATL","two point field goal","ATL","ATL two point field goal",2026-06-02 19:52:34.1984,"dk",0.3435,191,0.4,150,-0.0565,-0.0471,-2.3548,-1.8396875
2026-06-02,"CHI @ WAS","two point field goal","WAS","WAS two point field goal",2026-06-02 19:52:34.1984,"dk",0.365,174,0.4167,140,-0.0517,-0.0443,-2.2158,-1.73109375
2026-06-02,"CHI @ WAS","two point field goal","CHI","CHI two point field goal",2026-06-02 19:52:34.1984,"dk",0.412,143,0.4762,110,-0.0642,-0.0613,-3.0643,-2.393984375
2026-06-02,"PDX @ GSV","two point field goal","PDX","PDX two point field goal",2026-06-02 19:52:34.1984,"dk",0.3533,183,0.4082,145,-0.0548,-0.0463,-2.3159,-1.809296875
2026-06-02,"PDX @ GSV","two point field goal","GSV","GSV two point field goal",2026-06-02 19:52:34.1984,"dk",0.3576,180,0.4082,145,-0.0506,-0.0427,-2.1371,-1.669609375
2026-06-02,"LVA @ LAS","two point field goal","LVA","LVA two point field goal",2026-06-02 19:52:34.1984,"dk",0.3859,159,0.4762,110,-0.0903,-0.0862,-4.3076,-3.3653125
2026-06-02,"LVA @ LAS","two point field goal","LAS","LAS two point field goal",2026-06-02 19:52:34.1984,"dk",0.3724,169,0.4,150,-0.0276,-0.023,-1.1518,-0.89984375
2026-06-02,"CON @ ATL","three point field goal","CON","CON three point field goal",2026-06-02 20:22:43.667843,"dk",0.1188,742,0.1429,600,-0.0241,-0.0141,-0.7025,-0.548828125
2026-06-02,"CON @ ATL","three point field goal","ATL","ATL three point field goal",2026-06-02 20:22:43.667843,"dk",0.1272,686,0.1538,550,-0.0267,-0.0158,-0.7885,-0.616015625
2026-06-02,"CHI @ WAS","three point field goal","WAS","WAS three point field goal",2026-06-02 20:22:43.667843,"dk",0.1157,764,0.1176,750,-0.0019,-0.0011,-0.0552,-0.043125
2026-06-02,"CHI @ WAS","three point field goal","CHI","CHI three point field goal",2026-06-02 20:22:43.667843,"dk",0.1073,832,0.1905,425,-0.0831,-0.0513,-2.5672,-2.005625
2026-06-02,"PDX @ GSV","three point field goal","PDX","PDX three point field goal",2026-06-02 20:22:43.667843,"dk",0.1402,613,0.1739,475,-0.0337,-0.0204,-1.0209,-0.797578125
2026-06-02,"PDX @ GSV","three point field goal","GSV","GSV three point field goal",2026-06-02 20:22:43.667843,"dk",0.1489,572,0.2,400,-0.0511,-0.0319,-1.5965,-1.247265625
2026-06-02,"LVA @ LAS","three point field goal","LVA","LVA three point field goal",2026-06-02 20:22:43.667843,"dk",0.1152,768,0.1538,550,-0.0387,-0.0228,-1.1424,-0.8925
2026-06-02,"LVA @ LAS","three point field goal","LAS","LAS three point field goal",2026-06-02 20:22:43.667843,"dk",0.1265,690,0.1667,500,-0.0401,-0.0241,-1.2043,-0.940859375
2026-06-02,"CON @ ATL","two point field goal","CON","CON two point field goal",2026-06-02 20:22:43.667843,"dk",0.4106,144,0.5,100,-0.0894,-0.0894,-4.4707,-3.492734375
2026-06-02,"CON @ ATL","two point field goal","ATL","ATL two point field goal",2026-06-02 20:22:43.667843,"dk",0.3435,191,0.4,150,-0.0565,-0.0471,-2.3548,-1.8396875
2026-06-02,"CHI @ WAS","two point field goal","WAS","WAS two point field goal",2026-06-02 20:22:43.667843,"dk",0.365,174,0.4167,140,-0.0517,-0.0443,-2.2158,-1.73109375
2026-06-02,"CHI @ WAS","two point field goal","CHI","CHI two point field goal",2026-06-02 20:22:43.667843,"dk",0.412,143,0.4762,110,-0.0642,-0.0613,-3.0643,-2.393984375
2026-06-02,"PDX @ GSV","two point field goal","PDX","PDX two point field goal",2026-06-02 20:22:43.667843,"dk",0.3533,183,0.4082,145,-0.0548,-0.0463,-2.3159,-1.809296875
2026-06-02,"PDX @ GSV","two point field goal","GSV","GSV two point field goal",2026-06-02 20:22:43.667843,"dk",0.3576,180,0.4082,145,-0.0506,-0.0427,-2.1371,-1.669609375
2026-06-02,"LVA @ LAS","two point field goal","LVA","LVA two point field goal",2026-06-02 20:22:43.667843,"dk",0.3859,159,0.4762,110,-0.0903,-0.0862,-4.3076,-3.3653125
2026-06-02,"LVA @ LAS","two point field goal","LAS","LAS two point field goal",2026-06-02 20:22:43.667843,"dk",0.3724,169,0.4,150,-0.0276,-0.023,-1.1518,-0.89984375
2026-06-02,"CON @ ATL","three point field goal","CON","CON three point field goal",2026-06-02 20:51:48.554742,"dk",0.1188,742,0.1429,600,-0.0241,-0.0141,-0.7025,-0.548828125
2026-06-02,"CON @ ATL","three point field goal","ATL","ATL three point field goal",2026-06-02 20:51:48.554742,"dk",0.1272,686,0.1538,550,-0.0267,-0.0158,-0.7885,-0.616015625
2026-06-02,"CHI @ WAS","three point field goal","WAS","WAS three point field goal",2026-06-02 20:51:48.554742,"dk",0.1157,764,0.1176,750,-0.0019,-0.0011,-0.0552,-0.043125
2026-06-02,"CHI @ WAS","three point field goal","CHI","CHI three point field goal",2026-06-02 20:51:48.554742,"dk",0.1073,832,0.1905,425,-0.0831,-0.0513,-2.5672,-2.005625
2026-06-02,"PDX @ GSV","three point field goal","PDX","PDX three point field goal",2026-06-02 20:51:48.554742,"dk",0.1402,613,0.1739,475,-0.0337,-0.0204,-1.0209,-0.797578125
2026-06-02,"PDX @ GSV","three point field goal","GSV","GSV three point field goal",2026-06-02 20:51:48.554742,"dk",0.1489,572,0.2,400,-0.0511,-0.0319,-1.5965,-1.247265625
2026-06-02,"LVA @ LAS","three point field goal","LVA","LVA three point field goal",2026-06-02 20:51:48.554742,"dk",0.1152,768,0.1538,550,-0.0387,-0.0228,-1.1424,-0.8925
2026-06-02,"LVA @ LAS","three point field goal","LAS","LAS three point field goal",2026-06-02 20:51:48.554742,"dk",0.1265,690,0.1667,500,-0.0401,-0.0241,-1.2043,-0.940859375
2026-06-02,"CON @ ATL","two point field goal","CON","CON two point field goal",2026-06-02 20:51:48.554742,"dk",0.4106,144,0.5,100,-0.0894,-0.0894,-4.4707,-3.492734375
2026-06-02,"CON @ ATL","two point field goal","ATL","ATL two point field goal",2026-06-02 20:51:48.554742,"dk",0.3435,191,0.4,150,-0.0565,-0.0471,-2.3548,-1.8396875
2026-06-02,"CHI @ WAS","two point field goal","WAS","WAS two point field goal",2026-06-02 20:51:48.554742,"dk",0.365,174,0.4167,140,-0.0517,-0.0443,-2.2158,-1.73109375
2026-06-02,"CHI @ WAS","two point field goal","CHI","CHI two point field goal",2026-06-02 20:51:48.554742,"dk",0.412,143,0.4762,110,-0.0642,-0.0613,-3.0643,-2.393984375
2026-06-02,"PDX @ GSV","two point field goal","PDX","PDX two point field goal",2026-06-02 20:51:48.554742,"dk",0.3533,183,0.4082,145,-0.0548,-0.0463,-2.3159,-1.809296875
2026-06-02,"PDX @ GSV","two point field goal","GSV","GSV two point field goal",2026-06-02 20:51:48.554742,"dk",0.3576,180,0.4082,145,-0.0506,-0.0427,-2.1371,-1.669609375
2026-06-02,"LVA @ LAS","two point field goal","LVA","LVA two point field goal",2026-06-02 20:51:48.554742,"dk",0.3859,159,0.4762,110,-0.0903,-0.0862,-4.3076,-3.3653125
2026-06-02,"LVA @ LAS","two point field goal","LAS","LAS two point field goal",2026-06-02 20:51:48.554742,"dk",0.3724,169,0.4,150,-0.0276,-0.023,-1.1518,-0.89984375
2026-06-02,"CON @ ATL","three point field goal","CON","CON three point field goal",2026-06-02 21:22:01.725794,"dk",0.1188,742,0.1429,600,-0.0241,-0.0141,-0.7025,-0.548828125
2026-06-02,"CON @ ATL","three point field goal","ATL","ATL three point field goal",2026-06-02 21:22:01.725794,"dk",0.1272,686,0.1538,550,-0.0267,-0.0158,-0.7885,-0.616015625
2026-06-02,"CHI @ WAS","three point field goal","WAS","WAS three point field goal",2026-06-02 21:22:01.725794,"dk",0.1157,764,0.1176,750,-0.0019,-0.0011,-0.0552,-0.043125
2026-06-02,"CHI @ WAS","three point field goal","CHI","CHI three point field goal",2026-06-02 21:22:01.725794,"dk",0.1073,832,0.1905,425,-0.0831,-0.0513,-2.5672,-2.005625
2026-06-02,"PDX @ GSV","three point field goal","PDX","PDX three point field goal",2026-06-02 21:22:01.725794,"dk",0.1402,613,0.1739,475,-0.0337,-0.0204,-1.0209,-0.797578125
2026-06-02,"PDX @ GSV","three point field goal","GSV","GSV three point field goal",2026-06-02 21:22:01.725794,"dk",0.1489,572,0.2,400,-0.0511,-0.0319,-1.5965,-1.247265625
2026-06-02,"LVA @ LAS","three point field goal","LVA","LVA three point field goal",2026-06-02 21:22:01.725794,"dk",0.1152,768,0.1538,550,-0.0387,-0.0228,-1.1424,-0.8925
2026-06-02,"LVA @ LAS","three point field goal","LAS","LAS three point field goal",2026-06-02 21:22:01.725794,"dk",0.1265,690,0.1667,500,-0.0401,-0.0241,-1.2043,-0.940859375
2026-06-02,"CON @ ATL","two point field goal","CON","CON two point field goal",2026-06-02 21:22:01.725794,"dk",0.4106,144,0.5,100,-0.0894,-0.0894,-4.4707,-3.492734375
2026-06-02,"CON @ ATL","two point field goal","ATL","ATL two point field goal",2026-06-02 21:22:01.725794,"dk",0.3435,191,0.4,150,-0.0565,-0.0471,-2.3548,-1.8396875
2026-06-02,"CHI @ WAS","two point field goal","WAS","WAS two point field goal",2026-06-02 21:22:01.725794,"dk",0.365,174,0.4167,140,-0.0517,-0.0443,-2.2158,-1.73109375
2026-06-02,"CHI @ WAS","two point field goal","CHI","CHI two point field goal",2026-06-02 21:22:01.725794,"dk",0.412,143,0.4762,110,-0.0642,-0.0613,-3.0643,-2.393984375
2026-06-02,"PDX @ GSV","two point field goal","PDX","PDX two point field goal",2026-06-02 21:22:01.725794,"dk",0.3533,183,0.4082,145,-0.0548,-0.0463,-2.3159,-1.809296875
2026-06-02,"PDX @ GSV","two point field goal","GSV","GSV two point field goal",2026-06-02 21:22:01.725794,"dk",0.3576,180,0.4082,145,-0.0506,-0.0427,-2.1371,-1.669609375
2026-06-02,"LVA @ LAS","two point field goal","LVA","LVA two point field goal",2026-06-02 21:22:01.725794,"dk",0.3859,159,0.4762,110,-0.0903,-0.0862,-4.3076,-3.3653125
2026-06-02,"LVA @ LAS","two point field goal","LAS","LAS two point field goal",2026-06-02 21:22:01.725794,"dk",0.3724,169,0.4,150,-0.0276,-0.023,-1.1518,-0.89984375
2026-06-02,"CON @ ATL","three point field goal","CON","CON three point field goal",2026-06-02 21:52:04.110873,"dk",0.1188,742,0.1429,600,-0.0241,-0.0141,-0.7025,-0.548828125
2026-06-02,"CON @ ATL","three point field goal","ATL","ATL three point field goal",2026-06-02 21:52:04.110873,"dk",0.1272,686,0.1538,550,-0.0267,-0.0158,-0.7885,-0.616015625
2026-06-02,"CHI @ WAS","three point field goal","WAS","WAS three point field goal",2026-06-02 21:52:04.110873,"dk",0.1157,764,0.1176,750,-0.0019,-0.0011,-0.0552,-0.043125
2026-06-02,"CHI @ WAS","three point field goal","CHI","CHI three point field goal",2026-06-02 21:52:04.110873,"dk",0.1073,832,0.1905,425,-0.0831,-0.0513,-2.5672,-2.005625
2026-06-02,"PDX @ GSV","three point field goal","PDX","PDX three point field goal",2026-06-02 21:52:04.110873,"dk",0.1402,613,0.1739,475,-0.0337,-0.0204,-1.0209,-0.797578125
2026-06-02,"PDX @ GSV","three point field goal","GSV","GSV three point field goal",2026-06-02 21:52:04.110873,"dk",0.1489,572,0.2,400,-0.0511,-0.0319,-1.5965,-1.247265625
2026-06-02,"LVA @ LAS","three point field goal","LVA","LVA three point field goal",2026-06-02 21:52:04.110873,"dk",0.1152,768,0.1538,550,-0.0387,-0.0228,-1.1424,-0.8925
2026-06-02,"LVA @ LAS","three point field goal","LAS","LAS three point field goal",2026-06-02 21:52:04.110873,"dk",0.1265,690,0.1667,500,-0.0401,-0.0241,-1.2043,-0.940859375
2026-06-02,"CON @ ATL","two point field goal","CON","CON two point field goal",2026-06-02 21:52:04.110873,"dk",0.4106,144,0.5,100,-0.0894,-0.0894,-4.4707,-3.492734375
2026-06-02,"CON @ ATL","two point field goal","ATL","ATL two point field goal",2026-06-02 21:52:04.110873,"dk",0.3435,191,0.4,150,-0.0565,-0.0471,-2.3548,-1.8396875
2026-06-02,"CHI @ WAS","two point field goal","WAS","WAS two point field goal",2026-06-02 21:52:04.110873,"dk",0.365,174,0.4167,140,-0.0517,-0.0443,-2.2158,-1.73109375
2026-06-02,"CHI @ WAS","two point field goal","CHI","CHI two point field goal",2026-06-02 21:52:04.110873,"dk",0.412,143,0.4762,110,-0.0642,-0.0613,-3.0643,-2.393984375
2026-06-02,"PDX @ GSV","two point field goal","PDX","PDX two point field goal",2026-06-02 21:52:04.110873,"dk",0.3533,183,0.4082,145,-0.0548,-0.0463,-2.3159,-1.809296875
2026-06-02,"PDX @ GSV","two point field goal","GSV","GSV two point field goal",2026-06-02 21:52:04.110873,"dk",0.3576,180,0.4082,145,-0.0506,-0.0427,-2.1371,-1.669609375
2026-06-02,"LVA @ LAS","two point field goal","LVA","LVA two point field goal",2026-06-02 21:52:04.110873,"dk",0.3859,159,0.4762,110,-0.0903,-0.0862,-4.3076,-3.3653125
2026-06-02,"LVA @ LAS","two point field goal","LAS","LAS two point field goal",2026-06-02 21:52:04.110873,"dk",0.3724,169,0.4,150,-0.0276,-0.023,-1.1518,-0.89984375
2026-06-02,"CON @ ATL","three point field goal","CON","CON three point field goal",2026-06-02 22:22:37.180014,"dk",0.1188,742,0.1429,600,-0.0241,-0.0141,-0.7025,-0.548828125
2026-06-02,"CON @ ATL","three point field goal","ATL","ATL three point field goal",2026-06-02 22:22:37.180014,"dk",0.1272,686,0.1538,550,-0.0267,-0.0158,-0.7885,-0.616015625
2026-06-02,"CHI @ WAS","three point field goal","WAS","WAS three point field goal",2026-06-02 22:22:37.180014,"dk",0.1157,764,0.1176,750,-0.0019,-0.0011,-0.0552,-0.043125
2026-06-02,"CHI @ WAS","three point field goal","CHI","CHI three point field goal",2026-06-02 22:22:37.180014,"dk",0.1073,832,0.1905,425,-0.0831,-0.0513,-2.5672,-2.005625
2026-06-02,"PDX @ GSV","three point field goal","PDX","PDX three point field goal",2026-06-02 22:22:37.180014,"dk",0.1402,613,0.1739,475,-0.0337,-0.0204,-1.0209,-0.797578125
2026-06-02,"PDX @ GSV","three point field goal","GSV","GSV three point field goal",2026-06-02 22:22:37.180014,"dk",0.1489,572,0.2,400,-0.0511,-0.0319,-1.5965,-1.247265625
2026-06-02,"LVA @ LAS","three point field goal","LVA","LVA three point field goal",2026-06-02 22:22:37.180014,"dk",0.1152,768,0.1538,550,-0.0387,-0.0228,-1.1424,-0.8925
2026-06-02,"LVA @ LAS","three point field goal","LAS","LAS three point field goal",2026-06-02 22:22:37.180014,"dk",0.1265,690,0.1667,500,-0.0401,-0.0241,-1.2043,-0.940859375
2026-06-02,"CON @ ATL","two point field goal","CON","CON two point field goal",2026-06-02 22:22:37.180014,"dk",0.4106,144,0.5,100,-0.0894,-0.0894,-4.4707,-3.492734375
2026-06-02,"CON @ ATL","two point field goal","ATL","ATL two point field goal",2026-06-02 22:22:37.180014,"dk",0.3435,191,0.4,150,-0.0565,-0.0471,-2.3548,-1.8396875
2026-06-02,"CHI @ WAS","two point field goal","WAS","WAS two point field goal",2026-06-02 22:22:37.180014,"dk",0.365,174,0.4167,140,-0.0517,-0.0443,-2.2158,-1.73109375
2026-06-02,"CHI @ WAS","two point field goal","CHI","CHI two point field goal",2026-06-02 22:22:37.180014,"dk",0.412,143,0.4762,110,-0.0642,-0.0613,-3.0643,-2.393984375
2026-06-02,"PDX @ GSV","two point field goal","PDX","PDX two point field goal",2026-06-02 22:22:37.180014,"dk",0.3533,183,0.4082,145,-0.0548,-0.0463,-2.3159,-1.809296875
2026-06-02,"PDX @ GSV","two point field goal","GSV","GSV two point field goal",2026-06-02 22:22:37.180014,"dk",0.3576,180,0.4082,145,-0.0506,-0.0427,-2.1371,-1.669609375
2026-06-02,"LVA @ LAS","two point field goal","LVA","LVA two point field goal",2026-06-02 22:22:37.180014,"dk",0.3859,159,0.4762,110,-0.0903,-0.0862,-4.3076,-3.3653125
2026-06-02,"LVA @ LAS","two point field goal","LAS","LAS two point field goal",2026-06-02 22:22:37.180014,"dk",0.3724,169,0.4,150,-0.0276,-0.023,-1.1518,-0.89984375
2026-06-02,"CON @ ATL","three point field goal","CON","CON three point field goal",2026-06-02 22:52:14.741529,"dk",0.1188,742,0.1429,600,-0.0241,-0.0141,-0.7025,-0.548828125
2026-06-02,"CON @ ATL","three point field goal","ATL","ATL three point field goal",2026-06-02 22:52:14.741529,"dk",0.1272,686,0.1538,550,-0.0267,-0.0158,-0.7885,-0.616015625
2026-06-02,"CHI @ WAS","three point field goal","WAS","WAS three point field goal",2026-06-02 22:52:14.741529,"dk",0.1157,764,0.1176,750,-0.0019,-0.0011,-0.0552,-0.043125
2026-06-02,"CHI @ WAS","three point field goal","CHI","CHI three point field goal",2026-06-02 22:52:14.741529,"dk",0.1073,832,0.1905,425,-0.0831,-0.0513,-2.5672,-2.005625
2026-06-02,"PDX @ GSV","three point field goal","PDX","PDX three point field goal",2026-06-02 22:52:14.741529,"dk",0.1402,613,0.1739,475,-0.0337,-0.0204,-1.0209,-0.797578125
2026-06-02,"PDX @ GSV","three point field goal","GSV","GSV three point field goal",2026-06-02 22:52:14.741529,"dk",0.1489,572,0.2,400,-0.0511,-0.0319,-1.5965,-1.247265625
2026-06-02,"LVA @ LAS","three point field goal","LVA","LVA three point field goal",2026-06-02 22:52:14.741529,"dk",0.1152,768,0.1538,550,-0.0387,-0.0228,-1.1424,-0.8925
2026-06-02,"LVA @ LAS","three point field goal","LAS","LAS three point field goal",2026-06-02 22:52:14.741529,"dk",0.1265,690,0.1667,500,-0.0401,-0.0241,-1.2043,-0.940859375
2026-06-02,"CON @ ATL","two point field goal","CON","CON two point field goal",2026-06-02 22:52:14.741529,"dk",0.4106,144,0.5,100,-0.0894,-0.0894,-4.4707,-3.492734375
2026-06-02,"CON @ ATL","two point field goal","ATL","ATL two point field goal",2026-06-02 22:52:14.741529,"dk",0.3435,191,0.4,150,-0.0565,-0.0471,-2.3548,-1.8396875
2026-06-02,"CHI @ WAS","two point field goal","WAS","WAS two point field goal",2026-06-02 22:52:14.741529,"dk",0.365,174,0.4167,140,-0.0517,-0.0443,-2.2158,-1.73109375
2026-06-02,"CHI @ WAS","two point field goal","CHI","CHI two point field goal",2026-06-02 22:52:14.741529,"dk",0.412,143,0.4762,110,-0.0642,-0.0613,-3.0643,-2.393984375
2026-06-02,"PDX @ GSV","two point field goal","PDX","PDX two point field goal",2026-06-02 22:52:14.741529,"dk",0.3533,183,0.4082,145,-0.0548,-0.0463,-2.3159,-1.809296875
2026-06-02,"PDX @ GSV","two point field goal","GSV","GSV two point field goal",2026-06-02 22:52:14.741529,"dk",0.3576,180,0.4082,145,-0.0506,-0.0427,-2.1371,-1.669609375
2026-06-02,"LVA @ LAS","two point field goal","LVA","LVA two point field goal",2026-06-02 22:52:14.741529,"dk",0.3859,159,0.4762,110,-0.0903,-0.0862,-4.3076,-3.3653125
2026-06-02,"LVA @ LAS","two point field goal","LAS","LAS two point field goal",2026-06-02 22:52:14.741529,"dk",0.3724,169,0.4,150,-0.0276,-0.023,-1.1518,-0.89984375
2026-06-02,"CON @ ATL","three point field goal","CON","CON three point field goal",2026-06-02 23:22:35.710654,"dk",0.1188,742,0.1429,600,-0.0241,-0.0141,-0.7025,-0.548828125
2026-06-02,"CON @ ATL","three point field goal","ATL","ATL three point field goal",2026-06-02 23:22:35.710654,"dk",0.1272,686,0.1538,550,-0.0267,-0.0158,-0.7885,-0.616015625
2026-06-02,"CHI @ WAS","three point field goal","WAS","WAS three point field goal",2026-06-02 23:22:35.710654,"dk",0.1157,764,0.1176,750,-0.0019,-0.0011,-0.0552,-0.043125
2026-06-02,"CHI @ WAS","three point field goal","CHI","CHI three point field goal",2026-06-02 23:22:35.710654,"dk",0.1073,832,0.1905,425,-0.0831,-0.0513,-2.5672,-2.005625
2026-06-02,"PDX @ GSV","three point field goal","PDX","PDX three point field goal",2026-06-02 23:22:35.710654,"dk",0.1402,613,0.1739,475,-0.0337,-0.0204,-1.0209,-0.797578125
2026-06-02,"PDX @ GSV","three point field goal","GSV","GSV three point field goal",2026-06-02 23:22:35.710654,"dk",0.1489,572,0.2,400,-0.0511,-0.0319,-1.5965,-1.247265625
2026-06-02,"LVA @ LAS","three point field goal","LVA","LVA three point field goal",2026-06-02 23:22:35.710654,"dk",0.1152,768,0.1538,550,-0.0387,-0.0228,-1.1424,-0.8925
2026-06-02,"LVA @ LAS","three point field goal","LAS","LAS three point field goal",2026-06-02 23:22:35.710654,"dk",0.1265,690,0.1667,500,-0.0401,-0.0241,-1.2043,-0.940859375
2026-06-02,"CON @ ATL","two point field goal","CON","CON two point field goal",2026-06-02 23:22:35.710654,"dk",0.4106,144,0.5,100,-0.0894,-0.0894,-4.4707,-3.492734375
2026-06-02,"CON @ ATL","two point field goal","ATL","ATL two point field goal",2026-06-02 23:22:35.710654,"dk",0.3435,191,0.4,150,-0.0565,-0.0471,-2.3548,-1.8396875
2026-06-02,"CHI @ WAS","two point field goal","WAS","WAS two point field goal",2026-06-02 23:22:35.710654,"dk",0.365,174,0.4167,140,-0.0517,-0.0443,-2.2158,-1.73109375
2026-06-02,"CHI @ WAS","two point field goal","CHI","CHI two point field goal",2026-06-02 23:22:35.710654,"dk",0.412,143,0.4762,110,-0.0642,-0.0613,-3.0643,-2.393984375
2026-06-02,"PDX @ GSV","two point field goal","PDX","PDX two point field goal",2026-06-02 23:22:35.710654,"dk",0.3533,183,0.4082,145,-0.0548,-0.0463,-2.3159,-1.809296875
2026-06-02,"PDX @ GSV","two point field goal","GSV","GSV two point field goal",2026-06-02 23:22:35.710654,"dk",0.3576,180,0.4082,145,-0.0506,-0.0427,-2.1371,-1.669609375
2026-06-02,"LVA @ LAS","two point field goal","LVA","LVA two point field goal",2026-06-02 23:22:35.710654,"dk",0.3859,159,0.4762,110,-0.0903,-0.0862,-4.3076,-3.3653125
2026-06-02,"LVA @ LAS","two point field goal","LAS","LAS two point field goal",2026-06-02 23:22:35.710654,"dk",0.3724,169,0.4,150,-0.0276,-0.023,-1.1518,-0.89984375
2026-06-02,"PDX @ GSV","three point field goal","PDX","PDX three point field goal",2026-06-02 23:52:26.943135,"dk",0.1402,613,0.1739,475,-0.0337,-0.0204,-1.0209,-0.797578125
2026-06-02,"PDX @ GSV","three point field goal","GSV","GSV three point field goal",2026-06-02 23:52:26.943135,"dk",0.1489,572,0.2,400,-0.0511,-0.0319,-1.5965,-1.247265625
2026-06-02,"LVA @ LAS","three point field goal","LVA","LVA three point field goal",2026-06-02 23:52:26.943135,"dk",0.1152,768,0.1538,550,-0.0387,-0.0228,-1.1424,-0.8925
2026-06-02,"LVA @ LAS","three point field goal","LAS","LAS three point field goal",2026-06-02 23:52:26.943135,"dk",0.1265,690,0.1667,500,-0.0401,-0.0241,-1.2043,-0.940859375
2026-06-02,"PDX @ GSV","two point field goal","PDX","PDX two point field goal",2026-06-02 23:52:26.943135,"dk",0.3533,183,0.4082,145,-0.0548,-0.0463,-2.3159,-1.809296875
2026-06-02,"PDX @ GSV","two point field goal","GSV","GSV two point field goal",2026-06-02 23:52:26.943135,"dk",0.3576,180,0.4082,145,-0.0506,-0.0427,-2.1371,-1.669609375
2026-06-02,"LVA @ LAS","two point field goal","LVA","LVA two point field goal",2026-06-02 23:52:26.943135,"dk",0.3859,159,0.4762,110,-0.0903,-0.0862,-4.3076,-3.3653125
2026-06-02,"LVA @ LAS","two point field goal","LAS","LAS two point field goal",2026-06-02 23:52:26.943135,"dk",0.3724,169,0.4,150,-0.0276,-0.023,-1.1518,-0.89984375
2026-06-02,"PDX @ GSV","three point field goal","PDX","PDX three point field goal",2026-06-03 00:22:29.347354,"dk",0.1402,613,0.1739,475,-0.0337,-0.0204,-1.0209,-0.797578125
2026-06-02,"PDX @ GSV","three point field goal","GSV","GSV three point field goal",2026-06-03 00:22:29.347354,"dk",0.1489,572,0.2,400,-0.0511,-0.0319,-1.5965,-1.247265625
2026-06-02,"LVA @ LAS","three point field goal","LVA","LVA three point field goal",2026-06-03 00:22:29.347354,"dk",0.1152,768,0.1538,550,-0.0387,-0.0228,-1.1424,-0.8925
2026-06-02,"LVA @ LAS","three point field goal","LAS","LAS three point field goal",2026-06-03 00:22:29.347354,"dk",0.1265,690,0.1667,500,-0.0401,-0.0241,-1.2043,-0.940859375
2026-06-02,"PDX @ GSV","two point field goal","PDX","PDX two point field goal",2026-06-03 00:22:29.347354,"dk",0.3533,183,0.4082,145,-0.0548,-0.0463,-2.3159,-1.809296875
2026-06-02,"PDX @ GSV","two point field goal","GSV","GSV two point field goal",2026-06-03 00:22:29.347354,"dk",0.3576,180,0.4082,145,-0.0506,-0.0427,-2.1371,-1.669609375
2026-06-02,"LVA @ LAS","two point field goal","LVA","LVA two point field goal",2026-06-03 00:22:29.347354,"dk",0.3859,159,0.4762,110,-0.0903,-0.0862,-4.3076,-3.3653125
2026-06-02,"LVA @ LAS","two point field goal","LAS","LAS two point field goal",2026-06-03 00:22:29.347354,"dk",0.3724,169,0.4,150,-0.0276,-0.023,-1.1518,-0.89984375
2026-06-02,"PDX @ GSV","three point field goal","PDX","PDX three point field goal",2026-06-03 00:52:16.600431,"dk",0.1402,613,0.1739,475,-0.0337,-0.0204,-1.0209,-0.797578125
2026-06-02,"PDX @ GSV","three point field goal","GSV","GSV three point field goal",2026-06-03 00:52:16.600431,"dk",0.1489,572,0.2,400,-0.0511,-0.0319,-1.5965,-1.247265625
2026-06-02,"LVA @ LAS","three point field goal","LVA","LVA three point field goal",2026-06-03 00:52:16.600431,"dk",0.1152,768,0.1538,550,-0.0387,-0.0228,-1.1424,-0.8925
2026-06-02,"LVA @ LAS","three point field goal","LAS","LAS three point field goal",2026-06-03 00:52:16.600431,"dk",0.1265,690,0.1667,500,-0.0401,-0.0241,-1.2043,-0.940859375
2026-06-02,"PDX @ GSV","two point field goal","PDX","PDX two point field goal",2026-06-03 00:52:16.600431,"dk",0.3533,183,0.4082,145,-0.0548,-0.0463,-2.3159,-1.809296875
2026-06-02,"PDX @ GSV","two point field goal","GSV","GSV two point field goal",2026-06-03 00:52:16.600431,"dk",0.3576,180,0.4082,145,-0.0506,-0.0427,-2.1371,-1.669609375
2026-06-02,"LVA @ LAS","two point field goal","LVA","LVA two point field goal",2026-06-03 00:52:16.600431,"dk",0.3859,159,0.4762,110,-0.0903,-0.0862,-4.3076,-3.3653125
2026-06-02,"LVA @ LAS","two point field goal","LAS","LAS two point field goal",2026-06-03 00:52:16.600431,"dk",0.3724,169,0.4,150,-0.0276,-0.023,-1.1518,-0.89984375
2026-06-02,"PDX @ GSV","three point field goal","PDX","PDX three point field goal",2026-06-03 01:22:43.705234,"dk",0.1402,613,0.1739,475,-0.0337,-0.0204,-1.0209,-0.797578125
2026-06-02,"PDX @ GSV","three point field goal","GSV","GSV three point field goal",2026-06-03 01:22:43.705234,"dk",0.1489,572,0.2,400,-0.0511,-0.0319,-1.5965,-1.247265625
2026-06-02,"LVA @ LAS","three point field goal","LVA","LVA three point field goal",2026-06-03 01:22:43.705234,"dk",0.1152,768,0.1538,550,-0.0387,-0.0228,-1.1424,-0.8925
2026-06-02,"LVA @ LAS","three point field goal","LAS","LAS three point field goal",2026-06-03 01:22:43.705234,"dk",0.1265,690,0.1667,500,-0.0401,-0.0241,-1.2043,-0.940859375
2026-06-02,"PDX @ GSV","two point field goal","PDX","PDX two point field goal",2026-06-03 01:22:43.705234,"dk",0.3533,183,0.4082,145,-0.0548,-0.0463,-2.3159,-1.809296875
2026-06-02,"PDX @ GSV","two point field goal","GSV","GSV two point field goal",2026-06-03 01:22:43.705234,"dk",0.3576,180,0.4082,145,-0.0506,-0.0427,-2.1371,-1.669609375
2026-06-02,"LVA @ LAS","two point field goal","LVA","LVA two point field goal",2026-06-03 01:22:43.705234,"dk",0.3859,159,0.4762,110,-0.0903,-0.0862,-4.3076,-3.3653125
2026-06-02,"LVA @ LAS","two point field goal","LAS","LAS two point field goal",2026-06-03 01:22:43.705234,"dk",0.3724,169,0.4,150,-0.0276,-0.023,-1.1518,-0.89984375
2026-06-02,"PDX @ GSV","three point field goal","PDX","PDX three point field goal",2026-06-03 01:51:53.68547,"dk",0.1402,613,0.1739,475,-0.0337,-0.0204,-1.0209,-0.797578125
2026-06-02,"PDX @ GSV","three point field goal","GSV","GSV three point field goal",2026-06-03 01:51:53.68547,"dk",0.1489,572,0.2,400,-0.0511,-0.0319,-1.5965,-1.247265625
2026-06-02,"LVA @ LAS","three point field goal","LVA","LVA three point field goal",2026-06-03 01:51:53.68547,"dk",0.1152,768,0.1538,550,-0.0387,-0.0228,-1.1424,-0.8925
2026-06-02,"LVA @ LAS","three point field goal","LAS","LAS three point field goal",2026-06-03 01:51:53.68547,"dk",0.1265,690,0.1667,500,-0.0401,-0.0241,-1.2043,-0.940859375
2026-06-02,"PDX @ GSV","two point field goal","PDX","PDX two point field goal",2026-06-03 01:51:53.68547,"dk",0.3533,183,0.4082,145,-0.0548,-0.0463,-2.3159,-1.809296875
2026-06-02,"PDX @ GSV","two point field goal","GSV","GSV two point field goal",2026-06-03 01:51:53.68547,"dk",0.3576,180,0.4082,145,-0.0506,-0.0427,-2.1371,-1.669609375
2026-06-02,"LVA @ LAS","two point field goal","LVA","LVA two point field goal",2026-06-03 01:51:53.68547,"dk",0.3859,159,0.4762,110,-0.0903,-0.0862,-4.3076,-3.3653125
2026-06-02,"LVA @ LAS","two point field goal","LAS","LAS two point field goal",2026-06-03 01:51:53.68547,"dk",0.3724,169,0.4,150,-0.0276,-0.023,-1.1518,-0.89984375
2026-06-02,"PDX @ GSV","three point field goal","PDX","PDX three point field goal",2026-06-03 02:22:46.955738,"dk",0.1402,613,0.1739,475,-0.0337,-0.0204,-1.0209,-0.797578125
2026-06-02,"PDX @ GSV","three point field goal","GSV","GSV three point field goal",2026-06-03 02:22:46.955738,"dk",0.1489,572,0.2,400,-0.0511,-0.0319,-1.5965,-1.247265625
2026-06-02,"LVA @ LAS","three point field goal","LVA","LVA three point field goal",2026-06-03 02:22:46.955738,"dk",0.1152,768,0.1538,550,-0.0387,-0.0228,-1.1424,-0.8925
2026-06-02,"LVA @ LAS","three point field goal","LAS","LAS three point field goal",2026-06-03 02:22:46.955738,"dk",0.1265,690,0.1667,500,-0.0401,-0.0241,-1.2043,-0.940859375
2026-06-02,"PDX @ GSV","two point field goal","PDX","PDX two point field goal",2026-06-03 02:22:46.955738,"dk",0.3533,183,0.4082,145,-0.0548,-0.0463,-2.3159,-1.809296875
2026-06-02,"PDX @ GSV","two point field goal","GSV","GSV two point field goal",2026-06-03 02:22:46.955738,"dk",0.3576,180,0.4082,145,-0.0506,-0.0427,-2.1371,-1.669609375
2026-06-02,"LVA @ LAS","two point field goal","LVA","LVA two point field goal",2026-06-03 02:22:46.955738,"dk",0.3859,159,0.4762,110,-0.0903,-0.0862,-4.3076,-3.3653125
2026-06-02,"LVA @ LAS","two point field goal","LAS","LAS two point field goal",2026-06-03 02:22:46.955738,"dk",0.3724,169,0.4,150,-0.0276,-0.023,-1.1518,-0.89984375
2026-06-03,"TOR @ NYL","three point field goal","NYL","NYL three point field goal",2026-06-03 14:11:06.409151,"dk",0.1563,540,0.2174,360,-0.0611,-0.039,-1.9515,-1.524609375
2026-06-03,"TOR @ NYL","three point field goal","TOR","TOR three point field goal",2026-06-03 14:11:06.409151,"dk",0.1255,697,0.1818,450,-0.0563,-0.0344,-1.7214,-1.34484375
2026-06-03,"PHX @ SEA","three point field goal","PHX","PHX three point field goal",2026-06-03 14:11:06.409151,"dk",0.1166,758,0.2041,390,-0.0875,-0.055,-2.7483,-2.147109375
2026-06-03,"PHX @ SEA","three point field goal","SEA","SEA three point field goal",2026-06-03 14:11:06.409151,"dk",0.1241,706,0.1538,550,-0.0298,-0.0176,-0.8791,-0.686796875
2026-06-03,"TOR @ NYL","two point field goal","NYL","NYL two point field goal",2026-06-03 14:11:06.409151,"dk",0.3735,168,0.4348,130,-0.0613,-0.0542,-2.7093,-2.116640625
2026-06-03,"TOR @ NYL","two point field goal","TOR","TOR two point field goal",2026-06-03 14:11:06.409151,"dk",0.3447,190,0.3509,185,-0.0062,-0.0048,-0.2383,-0.186171875
2026-06-03,"PHX @ SEA","two point field goal","PHX","PHX two point field goal",2026-06-03 14:11:06.409151,"dk",0.4199,138,0.4651,115,-0.0453,-0.0423,-2.1157,-1.652890625
2026-06-03,"PHX @ SEA","two point field goal","SEA","SEA two point field goal",2026-06-03 14:11:06.409151,"dk",0.3395,195,0.3704,170,-0.0309,-0.0245,-1.2268,-0.9584375
2026-06-03,"TOR @ NYL","three point field goal","NYL","NYL three point field goal",2026-06-03 15:29:40.920246,"dk",0.1562,540,0.2174,360,-0.0611,-0.0391,-1.9531,-1.525859375
2026-06-03,"TOR @ NYL","three point field goal","TOR","TOR three point field goal",2026-06-03 15:29:40.920246,"dk",0.1255,697,0.1818,450,-0.0563,-0.0344,-1.72,-1.34375
2026-06-03,"PHX @ SEA","three point field goal","PHX","PHX three point field goal",2026-06-03 15:29:40.920246,"dk",0.1166,758,0.2041,390,-0.0875,-0.055,-2.7483,-2.147109375
2026-06-03,"PHX @ SEA","three point field goal","SEA","SEA three point field goal",2026-06-03 15:29:40.920246,"dk",0.1241,706,0.1538,550,-0.0298,-0.0176,-0.8791,-0.686796875
2026-06-03,"TOR @ NYL","two point field goal","NYL","NYL two point field goal",2026-06-03 15:29:40.920246,"dk",0.3734,168,0.4348,130,-0.0614,-0.0543,-2.7147,-2.120859375
2026-06-03,"TOR @ NYL","two point field goal","TOR","TOR two point field goal",2026-06-03 15:29:40.920246,"dk",0.3448,190,0.3509,185,-0.0061,-0.0047,-0.2334,-0.18234375
2026-06-03,"PHX @ SEA","two point field goal","PHX","PHX two point field goal",2026-06-03 15:29:40.920246,"dk",0.4199,138,0.4651,115,-0.0453,-0.0423,-2.1157,-1.652890625
2026-06-03,"PHX @ SEA","two point field goal","SEA","SEA two point field goal",2026-06-03 15:29:40.920246,"dk",0.3395,195,0.3704,170,-0.0309,-0.0245,-1.2268,-0.9584375
2026-06-03,"TOR @ NYL","three point field goal","NYL","NYL three point field goal",2026-06-03 15:50:54.454066,"dk",0.1562,540,0.2174,360,-0.0611,-0.0391,-1.9531,-1.525859375
2026-06-03,"TOR @ NYL","three point field goal","TOR","TOR three point field goal",2026-06-03 15:50:54.454066,"dk",0.1255,697,0.1818,450,-0.0563,-0.0344,-1.72,-1.34375
2026-06-03,"PHX @ SEA","three point field goal","PHX","PHX three point field goal",2026-06-03 15:50:54.454066,"dk",0.1166,758,0.2041,390,-0.0875,-0.055,-2.7483,-2.147109375
2026-06-03,"PHX @ SEA","three point field goal","SEA","SEA three point field goal",2026-06-03 15:50:54.454066,"dk",0.1241,706,0.1538,550,-0.0298,-0.0176,-0.8791,-0.686796875
2026-06-03,"TOR @ NYL","two point field goal","NYL","NYL two point field goal",2026-06-03 15:50:54.454066,"dk",0.3734,168,0.4348,130,-0.0614,-0.0543,-2.7147,-2.120859375
2026-06-03,"TOR @ NYL","two point field goal","TOR","TOR two point field goal",2026-06-03 15:50:54.454066,"dk",0.3448,190,0.3509,185,-0.0061,-0.0047,-0.2334,-0.18234375
2026-06-03,"PHX @ SEA","two point field goal","PHX","PHX two point field goal",2026-06-03 15:50:54.454066,"dk",0.4199,138,0.4651,115,-0.0453,-0.0423,-2.1157,-1.652890625
2026-06-03,"PHX @ SEA","two point field goal","SEA","SEA two point field goal",2026-06-03 15:50:54.454066,"dk",0.3395,195,0.3704,170,-0.0309,-0.0245,-1.2268,-0.9584375
2026-06-03,"TOR @ NYL","three point field goal","NYL","NYL three point field goal",2026-06-03 16:21:30.028293,"dk",0.1562,540,0.2174,360,-0.0611,-0.0391,-1.9531,-1.525859375
2026-06-03,"TOR @ NYL","three point field goal","TOR","TOR three point field goal",2026-06-03 16:21:30.028293,"dk",0.1255,697,0.1818,450,-0.0563,-0.0344,-1.72,-1.34375
2026-06-03,"PHX @ SEA","three point field goal","PHX","PHX three point field goal",2026-06-03 16:21:30.028293,"dk",0.1166,758,0.2041,390,-0.0875,-0.055,-2.7477,-2.146640625
2026-06-03,"PHX @ SEA","three point field goal","SEA","SEA three point field goal",2026-06-03 16:21:30.028293,"dk",0.1241,706,0.1538,550,-0.0298,-0.0176,-0.8798,-0.68734375
2026-06-03,"TOR @ NYL","two point field goal","NYL","NYL two point field goal",2026-06-03 16:21:30.028293,"dk",0.3734,168,0.4348,130,-0.0614,-0.0543,-2.7147,-2.120859375
2026-06-03,"TOR @ NYL","two point field goal","TOR","TOR two point field goal",2026-06-03 16:21:30.028293,"dk",0.3448,190,0.3509,185,-0.0061,-0.0047,-0.2334,-0.18234375
2026-06-03,"PHX @ SEA","two point field goal","PHX","PHX two point field goal",2026-06-03 16:21:30.028293,"dk",0.4199,138,0.4651,115,-0.0452,-0.0423,-2.1125,-1.650390625
2026-06-03,"PHX @ SEA","two point field goal","SEA","SEA two point field goal",2026-06-03 16:21:30.028293,"dk",0.3394,195,0.3704,170,-0.031,-0.0246,-1.2293,-0.960390625
2026-06-03,"TOR @ NYL","three point field goal","NYL","NYL three point field goal",2026-06-03 16:51:14.093621,"dk",0.1562,540,0.2174,360,-0.0611,-0.0391,-1.9531,-1.525859375
2026-06-03,"TOR @ NYL","three point field goal","TOR","TOR three point field goal",2026-06-03 16:51:14.093621,"dk",0.1255,697,0.1818,450,-0.0563,-0.0344,-1.72,-1.34375
2026-06-03,"PHX @ SEA","three point field goal","PHX","PHX three point field goal",2026-06-03 16:51:14.093621,"dk",0.1166,758,0.2041,390,-0.0875,-0.055,-2.7477,-2.146640625
2026-06-03,"PHX @ SEA","three point field goal","SEA","SEA three point field goal",2026-06-03 16:51:14.093621,"dk",0.1241,706,0.1538,550,-0.0298,-0.0176,-0.8798,-0.68734375
2026-06-03,"TOR @ NYL","two point field goal","NYL","NYL two point field goal",2026-06-03 16:51:14.093621,"dk",0.3734,168,0.4348,130,-0.0614,-0.0543,-2.7147,-2.120859375
2026-06-03,"TOR @ NYL","two point field goal","TOR","TOR two point field goal",2026-06-03 16:51:14.093621,"dk",0.3448,190,0.3509,185,-0.0061,-0.0047,-0.2334,-0.18234375
2026-06-03,"PHX @ SEA","two point field goal","PHX","PHX two point field goal",2026-06-03 16:51:14.093621,"dk",0.4199,138,0.4651,115,-0.0452,-0.0423,-2.1125,-1.650390625
2026-06-03,"PHX @ SEA","two point field goal","SEA","SEA two point field goal",2026-06-03 16:51:14.093621,"dk",0.3394,195,0.3704,170,-0.031,-0.0246,-1.2293,-0.960390625
2026-06-03,"TOR @ NYL","three point field goal","NYL","NYL three point field goal",2026-06-03 17:21:06.811694,"dk",0.1562,540,0.2174,360,-0.0611,-0.0391,-1.9531,-1.525859375
2026-06-03,"TOR @ NYL","three point field goal","TOR","TOR three point field goal",2026-06-03 17:21:06.811694,"dk",0.1255,697,0.1818,450,-0.0563,-0.0344,-1.72,-1.34375
2026-06-03,"PHX @ SEA","three point field goal","PHX","PHX three point field goal",2026-06-03 17:21:06.811694,"dk",0.1166,758,0.2041,390,-0.0875,-0.055,-2.7477,-2.146640625
2026-06-03,"PHX @ SEA","three point field goal","SEA","SEA three point field goal",2026-06-03 17:21:06.811694,"dk",0.1241,706,0.1538,550,-0.0298,-0.0176,-0.8798,-0.68734375
2026-06-03,"TOR @ NYL","two point field goal","NYL","NYL two point field goal",2026-06-03 17:21:06.811694,"dk",0.3734,168,0.4348,130,-0.0614,-0.0543,-2.7147,-2.120859375
2026-06-03,"TOR @ NYL","two point field goal","TOR","TOR two point field goal",2026-06-03 17:21:06.811694,"dk",0.3448,190,0.3509,185,-0.0061,-0.0047,-0.2334,-0.18234375
2026-06-03,"PHX @ SEA","two point field goal","PHX","PHX two point field goal",2026-06-03 17:21:06.811694,"dk",0.4199,138,0.4651,115,-0.0452,-0.0423,-2.1125,-1.650390625
2026-06-03,"PHX @ SEA","two point field goal","SEA","SEA two point field goal",2026-06-03 17:21:06.811694,"dk",0.3394,195,0.3704,170,-0.031,-0.0246,-1.2293,-0.960390625
2026-06-03,"TOR @ NYL","three point field goal","NYL","NYL three point field goal",2026-06-03 17:50:58.642249,"dk",0.1562,540,0.2174,360,-0.0611,-0.0391,-1.9531,-1.525859375
2026-06-03,"TOR @ NYL","three point field goal","TOR","TOR three point field goal",2026-06-03 17:50:58.642249,"dk",0.1255,697,0.1818,450,-0.0563,-0.0344,-1.72,-1.34375
2026-06-03,"PHX @ SEA","three point field goal","PHX","PHX three point field goal",2026-06-03 17:50:58.642249,"dk",0.1166,758,0.2041,390,-0.0875,-0.055,-2.7477,-2.146640625
2026-06-03,"PHX @ SEA","three point field goal","SEA","SEA three point field goal",2026-06-03 17:50:58.642249,"dk",0.1241,706,0.1538,550,-0.0298,-0.0176,-0.8798,-0.68734375
2026-06-03,"TOR @ NYL","two point field goal","NYL","NYL two point field goal",2026-06-03 17:50:58.642249,"dk",0.3734,168,0.4348,130,-0.0614,-0.0543,-2.7147,-2.120859375
2026-06-03,"TOR @ NYL","two point field goal","TOR","TOR two point field goal",2026-06-03 17:50:58.642249,"dk",0.3448,190,0.3509,185,-0.0061,-0.0047,-0.2334,-0.18234375
2026-06-03,"PHX @ SEA","two point field goal","PHX","PHX two point field goal",2026-06-03 17:50:58.642249,"dk",0.4199,138,0.4651,115,-0.0452,-0.0423,-2.1125,-1.650390625
2026-06-03,"PHX @ SEA","two point field goal","SEA","SEA two point field goal",2026-06-03 17:50:58.642249,"dk",0.3394,195,0.3704,170,-0.031,-0.0246,-1.2293,-0.960390625
2026-06-03,"TOR @ NYL","three point field goal","NYL","NYL three point field goal",2026-06-03 18:20:51.687991,"dk",0.1562,540,0.2174,360,-0.0611,-0.0391,-1.9531,-1.525859375
2026-06-03,"TOR @ NYL","three point field goal","TOR","TOR three point field goal",2026-06-03 18:20:51.687991,"dk",0.1255,697,0.1818,450,-0.0563,-0.0344,-1.72,-1.34375
2026-06-03,"PHX @ SEA","three point field goal","PHX","PHX three point field goal",2026-06-03 18:20:51.687991,"dk",0.1166,758,0.2041,390,-0.0875,-0.055,-2.7483,-2.147109375
2026-06-03,"PHX @ SEA","three point field goal","SEA","SEA three point field goal",2026-06-03 18:20:51.687991,"dk",0.1241,706,0.1538,550,-0.0298,-0.0176,-0.8791,-0.686796875
2026-06-03,"TOR @ NYL","two point field goal","NYL","NYL two point field goal",2026-06-03 18:20:51.687991,"dk",0.3734,168,0.4348,130,-0.0614,-0.0543,-2.7147,-2.120859375
2026-06-03,"TOR @ NYL","two point field goal","TOR","TOR two point field goal",2026-06-03 18:20:51.687991,"dk",0.3448,190,0.3509,185,-0.0061,-0.0047,-0.2334,-0.18234375
2026-06-03,"PHX @ SEA","two point field goal","PHX","PHX two point field goal",2026-06-03 18:20:51.687991,"dk",0.4199,138,0.4651,115,-0.0453,-0.0423,-2.1157,-1.652890625
2026-06-03,"PHX @ SEA","two point field goal","SEA","SEA two point field goal",2026-06-03 18:20:51.687991,"dk",0.3395,195,0.3704,170,-0.0309,-0.0245,-1.2268,-0.9584375
2026-06-03,"TOR @ NYL","three point field goal","NYL","NYL three point field goal",2026-06-03 19:51:18.58179,"dk",0.1562,540,0.2174,360,-0.0611,-0.0391,-1.9531,-1.525859375
2026-06-03,"TOR @ NYL","three point field goal","TOR","TOR three point field goal",2026-06-03 19:51:18.58179,"dk",0.1255,697,0.1818,450,-0.0563,-0.0344,-1.72,-1.34375
2026-06-03,"PHX @ SEA","three point field goal","PHX","PHX three point field goal",2026-06-03 19:51:18.58179,"dk",0.1166,758,0.2041,390,-0.0875,-0.055,-2.7483,-2.147109375
2026-06-03,"PHX @ SEA","three point field goal","SEA","SEA three point field goal",2026-06-03 19:51:18.58179,"dk",0.1241,706,0.1538,550,-0.0298,-0.0176,-0.8791,-0.686796875
2026-06-03,"TOR @ NYL","two point field goal","NYL","NYL two point field goal",2026-06-03 19:51:18.58179,"dk",0.3734,168,0.4348,130,-0.0614,-0.0543,-2.7147,-2.120859375
2026-06-03,"TOR @ NYL","two point field goal","TOR","TOR two point field goal",2026-06-03 19:51:18.58179,"dk",0.3448,190,0.3509,185,-0.0061,-0.0047,-0.2334,-0.18234375
2026-06-03,"PHX @ SEA","two point field goal","PHX","PHX two point field goal",2026-06-03 19:51:18.58179,"dk",0.4199,138,0.4651,115,-0.0453,-0.0423,-2.1157,-1.652890625
2026-06-03,"PHX @ SEA","two point field goal","SEA","SEA two point field goal",2026-06-03 19:51:18.58179,"dk",0.3395,195,0.3704,170,-0.0309,-0.0245,-1.2268,-0.9584375
2026-06-03,"TOR @ NYL","three point field goal","NYL","NYL three point field goal",2026-06-03 20:20:59.781687,"dk",0.1562,540,0.2174,360,-0.0611,-0.0391,-1.9531,-1.525859375
2026-06-03,"TOR @ NYL","three point field goal","TOR","TOR three point field goal",2026-06-03 20:20:59.781687,"dk",0.1255,697,0.1818,450,-0.0563,-0.0344,-1.72,-1.34375
2026-06-03,"PHX @ SEA","three point field goal","PHX","PHX three point field goal",2026-06-03 20:20:59.781687,"dk",0.1166,758,0.2041,390,-0.0875,-0.055,-2.7483,-2.147109375
2026-06-03,"PHX @ SEA","three point field goal","SEA","SEA three point field goal",2026-06-03 20:20:59.781687,"dk",0.1241,706,0.1538,550,-0.0298,-0.0176,-0.8791,-0.686796875
2026-06-03,"TOR @ NYL","two point field goal","NYL","NYL two point field goal",2026-06-03 20:20:59.781687,"dk",0.3734,168,0.4348,130,-0.0614,-0.0543,-2.7147,-2.120859375
2026-06-03,"TOR @ NYL","two point field goal","TOR","TOR two point field goal",2026-06-03 20:20:59.781687,"dk",0.3448,190,0.3509,185,-0.0061,-0.0047,-0.2334,-0.18234375
2026-06-03,"PHX @ SEA","two point field goal","PHX","PHX two point field goal",2026-06-03 20:20:59.781687,"dk",0.4199,138,0.4651,115,-0.0453,-0.0423,-2.1157,-1.652890625
2026-06-03,"PHX @ SEA","two point field goal","SEA","SEA two point field goal",2026-06-03 20:20:59.781687,"dk",0.3395,195,0.3704,170,-0.0309,-0.0245,-1.2268,-0.9584375
2026-06-03,"TOR @ NYL","three point field goal","NYL","NYL three point field goal",2026-06-03 20:51:06.782742,"dk",0.1562,540,0.2174,360,-0.0611,-0.0391,-1.9531,-1.525859375
2026-06-03,"TOR @ NYL","three point field goal","TOR","TOR three point field goal",2026-06-03 20:51:06.782742,"dk",0.1255,697,0.1818,450,-0.0563,-0.0344,-1.72,-1.34375
2026-06-03,"PHX @ SEA","three point field goal","PHX","PHX three point field goal",2026-06-03 20:51:06.782742,"dk",0.1166,758,0.2041,390,-0.0875,-0.055,-2.7483,-2.147109375
2026-06-03,"PHX @ SEA","three point field goal","SEA","SEA three point field goal",2026-06-03 20:51:06.782742,"dk",0.1241,706,0.1538,550,-0.0298,-0.0176,-0.8791,-0.686796875
2026-06-03,"TOR @ NYL","two point field goal","NYL","NYL two point field goal",2026-06-03 20:51:06.782742,"dk",0.3734,168,0.4348,130,-0.0614,-0.0543,-2.7147,-2.120859375
2026-06-03,"TOR @ NYL","two point field goal","TOR","TOR two point field goal",2026-06-03 20:51:06.782742,"dk",0.3448,190,0.3509,185,-0.0061,-0.0047,-0.2334,-0.18234375
2026-06-03,"PHX @ SEA","two point field goal","PHX","PHX two point field goal",2026-06-03 20:51:06.782742,"dk",0.4199,138,0.4651,115,-0.0453,-0.0423,-2.1157,-1.652890625
2026-06-03,"PHX @ SEA","two point field goal","SEA","SEA two point field goal",2026-06-03 20:51:06.782742,"dk",0.3395,195,0.3704,170,-0.0309,-0.0245,-1.2268,-0.9584375
2026-06-03,"TOR @ NYL","three point field goal","NYL","NYL three point field goal",2026-06-03 21:51:29.781262,"dk",0.1562,540,0.2174,360,-0.0611,-0.0391,-1.9531,-1.525859375
2026-06-03,"TOR @ NYL","three point field goal","TOR","TOR three point field goal",2026-06-03 21:51:29.781262,"dk",0.1255,697,0.1818,450,-0.0563,-0.0344,-1.72,-1.34375
2026-06-03,"PHX @ SEA","three point field goal","PHX","PHX three point field goal",2026-06-03 21:51:29.781262,"dk",0.1166,758,0.2041,390,-0.0875,-0.055,-2.7477,-2.146640625
2026-06-03,"PHX @ SEA","three point field goal","SEA","SEA three point field goal",2026-06-03 21:51:29.781262,"dk",0.1241,706,0.1538,550,-0.0298,-0.0176,-0.8798,-0.68734375
2026-06-03,"TOR @ NYL","two point field goal","NYL","NYL two point field goal",2026-06-03 21:51:29.781262,"dk",0.3734,168,0.4348,130,-0.0614,-0.0543,-2.7147,-2.120859375
2026-06-03,"TOR @ NYL","two point field goal","TOR","TOR two point field goal",2026-06-03 21:51:29.781262,"dk",0.3448,190,0.3509,185,-0.0061,-0.0047,-0.2334,-0.18234375
2026-06-03,"PHX @ SEA","two point field goal","PHX","PHX two point field goal",2026-06-03 21:51:29.781262,"dk",0.4199,138,0.4651,115,-0.0452,-0.0423,-2.1125,-1.650390625
2026-06-03,"PHX @ SEA","two point field goal","SEA","SEA two point field goal",2026-06-03 21:51:29.781262,"dk",0.3394,195,0.3704,170,-0.031,-0.0246,-1.2293,-0.960390625
2026-06-03,"TOR @ NYL","three point field goal","NYL","NYL three point field goal",2026-06-03 22:21:32.889837,"dk",0.1562,540,0.2174,360,-0.0611,-0.0391,-1.9531,-1.525859375
2026-06-03,"TOR @ NYL","three point field goal","TOR","TOR three point field goal",2026-06-03 22:21:32.889837,"dk",0.1255,697,0.1818,450,-0.0563,-0.0344,-1.72,-1.34375
2026-06-03,"PHX @ SEA","three point field goal","PHX","PHX three point field goal",2026-06-03 22:21:32.889837,"dk",0.1166,758,0.2041,390,-0.0875,-0.055,-2.7477,-2.146640625
2026-06-03,"PHX @ SEA","three point field goal","SEA","SEA three point field goal",2026-06-03 22:21:32.889837,"dk",0.1241,706,0.1538,550,-0.0298,-0.0176,-0.8798,-0.68734375
2026-06-03,"TOR @ NYL","two point field goal","NYL","NYL two point field goal",2026-06-03 22:21:32.889837,"dk",0.3734,168,0.4348,130,-0.0614,-0.0543,-2.7147,-2.120859375
2026-06-03,"TOR @ NYL","two point field goal","TOR","TOR two point field goal",2026-06-03 22:21:32.889837,"dk",0.3448,190,0.3509,185,-0.0061,-0.0047,-0.2334,-0.18234375
2026-06-03,"PHX @ SEA","two point field goal","PHX","PHX two point field goal",2026-06-03 22:21:32.889837,"dk",0.4199,138,0.4651,115,-0.0452,-0.0423,-2.1125,-1.650390625
2026-06-03,"PHX @ SEA","two point field goal","SEA","SEA two point field goal",2026-06-03 22:21:32.889837,"dk",0.3394,195,0.3704,170,-0.031,-0.0246,-1.2293,-0.960390625
2026-06-03,"TOR @ NYL","three point field goal","NYL","NYL three point field goal",2026-06-03 22:51:29.930098,"dk",0.1562,540,0.2174,360,-0.0611,-0.0391,-1.9531,-1.525859375
2026-06-03,"TOR @ NYL","three point field goal","TOR","TOR three point field goal",2026-06-03 22:51:29.930098,"dk",0.1255,697,0.1818,450,-0.0563,-0.0344,-1.72,-1.34375
2026-06-03,"PHX @ SEA","three point field goal","PHX","PHX three point field goal",2026-06-03 22:51:29.930098,"dk",0.1166,758,0.2041,390,-0.0875,-0.055,-2.7477,-2.146640625
2026-06-03,"PHX @ SEA","three point field goal","SEA","SEA three point field goal",2026-06-03 22:51:29.930098,"dk",0.1241,706,0.1538,550,-0.0298,-0.0176,-0.8798,-0.68734375
2026-06-03,"TOR @ NYL","two point field goal","NYL","NYL two point field goal",2026-06-03 22:51:29.930098,"dk",0.3734,168,0.4348,130,-0.0614,-0.0543,-2.7147,-2.120859375
2026-06-03,"TOR @ NYL","two point field goal","TOR","TOR two point field goal",2026-06-03 22:51:29.930098,"dk",0.3448,190,0.3509,185,-0.0061,-0.0047,-0.2334,-0.18234375
2026-06-03,"PHX @ SEA","two point field goal","PHX","PHX two point field goal",2026-06-03 22:51:29.930098,"dk",0.4199,138,0.4651,115,-0.0452,-0.0423,-2.1125,-1.650390625
2026-06-03,"PHX @ SEA","two point field goal","SEA","SEA two point field goal",2026-06-03 22:51:29.930098,"dk",0.3394,195,0.3704,170,-0.031,-0.0246,-1.2293,-0.960390625
2026-06-03,"TOR @ NYL","three point field goal","NYL","NYL three point field goal",2026-06-03 23:21:19.247615,"dk",0.1562,540,0.2174,360,-0.0611,-0.0391,-1.9531,-1.525859375
2026-06-03,"TOR @ NYL","three point field goal","TOR","TOR three point field goal",2026-06-03 23:21:19.247615,"dk",0.1255,697,0.1818,450,-0.0563,-0.0344,-1.72,-1.34375
2026-06-03,"PHX @ SEA","three point field goal","PHX","PHX three point field goal",2026-06-03 23:21:19.247615,"dk",0.1166,758,0.2041,390,-0.0875,-0.055,-2.7477,-2.146640625
2026-06-03,"PHX @ SEA","three point field goal","SEA","SEA three point field goal",2026-06-03 23:21:19.247615,"dk",0.1241,706,0.1538,550,-0.0298,-0.0176,-0.8798,-0.68734375
2026-06-03,"TOR @ NYL","two point field goal","NYL","NYL two point field goal",2026-06-03 23:21:19.247615,"dk",0.3734,168,0.4348,130,-0.0614,-0.0543,-2.7147,-2.120859375
2026-06-03,"TOR @ NYL","two point field goal","TOR","TOR two point field goal",2026-06-03 23:21:19.247615,"dk",0.3448,190,0.3509,185,-0.0061,-0.0047,-0.2334,-0.18234375
2026-06-03,"PHX @ SEA","two point field goal","PHX","PHX two point field goal",2026-06-03 23:21:19.247615,"dk",0.4199,138,0.4651,115,-0.0452,-0.0423,-2.1125,-1.650390625
2026-06-03,"PHX @ SEA","two point field goal","SEA","SEA two point field goal",2026-06-03 23:21:19.247615,"dk",0.3394,195,0.3704,170,-0.031,-0.0246,-1.2293,-0.960390625
2026-06-03,"TOR @ NYL","three point field goal","NYL","NYL three point field goal",2026-06-03 23:51:15.615938,"dk",0.1562,540,0.2174,360,-0.0611,-0.0391,-1.9531,-1.525859375
2026-06-03,"TOR @ NYL","three point field goal","TOR","TOR three point field goal",2026-06-03 23:51:15.615938,"dk",0.1255,697,0.1818,450,-0.0563,-0.0344,-1.72,-1.34375
2026-06-03,"PHX @ SEA","three point field goal","PHX","PHX three point field goal",2026-06-03 23:51:15.615938,"dk",0.1166,758,0.2041,390,-0.0875,-0.055,-2.7477,-2.146640625
2026-06-03,"PHX @ SEA","three point field goal","SEA","SEA three point field goal",2026-06-03 23:51:15.615938,"dk",0.1241,706,0.1538,550,-0.0298,-0.0176,-0.8798,-0.68734375
2026-06-03,"TOR @ NYL","two point field goal","NYL","NYL two point field goal",2026-06-03 23:51:15.615938,"dk",0.3734,168,0.4348,130,-0.0614,-0.0543,-2.7147,-2.120859375
2026-06-03,"TOR @ NYL","two point field goal","TOR","TOR two point field goal",2026-06-03 23:51:15.615938,"dk",0.3448,190,0.3509,185,-0.0061,-0.0047,-0.2334,-0.18234375
2026-06-03,"PHX @ SEA","two point field goal","PHX","PHX two point field goal",2026-06-03 23:51:15.615938,"dk",0.4199,138,0.4651,115,-0.0452,-0.0423,-2.1125,-1.650390625
2026-06-03,"PHX @ SEA","two point field goal","SEA","SEA two point field goal",2026-06-03 23:51:15.615938,"dk",0.3394,195,0.3704,170,-0.031,-0.0246,-1.2293,-0.960390625
2026-06-03,"PHX @ SEA","three point field goal","PHX","PHX three point field goal",2026-06-04 00:20:50.133869,"dk",0.1166,758,0.2041,390,-0.0875,-0.055,-2.7477,-2.146640625
2026-06-03,"PHX @ SEA","three point field goal","SEA","SEA three point field goal",2026-06-04 00:20:50.133869,"dk",0.1241,706,0.1538,550,-0.0298,-0.0176,-0.8798,-0.68734375
2026-06-03,"PHX @ SEA","two point field goal","PHX","PHX two point field goal",2026-06-04 00:20:50.133869,"dk",0.4199,138,0.4651,115,-0.0452,-0.0423,-2.1125,-1.650390625
2026-06-03,"PHX @ SEA","two point field goal","SEA","SEA two point field goal",2026-06-04 00:20:50.133869,"dk",0.3394,195,0.3704,170,-0.031,-0.0246,-1.2293,-0.960390625
2026-06-03,"PHX @ SEA","three point field goal","PHX","PHX three point field goal",2026-06-04 00:51:09.068304,"dk",0.1166,758,0.2041,390,-0.0875,-0.055,-2.7477,-2.146640625
2026-06-03,"PHX @ SEA","three point field goal","SEA","SEA three point field goal",2026-06-04 00:51:09.068304,"dk",0.1241,706,0.1538,550,-0.0298,-0.0176,-0.8798,-0.68734375
2026-06-03,"PHX @ SEA","two point field goal","PHX","PHX two point field goal",2026-06-04 00:51:09.068304,"dk",0.4199,138,0.4651,115,-0.0452,-0.0423,-2.1125,-1.650390625
2026-06-03,"PHX @ SEA","two point field goal","SEA","SEA two point field goal",2026-06-04 00:51:09.068304,"dk",0.3394,195,0.3704,170,-0.031,-0.0246,-1.2293,-0.960390625
2026-06-03,"PHX @ SEA","three point field goal","PHX","PHX three point field goal",2026-06-04 01:21:09.429123,"dk",0.1166,758,0.2041,390,-0.0875,-0.055,-2.7477,-2.146640625
2026-06-03,"PHX @ SEA","three point field goal","SEA","SEA three point field goal",2026-06-04 01:21:09.429123,"dk",0.1241,706,0.1538,550,-0.0298,-0.0176,-0.8798,-0.68734375
2026-06-03,"PHX @ SEA","two point field goal","PHX","PHX two point field goal",2026-06-04 01:21:09.429123,"dk",0.4199,138,0.4651,115,-0.0452,-0.0423,-2.1125,-1.650390625
2026-06-03,"PHX @ SEA","two point field goal","SEA","SEA two point field goal",2026-06-04 01:21:09.429123,"dk",0.3394,195,0.3704,170,-0.031,-0.0246,-1.2293,-0.960390625
2026-06-03,"PHX @ SEA","three point field goal","PHX","PHX three point field goal",2026-06-04 01:51:20.306971,"dk",0.1166,758,0.2041,390,-0.0875,-0.055,-2.7477,-2.146640625
2026-06-03,"PHX @ SEA","three point field goal","SEA","SEA three point field goal",2026-06-04 01:51:20.306971,"dk",0.1241,706,0.1538,550,-0.0298,-0.0176,-0.8798,-0.68734375
2026-06-03,"PHX @ SEA","two point field goal","PHX","PHX two point field goal",2026-06-04 01:51:20.306971,"dk",0.4199,138,0.4651,115,-0.0452,-0.0423,-2.1125,-1.650390625
2026-06-03,"PHX @ SEA","two point field goal","SEA","SEA two point field goal",2026-06-04 01:51:20.306971,"dk",0.3394,195,0.3704,170,-0.031,-0.0246,-1.2293,-0.960390625
2026-06-03,"PHX @ SEA","three point field goal","PHX","PHX three point field goal",2026-06-04 02:21:04.051484,"dk",0.1166,758,0.2041,390,-0.0875,-0.055,-2.7477,-2.146640625
2026-06-03,"PHX @ SEA","three point field goal","SEA","SEA three point field goal",2026-06-04 02:21:04.051484,"dk",0.1241,706,0.1538,550,-0.0298,-0.0176,-0.8798,-0.68734375
2026-06-03,"PHX @ SEA","two point field goal","PHX","PHX two point field goal",2026-06-04 02:21:04.051484,"dk",0.4199,138,0.4651,115,-0.0452,-0.0423,-2.1125,-1.650390625
2026-06-03,"PHX @ SEA","two point field goal","SEA","SEA two point field goal",2026-06-04 02:21:04.051484,"dk",0.3394,195,0.3704,170,-0.031,-0.0246,-1.2293,-0.960390625
2026-06-03,"PHX @ SEA","three point field goal","PHX","PHX three point field goal",2026-06-04 02:51:15.931449,"dk",0.1166,758,0.2041,390,-0.0875,-0.055,-2.7477,-2.146640625
2026-06-03,"PHX @ SEA","three point field goal","SEA","SEA three point field goal",2026-06-04 02:51:15.931449,"dk",0.1241,706,0.1538,550,-0.0298,-0.0176,-0.8798,-0.68734375
2026-06-03,"PHX @ SEA","two point field goal","PHX","PHX two point field goal",2026-06-04 02:51:15.931449,"dk",0.4199,138,0.4651,115,-0.0452,-0.0423,-2.1125,-1.650390625
2026-06-03,"PHX @ SEA","two point field goal","SEA","SEA two point field goal",2026-06-04 02:51:15.931449,"dk",0.3394,195,0.3704,170,-0.031,-0.0246,-1.2293,-0.960390625
2026-06-04,"ATL @ IND","three point field goal","IND","IND three point field goal",2026-06-04 13:51:32.701576,"dk",0.131,664,0.1667,500,-0.0357,-0.0214,-1.0713,-0.836953125
2026-06-04,"ATL @ IND","three point field goal","ATL","ATL three point field goal",2026-06-04 13:51:32.701576,"dk",0.1412,608,0.2,400,-0.0588,-0.0368,-1.838,-1.4359375
2026-06-04,"GSV @ MIN","three point field goal","MIN","MIN three point field goal",2026-06-04 13:51:32.701576,"dk",0.1204,731,0.1429,600,-0.0225,-0.0131,-0.6562,-0.51265625
2026-06-04,"GSV @ MIN","three point field goal","GSV","GSV three point field goal",2026-06-04 13:51:32.701576,"dk",0.1495,569,0.2083,380,-0.0588,-0.0372,-1.8579,-1.451484375
2026-06-04,"ATL @ IND","two point field goal","IND","IND two point field goal",2026-06-04 13:51:32.701576,"dk",0.3712,169,0.4082,145,-0.0369,-0.0312,-1.5608,-1.219375
2026-06-04,"ATL @ IND","two point field goal","ATL","ATL two point field goal",2026-06-04 13:51:32.701576,"dk",0.3566,180,0.4167,140,-0.06,-0.0514,-2.5723,-2.009609375
2026-06-04,"GSV @ MIN","two point field goal","MIN","MIN two point field goal",2026-06-04 13:51:32.701576,"dk",0.3711,169,0.4,150,-0.0289,-0.024,-1.2024,-0.939375
2026-06-04,"GSV @ MIN","two point field goal","GSV","GSV two point field goal",2026-06-04 13:51:32.701576,"dk",0.359,179,0.4348,130,-0.0758,-0.067,-3.3519,-2.618671875
2026-06-04,"ATL @ IND","three point field goal","IND","IND three point field goal",2026-06-04 14:21:36.895293,"dk",0.131,664,0.1667,500,-0.0357,-0.0214,-1.0713,-0.836953125
2026-06-04,"ATL @ IND","three point field goal","ATL","ATL three point field goal",2026-06-04 14:21:36.895293,"dk",0.1412,608,0.2,400,-0.0588,-0.0368,-1.838,-1.4359375
2026-06-04,"GSV @ MIN","three point field goal","MIN","MIN three point field goal",2026-06-04 14:21:36.895293,"dk",0.1204,731,0.1429,600,-0.0225,-0.0131,-0.6562,-0.51265625
2026-06-04,"GSV @ MIN","three point field goal","GSV","GSV three point field goal",2026-06-04 14:21:36.895293,"dk",0.1495,569,0.2083,380,-0.0588,-0.0372,-1.8579,-1.451484375
2026-06-04,"ATL @ IND","two point field goal","IND","IND two point field goal",2026-06-04 14:21:36.895293,"dk",0.3712,169,0.4082,145,-0.0369,-0.0312,-1.5608,-1.219375
2026-06-04,"ATL @ IND","two point field goal","ATL","ATL two point field goal",2026-06-04 14:21:36.895293,"dk",0.3566,180,0.4167,140,-0.06,-0.0514,-2.5723,-2.009609375
2026-06-04,"GSV @ MIN","two point field goal","MIN","MIN two point field goal",2026-06-04 14:21:36.895293,"dk",0.3711,169,0.4,150,-0.0289,-0.024,-1.2024,-0.939375
2026-06-04,"GSV @ MIN","two point field goal","GSV","GSV two point field goal",2026-06-04 14:21:36.895293,"dk",0.359,179,0.4348,130,-0.0758,-0.067,-3.3519,-2.618671875
2026-06-04,"ATL @ IND","three point field goal","IND","IND three point field goal",2026-06-04 14:51:27.496312,"dk",0.131,664,0.1667,500,-0.0357,-0.0214,-1.0713,-0.836953125
2026-06-04,"ATL @ IND","three point field goal","ATL","ATL three point field goal",2026-06-04 14:51:27.496312,"dk",0.1412,608,0.2,400,-0.0588,-0.0368,-1.838,-1.4359375
2026-06-04,"GSV @ MIN","three point field goal","MIN","MIN three point field goal",2026-06-04 14:51:27.496312,"dk",0.1204,731,0.1429,600,-0.0225,-0.0131,-0.6562,-0.51265625
2026-06-04,"GSV @ MIN","three point field goal","GSV","GSV three point field goal",2026-06-04 14:51:27.496312,"dk",0.1495,569,0.2083,380,-0.0588,-0.0372,-1.8579,-1.451484375
2026-06-04,"ATL @ IND","two point field goal","IND","IND two point field goal",2026-06-04 14:51:27.496312,"dk",0.3712,169,0.4082,145,-0.0369,-0.0312,-1.5608,-1.219375
2026-06-04,"ATL @ IND","two point field goal","ATL","ATL two point field goal",2026-06-04 14:51:27.496312,"dk",0.3566,180,0.4167,140,-0.06,-0.0514,-2.5723,-2.009609375
2026-06-04,"GSV @ MIN","two point field goal","MIN","MIN two point field goal",2026-06-04 14:51:27.496312,"dk",0.3711,169,0.4,150,-0.0289,-0.024,-1.2024,-0.939375
2026-06-04,"GSV @ MIN","two point field goal","GSV","GSV two point field goal",2026-06-04 14:51:27.496312,"dk",0.359,179,0.4348,130,-0.0758,-0.067,-3.3519,-2.618671875
2026-06-04,"ATL @ IND","three point field goal","IND","IND three point field goal",2026-06-04 15:21:44.471478,"dk",0.131,664,0.1667,500,-0.0357,-0.0214,-1.0713,-0.836953125
2026-06-04,"ATL @ IND","three point field goal","ATL","ATL three point field goal",2026-06-04 15:21:44.471478,"dk",0.1412,608,0.2,400,-0.0588,-0.0368,-1.838,-1.4359375
2026-06-04,"GSV @ MIN","three point field goal","MIN","MIN three point field goal",2026-06-04 15:21:44.471478,"dk",0.1204,731,0.1429,600,-0.0225,-0.0131,-0.6562,-0.51265625
2026-06-04,"GSV @ MIN","three point field goal","GSV","GSV three point field goal",2026-06-04 15:21:44.471478,"dk",0.1495,569,0.2083,380,-0.0588,-0.0372,-1.8579,-1.451484375
2026-06-04,"ATL @ IND","two point field goal","IND","IND two point field goal",2026-06-04 15:21:44.471478,"dk",0.3712,169,0.4082,145,-0.0369,-0.0312,-1.5608,-1.219375
2026-06-04,"ATL @ IND","two point field goal","ATL","ATL two point field goal",2026-06-04 15:21:44.471478,"dk",0.3566,180,0.4167,140,-0.06,-0.0514,-2.5723,-2.009609375
2026-06-04,"GSV @ MIN","two point field goal","MIN","MIN two point field goal",2026-06-04 15:21:44.471478,"dk",0.3711,169,0.4,150,-0.0289,-0.024,-1.2024,-0.939375
2026-06-04,"GSV @ MIN","two point field goal","GSV","GSV two point field goal",2026-06-04 15:21:44.471478,"dk",0.359,179,0.4348,130,-0.0758,-0.067,-3.3519,-2.618671875
2026-06-04,"ATL @ IND","three point field goal","IND","IND three point field goal",2026-06-04 15:51:39.203432,"dk",0.131,664,0.1667,500,-0.0357,-0.0214,-1.0713,-0.836953125
2026-06-04,"ATL @ IND","three point field goal","ATL","ATL three point field goal",2026-06-04 15:51:39.203432,"dk",0.1412,608,0.2,400,-0.0588,-0.0368,-1.838,-1.4359375
2026-06-04,"GSV @ MIN","three point field goal","MIN","MIN three point field goal",2026-06-04 15:51:39.203432,"dk",0.1204,731,0.1429,600,-0.0225,-0.0131,-0.6562,-0.51265625
2026-06-04,"GSV @ MIN","three point field goal","GSV","GSV three point field goal",2026-06-04 15:51:39.203432,"dk",0.1495,569,0.2083,380,-0.0588,-0.0372,-1.8579,-1.451484375
2026-06-04,"ATL @ IND","two point field goal","IND","IND two point field goal",2026-06-04 15:51:39.203432,"dk",0.3712,169,0.4082,145,-0.0369,-0.0312,-1.5608,-1.219375
2026-06-04,"ATL @ IND","two point field goal","ATL","ATL two point field goal",2026-06-04 15:51:39.203432,"dk",0.3566,180,0.4167,140,-0.06,-0.0514,-2.5723,-2.009609375
2026-06-04,"GSV @ MIN","two point field goal","MIN","MIN two point field goal",2026-06-04 15:51:39.203432,"dk",0.3711,169,0.4,150,-0.0289,-0.024,-1.2024,-0.939375
2026-06-04,"GSV @ MIN","two point field goal","GSV","GSV two point field goal",2026-06-04 15:51:39.203432,"dk",0.359,179,0.4348,130,-0.0758,-0.067,-3.3519,-2.618671875
2026-06-04,"ATL @ IND","three point field goal","IND","IND three point field goal",2026-06-04 16:21:32.570467,"dk",0.131,664,0.1667,500,-0.0357,-0.0214,-1.0713,-0.836953125
2026-06-04,"ATL @ IND","three point field goal","ATL","ATL three point field goal",2026-06-04 16:21:32.570467,"dk",0.1412,608,0.2,400,-0.0588,-0.0368,-1.838,-1.4359375
2026-06-04,"GSV @ MIN","three point field goal","MIN","MIN three point field goal",2026-06-04 16:21:32.570467,"dk",0.1204,731,0.1429,600,-0.0225,-0.0131,-0.6562,-0.51265625
2026-06-04,"GSV @ MIN","three point field goal","GSV","GSV three point field goal",2026-06-04 16:21:32.570467,"dk",0.1495,569,0.2083,380,-0.0588,-0.0372,-1.8579,-1.451484375
2026-06-04,"ATL @ IND","two point field goal","IND","IND two point field goal",2026-06-04 16:21:32.570467,"dk",0.3712,169,0.4082,145,-0.0369,-0.0312,-1.5608,-1.219375
2026-06-04,"ATL @ IND","two point field goal","ATL","ATL two point field goal",2026-06-04 16:21:32.570467,"dk",0.3566,180,0.4167,140,-0.06,-0.0514,-2.5723,-2.009609375
2026-06-04,"GSV @ MIN","two point field goal","MIN","MIN two point field goal",2026-06-04 16:21:32.570467,"dk",0.3711,169,0.4,150,-0.0289,-0.024,-1.2024,-0.939375
2026-06-04,"GSV @ MIN","two point field goal","GSV","GSV two point field goal",2026-06-04 16:21:32.570467,"dk",0.359,179,0.4348,130,-0.0758,-0.067,-3.3519,-2.618671875
2026-06-04,"ATL @ IND","three point field goal","IND","IND three point field goal",2026-06-04 16:51:28.092126,"dk",0.131,664,0.1667,500,-0.0357,-0.0214,-1.0713,-0.836953125
2026-06-04,"ATL @ IND","three point field goal","ATL","ATL three point field goal",2026-06-04 16:51:28.092126,"dk",0.1412,608,0.2,400,-0.0588,-0.0368,-1.838,-1.4359375
2026-06-04,"GSV @ MIN","three point field goal","MIN","MIN three point field goal",2026-06-04 16:51:28.092126,"dk",0.1204,731,0.1429,600,-0.0225,-0.0131,-0.6562,-0.51265625
2026-06-04,"GSV @ MIN","three point field goal","GSV","GSV three point field goal",2026-06-04 16:51:28.092126,"dk",0.1495,569,0.2083,380,-0.0588,-0.0372,-1.8579,-1.451484375
2026-06-04,"ATL @ IND","two point field goal","IND","IND two point field goal",2026-06-04 16:51:28.092126,"dk",0.3712,169,0.4082,145,-0.0369,-0.0312,-1.5608,-1.219375
2026-06-04,"ATL @ IND","two point field goal","ATL","ATL two point field goal",2026-06-04 16:51:28.092126,"dk",0.3566,180,0.4167,140,-0.06,-0.0514,-2.5723,-2.009609375
2026-06-04,"GSV @ MIN","two point field goal","MIN","MIN two point field goal",2026-06-04 16:51:28.092126,"dk",0.3711,169,0.4,150,-0.0289,-0.024,-1.2024,-0.939375
2026-06-04,"GSV @ MIN","two point field goal","GSV","GSV two point field goal",2026-06-04 16:51:28.092126,"dk",0.359,179,0.4348,130,-0.0758,-0.067,-3.3519,-2.618671875
2026-06-04,"ATL @ IND","three point field goal","IND","IND three point field goal",2026-06-04 17:20:59.967543,"dk",0.131,664,0.1667,500,-0.0357,-0.0214,-1.0713,-0.836953125
2026-06-04,"ATL @ IND","three point field goal","ATL","ATL three point field goal",2026-06-04 17:20:59.967543,"dk",0.1412,608,0.2,400,-0.0588,-0.0368,-1.838,-1.4359375
2026-06-04,"GSV @ MIN","three point field goal","MIN","MIN three point field goal",2026-06-04 17:20:59.967543,"dk",0.1204,731,0.1429,600,-0.0225,-0.0131,-0.6562,-0.51265625
2026-06-04,"GSV @ MIN","three point field goal","GSV","GSV three point field goal",2026-06-04 17:20:59.967543,"dk",0.1495,569,0.2083,380,-0.0588,-0.0372,-1.8579,-1.451484375
2026-06-04,"ATL @ IND","two point field goal","IND","IND two point field goal",2026-06-04 17:20:59.967543,"dk",0.3712,169,0.4082,145,-0.0369,-0.0312,-1.5608,-1.219375
2026-06-04,"ATL @ IND","two point field goal","ATL","ATL two point field goal",2026-06-04 17:20:59.967543,"dk",0.3566,180,0.4167,140,-0.06,-0.0514,-2.5723,-2.009609375
2026-06-04,"GSV @ MIN","two point field goal","MIN","MIN two point field goal",2026-06-04 17:20:59.967543,"dk",0.3711,169,0.4,150,-0.0289,-0.024,-1.2024,-0.939375
2026-06-04,"GSV @ MIN","two point field goal","GSV","GSV two point field goal",2026-06-04 17:20:59.967543,"dk",0.359,179,0.4348,130,-0.0758,-0.067,-3.3519,-2.618671875
2026-06-04,"ATL @ IND","three point field goal","IND","IND three point field goal",2026-06-04 17:51:07.516948,"dk",0.131,664,0.1667,500,-0.0357,-0.0214,-1.0713,-0.836953125
2026-06-04,"ATL @ IND","three point field goal","ATL","ATL three point field goal",2026-06-04 17:51:07.516948,"dk",0.1412,608,0.2,400,-0.0588,-0.0368,-1.838,-1.4359375
2026-06-04,"GSV @ MIN","three point field goal","MIN","MIN three point field goal",2026-06-04 17:51:07.516948,"dk",0.1204,731,0.1429,600,-0.0225,-0.0131,-0.6562,-0.51265625
2026-06-04,"GSV @ MIN","three point field goal","GSV","GSV three point field goal",2026-06-04 17:51:07.516948,"dk",0.1495,569,0.2083,380,-0.0588,-0.0372,-1.8579,-1.451484375
2026-06-04,"ATL @ IND","two point field goal","IND","IND two point field goal",2026-06-04 17:51:07.516948,"dk",0.3712,169,0.4082,145,-0.0369,-0.0312,-1.5608,-1.219375
2026-06-04,"ATL @ IND","two point field goal","ATL","ATL two point field goal",2026-06-04 17:51:07.516948,"dk",0.3566,180,0.4167,140,-0.06,-0.0514,-2.5723,-2.009609375
2026-06-04,"GSV @ MIN","two point field goal","MIN","MIN two point field goal",2026-06-04 17:51:07.516948,"dk",0.3711,169,0.4,150,-0.0289,-0.024,-1.2024,-0.939375
2026-06-04,"GSV @ MIN","two point field goal","GSV","GSV two point field goal",2026-06-04 17:51:07.516948,"dk",0.359,179,0.4348,130,-0.0758,-0.067,-3.3519,-2.618671875
2026-06-04,"ATL @ IND","three point field goal","IND","IND three point field goal",2026-06-04 18:21:03.766094,"dk",0.131,664,0.1667,500,-0.0357,-0.0214,-1.0713,-0.836953125
2026-06-04,"ATL @ IND","three point field goal","ATL","ATL three point field goal",2026-06-04 18:21:03.766094,"dk",0.1412,608,0.2,400,-0.0588,-0.0368,-1.838,-1.4359375
2026-06-04,"GSV @ MIN","three point field goal","MIN","MIN three point field goal",2026-06-04 18:21:03.766094,"dk",0.1204,731,0.1429,600,-0.0225,-0.0131,-0.6562,-0.51265625
2026-06-04,"GSV @ MIN","three point field goal","GSV","GSV three point field goal",2026-06-04 18:21:03.766094,"dk",0.1495,569,0.2083,380,-0.0588,-0.0372,-1.8579,-1.451484375
2026-06-04,"ATL @ IND","two point field goal","IND","IND two point field goal",2026-06-04 18:21:03.766094,"dk",0.3712,169,0.4082,145,-0.0369,-0.0312,-1.5608,-1.219375
2026-06-04,"ATL @ IND","two point field goal","ATL","ATL two point field goal",2026-06-04 18:21:03.766094,"dk",0.3566,180,0.4167,140,-0.06,-0.0514,-2.5723,-2.009609375
2026-06-04,"GSV @ MIN","two point field goal","MIN","MIN two point field goal",2026-06-04 18:21:03.766094,"dk",0.3711,169,0.4,150,-0.0289,-0.024,-1.2024,-0.939375
2026-06-04,"GSV @ MIN","two point field goal","GSV","GSV two point field goal",2026-06-04 18:21:03.766094,"dk",0.359,179,0.4348,130,-0.0758,-0.067,-3.3519,-2.618671875
2026-06-04,"ATL @ IND","three point field goal","IND","IND three point field goal",2026-06-04 18:51:23.427996,"dk",0.131,664,0.1667,500,-0.0357,-0.0214,-1.0713,-0.836953125
2026-06-04,"ATL @ IND","three point field goal","ATL","ATL three point field goal",2026-06-04 18:51:23.427996,"dk",0.1412,608,0.2,400,-0.0588,-0.0368,-1.838,-1.4359375
2026-06-04,"GSV @ MIN","three point field goal","MIN","MIN three point field goal",2026-06-04 18:51:23.427996,"dk",0.1204,731,0.1429,600,-0.0225,-0.0131,-0.6562,-0.51265625
2026-06-04,"GSV @ MIN","three point field goal","GSV","GSV three point field goal",2026-06-04 18:51:23.427996,"dk",0.1495,569,0.2083,380,-0.0588,-0.0372,-1.8579,-1.451484375
2026-06-04,"ATL @ IND","two point field goal","IND","IND two point field goal",2026-06-04 18:51:23.427996,"dk",0.3712,169,0.4082,145,-0.0369,-0.0312,-1.5608,-1.219375
2026-06-04,"ATL @ IND","two point field goal","ATL","ATL two point field goal",2026-06-04 18:51:23.427996,"dk",0.3566,180,0.4167,140,-0.06,-0.0514,-2.5723,-2.009609375
2026-06-04,"GSV @ MIN","two point field goal","MIN","MIN two point field goal",2026-06-04 18:51:23.427996,"dk",0.3711,169,0.4,150,-0.0289,-0.024,-1.2024,-0.939375
2026-06-04,"GSV @ MIN","two point field goal","GSV","GSV two point field goal",2026-06-04 18:51:23.427996,"dk",0.359,179,0.4348,130,-0.0758,-0.067,-3.3519,-2.618671875
2026-06-04,"ATL @ IND","three point field goal","IND","IND three point field goal",2026-06-04 19:20:45.201252,"dk",0.131,664,0.1667,500,-0.0357,-0.0214,-1.0713,-0.836953125
2026-06-04,"ATL @ IND","three point field goal","ATL","ATL three point field goal",2026-06-04 19:20:45.201252,"dk",0.1412,608,0.2,400,-0.0588,-0.0368,-1.838,-1.4359375
2026-06-04,"GSV @ MIN","three point field goal","MIN","MIN three point field goal",2026-06-04 19:20:45.201252,"dk",0.1204,731,0.1429,600,-0.0225,-0.0131,-0.6562,-0.51265625
2026-06-04,"GSV @ MIN","three point field goal","GSV","GSV three point field goal",2026-06-04 19:20:45.201252,"dk",0.1495,569,0.2083,380,-0.0588,-0.0372,-1.8579,-1.451484375
2026-06-04,"ATL @ IND","two point field goal","IND","IND two point field goal",2026-06-04 19:20:45.201252,"dk",0.3712,169,0.4082,145,-0.0369,-0.0312,-1.5608,-1.219375
2026-06-04,"ATL @ IND","two point field goal","ATL","ATL two point field goal",2026-06-04 19:20:45.201252,"dk",0.3566,180,0.4167,140,-0.06,-0.0514,-2.5723,-2.009609375
2026-06-04,"GSV @ MIN","two point field goal","MIN","MIN two point field goal",2026-06-04 19:20:45.201252,"dk",0.3711,169,0.4,150,-0.0289,-0.024,-1.2024,-0.939375
2026-06-04,"GSV @ MIN","two point field goal","GSV","GSV two point field goal",2026-06-04 19:20:45.201252,"dk",0.359,179,0.4348,130,-0.0758,-0.067,-3.3519,-2.618671875
2026-06-04,"ATL @ IND","three point field goal","IND","IND three point field goal",2026-06-04 19:50:43.246489,"dk",0.131,664,0.1667,500,-0.0357,-0.0214,-1.0713,-0.836953125
2026-06-04,"ATL @ IND","three point field goal","ATL","ATL three point field goal",2026-06-04 19:50:43.246489,"dk",0.1412,608,0.2,400,-0.0588,-0.0368,-1.838,-1.4359375
2026-06-04,"GSV @ MIN","three point field goal","MIN","MIN three point field goal",2026-06-04 19:50:43.246489,"dk",0.1204,731,0.1429,600,-0.0225,-0.0131,-0.6562,-0.51265625
2026-06-04,"GSV @ MIN","three point field goal","GSV","GSV three point field goal",2026-06-04 19:50:43.246489,"dk",0.1495,569,0.2083,380,-0.0588,-0.0372,-1.8579,-1.451484375
2026-06-04,"ATL @ IND","two point field goal","IND","IND two point field goal",2026-06-04 19:50:43.246489,"dk",0.3712,169,0.4082,145,-0.0369,-0.0312,-1.5608,-1.219375
2026-06-04,"ATL @ IND","two point field goal","ATL","ATL two point field goal",2026-06-04 19:50:43.246489,"dk",0.3566,180,0.4167,140,-0.06,-0.0514,-2.5723,-2.009609375
2026-06-04,"GSV @ MIN","two point field goal","MIN","MIN two point field goal",2026-06-04 19:50:43.246489,"dk",0.3711,169,0.4,150,-0.0289,-0.024,-1.2024,-0.939375
2026-06-04,"GSV @ MIN","two point field goal","GSV","GSV two point field goal",2026-06-04 19:50:43.246489,"dk",0.359,179,0.4348,130,-0.0758,-0.067,-3.3519,-2.618671875
2026-06-04,"ATL @ IND","three point field goal","IND","IND three point field goal",2026-06-04 20:21:38.685106,"dk",0.131,664,0.1667,500,-0.0357,-0.0214,-1.0713,-0.836953125
2026-06-04,"ATL @ IND","three point field goal","ATL","ATL three point field goal",2026-06-04 20:21:38.685106,"dk",0.1412,608,0.2,400,-0.0588,-0.0368,-1.838,-1.4359375
2026-06-04,"GSV @ MIN","three point field goal","MIN","MIN three point field goal",2026-06-04 20:21:38.685106,"dk",0.1204,731,0.1429,600,-0.0225,-0.0131,-0.6562,-0.51265625
2026-06-04,"GSV @ MIN","three point field goal","GSV","GSV three point field goal",2026-06-04 20:21:38.685106,"dk",0.1495,569,0.2083,380,-0.0588,-0.0372,-1.8579,-1.451484375
2026-06-04,"ATL @ IND","two point field goal","IND","IND two point field goal",2026-06-04 20:21:38.685106,"dk",0.3712,169,0.4082,145,-0.0369,-0.0312,-1.5608,-1.219375
2026-06-04,"ATL @ IND","two point field goal","ATL","ATL two point field goal",2026-06-04 20:21:38.685106,"dk",0.3566,180,0.4167,140,-0.06,-0.0514,-2.5723,-2.009609375
2026-06-04,"GSV @ MIN","two point field goal","MIN","MIN two point field goal",2026-06-04 20:21:38.685106,"dk",0.3711,169,0.4,150,-0.0289,-0.024,-1.2024,-0.939375
2026-06-04,"GSV @ MIN","two point field goal","GSV","GSV two point field goal",2026-06-04 20:21:38.685106,"dk",0.359,179,0.4348,130,-0.0758,-0.067,-3.3519,-2.618671875
2026-06-04,"ATL @ IND","three point field goal","IND","IND three point field goal",2026-06-04 20:51:37.395686,"dk",0.131,664,0.1667,500,-0.0357,-0.0214,-1.0713,-0.836953125
2026-06-04,"ATL @ IND","three point field goal","ATL","ATL three point field goal",2026-06-04 20:51:37.395686,"dk",0.1412,608,0.2,400,-0.0588,-0.0368,-1.838,-1.4359375
2026-06-04,"GSV @ MIN","three point field goal","MIN","MIN three point field goal",2026-06-04 20:51:37.395686,"dk",0.1204,731,0.1429,600,-0.0225,-0.0131,-0.6562,-0.51265625
2026-06-04,"GSV @ MIN","three point field goal","GSV","GSV three point field goal",2026-06-04 20:51:37.395686,"dk",0.1495,569,0.2083,380,-0.0588,-0.0372,-1.8579,-1.451484375
2026-06-04,"ATL @ IND","two point field goal","IND","IND two point field goal",2026-06-04 20:51:37.395686,"dk",0.3712,169,0.4082,145,-0.0369,-0.0312,-1.5608,-1.219375
2026-06-04,"ATL @ IND","two point field goal","ATL","ATL two point field goal",2026-06-04 20:51:37.395686,"dk",0.3566,180,0.4167,140,-0.06,-0.0514,-2.5723,-2.009609375
2026-06-04,"GSV @ MIN","two point field goal","MIN","MIN two point field goal",2026-06-04 20:51:37.395686,"dk",0.3711,169,0.4,150,-0.0289,-0.024,-1.2024,-0.939375
2026-06-04,"GSV @ MIN","two point field goal","GSV","GSV two point field goal",2026-06-04 20:51:37.395686,"dk",0.359,179,0.4348,130,-0.0758,-0.067,-3.3519,-2.618671875
2026-06-04,"ATL @ IND","three point field goal","IND","IND three point field goal",2026-06-04 21:21:48.348219,"dk",0.131,664,0.1667,500,-0.0357,-0.0214,-1.0713,-0.836953125
2026-06-04,"ATL @ IND","three point field goal","ATL","ATL three point field goal",2026-06-04 21:21:48.348219,"dk",0.1412,608,0.2,400,-0.0588,-0.0368,-1.838,-1.4359375
2026-06-04,"GSV @ MIN","three point field goal","MIN","MIN three point field goal",2026-06-04 21:21:48.348219,"dk",0.1204,731,0.1429,600,-0.0225,-0.0131,-0.6562,-0.51265625
2026-06-04,"GSV @ MIN","three point field goal","GSV","GSV three point field goal",2026-06-04 21:21:48.348219,"dk",0.1495,569,0.2083,380,-0.0588,-0.0372,-1.8579,-1.451484375
2026-06-04,"ATL @ IND","two point field goal","IND","IND two point field goal",2026-06-04 21:21:48.348219,"dk",0.3712,169,0.4082,145,-0.0369,-0.0312,-1.5608,-1.219375
2026-06-04,"ATL @ IND","two point field goal","ATL","ATL two point field goal",2026-06-04 21:21:48.348219,"dk",0.3566,180,0.4167,140,-0.06,-0.0514,-2.5723,-2.009609375
2026-06-04,"GSV @ MIN","two point field goal","MIN","MIN two point field goal",2026-06-04 21:21:48.348219,"dk",0.3711,169,0.4,150,-0.0289,-0.024,-1.2024,-0.939375
2026-06-04,"GSV @ MIN","two point field goal","GSV","GSV two point field goal",2026-06-04 21:21:48.348219,"dk",0.359,179,0.4348,130,-0.0758,-0.067,-3.3519,-2.618671875
2026-06-04,"ATL @ IND","three point field goal","IND","IND three point field goal",2026-06-04 21:50:48.413982,"dk",0.131,664,0.1667,500,-0.0357,-0.0214,-1.0713,-0.836953125
2026-06-04,"ATL @ IND","three point field goal","ATL","ATL three point field goal",2026-06-04 21:50:48.413982,"dk",0.1412,608,0.2,400,-0.0588,-0.0368,-1.838,-1.4359375
2026-06-04,"GSV @ MIN","three point field goal","MIN","MIN three point field goal",2026-06-04 21:50:48.413982,"dk",0.1204,731,0.1429,600,-0.0225,-0.0131,-0.6562,-0.51265625
2026-06-04,"GSV @ MIN","three point field goal","GSV","GSV three point field goal",2026-06-04 21:50:48.413982,"dk",0.1495,569,0.2083,380,-0.0588,-0.0372,-1.8579,-1.451484375
2026-06-04,"ATL @ IND","two point field goal","IND","IND two point field goal",2026-06-04 21:50:48.413982,"dk",0.3712,169,0.4082,145,-0.0369,-0.0312,-1.5608,-1.219375
2026-06-04,"ATL @ IND","two point field goal","ATL","ATL two point field goal",2026-06-04 21:50:48.413982,"dk",0.3566,180,0.4167,140,-0.06,-0.0514,-2.5723,-2.009609375
2026-06-04,"GSV @ MIN","two point field goal","MIN","MIN two point field goal",2026-06-04 21:50:48.413982,"dk",0.3711,169,0.4,150,-0.0289,-0.024,-1.2024,-0.939375
2026-06-04,"GSV @ MIN","two point field goal","GSV","GSV two point field goal",2026-06-04 21:50:48.413982,"dk",0.359,179,0.4348,130,-0.0758,-0.067,-3.3519,-2.618671875
2026-06-04,"ATL @ IND","three point field goal","IND","IND three point field goal",2026-06-04 22:21:26.196906,"dk",0.131,664,0.1667,500,-0.0357,-0.0214,-1.0713,-0.836953125
2026-06-04,"ATL @ IND","three point field goal","ATL","ATL three point field goal",2026-06-04 22:21:26.196906,"dk",0.1412,608,0.2,400,-0.0588,-0.0368,-1.838,-1.4359375
2026-06-04,"GSV @ MIN","three point field goal","MIN","MIN three point field goal",2026-06-04 22:21:26.196906,"dk",0.1204,731,0.1429,600,-0.0225,-0.0131,-0.6562,-0.51265625
2026-06-04,"GSV @ MIN","three point field goal","GSV","GSV three point field goal",2026-06-04 22:21:26.196906,"dk",0.1495,569,0.2083,380,-0.0588,-0.0372,-1.8579,-1.451484375
2026-06-04,"ATL @ IND","two point field goal","IND","IND two point field goal",2026-06-04 22:21:26.196906,"dk",0.3712,169,0.4082,145,-0.0369,-0.0312,-1.5608,-1.219375
2026-06-04,"ATL @ IND","two point field goal","ATL","ATL two point field goal",2026-06-04 22:21:26.196906,"dk",0.3566,180,0.4167,140,-0.06,-0.0514,-2.5723,-2.009609375
2026-06-04,"GSV @ MIN","two point field goal","MIN","MIN two point field goal",2026-06-04 22:21:26.196906,"dk",0.3711,169,0.4,150,-0.0289,-0.024,-1.2024,-0.939375
2026-06-04,"GSV @ MIN","two point field goal","GSV","GSV two point field goal",2026-06-04 22:21:26.196906,"dk",0.359,179,0.4348,130,-0.0758,-0.067,-3.3519,-2.618671875
2026-06-04,"ATL @ IND","three point field goal","IND","IND three point field goal",2026-06-04 22:51:04.951086,"dk",0.131,664,0.1667,500,-0.0357,-0.0214,-1.0713,-0.836953125
2026-06-04,"ATL @ IND","three point field goal","ATL","ATL three point field goal",2026-06-04 22:51:04.951086,"dk",0.1412,608,0.2,400,-0.0588,-0.0368,-1.838,-1.4359375
2026-06-04,"GSV @ MIN","three point field goal","MIN","MIN three point field goal",2026-06-04 22:51:04.951086,"dk",0.1204,731,0.1429,600,-0.0225,-0.0131,-0.6562,-0.51265625
2026-06-04,"GSV @ MIN","three point field goal","GSV","GSV three point field goal",2026-06-04 22:51:04.951086,"dk",0.1495,569,0.2083,380,-0.0588,-0.0372,-1.8579,-1.451484375
2026-06-04,"ATL @ IND","two point field goal","IND","IND two point field goal",2026-06-04 22:51:04.951086,"dk",0.3712,169,0.4082,145,-0.0369,-0.0312,-1.5608,-1.219375
2026-06-04,"ATL @ IND","two point field goal","ATL","ATL two point field goal",2026-06-04 22:51:04.951086,"dk",0.3566,180,0.4167,140,-0.06,-0.0514,-2.5723,-2.009609375
2026-06-04,"GSV @ MIN","two point field goal","MIN","MIN two point field goal",2026-06-04 22:51:04.951086,"dk",0.3711,169,0.4,150,-0.0289,-0.024,-1.2024,-0.939375
2026-06-04,"GSV @ MIN","two point field goal","GSV","GSV two point field goal",2026-06-04 22:51:04.951086,"dk",0.359,179,0.4348,130,-0.0758,-0.067,-3.3519,-2.618671875
2026-06-04,"ATL @ IND","three point field goal","IND","IND three point field goal",2026-06-04 23:21:39.374963,"dk",0.131,664,0.1667,500,-0.0357,-0.0214,-1.0713,-0.836953125
2026-06-04,"ATL @ IND","three point field goal","ATL","ATL three point field goal",2026-06-04 23:21:39.374963,"dk",0.1412,608,0.2,400,-0.0588,-0.0368,-1.838,-1.4359375
2026-06-04,"GSV @ MIN","three point field goal","MIN","MIN three point field goal",2026-06-04 23:21:39.374963,"dk",0.1204,731,0.1429,600,-0.0225,-0.0131,-0.6562,-0.51265625
2026-06-04,"GSV @ MIN","three point field goal","GSV","GSV three point field goal",2026-06-04 23:21:39.374963,"dk",0.1495,569,0.2083,380,-0.0588,-0.0372,-1.8579,-1.451484375
2026-06-04,"ATL @ IND","two point field goal","IND","IND two point field goal",2026-06-04 23:21:39.374963,"dk",0.3712,169,0.4082,145,-0.0369,-0.0312,-1.5608,-1.219375
2026-06-04,"ATL @ IND","two point field goal","ATL","ATL two point field goal",2026-06-04 23:21:39.374963,"dk",0.3566,180,0.4167,140,-0.06,-0.0514,-2.5723,-2.009609375
2026-06-04,"GSV @ MIN","two point field goal","MIN","MIN two point field goal",2026-06-04 23:21:39.374963,"dk",0.3711,169,0.4,150,-0.0289,-0.024,-1.2024,-0.939375
2026-06-04,"GSV @ MIN","two point field goal","GSV","GSV two point field goal",2026-06-04 23:21:39.374963,"dk",0.359,179,0.4348,130,-0.0758,-0.067,-3.3519,-2.618671875
2026-06-04,"GSV @ MIN","three point field goal","MIN","MIN three point field goal",2026-06-04 23:51:15.516296,"dk",0.1204,731,0.1429,600,-0.0225,-0.0131,-0.6562,-0.51265625
2026-06-04,"GSV @ MIN","three point field goal","GSV","GSV three point field goal",2026-06-04 23:51:15.516296,"dk",0.1495,569,0.2083,380,-0.0588,-0.0372,-1.8579,-1.451484375
2026-06-04,"GSV @ MIN","two point field goal","MIN","MIN two point field goal",2026-06-04 23:51:15.516296,"dk",0.3711,169,0.4,150,-0.0289,-0.024,-1.2024,-0.939375
2026-06-04,"GSV @ MIN","two point field goal","GSV","GSV two point field goal",2026-06-04 23:51:15.516296,"dk",0.359,179,0.4348,130,-0.0758,-0.067,-3.3519,-2.618671875
2026-06-04,"GSV @ MIN","three point field goal","MIN","MIN three point field goal",2026-06-05 00:20:54.853363,"dk",0.1204,731,0.1429,600,-0.0225,-0.0131,-0.6562,-0.51265625
2026-06-04,"GSV @ MIN","three point field goal","GSV","GSV three point field goal",2026-06-05 00:20:54.853363,"dk",0.1495,569,0.2083,380,-0.0588,-0.0372,-1.8579,-1.451484375
2026-06-04,"GSV @ MIN","two point field goal","MIN","MIN two point field goal",2026-06-05 00:20:54.853363,"dk",0.3711,169,0.4,150,-0.0289,-0.024,-1.2024,-0.939375
2026-06-04,"GSV @ MIN","two point field goal","GSV","GSV two point field goal",2026-06-05 00:20:54.853363,"dk",0.359,179,0.4348,130,-0.0758,-0.067,-3.3519,-2.618671875
2026-06-04,"GSV @ MIN","three point field goal","MIN","MIN three point field goal",2026-06-05 00:51:35.740286,"dk",0.1204,731,0.1429,600,-0.0225,-0.0131,-0.6562,-0.51265625
2026-06-04,"GSV @ MIN","three point field goal","GSV","GSV three point field goal",2026-06-05 00:51:35.740286,"dk",0.1495,569,0.2083,380,-0.0588,-0.0372,-1.8579,-1.451484375
2026-06-04,"GSV @ MIN","two point field goal","MIN","MIN two point field goal",2026-06-05 00:51:35.740286,"dk",0.3711,169,0.4,150,-0.0289,-0.024,-1.2024,-0.939375
2026-06-04,"GSV @ MIN","two point field goal","GSV","GSV two point field goal",2026-06-05 00:51:35.740286,"dk",0.359,179,0.4348,130,-0.0758,-0.067,-3.3519,-2.618671875
2026-06-04,"GSV @ MIN","three point field goal","MIN","MIN three point field goal",2026-06-05 01:21:18.338289,"dk",0.1204,731,0.1429,600,-0.0225,-0.0131,-0.6562,-0.51265625
2026-06-04,"GSV @ MIN","three point field goal","GSV","GSV three point field goal",2026-06-05 01:21:18.338289,"dk",0.1495,569,0.2083,380,-0.0588,-0.0372,-1.8579,-1.451484375
2026-06-04,"GSV @ MIN","two point field goal","MIN","MIN two point field goal",2026-06-05 01:21:18.338289,"dk",0.3711,169,0.4,150,-0.0289,-0.024,-1.2024,-0.939375
2026-06-04,"GSV @ MIN","two point field goal","GSV","GSV two point field goal",2026-06-05 01:21:18.338289,"dk",0.359,179,0.4348,130,-0.0758,-0.067,-3.3519,-2.618671875
2026-06-05,"CON @ CHI","three point field goal","CON","CON three point field goal",2026-06-05 14:35:04.472473,"dk",0.1224,717,0.1667,500,-0.0443,-0.0266,-1.3291,-1.038359375
2026-06-05,"CON @ CHI","three point field goal","CHI","CHI three point field goal",2026-06-05 14:35:04.472473,"dk",0.0959,943,0.1667,500,-0.0708,-0.0425,-2.1233,-1.658828125
2026-06-05,"DAL @ LAS","three point field goal","LAS","LAS three point field goal",2026-06-05 14:35:04.472473,"dk",0.139,619,0.1905,425,-0.0515,-0.0318,-1.5894,-1.24171875
2026-06-05,"DAL @ LAS","three point field goal","DAL","DAL three point field goal",2026-06-05 14:35:04.472473,"dk",0.1311,663,0.1739,475,-0.0428,-0.0259,-1.2954,-1.01203125
2026-06-05,"PHX @ PDX","three point field goal","PHX","PHX three point field goal",2026-06-05 14:35:04.472473,"dk",0.1149,770,0.2083,380,-0.0934,-0.059,-2.9508,-2.3053125
2026-06-05,"PHX @ PDX","three point field goal","PDX","PDX three point field goal",2026-06-05 14:35:04.472473,"dk",0.1378,626,0.1739,475,-0.0362,-0.0219,-1.0941,-0.854765625
2026-06-05,"CON @ CHI","two point field goal","CON","CON two point field goal",2026-06-05 14:35:04.472473,"dk",0.4091,144,0.4762,110,-0.0671,-0.064,-3.2012,-2.5009375
2026-06-05,"CON @ CHI","two point field goal","CHI","CHI two point field goal",2026-06-05 14:35:04.472473,"dk",0.3726,168,0.3922,155,-0.0195,-0.0161,-0.8031,-0.627421875
2026-06-05,"DAL @ LAS","two point field goal","LAS","LAS two point field goal",2026-06-05 14:35:04.472473,"dk",0.3659,173,0.4,150,-0.0341,-0.0284,-1.4203,-1.109609375
2026-06-05,"DAL @ LAS","two point field goal","DAL","DAL two point field goal",2026-06-05 14:35:04.472473,"dk",0.364,175,0.4255,135,-0.0616,-0.0536,-2.6792,-2.093125
2026-06-05,"PHX @ PDX","two point field goal","PHX","PHX two point field goal",2026-06-05 14:35:04.472473,"dk",0.4125,142,0.4348,130,-0.0223,-0.0197,-0.9844,-0.7690625
2026-06-05,"PHX @ PDX","two point field goal","PDX","PDX two point field goal",2026-06-05 14:35:04.472473,"dk",0.3348,199,0.3636,175,-0.0288,-0.0226,-1.1321,-0.884453125
2026-06-05,"CON @ CHI","three point field goal","CON","CON three point field goal",2026-06-05 14:59:13.207531,"dk",0.1224,717,0.1667,500,-0.0443,-0.0266,-1.3291,-1.038359375
2026-06-05,"CON @ CHI","three point field goal","CHI","CHI three point field goal",2026-06-05 14:59:13.207531,"dk",0.0959,943,0.1667,500,-0.0708,-0.0425,-2.1233,-1.658828125
2026-06-05,"DAL @ LAS","three point field goal","LAS","LAS three point field goal",2026-06-05 14:59:13.207531,"dk",0.139,619,0.1905,425,-0.0515,-0.0318,-1.5894,-1.24171875
2026-06-05,"DAL @ LAS","three point field goal","DAL","DAL three point field goal",2026-06-05 14:59:13.207531,"dk",0.1311,663,0.1739,475,-0.0428,-0.0259,-1.2954,-1.01203125
2026-06-05,"PHX @ PDX","three point field goal","PHX","PHX three point field goal",2026-06-05 14:59:13.207531,"dk",0.1149,770,0.2083,380,-0.0934,-0.059,-2.9508,-2.3053125
2026-06-05,"PHX @ PDX","three point field goal","PDX","PDX three point field goal",2026-06-05 14:59:13.207531,"dk",0.1378,626,0.1739,475,-0.0362,-0.0219,-1.0941,-0.854765625
2026-06-05,"CON @ CHI","two point field goal","CON","CON two point field goal",2026-06-05 14:59:13.207531,"dk",0.4091,144,0.4762,110,-0.0671,-0.064,-3.2012,-2.5009375
2026-06-05,"CON @ CHI","two point field goal","CHI","CHI two point field goal",2026-06-05 14:59:13.207531,"dk",0.3726,168,0.3922,155,-0.0195,-0.0161,-0.8031,-0.627421875
2026-06-05,"DAL @ LAS","two point field goal","LAS","LAS two point field goal",2026-06-05 14:59:13.207531,"dk",0.3659,173,0.4,150,-0.0341,-0.0284,-1.4203,-1.109609375
2026-06-05,"DAL @ LAS","two point field goal","DAL","DAL two point field goal",2026-06-05 14:59:13.207531,"dk",0.364,175,0.4255,135,-0.0616,-0.0536,-2.6792,-2.093125
2026-06-05,"PHX @ PDX","two point field goal","PHX","PHX two point field goal",2026-06-05 14:59:13.207531,"dk",0.4125,142,0.4348,130,-0.0223,-0.0197,-0.9844,-0.7690625
2026-06-05,"PHX @ PDX","two point field goal","PDX","PDX two point field goal",2026-06-05 14:59:13.207531,"dk",0.3348,199,0.3636,175,-0.0288,-0.0226,-1.1321,-0.884453125
2026-06-05,"CON @ CHI","three point field goal","CON","CON three point field goal",2026-06-05 15:36:53.690031,"dk",0.1224,717,0.1667,500,-0.0443,-0.0266,-1.3291,-1.038359375
2026-06-05,"CON @ CHI","three point field goal","CHI","CHI three point field goal",2026-06-05 15:36:53.690031,"dk",0.0959,943,0.1667,500,-0.0708,-0.0425,-2.1233,-1.658828125
2026-06-05,"DAL @ LAS","three point field goal","LAS","LAS three point field goal",2026-06-05 15:36:53.690031,"dk",0.139,619,0.1905,425,-0.0515,-0.0318,-1.5894,-1.24171875
2026-06-05,"DAL @ LAS","three point field goal","DAL","DAL three point field goal",2026-06-05 15:36:53.690031,"dk",0.1311,663,0.1739,475,-0.0428,-0.0259,-1.2954,-1.01203125
2026-06-05,"PHX @ PDX","three point field goal","PHX","PHX three point field goal",2026-06-05 15:36:53.690031,"dk",0.1149,770,0.2083,380,-0.0934,-0.059,-2.9508,-2.3053125
2026-06-05,"PHX @ PDX","three point field goal","PDX","PDX three point field goal",2026-06-05 15:36:53.690031,"dk",0.1378,626,0.1739,475,-0.0362,-0.0219,-1.0941,-0.854765625
2026-06-05,"CON @ CHI","two point field goal","CON","CON two point field goal",2026-06-05 15:36:53.690031,"dk",0.4091,144,0.4762,110,-0.0671,-0.064,-3.2012,-2.5009375
2026-06-05,"CON @ CHI","two point field goal","CHI","CHI two point field goal",2026-06-05 15:36:53.690031,"dk",0.3726,168,0.3922,155,-0.0195,-0.0161,-0.8031,-0.627421875
2026-06-05,"DAL @ LAS","two point field goal","LAS","LAS two point field goal",2026-06-05 15:36:53.690031,"dk",0.3659,173,0.4,150,-0.0341,-0.0284,-1.4203,-1.109609375
2026-06-05,"DAL @ LAS","two point field goal","DAL","DAL two point field goal",2026-06-05 15:36:53.690031,"dk",0.364,175,0.4255,135,-0.0616,-0.0536,-2.6792,-2.093125
2026-06-05,"PHX @ PDX","two point field goal","PHX","PHX two point field goal",2026-06-05 15:36:53.690031,"dk",0.4125,142,0.4348,130,-0.0223,-0.0197,-0.9844,-0.7690625
2026-06-05,"PHX @ PDX","two point field goal","PDX","PDX two point field goal",2026-06-05 15:36:53.690031,"dk",0.3348,199,0.3636,175,-0.0288,-0.0226,-1.1321,-0.884453125
2026-06-05,"CON @ CHI","three point field goal","CON","CON three point field goal",2026-06-05 15:51:23.748909,"dk",0.1224,717,0.1667,500,-0.0443,-0.0266,-1.3291,-1.038359375
2026-06-05,"CON @ CHI","three point field goal","CHI","CHI three point field goal",2026-06-05 15:51:23.748909,"dk",0.0959,943,0.1667,500,-0.0708,-0.0425,-2.1233,-1.658828125
2026-06-05,"DAL @ LAS","three point field goal","LAS","LAS three point field goal",2026-06-05 15:51:23.748909,"dk",0.139,619,0.1905,425,-0.0515,-0.0318,-1.5894,-1.24171875
2026-06-05,"DAL @ LAS","three point field goal","DAL","DAL three point field goal",2026-06-05 15:51:23.748909,"dk",0.1311,663,0.1739,475,-0.0428,-0.0259,-1.2954,-1.01203125
2026-06-05,"PHX @ PDX","three point field goal","PHX","PHX three point field goal",2026-06-05 15:51:23.748909,"dk",0.1149,770,0.2083,380,-0.0934,-0.059,-2.9508,-2.3053125
2026-06-05,"PHX @ PDX","three point field goal","PDX","PDX three point field goal",2026-06-05 15:51:23.748909,"dk",0.1378,626,0.1739,475,-0.0362,-0.0219,-1.0941,-0.854765625
2026-06-05,"CON @ CHI","two point field goal","CON","CON two point field goal",2026-06-05 15:51:23.748909,"dk",0.4091,144,0.4762,110,-0.0671,-0.064,-3.2012,-2.5009375
2026-06-05,"CON @ CHI","two point field goal","CHI","CHI two point field goal",2026-06-05 15:51:23.748909,"dk",0.3726,168,0.3922,155,-0.0195,-0.0161,-0.8031,-0.627421875
2026-06-05,"DAL @ LAS","two point field goal","LAS","LAS two point field goal",2026-06-05 15:51:23.748909,"dk",0.3659,173,0.4,150,-0.0341,-0.0284,-1.4203,-1.109609375
2026-06-05,"DAL @ LAS","two point field goal","DAL","DAL two point field goal",2026-06-05 15:51:23.748909,"dk",0.364,175,0.4255,135,-0.0616,-0.0536,-2.6792,-2.093125
2026-06-05,"PHX @ PDX","two point field goal","PHX","PHX two point field goal",2026-06-05 15:51:23.748909,"dk",0.4125,142,0.4348,130,-0.0223,-0.0197,-0.9844,-0.7690625
2026-06-05,"PHX @ PDX","two point field goal","PDX","PDX two point field goal",2026-06-05 15:51:23.748909,"dk",0.3348,199,0.3636,175,-0.0288,-0.0226,-1.1321,-0.884453125
2026-06-05,"CON @ CHI","three point field goal","CON","CON three point field goal",2026-06-05 16:21:41.167558,"dk",0.1224,717,0.1667,500,-0.0443,-0.0266,-1.3291,-1.038359375
2026-06-05,"CON @ CHI","three point field goal","CHI","CHI three point field goal",2026-06-05 16:21:41.167558,"dk",0.0959,943,0.1667,500,-0.0708,-0.0425,-2.1233,-1.658828125
2026-06-05,"DAL @ LAS","three point field goal","LAS","LAS three point field goal",2026-06-05 16:21:41.167558,"dk",0.139,619,0.1905,425,-0.0515,-0.0318,-1.5894,-1.24171875
2026-06-05,"DAL @ LAS","three point field goal","DAL","DAL three point field goal",2026-06-05 16:21:41.167558,"dk",0.1311,663,0.1739,475,-0.0428,-0.0259,-1.2954,-1.01203125
2026-06-05,"PHX @ PDX","three point field goal","PHX","PHX three point field goal",2026-06-05 16:21:41.167558,"dk",0.1149,770,0.2083,380,-0.0934,-0.059,-2.9508,-2.3053125
2026-06-05,"PHX @ PDX","three point field goal","PDX","PDX three point field goal",2026-06-05 16:21:41.167558,"dk",0.1378,626,0.1739,475,-0.0362,-0.0219,-1.0941,-0.854765625
2026-06-05,"CON @ CHI","two point field goal","CON","CON two point field goal",2026-06-05 16:21:41.167558,"dk",0.4091,144,0.4762,110,-0.0671,-0.064,-3.2012,-2.5009375
2026-06-05,"CON @ CHI","two point field goal","CHI","CHI two point field goal",2026-06-05 16:21:41.167558,"dk",0.3726,168,0.3922,155,-0.0195,-0.0161,-0.8031,-0.627421875
2026-06-05,"DAL @ LAS","two point field goal","LAS","LAS two point field goal",2026-06-05 16:21:41.167558,"dk",0.3659,173,0.4,150,-0.0341,-0.0284,-1.4203,-1.109609375
2026-06-05,"DAL @ LAS","two point field goal","DAL","DAL two point field goal",2026-06-05 16:21:41.167558,"dk",0.364,175,0.4255,135,-0.0616,-0.0536,-2.6792,-2.093125
2026-06-05,"PHX @ PDX","two point field goal","PHX","PHX two point field goal",2026-06-05 16:21:41.167558,"dk",0.4125,142,0.4348,130,-0.0223,-0.0197,-0.9844,-0.7690625
2026-06-05,"PHX @ PDX","two point field goal","PDX","PDX two point field goal",2026-06-05 16:21:41.167558,"dk",0.3348,199,0.3636,175,-0.0288,-0.0226,-1.1321,-0.884453125
2026-06-05,"CON @ CHI","three point field goal","CON","CON three point field goal",2026-06-05 16:51:08.136623,"dk",0.1224,717,0.1667,500,-0.0443,-0.0266,-1.3291,-1.038359375
2026-06-05,"CON @ CHI","three point field goal","CHI","CHI three point field goal",2026-06-05 16:51:08.136623,"dk",0.0959,943,0.1667,500,-0.0708,-0.0425,-2.1233,-1.658828125
2026-06-05,"DAL @ LAS","three point field goal","LAS","LAS three point field goal",2026-06-05 16:51:08.136623,"dk",0.139,619,0.1905,425,-0.0515,-0.0318,-1.5894,-1.24171875
2026-06-05,"DAL @ LAS","three point field goal","DAL","DAL three point field goal",2026-06-05 16:51:08.136623,"dk",0.1311,663,0.1739,475,-0.0428,-0.0259,-1.2954,-1.01203125
2026-06-05,"PHX @ PDX","three point field goal","PHX","PHX three point field goal",2026-06-05 16:51:08.136623,"dk",0.1149,770,0.2083,380,-0.0934,-0.059,-2.9508,-2.3053125
2026-06-05,"PHX @ PDX","three point field goal","PDX","PDX three point field goal",2026-06-05 16:51:08.136623,"dk",0.1378,626,0.1739,475,-0.0362,-0.0219,-1.0941,-0.854765625
2026-06-05,"CON @ CHI","two point field goal","CON","CON two point field goal",2026-06-05 16:51:08.136623,"dk",0.4091,144,0.4762,110,-0.0671,-0.064,-3.2012,-2.5009375
2026-06-05,"CON @ CHI","two point field goal","CHI","CHI two point field goal",2026-06-05 16:51:08.136623,"dk",0.3726,168,0.3922,155,-0.0195,-0.0161,-0.8031,-0.627421875
2026-06-05,"DAL @ LAS","two point field goal","LAS","LAS two point field goal",2026-06-05 16:51:08.136623,"dk",0.3659,173,0.4,150,-0.0341,-0.0284,-1.4203,-1.109609375
2026-06-05,"DAL @ LAS","two point field goal","DAL","DAL two point field goal",2026-06-05 16:51:08.136623,"dk",0.364,175,0.4255,135,-0.0616,-0.0536,-2.6792,-2.093125
2026-06-05,"PHX @ PDX","two point field goal","PHX","PHX two point field goal",2026-06-05 16:51:08.136623,"dk",0.4125,142,0.4348,130,-0.0223,-0.0197,-0.9844,-0.7690625
2026-06-05,"PHX @ PDX","two point field goal","PDX","PDX two point field goal",2026-06-05 16:51:08.136623,"dk",0.3348,199,0.3636,175,-0.0288,-0.0226,-1.1321,-0.884453125
