"date","book","game","game_id","prop_type","bet_level_1","bet_level_2","bet_level_3","bet_location","bet_status","prob_model","line_model","prob_book","line_book","edge","kelly","units","units_standardized","run_timestamp_utc","timestamp_id","play","result","units_bet","units_net","units_standardized_bet","units_standardized_net","unique_play"
2026-05-08,"FanDuel","CON @ NYL","1022600001","First Basket by Team","First Points","Player","Team","Home/Away","Favorite/Underdog",0.1575,535,0.1333,650,0.0241,0.0139,1.3927,0.650794392523364,2026-05-08 23:19:26.420889,1,"Kennedy Burke","Loss",1.3927,-1.3927,0.650794392523364,-0.650794392523364,"First Basket by Team_Kennedy Burke_2026-05-08"
2026-05-08,"FanDuel","GSV @ SEA","1022600003","First Basket","First Points","Player","Game","Home/Away","Favorite/Underdog",0.1404,612,0.125,700,0.0154,0.0088,0.8794,0.745254237288136,2026-05-08 17:36:57.041986,1,"Natisha Hiedeman","Loss",0.8794,-0.8794,0.745254237288136,-0.745254237288136,"First Basket_Natisha Hiedeman_2026-05-08"
2026-05-08,"FanDuel","GSV @ SEA","1022600003","First Basket Exact","First Points","Player","Exact","Home/Away","Favorite/Underdog",0.0424,2258,0.0278,3500,0.0146,0.0075,0.7521,1.12253731343284,2026-05-08 15:46:44.964326,1,"Natisha Hiedeman other","Loss",0.7521,-0.7521,1.12253731343284,-1.12253731343284,"First Basket Exact_Natisha Hiedeman other_2026-05-08"
2026-05-08,"FanDuel","GSV @ SEA","1022600003","First Basket by Team","First Points","Player","Team","Home/Away","Favorite/Underdog",0.255,292,0.2326,330,0.0224,0.0146,1.4618,0.683084112149533,2026-05-08 15:46:44.939302,1,"Natisha Hiedeman","Loss",1.4618,-1.4618,0.683084112149533,-0.683084112149533,"First Basket by Team_Natisha Hiedeman_2026-05-08"
2026-05-08,"FanDuel","GSV @ SEA","1022600003","First Basket by Team","First Points","Player","Team","Home/Away","Favorite/Underdog",0.255,292,0.2222,350,0.0328,0.0211,2.1068,0.984485981308411,2026-05-08 17:36:57.103773,3,"Natisha Hiedeman","Loss",0.645,-0.645,0.301401869158878,-0.301401869158878,"First Basket by Team_Natisha Hiedeman_2026-05-08"
2026-05-08,"Draft Kings","WAS @ TOR","1022600002","First Basket","First Points","Player","Game","Home/Away","Favorite/Underdog",0.128,682,0.1,900,0.028,0.0155,1.5532,1.31627118644068,2026-05-08 15:46:44.877917,1,"Brittney Sykes","Loss",0.7766,-0.7766,0.65813559322034,-0.65813559322034,"First Basket_Brittney Sykes_2026-05-08"
2026-05-08,"FanDuel","WAS @ TOR","1022600002","First Basket","First Points","Player","Game","Home/Away","Favorite/Underdog",0.128,682,0.1,900,0.028,0.0155,1.5532,1.31627118644068,2026-05-08 15:46:44.877917,1,"Brittney Sykes","Loss",0.7766,-0.7766,0.65813559322034,-0.65813559322034,"First Basket_Brittney Sykes_2026-05-08"
2026-05-08,"FanDuel","WAS @ TOR","1022600002","First Basket","First Points","Player","Game","Home/Away","Favorite/Underdog",0.128,682,0.0952,950,0.0327,0.0181,1.8082,1.53237288135593,2026-05-08 17:36:57.041986,3,"Brittney Sykes","Loss",0.255,-0.255,0.21610169491525,-0.21610169491525,"First Basket_Brittney Sykes_2026-05-08"
2026-05-08,"Caesars","WAS @ TOR","1022600002","First Basket","First Points","Player","Game","Home/Away","Favorite/Underdog",0.0875,1043,0.0769,1200,0.0105,0.0057,0.5707,0.48364406779661,2026-05-08 15:46:44.877917,1,"Julie Allemand","Loss",0.190233333333333,-0.190233333333333,0.161214689265537,-0.161214689265537,"First Basket_Julie Allemand_2026-05-08"
2026-05-08,"Draft Kings","WAS @ TOR","1022600002","First Basket","First Points","Player","Game","Home/Away","Favorite/Underdog",0.0875,1043,0.0769,1200,0.0105,0.0057,0.5707,0.48364406779661,2026-05-08 15:46:44.877917,1,"Julie Allemand","Loss",0.190233333333333,-0.190233333333333,0.161214689265537,-0.161214689265537,"First Basket_Julie Allemand_2026-05-08"
2026-05-08,"FanDuel","WAS @ TOR","1022600002","First Basket","First Points","Player","Game","Home/Away","Favorite/Underdog",0.0875,1043,0.0667,1400,0.0208,0.0111,1.1138,0.943898305084746,2026-05-08 17:36:57.041986,3,"Julie Allemand","Loss",0.5431,-0.5431,0.460254237288136,-0.460254237288136,"First Basket_Julie Allemand_2026-05-08"
2026-05-08,"FanDuel","WAS @ TOR","1022600002","First Basket","First Points","Player","Game","Home/Away","Favorite/Underdog",0.0875,1043,0.0769,1200,0.0105,0.0057,0.5707,0.48364406779661,2026-05-08 15:46:44.877917,1,"Julie Allemand","Loss",0.190233333333333,-0.190233333333333,0.161214689265537,-0.161214689265537,"First Basket_Julie Allemand_2026-05-08"
2026-05-08,"Draft Kings","WAS @ TOR","1022600002","First Basket","First Points","Player","Game","Home/Away","Favorite/Underdog",0.1476,578,0.1333,650,0.0142,0.0082,0.8211,0.695847457627119,2026-05-08 15:46:44.877917,1,"Kiki Iriafen","Loss",0.8211,-0.8211,0.695847457627119,-0.695847457627119,"First Basket_Kiki Iriafen_2026-05-08"
2026-05-08,"FanDuel","WAS @ TOR","1022600002","First Basket","First Points","Player","Game","Home/Away","Favorite/Underdog",0.1324,655,0.1176,750,0.0148,0.0084,0.8365,0.708898305084746,2026-05-08 21:02:56.674523,1,"Marina Mabrey","Loss",0.8365,-0.8365,0.708898305084746,-0.708898305084746,"First Basket_Marina Mabrey_2026-05-08"
2026-05-08,"Draft Kings","WAS @ TOR","1022600002","First Basket","First Points","Player","Game","Home/Away","Favorite/Underdog",0.1139,778,0.1,900,0.0139,0.0077,0.7743,0.656186440677966,2026-05-08 22:34:26.557619,1,"Nyara Sabally","Loss",0.7743,-0.7743,0.656186440677966,-0.656186440677966,"First Basket_Nyara Sabally_2026-05-08"
2026-05-08,"FanDuel","WAS @ TOR","1022600002","First Basket Exact","First Points","Player","Exact","Home/Away","Favorite/Underdog",0.0393,2446,0.0196,5000,0.0197,0.01,1.0028,1.49671641791045,2026-05-08 15:46:44.964326,1,"Brittney Sykes other","Loss",1.0028,-1.0028,1.49671641791045,-1.49671641791045,"First Basket Exact_Brittney Sykes other_2026-05-08"
2026-05-08,"FanDuel","WAS @ TOR","1022600002","First Basket Exact","First Points","Player","Exact","Home/Away","Favorite/Underdog",0.0578,1630,0.0385,2500,0.0194,0.0101,1.0063,1.50194029850746,2026-05-08 15:46:44.964326,1,"Kiki Iriafen other","Loss",1.0063,-1.0063,1.50194029850746,-1.50194029850746,"First Basket Exact_Kiki Iriafen other_2026-05-08"
2026-05-08,"FanDuel","WAS @ TOR","1022600002","First Basket Exact","First Points","Player","Exact","Home/Away","Favorite/Underdog",0.0385,2495,0.0278,3500,0.0108,0.0055,0.553,0.825373134328358,2026-05-08 15:46:44.964326,1,"Marina Mabrey layup","Loss",0.553,-0.553,0.825373134328358,-0.825373134328358,"First Basket Exact_Marina Mabrey layup_2026-05-08"
2026-05-08,"FanDuel","WAS @ TOR","1022600002","First Basket Exact","First Points","Player","Exact","Home/Away","Favorite/Underdog",0.046,2073,0.0357,2700,0.0103,0.0053,0.5347,0.798059701492537,2026-05-08 15:46:44.964326,1,"Marina Mabrey other","Loss",0.5347,-0.5347,0.798059701492537,-0.798059701492537,"First Basket Exact_Marina Mabrey other_2026-05-08"
2026-05-08,"FanDuel","WAS @ TOR","1022600002","First Basket by Team","First Points","Player","Team","Home/Away","Favorite/Underdog",0.2423,313,0.1923,420,0.05,0.031,3.0953,1.44640186915888,2026-05-08 15:46:44.939302,1,"Brittney Sykes","Win",3.0953,13.00026,1.44640186915888,6.0748878504673,"First Basket by Team_Brittney Sykes_2026-05-08"
2026-05-08,"FanDuel","WAS @ TOR","1022600002","First Basket by Team","First Points","Player","Team","Home/Away","Favorite/Underdog",0.2423,313,0.1887,430,0.0536,0.0331,3.3051,1.54443925233645,2026-05-08 18:06:15.230037,4,"Brittney Sykes","Win",0.2098,0.90214,0.09803738317757,0.421560747663551,"First Basket by Team_Brittney Sykes_2026-05-08"
2026-05-08,"FanDuel","WAS @ TOR","1022600002","First Basket by Team","First Points","Player","Team","Home/Away","Favorite/Underdog",0.1656,504,0.1429,600,0.0228,0.0133,1.3276,0.620373831775701,2026-05-08 15:46:44.939302,1,"Julie Allemand","Loss",1.3276,-1.3276,0.620373831775701,-0.620373831775701,"First Basket by Team_Julie Allemand_2026-05-08"
2026-05-08,"FanDuel","WAS @ TOR","1022600002","First Basket by Team","First Points","Player","Team","Home/Away","Favorite/Underdog",0.1656,504,0.1333,650,0.0323,0.0186,1.8625,0.870327102803738,2026-05-08 17:36:57.103773,3,"Julie Allemand","Loss",0.5349,-0.5349,0.249953271028037,-0.249953271028037,"First Basket by Team_Julie Allemand_2026-05-08"
2026-05-08,"FanDuel","WAS @ TOR","1022600002","First Basket by Team","First Points","Player","Team","Home/Away","Favorite/Underdog",0.3127,220,0.2703,270,0.0424,0.0291,2.9068,1.35831775700935,2026-05-08 15:46:44.939302,1,"Kiki Iriafen","Loss",2.9068,-2.9068,1.35831775700935,-1.35831775700935,"First Basket by Team_Kiki Iriafen_2026-05-08"
2026-05-08,"FanDuel","WAS @ TOR","1022600002","First Basket by Team","First Points","Player","Team","Home/Away","Favorite/Underdog",0.2507,299,0.2381,320,0.0126,0.0083,0.8295,0.387616822429907,2026-05-08 19:35:21.083575,1,"Marina Mabrey","Loss",0.8295,-0.8295,0.387616822429907,-0.387616822429907,"First Basket by Team_Marina Mabrey_2026-05-08"
2026-05-09,"Draft Kings","ATL @ MIN","1022600010","First Basket","First Points","Player","Game","Home/Away","Favorite/Underdog",0.1229,714,0.0909,1000,0.032,0.0176,1.7602,1.49169491525424,2026-05-09 16:00:27.085282,1,"Courtney Williams","Loss",1.7602,-1.7602,1.49169491525424,-1.49169491525424,"First Basket_Courtney Williams_2026-05-09"
2026-05-09,"FanDuel","ATL @ MIN","1022600010","First Basket Exact","First Points","Player","Exact","Home/Away","Favorite/Underdog",0.0334,2895,0.0196,5000,0.0138,0.007,0.7026,1.04865671641791,2026-05-09 16:00:27.166956,1,"Courtney Williams layup","Loss",0.7026,-0.7026,1.04865671641791,-1.04865671641791,"First Basket Exact_Courtney Williams layup_2026-05-09"
2026-05-09,"FanDuel","ATL @ MIN","1022600010","First Basket Exact","First Points","Player","Exact","Home/Away","Favorite/Underdog",0.0556,1698,0.0385,2500,0.0172,0.0089,0.8928,1.33253731343284,2026-05-09 16:00:27.166956,1,"Courtney Williams other","Loss",0.8928,-0.8928,1.33253731343284,-1.33253731343284,"First Basket Exact_Courtney Williams other_2026-05-09"
2026-05-09,"FanDuel","ATL @ MIN","1022600010","First Basket Exact","First Points","Player","Exact","Home/Away","Favorite/Underdog",0.0346,2790,0.0244,4000,0.0102,0.0052,0.5236,0.781492537313433,2026-05-09 22:26:30.940178,10,"Rhyne Howard layup","Loss",0.5236,-0.5236,0.781492537313433,-0.781492537313433,"First Basket Exact_Rhyne Howard layup_2026-05-09"
2026-05-09,"FanDuel","ATL @ MIN","1022600010","First Basket by Team","First Points","Player","Team","Home/Away","Favorite/Underdog",0.2551,292,0.1923,420,0.0628,0.0388,3.8849,1.8153738317757,2026-05-09 16:00:27.139048,1,"Courtney Williams","Loss",3.8849,-3.8849,1.8153738317757,-1.8153738317757,"First Basket by Team_Courtney Williams_2026-05-09"
2026-05-09,"FanDuel","ATL @ MIN","1022600010","First Basket by Team","First Points","Player","Team","Home/Away","Favorite/Underdog",0.2551,292,0.1887,430,0.0664,0.0409,4.0911,1.91172897196262,2026-05-09 16:45:50.334842,2,"Courtney Williams","Loss",0.2062,-0.2062,0.09635514018692,-0.09635514018692,"First Basket by Team_Courtney Williams_2026-05-09"
2026-05-09,"FanDuel","ATL @ MIN","1022600010","First Basket by Team","First Points","Player","Team","Home/Away","Favorite/Underdog",0.1859,438,0.1754,470,0.0104,0.0063,0.6335,0.296028037383178,2026-05-09 16:00:27.139048,1,"Jordin Canada","Loss",0.6335,-0.6335,0.296028037383178,-0.296028037383178,"First Basket by Team_Jordin Canada_2026-05-09"
2026-05-09,"FanDuel","ATL @ MIN","1022600010","First Basket by Team","First Points","Player","Team","Home/Away","Favorite/Underdog",0.1859,438,0.1724,480,0.0135,0.0081,0.8139,0.380327102803738,2026-05-09 16:45:50.334842,2,"Jordin Canada","Loss",0.1804,-0.1804,0.08429906542056,-0.08429906542056,"First Basket by Team_Jordin Canada_2026-05-09"
2026-05-09,"Draft Kings","CHI @ PDX","1022600006","First Basket","First Points","Player","Game","Home/Away","Favorite/Underdog",0.1188,742,0.0833,1100,0.0355,0.0194,1.9357,1.64042372881356,2026-05-09 16:00:27.085282,1,"Carla Leite","Loss",1.9357,-1.9357,1.64042372881356,-1.64042372881356,"First Basket_Carla Leite_2026-05-09"
2026-05-09,"Draft Kings","CHI @ PDX","1022600006","First Basket","First Points","Player","Game","Home/Away","Favorite/Underdog",0.1131,784,0.0833,1100,0.0298,0.0162,1.6231,1.37550847457627,2026-05-09 16:00:27.085282,1,"Emily Engstler","Loss",1.6231,-1.6231,1.37550847457627,-1.37550847457627,"First Basket_Emily Engstler_2026-05-09"
2026-05-09,"FanDuel","CHI @ PDX","1022600006","First Basket Exact","First Points","Player","Exact","Home/Away","Favorite/Underdog",0.0395,2429,0.0278,3500,0.0118,0.006,0.605,0.902985074626866,2026-05-09 16:00:27.166956,1,"Carla Leite other","Loss",0.605,-0.605,0.902985074626866,-0.902985074626866,"First Basket Exact_Carla Leite other_2026-05-09"
2026-05-09,"FanDuel","CHI @ PDX","1022600006","First Basket Exact","First Points","Player","Exact","Home/Away","Favorite/Underdog",0.0395,2429,0.0244,4000,0.0152,0.0078,0.7765,1.1589552238806,2026-05-09 16:45:50.36932,2,"Carla Leite other","Loss",0.1715,-0.1715,0.255970149253734,-0.255970149253734,"First Basket Exact_Carla Leite other_2026-05-09"
2026-05-09,"FanDuel","CHI @ PDX","1022600006","First Basket by Team","First Points","Player","Team","Home/Away","Favorite/Underdog",0.2642,278,0.2083,380,0.0559,0.0353,3.5287,1.64892523364486,2026-05-09 16:00:27.139048,1,"Carla Leite","Win",3.5287,13.40906,1.64892523364486,6.26591588785047,"First Basket by Team_Carla Leite_2026-05-09"
2026-05-09,"FanDuel","CHI @ PDX","1022600006","First Basket by Team","First Points","Player","Team","Home/Away","Favorite/Underdog",0.2515,298,0.2174,360,0.0341,0.0218,2.1767,1.01714953271028,2026-05-09 16:00:27.139048,1,"Emily Engstler","Loss",2.1767,-2.1767,1.01714953271028,-1.01714953271028,"First Basket by Team_Emily Engstler_2026-05-09"
2026-05-09,"FanDuel","CHI @ PDX","1022600006","First Basket by Team","First Points","Player","Team","Home/Away","Favorite/Underdog",0.1552,544,0.1429,600,0.0123,0.0072,0.7187,0.335841121495327,2026-05-09 23:56:31.512444,1,"Jacy Sheldon","Loss",0.7187,-0.7187,0.335841121495327,-0.335841121495327,"First Basket by Team_Jacy Sheldon_2026-05-09"
2026-05-09,"FanDuel","CHI @ PDX","1022600006","First Team","First Points","Team","Quarter","Home/Away","Favorite/Underdog",0.4497,122,0.4237,136,0.026,0.0226,1.1279,0.732402597402597,2026-05-09 16:00:27.188344,1,"1Q PDX","Loss",1.1279,-1.1279,0.732402597402597,-0.732402597402597,"First Team_1Q PDX_2026-05-09"
2026-05-09,"FanDuel","DAL @ IND","1022600004","First Basket by Team","First Points","Player","Team","Home/Away","Favorite/Underdog",0.1855,439,0.1695,490,0.016,0.0097,0.9651,0.450981308411215,2026-05-09 16:45:50.334842,1,"Alanna Smith","Loss",0.9651,-0.9651,0.450981308411215,-0.450981308411215,"First Basket by Team_Alanna Smith_2026-05-09"
2026-05-09,"FanDuel","PHX @ LVA","1022600005","First Basket","First Points","Player","Game","Home/Away","Favorite/Underdog",0.1485,573,0.1333,650,0.0152,0.0088,0.8758,0.742203389830508,2026-05-09 16:00:27.085282,1,"Alyssa Thomas","Win",0.8758,5.6927,0.742203389830508,4.8243220338983,"First Basket_Alyssa Thomas_2026-05-09"
2026-05-09,"FanDuel","PHX @ LVA","1022600005","First Basket Exact","First Points","Player","Exact","Home/Away","Favorite/Underdog",0.0635,1474,0.05,1900,0.0135,0.0071,0.7128,1.06388059701493,2026-05-09 16:00:27.166956,1,"Alyssa Thomas other","Loss",0.7128,-0.7128,1.06388059701493,-1.06388059701493,"First Basket Exact_Alyssa Thomas other_2026-05-09"
2026-05-09,"FanDuel","PHX @ LVA","1022600005","First Basket Exact","First Points","Player","Exact","Home/Away","Favorite/Underdog",0.0635,1474,0.0476,2000,0.0159,0.0084,0.836,1.24776119402985,2026-05-09 16:45:50.36932,2,"Alyssa Thomas other","Loss",0.1232,-0.1232,0.18388059701492,-0.18388059701492,"First Basket Exact_Alyssa Thomas other_2026-05-09"
2026-05-09,"FanDuel","PHX @ LVA","1022600005","First Team","First Points","Team","Quarter","Home/Away","Favorite/Underdog",0.5373,-116,0.5238,-110,0.0135,0.0142,0.7077,0.459545454545455,2026-05-09 16:00:27.188344,1,"1Q PHX","Win",0.7077,0.643363636363636,0.459545454545455,0.417768595041323,"First Team_1Q PHX_2026-05-09"
2026-05-10,"Draft Kings","LVA @ LAS","1022600009","First Basket","First Points","Player","Game","Home/Away","Favorite/Underdog",0.0827,1110,0.0667,1400,0.016,0.0086,0.8567,0.726016949152542,2026-05-10 15:27:08.752759,1,"Ariel Atkins","Loss",0.8567,-0.8567,0.726016949152542,-0.726016949152542,"First Basket_Ariel Atkins_2026-05-10"
2026-05-10,"FanDuel","LVA @ LAS","1022600009","First Basket","First Points","Player","Game","Home/Away","Favorite/Underdog",0.0832,1102,0.0625,1500,0.0207,0.0111,1.1054,0.936779661016949,2026-05-10 18:29:02.325442,2,"Ariel Atkins","Loss",0.2487,-0.2487,0.210762711864407,-0.210762711864407,"First Basket_Ariel Atkins_2026-05-10"
2026-05-10,"Draft Kings","LVA @ LAS","1022600009","First Basket","First Points","Player","Game","Home/Away","Favorite/Underdog",0.085,1076,0.0714,1300,0.0136,0.0073,0.7319,0.620254237288136,2026-05-10 18:29:02.325442,2,"Rae Burrell","Loss",0.7319,-0.7319,0.620254237288136,-0.620254237288136,"First Basket_Rae Burrell_2026-05-10"
2026-05-10,"FanDuel","LVA @ LAS","1022600009","First Basket by Team","First Points","Player","Team","Home/Away","Favorite/Underdog",0.1686,493,0.1333,650,0.0353,0.0204,2.037,0.951869158878505,2026-05-10 18:29:02.385873,2,"Ariel Atkins","Win",2.037,13.2405,0.951869158878505,6.18714953271028,"First Basket by Team_Ariel Atkins_2026-05-10"
2026-05-10,"FanDuel","LVA @ LAS","1022600009","First Basket by Team","First Points","Player","Team","Home/Away","Favorite/Underdog",0.1378,626,0.125,700,0.0128,0.0073,0.7298,0.341028037383178,2026-05-10 18:29:02.385873,1,"Chelsea Gray","Loss",0.7298,-0.7298,0.341028037383178,-0.341028037383178,"First Basket by Team_Chelsea Gray_2026-05-10"
2026-05-10,"Fanatics","LVA @ LAS","1022600009","First Basket by Team","First FGM","Player","Team","Home/Away","Favorite/Underdog",0.1687,493,0.1538,550,0.0148,0.0088,0.8755,0.40911214953271,2026-05-10 15:27:08.812201,1,"NaLyssa Smith","Loss",0.8755,-0.8755,0.40911214953271,-0.40911214953271,"First Basket by Team_NaLyssa Smith_2026-05-10"
2026-05-10,"FanDuel","LVA @ LAS","1022600009","First Basket by Team","First Points","Player","Team","Home/Away","Favorite/Underdog",0.1723,480,0.1429,600,0.0294,0.0172,1.7163,0.802009345794392,2026-05-10 18:29:02.385873,2,"Rae Burrell","Loss",1.7163,-1.7163,0.802009345794392,-0.802009345794392,"First Basket by Team_Rae Burrell_2026-05-10"
2026-05-10,"FanDuel","NYL @ WAS","1022600008","First Basket","First Points","Player","Game","Home/Away","Favorite/Underdog",0.0752,1230,0.0588,1600,0.0164,0.0087,0.8705,0.73771186440678,2026-05-10 15:27:08.752759,1,"Georgia Amoore","Loss",0.8705,-0.8705,0.73771186440678,-0.73771186440678,"First Basket_Georgia Amoore_2026-05-10"
2026-05-10,"FanDuel","NYL @ WAS","1022600008","First Basket","First Points","Player","Game","Home/Away","Favorite/Underdog",0.0742,1248,0.0556,1700,0.0186,0.0099,0.9861,0.835677966101695,2026-05-10 18:29:02.325442,2,"Georgia Amoore","Loss",0.1156,-0.1156,0.0979661016949149,-0.0979661016949149,"First Basket_Georgia Amoore_2026-05-10"
2026-05-10,"FanDuel","NYL @ WAS","1022600008","First Basket Exact","First Points","Player","Exact","Home/Away","Favorite/Underdog",0.0327,2962,0.0196,5000,0.0131,0.0067,0.6656,0.993432835820895,2026-05-10 15:27:08.836296,1,"Marine Johannes layup","Loss",0.6656,-0.6656,0.993432835820895,-0.993432835820895,"First Basket Exact_Marine Johannes layup_2026-05-10"
2026-05-10,"Fanatics","NYL @ WAS","1022600008","First Basket by Team","First FGM","Player","Team","Home/Away","Favorite/Underdog",0.1763,467,0.1429,600,0.0335,0.0195,1.9526,0.912429906542056,2026-05-10 15:27:08.812201,1,"Georgia Amoore","Loss",1.9526,-1.9526,0.912429906542056,-0.912429906542056,"First Basket by Team_Georgia Amoore_2026-05-10"
2026-05-10,"FanDuel","PHX @ GSV","1022600011","First Basket","First Points","Player","Game","Home/Away","Favorite/Underdog",0.1617,518,0.1429,600,0.0189,0.011,1.1019,0.933813559322034,2026-05-10 18:29:02.325442,1,"Alyssa Thomas","Loss",1.1019,-1.1019,0.933813559322034,-0.933813559322034,"First Basket_Alyssa Thomas_2026-05-10"
2026-05-10,"BetRivers","PHX @ GSV","1022600011","First Basket","First FGM","Player","Game","Home/Away","Favorite/Underdog",0.0944,959,0.0769,1200,0.0175,0.0095,0.9492,0.804406779661017,2026-05-10 22:35:50.372487,1,"Jovana Nogic","Win",0.9492,11.3904,0.804406779661017,9.6528813559322,"First Basket_Jovana Nogic_2026-05-10"
2026-05-10,"FanDuel","PHX @ GSV","1022600011","First Basket","First Points","Player","Game","Home/Away","Favorite/Underdog",0.0972,929,0.0769,1200,0.0202,0.011,1.0967,0.929406779661017,2026-05-11 00:22:26.491288,1,"Kaila Charles","Loss",1.0967,-1.0967,0.929406779661017,-0.929406779661017,"First Basket_Kaila Charles_2026-05-10"
2026-05-10,"FanDuel","PHX @ GSV","1022600011","First Basket Exact","First Points","Player","Exact","Home/Away","Favorite/Underdog",0.0713,1302,0.0588,1600,0.0125,0.0066,0.6645,0.991791044776119,2026-05-10 18:29:02.411415,1,"Alyssa Thomas other","Loss",0.6645,-0.6645,0.991791044776119,-0.991791044776119,"First Basket Exact_Alyssa Thomas other_2026-05-10"
2026-05-10,"Fanatics","PHX @ GSV","1022600011","First Basket by Team","First FGM","Player","Team","Home/Away","Favorite/Underdog",0.177,465,0.1538,550,0.0232,0.0137,1.3699,0.640140186915888,2026-05-10 22:35:50.488609,1,"Jovana Nogic","Win",1.3699,7.53445,0.640140186915888,3.52077102803738,"First Basket by Team_Jovana Nogic_2026-05-10"
2026-05-10,"FanDuel","PHX @ GSV","1022600011","First Basket by Team","First Points","Player","Team","Home/Away","Favorite/Underdog",0.2116,373,0.1538,550,0.0578,0.0341,3.4142,1.59542056074766,2026-05-11 00:22:26.70104,1,"Kaila Charles","Loss",3.4142,-3.4142,1.59542056074766,-1.59542056074766,"First Basket by Team_Kaila Charles_2026-05-10"
2026-05-10,"FanDuel","PHX @ GSV","1022600011","First Basket by Team","First Points","Player","Team","Home/Away","Favorite/Underdog",0.1528,554,0.1333,650,0.0195,0.0112,1.1233,0.524906542056075,2026-05-10 22:55:56.662715,1,"Kiah Stokes","Win",1.1233,7.30145,0.524906542056075,3.41189252336449,"First Basket by Team_Kiah Stokes_2026-05-10"
2026-05-10,"FanDuel","PHX @ GSV","1022600011","First Team","First Points","Team","Quarter","Home/Away","Favorite/Underdog",0.5817,-139,0.5652,-130,0.0165,0.0189,0.946,0.614285714285714,2026-05-10 18:29:02.435266,1,"1Q PHX","Win",0.946,0.727692307692308,0.614285714285714,0.472527472527472,"First Team_1Q PHX_2026-05-10"
2026-05-10,"FanDuel","SEA @ CON","1022600007","First Basket","First Points","Player","Game","Home/Away","Favorite/Underdog",0.1013,887,0.0909,1000,0.0104,0.0057,0.574,0.486440677966102,2026-05-10 15:27:08.752759,1,"Flau'jae Johnson","Loss",0.574,-0.574,0.486440677966102,-0.486440677966102,"First Basket_Flau'jae Johnson_2026-05-10"
2026-05-10,"FanDuel","SEA @ CON","1022600007","First Basket","First Points","Player","Game","Home/Away","Favorite/Underdog",0.1005,895,0.0769,1200,0.0236,0.0128,1.2778,1.0828813559322,2026-05-10 15:27:08.752759,1,"Natisha Hiedeman","Loss",1.2778,-1.2778,1.0828813559322,-1.0828813559322,"First Basket_Natisha Hiedeman_2026-05-10"
2026-05-10,"FanDuel","SEA @ CON","1022600007","First Basket","First Points","Player","Game","Home/Away","Favorite/Underdog",0.0831,1103,0.0714,1300,0.0117,0.0063,0.6291,0.533135593220339,2026-05-10 15:27:08.752759,1,"Saniya Rivers","Loss",0.6291,-0.6291,0.533135593220339,-0.533135593220339,"First Basket_Saniya Rivers_2026-05-10"
2026-05-10,"FanDuel","SEA @ CON","1022600007","First Basket by Team","First Points","Player","Team","Home/Away","Favorite/Underdog",0.1551,545,0.125,700,0.0301,0.0172,1.7185,0.80303738317757,2026-05-10 15:27:08.812201,1,"Kennedy Burke","Loss",1.7185,-1.7185,0.80303738317757,-0.80303738317757,"First Basket by Team_Kennedy Burke_2026-05-10"
2026-05-10,"FanDuel","SEA @ CON","1022600007","First Basket by Team","First Points","Player","Team","Home/Away","Favorite/Underdog",0.2076,382,0.1724,480,0.0352,0.0213,2.1259,0.993411214953271,2026-05-10 15:27:08.812201,1,"Natisha Hiedeman","Loss",2.1259,-2.1259,0.993411214953271,-0.993411214953271,"First Basket by Team_Natisha Hiedeman_2026-05-10"
2026-05-10,"FanDuel","SEA @ CON","1022600007","First Basket by Team","First Points","Player","Team","Home/Away","Favorite/Underdog",0.1611,521,0.1176,750,0.0435,0.0246,2.4636,1.15121495327103,2026-05-10 15:27:08.812201,1,"Saniya Rivers","Loss",2.4636,-2.4636,1.15121495327103,-1.15121495327103,"First Basket by Team_Saniya Rivers_2026-05-10"
2026-05-10,"FanDuel","SEA @ CON","1022600007","First Team","First Points","Team","Quarter","Home/Away","Favorite/Underdog",0.4842,107,0.4505,122,0.0337,0.0307,1.5338,0.995974025974026,2026-05-10 15:27:08.859208,1,"1Q SEA","Win",1.5338,1.871236,0.995974025974026,1.21508831168831,"First Team_1Q SEA_2026-05-10"
2026-05-12,"BetRivers","ATL @ DAL","1022600012","First Basket","First FGM","Player","Game","Home/Away","Favorite/Underdog",0.0908,1001,0.0769,1200,0.0139,0.0075,0.7527,0.637881355932203,2026-05-12 12:27:57.040653,1,"Alanna Smith","Loss",0.7527,-0.7527,0.637881355932203,-0.637881355932203,"First Basket_Alanna Smith_2026-05-12"
2026-05-12,"FanDuel","ATL @ DAL","1022600012","First Basket","First Points","Player","Game","Home/Away","Favorite/Underdog",0.098,921,0.0833,1100,0.0146,0.008,0.7976,0.67593220338983,2026-05-12 23:49:22.55149,1,"Jordin Canada","Loss",0.7976,-0.7976,0.67593220338983,-0.67593220338983,"First Basket_Jordin Canada_2026-05-12"
2026-05-12,"FanDuel","ATL @ DAL","1022600012","First Basket Exact","First Points","Player","Exact","Home/Away","Favorite/Underdog",0.0317,3053,0.0217,4500,0.01,0.0051,0.5101,0.76134328358209,2026-05-12 18:49:21.092152,1,"Rhyne Howard layup","Loss",0.5101,-0.5101,0.76134328358209,-0.76134328358209,"First Basket Exact_Rhyne Howard layup_2026-05-12"
2026-05-12,"FanDuel","ATL @ DAL","1022600012","First Basket by Team","First Points","Player","Team","Home/Away","Favorite/Underdog",0.1785,460,0.1667,500,0.0118,0.0071,0.7094,0.331495327102804,2026-05-12 12:27:57.107148,1,"Alanna Smith","Loss",0.7094,-0.7094,0.331495327102804,-0.331495327102804,"First Basket by Team_Alanna Smith_2026-05-12"
2026-05-12,"FanDuel","ATL @ DAL","1022600012","First Basket by Team","First Points","Player","Team","Home/Away","Favorite/Underdog",0.1861,437,0.1754,470,0.0106,0.0064,0.644,0.300934579439252,2026-05-12 19:48:51.97197,1,"Jordin Canada","Loss",0.644,-0.644,0.300934579439252,-0.300934579439252,"First Basket by Team_Jordin Canada_2026-05-12"
2026-05-12,"FanDuel","ATL @ DAL","1022600012","First Basket by Team","First Points","Player","Team","Home/Away","Favorite/Underdog",0.1861,437,0.1538,550,0.0322,0.019,1.9034,0.889439252336448,2026-05-12 23:49:22.612536,2,"Jordin Canada","Loss",1.2594,-1.2594,0.588504672897196,-0.588504672897196,"First Basket by Team_Jordin Canada_2026-05-12"
2026-05-12,"FanDuel","ATL @ DAL","1022600012","First Basket by Team","First Points","Player","Team","Home/Away","Favorite/Underdog",0.1734,477,0.1538,550,0.0196,0.0116,1.1564,0.540373831775701,2026-05-12 23:49:22.612536,1,"Naz Hillmon","Loss",1.1564,-1.1564,0.540373831775701,-0.540373831775701,"First Basket by Team_Naz Hillmon_2026-05-12"
2026-05-12,"FanDuel","MIN @ PHX","1022600013","First Basket","First Points","Player","Game","Home/Away","Favorite/Underdog",0.084,1091,0.0714,1300,0.0125,0.0067,0.6745,0.571610169491525,2026-05-12 16:19:00.466939,1,"Natasha Mack","Loss",0.6745,-0.6745,0.571610169491525,-0.571610169491525,"First Basket_Natasha Mack_2026-05-12"
2026-05-12,"BetRivers","MIN @ PHX","1022600013","First Basket","First FGM","Player","Game","Home/Away","Favorite/Underdog",0.0875,1043,0.0769,1200,0.0106,0.0057,0.572,0.484745762711864,2026-05-12 12:27:57.040653,1,"Olivia Miles","Loss",0.572,-0.572,0.484745762711864,-0.484745762711864,"First Basket_Olivia Miles_2026-05-12"
2026-05-12,"FanDuel","MIN @ PHX","1022600013","First Basket Exact","First Points","Player","Exact","Home/Away","Favorite/Underdog",0.031,3128,0.0196,5000,0.0114,0.0058,0.58,0.865671641791045,2026-05-12 12:27:57.149229,1,"Courtney Williams layup","Loss",0.58,-0.58,0.865671641791045,-0.865671641791045,"First Basket Exact_Courtney Williams layup_2026-05-12"
2026-05-12,"FanDuel","MIN @ PHX","1022600013","First Basket by Team","First Points","Player","Team","Home/Away","Favorite/Underdog",0.1524,556,0.1333,650,0.0191,0.011,1.1006,0.514299065420561,2026-05-12 16:19:00.528264,1,"Natasha Mack","Loss",1.1006,-1.1006,0.514299065420561,-0.514299065420561,"First Basket by Team_Natasha Mack_2026-05-12"
2026-05-12,"FanDuel","MIN @ PHX","1022600013","First Basket by Team","First Points","Player","Team","Home/Away","Favorite/Underdog",0.1819,450,0.1695,490,0.0125,0.0075,0.75,0.350467289719626,2026-05-12 12:27:57.107148,1,"Olivia Miles","Win",0.75,3.675,0.350467289719626,1.71728971962617,"First Basket by Team_Olivia Miles_2026-05-12"
2026-05-12,"Fanatics","MIN @ PHX","1022600013","First Basket by Team","First FGM","Player","Team","Home/Away","Favorite/Underdog",0.1909,424,0.1739,475,0.017,0.0103,1.0292,0.480934579439252,2026-05-12 13:19:15.809188,2,"Olivia Miles","Win",0.2792,1.3262,0.130467289719626,0.619719626168224,"First Basket by Team_Olivia Miles_2026-05-12"
2026-05-12,"BetRivers","NYL @ PDX","1022600014","First Basket","First FGM","Player","Game","Home/Away","Favorite/Underdog",0.1151,768,0.0667,1400,0.0485,0.026,2.5971,2.20093220338983,2026-05-12 12:27:57.040653,1,"Emily Engstler","Loss",2.5971,-2.5971,2.20093220338983,-2.20093220338983,"First Basket_Emily Engstler_2026-05-12"
2026-05-12,"FanDuel","NYL @ PDX","1022600014","First Basket","First Points","Player","Game","Home/Away","Favorite/Underdog",0.1128,787,0.0625,1500,0.0503,0.0268,2.6824,2.27322033898305,2026-05-12 19:48:51.91053,15,"Emily Engstler","Loss",0.0852999999999997,-0.0852999999999997,0.0722881355932197,-0.0722881355932197,"First Basket_Emily Engstler_2026-05-12"
2026-05-12,"FanDuel","NYL @ PDX","1022600014","First Basket Exact","First Points","Player","Exact","Home/Away","Favorite/Underdog",0.0496,1918,0.0357,2700,0.0138,0.0072,0.7178,1.07134328358209,2026-05-12 12:27:57.149229,1,"Emily Engstler layup","Loss",0.7178,-0.7178,1.07134328358209,-1.07134328358209,"First Basket Exact_Emily Engstler layup_2026-05-12"
2026-05-12,"FanDuel","NYL @ PDX","1022600014","First Basket Exact","First Points","Player","Exact","Home/Away","Favorite/Underdog",0.0302,3212,0.0196,5000,0.0106,0.0054,0.54,0.805970149253731,2026-05-12 13:19:15.843571,2,"Marine Johannes layup","Loss",0.54,-0.54,0.805970149253731,-0.805970149253731,"First Basket Exact_Marine Johannes layup_2026-05-12"
2026-05-12,"FanDuel","NYL @ PDX","1022600014","First Basket by Team","First Points","Player","Team","Home/Away","Favorite/Underdog",0.2488,302,0.1667,500,0.0821,0.0493,4.9265,2.30210280373832,2026-05-12 16:49:15.000461,9,"Emily Engstler","Loss",0.1533,-0.1533,0.07163551401869,-0.07163551401869,"First Basket by Team_Emily Engstler_2026-05-12"
2026-05-12,"FanDuel","NYL @ PDX","1022600014","First Basket by Team","First Points","Player","Team","Home/Away","Favorite/Underdog",0.2488,302,0.1695,490,0.0793,0.0477,4.7732,2.23046728971963,2026-05-12 15:19:27.807331,6,"Emily Engstler","Loss",0.1597,-0.1597,0.0746261682243001,-0.0746261682243001,"First Basket by Team_Emily Engstler_2026-05-12"
2026-05-12,"FanDuel","NYL @ PDX","1022600014","First Basket by Team","First Points","Player","Team","Home/Away","Favorite/Underdog",0.2488,302,0.1724,480,0.0764,0.0461,4.6135,2.15584112149533,2026-05-12 13:19:15.809188,2,"Emily Engstler","Loss",0.1665,-0.1665,0.0778037383177601,-0.0778037383177601,"First Basket by Team_Emily Engstler_2026-05-12"
2026-05-12,"FanDuel","NYL @ PDX","1022600014","First Basket by Team","First Points","Player","Team","Home/Away","Favorite/Underdog",0.2488,302,0.1754,470,0.0733,0.0445,4.447,2.07803738317757,2026-05-12 12:27:57.107148,1,"Emily Engstler","Loss",4.447,-4.447,2.07803738317757,-2.07803738317757,"First Basket by Team_Emily Engstler_2026-05-12"
2026-05-12,"FanDuel","NYL @ PDX","1022600014","First Basket by Team","First Points","Player","Team","Home/Away","Favorite/Underdog",0.1709,485,0.1538,550,0.0171,0.0101,1.0092,0.471588785046729,2026-05-12 12:27:57.107148,1,"Marine Johannes","Loss",1.0092,-1.0092,0.471588785046729,-0.471588785046729,"First Basket by Team_Marine Johannes_2026-05-12"
2026-05-12,"FanDuel","NYL @ PDX","1022600014","First Basket by Team","First Points","Player","Team","Home/Away","Favorite/Underdog",0.1709,485,0.1429,600,0.0281,0.0164,1.6373,0.765093457943925,2026-05-12 13:19:15.809188,2,"Marine Johannes","Loss",0.6281,-0.6281,0.293504672897196,-0.293504672897196,"First Basket by Team_Marine Johannes_2026-05-12"
2026-05-12,"FanDuel","NYL @ PDX","1022600014","First Basket by Team","First Points","Player","Team","Home/Away","Favorite/Underdog",0.1552,544,0.1429,600,0.0123,0.0072,0.7191,0.336028037383178,2026-05-12 21:18:40.033768,1,"Pauline Astier","Win",0.7191,4.3146,0.336028037383178,2.01616822429907,"First Basket by Team_Pauline Astier_2026-05-12"
2026-05-12,"FanDuel","NYL @ PDX","1022600014","First Basket by Team","First Points","Player","Team","Home/Away","Favorite/Underdog",0.1552,544,0.1333,650,0.0219,0.0126,1.2606,0.589065420560748,2026-05-12 21:48:56.411725,2,"Pauline Astier","Win",0.5415,3.51975,0.25303738317757,1.6447429906542,"First Basket by Team_Pauline Astier_2026-05-12"
2026-05-12,"FanDuel","NYL @ PDX","1022600014","First Team","First Points","Team","Quarter","Home/Away","Favorite/Underdog",0.4534,121,0.4032,148,0.0502,0.042,2.1021,1.365,2026-05-12 23:49:22.671711,23,"1Q PDX","Win",0.2569,0.380212,0.16681818181818,0.246890909090906,"First Team_1Q PDX_2026-05-12"
2026-05-12,"FanDuel","NYL @ PDX","1022600014","First Team","First Points","Team","Quarter","Home/Away","Favorite/Underdog",0.4534,121,0.4098,144,0.0436,0.0369,1.8452,1.19818181818182,2026-05-12 13:19:15.869018,2,"1Q PDX","Win",0.1335,0.19224,0.0866883116883099,0.124831168831166,"First Team_1Q PDX_2026-05-12"
2026-05-12,"FanDuel","NYL @ PDX","1022600014","First Team","First Points","Team","Quarter","Home/Away","Favorite/Underdog",0.4534,121,0.4132,142,0.0402,0.0342,1.7117,1.11149350649351,2026-05-12 12:27:57.174768,1,"1Q PDX","Win",1.7117,2.430614,1.11149350649351,1.57832077922078,"First Team_1Q PDX_2026-05-12"
2026-05-13,"BetRivers","CHI @ GSV","1022600017","First Basket","First FGM","Player","Game","Home/Away","Favorite/Underdog",0.0986,914,0.0769,1200,0.0217,0.0118,1.1765,0.997033898305085,2026-05-13 12:02:43.185004,1,"Kaila Charles","Loss",1.1765,-1.1765,0.997033898305085,-0.997033898305085,"First Basket_Kaila Charles_2026-05-13"
2026-05-13,"FanDuel","CHI @ GSV","1022600017","First Basket","First Points","Player","Game","Home/Away","Favorite/Underdog",0.1059,845,0.0952,950,0.0106,0.0059,0.5865,0.497033898305085,2026-05-13 22:51:22.224928,1,"Skylar Diggins","Loss",0.5865,-0.5865,0.497033898305085,-0.497033898305085,"First Basket_Skylar Diggins_2026-05-13"
2026-05-13,"FanDuel","CHI @ GSV","1022600017","First Basket by Team","First Points","Player","Team","Home/Away","Favorite/Underdog",0.1427,601,0.125,700,0.0177,0.0101,1.0132,0.473457943925234,2026-05-14 01:51:21.69227,1,"Gabriela Jaquez","Loss",1.0132,-1.0132,0.473457943925234,-0.473457943925234,"First Basket by Team_Gabriela Jaquez_2026-05-13"
2026-05-13,"FanDuel","CHI @ GSV","1022600017","First Basket by Team","First Points","Player","Team","Home/Away","Favorite/Underdog",0.2031,392,0.1538,550,0.0492,0.0291,2.9096,1.3596261682243,2026-05-13 12:02:43.243411,1,"Kaila Charles","Loss",2.9096,-2.9096,1.3596261682243,-1.3596261682243,"First Basket by Team_Kaila Charles_2026-05-13"
2026-05-13,"Fanatics","CHI @ GSV","1022600017","First Basket by Team","First FGM","Player","Team","Home/Away","Favorite/Underdog",0.2063,385,0.1538,550,0.0524,0.031,3.0985,1.44789719626168,2026-05-13 16:51:22.109222,11,"Kaila Charles","Loss",0.1889,-0.1889,0.08827102803738,-0.08827102803738,"First Basket by Team_Kaila Charles_2026-05-13"
2026-05-13,"FanDuel","CHI @ GSV","1022600017","First Basket by Team","First Points","Player","Team","Home/Away","Favorite/Underdog",0.1584,531,0.1429,600,0.0155,0.0091,0.907,0.423831775700935,2026-05-13 12:02:43.243411,1,"Kiah Stokes","Loss",0.907,-0.907,0.423831775700935,-0.423831775700935,"First Basket by Team_Kiah Stokes_2026-05-13"
2026-05-13,"FanDuel","CHI @ GSV","1022600017","First Basket by Team","First Points","Player","Team","Home/Away","Favorite/Underdog",0.2005,399,0.1754,470,0.0251,0.0152,1.5208,0.710654205607477,2026-05-13 22:51:22.351333,1,"Skylar Diggins","Loss",1.5208,-1.5208,0.710654205607477,-0.710654205607477,"First Basket by Team_Skylar Diggins_2026-05-13"
2026-05-13,"FanDuel","CHI @ GSV","1022600017","First Basket by Team","First Points","Player","Team","Home/Away","Favorite/Underdog",0.2005,399,0.1724,480,0.0281,0.017,1.698,0.793457943925234,2026-05-13 23:51:22.420452,3,"Skylar Diggins","Loss",0.1772,-0.1772,0.082803738317757,-0.082803738317757,"First Basket by Team_Skylar Diggins_2026-05-13"
2026-05-13,"Draft Kings","IND @ LAS","1022600018","First Basket","First Points","Player","Game","Home/Away","Favorite/Underdog",0.0817,1123,0.0625,1500,0.0192,0.0103,1.0264,0.869830508474576,2026-05-13 12:02:43.185004,1,"Ariel Atkins","Loss",1.0264,-1.0264,0.869830508474576,-0.869830508474576,"First Basket_Ariel Atkins_2026-05-13"
2026-05-13,"Draft Kings","IND @ LAS","1022600018","First Basket","First Points","Player","Game","Home/Away","Favorite/Underdog",0.0811,1134,0.0667,1400,0.0144,0.0077,0.7715,0.653813559322034,2026-05-13 12:02:43.185004,1,"Rae Burrell","Win",0.38575,5.4005,0.326906779661017,4.57669491525424,"First Basket_Rae Burrell_2026-05-13"
2026-05-13,"FanDuel","IND @ LAS","1022600018","First Basket","First Points","Player","Game","Home/Away","Favorite/Underdog",0.0811,1134,0.0588,1600,0.0222,0.0118,1.1818,1.00152542372881,2026-05-14 02:21:22.719718,30,"Rae Burrell","Win",0.1915,3.064,0.162288135593217,2.59661016949147,"First Basket_Rae Burrell_2026-05-13"
2026-05-13,"FanDuel","IND @ LAS","1022600018","First Basket","First Points","Player","Game","Home/Away","Favorite/Underdog",0.0811,1134,0.0625,1500,0.0186,0.0099,0.9903,0.839237288135593,2026-05-13 12:51:23.133527,3,"Rae Burrell","Win",0.2188,3.282,0.185423728813559,2.78135593220338,"First Basket_Rae Burrell_2026-05-13"
2026-05-13,"FanDuel","IND @ LAS","1022600018","First Basket","First Points","Player","Game","Home/Away","Favorite/Underdog",0.0811,1134,0.0667,1400,0.0144,0.0077,0.7715,0.653813559322034,2026-05-13 12:02:43.185004,1,"Rae Burrell","Win",0.38575,5.4005,0.326906779661017,4.57669491525424,"First Basket_Rae Burrell_2026-05-13"
2026-05-13,"FanDuel","IND @ LAS","1022600018","First Basket","First Points","Player","Game","Home/Away","Favorite/Underdog",0.0741,1249,0.0625,1500,0.0116,0.0062,0.6208,0.526101694915254,2026-05-13 18:51:23.043846,1,"Sophie Cunningham","Loss",0.6208,-0.6208,0.526101694915254,-0.526101694915254,"First Basket_Sophie Cunningham_2026-05-13"
2026-05-13,"FanDuel","IND @ LAS","1022600018","First Basket by Team","First Points","Player","Team","Home/Away","Favorite/Underdog",0.1734,477,0.1333,650,0.0401,0.0231,2.3121,1.08042056074766,2026-05-13 12:02:43.243411,1,"Ariel Atkins","Loss",2.3121,-2.3121,1.08042056074766,-1.08042056074766,"First Basket by Team_Ariel Atkins_2026-05-13"
2026-05-13,"FanDuel","IND @ LAS","1022600018","First Basket by Team","First Points","Player","Team","Home/Away","Favorite/Underdog",0.172,481,0.1429,600,0.0291,0.017,1.6984,0.793644859813084,2026-05-13 12:02:43.243411,1,"Rae Burrell","Win",1.6984,10.1904,0.793644859813084,4.7618691588785,"First Basket by Team_Rae Burrell_2026-05-13"
2026-05-13,"FanDuel","IND @ LAS","1022600018","First Basket by Team","First Points","Player","Team","Home/Away","Favorite/Underdog",0.172,481,0.1333,650,0.0386,0.0223,2.2292,1.04168224299065,2026-05-13 12:51:23.260452,3,"Rae Burrell","Win",0.5308,3.4502,0.248037383177566,1.61224299065418,"First Basket by Team_Rae Burrell_2026-05-13"
2026-05-13,"FanDuel","IND @ LAS","1022600018","First Basket by Team","First Points","Player","Team","Home/Away","Favorite/Underdog",0.1403,613,0.1111,800,0.0291,0.0164,1.6394,0.76607476635514,2026-05-13 19:21:23.999921,12,"Sophie Cunningham","Loss",0.3582,-0.3582,0.167383177570093,-0.167383177570093,"First Basket by Team_Sophie Cunningham_2026-05-13"
2026-05-13,"FanDuel","IND @ LAS","1022600018","First Basket by Team","First Points","Player","Team","Home/Away","Favorite/Underdog",0.1403,613,0.1176,750,0.0226,0.0128,1.2812,0.598691588785047,2026-05-13 18:21:23.1225,10,"Sophie Cunningham","Loss",0.237,-0.237,0.110747663551402,-0.110747663551402,"First Basket by Team_Sophie Cunningham_2026-05-13"
2026-05-13,"FanDuel","IND @ LAS","1022600018","First Basket by Team","First Points","Player","Team","Home/Away","Favorite/Underdog",0.1403,613,0.125,700,0.0153,0.0087,0.8718,0.407383177570093,2026-05-13 12:02:43.243411,1,"Sophie Cunningham","Loss",0.8718,-0.8718,0.407383177570093,-0.407383177570093,"First Basket by Team_Sophie Cunningham_2026-05-13"
2026-05-13,"Fanatics","IND @ LAS","1022600018","First Basket by Team","First FGM","Player","Team","Home/Away","Favorite/Underdog",0.1433,598,0.125,700,0.0183,0.0104,1.0442,0.487943925233645,2026-05-13 13:21:22.787625,4,"Sophie Cunningham","Loss",0.1724,-0.1724,0.080560747663552,-0.080560747663552,"First Basket by Team_Sophie Cunningham_2026-05-13"
2026-05-13,"Draft Kings","LVA @ CON","1022600016","First Basket","First Points","Player","Game","Home/Away","Favorite/Underdog",0.084,1091,0.0714,1300,0.0125,0.0067,0.6742,0.57135593220339,2026-05-13 23:21:22.226003,1,"Charlisse Leger-Walker","Loss",0.6742,-0.6742,0.57135593220339,-0.57135593220339,"First Basket_Charlisse Leger-Walker_2026-05-13"
2026-05-13,"Draft Kings","LVA @ CON","1022600016","First Basket","First Points","Player","Game","Home/Away","Favorite/Underdog",0.0665,1404,0.0526,1800,0.0138,0.0073,0.7305,0.61906779661017,2026-05-13 12:22:03.633976,2,"Chelsea Gray","Loss",0.7305,-0.7305,0.61906779661017,-0.61906779661017,"First Basket_Chelsea Gray_2026-05-13"
2026-05-13,"FanDuel","LVA @ CON","1022600016","First Basket","First Points","Player","Game","Home/Away","Favorite/Underdog",0.0665,1404,0.0476,2000,0.0189,0.0099,0.9898,0.838813559322034,2026-05-13 20:21:21.804235,18,"Chelsea Gray","Loss",0.1228,-0.1228,0.10406779661017,-0.10406779661017,"First Basket_Chelsea Gray_2026-05-13"
2026-05-13,"FanDuel","LVA @ CON","1022600016","First Basket","First Points","Player","Game","Home/Away","Favorite/Underdog",0.0665,1404,0.05,1900,0.0165,0.0087,0.867,0.734745762711864,2026-05-13 16:21:22.946038,10,"Chelsea Gray","Loss",0.1365,-0.1365,0.115677966101694,-0.115677966101694,"First Basket_Chelsea Gray_2026-05-13"
2026-05-13,"FanDuel","LVA @ CON","1022600016","First Basket","First Points","Player","Game","Home/Away","Favorite/Underdog",0.091,999,0.0769,1200,0.0141,0.0076,0.7631,0.646694915254237,2026-05-13 12:02:43.185004,1,"Kennedy Burke","Loss",0.7631,-0.7631,0.646694915254237,-0.646694915254237,"First Basket_Kennedy Burke_2026-05-13"
2026-05-13,"FanDuel","LVA @ CON","1022600016","First Basket","First Points","Player","Game","Home/Away","Favorite/Underdog",0.0909,1000,0.0714,1300,0.0195,0.0105,1.0483,0.888389830508475,2026-05-13 15:51:22.780994,9,"Kennedy Burke","Loss",0.2852,-0.2852,0.241694915254238,-0.241694915254238,"First Basket_Kennedy Burke_2026-05-13"
2026-05-13,"FanDuel","LVA @ CON","1022600016","First Basket by Team","First Points","Player","Team","Home/Away","Favorite/Underdog",0.1451,589,0.1,900,0.0451,0.0251,2.5057,1.17088785046729,2026-05-13 20:21:21.930873,18,"Chelsea Gray","Loss",0.2794,-0.2794,0.13056074766355,-0.13056074766355,"First Basket by Team_Chelsea Gray_2026-05-13"
2026-05-13,"FanDuel","LVA @ CON","1022600016","First Basket by Team","First Points","Player","Team","Home/Away","Favorite/Underdog",0.1451,589,0.1053,850,0.0398,0.0223,2.2263,1.04032710280374,2026-05-13 17:21:22.905928,12,"Chelsea Gray","Loss",0.3143,-0.3143,0.146869158878506,-0.146869158878506,"First Basket by Team_Chelsea Gray_2026-05-13"
2026-05-13,"FanDuel","LVA @ CON","1022600016","First Basket by Team","First Points","Player","Team","Home/Away","Favorite/Underdog",0.1451,589,0.1111,800,0.034,0.0191,1.912,0.893457943925234,2026-05-13 14:21:22.818525,6,"Chelsea Gray","Loss",0.3562,-0.3562,0.166448598130842,-0.166448598130842,"First Basket by Team_Chelsea Gray_2026-05-13"
2026-05-13,"FanDuel","LVA @ CON","1022600016","First Basket by Team","First Points","Player","Team","Home/Away","Favorite/Underdog",0.1451,589,0.1176,750,0.0275,0.0156,1.5558,0.727009345794392,2026-05-13 12:02:43.243411,1,"Chelsea Gray","Loss",1.5558,-1.5558,0.727009345794392,-0.727009345794392,"First Basket by Team_Chelsea Gray_2026-05-13"
2026-05-13,"FanDuel","LVA @ CON","1022600016","First Basket by Team","First Points","Player","Team","Home/Away","Favorite/Underdog",0.1677,496,0.1429,600,0.0249,0.0145,1.4515,0.678271028037383,2026-05-13 12:02:43.243411,1,"Kennedy Burke","Win",1.4515,8.709,0.678271028037383,4.0696261682243,"First Basket by Team_Kennedy Burke_2026-05-13"
2026-05-13,"FanDuel","LVA @ CON","1022600016","First Basket by Team","First Points","Player","Team","Home/Away","Favorite/Underdog",0.1677,496,0.1333,650,0.0344,0.0198,1.985,0.927570093457944,2026-05-13 16:21:23.072597,10,"Kennedy Burke","Win",0.5335,3.46775,0.249299065420561,1.62044392523365,"First Basket by Team_Kennedy Burke_2026-05-13"
2026-05-13,"FanDuel","LVA @ CON","1022600016","First Basket by Team","First Points","Player","Team","Home/Away","Favorite/Underdog",0.1686,493,0.1538,550,0.0148,0.0087,0.8735,0.408177570093458,2026-05-13 12:02:43.243411,1,"Saniya Rivers","Loss",0.8735,-0.8735,0.408177570093458,-0.408177570093458,"First Basket by Team_Saniya Rivers_2026-05-13"
2026-05-13,"FanDuel","LVA @ CON","1022600016","First Basket by Team","First Points","Player","Team","Home/Away","Favorite/Underdog",0.1686,493,0.1429,600,0.0258,0.015,1.5033,0.702476635514019,2026-05-13 13:51:23.720482,5,"Saniya Rivers","Loss",0.6298,-0.6298,0.294299065420561,-0.294299065420561,"First Basket by Team_Saniya Rivers_2026-05-13"
2026-05-13,"FanDuel","LVA @ CON","1022600016","First Basket by Team","First Points","Player","Team","Home/Away","Favorite/Underdog",0.1333,650,0.1176,750,0.0157,0.0089,0.8873,0.414626168224299,2026-05-13 22:51:22.351333,1,"Stephanie Talbot","Win",0.8873,6.65475,0.414626168224299,3.10969626168224,"First Basket by Team_Stephanie Talbot_2026-05-13"
2026-05-13,"FanDuel","SEA @ TOR","1022600015","First Basket","First Points","Player","Game","Home/Away","Favorite/Underdog",0.1255,697,0.0952,950,0.0303,0.0167,1.6735,1.41822033898305,2026-05-13 12:02:43.185004,1,"Jordan Horston","Loss",1.6735,-1.6735,1.41822033898305,-1.41822033898305,"First Basket_Jordan Horston_2026-05-13"
2026-05-13,"Draft Kings","SEA @ TOR","1022600015","First Basket","First Points","Player","Game","Home/Away","Favorite/Underdog",0.1255,697,0.0909,1000,0.0346,0.019,1.9036,1.61322033898305,2026-05-13 22:51:22.224928,23,"Jordan Horston","Loss",0.11505,-0.11505,0.0974999999999999,-0.0974999999999999,"First Basket_Jordan Horston_2026-05-13"
2026-05-13,"FanDuel","SEA @ TOR","1022600015","First Basket","First Points","Player","Game","Home/Away","Favorite/Underdog",0.1255,697,0.0909,1000,0.0346,0.019,1.9036,1.61322033898305,2026-05-13 22:51:22.224928,23,"Jordan Horston","Loss",0.11505,-0.11505,0.0974999999999999,-0.0974999999999999,"First Basket_Jordan Horston_2026-05-13"
2026-05-13,"FanDuel","SEA @ TOR","1022600015","First Basket","First Points","Player","Game","Home/Away","Favorite/Underdog",0.0712,1304,0.0476,2000,0.0236,0.0124,1.2385,1.04957627118644,2026-05-13 12:02:43.185004,1,"Julie Allemand","Loss",1.2385,-1.2385,1.04957627118644,-1.04957627118644,"First Basket_Julie Allemand_2026-05-13"
2026-05-13,"Draft Kings","SEA @ TOR","1022600015","First Basket","First Points","Player","Game","Home/Away","Favorite/Underdog",0.1072,833,0.0909,1000,0.0163,0.009,0.8968,0.76,2026-05-13 22:51:22.224928,1,"Natisha Hiedeman","Loss",0.4484,-0.4484,0.38,-0.38,"First Basket_Natisha Hiedeman_2026-05-13"
2026-05-13,"FanDuel","SEA @ TOR","1022600015","First Basket","First Points","Player","Game","Home/Away","Favorite/Underdog",0.1072,833,0.0909,1000,0.0163,0.009,0.8968,0.76,2026-05-13 22:51:22.224928,1,"Natisha Hiedeman","Loss",0.4484,-0.4484,0.38,-0.38,"First Basket_Natisha Hiedeman_2026-05-13"
2026-05-13,"FanDuel","SEA @ TOR","1022600015","First Basket Exact","First Points","Player","Exact","Home/Away","Favorite/Underdog",0.044,2173,0.0323,3000,0.0117,0.0061,0.6063,0.904925373134328,2026-05-13 22:51:22.434696,1,"Natisha Hiedeman layup","Loss",0.6063,-0.6063,0.904925373134328,-0.904925373134328,"First Basket Exact_Natisha Hiedeman layup_2026-05-13"
2026-05-13,"FanDuel","SEA @ TOR","1022600015","First Basket by Team","First Points","Player","Team","Home/Away","Favorite/Underdog",0.2268,341,0.1667,500,0.0601,0.0361,3.6061,1.68509345794393,2026-05-13 12:02:43.243411,1,"Jordan Horston","Loss",3.6061,-3.6061,1.68509345794393,-1.68509345794393,"First Basket by Team_Jordan Horston_2026-05-13"
2026-05-13,"FanDuel","SEA @ TOR","1022600015","First Basket by Team","First Points","Player","Team","Home/Away","Favorite/Underdog",0.2268,341,0.1538,550,0.0729,0.0431,4.309,2.01355140186916,2026-05-13 22:51:22.351333,23,"Jordan Horston","Loss",0.7029,-0.7029,0.32845794392523,-0.32845794392523,"First Basket by Team_Jordan Horston_2026-05-13"
2026-05-13,"FanDuel","SEA @ TOR","1022600015","First Basket by Team","First Points","Player","Team","Home/Away","Favorite/Underdog",0.1595,527,0.1053,850,0.0542,0.0303,3.0303,1.41602803738318,2026-05-13 12:02:43.243411,1,"Julie Allemand","Loss",3.0303,-3.0303,1.41602803738318,-1.41602803738318,"First Basket by Team_Julie Allemand_2026-05-13"
2026-05-13,"FanDuel","SEA @ TOR","1022600015","First Basket by Team","First Points","Player","Team","Home/Away","Favorite/Underdog",0.1595,527,0.1,900,0.0595,0.033,3.305,1.54439252336449,2026-05-13 15:21:24.879252,8,"Julie Allemand","Loss",0.2747,-0.2747,0.12836448598131,-0.12836448598131,"First Basket by Team_Julie Allemand_2026-05-13"
2026-05-13,"FanDuel","SEA @ TOR","1022600015","First Basket by Team","First Points","Player","Team","Home/Away","Favorite/Underdog",0.1937,416,0.1538,550,0.0398,0.0235,2.3548,1.1003738317757,2026-05-13 22:51:22.351333,23,"Natisha Hiedeman","Loss",0.733,-0.733,0.342523364485981,-0.342523364485981,"First Basket by Team_Natisha Hiedeman_2026-05-13"
2026-05-13,"FanDuel","SEA @ TOR","1022600015","First Basket by Team","First Points","Player","Team","Home/Away","Favorite/Underdog",0.1937,416,0.1667,500,0.027,0.0162,1.6218,0.757850467289719,2026-05-13 14:21:22.818525,6,"Natisha Hiedeman","Loss",0.1646,-0.1646,0.0769158878504671,-0.0769158878504671,"First Basket by Team_Natisha Hiedeman_2026-05-13"
2026-05-13,"FanDuel","SEA @ TOR","1022600015","First Basket by Team","First Points","Player","Team","Home/Away","Favorite/Underdog",0.1937,416,0.1695,490,0.0242,0.0146,1.4572,0.680934579439252,2026-05-13 13:51:23.720482,5,"Natisha Hiedeman","Loss",0.1714,-0.1714,0.080093457943925,-0.080093457943925,"First Basket by Team_Natisha Hiedeman_2026-05-13"
2026-05-13,"FanDuel","SEA @ TOR","1022600015","First Basket by Team","First Points","Player","Team","Home/Away","Favorite/Underdog",0.1937,416,0.1724,480,0.0213,0.0129,1.2858,0.600841121495327,2026-05-13 13:21:22.787625,4,"Natisha Hiedeman","Loss",0.1787,-0.1787,0.083504672897196,-0.083504672897196,"First Basket by Team_Natisha Hiedeman_2026-05-13"
2026-05-13,"FanDuel","SEA @ TOR","1022600015","First Basket by Team","First Points","Player","Team","Home/Away","Favorite/Underdog",0.1937,416,0.1754,470,0.0183,0.0111,1.1071,0.517336448598131,2026-05-13 12:22:03.760657,2,"Natisha Hiedeman","Loss",0.1865,-0.1865,0.087149532710281,-0.087149532710281,"First Basket by Team_Natisha Hiedeman_2026-05-13"
2026-05-13,"FanDuel","SEA @ TOR","1022600015","First Basket by Team","First Points","Player","Team","Home/Away","Favorite/Underdog",0.1937,416,0.1786,460,0.0151,0.0092,0.9206,0.43018691588785,2026-05-13 12:02:43.243411,1,"Natisha Hiedeman","Loss",0.9206,-0.9206,0.43018691588785,-0.43018691588785,"First Basket by Team_Natisha Hiedeman_2026-05-13"
2026-05-14,"Draft Kings","MIN @ DAL","1022600019","First Basket","First Points","Player","Game","Home/Away","Favorite/Underdog",0.1138,779,0.0909,1000,0.0229,0.0126,1.2592,1.0671186440678,2026-05-14 12:57:09.67498,1,"Courtney Williams","Loss",1.2592,-1.2592,1.0671186440678,-1.0671186440678,"First Basket_Courtney Williams_2026-05-14"
2026-05-14,"FanDuel","MIN @ DAL","1022600019","First Basket Exact","First Points","Player","Exact","Home/Away","Favorite/Underdog",0.0348,2771,0.0196,5000,0.0152,0.0078,0.7766,1.15910447761194,2026-05-14 12:57:09.76622,1,"Courtney Williams layup","Loss",0.7766,-0.7766,1.15910447761194,-1.15910447761194,"First Basket Exact_Courtney Williams layup_2026-05-14"
2026-05-14,"FanDuel","MIN @ DAL","1022600019","First Basket by Team","First Points","Player","Team","Home/Away","Favorite/Underdog",0.1739,475,0.1538,550,0.0201,0.0119,1.1856,0.554018691588785,2026-05-14 13:51:17.373196,1,"Alanna Smith","Loss",1.1856,-1.1856,0.554018691588785,-0.554018691588785,"First Basket by Team_Alanna Smith_2026-05-14"
2026-05-14,"FanDuel","MIN @ DAL","1022600019","First Basket by Team","First Points","Player","Team","Home/Away","Favorite/Underdog",0.22,355,0.1818,450,0.0382,0.0233,2.3341,1.09070093457944,2026-05-14 14:51:17.724349,5,"Courtney Williams","Loss",0.197,-0.197,0.092056074766356,-0.092056074766356,"First Basket by Team_Courtney Williams_2026-05-14"
2026-05-14,"FanDuel","MIN @ DAL","1022600019","First Basket by Team","First Points","Player","Team","Home/Away","Favorite/Underdog",0.22,355,0.1852,440,0.0348,0.0214,2.1371,0.998644859813084,2026-05-14 13:51:17.373196,3,"Courtney Williams","Loss",0.2061,-0.2061,0.096308411214953,-0.096308411214953,"First Basket by Team_Courtney Williams_2026-05-14"
2026-05-14,"FanDuel","MIN @ DAL","1022600019","First Basket by Team","First Points","Player","Team","Home/Away","Favorite/Underdog",0.22,355,0.1887,430,0.0313,0.0193,1.931,0.902336448598131,2026-05-14 12:57:09.735602,1,"Courtney Williams","Loss",1.931,-1.931,0.902336448598131,-0.902336448598131,"First Basket by Team_Courtney Williams_2026-05-14"
2026-05-14,"FanDuel","MIN @ DAL","1022600019","First Basket by Team","First Points","Player","Team","Home/Away","Favorite/Underdog",0.1896,427,0.1754,470,0.0142,0.0086,0.8602,0.40196261682243,2026-05-14 23:51:17.216707,1,"Odyssey Sims","Loss",0.8602,-0.8602,0.40196261682243,-0.40196261682243,"First Basket by Team_Odyssey Sims_2026-05-14"
2026-05-14,"FanDuel","NYL @ PDX","1022600020","First Basket","First Points","Player","Game","Home/Away","Favorite/Underdog",0.0883,1032,0.0769,1200,0.0114,0.0062,0.6189,0.524491525423729,2026-05-14 15:51:17.325677,1,"Betnijah Laney-Hamilton","Loss",0.6189,-0.6189,0.524491525423729,-0.524491525423729,"First Basket_Betnijah Laney-Hamilton_2026-05-14"
2026-05-14,"FanDuel","NYL @ PDX","1022600020","First Basket","First Points","Player","Game","Home/Away","Favorite/Underdog",0.0883,1032,0.0625,1500,0.0258,0.0138,1.3786,1.16830508474576,2026-05-15 01:21:16.101275,5,"Betnijah Laney-Hamilton","Loss",0.7597,-0.7597,0.643813559322031,-0.643813559322031,"First Basket_Betnijah Laney-Hamilton_2026-05-14"
2026-05-14,"Draft Kings","NYL @ PDX","1022600020","First Basket","First Points","Player","Game","Home/Away","Favorite/Underdog",0.1043,859,0.0714,1300,0.0329,0.0177,1.7699,1.49991525423729,2026-05-14 12:57:09.67498,1,"Emily Engstler","Loss",0.88495,-0.88495,0.749957627118645,-0.749957627118645,"First Basket_Emily Engstler_2026-05-14"
2026-05-14,"FanDuel","NYL @ PDX","1022600020","First Basket","First Points","Player","Game","Home/Away","Favorite/Underdog",0.1043,859,0.0625,1500,0.0418,0.0223,2.2296,1.88949152542373,2026-05-14 19:21:17.987567,14,"Emily Engstler","Loss",0.2133,-0.2133,0.18076271186441,-0.18076271186441,"First Basket_Emily Engstler_2026-05-14"
2026-05-14,"FanDuel","NYL @ PDX","1022600020","First Basket","First Points","Player","Game","Home/Away","Favorite/Underdog",0.1043,859,0.0667,1400,0.0376,0.0202,2.0163,1.70872881355932,2026-05-14 13:21:33.536724,2,"Emily Engstler","Loss",0.2464,-0.2464,0.20881355932203,-0.20881355932203,"First Basket_Emily Engstler_2026-05-14"
2026-05-14,"FanDuel","NYL @ PDX","1022600020","First Basket","First Points","Player","Game","Home/Away","Favorite/Underdog",0.1043,859,0.0714,1300,0.0329,0.0177,1.7699,1.49991525423729,2026-05-14 12:57:09.67498,1,"Emily Engstler","Loss",0.88495,-0.88495,0.749957627118645,-0.749957627118645,"First Basket_Emily Engstler_2026-05-14"
2026-05-14,"FanDuel","NYL @ PDX","1022600020","First Basket Exact","First Points","Player","Exact","Home/Away","Favorite/Underdog",0.045,2120,0.0323,3000,0.0128,0.0066,0.6602,0.985373134328358,2026-05-14 19:21:18.177282,1,"Emily Engstler layup","Loss",0.6602,-0.6602,0.985373134328358,-0.985373134328358,"First Basket Exact_Emily Engstler layup_2026-05-14"
2026-05-14,"FanDuel","NYL @ PDX","1022600020","First Basket by Team","First Points","Player","Team","Home/Away","Favorite/Underdog",0.1606,523,0.1,900,0.0606,0.0337,3.3651,1.57247663551402,2026-05-15 01:21:16.220186,26,"Betnijah Laney-Hamilton","Loss",0.9327,-0.9327,0.43584112149533,-0.43584112149533,"First Basket by Team_Betnijah Laney-Hamilton_2026-05-14"
2026-05-14,"FanDuel","NYL @ PDX","1022600020","First Basket by Team","First Points","Player","Team","Home/Away","Favorite/Underdog",0.1606,523,0.1176,750,0.0429,0.0243,2.4324,1.13663551401869,2026-05-15 00:21:16.62971,24,"Betnijah Laney-Hamilton","Loss",0.3997,-0.3997,0.186775700934578,-0.186775700934578,"First Basket by Team_Betnijah Laney-Hamilton_2026-05-14"
2026-05-14,"FanDuel","NYL @ PDX","1022600020","First Basket by Team","First Points","Player","Team","Home/Away","Favorite/Underdog",0.1606,523,0.125,700,0.0356,0.0203,2.0327,0.949859813084112,2026-05-14 23:51:17.216707,23,"Betnijah Laney-Hamilton","Loss",0.4612,-0.4612,0.215514018691589,-0.215514018691589,"First Basket by Team_Betnijah Laney-Hamilton_2026-05-14"
2026-05-14,"FanDuel","NYL @ PDX","1022600020","First Basket by Team","First Points","Player","Team","Home/Away","Favorite/Underdog",0.1606,523,0.1333,650,0.0272,0.0157,1.5715,0.734345794392523,2026-05-14 14:51:17.724349,5,"Betnijah Laney-Hamilton","Loss",0.5381,-0.5381,0.251448598130841,-0.251448598130841,"First Basket by Team_Betnijah Laney-Hamilton_2026-05-14"
2026-05-14,"FanDuel","NYL @ PDX","1022600020","First Basket by Team","First Points","Player","Team","Home/Away","Favorite/Underdog",0.1606,523,0.1429,600,0.0177,0.0103,1.0334,0.482897196261682,2026-05-14 12:57:09.735602,1,"Betnijah Laney-Hamilton","Loss",1.0334,-1.0334,0.482897196261682,-0.482897196261682,"First Basket by Team_Betnijah Laney-Hamilton_2026-05-14"
2026-05-14,"FanDuel","NYL @ PDX","1022600020","First Basket by Team","First Points","Player","Team","Home/Away","Favorite/Underdog",0.2319,331,0.1667,500,0.0652,0.0391,3.9138,1.8288785046729,2026-05-14 12:57:09.735602,1,"Emily Engstler","Loss",3.9138,-3.9138,1.8288785046729,-1.8288785046729,"First Basket by Team_Emily Engstler_2026-05-14"
2026-05-14,"FanDuel","NYL @ PDX","1022600020","First Basket by Team","First Points","Player","Team","Home/Away","Favorite/Underdog",0.2319,331,0.1538,550,0.0781,0.0461,4.6121,2.15518691588785,2026-05-14 13:51:17.373196,3,"Emily Engstler","Loss",0.6983,-0.6983,0.32630841121495,-0.32630841121495,"First Basket by Team_Emily Engstler_2026-05-14"
2026-05-14,"FanDuel","NYL @ PDX","1022600020","First Basket by Team","First Points","Player","Team","Home/Away","Favorite/Underdog",0.1684,494,0.1538,550,0.0146,0.0086,0.8626,0.403084112149533,2026-05-15 00:21:16.62971,1,"Marine Johannes","Loss",0.8626,-0.8626,0.403084112149533,-0.403084112149533,"First Basket by Team_Marine Johannes_2026-05-14"
2026-05-14,"FanDuel","NYL @ PDX","1022600020","First Basket by Team","First Points","Player","Team","Home/Away","Favorite/Underdog",0.1684,494,0.1333,650,0.0351,0.0203,2.0256,0.946542056074766,2026-05-15 01:51:17.293766,3,"Marine Johannes","Loss",1.163,-1.163,0.543457943925233,-0.543457943925233,"First Basket by Team_Marine Johannes_2026-05-14"
2026-05-14,"FanDuel","NYL @ PDX","1022600020","First Team","First Points","Team","Quarter","Home/Away","Favorite/Underdog",0.4498,122,0.4132,142,0.0366,0.0312,1.5579,1.01162337662338,2026-05-15 01:51:17.41028,27,"1Q PDX","Win",0.2808,0.398736,0.182337662337666,0.258919480519486,"First Team_1Q PDX_2026-05-14"
2026-05-14,"FanDuel","NYL @ PDX","1022600020","First Team","First Points","Team","Quarter","Home/Away","Favorite/Underdog",0.4498,122,0.4202,138,0.0296,0.0255,1.2771,0.829285714285714,2026-05-14 17:51:19.437165,11,"1Q PDX","Win",0.1465,0.20217,0.09512987012987,0.131279220779221,"First Team_1Q PDX_2026-05-14"
2026-05-14,"FanDuel","NYL @ PDX","1022600020","First Team","First Points","Team","Quarter","Home/Away","Favorite/Underdog",0.4498,122,0.4237,136,0.0261,0.0226,1.1306,0.734155844155844,2026-05-14 13:21:33.782104,2,"1Q PDX","Win",1.1306,1.537616,0.734155844155844,0.998451948051948,"First Team_1Q PDX_2026-05-14"
2026-05-15,"FanDuel","CHI @ PHX","1022600024","First Basket","First Points","Player","Game","Home/Away","Favorite/Underdog",0.0699,1331,0.0556,1700,0.0143,0.0076,0.7574,0.641864406779661,2026-05-16 01:51:22.913976,1,"Gabriela Jaquez","Loss",0.7574,-0.7574,0.641864406779661,-0.641864406779661,"First Basket_Gabriela Jaquez_2026-05-15"
2026-05-15,"FanDuel","CHI @ PHX","1022600024","First Basket","First Points","Player","Game","Home/Away","Favorite/Underdog",0.0741,1249,0.0556,1700,0.0186,0.0098,0.983,0.833050847457627,2026-05-15 11:22:33.474515,1,"Jacy Sheldon","Loss",0.983,-0.983,0.833050847457627,-0.833050847457627,"First Basket_Jacy Sheldon_2026-05-15"
2026-05-15,"FanDuel","CHI @ PHX","1022600024","First Basket","First Points","Player","Game","Home/Away","Favorite/Underdog",0.0741,1249,0.0526,1800,0.0215,0.0113,1.1343,0.961271186440678,2026-05-15 16:51:42.334715,9,"Jacy Sheldon","Loss",0.1513,-0.1513,0.128220338983051,-0.128220338983051,"First Basket_Jacy Sheldon_2026-05-15"
2026-05-15,"Draft Kings","CHI @ PHX","1022600024","First Basket","First Points","Player","Game","Home/Away","Favorite/Underdog",0.0783,1176,0.0667,1400,0.0117,0.0063,0.6255,0.530084745762712,2026-05-15 11:22:33.474515,1,"Natasha Mack","Loss",0.6255,-0.6255,0.530084745762712,-0.530084745762712,"First Basket_Natasha Mack_2026-05-15"
2026-05-15,"FanDuel","CHI @ PHX","1022600024","First Basket","First Points","Player","Game","Home/Away","Favorite/Underdog",0.0989,911,0.0833,1100,0.0156,0.0085,0.8495,0.719915254237288,2026-05-15 20:21:42.477827,1,"Skylar Diggins","Loss",0.8495,-0.8495,0.719915254237288,-0.719915254237288,"First Basket_Skylar Diggins_2026-05-15"
2026-05-15,"FanDuel","CHI @ PHX","1022600024","First Basket by Team","First Points","Player","Team","Home/Away","Favorite/Underdog",0.178,462,0.1667,500,0.0113,0.0068,0.6775,0.316588785046729,2026-05-16 01:21:25.975222,1,"DeWanna Bonner","Loss",0.6775,-0.6775,0.316588785046729,-0.316588785046729,"First Basket by Team_DeWanna Bonner_2026-05-15"
2026-05-15,"FanDuel","CHI @ PHX","1022600024","First Basket by Team","First Points","Player","Team","Home/Away","Favorite/Underdog",0.1451,589,0.1176,750,0.0275,0.0156,1.5581,0.728084112149533,2026-05-16 01:51:23.037149,17,"Gabriela Jaquez","Loss",0.0565,-0.0565,0.026401869158879,-0.026401869158879,"First Basket by Team_Gabriela Jaquez_2026-05-15"
2026-05-15,"FanDuel","CHI @ PHX","1022600024","First Basket by Team","First Points","Player","Team","Home/Away","Favorite/Underdog",0.1451,589,0.125,700,0.0201,0.0115,1.1511,0.537897196261682,2026-05-15 11:22:33.59863,1,"Gabriela Jaquez","Loss",1.1511,-1.1511,0.537897196261682,-0.537897196261682,"First Basket by Team_Gabriela Jaquez_2026-05-15"
2026-05-15,"Fanatics","CHI @ PHX","1022600024","First Basket by Team","First FGM","Player","Team","Home/Away","Favorite/Underdog",0.1513,561,0.125,700,0.0263,0.015,1.5016,0.701682242990654,2026-05-15 15:51:42.729476,7,"Gabriela Jaquez","Loss",0.3505,-0.3505,0.163785046728972,-0.163785046728972,"First Basket by Team_Gabriela Jaquez_2026-05-15"
2026-05-15,"FanDuel","CHI @ PHX","1022600024","First Basket by Team","First Points","Player","Team","Home/Away","Favorite/Underdog",0.154,549,0.1053,850,0.0487,0.0272,2.7232,1.27252336448598,2026-05-15 11:22:33.59863,1,"Jacy Sheldon","Win",2.7232,23.1472,1.27252336448598,10.8164485981308,"First Basket by Team_Jacy Sheldon_2026-05-15"
2026-05-15,"FanDuel","CHI @ PHX","1022600024","First Basket by Team","First Points","Player","Team","Home/Away","Favorite/Underdog",0.154,549,0.1,900,0.054,0.03,2.9997,1.40172897196262,2026-05-15 20:51:42.736297,17,"Jacy Sheldon","Win",0.2765,2.4885,0.12920560747664,1.16285046728976,"First Basket by Team_Jacy Sheldon_2026-05-15"
2026-05-15,"FanDuel","CHI @ PHX","1022600024","First Basket by Team","First Points","Player","Team","Home/Away","Favorite/Underdog",0.151,562,0.1333,650,0.0177,0.0102,1.022,0.477570093457944,2026-05-15 11:22:33.59863,1,"Natasha Mack","Loss",1.022,-1.022,0.477570093457944,-0.477570093457944,"First Basket by Team_Natasha Mack_2026-05-15"
2026-05-15,"FanDuel","CHI @ PHX","1022600024","First Basket by Team","First Points","Player","Team","Home/Away","Favorite/Underdog",0.151,562,0.125,700,0.026,0.0149,1.4884,0.695514018691589,2026-05-15 14:21:43.561493,4,"Natasha Mack","Loss",0.4664,-0.4664,0.217943925233645,-0.217943925233645,"First Basket by Team_Natasha Mack_2026-05-15"
2026-05-15,"FanDuel","CHI @ PHX","1022600024","First Basket by Team","First Points","Player","Team","Home/Away","Favorite/Underdog",0.2055,387,0.1667,500,0.0388,0.0233,2.3291,1.08836448598131,2026-05-15 18:51:42.943293,13,"Skylar Diggins","Loss",0.1621,-0.1621,0.0757476635514001,-0.0757476635514001,"First Basket by Team_Skylar Diggins_2026-05-15"
2026-05-15,"FanDuel","CHI @ PHX","1022600024","First Basket by Team","First Points","Player","Team","Home/Away","Favorite/Underdog",0.2055,387,0.1695,490,0.036,0.0217,2.167,1.01261682242991,2026-05-15 17:51:40.544788,11,"Skylar Diggins","Loss",0.345,-0.345,0.161214953271032,-0.161214953271032,"First Basket by Team_Skylar Diggins_2026-05-15"
2026-05-15,"FanDuel","CHI @ PHX","1022600024","First Basket by Team","First Points","Player","Team","Home/Away","Favorite/Underdog",0.2055,387,0.1754,470,0.03,0.0182,1.822,0.851401869158878,2026-05-15 16:51:42.462241,9,"Skylar Diggins","Loss",0.1838,-0.1838,0.0858878504672891,-0.0858878504672891,"First Basket by Team_Skylar Diggins_2026-05-15"
2026-05-15,"FanDuel","CHI @ PHX","1022600024","First Basket by Team","First Points","Player","Team","Home/Away","Favorite/Underdog",0.2055,387,0.1786,460,0.0269,0.0164,1.6382,0.765514018691589,2026-05-15 14:21:43.561493,4,"Skylar Diggins","Loss",0.1919,-0.1919,0.0896728971962619,-0.0896728971962619,"First Basket by Team_Skylar Diggins_2026-05-15"
2026-05-15,"FanDuel","CHI @ PHX","1022600024","First Basket by Team","First Points","Player","Team","Home/Away","Favorite/Underdog",0.2055,387,0.1818,450,0.0237,0.0145,1.4463,0.675841121495327,2026-05-15 11:22:33.59863,1,"Skylar Diggins","Loss",1.4463,-1.4463,0.675841121495327,-0.675841121495327,"First Basket by Team_Skylar Diggins_2026-05-15"
2026-05-15,"FanDuel","LVA @ CON","1022600021","First Basket","First Points","Player","Game","Home/Away","Favorite/Underdog",0.0651,1435,0.05,1900,0.0151,0.008,0.7964,0.674915254237288,2026-05-15 18:21:43.94592,7,"Chelsea Gray","Loss",0.1367,-0.1367,0.115847457627119,-0.115847457627119,"First Basket_Chelsea Gray_2026-05-15"
2026-05-15,"FanDuel","LVA @ CON","1022600021","First Basket","First Points","Player","Game","Home/Away","Favorite/Underdog",0.0651,1435,0.0526,1800,0.0125,0.0066,0.6597,0.559067796610169,2026-05-15 11:22:33.474515,1,"Chelsea Gray","Loss",0.6597,-0.6597,0.559067796610169,-0.559067796610169,"First Basket_Chelsea Gray_2026-05-15"
2026-05-15,"MGM","LVA @ CON","1022600021","First Basket","First FGM","Player","Game","Home/Away","Favorite/Underdog",0.0787,1171,0.0625,1500,0.0162,0.0086,0.8624,0.730847457627119,2026-05-15 20:51:42.609815,11,"Chelsea Gray","Loss",0.0660000000000001,-0.0660000000000001,0.055932203389831,-0.055932203389831,"First Basket_Chelsea Gray_2026-05-15"
2026-05-15,"BetRivers","LVA @ CON","1022600021","First Basket","First FGM","Player","Game","Home/Away","Favorite/Underdog",0.1066,838,0.0909,1000,0.0157,0.0086,0.8637,0.731949152542373,2026-05-15 20:51:42.609815,1,"Diamond Miller","Loss",0.8637,-0.8637,0.731949152542373,-0.731949152542373,"First Basket_Diamond Miller_2026-05-15"
2026-05-15,"FanDuel","LVA @ CON","1022600021","First Basket","First Points","Player","Game","Home/Away","Favorite/Underdog",0.1082,824,0.0909,1000,0.0173,0.0095,0.952,0.806779661016949,2026-05-15 23:21:40.470661,6,"Diamond Miller","Loss",0.0882999999999999,-0.0882999999999999,0.074830508474576,-0.074830508474576,"First Basket_Diamond Miller_2026-05-15"
2026-05-15,"FanDuel","LVA @ CON","1022600021","First Basket","First Points","Player","Game","Home/Away","Favorite/Underdog",0.0851,1074,0.0625,1500,0.0226,0.0121,1.2079,1.02364406779661,2026-05-15 20:51:42.609815,1,"Kennedy Burke","Loss",1.2079,-1.2079,1.02364406779661,-1.02364406779661,"First Basket_Kennedy Burke_2026-05-15"
2026-05-15,"FanDuel","LVA @ CON","1022600021","First Basket","First Points","Player","Game","Home/Away","Favorite/Underdog",0.0851,1074,0.0588,1600,0.0263,0.014,1.3985,1.18516949152542,2026-05-15 21:21:40.676924,2,"Kennedy Burke","Loss",0.1906,-0.1906,0.16152542372881,-0.16152542372881,"First Basket_Kennedy Burke_2026-05-15"
2026-05-15,"FanDuel","LVA @ CON","1022600021","First Basket Exact","First Points","Player","Exact","Home/Away","Favorite/Underdog",0.1058,845,0.0909,1000,0.0149,0.0082,0.8206,1.22477611940298,2026-05-15 20:51:42.820783,1,"A'ja Wilson other","Win",0.8206,8.206,1.22477611940298,12.2477611940298,"First Basket Exact_A'ja Wilson other_2026-05-15"
2026-05-15,"FanDuel","LVA @ CON","1022600021","First Basket by Team","First Points","Player","Team","Home/Away","Favorite/Underdog",0.1417,606,0.1111,800,0.0306,0.0172,1.7198,0.803644859813084,2026-05-15 11:22:33.59863,1,"Chelsea Gray","Loss",1.7198,-1.7198,0.803644859813084,-0.803644859813084,"First Basket by Team_Chelsea Gray_2026-05-15"
2026-05-15,"Fanatics","LVA @ CON","1022600021","First Basket by Team","First FGM","Player","Team","Home/Away","Favorite/Underdog",0.1454,588,0.1053,850,0.0401,0.0224,2.2426,1.04794392523364,2026-05-15 20:51:42.736297,17,"Chelsea Gray","Loss",0.5228,-0.5228,0.244299065420556,-0.244299065420556,"First Basket by Team_Chelsea Gray_2026-05-15"
2026-05-15,"FanDuel","LVA @ CON","1022600021","First Basket by Team","First Points","Player","Team","Home/Away","Favorite/Underdog",0.19,426,0.1538,550,0.0362,0.0214,2.1375,0.998831775700935,2026-05-15 21:21:40.803945,3,"Kennedy Burke","Win",1.8097,9.95335,0.845654205607477,4.65109813084112,"First Basket by Team_Kennedy Burke_2026-05-15"
2026-05-15,"FanDuel","LVA @ CON","1022600021","First Basket by Team","First Points","Player","Team","Home/Away","Favorite/Underdog",0.19,426,0.1667,500,0.0234,0.014,1.4012,0.654766355140187,2026-05-15 20:51:42.736297,2,"Kennedy Burke","Win",0.3278,1.639,0.153177570093458,0.76588785046729,"First Basket by Team_Kennedy Burke_2026-05-15"
2026-05-15,"FanDuel","LVA @ CON","1022600021","First Basket by Team","First Points","Player","Team","Home/Away","Favorite/Underdog",0.1313,662,0.1053,850,0.026,0.0145,1.4536,0.679252336448598,2026-05-15 21:21:40.803945,15,"Stephanie Talbot","Loss",0.3194,-0.3194,0.149252336448598,-0.149252336448598,"First Basket by Team_Stephanie Talbot_2026-05-15"
2026-05-15,"FanDuel","LVA @ CON","1022600021","First Basket by Team","First Points","Player","Team","Home/Away","Favorite/Underdog",0.1313,662,0.1111,800,0.0202,0.0113,1.1342,0.53,2026-05-15 15:51:42.729476,5,"Stephanie Talbot","Loss",0.362,-0.362,0.169158878504673,-0.169158878504673,"First Basket by Team_Stephanie Talbot_2026-05-15"
2026-05-15,"FanDuel","LVA @ CON","1022600021","First Basket by Team","First Points","Player","Team","Home/Away","Favorite/Underdog",0.1313,662,0.1176,750,0.0136,0.0077,0.7722,0.360841121495327,2026-05-15 11:22:33.59863,1,"Stephanie Talbot","Loss",0.7722,-0.7722,0.360841121495327,-0.360841121495327,"First Basket by Team_Stephanie Talbot_2026-05-15"
2026-05-15,"FanDuel","LVA @ CON","1022600021","First Team","First Points","Team","Quarter","Home/Away","Favorite/Underdog",0.4496,122,0.3937,154,0.0559,0.0461,2.3047,1.49655844155844,2026-05-15 23:21:40.739017,6,"1Q CON","Loss",2.3047,-2.3047,1.49655844155844,-1.49655844155844,"First Team_1Q CON_2026-05-15"
2026-05-15,"Draft Kings","TOR @ LAS","1022600023","First Basket","First Points","Player","Game","Home/Away","Favorite/Underdog",0.0784,1176,0.0667,1400,0.0117,0.0063,0.6272,0.531525423728814,2026-05-15 11:22:33.474515,1,"Erica Wheeler","Loss",0.6272,-0.6272,0.531525423728814,-0.531525423728814,"First Basket_Erica Wheeler_2026-05-15"
2026-05-15,"Draft Kings","TOR @ LAS","1022600023","First Basket","First Points","Player","Game","Home/Away","Favorite/Underdog",0.0813,1130,0.0556,1700,0.0257,0.0136,1.3629,1.155,2026-05-15 11:22:33.474515,1,"Julie Allemand","Loss",1.3629,-1.3629,1.155,-1.155,"First Basket_Julie Allemand_2026-05-15"
2026-05-15,"FanDuel","TOR @ LAS","1022600023","First Basket","First Points","Player","Game","Home/Away","Favorite/Underdog",0.0813,1130,0.05,1900,0.0313,0.0165,1.6473,1.39601694915254,2026-05-16 00:51:23.483191,25,"Julie Allemand","Loss",0.1343,-0.1343,0.11381355932203,-0.11381355932203,"First Basket_Julie Allemand_2026-05-15"
2026-05-15,"FanDuel","TOR @ LAS","1022600023","First Basket","First Points","Player","Game","Home/Away","Favorite/Underdog",0.0813,1130,0.0526,1800,0.0287,0.0151,1.513,1.28220338983051,2026-05-15 19:51:42.947848,15,"Julie Allemand","Loss",0.1501,-0.1501,0.12720338983051,-0.12720338983051,"First Basket_Julie Allemand_2026-05-15"
2026-05-15,"BetRivers","TOR @ LAS","1022600023","First Basket","First FGM","Player","Game","Home/Away","Favorite/Underdog",0.1114,798,0.1,900,0.0114,0.0063,0.633,0.536440677966102,2026-05-15 13:51:21.59707,1,"Nyara Sabally","Loss",0.633,-0.633,0.536440677966102,-0.536440677966102,"First Basket_Nyara Sabally_2026-05-15"
2026-05-15,"Draft Kings","TOR @ LAS","1022600023","First Basket","First Points","Player","Game","Home/Away","Favorite/Underdog",0.0874,1045,0.0714,1300,0.0159,0.0086,0.858,0.727118644067797,2026-05-15 11:22:33.474515,1,"Rae Burrell","Loss",0.429,-0.429,0.363559322033899,-0.363559322033899,"First Basket_Rae Burrell_2026-05-15"
2026-05-15,"FanDuel","TOR @ LAS","1022600023","First Basket","First Points","Player","Game","Home/Away","Favorite/Underdog",0.0874,1045,0.0625,1500,0.0249,0.0133,1.326,1.12372881355932,2026-05-16 00:51:23.483191,25,"Rae Burrell","Loss",0.2173,-0.2173,0.184152542372879,-0.184152542372879,"First Basket_Rae Burrell_2026-05-15"
2026-05-15,"FanDuel","TOR @ LAS","1022600023","First Basket","First Points","Player","Game","Home/Away","Favorite/Underdog",0.0874,1045,0.0667,1400,0.0207,0.0111,1.1087,0.939576271186441,2026-05-15 18:21:43.94592,12,"Rae Burrell","Loss",0.2507,-0.2507,0.212457627118644,-0.212457627118644,"First Basket_Rae Burrell_2026-05-15"
2026-05-15,"FanDuel","TOR @ LAS","1022600023","First Basket","First Points","Player","Game","Home/Away","Favorite/Underdog",0.0874,1045,0.0714,1300,0.0159,0.0086,0.858,0.727118644067797,2026-05-15 11:22:33.474515,1,"Rae Burrell","Loss",0.429,-0.429,0.363559322033899,-0.363559322033899,"First Basket_Rae Burrell_2026-05-15"
2026-05-15,"FanDuel","TOR @ LAS","1022600023","First Basket Exact","First Points","Player","Exact","Home/Away","Favorite/Underdog",0.0319,3037,0.0217,4500,0.0101,0.0052,0.5182,0.773432835820896,2026-05-15 11:22:33.683504,1,"Julie Allemand layup","Loss",0.5182,-0.5182,0.773432835820896,-0.773432835820896,"First Basket Exact_Julie Allemand layup_2026-05-15"
2026-05-15,"FanDuel","TOR @ LAS","1022600023","First Basket Exact","First Points","Player","Exact","Home/Away","Favorite/Underdog",0.0319,3037,0.0196,5000,0.0123,0.0063,0.6257,0.933880597014925,2026-05-15 13:51:21.863211,2,"Julie Allemand layup","Loss",0.1075,-0.1075,0.160447761194029,-0.160447761194029,"First Basket Exact_Julie Allemand layup_2026-05-15"
2026-05-15,"FanDuel","TOR @ LAS","1022600023","First Basket by Team","First Points","Player","Team","Home/Away","Favorite/Underdog",0.1613,520,0.1429,600,0.0184,0.0108,1.0758,0.502710280373832,2026-05-15 11:22:33.59863,1,"Erica Wheeler","Loss",1.0758,-1.0758,0.502710280373832,-0.502710280373832,"First Basket by Team_Erica Wheeler_2026-05-15"
2026-05-15,"FanDuel","TOR @ LAS","1022600023","First Basket by Team","First Points","Player","Team","Home/Away","Favorite/Underdog",0.1613,520,0.1333,650,0.028,0.0161,1.6134,0.75392523364486,2026-05-15 14:51:42.061559,5,"Erica Wheeler","Loss",0.5376,-0.5376,0.251214953271028,-0.251214953271028,"First Basket by Team_Erica Wheeler_2026-05-15"
2026-05-15,"FanDuel","TOR @ LAS","1022600023","First Basket by Team","First Points","Player","Team","Home/Away","Favorite/Underdog",0.1581,532,0.1,900,0.0581,0.0323,3.2298,1.5092523364486,2026-05-15 19:51:43.075491,15,"Julie Allemand","Loss",0.2751,-0.2751,0.12855140186916,-0.12855140186916,"First Basket by Team_Julie Allemand_2026-05-15"
2026-05-15,"FanDuel","TOR @ LAS","1022600023","First Basket by Team","First Points","Player","Team","Home/Away","Favorite/Underdog",0.1581,532,0.1053,850,0.0529,0.0295,2.9547,1.38070093457944,2026-05-15 14:51:42.061559,5,"Julie Allemand","Loss",0.3095,-0.3095,0.1446261682243,-0.1446261682243,"First Basket by Team_Julie Allemand_2026-05-15"
2026-05-15,"FanDuel","TOR @ LAS","1022600023","First Basket by Team","First Points","Player","Team","Home/Away","Favorite/Underdog",0.1581,532,0.1111,800,0.047,0.0265,2.6452,1.23607476635514,2026-05-15 13:51:21.753517,2,"Julie Allemand","Loss",0.3508,-0.3508,0.16392523364486,-0.16392523364486,"First Basket by Team_Julie Allemand_2026-05-15"
2026-05-15,"FanDuel","TOR @ LAS","1022600023","First Basket by Team","First Points","Player","Team","Home/Away","Favorite/Underdog",0.1581,532,0.1176,750,0.0405,0.0229,2.2944,1.07214953271028,2026-05-15 11:22:33.59863,1,"Julie Allemand","Loss",2.2944,-2.2944,1.07214953271028,-1.07214953271028,"First Basket by Team_Julie Allemand_2026-05-15"
2026-05-15,"FanDuel","TOR @ LAS","1022600023","First Basket by Team","First Points","Player","Team","Home/Away","Favorite/Underdog",0.1798,456,0.125,700,0.0548,0.0313,3.1312,1.46317757009346,2026-05-15 22:51:42.04509,21,"Rae Burrell","Loss",0.4506,-0.4506,0.21056074766355,-0.21056074766355,"First Basket by Team_Rae Burrell_2026-05-15"
2026-05-15,"FanDuel","TOR @ LAS","1022600023","First Basket by Team","First Points","Player","Team","Home/Away","Favorite/Underdog",0.1798,456,0.1333,650,0.0465,0.0268,2.6806,1.25261682242991,2026-05-15 17:51:40.544788,11,"Rae Burrell","Loss",0.1922,-0.1922,0.0898130841121498,-0.0898130841121498,"First Basket by Team_Rae Burrell_2026-05-15"
2026-05-15,"FanDuel","TOR @ LAS","1022600023","First Basket by Team","First Points","Player","Team","Home/Away","Favorite/Underdog",0.1798,456,0.1429,600,0.0369,0.0215,2.1548,1.00691588785047,2026-05-15 11:22:33.59863,1,"Rae Burrell","Loss",2.1548,-2.1548,1.00691588785047,-1.00691588785047,"First Basket by Team_Rae Burrell_2026-05-15"
2026-05-15,"Fanatics","TOR @ LAS","1022600023","First Basket by Team","First FGM","Player","Team","Home/Away","Favorite/Underdog",0.1855,439,0.1429,600,0.0427,0.0249,2.4884,1.16280373831776,2026-05-15 13:51:21.753517,2,"Rae Burrell","Loss",0.3336,-0.3336,0.15588785046729,-0.15588785046729,"First Basket by Team_Rae Burrell_2026-05-15"
2026-05-15,"FanDuel","WAS @ IND","1022600022","First Basket","First Points","Player","Game","Home/Away","Favorite/Underdog",0.1391,619,0.125,700,0.0141,0.0081,0.8063,0.683305084745763,2026-05-15 23:21:40.470661,1,"Kiki Iriafen","Win",0.8063,5.6441,0.683305084745763,4.78313559322034,"First Basket_Kiki Iriafen_2026-05-15"
2026-05-15,"FanDuel","WAS @ IND","1022600022","First Basket","First Points","Player","Game","Home/Away","Favorite/Underdog",0.0753,1228,0.0625,1500,0.0128,0.0068,0.6826,0.578474576271186,2026-05-15 11:22:33.474515,1,"Sophie Cunningham","Loss",0.6826,-0.6826,0.578474576271186,-0.578474576271186,"First Basket_Sophie Cunningham_2026-05-15"
2026-05-15,"FanDuel","WAS @ IND","1022600022","First Basket Exact","First Points","Player","Exact","Home/Away","Favorite/Underdog",0.0467,2041,0.0357,2700,0.011,0.0057,0.5696,0.850149253731343,2026-05-15 23:21:40.681392,1,"Kiki Iriafen other","Loss",0.5696,-0.5696,0.850149253731343,-0.850149253731343,"First Basket Exact_Kiki Iriafen other_2026-05-15"
2026-05-15,"FanDuel","WAS @ IND","1022600022","First Basket by Team","First Points","Player","Team","Home/Away","Favorite/Underdog",0.1003,897,0.0714,1300,0.0289,0.0155,1.5543,0.726308411214953,2026-05-15 23:21:40.597452,1,"Cotie McMahon","Loss",1.5543,-1.5543,0.726308411214953,-0.726308411214953,"First Basket by Team_Cotie McMahon_2026-05-15"
2026-05-15,"FanDuel","WAS @ IND","1022600022","First Basket by Team","First Points","Player","Team","Home/Away","Favorite/Underdog",0.1476,577,0.1333,650,0.0143,0.0082,0.8237,0.384906542056075,2026-05-15 14:21:43.561493,1,"Georgia Amoore","Loss",0.8237,-0.8237,0.384906542056075,-0.384906542056075,"First Basket by Team_Georgia Amoore_2026-05-15"
2026-05-15,"Fanatics","WAS @ IND","1022600022","First Basket by Team","First FGM","Player","Team","Home/Away","Favorite/Underdog",0.1586,531,0.1429,600,0.0157,0.0092,0.9175,0.428738317757009,2026-05-15 23:21:40.597452,7,"Georgia Amoore","Loss",0.0938,-0.0938,0.043831775700934,-0.043831775700934,"First Basket by Team_Georgia Amoore_2026-05-15"
2026-05-15,"FanDuel","WAS @ IND","1022600022","First Basket by Team","First Points","Player","Team","Home/Away","Favorite/Underdog",0.2997,234,0.2857,250,0.014,0.0098,0.9793,0.457616822429906,2026-05-15 23:21:40.597452,1,"Kiki Iriafen","Win",0.9793,2.44825,0.457616822429906,1.14404205607476,"First Basket by Team_Kiki Iriafen_2026-05-15"
2026-05-15,"FanDuel","WAS @ IND","1022600022","First Basket by Team","First Points","Player","Team","Home/Away","Favorite/Underdog",0.1407,611,0.1111,800,0.0295,0.0166,1.6617,0.776495327102804,2026-05-15 11:22:33.59863,1,"Sophie Cunningham","Loss",1.6617,-1.6617,0.776495327102804,-0.776495327102804,"First Basket by Team_Sophie Cunningham_2026-05-15"
2026-05-15,"FanDuel","WAS @ IND","1022600022","First Team","First Points","Team","Quarter","Home/Away","Favorite/Underdog",0.4646,115,0.4545,120,0.0101,0.0093,0.4628,0.300519480519481,2026-05-15 22:51:42.186889,1,"1Q WAS","Win",0.4628,0.55536,0.300519480519481,0.360623376623377,"First Team_1Q WAS_2026-05-15"
2026-05-17,"Draft Kings","CHI @ MIN","1022600025","First Basket","First Points","Player","Game","Home/Away","Favorite/Underdog",0.0848,1080,0.0667,1400,0.0181,0.0097,0.9693,0.821440677966102,2026-05-17 11:22:04.778643,1,"Jacy Sheldon","Loss",0.9693,-0.9693,0.821440677966102,-0.821440677966102,"First Basket_Jacy Sheldon_2026-05-17"
2026-05-17,"FanDuel","CHI @ MIN","1022600025","First Basket","First Points","Player","Game","Home/Away","Favorite/Underdog",0.0887,1027,0.0588,1600,0.0299,0.0159,1.5886,1.34627118644068,2026-05-17 22:51:40.35869,24,"Jacy Sheldon","Loss",0.6193,-0.6193,0.524830508474578,-0.524830508474578,"First Basket_Jacy Sheldon_2026-05-17"
2026-05-17,"FanDuel","CHI @ MIN","1022600025","First Basket","First Points","Player","Game","Home/Away","Favorite/Underdog",0.0985,916,0.0833,1100,0.0151,0.0083,0.8253,0.699406779661017,2026-05-17 22:21:41.984516,1,"Natasha Cloud","Loss",0.8253,-0.8253,0.699406779661017,-0.699406779661017,"First Basket_Natasha Cloud_2026-05-17"
2026-05-17,"FanDuel","CHI @ MIN","1022600025","First Basket","First Points","Player","Game","Home/Away","Favorite/Underdog",0.1148,771,0.1,900,0.0148,0.0082,0.8236,0.697966101694915,2026-05-17 11:22:04.778643,1,"Natasha Howard","Loss",0.8236,-0.8236,0.697966101694915,-0.697966101694915,"First Basket_Natasha Howard_2026-05-17"
2026-05-17,"FanDuel","CHI @ MIN","1022600025","First Basket Exact","First Points","Player","Exact","Home/Away","Favorite/Underdog",0.0348,2772,0.0196,5000,0.0152,0.0078,0.7761,1.15835820895522,2026-05-17 11:22:04.986895,1,"Courtney Williams layup","Loss",0.7761,-0.7761,1.15835820895522,-1.15835820895522,"First Basket Exact_Courtney Williams layup_2026-05-17"
2026-05-17,"FanDuel","CHI @ MIN","1022600025","First Basket by Team","First Points","Player","Team","Home/Away","Favorite/Underdog",0.1477,577,0.1333,650,0.0144,0.0083,0.8309,0.388271028037383,2026-05-17 14:21:41.396413,1,"Gabriela Jaquez","Loss",0.8309,-0.8309,0.388271028037383,-0.388271028037383,"First Basket by Team_Gabriela Jaquez_2026-05-17"
2026-05-17,"FanDuel","CHI @ MIN","1022600025","First Basket by Team","First Points","Player","Team","Home/Away","Favorite/Underdog",0.1655,504,0.1053,850,0.0603,0.0337,3.3677,1.57369158878505,2026-05-17 22:51:40.611598,24,"Jacy Sheldon","Loss",1.0451,-1.0451,0.48836448598131,-0.48836448598131,"First Basket by Team_Jacy Sheldon_2026-05-17"
2026-05-17,"FanDuel","CHI @ MIN","1022600025","First Basket by Team","First Points","Player","Team","Home/Away","Favorite/Underdog",0.1595,527,0.1333,650,0.0262,0.0151,1.5115,0.706308411214953,2026-05-17 11:22:04.901758,1,"Jacy Sheldon","Loss",1.5115,-1.5115,0.706308411214953,-0.706308411214953,"First Basket by Team_Jacy Sheldon_2026-05-17"
2026-05-17,"Fanatics","CHI @ MIN","1022600025","First Basket by Team","First FGM","Player","Team","Home/Away","Favorite/Underdog",0.1656,504,0.125,700,0.0406,0.0232,2.3226,1.08532710280374,2026-05-17 13:51:42.596618,6,"Jacy Sheldon","Loss",0.8111,-0.8111,0.379018691588787,-0.379018691588787,"First Basket by Team_Jacy Sheldon_2026-05-17"
2026-05-17,"FanDuel","CHI @ MIN","1022600025","First Basket by Team","First Points","Player","Team","Home/Away","Favorite/Underdog",0.1837,444,0.1429,600,0.0408,0.0238,2.3822,1.11317757009346,2026-05-17 22:21:42.236845,1,"Natasha Cloud","Loss",2.3822,-2.3822,1.11317757009346,-1.11317757009346,"First Basket by Team_Natasha Cloud_2026-05-17"
2026-05-17,"FanDuel","CHI @ MIN","1022600025","First Basket by Team","First Points","Player","Team","Home/Away","Favorite/Underdog",0.245,308,0.2174,360,0.0276,0.0176,1.763,0.823831775700934,2026-05-17 14:51:39.723749,8,"Natasha Howard","Win",0.2996,1.07856,0.139999999999999,0.503999999999996,"First Basket by Team_Natasha Howard_2026-05-17"
2026-05-17,"FanDuel","CHI @ MIN","1022600025","First Basket by Team","First Points","Player","Team","Home/Away","Favorite/Underdog",0.245,308,0.2222,350,0.0228,0.0146,1.4634,0.683831775700935,2026-05-17 11:22:04.901758,1,"Natasha Howard","Win",1.4634,5.1219,0.683831775700935,2.39341121495327,"First Basket by Team_Natasha Howard_2026-05-17"
2026-05-17,"Fanatics","CHI @ MIN","1022600025","First Basket by Team","First FGM","Player","Team","Home/Away","Favorite/Underdog",0.2591,286,0.2222,350,0.0369,0.0237,2.3713,1.10808411214953,2026-05-17 22:21:42.236845,23,"Natasha Howard","Win",0.6083,2.12905,0.284252336448596,0.994883177570086,"First Basket by Team_Natasha Howard_2026-05-17"
2026-05-17,"FanDuel","LVA @ ATL","1022600026","First Basket","First Points","Player","Game","Home/Away","Favorite/Underdog",0.0704,1321,0.0526,1800,0.0177,0.0094,0.936,0.793220338983051,2026-05-17 13:21:43.19117,1,"Chelsea Gray","Win",0.936,16.848,0.793220338983051,14.2779661016949,"First Basket_Chelsea Gray_2026-05-17"
2026-05-17,"BetRivers","LVA @ ATL","1022600026","First Basket","First FGM","Player","Game","Home/Away","Favorite/Underdog",0.0874,1044,0.0769,1200,0.0105,0.0057,0.5697,0.482796610169492,2026-05-17 14:51:39.602921,1,"Jordin Canada","Loss",0.5697,-0.5697,0.482796610169492,-0.482796610169492,"First Basket_Jordin Canada_2026-05-17"
2026-05-17,"Draft Kings","LVA @ ATL","1022600026","First Basket","First Points","Player","Game","Home/Away","Favorite/Underdog",0.0946,957,0.0833,1100,0.0113,0.0062,0.6172,0.523050847457627,2026-05-17 17:21:40.053162,6,"Jordin Canada","Loss",0.0475,-0.0475,0.040254237288135,-0.040254237288135,"First Basket_Jordin Canada_2026-05-17"
2026-05-17,"FanDuel","LVA @ ATL","1022600026","First Basket","First Points","Player","Game","Home/Away","Favorite/Underdog",0.064,1462,0.0526,1800,0.0114,0.006,0.6003,0.508728813559322,2026-05-17 17:21:40.053162,1,"Stephanie Talbot","Loss",0.6003,-0.6003,0.508728813559322,-0.508728813559322,"First Basket_Stephanie Talbot_2026-05-17"
2026-05-17,"Draft Kings","LVA @ ATL","1022600026","First Basket","First Points","Player","Game","Home/Away","Favorite/Underdog",0.092,987,0.0625,1500,0.0295,0.0157,1.5719,1.3321186440678,2026-05-17 17:21:40.053162,1,"Te-Hina Paopao","Loss",1.5719,-1.5719,1.3321186440678,-1.3321186440678,"First Basket_Te-Hina Paopao_2026-05-17"
2026-05-17,"FanDuel","LVA @ ATL","1022600026","First Basket Exact","First Points","Player","Exact","Home/Away","Favorite/Underdog",0.0939,965,0.0833,1100,0.0106,0.0058,0.5781,0.862835820895522,2026-05-17 13:51:42.681652,1,"A'ja Wilson other","Loss",0.5781,-0.5781,0.862835820895522,-0.862835820895522,"First Basket Exact_A'ja Wilson other_2026-05-17"
2026-05-17,"FanDuel","LVA @ ATL","1022600026","First Basket by Team","First Points","Player","Team","Home/Away","Favorite/Underdog",0.1425,602,0.1053,850,0.0372,0.0208,2.0786,0.971308411214953,2026-05-17 11:22:04.901758,1,"Chelsea Gray","Win",2.0786,17.6681,0.971308411214953,8.2561214953271,"First Basket by Team_Chelsea Gray_2026-05-17"
2026-05-17,"FanDuel","LVA @ ATL","1022600026","First Basket by Team","First Points","Player","Team","Home/Away","Favorite/Underdog",0.1425,602,0.0952,950,0.0472,0.0261,2.6096,1.21943925233645,2026-05-17 13:21:43.318093,5,"Chelsea Gray","Win",0.531,5.0445,0.248130841121497,2.35724299065422,"First Basket by Team_Chelsea Gray_2026-05-17"
2026-05-17,"FanDuel","LVA @ ATL","1022600026","First Basket by Team","First Points","Player","Team","Home/Away","Favorite/Underdog",0.1301,669,0.1176,750,0.0125,0.0071,0.7066,0.33018691588785,2026-05-17 11:22:04.901758,1,"Stephanie Talbot","Loss",0.7066,-0.7066,0.33018691588785,-0.33018691588785,"First Basket by Team_Stephanie Talbot_2026-05-17"
2026-05-17,"FanDuel","LVA @ ATL","1022600026","First Basket by Team","First Points","Player","Team","Home/Away","Favorite/Underdog",0.1301,669,0.0952,950,0.0349,0.0193,1.9275,0.900700934579439,2026-05-17 17:21:40.173773,12,"Stephanie Talbot","Loss",1.2209,-1.2209,0.570514018691589,-0.570514018691589,"First Basket by Team_Stephanie Talbot_2026-05-17"
2026-05-17,"FanDuel","SEA @ IND","1022600027","First Basket","First Points","Player","Game","Home/Away","Favorite/Underdog",0.1332,651,0.0769,1200,0.0563,0.0305,3.0483,2.58330508474576,2026-05-17 21:51:40.936157,1,"Jade Melbourne","Loss",3.0483,-3.0483,2.58330508474576,-2.58330508474576,"First Basket_Jade Melbourne_2026-05-17"
2026-05-17,"Draft Kings","SEA @ IND","1022600027","First Basket","First Points","Player","Game","Home/Away","Favorite/Underdog",0.11,809,0.0769,1200,0.033,0.0179,1.7898,1.51677966101695,2026-05-17 11:22:04.778643,1,"Jordan Horston","Loss",0.8949,-0.8949,0.758389830508475,-0.758389830508475,"First Basket_Jordan Horston_2026-05-17"
2026-05-17,"FanDuel","SEA @ IND","1022600027","First Basket","First Points","Player","Game","Home/Away","Favorite/Underdog",0.11,809,0.0769,1200,0.033,0.0179,1.7898,1.51677966101695,2026-05-17 11:22:04.778643,1,"Jordan Horston","Loss",0.8949,-0.8949,0.758389830508475,-0.758389830508475,"First Basket_Jordan Horston_2026-05-17"
2026-05-17,"BetRivers","SEA @ IND","1022600027","First Basket","First FGM","Player","Game","Home/Away","Favorite/Underdog",0.1121,792,0.0769,1200,0.0351,0.019,1.9029,1.61262711864407,2026-05-17 20:21:43.094043,19,"Jordan Horston","Loss",0.1131,-0.1131,0.09584745762712,-0.09584745762712,"First Basket_Jordan Horston_2026-05-17"
2026-05-17,"BetRivers","SEA @ IND","1022600027","First Basket","First FGM","Player","Game","Home/Away","Favorite/Underdog",0.1019,881,0.0909,1000,0.011,0.0061,0.6059,0.513474576271186,2026-05-17 11:22:04.778643,1,"Natisha Hiedeman","Loss",0.6059,-0.6059,0.513474576271186,-0.513474576271186,"First Basket_Natisha Hiedeman_2026-05-17"
2026-05-17,"Draft Kings","SEA @ IND","1022600027","First Basket","First Points","Player","Game","Home/Away","Favorite/Underdog",0.1006,894,0.0833,1100,0.0173,0.0094,0.9428,0.798983050847458,2026-05-17 20:21:43.094043,19,"Natisha Hiedeman","Loss",0.09765,-0.09765,0.0827542372881355,-0.0827542372881355,"First Basket_Natisha Hiedeman_2026-05-17"
2026-05-17,"FanDuel","SEA @ IND","1022600027","First Basket","First Points","Player","Game","Home/Away","Favorite/Underdog",0.1006,894,0.0833,1100,0.0173,0.0094,0.9428,0.798983050847458,2026-05-17 20:21:43.094043,19,"Natisha Hiedeman","Loss",0.23925,-0.23925,0.202754237288137,-0.202754237288137,"First Basket_Natisha Hiedeman_2026-05-17"
2026-05-17,"FanDuel","SEA @ IND","1022600027","First Basket Exact","First Points","Player","Exact","Home/Away","Favorite/Underdog",0.041,2342,0.0294,3300,0.0115,0.0059,0.5946,0.887462686567164,2026-05-17 20:21:43.430742,16,"Natisha Hiedeman layup","Loss",0.5946,-0.5946,0.887462686567164,-0.887462686567164,"First Basket Exact_Natisha Hiedeman layup_2026-05-17"
2026-05-17,"FanDuel","SEA @ IND","1022600027","First Basket by Team","First Points","Player","Team","Home/Away","Favorite/Underdog",0.2773,261,0.1695,490,0.1078,0.0649,6.4912,3.03327102803738,2026-05-17 21:51:41.190089,1,"Jade Melbourne","Win",6.4912,31.80688,3.03327102803738,14.8630280373832,"First Basket by Team_Jade Melbourne_2026-05-17"
2026-05-17,"FanDuel","SEA @ IND","1022600027","First Basket by Team","First Points","Player","Team","Home/Away","Favorite/Underdog",0.2379,320,0.1786,460,0.0594,0.0361,3.6127,1.68817757009346,2026-05-17 11:22:04.901758,1,"Jordan Horston","Loss",3.6127,-3.6127,1.68817757009346,-1.68817757009346,"First Basket by Team_Jordan Horston_2026-05-17"
2026-05-17,"Fanatics","SEA @ IND","1022600027","First Basket by Team","First FGM","Player","Team","Home/Away","Favorite/Underdog",0.1592,528,0.1333,650,0.0258,0.0149,1.4905,0.696495327102804,2026-05-17 21:51:41.190089,1,"Lexie Hull","Loss",1.4905,-1.4905,0.696495327102804,-0.696495327102804,"First Basket by Team_Lexie Hull_2026-05-17"
2026-05-17,"FanDuel","SEA @ IND","1022600027","First Basket by Team","First Points","Player","Team","Home/Away","Favorite/Underdog",0.203,393,0.1887,430,0.0143,0.0088,0.8818,0.412056074766355,2026-05-17 20:51:42.795627,1,"Myisha Hines-Allen","Win",0.8818,3.79174,0.412056074766355,1.77184112149533,"First Basket by Team_Myisha Hines-Allen_2026-05-17"
2026-05-17,"FanDuel","SEA @ IND","1022600027","First Basket by Team","First Points","Player","Team","Home/Away","Favorite/Underdog",0.2099,376,0.1961,410,0.0139,0.0086,0.8627,0.403130841121495,2026-05-17 11:22:04.901758,1,"Natisha Hiedeman","Loss",0.8627,-0.8627,0.403130841121495,-0.403130841121495,"First Basket by Team_Natisha Hiedeman_2026-05-17"
2026-05-17,"FanDuel","SEA @ IND","1022600027","First Basket by Team","First Points","Player","Team","Home/Away","Favorite/Underdog",0.2099,376,0.1923,420,0.0176,0.0109,1.0921,0.510327102803738,2026-05-17 14:21:41.396413,6,"Natisha Hiedeman","Loss",0.2294,-0.2294,0.107196261682243,-0.107196261682243,"First Basket by Team_Natisha Hiedeman_2026-05-17"
2026-05-17,"FanDuel","SEA @ IND","1022600027","First Team","First Points","Team","Quarter","Home/Away","Favorite/Underdog",0.4792,109,0.431,132,0.0482,0.0424,2.1185,1.37564935064935,2026-05-17 20:21:43.48432,19,"1Q SEA","Loss",0.9062,-0.9062,0.588441558441558,-0.588441558441558,"First Team_1Q SEA_2026-05-17"
2026-05-17,"FanDuel","SEA @ IND","1022600027","First Team","First Points","Team","Quarter","Home/Away","Favorite/Underdog",0.4622,116,0.4348,130,0.0274,0.0242,1.2123,0.787207792207792,2026-05-17 13:21:43.454498,5,"1Q SEA","Loss",0.1616,-0.1616,0.104935064935065,-0.104935064935065,"First Team_1Q SEA_2026-05-17"
2026-05-17,"FanDuel","SEA @ IND","1022600027","First Team","First Points","Team","Quarter","Home/Away","Favorite/Underdog",0.4622,116,0.4386,128,0.0236,0.021,1.0507,0.682272727272727,2026-05-17 11:22:05.038707,1,"1Q SEA","Loss",1.0507,-1.0507,0.682272727272727,-0.682272727272727,"First Team_1Q SEA_2026-05-17"
2026-05-17,"FanDuel","TOR @ LAS","1022600028","First Basket","First Points","Player","Game","Home/Away","Favorite/Underdog",0.0787,1171,0.0667,1400,0.012,0.0064,0.6436,0.545423728813559,2026-05-17 18:21:41.115849,1,"Erica Wheeler","Loss",0.6436,-0.6436,0.545423728813559,-0.545423728813559,"First Basket_Erica Wheeler_2026-05-17"
2026-05-17,"Draft Kings","TOR @ LAS","1022600028","First Basket","First Points","Player","Game","Home/Away","Favorite/Underdog",0.0725,1279,0.0588,1600,0.0137,0.0073,0.727,0.616101694915254,2026-05-17 11:22:04.778643,1,"Kiki Rice","Loss",0.727,-0.727,0.616101694915254,-0.616101694915254,"First Basket_Kiki Rice_2026-05-17"
2026-05-17,"FanDuel","TOR @ LAS","1022600028","First Basket","First Points","Player","Game","Home/Away","Favorite/Underdog",0.0824,1113,0.0556,1700,0.0269,0.0142,1.4222,1.20525423728814,2026-05-17 22:21:41.984516,23,"Kiki Rice","Loss",0.6952,-0.6952,0.589152542372886,-0.589152542372886,"First Basket_Kiki Rice_2026-05-17"
2026-05-17,"BetRivers","TOR @ LAS","1022600028","First Basket","First FGM","Player","Game","Home/Away","Favorite/Underdog",0.0899,1012,0.0667,1400,0.0232,0.0124,1.2449,1.055,2026-05-17 11:22:04.778643,1,"Rae Burrell","Loss",1.2449,-1.2449,1.055,-1.055,"First Basket_Rae Burrell_2026-05-17"
2026-05-17,"FanDuel","TOR @ LAS","1022600028","First Basket","First Points","Player","Game","Home/Away","Favorite/Underdog",0.0861,1061,0.0625,1500,0.0236,0.0126,1.2612,1.06881355932203,2026-05-17 13:51:42.469392,6,"Rae Burrell","Loss",0.0163000000000002,-0.0163000000000002,0.0138135593220301,-0.0138135593220301,"First Basket_Rae Burrell_2026-05-17"
2026-05-17,"FanDuel","TOR @ LAS","1022600028","First Basket by Team","First Points","Player","Team","Home/Away","Favorite/Underdog",0.1604,524,0.1333,650,0.027,0.0156,1.559,0.728504672897196,2026-05-17 13:51:42.596618,6,"Erica Wheeler","Loss",0.5382,-0.5382,0.251495327102804,-0.251495327102804,"First Basket by Team_Erica Wheeler_2026-05-17"
2026-05-17,"FanDuel","TOR @ LAS","1022600028","First Basket by Team","First Points","Player","Team","Home/Away","Favorite/Underdog",0.1604,524,0.1429,600,0.0175,0.0102,1.0208,0.477009345794392,2026-05-17 11:22:04.901758,1,"Erica Wheeler","Loss",1.0208,-1.0208,0.477009345794392,-0.477009345794392,"First Basket by Team_Erica Wheeler_2026-05-17"
2026-05-17,"Fanatics","TOR @ LAS","1022600028","First Basket by Team","First FGM","Player","Team","Home/Away","Favorite/Underdog",0.1606,523,0.125,700,0.0356,0.0203,2.0337,0.950327102803738,2026-05-17 22:51:40.611598,24,"Erica Wheeler","Loss",0.4612,-0.4612,0.215514018691588,-0.215514018691588,"First Basket by Team_Erica Wheeler_2026-05-17"
2026-05-17,"Fanatics","TOR @ LAS","1022600028","First Basket by Team","First FGM","Player","Team","Home/Away","Favorite/Underdog",0.1606,523,0.1333,650,0.0273,0.0157,1.5725,0.73481308411215,2026-05-17 18:21:41.37034,15,"Erica Wheeler","Loss",0.0135000000000001,-0.0135000000000001,0.00630841121495396,-0.00630841121495396,"First Basket by Team_Erica Wheeler_2026-05-17"
2026-05-17,"FanDuel","TOR @ LAS","1022600028","First Basket by Team","First Points","Player","Team","Home/Away","Favorite/Underdog",0.1612,520,0.1053,850,0.056,0.0313,3.1272,1.46130841121495,2026-05-17 22:21:42.236845,23,"Kiki Rice","Loss",1.7269,-1.7269,0.806962616822427,-0.806962616822427,"First Basket by Team_Kiki Rice_2026-05-17"
2026-05-17,"FanDuel","TOR @ LAS","1022600028","First Basket by Team","First Points","Player","Team","Home/Away","Favorite/Underdog",0.1424,602,0.1176,750,0.0247,0.014,1.4003,0.654345794392523,2026-05-17 11:22:04.901758,1,"Kiki Rice","Loss",1.4003,-1.4003,0.654345794392523,-0.654345794392523,"First Basket by Team_Kiki Rice_2026-05-17"
2026-05-17,"FanDuel","TOR @ LAS","1022600028","First Basket by Team","First Points","Player","Team","Home/Away","Favorite/Underdog",0.1846,442,0.1724,480,0.0122,0.0074,0.736,0.34392523364486,2026-05-17 22:51:40.611598,1,"Laura Juskaite","Loss",0.736,-0.736,0.34392523364486,-0.34392523364486,"First Basket by Team_Laura Juskaite_2026-05-17"
2026-05-17,"FanDuel","TOR @ LAS","1022600028","First Basket by Team","First Points","Player","Team","Home/Away","Favorite/Underdog",0.1756,470,0.1333,650,0.0422,0.0244,2.4368,1.13869158878505,2026-05-17 11:22:04.901758,1,"Rae Burrell","Loss",2.4368,-2.4368,1.13869158878505,-1.13869158878505,"First Basket by Team_Rae Burrell_2026-05-17"
2026-05-17,"Fanatics","TOR @ LAS","1022600028","First Basket by Team","First FGM","Player","Team","Home/Away","Favorite/Underdog",0.1817,450,0.125,700,0.0567,0.0324,3.2413,1.5146261682243,2026-05-17 13:51:42.596618,6,"Rae Burrell","Loss",0.8045,-0.8045,0.37593457943925,-0.37593457943925,"First Basket by Team_Rae Burrell_2026-05-17"
2026-05-18,"FanDuel","CON @ PDX","1022600030","First Basket","First Points","Player","Game","Home/Away","Favorite/Underdog",0.0975,925,0.0667,1400,0.0309,0.0165,1.6541,1.40177966101695,2026-05-18 11:22:10.144739,1,"Emily Engstler","Loss",1.6541,-1.6541,1.40177966101695,-1.40177966101695,"First Basket_Emily Engstler_2026-05-18"
2026-05-18,"FanDuel","CON @ PDX","1022600030","First Basket","First Points","Player","Game","Home/Away","Favorite/Underdog",0.0841,1089,0.0714,1300,0.0127,0.0068,0.6821,0.578050847457627,2026-05-18 16:21:30.306122,1,"Nyadiew Puoch","Win",0.6821,8.8673,0.578050847457627,7.51466101694915,"First Basket_Nyadiew Puoch_2026-05-18"
2026-05-18,"FanDuel","CON @ PDX","1022600030","First Basket","First Points","Player","Game","Home/Away","Favorite/Underdog",0.0841,1089,0.0667,1400,0.0174,0.0093,0.9337,0.791271186440678,2026-05-18 20:51:28.544024,10,"Nyadiew Puoch","Win",0.2516,3.5224,0.213220338983051,2.98508474576271,"First Basket_Nyadiew Puoch_2026-05-18"
2026-05-18,"FanDuel","CON @ PDX","1022600030","First Basket by Team","First Points","Player","Team","Home/Away","Favorite/Underdog",0.2143,367,0.1818,450,0.0325,0.0198,1.9833,0.926775700934579,2026-05-18 21:21:29.340117,10,"Diamond Miller","Loss",0.8517,-0.8517,0.397990654205607,-0.397990654205607,"First Basket by Team_Diamond Miller_2026-05-18"
2026-05-18,"FanDuel","CON @ PDX","1022600030","First Basket by Team","First Points","Player","Team","Home/Away","Favorite/Underdog",0.2143,367,0.1961,410,0.0182,0.0113,1.1316,0.528785046728972,2026-05-18 17:51:29.631233,4,"Diamond Miller","Loss",0.4914,-0.4914,0.229626168224299,-0.229626168224299,"First Basket by Team_Diamond Miller_2026-05-18"
2026-05-18,"FanDuel","CON @ PDX","1022600030","First Basket by Team","First Points","Player","Team","Home/Away","Favorite/Underdog",0.2143,367,0.2041,390,0.0102,0.0064,0.6402,0.299158878504673,2026-05-18 16:21:30.427815,1,"Diamond Miller","Loss",0.6402,-0.6402,0.299158878504673,-0.299158878504673,"First Basket by Team_Diamond Miller_2026-05-18"
2026-05-18,"FanDuel","CON @ PDX","1022600030","First Basket by Team","First Points","Player","Team","Home/Away","Favorite/Underdog",0.2203,354,0.1667,500,0.0537,0.0322,3.2201,1.50471962616822,2026-05-18 11:22:10.261755,1,"Emily Engstler","Loss",3.2201,-3.2201,1.50471962616822,-1.50471962616822,"First Basket by Team_Emily Engstler_2026-05-18"
2026-05-18,"FanDuel","CON @ PDX","1022600030","First Basket by Team","First Points","Player","Team","Home/Away","Favorite/Underdog",0.19,426,0.1695,490,0.0205,0.0123,1.2322,0.575794392523364,2026-05-18 16:21:30.427815,1,"Nyadiew Puoch","Win",1.2322,6.03778,0.575794392523364,2.82139252336448,"First Basket by Team_Nyadiew Puoch_2026-05-18"
2026-05-18,"FanDuel","CON @ PDX","1022600030","First Basket by Team","First Points","Player","Team","Home/Away","Favorite/Underdog",0.19,426,0.1667,500,0.0233,0.014,1.3975,0.65303738317757,2026-05-18 16:51:27.56423,2,"Nyadiew Puoch","Win",0.1653,0.8265,0.077242990654206,0.38621495327103,"First Basket by Team_Nyadiew Puoch_2026-05-18"
2026-05-18,"FanDuel","CON @ PDX","1022600030","First Team","First Points","Team","Quarter","Home/Away","Favorite/Underdog",0.4427,126,0.4132,142,0.0295,0.0251,1.2562,0.815714285714286,2026-05-18 11:22:10.386929,1,"1Q PDX","Win",1.2562,1.783804,0.815714285714286,1.15831428571429,"First Team_1Q PDX_2026-05-18"
2026-05-18,"FanDuel","CON @ PDX","1022600030","First Team","First Points","Team","Quarter","Home/Away","Favorite/Underdog",0.4427,126,0.4098,144,0.0329,0.0279,1.3925,0.904220779220779,2026-05-18 18:51:30.306789,16,"1Q PDX","Win",0.1363,0.196272,0.0885064935064931,0.12744935064935,"First Team_1Q PDX_2026-05-18"
2026-05-18,"Draft Kings","WAS @ DAL","1022600029","First Basket","First Points","Player","Game","Home/Away","Favorite/Underdog",0.0753,1229,0.0588,1600,0.0164,0.0087,0.8734,0.740169491525424,2026-05-18 11:22:10.144739,1,"Cotie McMahon","Loss",0.4367,-0.4367,0.370084745762712,-0.370084745762712,"First Basket_Cotie McMahon_2026-05-18"
2026-05-18,"FanDuel","WAS @ DAL","1022600029","First Basket","First Points","Player","Game","Home/Away","Favorite/Underdog",0.0753,1229,0.05,1900,0.0253,0.0133,1.3297,1.12686440677966,2026-05-18 18:21:29.217445,15,"Cotie McMahon","Loss",0.1352,-0.1352,0.11457627118644,-0.11457627118644,"First Basket_Cotie McMahon_2026-05-18"
2026-05-18,"FanDuel","WAS @ DAL","1022600029","First Basket","First Points","Player","Game","Home/Away","Favorite/Underdog",0.0753,1229,0.0526,1800,0.0226,0.0119,1.1945,1.01228813559322,2026-05-18 16:51:27.442687,12,"Cotie McMahon","Loss",0.1511,-0.1511,0.128050847457627,-0.128050847457627,"First Basket_Cotie McMahon_2026-05-18"
2026-05-18,"FanDuel","WAS @ DAL","1022600029","First Basket","First Points","Player","Game","Home/Away","Favorite/Underdog",0.0753,1229,0.0556,1700,0.0197,0.0104,1.0434,0.884237288135593,2026-05-18 13:51:29.756265,6,"Cotie McMahon","Loss",0.17,-0.17,0.144067796610169,-0.144067796610169,"First Basket_Cotie McMahon_2026-05-18"
2026-05-18,"FanDuel","WAS @ DAL","1022600029","First Basket","First Points","Player","Game","Home/Away","Favorite/Underdog",0.0753,1229,0.0588,1600,0.0164,0.0087,0.8734,0.740169491525424,2026-05-18 11:22:10.144739,1,"Cotie McMahon","Loss",0.4367,-0.4367,0.370084745762712,-0.370084745762712,"First Basket_Cotie McMahon_2026-05-18"
2026-05-18,"FanDuel","WAS @ DAL","1022600029","First Basket","First Points","Player","Game","Home/Away","Favorite/Underdog",0.0671,1390,0.05,1900,0.0171,0.009,0.9005,0.763135593220339,2026-05-18 11:22:10.144739,1,"Georgia Amoore","Loss",0.9005,-0.9005,0.763135593220339,-0.763135593220339,"First Basket_Georgia Amoore_2026-05-18"
2026-05-18,"FanDuel","WAS @ DAL","1022600029","First Basket","First Points","Player","Game","Home/Away","Favorite/Underdog",0.0671,1390,0.0476,2000,0.0195,0.0102,1.0232,0.867118644067797,2026-05-18 11:51:27.002909,2,"Georgia Amoore","Loss",0.1227,-0.1227,0.103983050847458,-0.103983050847458,"First Basket_Georgia Amoore_2026-05-18"
2026-05-18,"Draft Kings","WAS @ DAL","1022600029","First Basket","First Points","Player","Game","Home/Away","Favorite/Underdog",0.1506,564,0.125,700,0.0256,0.0146,1.463,1.23983050847458,2026-05-18 11:22:10.144739,1,"Kiki Iriafen","Loss",1.463,-1.463,1.23983050847458,-1.23983050847458,"First Basket_Kiki Iriafen_2026-05-18"
2026-05-18,"FanDuel","WAS @ DAL","1022600029","First Basket","First Points","Player","Game","Home/Away","Favorite/Underdog",0.1506,564,0.1176,750,0.033,0.0187,1.8675,1.58262711864407,2026-05-18 12:51:28.792509,4,"Kiki Iriafen","Loss",0.4045,-0.4045,0.34279661016949,-0.34279661016949,"First Basket_Kiki Iriafen_2026-05-18"
2026-05-18,"FanDuel","WAS @ DAL","1022600029","First Basket Exact","First Points","Player","Exact","Home/Away","Favorite/Underdog",0.0361,2672,0.0244,4000,0.0117,0.006,0.5987,0.893582089552239,2026-05-18 16:21:30.496929,1,"Cotie McMahon layup","Loss",0.5987,-0.5987,0.893582089552239,-0.893582089552239,"First Basket Exact_Cotie McMahon layup_2026-05-18"
2026-05-18,"FanDuel","WAS @ DAL","1022600029","First Basket Exact","First Points","Player","Exact","Home/Away","Favorite/Underdog",0.049,1943,0.0357,2700,0.0132,0.0069,0.6865,1.02462686567164,2026-05-18 11:22:10.33563,1,"Kiki Iriafen other","Loss",0.6865,-0.6865,1.02462686567164,-1.02462686567164,"First Basket Exact_Kiki Iriafen other_2026-05-18"
2026-05-18,"FanDuel","WAS @ DAL","1022600029","First Basket Exact","First Points","Player","Exact","Home/Away","Favorite/Underdog",0.049,1943,0.0323,3000,0.0167,0.0086,0.8626,1.28746268656716,2026-05-18 19:21:30.312953,17,"Kiki Iriafen other","Loss",0.1761,-0.1761,0.26283582089552,-0.26283582089552,"First Basket Exact_Kiki Iriafen other_2026-05-18"
2026-05-18,"FanDuel","WAS @ DAL","1022600029","First Basket by Team","First Points","Player","Team","Home/Away","Favorite/Underdog",0.1445,592,0.0909,1000,0.0536,0.0295,2.9467,1.37696261682243,2026-05-18 18:51:30.181479,16,"Cotie McMahon","Loss",0.2251,-0.2251,0.10518691588785,-0.10518691588785,"First Basket by Team_Cotie McMahon_2026-05-18"
2026-05-18,"FanDuel","WAS @ DAL","1022600029","First Basket by Team","First Points","Player","Team","Home/Away","Favorite/Underdog",0.1445,592,0.0952,950,0.0492,0.0272,2.7216,1.27177570093458,2026-05-18 16:51:27.56423,12,"Cotie McMahon","Loss",0.2502,-0.2502,0.11691588785047,-0.11691588785047,"First Basket by Team_Cotie McMahon_2026-05-18"
2026-05-18,"FanDuel","WAS @ DAL","1022600029","First Basket by Team","First Points","Player","Team","Home/Away","Favorite/Underdog",0.1445,592,0.1,900,0.0445,0.0247,2.4714,1.15485981308411,2026-05-18 16:21:30.427815,11,"Cotie McMahon","Loss",0.2516,-0.2516,0.11757009345794,-0.11757009345794,"First Basket by Team_Cotie McMahon_2026-05-18"
2026-05-18,"FanDuel","WAS @ DAL","1022600029","First Basket by Team","First Points","Player","Team","Home/Away","Favorite/Underdog",0.1445,592,0.1053,850,0.0392,0.0219,2.1918,1.02420560747664,2026-05-18 12:51:28.914263,4,"Cotie McMahon","Loss",0.3145,-0.3145,0.146962616822434,-0.146962616822434,"First Basket by Team_Cotie McMahon_2026-05-18"
2026-05-18,"FanDuel","WAS @ DAL","1022600029","First Basket by Team","First Points","Player","Team","Home/Away","Favorite/Underdog",0.1445,592,0.1111,800,0.0334,0.0188,1.8773,0.877242990654206,2026-05-18 11:22:10.261755,1,"Cotie McMahon","Loss",1.8773,-1.8773,0.877242990654206,-0.877242990654206,"First Basket by Team_Cotie McMahon_2026-05-18"
2026-05-18,"Fanatics","WAS @ DAL","1022600029","First Basket by Team","First FGM","Player","Team","Home/Away","Favorite/Underdog",0.1506,564,0.1111,800,0.0395,0.0222,2.2198,1.03728971962617,2026-05-18 13:21:28.881186,5,"Cotie McMahon","Loss",0.028,-0.028,0.01308411214953,-0.01308411214953,"First Basket by Team_Cotie McMahon_2026-05-18"
2026-05-18,"FanDuel","WAS @ DAL","1022600029","First Basket by Team","First Points","Player","Team","Home/Away","Favorite/Underdog",0.1288,676,0.0909,1000,0.0379,0.0209,2.0856,0.974579439252336,2026-05-18 11:22:10.261755,1,"Georgia Amoore","Loss",2.0856,-2.0856,0.974579439252336,-0.974579439252336,"First Basket by Team_Georgia Amoore_2026-05-18"
2026-05-18,"FanDuel","WAS @ DAL","1022600029","First Basket by Team","First Points","Player","Team","Home/Away","Favorite/Underdog",0.2891,246,0.2174,360,0.0717,0.0458,4.5821,2.14116822429907,2026-05-18 19:21:30.244181,17,"Kiki Iriafen","Win",0.8976,3.23136,0.41943925233645,1.50998130841122,"First Basket by Team_Kiki Iriafen_2026-05-18"
2026-05-18,"FanDuel","WAS @ DAL","1022600029","First Basket by Team","First Points","Player","Team","Home/Away","Favorite/Underdog",0.2891,246,0.2326,330,0.0566,0.0368,3.6845,1.72172897196262,2026-05-18 12:51:28.914263,4,"Kiki Iriafen","Win",0.3366,1.11078,0.15728971962617,0.519056074766361,"First Basket by Team_Kiki Iriafen_2026-05-18"
2026-05-18,"FanDuel","WAS @ DAL","1022600029","First Basket by Team","First Points","Player","Team","Home/Away","Favorite/Underdog",0.2891,246,0.2381,320,0.051,0.0335,3.3479,1.56443925233645,2026-05-18 12:21:29.277347,3,"Kiki Iriafen","Win",0.7405,2.3696,0.34602803738318,1.10728971962618,"First Basket by Team_Kiki Iriafen_2026-05-18"
2026-05-18,"FanDuel","WAS @ DAL","1022600029","First Basket by Team","First Points","Player","Team","Home/Away","Favorite/Underdog",0.2891,246,0.25,300,0.0391,0.0261,2.6074,1.21841121495327,2026-05-18 11:22:10.261755,1,"Kiki Iriafen","Win",2.6074,7.8222,1.21841121495327,3.65523364485981,"First Basket by Team_Kiki Iriafen_2026-05-18"
2026-05-18,"FanDuel","WAS @ DAL","1022600029","First Basket by Team","First Points","Player","Team","Home/Away","Favorite/Underdog",0.1904,425,0.1667,500,0.0237,0.0142,1.4242,0.665514018691589,2026-05-18 23:21:45.920994,16,"Odyssey Sims","Loss",0.3373,-0.3373,0.157616822429907,-0.157616822429907,"First Basket by Team_Odyssey Sims_2026-05-18"
2026-05-18,"FanDuel","WAS @ DAL","1022600029","First Basket by Team","First Points","Player","Team","Home/Away","Favorite/Underdog",0.1904,425,0.1724,480,0.018,0.0109,1.0869,0.507897196261682,2026-05-18 17:21:29.343858,7,"Odyssey Sims","Loss",0.1794,-0.1794,0.083831775700934,-0.083831775700934,"First Basket by Team_Odyssey Sims_2026-05-18"
2026-05-18,"FanDuel","WAS @ DAL","1022600029","First Basket by Team","First Points","Player","Team","Home/Away","Favorite/Underdog",0.1904,425,0.1754,470,0.015,0.0091,0.9075,0.424065420560748,2026-05-18 11:22:10.261755,1,"Odyssey Sims","Loss",0.9075,-0.9075,0.424065420560748,-0.424065420560748,"First Basket by Team_Odyssey Sims_2026-05-18"
2026-05-19,"FanDuel","TOR @ PHX","1022600031","First Basket","First Points","Player","Game","Home/Away","Favorite/Underdog",0.1099,810,0.0833,1100,0.0265,0.0145,1.4481,1.22720338983051,2026-05-19 11:22:03.653968,1,"Jovana Nogic","Loss",1.4481,-1.4481,1.22720338983051,-1.22720338983051,"First Basket_Jovana Nogic_2026-05-19"
2026-05-19,"FanDuel","TOR @ PHX","1022600031","First Basket","First Points","Player","Game","Home/Away","Favorite/Underdog",0.1099,810,0.0769,1200,0.033,0.0179,1.7853,1.51296610169492,2026-05-19 14:21:26.507886,7,"Jovana Nogic","Loss",0.3372,-0.3372,0.28576271186441,-0.28576271186441,"First Basket_Jovana Nogic_2026-05-19"
2026-05-19,"FanDuel","TOR @ PHX","1022600031","First Basket","First Points","Player","Game","Home/Away","Favorite/Underdog",0.0913,996,0.0667,1400,0.0246,0.0132,1.3171,1.11618644067797,2026-05-19 20:51:28.790935,15,"Laura Juskaite","Win",0.2497,3.4958,0.211610169491529,2.96254237288141,"First Basket_Laura Juskaite_2026-05-19"
2026-05-19,"FanDuel","TOR @ PHX","1022600031","First Basket","First Points","Player","Game","Home/Away","Favorite/Underdog",0.0913,996,0.0714,1300,0.0198,0.0107,1.0674,0.904576271186441,2026-05-19 19:51:30.111366,13,"Laura Juskaite","Win",1.0674,13.8762,0.904576271186441,11.7594915254237,"First Basket_Laura Juskaite_2026-05-19"
2026-05-19,"BetRivers","TOR @ PHX","1022600031","First Basket","First FGM","Player","Game","Home/Away","Favorite/Underdog",0.0878,1039,0.0769,1200,0.0109,0.0059,0.5891,0.499237288135593,2026-05-20 01:51:40.364578,1,"Maria Conde","Loss",0.29455,-0.29455,0.249618644067796,-0.249618644067796,"First Basket_Maria Conde_2026-05-19"
2026-05-19,"MGM","TOR @ PHX","1022600031","First Basket","First FGM","Player","Game","Home/Away","Favorite/Underdog",0.0878,1039,0.0769,1200,0.0109,0.0059,0.5891,0.499237288135593,2026-05-20 01:51:40.364578,1,"Maria Conde","Loss",0.29455,-0.29455,0.249618644067796,-0.249618644067796,"First Basket_Maria Conde_2026-05-19"
2026-05-19,"FanDuel","TOR @ PHX","1022600031","First Basket","First Points","Player","Game","Home/Away","Favorite/Underdog",0.0851,1075,0.0714,1300,0.0137,0.0074,0.7353,0.623135593220339,2026-05-19 14:51:26.24286,1,"Natasha Mack","Loss",0.7353,-0.7353,0.623135593220339,-0.623135593220339,"First Basket_Natasha Mack_2026-05-19"
2026-05-19,"FanDuel","TOR @ PHX","1022600031","First Basket Exact","First Points","Player","Exact","Home/Away","Favorite/Underdog",0.0409,2344,0.0278,3500,0.0131,0.0068,0.6761,1.00910447761194,2026-05-19 11:22:03.831702,1,"Jovana Nogic layup","Loss",0.6761,-0.6761,1.00910447761194,-1.00910447761194,"First Basket Exact_Jovana Nogic layup_2026-05-19"
2026-05-19,"Fanatics","TOR @ PHX","1022600031","First Basket by Team","First FGM","Player","Team","Home/Away","Favorite/Underdog",0.1804,454,0.1667,500,0.0138,0.0083,0.8263,0.386121495327103,2026-05-19 20:21:29.969557,1,"DeWanna Bonner","Loss",0.8263,-0.8263,0.386121495327103,-0.386121495327103,"First Basket by Team_DeWanna Bonner_2026-05-19"
2026-05-19,"FanDuel","TOR @ PHX","1022600031","First Basket by Team","First Points","Player","Team","Home/Away","Favorite/Underdog",0.1998,401,0.1429,600,0.0569,0.0332,3.3212,1.55196261682243,2026-05-19 11:22:03.766616,1,"Jovana Nogic","Loss",3.3212,-3.3212,1.55196261682243,-1.55196261682243,"First Basket by Team_Jovana Nogic_2026-05-19"
2026-05-19,"Fanatics","TOR @ PHX","1022600031","First Basket by Team","First FGM","Player","Team","Home/Away","Favorite/Underdog",0.2144,366,0.1429,600,0.0716,0.0418,4.1762,1.9514953271028,2026-05-20 00:21:56.55239,27,"Jovana Nogic","Loss",0.5951,-0.5951,0.27808411214953,-0.27808411214953,"First Basket by Team_Jovana Nogic_2026-05-19"
2026-05-19,"Fanatics","TOR @ PHX","1022600031","First Basket by Team","First FGM","Player","Team","Home/Away","Favorite/Underdog",0.2144,366,0.1538,550,0.0606,0.0358,3.5811,1.67341121495327,2026-05-19 19:21:27.197831,17,"Jovana Nogic","Loss",0.2599,-0.2599,0.12144859813084,-0.12144859813084,"First Basket by Team_Jovana Nogic_2026-05-19"
2026-05-19,"FanDuel","TOR @ PHX","1022600031","First Basket by Team","First Points","Player","Team","Home/Away","Favorite/Underdog",0.1913,423,0.1429,600,0.0484,0.0283,2.826,1.32056074766355,2026-05-19 20:51:28.910158,20,"Laura Juskaite","Win",0.6127,3.6762,0.28630841121495,1.7178504672897,"First Basket by Team_Laura Juskaite_2026-05-19"
2026-05-19,"FanDuel","TOR @ PHX","1022600031","First Basket by Team","First Points","Player","Team","Home/Away","Favorite/Underdog",0.1913,423,0.1538,550,0.0375,0.0221,2.2133,1.0342523364486,2026-05-19 19:51:30.230213,18,"Laura Juskaite","Win",2.2133,12.17315,1.0342523364486,5.6883878504673,"First Basket by Team_Laura Juskaite_2026-05-19"
2026-05-19,"FanDuel","TOR @ PHX","1022600031","First Basket by Team","First Points","Player","Team","Home/Away","Favorite/Underdog",0.1547,546,0.1429,600,0.0118,0.0069,0.691,0.322897196261682,2026-05-19 11:22:03.766616,1,"Natasha Mack","Loss",0.691,-0.691,0.322897196261682,-0.322897196261682,"First Basket by Team_Natasha Mack_2026-05-19"
2026-05-19,"FanDuel","TOR @ PHX","1022600031","First Basket by Team","First Points","Player","Team","Home/Away","Favorite/Underdog",0.1547,546,0.1333,650,0.0214,0.0123,1.2329,0.576121495327103,2026-05-19 12:21:28.590085,3,"Natasha Mack","Loss",0.5419,-0.5419,0.253224299065421,-0.253224299065421,"First Basket by Team_Natasha Mack_2026-05-19"
2026-05-20,"Draft Kings","CON @ SEA","1022600034","First Basket","First Points","Player","Game","Home/Away","Favorite/Underdog",0.1043,859,0.0909,1000,0.0133,0.0073,0.7342,0.622203389830508,2026-05-21 00:51:36.459456,1,"Aaliyah Edwards","Loss",0.7342,-0.7342,0.622203389830508,-0.622203389830508,"First Basket_Aaliyah Edwards_2026-05-20"
2026-05-20,"FanDuel","CON @ SEA","1022600034","First Basket","First Points","Player","Game","Home/Away","Favorite/Underdog",0.11,809,0.0909,1000,0.0191,0.0105,1.0506,0.890338983050847,2026-05-21 00:21:51.530623,1,"Diamond Miller","Loss",1.0506,-1.0506,0.890338983050847,-0.890338983050847,"First Basket_Diamond Miller_2026-05-20"
2026-05-20,"BetRivers","CON @ SEA","1022600034","First Basket","First FGM","Player","Game","Home/Away","Favorite/Underdog",0.1119,794,0.0909,1000,0.021,0.0116,1.1551,0.978898305084746,2026-05-21 01:21:38.520548,3,"Diamond Miller","Loss",0.1045,-0.1045,0.0885593220338989,-0.0885593220338989,"First Basket_Diamond Miller_2026-05-20"
2026-05-20,"Draft Kings","CON @ SEA","1022600034","First Basket","First Points","Player","Game","Home/Away","Favorite/Underdog",0.1317,659,0.0909,1000,0.0408,0.0225,2.245,1.90254237288136,2026-05-20 11:21:55.127327,1,"Jade Melbourne","Loss",1.1225,-1.1225,0.95127118644068,-0.95127118644068,"First Basket_Jade Melbourne_2026-05-20"
2026-05-20,"FanDuel","CON @ SEA","1022600034","First Basket","First Points","Player","Game","Home/Away","Favorite/Underdog",0.1317,659,0.0909,1000,0.0408,0.0225,2.245,1.90254237288136,2026-05-20 11:21:55.127327,1,"Jade Melbourne","Loss",1.1225,-1.1225,0.95127118644068,-0.95127118644068,"First Basket_Jade Melbourne_2026-05-20"
2026-05-20,"FanDuel","CON @ SEA","1022600034","First Basket","First Points","Player","Game","Home/Away","Favorite/Underdog",0.1332,651,0.0833,1100,0.0499,0.0272,2.7195,2.30466101694915,2026-05-20 17:04:24.100404,9,"Jade Melbourne","Loss",0.4745,-0.4745,0.40211864406779,-0.40211864406779,"First Basket_Jade Melbourne_2026-05-20"
2026-05-20,"BetRivers","CON @ SEA","1022600034","First Basket","First FGM","Player","Game","Home/Away","Favorite/Underdog",0.091,999,0.0769,1200,0.014,0.0076,0.7605,0.644491525423729,2026-05-20 20:52:03.991218,15,"Natisha Hiedeman","Loss",0.7605,-0.7605,0.644491525423729,-0.644491525423729,"First Basket_Natisha Hiedeman_2026-05-20"
2026-05-20,"FanDuel","CON @ SEA","1022600034","First Basket Exact","First Points","Player","Exact","Home/Away","Favorite/Underdog",0.0399,2409,0.0196,5000,0.0202,0.0103,1.0325,1.5410447761194,2026-05-20 17:04:24.308201,9,"Jade Melbourne other","Loss",1.0325,-1.0325,1.5410447761194,-1.5410447761194,"First Basket Exact_Jade Melbourne other_2026-05-20"
2026-05-20,"FanDuel","CON @ SEA","1022600034","First Basket Exact","First Points","Player","Exact","Home/Away","Favorite/Underdog",0.0446,2144,0.0217,4500,0.0228,0.0117,1.167,1.74179104477612,2026-05-21 01:51:41.222774,27,"Jade Melbourne other","Loss",0.1301,-0.1301,0.19417910447761,-0.19417910447761,"First Basket Exact_Jade Melbourne other_2026-05-20"
2026-05-20,"FanDuel","CON @ SEA","1022600034","First Basket Exact","First Points","Player","Exact","Home/Away","Favorite/Underdog",0.0446,2141,0.0244,4000,0.0202,0.0104,1.0369,1.54761194029851,2026-05-21 01:21:38.71081,26,"Jade Melbourne other","Loss",0.00439999999999996,-0.00439999999999996,0.00656716417911007,-0.00656716417911007,"First Basket Exact_Jade Melbourne other_2026-05-20"
2026-05-20,"FanDuel","CON @ SEA","1022600034","First Basket by Team","First Points","Player","Team","Home/Away","Favorite/Underdog",0.2242,346,0.1852,440,0.039,0.0239,2.3945,1.11892523364486,2026-05-21 01:51:41.15356,13,"Diamond Miller","Loss",0.4745,-0.4745,0.221728971962618,-0.221728971962618,"First Basket by Team_Diamond Miller_2026-05-20"
2026-05-20,"FanDuel","CON @ SEA","1022600034","First Basket by Team","First Points","Player","Team","Home/Away","Favorite/Underdog",0.2012,397,0.1887,430,0.0125,0.0077,0.7703,0.359953271028037,2026-05-20 13:51:35.471237,1,"Diamond Miller","Loss",0.7703,-0.7703,0.359953271028037,-0.359953271028037,"First Basket by Team_Diamond Miller_2026-05-20"
2026-05-20,"FanDuel","CON @ SEA","1022600034","First Basket by Team","First Points","Player","Team","Home/Away","Favorite/Underdog",0.2306,334,0.1961,410,0.0345,0.0214,2.1446,1.00214953271028,2026-05-21 01:21:38.641537,12,"Diamond Miller","Loss",1.1497,-1.1497,0.537242990654205,-0.537242990654205,"First Basket by Team_Diamond Miller_2026-05-20"
2026-05-20,"FanDuel","CON @ SEA","1022600034","First Basket by Team","First Points","Player","Team","Home/Away","Favorite/Underdog",0.2921,242,0.1923,420,0.0998,0.0618,6.1806,2.88813084112149,2026-05-20 21:21:32.816727,18,"Jade Melbourne","Loss",0.1201,-0.1201,0.0561214953271003,-0.0561214953271003,"First Basket by Team_Jade Melbourne_2026-05-20"
2026-05-20,"FanDuel","CON @ SEA","1022600034","First Basket by Team","First Points","Player","Team","Home/Away","Favorite/Underdog",0.2935,241,0.1961,410,0.0974,0.0606,6.0605,2.83200934579439,2026-05-20 17:04:24.2229,9,"Jade Melbourne","Loss",0.441800000000001,-0.441800000000001,0.20644859813084,-0.20644859813084,"First Basket by Team_Jade Melbourne_2026-05-20"
2026-05-20,"FanDuel","CON @ SEA","1022600034","First Basket by Team","First Points","Player","Team","Home/Away","Favorite/Underdog",0.2935,241,0.2041,390,0.0894,0.0562,5.6187,2.62556074766355,2026-05-20 11:21:55.249574,1,"Jade Melbourne","Loss",5.6187,-5.6187,2.62556074766355,-2.62556074766355,"First Basket by Team_Jade Melbourne_2026-05-20"
2026-05-20,"Fanatics","CON @ SEA","1022600034","First Basket by Team","First FGM","Player","Team","Home/Away","Favorite/Underdog",0.2073,382,0.1739,475,0.0334,0.0202,2.0191,0.943504672897196,2026-05-21 00:21:51.653522,1,"Jordan Horston","Loss",2.0191,-2.0191,0.943504672897196,-0.943504672897196,"First Basket by Team_Jordan Horston_2026-05-20"
2026-05-20,"Fanatics","CON @ SEA","1022600034","First Basket by Team","First FGM","Player","Team","Home/Away","Favorite/Underdog",0.1936,416,0.1818,450,0.0118,0.0072,0.723,0.33785046728972,2026-05-21 00:21:51.653522,1,"Natisha Hiedeman","Win",0.723,3.2535,0.33785046728972,1.52032710280374,"First Basket by Team_Natisha Hiedeman_2026-05-20"
2026-05-20,"FanDuel","CON @ SEA","1022600034","First Team","First Points","Team","Quarter","Home/Away","Favorite/Underdog",0.5462,-120,0.4762,110,0.07,0.0669,3.343,2.17077922077922,2026-05-21 00:21:51.77989,1,"1Q CON","Win",3.343,3.6773,2.17077922077922,2.38785714285714,"First Team_1Q CON_2026-05-20"
2026-05-20,"FanDuel","CON @ SEA","1022600034","First Team","First Points","Team","Quarter","Home/Away","Favorite/Underdog",0.4488,123,0.4386,128,0.0102,0.0091,0.4537,0.29461038961039,2026-05-20 11:21:55.378164,1,"1Q SEA","Loss",0.4537,-0.4537,0.29461038961039,-0.29461038961039,"First Team_1Q SEA_2026-05-20"
2026-05-20,"FanDuel","CON @ SEA","1022600034","First Team","First Points","Team","Quarter","Home/Away","Favorite/Underdog",0.4538,120,0.4348,130,0.019,0.0168,0.8397,0.54525974025974,2026-05-20 17:04:24.361437,9,"1Q SEA","Loss",0.386,-0.386,0.25064935064935,-0.25064935064935,"First Team_1Q SEA_2026-05-20"
2026-05-20,"BetRivers","DAL @ CHI","1022600033","First Basket","First FGM","Player","Game","Home/Away","Favorite/Underdog",0.0972,928,0.0769,1200,0.0203,0.011,1.1005,0.932627118644068,2026-05-20 20:52:03.991218,17,"Odyssey Sims","Loss",0.4198,-0.4198,0.355762711864407,-0.355762711864407,"First Basket_Odyssey Sims_2026-05-20"
2026-05-20,"FanDuel","DAL @ CHI","1022600033","First Basket","First Points","Player","Game","Home/Away","Favorite/Underdog",0.0895,1017,0.0769,1200,0.0126,0.0068,0.6807,0.576864406779661,2026-05-20 11:21:55.127327,1,"Odyssey Sims","Loss",0.6807,-0.6807,0.576864406779661,-0.576864406779661,"First Basket_Odyssey Sims_2026-05-20"
2026-05-20,"FanDuel","DAL @ CHI","1022600033","First Basket","First Points","Player","Game","Home/Away","Favorite/Underdog",0.1141,776,0.1,900,0.0141,0.0078,0.7843,0.664661016949153,2026-05-20 11:51:33.131726,1,"Skylar Diggins","Loss",0.7843,-0.7843,0.664661016949153,-0.664661016949153,"First Basket_Skylar Diggins_2026-05-20"
2026-05-20,"Draft Kings","DAL @ CHI","1022600033","First Basket","First Points","Player","Game","Home/Away","Favorite/Underdog",0.1131,784,0.0952,950,0.0179,0.0099,0.9895,0.838559322033898,2026-05-20 23:21:35.954915,3,"Skylar Diggins","Loss",0.2052,-0.2052,0.173898305084745,-0.173898305084745,"First Basket_Skylar Diggins_2026-05-20"
2026-05-20,"FanDuel","DAL @ CHI","1022600033","First Basket by Team","First Points","Player","Team","Home/Away","Favorite/Underdog",0.1948,413,0.1667,500,0.0281,0.0169,1.6886,0.789065420560748,2026-05-20 20:52:04.109943,17,"Odyssey Sims","Loss",1.6886,-1.6886,0.789065420560748,-0.789065420560748,"First Basket by Team_Odyssey Sims_2026-05-20"
2026-05-20,"FanDuel","DAL @ CHI","1022600033","First Basket by Team","First Points","Player","Team","Home/Away","Favorite/Underdog",0.212,372,0.1754,470,0.0365,0.0222,2.2154,1.03523364485981,2026-05-20 11:21:55.249574,1,"Skylar Diggins","Loss",2.2154,-2.2154,1.03523364485981,-1.03523364485981,"First Basket by Team_Skylar Diggins_2026-05-20"
2026-05-20,"FanDuel","DAL @ CHI","1022600033","First Basket by Team","First Points","Player","Team","Home/Away","Favorite/Underdog",0.212,372,0.1667,500,0.0453,0.0272,2.7184,1.27028037383178,2026-05-20 11:51:33.254381,2,"Skylar Diggins","Loss",0.503,-0.503,0.23504672897197,-0.23504672897197,"First Basket by Team_Skylar Diggins_2026-05-20"
2026-05-20,"FanDuel","DAL @ CHI","1022600033","First Team","First Points","Team","Quarter","Home/Away","Favorite/Underdog",0.4654,115,0.4348,130,0.0306,0.027,1.3525,0.878246753246753,2026-05-20 17:04:24.361437,9,"1Q DAL","Win",1.3525,1.75825,0.878246753246753,1.14172077922078,"First Team_1Q DAL_2026-05-20"
2026-05-20,"BetRivers","PDX @ IND","1022600032","First Basket","First FGM","Player","Game","Home/Away","Favorite/Underdog",0.1027,874,0.0769,1200,0.0258,0.0139,1.395,1.18220338983051,2026-05-20 17:04:24.100404,9,"Emily Engstler","Loss",0.2253,-0.2253,0.190932203389835,-0.190932203389835,"First Basket_Emily Engstler_2026-05-20"
2026-05-20,"Draft Kings","PDX @ IND","1022600032","First Basket","First Points","Player","Game","Home/Away","Favorite/Underdog",0.0969,932,0.0769,1200,0.02,0.0108,1.0821,0.917033898305085,2026-05-20 11:21:55.127327,1,"Emily Engstler","Loss",0.54105,-0.54105,0.458516949152542,-0.458516949152542,"First Basket_Emily Engstler_2026-05-20"
2026-05-20,"FanDuel","PDX @ IND","1022600032","First Basket","First Points","Player","Game","Home/Away","Favorite/Underdog",0.0969,932,0.0714,1300,0.0255,0.0137,1.3715,1.16228813559322,2026-05-20 13:51:35.346867,6,"Emily Engstler","Loss",0.0875999999999999,-0.0875999999999999,0.0742372881355899,-0.0742372881355899,"First Basket_Emily Engstler_2026-05-20"
2026-05-20,"FanDuel","PDX @ IND","1022600032","First Basket","First Points","Player","Game","Home/Away","Favorite/Underdog",0.0969,932,0.0769,1200,0.02,0.0108,1.0821,0.917033898305085,2026-05-20 11:21:55.127327,1,"Emily Engstler","Loss",0.54105,-0.54105,0.458516949152542,-0.458516949152542,"First Basket_Emily Engstler_2026-05-20"
2026-05-20,"FanDuel","PDX @ IND","1022600032","First Basket","First Points","Player","Game","Home/Away","Favorite/Underdog",0.0892,1021,0.0625,1500,0.0267,0.0142,1.4239,1.20669491525424,2026-05-20 22:21:37.260193,20,"Lexie Hull","Loss",0.553,-0.553,0.468644067796613,-0.468644067796613,"First Basket_Lexie Hull_2026-05-20"
2026-05-20,"FanDuel","PDX @ IND","1022600032","First Basket","First Points","Player","Game","Home/Away","Favorite/Underdog",0.0829,1106,0.0667,1400,0.0163,0.0087,0.8709,0.738050847457627,2026-05-20 13:51:35.346867,6,"Lexie Hull","Loss",0.252,-0.252,0.213559322033898,-0.213559322033898,"First Basket_Lexie Hull_2026-05-20"
2026-05-20,"FanDuel","PDX @ IND","1022600032","First Basket","First Points","Player","Game","Home/Away","Favorite/Underdog",0.0829,1106,0.0714,1300,0.0115,0.0062,0.6189,0.524491525423729,2026-05-20 11:21:55.127327,1,"Lexie Hull","Loss",0.6189,-0.6189,0.524491525423729,-0.524491525423729,"First Basket_Lexie Hull_2026-05-20"
2026-05-20,"FanDuel","PDX @ IND","1022600032","First Basket Exact","First Points","Player","Exact","Home/Away","Favorite/Underdog",0.0299,3246,0.0196,5000,0.0103,0.0052,0.5243,0.782537313432836,2026-05-20 22:21:37.459604,1,"Bridget Carleton layup","Loss",0.5243,-0.5243,0.782537313432836,-0.782537313432836,"First Basket Exact_Bridget Carleton layup_2026-05-20"
2026-05-20,"FanDuel","PDX @ IND","1022600032","First Basket by Team","First Points","Player","Team","Home/Away","Favorite/Underdog",0.2181,358,0.1695,490,0.0486,0.0293,2.9272,1.36785046728972,2026-05-20 11:21:55.249574,1,"Emily Engstler","Loss",2.9272,-2.9272,1.36785046728972,-1.36785046728972,"First Basket by Team_Emily Engstler_2026-05-20"
2026-05-20,"FanDuel","PDX @ IND","1022600032","First Basket by Team","First Points","Player","Team","Home/Away","Favorite/Underdog",0.2181,358,0.1667,500,0.0514,0.0309,3.0868,1.44242990654206,2026-05-20 13:51:35.471237,6,"Emily Engstler","Loss",0.1596,-0.1596,0.07457943925234,-0.07457943925234,"First Basket by Team_Emily Engstler_2026-05-20"
2026-05-20,"FanDuel","PDX @ IND","1022600032","First Basket by Team","First Points","Player","Team","Home/Away","Favorite/Underdog",0.1492,570,0.1,900,0.0492,0.0273,2.734,1.27757009345794,2026-05-20 17:04:24.2229,9,"Lexie Hull","Loss",0.9453,-0.9453,0.441728971962613,-0.441728971962613,"First Basket by Team_Lexie Hull_2026-05-20"
2026-05-20,"FanDuel","PDX @ IND","1022600032","First Basket by Team","First Points","Player","Team","Home/Away","Favorite/Underdog",0.1749,472,0.1111,800,0.0638,0.0359,3.5869,1.6761214953271,2026-05-20 22:21:37.383032,20,"Lexie Hull","Loss",0.8529,-0.8529,0.39855140186916,-0.39855140186916,"First Basket by Team_Lexie Hull_2026-05-20"
2026-05-20,"FanDuel","PDX @ IND","1022600032","First Basket by Team","First Points","Player","Team","Home/Away","Favorite/Underdog",0.1492,570,0.1176,750,0.0316,0.0179,1.7887,0.835841121495327,2026-05-20 11:21:55.249574,1,"Lexie Hull","Loss",1.7887,-1.7887,0.835841121495327,-0.835841121495327,"First Basket by Team_Lexie Hull_2026-05-20"
2026-05-20,"FanDuel","PDX @ IND","1022600032","First Team","First Points","Team","Quarter","Home/Away","Favorite/Underdog",0.4899,104,0.4587,118,0.0312,0.0288,1.4422,0.936493506493506,2026-05-20 22:21:37.510491,1,"1Q PDX","Loss",1.4422,-1.4422,0.936493506493506,-0.936493506493506,"First Team_1Q PDX_2026-05-20"
2026-05-21,"FanDuel","GSV @ NYL","1022600035","First Basket","First Points","Player","Game","Home/Away","Favorite/Underdog",0.0745,1242,0.0625,1500,0.012,0.0064,0.6399,0.54228813559322,2026-05-21 22:51:34.238287,15,"Kiah Stokes","Loss",0.6399,-0.6399,0.54228813559322,-0.54228813559322,"First Basket_Kiah Stokes_2026-05-21"
2026-05-21,"FanDuel","GSV @ NYL","1022600035","First Basket","First Points","Player","Game","Home/Away","Favorite/Underdog",0.1166,758,0.1053,850,0.0113,0.0063,0.6327,0.536186440677966,2026-05-21 15:51:38.543596,1,"Satou Sabally","Loss",0.6327,-0.6327,0.536186440677966,-0.536186440677966,"First Basket_Satou Sabally_2026-05-21"
2026-05-21,"Fanatics","GSV @ NYL","1022600035","First Basket by Team","First FGM","Player","Team","Home/Away","Favorite/Underdog",0.1979,405,0.1818,450,0.0161,0.0098,0.9814,0.458598130841121,2026-05-21 23:51:34.028575,1,"Gabby Williams","Loss",0.9814,-0.9814,0.458598130841121,-0.458598130841121,"First Basket by Team_Gabby Williams_2026-05-21"
2026-05-21,"FanDuel","GSV @ NYL","1022600035","First Basket by Team","First Points","Player","Team","Home/Away","Favorite/Underdog",0.159,529,0.1333,650,0.0256,0.0148,1.4781,0.690700934579439,2026-05-21 17:51:33.599389,14,"Kiah Stokes","Loss",1.4781,-1.4781,0.690700934579439,-0.690700934579439,"First Basket by Team_Kiah Stokes_2026-05-21"
2026-05-21,"FanDuel","GSV @ NYL","1022600035","First Basket by Team","First Points","Player","Team","Home/Away","Favorite/Underdog",0.2194,356,0.1852,440,0.0342,0.021,2.0982,0.980467289719626,2026-05-21 15:51:38.665891,10,"Satou Sabally","Loss",0.3395,-0.3395,0.158644859813084,-0.158644859813084,"First Basket by Team_Satou Sabally_2026-05-21"
2026-05-21,"FanDuel","GSV @ NYL","1022600035","First Basket by Team","First Points","Player","Team","Home/Away","Favorite/Underdog",0.2207,353,0.1923,420,0.0284,0.0176,1.7587,0.821822429906542,2026-05-21 15:21:46.840658,9,"Satou Sabally","Loss",0.4766,-0.4766,0.222710280373832,-0.222710280373832,"First Basket by Team_Satou Sabally_2026-05-21"
2026-05-21,"FanDuel","GSV @ NYL","1022600035","First Basket by Team","First Points","Player","Team","Home/Away","Favorite/Underdog",0.2205,353,0.2,400,0.0205,0.0128,1.2821,0.59911214953271,2026-05-21 13:51:40.86538,6,"Satou Sabally","Loss",0.2498,-0.2498,0.116728971962617,-0.116728971962617,"First Basket by Team_Satou Sabally_2026-05-21"
2026-05-21,"FanDuel","GSV @ NYL","1022600035","First Basket by Team","First Points","Player","Team","Home/Away","Favorite/Underdog",0.2205,353,0.2041,390,0.0164,0.0103,1.0323,0.482383177570093,2026-05-21 11:22:26.487646,1,"Satou Sabally","Loss",1.0323,-1.0323,0.482383177570093,-0.482383177570093,"First Basket by Team_Satou Sabally_2026-05-21"
2026-05-21,"FanDuel","LAS @ PHX","1022600037","First Basket","First Points","Player","Game","Home/Away","Favorite/Underdog",0.0824,1113,0.0625,1500,0.0199,0.0106,1.0633,0.901101694915254,2026-05-21 11:22:26.365385,1,"Ariel Atkins","Loss",1.0633,-1.0633,0.901101694915254,-0.901101694915254,"First Basket_Ariel Atkins_2026-05-21"
2026-05-21,"FanDuel","LAS @ PHX","1022600037","First Basket","First Points","Player","Game","Home/Away","Favorite/Underdog",0.0824,1113,0.0556,1700,0.0269,0.0142,1.4232,1.20610169491525,2026-05-21 11:51:37.165744,2,"Ariel Atkins","Loss",0.3599,-0.3599,0.304999999999996,-0.304999999999996,"First Basket_Ariel Atkins_2026-05-21"
2026-05-21,"FanDuel","LAS @ PHX","1022600037","First Basket","First Points","Player","Game","Home/Away","Favorite/Underdog",0.0744,1244,0.0625,1500,0.0119,0.0064,0.6354,0.538474576271186,2026-05-22 01:21:33.920269,1,"Erica Wheeler","Loss",0.6354,-0.6354,0.538474576271186,-0.538474576271186,"First Basket_Erica Wheeler_2026-05-21"
2026-05-21,"BetRivers","LAS @ PHX","1022600037","First Basket","First FGM","Player","Game","Home/Away","Favorite/Underdog",0.1117,796,0.0769,1200,0.0347,0.0188,1.8812,1.59423728813559,2026-05-21 11:22:26.365385,1,"Jovana Nogic","Loss",1.8812,-1.8812,1.59423728813559,-1.59423728813559,"First Basket_Jovana Nogic_2026-05-21"
2026-05-21,"FanDuel","LAS @ PHX","1022600037","First Basket","First Points","Player","Game","Home/Away","Favorite/Underdog",0.0837,1095,0.0714,1300,0.0123,0.0066,0.66,0.559322033898305,2026-05-21 19:51:35.935816,1,"Natasha Mack","Loss",0.66,-0.66,0.559322033898305,-0.559322033898305,"First Basket_Natasha Mack_2026-05-21"
2026-05-21,"FanDuel","LAS @ PHX","1022600037","First Basket Exact","First Points","Player","Exact","Home/Away","Favorite/Underdog",0.0381,2526,0.0278,3500,0.0103,0.0053,0.5302,0.791343283582089,2026-05-21 20:21:34.651782,1,"Jovana Nogic layup","Loss",0.5302,-0.5302,0.791343283582089,-0.791343283582089,"First Basket Exact_Jovana Nogic layup_2026-05-21"
2026-05-21,"FanDuel","LAS @ PHX","1022600037","First Basket Exact","First Points","Player","Exact","Home/Away","Favorite/Underdog",0.0297,3268,0.0196,5000,0.0101,0.0051,0.5144,0.767761194029851,2026-05-21 20:21:34.651782,1,"Jovana Nogic other","Loss",0.5144,-0.5144,0.767761194029851,-0.767761194029851,"First Basket Exact_Jovana Nogic other_2026-05-21"
2026-05-21,"FanDuel","LAS @ PHX","1022600037","First Basket by Team","First Points","Player","Team","Home/Away","Favorite/Underdog",0.1776,463,0.125,700,0.0526,0.0301,3.0064,1.40485981308411,2026-05-21 11:22:26.487646,1,"Ariel Atkins","Loss",3.0064,-3.0064,1.40485981308411,-1.40485981308411,"First Basket by Team_Ariel Atkins_2026-05-21"
2026-05-21,"FanDuel","LAS @ PHX","1022600037","First Basket by Team","First Points","Player","Team","Home/Away","Favorite/Underdog",0.1775,463,0.1176,750,0.0599,0.0339,3.3925,1.58528037383178,2026-05-21 23:51:34.028575,26,"Ariel Atkins","Loss",0.3861,-0.3861,0.18042056074767,-0.18042056074767,"First Basket by Team_Ariel Atkins_2026-05-21"
2026-05-21,"FanDuel","LAS @ PHX","1022600037","First Basket by Team","First Points","Player","Team","Home/Away","Favorite/Underdog",0.1606,523,0.1333,650,0.0273,0.0158,1.5753,0.736121495327103,2026-05-22 01:21:34.051217,1,"Erica Wheeler","Loss",1.5753,-1.5753,0.736121495327103,-0.736121495327103,"First Basket by Team_Erica Wheeler_2026-05-21"
2026-05-21,"FanDuel","LAS @ PHX","1022600037","First Basket by Team","First Points","Player","Team","Home/Away","Favorite/Underdog",0.2017,396,0.1538,550,0.0478,0.0283,2.8252,1.32018691588785,2026-05-21 11:22:26.487646,1,"Jovana Nogic","Loss",2.8252,-2.8252,1.32018691588785,-1.32018691588785,"First Basket by Team_Jovana Nogic_2026-05-21"
2026-05-21,"FanDuel","LAS @ PHX","1022600037","First Basket by Team","First Points","Player","Team","Home/Away","Favorite/Underdog",0.2017,396,0.1429,600,0.0588,0.0343,3.43,1.60280373831776,2026-05-21 12:51:38.907934,4,"Jovana Nogic","Loss",0.6048,-0.6048,0.28261682242991,-0.28261682242991,"First Basket by Team_Jovana Nogic_2026-05-21"
2026-05-21,"FanDuel","LAS @ PHX","1022600037","First Basket by Team","First Points","Player","Team","Home/Away","Favorite/Underdog",0.1562,540,0.1333,650,0.0228,0.0132,1.3176,0.615700934579439,2026-05-21 15:21:46.840658,9,"Natasha Mack","Loss",0.5465,-0.5465,0.255373831775701,-0.255373831775701,"First Basket by Team_Natasha Mack_2026-05-21"
2026-05-21,"FanDuel","LAS @ PHX","1022600037","First Basket by Team","First Points","Player","Team","Home/Away","Favorite/Underdog",0.1561,541,0.1429,600,0.0132,0.0077,0.7711,0.360327102803738,2026-05-21 11:22:26.487646,1,"Natasha Mack","Loss",0.7711,-0.7711,0.360327102803738,-0.360327102803738,"First Basket by Team_Natasha Mack_2026-05-21"
2026-05-21,"FanDuel","TOR @ MIN","1022600036","First Basket","First Points","Player","Game","Home/Away","Favorite/Underdog",0.1036,865,0.0909,1000,0.0127,0.007,0.6998,0.593050847457627,2026-05-21 18:21:36.53205,1,"Courtney Williams","Loss",0.6998,-0.6998,0.593050847457627,-0.593050847457627,"First Basket_Courtney Williams_2026-05-21"
2026-05-21,"FanDuel","TOR @ MIN","1022600036","First Basket","First Points","Player","Game","Home/Away","Favorite/Underdog",0.1197,735,0.0909,1000,0.0288,0.0159,1.5852,1.34338983050847,2026-05-21 11:22:26.365385,1,"Laura Juskaite","Loss",1.5852,-1.5852,1.34338983050847,-1.34338983050847,"First Basket_Laura Juskaite_2026-05-21"
2026-05-21,"FanDuel","TOR @ MIN","1022600036","First Basket","First Points","Player","Game","Home/Away","Favorite/Underdog",0.0872,1047,0.0769,1200,0.0103,0.0056,0.5572,0.472203389830509,2026-05-21 15:51:38.543596,7,"Maria Conde","Loss",0.5572,-0.5572,0.472203389830509,-0.472203389830509,"First Basket_Maria Conde_2026-05-21"
2026-05-21,"FanDuel","TOR @ MIN","1022600036","First Basket Exact","First Points","Player","Exact","Home/Away","Favorite/Underdog",0.031,3130,0.0196,5000,0.0113,0.0058,0.5788,0.863880597014925,2026-05-21 15:21:46.918996,9,"Courtney Williams layup","Loss",0.5788,-0.5788,0.863880597014925,-0.863880597014925,"First Basket Exact_Courtney Williams layup_2026-05-21"
2026-05-21,"FanDuel","TOR @ MIN","1022600036","First Basket by Team","First Points","Player","Team","Home/Away","Favorite/Underdog",0.2205,354,0.1818,450,0.0387,0.0236,2.3631,1.1042523364486,2026-05-21 22:51:34.367507,24,"Courtney Williams","Loss",0.1968,-0.1968,0.0919626168224301,-0.0919626168224301,"First Basket by Team_Courtney Williams_2026-05-21"
2026-05-21,"FanDuel","TOR @ MIN","1022600036","First Basket by Team","First Points","Player","Team","Home/Away","Favorite/Underdog",0.2205,354,0.1852,440,0.0353,0.0217,2.1663,1.01228971962617,2026-05-21 18:21:36.654121,15,"Courtney Williams","Loss",2.1663,-2.1663,1.01228971962617,-1.01228971962617,"First Basket by Team_Courtney Williams_2026-05-21"
2026-05-21,"FanDuel","TOR @ MIN","1022600036","First Basket by Team","First Points","Player","Team","Home/Away","Favorite/Underdog",0.2259,343,0.1695,490,0.0564,0.034,3.3968,1.58728971962617,2026-05-21 11:22:26.487646,1,"Laura Juskaite","Loss",3.3968,-3.3968,1.58728971962617,-1.58728971962617,"First Basket by Team_Laura Juskaite_2026-05-21"
2026-05-21,"FanDuel","TOR @ MIN","1022600036","First Basket by Team","First Points","Player","Team","Home/Away","Favorite/Underdog",0.2259,343,0.1667,500,0.0592,0.0355,3.5548,1.6611214953271,2026-05-21 14:21:38.857115,7,"Laura Juskaite","Loss",0.158,-0.158,0.0738317757009301,-0.0738317757009301,"First Basket by Team_Laura Juskaite_2026-05-21"
2026-05-21,"FanDuel","TOR @ MIN","1022600036","First Basket by Team","First Points","Player","Team","Home/Away","Favorite/Underdog",0.1645,508,0.1429,600,0.0217,0.0127,1.2654,0.591308411214953,2026-05-21 15:51:38.665891,10,"Maria Conde","Win",0.6329,3.7974,0.295747663551402,1.77448598130841,"First Basket by Team_Maria Conde_2026-05-21"
2026-05-21,"FanDuel","TOR @ MIN","1022600036","First Basket by Team","First Points","Player","Team","Home/Away","Favorite/Underdog",0.1645,508,0.1538,550,0.0107,0.0063,0.6325,0.295560747663551,2026-05-21 15:21:46.840658,9,"Maria Conde","Win",0.6325,3.47875,0.295560747663551,1.62558411214953,"First Basket by Team_Maria Conde_2026-05-21"
2026-05-21,"Fanatics","TOR @ MIN","1022600036","First Basket by Team","First FGM","Player","Team","Home/Away","Favorite/Underdog",0.2742,265,0.2439,310,0.0303,0.02,2.0018,0.935420560747663,2026-05-21 19:51:36.060036,1,"Natasha Howard","Win",2.0018,6.20558,0.935420560747663,2.89980373831775,"First Basket by Team_Natasha Howard_2026-05-21"
2026-05-22,"Draft Kings","CON @ SEA","1022600040","First Basket","First Points","Player","Game","Home/Away","Favorite/Underdog",0.0861,1061,0.0758,1220,0.0104,0.0056,0.562,0.476271186440678,2026-05-22 23:21:14.426905,1,"Gianna Kneepkens","Loss",0.562,-0.562,0.476271186440678,-0.476271186440678,"First Basket_Gianna Kneepkens_2026-05-22"
2026-05-22,"FanDuel","CON @ SEA","1022600040","First Basket","First Points","Player","Game","Home/Away","Favorite/Underdog",0.1248,701,0.1,900,0.0248,0.0138,1.38,1.16949152542373,2026-05-22 15:21:16.686614,2,"Jade Melbourne","Loss",0.286,-0.286,0.242372881355933,-0.242372881355933,"First Basket_Jade Melbourne_2026-05-22"
2026-05-22,"FanDuel","CON @ SEA","1022600040","First Basket","First Points","Player","Game","Home/Away","Favorite/Underdog",0.1411,609,0.1053,850,0.0358,0.02,2.0006,1.69542372881356,2026-05-23 01:21:19.652378,14,"Jade Melbourne","Loss",1.7146,-1.7146,1.45305084745763,-1.45305084745763,"First Basket_Jade Melbourne_2026-05-22"
2026-05-22,"BetRivers","CON @ SEA","1022600040","First Basket","First FGM","Player","Game","Home/Away","Favorite/Underdog",0.1042,860,0.0769,1200,0.0273,0.0148,1.4778,1.25237288135593,2026-05-23 01:51:18.107077,28,"Jordan Horston","Loss",0.976466666666667,-0.976466666666667,0.827514124293784,-0.827514124293784,"First Basket_Jordan Horston_2026-05-22"
2026-05-22,"FanDuel","CON @ SEA","1022600040","First Basket","First Points","Player","Game","Home/Away","Favorite/Underdog",0.0834,1099,0.0588,1600,0.0245,0.013,1.3042,1.10525423728814,2026-05-22 15:51:14.94136,8,"Jordan Horston","Loss",0.1909,-0.1909,0.161779661016954,-0.161779661016954,"First Basket_Jordan Horston_2026-05-22"
2026-05-22,"FanDuel","CON @ SEA","1022600040","First Basket","First Points","Player","Game","Home/Away","Favorite/Underdog",0.0834,1099,0.0625,1500,0.0209,0.0111,1.1133,0.943474576271186,2026-05-22 14:51:28.87124,6,"Jordan Horston","Loss",0.1376,-0.1376,0.116610169491525,-0.116610169491525,"First Basket_Jordan Horston_2026-05-22"
2026-05-22,"FanDuel","CON @ SEA","1022600040","First Basket","First Points","Player","Game","Home/Away","Favorite/Underdog",0.0942,961,0.0667,1400,0.0275,0.0148,1.4755,1.25042372881356,2026-05-23 01:21:19.652378,27,"Jordan Horston","Loss",0.1713,-0.1713,0.14516949152542,-0.14516949152542,"First Basket_Jordan Horston_2026-05-22"
2026-05-22,"Fanatics","CON @ SEA","1022600040","First Basket","First FGM","Player","Game","Home/Away","Favorite/Underdog",0.1042,860,0.0769,1200,0.0273,0.0148,1.4778,1.25237288135593,2026-05-23 01:51:18.107077,28,"Jordan Horston","Loss",0.000766666666666656,-0.000766666666666656,0.000649717514123349,-0.000649717514123349,"First Basket_Jordan Horston_2026-05-22"
2026-05-22,"MGM","CON @ SEA","1022600040","First Basket","First FGM","Player","Game","Home/Away","Favorite/Underdog",0.1042,860,0.0769,1200,0.0273,0.0148,1.4778,1.25237288135593,2026-05-23 01:51:18.107077,28,"Jordan Horston","Loss",0.000766666666666656,-0.000766666666666656,0.000649717514123349,-0.000649717514123349,"First Basket_Jordan Horston_2026-05-22"
2026-05-22,"FanDuel","CON @ SEA","1022600040","First Basket","First Points","Player","Game","Home/Away","Favorite/Underdog",0.0969,932,0.0833,1100,0.0135,0.0074,0.7386,0.625932203389831,2026-05-23 01:51:18.107077,1,"Kennedy Burke","Loss",0.7386,-0.7386,0.625932203389831,-0.625932203389831,"First Basket_Kennedy Burke_2026-05-22"
2026-05-22,"FanDuel","CON @ SEA","1022600040","First Basket","First Points","Player","Game","Home/Away","Favorite/Underdog",0.0834,1099,0.0714,1300,0.012,0.0064,0.6442,0.545932203389831,2026-05-22 19:21:16.374188,1,"Natisha Hiedeman","Loss",0.6442,-0.6442,0.545932203389831,-0.545932203389831,"First Basket_Natisha Hiedeman_2026-05-22"
2026-05-22,"FanDuel","CON @ SEA","1022600040","First Basket Exact","First Points","Player","Exact","Home/Away","Favorite/Underdog",0.0388,2478,0.0196,5000,0.0192,0.0098,0.9784,1.46029850746269,2026-05-23 01:21:19.848648,27,"Jade Melbourne other","Loss",0.3279,-0.3279,0.48940298507463,-0.48940298507463,"First Basket Exact_Jade Melbourne other_2026-05-22"
2026-05-22,"FanDuel","CON @ SEA","1022600040","First Basket Exact","First Points","Player","Exact","Home/Away","Favorite/Underdog",0.0345,2801,0.0217,4500,0.0127,0.0065,0.6505,0.97089552238806,2026-05-22 12:22:26.053728,1,"Jade Melbourne other","Loss",0.6505,-0.6505,0.97089552238806,-0.97089552238806,"First Basket Exact_Jade Melbourne other_2026-05-22"
2026-05-22,"Draft Kings","CON @ SEA","1022600040","First Basket Type","First FGM","Game","Exact","Home/Away","Favorite/Underdog",0.2527,296,0.2381,320,0.0146,0.0096,0.4792,0.374375,2026-05-23 01:21:20.012397,1,"CON @ SEA three point field goal","Loss",0.4792,-0.4792,0.374375,-0.374375,"First Basket Type_CON @ SEA three point field goal_2026-05-22"
2026-05-22,"Draft Kings","CON @ SEA","1022600040","First Basket Type","First FGM","Game","Exact","Home/Away","Favorite/Underdog",0.2553,292,0.2326,330,0.0227,0.0148,0.7402,0.57828125,2026-05-23 01:51:18.490211,2,"CON @ SEA three point field goal","Loss",0.261,-0.261,0.20390625,-0.20390625,"First Basket Type_CON @ SEA three point field goal_2026-05-22"
2026-05-22,"FanDuel","CON @ SEA","1022600040","First Basket by Team","First Points","Player","Team","Home/Away","Favorite/Underdog",0.1969,408,0.1786,460,0.0184,0.0112,1.1184,0.522616822429907,2026-05-22 12:22:25.977651,1,"Diamond Miller","Loss",1.1184,-1.1184,0.522616822429907,-0.522616822429907,"First Basket by Team_Diamond Miller_2026-05-22"
2026-05-22,"FanDuel","CON @ SEA","1022600040","First Basket by Team","First Points","Player","Team","Home/Away","Favorite/Underdog",0.2129,370,0.1887,430,0.0242,0.0149,1.491,0.696728971962617,2026-05-23 01:21:19.778643,7,"Diamond Miller","Loss",0.3726,-0.3726,0.17411214953271,-0.17411214953271,"First Basket by Team_Diamond Miller_2026-05-22"
2026-05-22,"FanDuel","CON @ SEA","1022600040","First Basket by Team","First Points","Player","Team","Home/Away","Favorite/Underdog",0.1779,462,0.1429,600,0.035,0.0204,2.0438,0.955046728971963,2026-05-23 01:51:18.252866,17,"Gianna Kneepkens","Loss",1.5412,-1.5412,0.72018691588785,-0.72018691588785,"First Basket by Team_Gianna Kneepkens_2026-05-22"
2026-05-22,"Fanatics","CON @ SEA","1022600040","First Basket by Team","First FGM","Player","Team","Home/Away","Favorite/Underdog",0.1654,505,0.1429,600,0.0225,0.0132,1.3154,0.614672897196262,2026-05-23 01:21:19.778643,16,"Gianna Kneepkens","Loss",0.5026,-0.5026,0.234859813084113,-0.234859813084113,"First Basket by Team_Gianna Kneepkens_2026-05-22"
2026-05-22,"FanDuel","CON @ SEA","1022600040","First Basket by Team","First Points","Player","Team","Home/Away","Favorite/Underdog",0.2771,261,0.2381,320,0.039,0.0256,2.5582,1.19542056074766,2026-05-22 12:22:25.977651,1,"Jade Melbourne","Loss",2.5582,-2.5582,1.19542056074766,-1.19542056074766,"First Basket by Team_Jade Melbourne_2026-05-22"
2026-05-22,"FanDuel","CON @ SEA","1022600040","First Basket by Team","First Points","Player","Team","Home/Away","Favorite/Underdog",0.185,440,0.1538,550,0.0312,0.0184,1.8435,0.861448598130841,2026-05-22 14:51:29.001294,6,"Jordan Horston","Win",0.0616999999999999,0.339349999999999,0.028831775700934,0.158574766355137,"First Basket by Team_Jordan Horston_2026-05-22"
2026-05-22,"Fanatics","CON @ SEA","1022600040","First Basket by Team","First FGM","Player","Team","Home/Away","Favorite/Underdog",0.2034,392,0.1538,550,0.0495,0.0293,2.9253,1.36696261682243,2026-05-22 22:21:16.583327,21,"Jordan Horston","Win",1.0818,5.9499,0.505514018691589,2.78032710280374,"First Basket by Team_Jordan Horston_2026-05-22"
2026-05-22,"Fanatics","CON @ SEA","1022600040","First Basket by Team","First FGM","Player","Team","Home/Away","Favorite/Underdog",0.2034,392,0.1739,475,0.0294,0.0178,1.7818,0.832616822429907,2026-05-22 13:51:30.104647,4,"Jordan Horston","Win",0.4659,2.213025,0.217710280373832,1.0341238317757,"First Basket by Team_Jordan Horston_2026-05-22"
2026-05-22,"Fanatics","CON @ SEA","1022600040","First Basket by Team","First FGM","Player","Team","Home/Away","Favorite/Underdog",0.2034,392,0.1818,450,0.0215,0.0132,1.3159,0.614906542056075,2026-05-22 12:22:25.977651,1,"Jordan Horston","Win",1.3159,5.92155,0.614906542056075,2.76707943925234,"First Basket by Team_Jordan Horston_2026-05-22"
2026-05-22,"FanDuel","CON @ SEA","1022600040","First Basket by Team","First Points","Player","Team","Home/Away","Favorite/Underdog",0.198,405,0.1667,500,0.0314,0.0188,1.8829,0.879859813084112,2026-05-23 01:51:18.252866,1,"Kennedy Burke","Loss",1.8829,-1.8829,0.879859813084112,-0.879859813084112,"First Basket by Team_Kennedy Burke_2026-05-22"
2026-05-22,"FanDuel","CON @ SEA","1022600040","First Team","First Points","Team","Quarter","Home/Away","Favorite/Underdog",0.4506,122,0.4132,142,0.0373,0.0318,1.5908,1.03298701298701,2026-05-22 15:21:16.949916,2,"1Q SEA","Loss",0.4268,-0.4268,0.277142857142854,-0.277142857142854,"First Team_1Q SEA_2026-05-22"
2026-05-22,"FanDuel","CON @ SEA","1022600040","First Team","First Points","Team","Quarter","Home/Away","Favorite/Underdog",0.5091,-104,0.4202,138,0.0889,0.0767,3.835,2.49025974025974,2026-05-23 01:21:19.89935,22,"1Q SEA","Loss",2.2442,-2.2442,1.45727272727273,-1.45727272727273,"First Team_1Q SEA_2026-05-22"
2026-05-22,"FanDuel","CON @ SEA","1022600040","First Team","First Points","Team","Quarter","Home/Away","Favorite/Underdog",0.4506,122,0.4237,136,0.0268,0.0233,1.164,0.755844155844156,2026-05-22 14:51:29.134784,1,"1Q SEA","Loss",1.164,-1.164,0.755844155844156,-0.755844155844156,"First Team_1Q SEA_2026-05-22"
2026-05-22,"FanDuel","DAL @ ATL","1022600038","First Basket","First Points","Player","Game","Home/Away","Favorite/Underdog",0.0893,1019,0.0769,1200,0.0124,0.0067,0.6723,0.569745762711864,2026-05-22 15:51:14.94136,1,"Jordin Canada","Loss",0.6723,-0.6723,0.569745762711864,-0.569745762711864,"First Basket_Jordin Canada_2026-05-22"
2026-05-22,"FanDuel","DAL @ ATL","1022600038","First Basket","First Points","Player","Game","Home/Away","Favorite/Underdog",0.0844,1085,0.0714,1300,0.013,0.007,0.6991,0.592457627118644,2026-05-22 16:21:13.965978,1,"Naz Hillmon","Loss",0.6991,-0.6991,0.592457627118644,-0.592457627118644,"First Basket_Naz Hillmon_2026-05-22"
2026-05-22,"FanDuel","DAL @ ATL","1022600038","First Basket","First Points","Player","Game","Home/Away","Favorite/Underdog",0.0844,1085,0.0667,1400,0.0177,0.0095,0.9507,0.805677966101695,2026-05-22 23:21:14.426905,7,"Naz Hillmon","Loss",0.2516,-0.2516,0.213220338983051,-0.213220338983051,"First Basket_Naz Hillmon_2026-05-22"
2026-05-22,"BetRivers","DAL @ ATL","1022600038","First Basket","First FGM","Player","Game","Home/Away","Favorite/Underdog",0.096,942,0.0769,1200,0.019,0.0103,1.0312,0.873898305084746,2026-05-22 12:22:25.84769,1,"Odyssey Sims","Loss",1.0312,-1.0312,0.873898305084746,-0.873898305084746,"First Basket_Odyssey Sims_2026-05-22"
2026-05-22,"FanDuel","DAL @ ATL","1022600038","First Basket by Team","First Points","Player","Team","Home/Away","Favorite/Underdog",0.1698,489,0.1538,550,0.016,0.0094,0.9428,0.440560747663551,2026-05-22 14:21:30.195268,1,"Jordin Canada","Loss",0.9428,-0.9428,0.440560747663551,-0.440560747663551,"First Basket by Team_Jordin Canada_2026-05-22"
2026-05-22,"FanDuel","DAL @ ATL","1022600038","First Basket by Team","First Points","Player","Team","Home/Away","Favorite/Underdog",0.1698,489,0.1429,600,0.0269,0.0157,1.5718,0.734485981308411,2026-05-22 23:21:14.557538,14,"Jordin Canada","Loss",0.629,-0.629,0.29392523364486,-0.29392523364486,"First Basket by Team_Jordin Canada_2026-05-22"
2026-05-22,"FanDuel","DAL @ ATL","1022600038","First Basket by Team","First Points","Player","Team","Home/Away","Favorite/Underdog",0.1604,523,0.125,700,0.0354,0.0203,2.0255,0.946495327102804,2026-05-22 23:21:14.557538,19,"Naz Hillmon","Loss",0.4613,-0.4613,0.215560747663552,-0.215560747663552,"First Basket by Team_Naz Hillmon_2026-05-22"
2026-05-22,"FanDuel","DAL @ ATL","1022600038","First Basket by Team","First Points","Player","Team","Home/Away","Favorite/Underdog",0.1604,523,0.1333,650,0.0271,0.0156,1.5642,0.730934579439252,2026-05-22 15:51:15.071519,4,"Naz Hillmon","Loss",0.5382,-0.5382,0.251495327102803,-0.251495327102803,"First Basket by Team_Naz Hillmon_2026-05-22"
2026-05-22,"FanDuel","DAL @ ATL","1022600038","First Basket by Team","First Points","Player","Team","Home/Away","Favorite/Underdog",0.1604,523,0.1429,600,0.0176,0.0103,1.026,0.479439252336449,2026-05-22 14:21:30.195268,1,"Naz Hillmon","Loss",1.026,-1.026,0.479439252336449,-0.479439252336449,"First Basket by Team_Naz Hillmon_2026-05-22"
2026-05-22,"FanDuel","DAL @ ATL","1022600038","First Basket by Team","First Points","Player","Team","Home/Away","Favorite/Underdog",0.1899,427,0.1695,490,0.0204,0.0123,1.2291,0.574345794392523,2026-05-22 12:22:25.977651,1,"Odyssey Sims","Loss",1.2291,-1.2291,0.574345794392523,-0.574345794392523,"First Basket by Team_Odyssey Sims_2026-05-22"
2026-05-22,"Fanatics","DAL @ ATL","1022600038","First Basket by Team","First FGM","Player","Team","Home/Away","Favorite/Underdog",0.1988,403,0.1739,475,0.0249,0.0151,1.5085,0.704906542056075,2026-05-22 13:51:30.104647,4,"Odyssey Sims","Loss",0.2794,-0.2794,0.130560747663552,-0.130560747663552,"First Basket by Team_Odyssey Sims_2026-05-22"
2026-05-22,"FanDuel","GSV @ IND","1022600039","First Basket","First Points","Player","Game","Home/Away","Favorite/Underdog",0.0739,1253,0.0625,1500,0.0114,0.0061,0.6098,0.516779661016949,2026-05-22 23:21:14.426905,5,"Kiah Stokes","Loss",0.6098,-0.6098,0.516779661016949,-0.516779661016949,"First Basket_Kiah Stokes_2026-05-22"
2026-05-22,"FanDuel","GSV @ IND","1022600039","First Basket","First Points","Player","Game","Home/Away","Favorite/Underdog",0.0786,1172,0.0588,1600,0.0198,0.0105,1.0525,0.891949152542373,2026-05-22 12:22:25.84769,1,"Lexie Hull","Loss",1.0525,-1.0525,0.891949152542373,-0.891949152542373,"First Basket_Lexie Hull_2026-05-22"
2026-05-22,"FanDuel","GSV @ IND","1022600039","First Basket","First Points","Player","Game","Home/Away","Favorite/Underdog",0.0784,1175,0.05,1900,0.0284,0.015,1.4962,1.26796610169492,2026-05-22 23:21:14.426905,23,"Lexie Hull","Loss",0.4437,-0.4437,0.376016949152547,-0.376016949152547,"First Basket_Lexie Hull_2026-05-22"
2026-05-22,"Fanatics","GSV @ IND","1022600039","First Basket by Team","First FGM","Player","Team","Home/Away","Favorite/Underdog",0.2175,360,0.2,400,0.0175,0.011,1.0957,0.512009345794392,2026-05-22 13:51:30.104647,1,"Kelsey Mitchell","Win",1.0957,4.3828,0.512009345794392,2.04803738317757,"First Basket by Team_Kelsey Mitchell_2026-05-22"
2026-05-22,"Fanatics","GSV @ IND","1022600039","First Basket by Team","First FGM","Player","Team","Home/Away","Favorite/Underdog",0.2175,360,0.1905,425,0.0271,0.0167,1.6711,0.78088785046729,2026-05-22 14:21:30.195268,2,"Kelsey Mitchell","Win",0.5754,2.44545,0.268878504672898,1.14273364485982,"First Basket by Team_Kelsey Mitchell_2026-05-22"
2026-05-22,"FanDuel","GSV @ IND","1022600039","First Basket by Team","First Points","Player","Team","Home/Away","Favorite/Underdog",0.1575,535,0.1333,650,0.0242,0.0139,1.3949,0.651822429906542,2026-05-22 23:21:14.557538,23,"Kiah Stokes","Loss",0.5802,-0.5802,0.271121495327103,-0.271121495327103,"First Basket by Team_Kiah Stokes_2026-05-22"
2026-05-22,"FanDuel","GSV @ IND","1022600039","First Basket by Team","First Points","Player","Team","Home/Away","Favorite/Underdog",0.1568,538,0.1429,600,0.014,0.0081,0.8147,0.380700934579439,2026-05-22 12:22:25.977651,1,"Kiah Stokes","Loss",0.8147,-0.8147,0.380700934579439,-0.380700934579439,"First Basket by Team_Kiah Stokes_2026-05-22"
2026-05-22,"FanDuel","GSV @ IND","1022600039","First Basket by Team","First Points","Player","Team","Home/Away","Favorite/Underdog",0.1478,577,0.1053,850,0.0425,0.0238,2.3773,1.11088785046729,2026-05-22 12:22:25.977651,1,"Lexie Hull","Loss",2.3773,-2.3773,1.11088785046729,-1.11088785046729,"First Basket by Team_Lexie Hull_2026-05-22"
2026-05-22,"FanDuel","GSV @ IND","1022600039","First Basket by Team","First Points","Player","Team","Home/Away","Favorite/Underdog",0.1478,577,0.0833,1100,0.0645,0.0352,3.5166,1.64327102803738,2026-05-22 23:21:14.557538,23,"Lexie Hull","Loss",1.1393,-1.1393,0.53238317757009,-0.53238317757009,"First Basket by Team_Lexie Hull_2026-05-22"
2026-05-23,"FanDuel","LAS @ LVA","1022600043","First Basket","First Points","Player","Game","Home/Away","Favorite/Underdog",0.0882,1034,0.0588,1600,0.0294,0.0156,1.56,1.32203389830508,2026-05-23 14:51:20.359914,6,"Ariel Atkins","Loss",0.1899,-0.1899,0.16093220338983,-0.16093220338983,"First Basket_Ariel Atkins_2026-05-23"
2026-05-23,"FanDuel","LAS @ LVA","1022600043","First Basket","First Points","Player","Game","Home/Away","Favorite/Underdog",0.0882,1034,0.0625,1500,0.0257,0.0137,1.3701,1.16110169491525,2026-05-23 14:21:20.540335,5,"Ariel Atkins","Loss",0.2171,-0.2171,0.183983050847453,-0.183983050847453,"First Basket_Ariel Atkins_2026-05-23"
2026-05-23,"FanDuel","LAS @ LVA","1022600043","First Basket","First Points","Player","Game","Home/Away","Favorite/Underdog",0.0882,1034,0.0667,1400,0.0215,0.0115,1.153,0.977118644067797,2026-05-23 12:21:52.756816,1,"Ariel Atkins","Loss",1.153,-1.153,0.977118644067797,-0.977118644067797,"First Basket_Ariel Atkins_2026-05-23"
2026-05-23,"BetRivers","LAS @ LVA","1022600043","First Basket","First FGM","Player","Game","Home/Away","Favorite/Underdog",0.1002,898,0.0769,1200,0.0232,0.0126,1.2584,1.0664406779661,2026-05-23 23:21:20.631928,1,"Cameron Brink","Loss",1.2584,-1.2584,1.0664406779661,-1.0664406779661,"First Basket_Cameron Brink_2026-05-23"
2026-05-23,"FanDuel","LAS @ LVA","1022600043","First Basket","First Points","Player","Game","Home/Away","Favorite/Underdog",0.0721,1286,0.0476,2000,0.0245,0.0129,1.2872,1.09084745762712,2026-05-23 12:21:52.756816,1,"Chelsea Gray","Loss",1.2872,-1.2872,1.09084745762712,-1.09084745762712,"First Basket_Chelsea Gray_2026-05-23"
2026-05-23,"FanDuel","LAS @ LVA","1022600043","First Basket Exact","First Points","Player","Exact","Home/Away","Favorite/Underdog",0.0987,913,0.0833,1100,0.0154,0.0084,0.8408,1.25492537313433,2026-05-23 14:21:20.747247,1,"A'ja Wilson other","Win",0.8408,9.2488,1.25492537313433,13.8041791044776,"First Basket Exact_A'ja Wilson other_2026-05-23"
2026-05-23,"FanDuel","LAS @ LVA","1022600043","First Basket Exact","First Points","Player","Exact","Home/Away","Favorite/Underdog",0.0301,3220,0.0196,5000,0.0105,0.0054,0.5363,0.80044776119403,2026-05-23 23:21:20.828388,1,"Ariel Atkins layup","Loss",0.5363,-0.5363,0.80044776119403,-0.80044776119403,"First Basket Exact_Ariel Atkins layup_2026-05-23"
2026-05-23,"FanDuel","LAS @ LVA","1022600043","First Basket by Team","First Points","Player","Team","Home/Away","Favorite/Underdog",0.178,462,0.1176,750,0.0604,0.0342,3.4214,1.59878504672897,2026-05-23 14:51:20.48924,6,"Ariel Atkins","Loss",0.3915,-0.3915,0.18294392523364,-0.18294392523364,"First Basket by Team_Ariel Atkins_2026-05-23"
2026-05-23,"FanDuel","LAS @ LVA","1022600043","First Basket by Team","First Points","Player","Team","Home/Away","Favorite/Underdog",0.178,462,0.125,700,0.053,0.0303,3.0299,1.41584112149533,2026-05-23 14:21:20.670005,5,"Ariel Atkins","Loss",0.4516,-0.4516,0.21102803738318,-0.21102803738318,"First Basket by Team_Ariel Atkins_2026-05-23"
2026-05-23,"FanDuel","LAS @ LVA","1022600043","First Basket by Team","First Points","Player","Team","Home/Away","Favorite/Underdog",0.178,462,0.1333,650,0.0447,0.0258,2.5783,1.20481308411215,2026-05-23 12:21:52.886829,1,"Ariel Atkins","Loss",2.5783,-2.5783,1.20481308411215,-1.20481308411215,"First Basket by Team_Ariel Atkins_2026-05-23"
2026-05-23,"Fanatics","LAS @ LVA","1022600043","First Basket by Team","First FGM","Player","Team","Home/Away","Favorite/Underdog",0.2016,396,0.1667,500,0.0349,0.0209,2.0934,0.978224299065421,2026-05-23 23:21:20.758298,1,"Cameron Brink","Loss",2.0934,-2.0934,0.978224299065421,-0.978224299065421,"First Basket by Team_Cameron Brink_2026-05-23"
2026-05-23,"FanDuel","LAS @ LVA","1022600043","First Basket by Team","First Points","Player","Team","Home/Away","Favorite/Underdog",0.143,600,0.0909,1000,0.052,0.0286,2.8625,1.33761682242991,2026-05-23 12:21:52.886829,1,"Chelsea Gray","Loss",2.8625,-2.8625,1.33761682242991,-1.33761682242991,"First Basket by Team_Chelsea Gray_2026-05-23"
2026-05-23,"FanDuel","MIN @ CHI","1022600041","First Basket","First Points","Player","Game","Home/Away","Favorite/Underdog",0.1035,866,0.0769,1200,0.0266,0.0144,1.4388,1.21932203389831,2026-05-23 15:51:21.301531,8,"Courtney Williams","Loss",0.3396,-0.3396,0.287796610169496,-0.287796610169496,"First Basket_Courtney Williams_2026-05-23"
2026-05-23,"FanDuel","MIN @ CHI","1022600041","First Basket","First Points","Player","Game","Home/Away","Favorite/Underdog",0.1035,866,0.0833,1100,0.0202,0.011,1.0992,0.931525423728814,2026-05-23 15:21:21.676654,7,"Courtney Williams","Loss",0.4075,-0.4075,0.345338983050848,-0.345338983050848,"First Basket_Courtney Williams_2026-05-23"
2026-05-23,"FanDuel","MIN @ CHI","1022600041","First Basket","First Points","Player","Game","Home/Away","Favorite/Underdog",0.1035,866,0.0909,1000,0.0126,0.0069,0.6917,0.586186440677966,2026-05-23 12:21:52.756816,1,"Courtney Williams","Loss",0.6917,-0.6917,0.586186440677966,-0.586186440677966,"First Basket_Courtney Williams_2026-05-23"
2026-05-23,"FanDuel","MIN @ CHI","1022600041","First Basket","First Points","Player","Game","Home/Away","Favorite/Underdog",0.1235,710,0.1111,800,0.0123,0.0069,0.6943,0.588389830508475,2026-05-23 15:21:21.676654,1,"Natasha Howard","Loss",0.6943,-0.6943,0.588389830508475,-0.588389830508475,"First Basket_Natasha Howard_2026-05-23"
2026-05-23,"Draft Kings","MIN @ CHI","1022600041","First Basket","First Points","Player","Game","Home/Away","Favorite/Underdog",0.1111,800,0.0893,1020,0.0218,0.012,1.1962,1.01372881355932,2026-05-23 16:21:22.324933,7,"Skylar Diggins","Loss",0.0871,-0.0871,0.0738135593220322,-0.0738135593220322,"First Basket_Skylar Diggins_2026-05-23"
2026-05-23,"Draft Kings","MIN @ CHI","1022600041","First Basket","First Points","Player","Game","Home/Away","Favorite/Underdog",0.1111,800,0.0909,1000,0.0202,0.0111,1.1091,0.939915254237288,2026-05-23 14:51:20.359914,4,"Skylar Diggins","Loss",0.4396,-0.4396,0.372542372881356,-0.372542372881356,"First Basket_Skylar Diggins_2026-05-23"
2026-05-23,"Draft Kings","MIN @ CHI","1022600041","First Basket","First Points","Player","Game","Home/Away","Favorite/Underdog",0.1111,800,0.099,910,0.0121,0.0067,0.6695,0.567372881355932,2026-05-23 14:21:20.540335,3,"Skylar Diggins","Loss",0.0543,-0.0543,0.046016949152542,-0.046016949152542,"First Basket_Skylar Diggins_2026-05-23"
2026-05-23,"Draft Kings","MIN @ CHI","1022600041","First Basket","First Points","Player","Game","Home/Away","Favorite/Underdog",0.1111,800,0.1,900,0.0111,0.0062,0.6152,0.52135593220339,2026-05-23 13:21:20.526331,1,"Skylar Diggins","Loss",0.6152,-0.6152,0.52135593220339,-0.52135593220339,"First Basket_Skylar Diggins_2026-05-23"
2026-05-23,"FanDuel","MIN @ CHI","1022600041","First Basket Exact","First Points","Player","Exact","Home/Away","Favorite/Underdog",0.0319,3035,0.0196,5000,0.0123,0.0063,0.6268,0.935522388059701,2026-05-23 12:21:52.968971,1,"Courtney Williams layup","Loss",0.6268,-0.6268,0.935522388059701,-0.935522388059701,"First Basket Exact_Courtney Williams layup_2026-05-23"
2026-05-23,"FanDuel","MIN @ CHI","1022600041","First Basket by Team","First Points","Player","Team","Home/Away","Favorite/Underdog",0.2209,353,0.1818,450,0.0391,0.0239,2.3904,1.11700934579439,2026-05-23 15:51:21.431053,8,"Courtney Williams","Loss",0.1967,-0.1967,0.09191588785046,-0.09191588785046,"First Basket by Team_Courtney Williams_2026-05-23"
2026-05-23,"FanDuel","MIN @ CHI","1022600041","First Basket by Team","First Points","Player","Team","Home/Away","Favorite/Underdog",0.2209,353,0.1852,440,0.0357,0.0219,2.1937,1.02509345794393,2026-05-23 15:21:21.805858,7,"Courtney Williams","Loss",0.2059,-0.2059,0.0962149532710329,-0.0962149532710329,"First Basket by Team_Courtney Williams_2026-05-23"
2026-05-23,"FanDuel","MIN @ CHI","1022600041","First Basket by Team","First Points","Player","Team","Home/Away","Favorite/Underdog",0.2209,353,0.1887,430,0.0323,0.0199,1.9878,0.928878504672897,2026-05-23 12:21:52.886829,1,"Courtney Williams","Loss",1.9878,-1.9878,0.928878504672897,-0.928878504672897,"First Basket by Team_Courtney Williams_2026-05-23"
2026-05-23,"Fanatics","MIN @ CHI","1022600041","First Basket by Team","First FGM","Player","Team","Home/Away","Favorite/Underdog",0.2772,261,0.25,300,0.0272,0.0181,1.8123,0.846869158878505,2026-05-23 12:21:52.886829,1,"Natasha Howard","Loss",1.8123,-1.8123,0.846869158878505,-0.846869158878505,"First Basket by Team_Natasha Howard_2026-05-23"
2026-05-23,"FanDuel","MIN @ CHI","1022600041","First Basket by Team","First Points","Player","Team","Home/Away","Favorite/Underdog",0.2089,379,0.1852,440,0.0238,0.0146,1.4577,0.681168224299065,2026-05-23 12:21:52.886829,1,"Skylar Diggins","Loss",1.4577,-1.4577,0.681168224299065,-0.681168224299065,"First Basket by Team_Skylar Diggins_2026-05-23"
2026-05-23,"FanDuel","MIN @ CHI","1022600041","First Basket by Team","First Points","Player","Team","Home/Away","Favorite/Underdog",0.2089,379,0.1786,460,0.0304,0.0185,1.8486,0.863831775700935,2026-05-23 15:21:21.805858,7,"Skylar Diggins","Loss",0.3909,-0.3909,0.18266355140187,-0.18266355140187,"First Basket by Team_Skylar Diggins_2026-05-23"
2026-05-23,"FanDuel","MIN @ CHI","1022600041","First Team","First Points","Team","Quarter","Home/Away","Favorite/Underdog",0.4684,113,0.4425,126,0.0259,0.0232,1.1622,0.754675324675325,2026-05-23 12:21:53.020791,1,"1Q MIN","Loss",1.1622,-1.1622,0.754675324675325,-0.754675324675325,"First Team_1Q MIN_2026-05-23"
2026-05-23,"FanDuel","MIN @ CHI","1022600041","First Team","First Points","Team","Quarter","Home/Away","Favorite/Underdog",0.4684,113,0.4348,130,0.0336,0.0297,1.4868,0.965454545454545,2026-05-23 15:51:21.565316,8,"1Q MIN","Loss",0.3246,-0.3246,0.21077922077922,-0.21077922077922,"First Team_1Q MIN_2026-05-23"
2026-05-23,"FanDuel","PDX @ TOR","1022600042","First Basket","First Points","Player","Game","Home/Away","Favorite/Underdog",0.0988,913,0.0714,1300,0.0273,0.0147,1.4712,1.24677966101695,2026-05-23 14:51:20.359914,6,"Emily Engstler","Loss",0.2888,-0.2888,0.24474576271187,-0.24474576271187,"First Basket_Emily Engstler_2026-05-23"
2026-05-23,"FanDuel","PDX @ TOR","1022600042","First Basket","First Points","Player","Game","Home/Away","Favorite/Underdog",0.0988,913,0.0769,1200,0.0218,0.0118,1.1824,1.00203389830508,2026-05-23 13:21:20.526331,3,"Emily Engstler","Loss",0.3414,-0.3414,0.2893220338983,-0.2893220338983,"First Basket_Emily Engstler_2026-05-23"
2026-05-23,"FanDuel","PDX @ TOR","1022600042","First Basket","First Points","Player","Game","Home/Away","Favorite/Underdog",0.0988,913,0.0833,1100,0.0154,0.0084,0.841,0.71271186440678,2026-05-23 12:21:52.756816,1,"Emily Engstler","Loss",0.841,-0.841,0.71271186440678,-0.71271186440678,"First Basket_Emily Engstler_2026-05-23"
2026-05-23,"FanDuel","PDX @ TOR","1022600042","First Basket","First Points","Player","Game","Home/Away","Favorite/Underdog",0.0837,1094,0.0714,1300,0.0123,0.0066,0.6634,0.562203389830509,2026-05-23 18:51:21.250156,1,"Kiki Rice","Loss",0.6634,-0.6634,0.562203389830509,-0.562203389830509,"First Basket_Kiki Rice_2026-05-23"
2026-05-23,"FanDuel","PDX @ TOR","1022600042","First Basket","First Points","Player","Game","Home/Away","Favorite/Underdog",0.1233,711,0.0909,1000,0.0324,0.0178,1.7801,1.5085593220339,2026-05-23 20:21:20.838314,17,"Laura Juskaite","Loss",0.494,-0.494,0.41864406779661,-0.41864406779661,"First Basket_Laura Juskaite_2026-05-23"
2026-05-23,"FanDuel","PDX @ TOR","1022600042","First Basket","First Points","Player","Game","Home/Away","Favorite/Underdog",0.1185,744,0.0952,950,0.0233,0.0129,1.2861,1.08991525423729,2026-05-23 12:21:52.756816,1,"Laura Juskaite","Loss",1.2861,-1.2861,1.08991525423729,-1.08991525423729,"First Basket_Laura Juskaite_2026-05-23"
2026-05-23,"BetRivers","PDX @ TOR","1022600042","First Basket","First FGM","Player","Game","Home/Away","Favorite/Underdog",0.0879,1037,0.0769,1200,0.011,0.006,0.5965,0.505508474576271,2026-05-23 12:21:52.756816,1,"Nyadiew Puoch","Loss",0.5965,-0.5965,0.505508474576271,-0.505508474576271,"First Basket_Nyadiew Puoch_2026-05-23"
2026-05-23,"FanDuel","PDX @ TOR","1022600042","First Basket","First Points","Player","Game","Home/Away","Favorite/Underdog",0.0863,1059,0.0714,1300,0.0149,0.008,0.8008,0.67864406779661,2026-05-23 12:51:21.324943,2,"Nyadiew Puoch","Loss",0.2043,-0.2043,0.173135593220339,-0.173135593220339,"First Basket_Nyadiew Puoch_2026-05-23"
2026-05-23,"FanDuel","PDX @ TOR","1022600042","First Basket by Team","First Points","Player","Team","Home/Away","Favorite/Underdog",0.216,363,0.1667,500,0.0493,0.0296,2.9605,1.38341121495327,2026-05-23 12:21:52.886829,1,"Emily Engstler","Loss",2.9605,-2.9605,1.38341121495327,-1.38341121495327,"First Basket by Team_Emily Engstler_2026-05-23"
2026-05-23,"FanDuel","PDX @ TOR","1022600042","First Basket by Team","First Points","Player","Team","Home/Away","Favorite/Underdog",0.216,363,0.1538,550,0.0622,0.0367,3.6733,1.7164953271028,2026-05-23 13:21:20.655209,3,"Emily Engstler","Loss",0.7128,-0.7128,0.33308411214953,-0.33308411214953,"First Basket by Team_Emily Engstler_2026-05-23"
2026-05-23,"FanDuel","PDX @ TOR","1022600042","First Basket by Team","First Points","Player","Team","Home/Away","Favorite/Underdog",0.1543,548,0.1429,600,0.0114,0.0067,0.6664,0.311401869158878,2026-05-23 14:21:20.670005,1,"Kiki Rice","Loss",0.6664,-0.6664,0.311401869158878,-0.311401869158878,"First Basket by Team_Kiki Rice_2026-05-23"
2026-05-23,"FanDuel","PDX @ TOR","1022600042","First Basket by Team","First Points","Player","Team","Home/Away","Favorite/Underdog",0.2284,338,0.1667,500,0.0617,0.037,3.7011,1.72948598130841,2026-05-23 20:21:20.965814,17,"Laura Juskaite","Loss",0.7616,-0.7616,0.35588785046729,-0.35588785046729,"First Basket by Team_Laura Juskaite_2026-05-23"
2026-05-23,"FanDuel","PDX @ TOR","1022600042","First Basket by Team","First Points","Player","Team","Home/Away","Favorite/Underdog",0.2183,358,0.1695,490,0.0488,0.0294,2.9395,1.37359813084112,2026-05-23 12:51:21.453992,2,"Laura Juskaite","Loss",0.5202,-0.5202,0.24308411214953,-0.24308411214953,"First Basket by Team_Laura Juskaite_2026-05-23"
2026-05-23,"FanDuel","PDX @ TOR","1022600042","First Basket by Team","First Points","Player","Team","Home/Away","Favorite/Underdog",0.2183,358,0.1786,460,0.0397,0.0242,2.4193,1.13051401869159,2026-05-23 12:21:52.886829,1,"Laura Juskaite","Loss",2.4193,-2.4193,1.13051401869159,-1.13051401869159,"First Basket by Team_Laura Juskaite_2026-05-23"
2026-05-23,"FanDuel","PDX @ TOR","1022600042","First Basket by Team","First Points","Player","Team","Home/Away","Favorite/Underdog",0.1888,430,0.1538,550,0.0349,0.0206,2.0639,0.964439252336448,2026-05-23 12:21:52.886829,1,"Nyadiew Puoch","Loss",2.0639,-2.0639,0.964439252336448,-0.964439252336448,"First Basket by Team_Nyadiew Puoch_2026-05-23"
2026-05-23,"FanDuel","PDX @ TOR","1022600042","First Basket by Team","First Points","Player","Team","Home/Away","Favorite/Underdog",0.1888,430,0.1429,600,0.0459,0.0268,2.6784,1.25158878504673,2026-05-23 12:51:21.453992,2,"Nyadiew Puoch","Loss",0.6145,-0.6145,0.287149532710282,-0.287149532710282,"First Basket by Team_Nyadiew Puoch_2026-05-23"
2026-05-24,"Draft Kings","DAL @ NYL","1022600045","First Basket","First Points","Player","Game","Home/Away","Favorite/Underdog",0.078,1183,0.0676,1380,0.0104,0.0056,0.5574,0.472372881355932,2026-05-24 17:51:20.268297,1,"Marine Johannes","Loss",0.5574,-0.5574,0.472372881355932,-0.472372881355932,"First Basket_Marine Johannes_2026-05-24"
2026-05-24,"Fanatics","DAL @ NYL","1022600045","First Basket by Team","First FGM","Player","Team","Home/Away","Favorite/Underdog",0.1876,433,0.1739,475,0.0137,0.0083,0.8288,0.387289719626168,2026-05-24 12:21:51.102793,1,"Alanna Smith","Loss",0.8288,-0.8288,0.387289719626168,-0.387289719626168,"First Basket by Team_Alanna Smith_2026-05-24"
2026-05-24,"Fanatics","DAL @ NYL","1022600045","First Basket by Team","First FGM","Player","Team","Home/Away","Favorite/Underdog",0.1984,404,0.1818,450,0.0166,0.0102,1.0154,0.474485981308411,2026-05-24 12:21:51.102793,1,"Odyssey Sims","Loss",1.0154,-1.0154,0.474485981308411,-0.474485981308411,"First Basket by Team_Odyssey Sims_2026-05-24"
2026-05-24,"FanDuel","DAL @ NYL","1022600045","First Basket by Team","First Points","Player","Team","Home/Away","Favorite/Underdog",0.2185,358,0.2,400,0.0185,0.0115,1.1543,0.539392523364486,2026-05-24 12:21:51.102793,1,"Satou Sabally","Win",1.1543,4.6172,0.539392523364486,2.15757009345794,"First Basket by Team_Satou Sabally_2026-05-24"
2026-05-24,"FanDuel","DAL @ NYL","1022600045","First Team","First Points","Team","Quarter","Home/Away","Favorite/Underdog",0.4672,114,0.4545,120,0.0127,0.0116,0.5806,0.377012987012987,2026-05-24 12:21:51.235855,1,"1Q DAL","Loss",0.5806,-0.5806,0.377012987012987,-0.377012987012987,"First Team_1Q DAL_2026-05-24"
2026-05-24,"FanDuel","PHX @ ATL","1022600044","First Basket","First Points","Player","Game","Home/Away","Favorite/Underdog",0.0811,1133,0.0667,1400,0.0144,0.0077,0.7734,0.655423728813559,2026-05-24 12:21:50.97205,1,"Jordin Canada","Loss",0.7734,-0.7734,0.655423728813559,-0.655423728813559,"First Basket_Jordin Canada_2026-05-24"
2026-05-24,"FanDuel","PHX @ ATL","1022600044","First Basket","First Points","Player","Game","Home/Away","Favorite/Underdog",0.0811,1133,0.0625,1500,0.0186,0.0099,0.9922,0.840847457627119,2026-05-24 15:21:19.831166,7,"Jordin Canada","Loss",0.2188,-0.2188,0.18542372881356,-0.18542372881356,"First Basket_Jordin Canada_2026-05-24"
2026-05-24,"FanDuel","PHX @ ATL","1022600044","First Basket","First Points","Player","Game","Home/Away","Favorite/Underdog",0.1051,851,0.0769,1200,0.0282,0.0153,1.5281,1.295,2026-05-24 18:51:18.683357,1,"Jovana Nogic","Loss",1.5281,-1.5281,1.295,-1.295,"First Basket_Jovana Nogic_2026-05-24"
2026-05-24,"FanDuel","PHX @ ATL","1022600044","First Basket","First Points","Player","Game","Home/Away","Favorite/Underdog",0.0841,1090,0.0714,1300,0.0126,0.0068,0.6805,0.576694915254237,2026-05-24 12:21:50.97205,1,"Natasha Mack","Loss",0.6805,-0.6805,0.576694915254237,-0.576694915254237,"First Basket_Natasha Mack_2026-05-24"
2026-05-24,"FanDuel","PHX @ ATL","1022600044","First Basket","First Points","Player","Game","Home/Away","Favorite/Underdog",0.0769,1200,0.0625,1500,0.0144,0.0077,0.7693,0.651949152542373,2026-05-24 12:21:50.97205,1,"Naz Hillmon","Loss",0.7693,-0.7693,0.651949152542373,-0.651949152542373,"First Basket_Naz Hillmon_2026-05-24"
2026-05-24,"FanDuel","PHX @ ATL","1022600044","First Basket by Team","First Points","Player","Team","Home/Away","Favorite/Underdog",0.1684,494,0.1429,600,0.0255,0.0149,1.4875,0.695093457943925,2026-05-24 12:21:51.102793,1,"Jordin Canada","Loss",1.4875,-1.4875,0.695093457943925,-0.695093457943925,"First Basket by Team_Jordin Canada_2026-05-24"
2026-05-24,"FanDuel","PHX @ ATL","1022600044","First Basket by Team","First Points","Player","Team","Home/Away","Favorite/Underdog",0.1684,494,0.1333,650,0.035,0.0202,2.0206,0.944205607476635,2026-05-24 14:21:20.011765,5,"Jordin Canada","Loss",0.5331,-0.5331,0.24911214953271,-0.24911214953271,"First Basket by Team_Jordin Canada_2026-05-24"
2026-05-24,"FanDuel","PHX @ ATL","1022600044","First Basket by Team","First Points","Player","Team","Home/Away","Favorite/Underdog",0.2032,392,0.1333,650,0.0699,0.0403,4.0325,1.88434579439252,2026-05-24 18:51:18.812462,1,"Jovana Nogic","Loss",4.0325,-4.0325,1.88434579439252,-1.88434579439252,"First Basket by Team_Jovana Nogic_2026-05-24"
2026-05-24,"FanDuel","PHX @ ATL","1022600044","First Basket by Team","First Points","Player","Team","Home/Away","Favorite/Underdog",0.1622,516,0.1333,650,0.0289,0.0167,1.6658,0.778411214953271,2026-05-24 12:21:51.102793,1,"Natasha Mack","Loss",1.6658,-1.6658,0.778411214953271,-0.778411214953271,"First Basket by Team_Natasha Mack_2026-05-24"
2026-05-24,"FanDuel","PHX @ ATL","1022600044","First Basket by Team","First Points","Player","Team","Home/Away","Favorite/Underdog",0.1597,526,0.1333,650,0.0263,0.0152,1.5202,0.710373831775701,2026-05-24 12:21:51.102793,1,"Naz Hillmon","Loss",1.5202,-1.5202,0.710373831775701,-0.710373831775701,"First Basket by Team_Naz Hillmon_2026-05-24"
2026-05-24,"Draft Kings","PHX @ ATL","1022600044","First Team","First FGM","Team","Quarter","Home/Away","Favorite/Underdog",0.5125,-105,0.4878,105,0.0247,0.0241,1.2052,0.782597402597403,2026-05-24 13:21:20.754952,1,"1Q PHX","Win",1.2052,1.26546,0.782597402597403,0.821727272727273,"First Team_1Q PHX_2026-05-24"
2026-05-24,"Draft Kings","PHX @ ATL","1022600044","First Team Exact","First FGM","Team","Exact","Home/Away","Favorite/Underdog",0.4057,146,0.3922,155,0.0136,0.0112,0.5576,0.435625,2026-05-24 18:51:19.000938,12,"PHX two point field goal","Win",0.5576,0.86428,0.435625,0.67521875,"First Team Exact_PHX two point field goal_2026-05-24"
2026-05-24,"FanDuel","WAS @ SEA","1022600046","First Basket","First Points","Player","Game","Home/Away","Favorite/Underdog",0.0731,1268,0.0625,1500,0.0106,0.0057,0.5658,0.479491525423729,2026-05-24 21:51:18.367436,1,"Georgia Amoore","Win",0.5658,8.487,0.479491525423729,7.19237288135594,"First Basket_Georgia Amoore_2026-05-24"
2026-05-24,"FanDuel","WAS @ SEA","1022600046","First Basket","First Points","Player","Game","Home/Away","Favorite/Underdog",0.148,576,0.1333,650,0.0147,0.0085,0.8471,0.717881355932203,2026-05-24 12:21:50.97205,1,"Kiki Iriafen","Loss",0.8471,-0.8471,0.717881355932203,-0.717881355932203,"First Basket_Kiki Iriafen_2026-05-24"
2026-05-24,"FanDuel","WAS @ SEA","1022600046","First Basket","First Points","Player","Game","Home/Away","Favorite/Underdog",0.148,576,0.125,700,0.023,0.0132,1.3153,1.11466101694915,2026-05-24 14:21:19.882182,5,"Kiki Iriafen","Loss",0.4682,-0.4682,0.396779661016947,-0.396779661016947,"First Basket_Kiki Iriafen_2026-05-24"
2026-05-24,"FanDuel","WAS @ SEA","1022600046","First Basket Exact","First Points","Player","Exact","Home/Away","Favorite/Underdog",0.046,2075,0.0357,2700,0.0103,0.0053,0.5324,0.794626865671642,2026-05-24 12:21:51.179277,1,"Kiki Iriafen other","Loss",0.5324,-0.5324,0.794626865671642,-0.794626865671642,"First Basket Exact_Kiki Iriafen other_2026-05-24"
2026-05-24,"Draft Kings","WAS @ SEA","1022600046","First Basket Type","First FGM","Game","Exact","Home/Away","Favorite/Underdog",0.2233,348,0.2128,370,0.0105,0.0067,0.3337,0.260703125,2026-05-24 21:51:18.726274,1,"WAS @ SEA three point field goal","Win",0.3337,1.23469,0.260703125,0.9646015625,"First Basket Type_WAS @ SEA three point field goal_2026-05-24"
2026-05-24,"FanDuel","WAS @ SEA","1022600046","First Basket by Team","First Points","Player","Team","Home/Away","Favorite/Underdog",0.1382,623,0.1111,800,0.0271,0.0153,1.5262,0.713177570093458,2026-05-24 21:51:18.49333,20,"Georgia Amoore","Win",0.5432,4.3456,0.253831775700935,2.03065420560748,"First Basket by Team_Georgia Amoore_2026-05-24"
2026-05-24,"FanDuel","WAS @ SEA","1022600046","First Basket by Team","First Points","Player","Team","Home/Away","Favorite/Underdog",0.135,641,0.1176,750,0.0173,0.0098,0.9812,0.458504672897196,2026-05-24 12:21:51.102793,1,"Georgia Amoore","Win",0.9812,7.359,0.458504672897196,3.43878504672897,"First Basket by Team_Georgia Amoore_2026-05-24"
2026-05-24,"Fanatics","WAS @ SEA","1022600046","First Basket by Team","First FGM","Player","Team","Home/Away","Favorite/Underdog",0.1414,607,0.1176,750,0.0237,0.0134,1.3434,0.627757009345794,2026-05-24 16:21:19.522772,9,"Georgia Amoore","Win",0.00180000000000002,0.0135000000000002,0.000841121495327002,0.00630841121495251,"First Basket by Team_Georgia Amoore_2026-05-24"
2026-05-24,"FanDuel","WAS @ SEA","1022600046","First Basket by Team","First Points","Player","Team","Home/Away","Favorite/Underdog",0.189,429,0.1667,500,0.0223,0.0134,1.3373,0.624906542056075,2026-05-24 14:51:18.817692,1,"Jordan Horston","Loss",1.3373,-1.3373,0.624906542056075,-0.624906542056075,"First Basket by Team_Jordan Horston_2026-05-24"
2026-05-24,"FanDuel","WAS @ SEA","1022600046","First Basket by Team","First Points","Player","Team","Home/Away","Favorite/Underdog",0.2805,257,0.2273,340,0.0532,0.0344,3.4427,1.60873831775701,2026-05-24 16:21:19.522772,9,"Kiki Iriafen","Loss",0.3206,-0.3206,0.14981308411215,-0.14981308411215,"First Basket by Team_Kiki Iriafen_2026-05-24"
2026-05-24,"FanDuel","WAS @ SEA","1022600046","First Basket by Team","First Points","Player","Team","Home/Away","Favorite/Underdog",0.2805,257,0.2326,330,0.0479,0.0312,3.1221,1.45892523364486,2026-05-24 12:51:21.512818,2,"Kiki Iriafen","Loss",0.3407,-0.3407,0.15920560747664,-0.15920560747664,"First Basket by Team_Kiki Iriafen_2026-05-24"
2026-05-24,"FanDuel","WAS @ SEA","1022600046","First Basket by Team","First Points","Player","Team","Home/Away","Favorite/Underdog",0.2805,257,0.2381,320,0.0424,0.0278,2.7814,1.29971962616822,2026-05-24 12:21:51.102793,1,"Kiki Iriafen","Loss",2.7814,-2.7814,1.29971962616822,-1.29971962616822,"First Basket by Team_Kiki Iriafen_2026-05-24"
2026-05-24,"Draft Kings","WAS @ SEA","1022600046","First Team","First FGM","Team","Quarter","Home/Away","Favorite/Underdog",0.4817,108,0.4651,115,0.0166,0.0155,0.7742,0.502727272727273,2026-05-24 19:51:19.094892,1,"1Q SEA","Loss",0.7742,-0.7742,0.502727272727273,-0.502727272727273,"First Team_1Q SEA_2026-05-24"
2026-05-25,"Draft Kings","CON @ GSV","1022600048","First Basket","First Points","Player","Game","Home/Away","Favorite/Underdog",0.1078,828,0.0971,930,0.0107,0.0059,0.5915,0.501271186440678,2026-05-25 18:51:16.351908,1,"Diamond Miller","Loss",0.5915,-0.5915,0.501271186440678,-0.501271186440678,"First Basket_Diamond Miller_2026-05-25"
2026-05-25,"FanDuel","CON @ GSV","1022600048","First Basket","First Points","Player","Game","Home/Away","Favorite/Underdog",0.1035,866,0.0909,1000,0.0126,0.0069,0.6917,0.586186440677966,2026-05-25 20:21:16.244797,1,"Gabby Williams","Win",0.6917,6.917,0.586186440677966,5.86186440677966,"First Basket_Gabby Williams_2026-05-25"
2026-05-25,"FanDuel","CON @ GSV","1022600048","First Basket","First Points","Player","Game","Home/Away","Favorite/Underdog",0.0838,1093,0.0588,1600,0.025,0.0133,1.3271,1.12466101694915,2026-05-25 23:51:16.648531,12,"Kiah Stokes","Loss",0.7996,-0.7996,0.677627118644066,-0.677627118644066,"First Basket_Kiah Stokes_2026-05-25"
2026-05-25,"FanDuel","CON @ GSV","1022600048","First Basket","First Points","Player","Game","Home/Away","Favorite/Underdog",0.0838,1093,0.0625,1500,0.0213,0.0114,1.1362,0.962881355932203,2026-05-25 19:51:15.978675,4,"Kiah Stokes","Loss",0.5275,-0.5275,0.447033898305084,-0.447033898305084,"First Basket_Kiah Stokes_2026-05-25"
2026-05-25,"Fanatics","CON @ GSV","1022600048","First Basket by Team","First FGM","Player","Team","Home/Away","Favorite/Underdog",0.2175,360,0.2,400,0.0175,0.0109,1.0916,0.510093457943925,2026-05-25 22:21:17.007248,1,"Diamond Miller","Loss",1.0916,-1.0916,0.510093457943925,-0.510093457943925,"First Basket by Team_Diamond Miller_2026-05-25"
2026-05-25,"Fanatics","CON @ GSV","1022600048","First Basket by Team","First FGM","Player","Team","Home/Away","Favorite/Underdog",0.1773,464,0.1667,500,0.0106,0.0064,0.6352,0.296822429906542,2026-05-25 21:21:16.325206,1,"Gianna Kneepkens","Loss",0.6352,-0.6352,0.296822429906542,-0.296822429906542,"First Basket by Team_Gianna Kneepkens_2026-05-25"
2026-05-25,"FanDuel","CON @ GSV","1022600048","First Basket by Team","First Points","Player","Team","Home/Away","Favorite/Underdog",0.16,525,0.1333,650,0.0266,0.0154,1.5366,0.71803738317757,2026-05-25 12:21:49.758014,1,"Kiah Stokes","Loss",1.5366,-1.5366,0.71803738317757,-0.71803738317757,"First Basket by Team_Kiah Stokes_2026-05-25"
2026-05-25,"FanDuel","CON @ GSV","1022600048","First Basket by Team","First Points","Player","Team","Home/Away","Favorite/Underdog",0.16,525,0.125,700,0.035,0.02,1.9981,0.933691588785047,2026-05-25 23:51:16.775506,24,"Kiah Stokes","Loss",0.4615,-0.4615,0.215654205607477,-0.215654205607477,"First Basket by Team_Kiah Stokes_2026-05-25"
2026-05-25,"FanDuel","CON @ GSV","1022600048","First Team","First Points","Team","Quarter","Home/Away","Favorite/Underdog",0.5239,-110,0.4505,122,0.0734,0.0668,3.3407,2.16928571428571,2026-05-25 19:51:16.221846,1,"1Q GSV","Win",3.3407,4.075654,2.16928571428571,2.64652857142857,"First Team_1Q GSV_2026-05-25"
2026-05-25,"FanDuel","PDX @ NYL","1022600047","First Basket","First Points","Player","Game","Home/Away","Favorite/Underdog",0.0958,943,0.0769,1200,0.0189,0.0103,1.025,0.86864406779661,2026-05-25 21:21:16.198287,5,"Emily Engstler","Loss",0.3424,-0.3424,0.290169491525424,-0.290169491525424,"First Basket_Emily Engstler_2026-05-25"
2026-05-25,"FanDuel","PDX @ NYL","1022600047","First Basket","First Points","Player","Game","Home/Away","Favorite/Underdog",0.0958,943,0.0833,1100,0.0125,0.0068,0.6826,0.578474576271186,2026-05-25 17:21:17.181714,3,"Emily Engstler","Loss",0.6826,-0.6826,0.578474576271186,-0.578474576271186,"First Basket_Emily Engstler_2026-05-25"
2026-05-25,"BetRivers","PDX @ NYL","1022600047","First Basket","First FGM","Player","Game","Home/Away","Favorite/Underdog",0.0816,1126,0.0714,1300,0.0102,0.0055,0.547,0.463559322033898,2026-05-25 13:51:17.227629,1,"Luisa Geiselsoder","Loss",0.547,-0.547,0.463559322033898,-0.463559322033898,"First Basket_Luisa Geiselsoder_2026-05-25"
2026-05-25,"FanDuel","PDX @ NYL","1022600047","First Basket","First Points","Player","Game","Home/Away","Favorite/Underdog",0.0783,1178,0.0625,1500,0.0158,0.0084,0.8401,0.711949152542373,2026-05-25 18:51:16.351908,11,"Luisa Geiselsoder","Loss",0.2194,-0.2194,0.185932203389831,-0.185932203389831,"First Basket_Luisa Geiselsoder_2026-05-25"
2026-05-25,"FanDuel","PDX @ NYL","1022600047","First Basket","First Points","Player","Game","Home/Away","Favorite/Underdog",0.0783,1178,0.0667,1400,0.0116,0.0062,0.6207,0.526016949152542,2026-05-25 17:51:23.435629,9,"Luisa Geiselsoder","Loss",0.0737,-0.0737,0.062457627118644,-0.062457627118644,"First Basket_Luisa Geiselsoder_2026-05-25"
2026-05-25,"BetRivers","PDX @ NYL","1022600047","First Basket","First FGM","Player","Game","Home/Away","Favorite/Underdog",0.0825,1112,0.0714,1300,0.0111,0.006,0.5973,0.506186440677966,2026-05-25 17:21:17.181714,1,"Marine Johannes","Loss",0.5973,-0.5973,0.506186440677966,-0.506186440677966,"First Basket_Marine Johannes_2026-05-25"
2026-05-25,"Draft Kings","PDX @ NYL","1022600047","First Basket","First Points","Player","Game","Home/Away","Favorite/Underdog",0.0849,1078,0.0685,1360,0.0164,0.0088,0.8813,0.746864406779661,2026-05-25 23:21:15.951367,13,"Marine Johannes","Loss",0.2164,-0.2164,0.183389830508475,-0.183389830508475,"First Basket_Marine Johannes_2026-05-25"
2026-05-25,"Draft Kings","PDX @ NYL","1022600047","First Basket","First Points","Player","Game","Home/Away","Favorite/Underdog",0.0818,1122,0.0694,1340,0.0124,0.0066,0.6649,0.563474576271186,2026-05-25 17:51:23.435629,2,"Marine Johannes","Loss",0.0676,-0.0676,0.05728813559322,-0.05728813559322,"First Basket_Marine Johannes_2026-05-25"
2026-05-25,"FanDuel","PDX @ NYL","1022600047","First Basket","First Points","Player","Game","Home/Away","Favorite/Underdog",0.0877,1040,0.0769,1200,0.0108,0.0058,0.5831,0.494152542372881,2026-05-25 12:21:49.6317,1,"Nyadiew Puoch","Loss",0.5831,-0.5831,0.494152542372881,-0.494152542372881,"First Basket_Nyadiew Puoch_2026-05-25"
2026-05-25,"FanDuel","PDX @ NYL","1022600047","First Basket","First Points","Player","Game","Home/Away","Favorite/Underdog",0.0877,1040,0.0714,1300,0.0163,0.0088,0.8755,0.741949152542373,2026-05-25 13:51:17.227629,4,"Nyadiew Puoch","Loss",0.2924,-0.2924,0.247796610169492,-0.247796610169492,"First Basket_Nyadiew Puoch_2026-05-25"
2026-05-25,"FanDuel","PDX @ NYL","1022600047","First Basket by Team","First Points","Player","Team","Home/Away","Favorite/Underdog",0.2089,379,0.1923,420,0.0166,0.0103,1.0268,0.479813084112149,2026-05-25 12:21:49.758014,1,"Emily Engstler","Loss",1.0268,-1.0268,0.479813084112149,-0.479813084112149,"First Basket by Team_Emily Engstler_2026-05-25"
2026-05-25,"Fanatics","PDX @ NYL","1022600047","First Basket by Team","First FGM","Player","Team","Home/Away","Favorite/Underdog",0.2147,366,0.1667,500,0.048,0.0288,2.8819,1.34668224299065,2026-05-25 22:51:17.700344,20,"Emily Engstler","Loss",0.8726,-0.8726,0.40775700934579,-0.40775700934579,"First Basket by Team_Emily Engstler_2026-05-25"
2026-05-25,"Fanatics","PDX @ NYL","1022600047","First Basket by Team","First FGM","Player","Team","Home/Away","Favorite/Underdog",0.2147,366,0.1818,450,0.0329,0.0201,2.0093,0.93892523364486,2026-05-25 16:21:16.057573,7,"Emily Engstler","Loss",0.9825,-0.9825,0.459112149532711,-0.459112149532711,"First Basket by Team_Emily Engstler_2026-05-25"
2026-05-25,"FanDuel","PDX @ NYL","1022600047","First Basket by Team","First Points","Player","Team","Home/Away","Favorite/Underdog",0.1705,486,0.1429,600,0.0277,0.0162,1.6153,0.754813084112149,2026-05-25 18:21:18.076653,10,"Luisa Geiselsoder","Loss",0.4153,-0.4153,0.194065420560747,-0.194065420560747,"First Basket by Team_Luisa Geiselsoder_2026-05-25"
2026-05-25,"FanDuel","PDX @ NYL","1022600047","First Basket by Team","First Points","Player","Team","Home/Away","Favorite/Underdog",0.1705,486,0.1538,550,0.0167,0.0099,0.9869,0.461168224299065,2026-05-25 12:21:49.758014,1,"Luisa Geiselsoder","Loss",0.9869,-0.9869,0.461168224299065,-0.461168224299065,"First Basket by Team_Luisa Geiselsoder_2026-05-25"
2026-05-25,"Fanatics","PDX @ NYL","1022600047","First Basket by Team","First FGM","Player","Team","Home/Away","Favorite/Underdog",0.1742,474,0.1538,550,0.0203,0.012,1.2,0.560747663551402,2026-05-25 17:51:23.562876,9,"Luisa Geiselsoder","Loss",0.2131,-0.2131,0.099579439252337,-0.099579439252337,"First Basket by Team_Luisa Geiselsoder_2026-05-25"
2026-05-25,"FanDuel","PDX @ NYL","1022600047","First Basket by Team","First Points","Player","Team","Home/Away","Favorite/Underdog",0.1566,538,0.125,700,0.0316,0.0181,1.8072,0.844485981308411,2026-05-25 23:21:16.078382,13,"Marine Johannes","Loss",0.777,-0.777,0.363084112149532,-0.363084112149532,"First Basket by Team_Marine Johannes_2026-05-25"
2026-05-25,"FanDuel","PDX @ NYL","1022600047","First Basket by Team","First Points","Player","Team","Home/Away","Favorite/Underdog",0.1512,561,0.1333,650,0.0179,0.0103,1.0302,0.481401869158879,2026-05-25 17:21:17.308734,1,"Marine Johannes","Loss",1.0302,-1.0302,0.481401869158879,-0.481401869158879,"First Basket by Team_Marine Johannes_2026-05-25"
2026-05-25,"FanDuel","PDX @ NYL","1022600047","First Basket by Team","First Points","Player","Team","Home/Away","Favorite/Underdog",0.1913,423,0.1667,500,0.0247,0.0148,1.4799,0.691542056074766,2026-05-25 12:21:49.758014,1,"Nyadiew Puoch","Win",1.4799,7.3995,0.691542056074766,3.45771028037383,"First Basket by Team_Nyadiew Puoch_2026-05-25"
2026-05-25,"FanDuel","PDX @ NYL","1022600047","First Basket by Team","First Points","Player","Team","Home/Away","Favorite/Underdog",0.1913,423,0.1538,550,0.0375,0.0222,2.215,1.03504672897196,2026-05-25 16:21:16.057573,9,"Nyadiew Puoch","Win",0.7351,4.04305,0.343504672897194,1.88927570093457,"First Basket by Team_Nyadiew Puoch_2026-05-25"
2026-05-27,"Draft Kings","ATL @ MIN","1022600051","First Basket","First Points","Player","Game","Home/Away","Favorite/Underdog",0.0921,985,0.0658,1420,0.0263,0.0141,1.4101,1.195,2026-05-28 00:51:20.167935,12,"Jordin Canada","Loss",0.3024,-0.3024,0.256271186440678,-0.256271186440678,"First Basket_Jordin Canada_2026-05-27"
2026-05-27,"FanDuel","ATL @ MIN","1022600051","First Basket","First Points","Player","Game","Home/Away","Favorite/Underdog",0.092,987,0.0714,1300,0.0206,0.0111,1.1077,0.938728813559322,2026-05-27 12:54:27.256173,2,"Jordin Canada","Loss",0.2983,-0.2983,0.252796610169491,-0.252796610169491,"First Basket_Jordin Canada_2026-05-27"
2026-05-27,"FanDuel","ATL @ MIN","1022600051","First Basket","First Points","Player","Game","Home/Away","Favorite/Underdog",0.0919,989,0.0769,1200,0.0149,0.0081,0.8094,0.685932203389831,2026-05-27 12:21:39.491184,1,"Jordin Canada","Loss",0.8094,-0.8094,0.685932203389831,-0.685932203389831,"First Basket_Jordin Canada_2026-05-27"
2026-05-27,"FanDuel","ATL @ MIN","1022600051","First Basket","First Points","Player","Game","Home/Away","Favorite/Underdog",0.087,1049,0.0667,1400,0.0203,0.0109,1.0891,0.922966101694915,2026-05-27 12:21:39.491184,1,"Naz Hillmon","Loss",1.0891,-1.0891,0.922966101694915,-0.922966101694915,"First Basket_Naz Hillmon_2026-05-27"
2026-05-27,"Draft Kings","ATL @ MIN","1022600051","First Basket","First Points","Player","Game","Home/Away","Favorite/Underdog",0.0873,1046,0.0641,1460,0.0231,0.0124,1.2368,1.04813559322034,2026-05-28 00:51:20.167935,26,"Naz Hillmon","Loss",0.1477,-0.1477,0.125169491525425,-0.125169491525425,"First Basket_Naz Hillmon_2026-05-27"
2026-05-27,"FanDuel","ATL @ MIN","1022600051","First Basket by Team","First Points","Player","Team","Home/Away","Favorite/Underdog",0.2136,368,0.1852,440,0.0284,0.0174,1.7421,0.814065420560748,2026-05-27 14:51:23.113273,1,"Courtney Williams","Loss",1.7421,-1.7421,0.814065420560748,-0.814065420560748,"First Basket by Team_Courtney Williams_2026-05-27"
2026-05-27,"FanDuel","ATL @ MIN","1022600051","First Basket by Team","First Points","Player","Team","Home/Away","Favorite/Underdog",0.2136,368,0.1818,450,0.0318,0.0194,1.9407,0.906869158878505,2026-05-27 17:21:22.25916,6,"Courtney Williams","Loss",0.1986,-0.1986,0.092803738317757,-0.092803738317757,"First Basket by Team_Courtney Williams_2026-05-27"
2026-05-27,"FanDuel","ATL @ MIN","1022600051","First Basket by Team","First Points","Player","Team","Home/Away","Favorite/Underdog",0.1753,471,0.1333,650,0.0419,0.0242,2.4185,1.13014018691589,2026-05-27 12:21:39.625728,1,"Jordin Canada","Loss",2.4185,-2.4185,1.13014018691589,-1.13014018691589,"First Basket by Team_Jordin Canada_2026-05-27"
2026-05-27,"FanDuel","ATL @ MIN","1022600051","First Basket by Team","First Points","Player","Team","Home/Away","Favorite/Underdog",0.1753,471,0.125,700,0.0503,0.0287,2.8717,1.34191588785047,2026-05-28 00:51:20.302086,21,"Jordin Canada","Loss",0.4532,-0.4532,0.21177570093458,-0.21177570093458,"First Basket by Team_Jordin Canada_2026-05-27"
2026-05-27,"FanDuel","ATL @ MIN","1022600051","First Basket by Team","First Points","Player","Team","Home/Away","Favorite/Underdog",0.166,503,0.1333,650,0.0326,0.0188,1.8826,0.879719626168224,2026-05-27 12:21:39.625728,1,"Naz Hillmon","Loss",1.8826,-1.8826,0.879719626168224,-0.879719626168224,"First Basket by Team_Naz Hillmon_2026-05-27"
2026-05-27,"FanDuel","ATL @ MIN","1022600051","First Basket by Team","First Points","Player","Team","Home/Away","Favorite/Underdog",0.166,503,0.125,700,0.041,0.0234,2.3409,1.0938785046729,2026-05-27 22:21:21.447175,21,"Naz Hillmon","Loss",0.4583,-0.4583,0.214158878504676,-0.214158878504676,"First Basket by Team_Naz Hillmon_2026-05-27"
2026-05-27,"Draft Kings","ATL @ MIN","1022600051","First Team","First FGM","Team","Quarter","Home/Away","Favorite/Underdog",0.4854,106,0.4545,120,0.0309,0.0283,1.4154,0.919090909090909,2026-05-27 13:51:23.876364,1,"1Q MIN","Win",1.4154,1.69848,0.919090909090909,1.10290909090909,"First Team_1Q MIN_2026-05-27"
2026-05-27,"Draft Kings","ATL @ MIN","1022600051","First Team Exact","First FGM","Team","Exact","Home/Away","Favorite/Underdog",0.3673,172,0.3571,180,0.0102,0.0079,0.3964,0.3096875,2026-05-27 13:51:23.938654,1,"MIN two point field goal","Loss",0.3964,-0.3964,0.3096875,-0.3096875,"First Team Exact_MIN two point field goal_2026-05-27"
2026-05-27,"FanDuel","CON @ PDX","1022600052","First Basket","First Points","Player","Game","Home/Away","Favorite/Underdog",0.1027,874,0.0909,1000,0.0118,0.0065,0.6486,0.549661016949152,2026-05-27 23:51:20.407868,1,"Emily Engstler","Loss",0.6486,-0.6486,0.549661016949152,-0.549661016949152,"First Basket_Emily Engstler_2026-05-27"
2026-05-27,"BetRivers","CON @ PDX","1022600052","First Basket","First FGM","Player","Game","Home/Away","Favorite/Underdog",0.0872,1047,0.0769,1200,0.0103,0.0056,0.5565,0.471610169491525,2026-05-28 01:51:20.985376,28,"Luisa Geiselsoder","Loss",0.5565,-0.5565,0.471610169491525,-0.471610169491525,"First Basket_Luisa Geiselsoder_2026-05-27"
2026-05-27,"FanDuel","CON @ PDX","1022600052","First Basket by Team","First Points","Player","Team","Home/Away","Favorite/Underdog",0.2035,391,0.1887,430,0.0148,0.0092,0.9151,0.427616822429907,2026-05-27 12:21:39.625728,1,"Emily Engstler","Loss",0.9151,-0.9151,0.427616822429907,-0.427616822429907,"First Basket by Team_Emily Engstler_2026-05-27"
2026-05-27,"FanDuel","CON @ PDX","1022600052","First Basket by Team","First Points","Player","Team","Home/Away","Favorite/Underdog",0.2035,391,0.1852,440,0.0183,0.0113,1.1256,0.525981308411215,2026-05-27 14:51:23.113273,5,"Emily Engstler","Loss",0.2105,-0.2105,0.098364485981308,-0.098364485981308,"First Basket by Team_Emily Engstler_2026-05-27"
2026-05-27,"FanDuel","CON @ PDX","1022600052","First Basket by Team","First Points","Player","Team","Home/Away","Favorite/Underdog",0.1721,481,0.1538,550,0.0183,0.0108,1.0806,0.504953271028037,2026-05-27 14:51:23.113273,1,"Luisa Geiselsoder","Loss",1.0806,-1.0806,0.504953271028037,-0.504953271028037,"First Basket by Team_Luisa Geiselsoder_2026-05-27"
2026-05-27,"Draft Kings","CON @ PDX","1022600052","First Basket by Team","First Points","Player","Team","Home/Away","Favorite/Underdog",0.1721,481,0.1538,550,0.02,0.0118,1.1799,0.551355140186916,2026-05-27 18:21:22.969159,8,"Luisa Geiselsoder","Loss",0.0992999999999999,-0.0992999999999999,0.046401869158879,-0.046401869158879,"First Basket by Team_Luisa Geiselsoder_2026-05-27"
2026-05-27,"Fanatics","CON @ PDX","1022600052","First Basket by Team","First FGM","Player","Team","Home/Away","Favorite/Underdog",0.1919,421,0.1739,475,0.018,0.0109,1.0881,0.508457943925234,2026-05-27 12:21:39.625728,1,"Nyadiew Puoch","Loss",1.0881,-1.0881,0.508457943925234,-0.508457943925234,"First Basket by Team_Nyadiew Puoch_2026-05-27"
2026-05-27,"BetRivers","PHX @ NYL","1022600049","First Basket","First FGM","Player","Game","Home/Away","Favorite/Underdog",0.084,1090,0.0625,1500,0.0215,0.0115,1.1471,0.972118644067797,2026-05-27 22:51:21.283538,12,"Marine Johannes","Loss",1.1471,-1.1471,0.972118644067797,-0.972118644067797,"First Basket_Marine Johannes_2026-05-27"
2026-05-27,"FanDuel","PHX @ NYL","1022600049","First Basket","First Points","Player","Game","Home/Away","Favorite/Underdog",0.0728,1274,0.0588,1600,0.014,0.0074,0.7415,0.628389830508475,2026-05-27 12:21:39.491184,1,"Noemie Brochant","Loss",0.7415,-0.7415,0.628389830508475,-0.628389830508475,"First Basket_Noemie Brochant_2026-05-27"
2026-05-27,"Draft Kings","PHX @ NYL","1022600049","First Basket Type","First FGM","Game","Exact","Home/Away","Favorite/Underdog",0.7605,-317,0.7403,-285,0.0202,0.0389,1.946,1.5203125,2026-05-27 17:21:22.522119,1,"PHX @ NYL two point field goal","Loss",1.946,-1.946,1.5203125,-1.5203125,"First Basket Type_PHX @ NYL two point field goal_2026-05-27"
2026-05-27,"FanDuel","PHX @ NYL","1022600049","First Basket by Team","First Points","Player","Team","Home/Away","Favorite/Underdog",0.1652,505,0.1111,800,0.0541,0.0304,3.0411,1.42107476635514,2026-05-27 22:51:21.422292,12,"Marine Johannes","Loss",1.1495,-1.1495,0.53714953271028,-0.53714953271028,"First Basket by Team_Marine Johannes_2026-05-27"
2026-05-27,"FanDuel","PHX @ NYL","1022600049","First Basket by Team","First Points","Player","Team","Home/Away","Favorite/Underdog",0.151,562,0.1176,750,0.0334,0.0189,1.8916,0.88392523364486,2026-05-27 17:21:22.25916,1,"Marine Johannes","Loss",1.8916,-1.8916,0.88392523364486,-0.88392523364486,"First Basket by Team_Marine Johannes_2026-05-27"
2026-05-27,"FanDuel","PHX @ NYL","1022600049","First Basket by Team","First Points","Player","Team","Home/Away","Favorite/Underdog",0.145,590,0.125,700,0.02,0.0114,1.1446,0.534859813084112,2026-05-27 12:21:39.625728,1,"Noemie Brochant","Loss",1.1446,-1.1446,0.534859813084112,-0.534859813084112,"First Basket by Team_Noemie Brochant_2026-05-27"
2026-05-27,"FanDuel","PHX @ NYL","1022600049","First Basket by Team","First Points","Player","Team","Home/Away","Favorite/Underdog",0.145,590,0.1176,750,0.0274,0.0155,1.5517,0.725093457943925,2026-05-27 13:21:23.435724,3,"Noemie Brochant","Loss",0.4071,-0.4071,0.190233644859813,-0.190233644859813,"First Basket by Team_Noemie Brochant_2026-05-27"
2026-05-27,"Draft Kings","PHX @ NYL","1022600049","First Team","First FGM","Team","Quarter","Home/Away","Favorite/Underdog",0.5083,-103,0.4878,105,0.0205,0.02,1.0022,0.650779220779221,2026-05-27 17:21:22.405165,9,"1Q PHX","Loss",0.4317,-0.4317,0.280324675324676,-0.280324675324676,"First Team_1Q PHX_2026-05-27"
2026-05-27,"FanDuel","PHX @ NYL","1022600049","First Team","First Points","Team","Quarter","Home/Away","Favorite/Underdog",0.5018,-101,0.4902,104,0.0116,0.0114,0.5705,0.370454545454545,2026-05-27 12:21:39.772199,1,"1Q PHX","Loss",0.5705,-0.5705,0.370454545454545,-0.370454545454545,"First Team_1Q PHX_2026-05-27"
2026-05-27,"Draft Kings","PHX @ NYL","1022600049","First Team Exact","First FGM","Team","Exact","Home/Away","Favorite/Underdog",0.4026,148,0.3774,165,0.0253,0.0203,1.0145,0.792578125,2026-05-27 17:21:22.467675,6,"PHX two point field goal","Loss",0.3477,-0.3477,0.271640625,-0.271640625,"First Team Exact_PHX two point field goal_2026-05-27"
2026-05-27,"Draft Kings","PHX @ NYL","1022600049","First Team Exact","First FGM","Team","Exact","Home/Away","Favorite/Underdog",0.401,149,0.3846,160,0.0164,0.0133,0.6668,0.5209375,2026-05-27 15:21:24.354209,4,"PHX two point field goal","Loss",0.6668,-0.6668,0.5209375,-0.5209375,"First Team Exact_PHX two point field goal_2026-05-27"
2026-05-27,"FanDuel","TOR @ CHI","1022600050","First Basket","First Points","Player","Game","Home/Away","Favorite/Underdog",0.0876,1042,0.0769,1200,0.0106,0.0058,0.5759,0.488050847457627,2026-05-27 22:21:21.303968,1,"Jacy Sheldon","Loss",0.5759,-0.5759,0.488050847457627,-0.488050847457627,"First Basket_Jacy Sheldon_2026-05-27"
2026-05-27,"Draft Kings","TOR @ CHI","1022600050","First Basket","First Points","Player","Game","Home/Away","Favorite/Underdog",0.0977,923,0.0704,1320,0.0273,0.0147,1.4678,1.24389830508475,2026-05-27 12:21:39.491184,1,"Laura Juskaite","Loss",1.4678,-1.4678,1.24389830508475,-1.24389830508475,"First Basket_Laura Juskaite_2026-05-27"
2026-05-27,"FanDuel","TOR @ CHI","1022600050","First Basket","First Points","Player","Game","Home/Away","Favorite/Underdog",0.0977,923,0.0625,1500,0.0352,0.0188,1.878,1.59152542372881,2026-05-27 13:21:23.301422,3,"Laura Juskaite","Loss",0.4102,-0.4102,0.34762711864406,-0.34762711864406,"First Basket_Laura Juskaite_2026-05-27"
2026-05-27,"Draft Kings","TOR @ CHI","1022600050","First Basket","First Points","Player","Game","Home/Away","Favorite/Underdog",0.0846,1083,0.0725,1280,0.0121,0.0065,0.6516,0.552203389830508,2026-05-27 23:21:20.919254,1,"Nyara Sabally","Loss",0.6516,-0.6516,0.552203389830508,-0.552203389830508,"First Basket_Nyara Sabally_2026-05-27"
2026-05-27,"Draft Kings","TOR @ CHI","1022600050","First Basket","First Points","Player","Game","Home/Away","Favorite/Underdog",0.0846,1083,0.0714,1300,0.0131,0.0071,0.7067,0.598898305084746,2026-05-27 23:51:20.407868,2,"Nyara Sabally","Loss",0.0551,-0.0551,0.046694915254238,-0.046694915254238,"First Basket_Nyara Sabally_2026-05-27"
2026-05-27,"FanDuel","TOR @ CHI","1022600050","First Basket by Team","First Points","Player","Team","Home/Away","Favorite/Underdog",0.1636,511,0.125,700,0.0386,0.022,2.2044,1.03009345794393,2026-05-27 22:21:21.447175,16,"Jacy Sheldon","Loss",0.4596,-0.4596,0.214766355140192,-0.214766355140192,"First Basket by Team_Jacy Sheldon_2026-05-27"
2026-05-27,"FanDuel","TOR @ CHI","1022600050","First Basket by Team","First Points","Player","Team","Home/Away","Favorite/Underdog",0.1636,511,0.1333,650,0.0302,0.0174,1.7448,0.815327102803738,2026-05-27 20:21:22.444346,12,"Jacy Sheldon","Loss",0.5362,-0.5362,0.250560747663551,-0.250560747663551,"First Basket by Team_Jacy Sheldon_2026-05-27"
2026-05-27,"FanDuel","TOR @ CHI","1022600050","First Basket by Team","First Points","Player","Team","Home/Away","Favorite/Underdog",0.1636,511,0.1429,600,0.0207,0.0121,1.2086,0.564766355140187,2026-05-27 14:51:23.113273,1,"Jacy Sheldon","Loss",1.2086,-1.2086,0.564766355140187,-0.564766355140187,"First Basket by Team_Jacy Sheldon_2026-05-27"
2026-05-27,"FanDuel","TOR @ CHI","1022600050","First Basket by Team","First Points","Player","Team","Home/Away","Favorite/Underdog",0.2106,375,0.1667,500,0.0439,0.0264,2.6359,1.23172897196262,2026-05-27 12:21:39.625728,1,"Laura Juskaite","Loss",2.6359,-2.6359,1.23172897196262,-1.23172897196262,"First Basket by Team_Laura Juskaite_2026-05-27"
2026-05-27,"FanDuel","TOR @ CHI","1022600050","First Basket by Team","First Points","Player","Team","Home/Away","Favorite/Underdog",0.178,462,0.1667,500,0.0113,0.0068,0.6783,0.31696261682243,2026-05-27 22:21:21.447175,1,"Natasha Cloud","Loss",0.6783,-0.6783,0.31696261682243,-0.31696261682243,"First Basket by Team_Natasha Cloud_2026-05-27"
2026-05-27,"FanDuel","TOR @ CHI","1022600050","First Basket by Team","First Points","Player","Team","Home/Away","Favorite/Underdog",0.2074,382,0.1695,490,0.0379,0.0228,2.2845,1.06752336448598,2026-05-27 13:51:23.734905,4,"Skylar Diggins","Loss",0.7189,-0.7189,0.335934579439251,-0.335934579439251,"First Basket by Team_Skylar Diggins_2026-05-27"
2026-05-27,"FanDuel","TOR @ CHI","1022600050","First Basket by Team","First Points","Player","Team","Home/Away","Favorite/Underdog",0.2074,382,0.1818,450,0.0256,0.0157,1.5656,0.731588785046729,2026-05-27 13:21:23.435724,3,"Skylar Diggins","Loss",0.2001,-0.2001,0.093504672897196,-0.093504672897196,"First Basket by Team_Skylar Diggins_2026-05-27"
2026-05-27,"FanDuel","TOR @ CHI","1022600050","First Basket by Team","First Points","Player","Team","Home/Away","Favorite/Underdog",0.2074,382,0.1852,440,0.0223,0.0137,1.3655,0.638084112149533,2026-05-27 12:21:39.625728,1,"Skylar Diggins","Loss",1.3655,-1.3655,0.638084112149533,-0.638084112149533,"First Basket by Team_Skylar Diggins_2026-05-27"
2026-05-27,"FanDuel","TOR @ CHI","1022600050","First Team","First Points","Team","Quarter","Home/Away","Favorite/Underdog",0.464,116,0.4237,136,0.0402,0.0349,1.7459,1.1337012987013,2026-05-27 12:21:39.772199,1,"1Q TOR","Loss",1.7459,-1.7459,1.1337012987013,-1.1337012987013,"First Team_1Q TOR_2026-05-27"
2026-05-27,"Draft Kings","TOR @ CHI","1022600050","First Team Exact","First FGM","Team","Exact","Home/Away","Favorite/Underdog",0.3544,182,0.3077,225,0.0467,0.0338,1.6879,1.318671875,2026-05-27 20:21:22.653943,14,"TOR two point field goal","Loss",1.6879,-1.6879,1.318671875,-1.318671875,"First Team Exact_TOR two point field goal_2026-05-27"
2026-05-27,"FanDuel","WAS @ SEA","1022600053","First Basket","First Points","Player","Game","Home/Away","Favorite/Underdog",0.079,1167,0.0667,1400,0.0123,0.0066,0.6582,0.557796610169492,2026-05-27 12:21:39.491184,1,"Georgia Amoore","Loss",0.6582,-0.6582,0.557796610169492,-0.557796610169492,"First Basket_Georgia Amoore_2026-05-27"
2026-05-27,"FanDuel","WAS @ SEA","1022600053","First Basket","First Points","Player","Game","Home/Away","Favorite/Underdog",0.079,1167,0.0625,1500,0.0165,0.0088,0.8775,0.74364406779661,2026-05-27 22:21:21.303968,10,"Georgia Amoore","Loss",0.2193,-0.2193,0.185847457627118,-0.185847457627118,"First Basket_Georgia Amoore_2026-05-27"
2026-05-27,"BetRivers","WAS @ SEA","1022600053","First Basket","First FGM","Player","Game","Home/Away","Favorite/Underdog",0.0941,963,0.0625,1500,0.0316,0.0168,1.684,1.4271186440678,2026-05-27 17:51:23.200766,7,"Jordan Horston","Loss",0.2977,-0.2977,0.25228813559322,-0.25228813559322,"First Basket_Jordan Horston_2026-05-27"
2026-05-27,"FanDuel","WAS @ SEA","1022600053","First Basket","First Points","Player","Game","Home/Away","Favorite/Underdog",0.0849,1078,0.0588,1600,0.0261,0.0139,1.3863,1.17483050847458,2026-05-27 16:21:23.109529,4,"Jordan Horston","Loss",0.1906,-0.1906,0.16152542372882,-0.16152542372882,"First Basket_Jordan Horston_2026-05-27"
2026-05-27,"FanDuel","WAS @ SEA","1022600053","First Basket","First Points","Player","Game","Home/Away","Favorite/Underdog",0.0849,1078,0.0625,1500,0.0224,0.012,1.1957,1.01330508474576,2026-05-27 14:51:22.973779,1,"Jordan Horston","Loss",1.1957,-1.1957,1.01330508474576,-1.01330508474576,"First Basket_Jordan Horston_2026-05-27"
2026-05-27,"Draft Kings","WAS @ SEA","1022600053","First Basket","First Points","Player","Game","Home/Away","Favorite/Underdog",0.1471,580,0.1205,730,0.0267,0.0152,1.5158,1.28457627118644,2026-05-27 12:21:39.491184,1,"Kiki Iriafen","Loss",1.5158,-1.5158,1.28457627118644,-1.28457627118644,"First Basket_Kiki Iriafen_2026-05-27"
2026-05-27,"FanDuel","WAS @ SEA","1022600053","First Basket","First Points","Player","Game","Home/Away","Favorite/Underdog",0.1471,580,0.1176,750,0.0295,0.0167,1.6716,1.41661016949153,2026-05-27 12:54:27.256173,2,"Kiki Iriafen","Loss",0.1558,-0.1558,0.13203389830509,-0.13203389830509,"First Basket_Kiki Iriafen_2026-05-27"
2026-05-27,"Draft Kings","WAS @ SEA","1022600053","First Basket","First Points","Player","Game","Home/Away","Favorite/Underdog",0.0903,1008,0.0704,1320,0.0199,0.0107,1.0681,0.905169491525424,2026-05-27 12:21:39.491184,1,"Michaela Onyenwere","Loss",1.0681,-1.0681,0.905169491525424,-0.905169491525424,"First Basket_Michaela Onyenwere_2026-05-27"
2026-05-27,"Draft Kings","WAS @ SEA","1022600053","First Basket","First Points","Player","Game","Home/Away","Favorite/Underdog",0.0903,1008,0.0694,1340,0.0208,0.0112,1.1196,0.948813559322034,2026-05-27 12:54:27.256173,2,"Michaela Onyenwere","Loss",0.0514999999999999,-0.0514999999999999,0.04364406779661,-0.04364406779661,"First Basket_Michaela Onyenwere_2026-05-27"
2026-05-27,"FanDuel","WAS @ SEA","1022600053","First Basket Exact","First Points","Player","Exact","Home/Away","Favorite/Underdog",0.0438,2181,0.0323,3000,0.0116,0.006,0.5988,0.893731343283582,2026-05-27 12:21:39.719797,1,"Kiki Iriafen other","Loss",0.5988,-0.5988,0.893731343283582,-0.893731343283582,"First Basket Exact_Kiki Iriafen other_2026-05-27"
2026-05-27,"FanDuel","WAS @ SEA","1022600053","First Basket by Team","First Points","Player","Team","Home/Away","Favorite/Underdog",0.1449,590,0.125,700,0.0199,0.0114,1.1373,0.531448598130841,2026-05-27 12:21:39.625728,1,"Georgia Amoore","Loss",1.1373,-1.1373,0.531448598130841,-0.531448598130841,"First Basket by Team_Georgia Amoore_2026-05-27"
2026-05-27,"FanDuel","WAS @ SEA","1022600053","First Basket by Team","First Points","Player","Team","Home/Away","Favorite/Underdog",0.1449,590,0.1111,800,0.0338,0.019,1.9008,0.888224299065421,2026-05-27 22:21:21.447175,21,"Georgia Amoore","Loss",0.7635,-0.7635,0.35677570093458,-0.35677570093458,"First Basket by Team_Georgia Amoore_2026-05-27"
2026-05-27,"FanDuel","WAS @ SEA","1022600053","First Basket by Team","First Points","Player","Team","Home/Away","Favorite/Underdog",0.1866,436,0.125,700,0.0616,0.0352,3.5189,1.64434579439252,2026-05-27 16:21:23.24839,9,"Jordan Horston","Loss",0.4469,-0.4469,0.20883177570093,-0.20883177570093,"First Basket by Team_Jordan Horston_2026-05-27"
2026-05-27,"FanDuel","WAS @ SEA","1022600053","First Basket by Team","First Points","Player","Team","Home/Away","Favorite/Underdog",0.1866,436,0.1333,650,0.0532,0.0307,3.072,1.43551401869159,2026-05-27 14:51:23.113273,6,"Jordan Horston","Loss",1.9082,-1.9082,0.891682242990655,-0.891682242990655,"First Basket by Team_Jordan Horston_2026-05-27"
2026-05-27,"FanDuel","WAS @ SEA","1022600053","First Basket by Team","First Points","Player","Team","Home/Away","Favorite/Underdog",0.1866,436,0.1724,480,0.0142,0.0086,0.8559,0.399953271028037,2026-05-27 12:54:27.39021,2,"Jordan Horston","Loss",0.2144,-0.2144,0.10018691588785,-0.10018691588785,"First Basket by Team_Jordan Horston_2026-05-27"
2026-05-27,"Fanatics","WAS @ SEA","1022600053","First Basket by Team","First FGM","Player","Team","Home/Away","Favorite/Underdog",0.2009,398,0.1818,450,0.019,0.0116,1.1638,0.543831775700935,2026-05-27 13:21:23.435724,3,"Jordan Horston","Loss",0.3079,-0.3079,0.143878504672898,-0.143878504672898,"First Basket by Team_Jordan Horston_2026-05-27"
2026-05-27,"Fanatics","WAS @ SEA","1022600053","First Basket by Team","First FGM","Player","Team","Home/Away","Favorite/Underdog",0.2009,398,0.1905,425,0.0104,0.0064,0.6415,0.299766355140187,2026-05-27 12:21:39.625728,1,"Jordan Horston","Loss",0.6415,-0.6415,0.299766355140187,-0.299766355140187,"First Basket by Team_Jordan Horston_2026-05-27"
2026-05-27,"FanDuel","WAS @ SEA","1022600053","First Basket by Team","First Points","Player","Team","Home/Away","Favorite/Underdog",0.2701,270,0.2128,370,0.0573,0.0364,3.6389,1.70042056074766,2026-05-27 13:21:23.435724,3,"Kiki Iriafen","Loss",0.274,-0.274,0.12803738317757,-0.12803738317757,"First Basket by Team_Kiki Iriafen_2026-05-27"
2026-05-27,"FanDuel","WAS @ SEA","1022600053","First Basket by Team","First Points","Player","Team","Home/Away","Favorite/Underdog",0.2701,270,0.2174,360,0.0527,0.0336,3.3649,1.57238317757009,2026-05-27 12:54:27.39021,2,"Kiki Iriafen","Loss",0.2897,-0.2897,0.1353738317757,-0.1353738317757,"First Basket by Team_Kiki Iriafen_2026-05-27"
2026-05-27,"FanDuel","WAS @ SEA","1022600053","First Basket by Team","First Points","Player","Team","Home/Away","Favorite/Underdog",0.2701,270,0.2222,350,0.0478,0.0308,3.0752,1.43700934579439,2026-05-27 12:21:39.625728,1,"Kiki Iriafen","Loss",3.0752,-3.0752,1.43700934579439,-1.43700934579439,"First Basket by Team_Kiki Iriafen_2026-05-27"
2026-05-27,"Fanatics","WAS @ SEA","1022600053","First Basket by Team","First FGM","Player","Team","Home/Away","Favorite/Underdog",0.1671,498,0.1429,600,0.0243,0.0142,1.4158,0.661588785046729,2026-05-27 12:21:39.625728,1,"Michaela Onyenwere","Loss",1.4158,-1.4158,0.661588785046729,-0.661588785046729,"First Basket by Team_Michaela Onyenwere_2026-05-27"
2026-05-27,"FanDuel","WAS @ SEA","1022600053","First Basket by Team","First Points","Player","Team","Home/Away","Favorite/Underdog",0.1657,504,0.1333,650,0.0324,0.0187,1.8669,0.872383177570093,2026-05-27 12:54:27.39021,2,"Michaela Onyenwere","Loss",0.4511,-0.4511,0.210794392523364,-0.210794392523364,"First Basket by Team_Michaela Onyenwere_2026-05-27"
2026-05-28,"Draft Kings","IND @ GSV","1022600055","First Basket","First Points","Player","Game","Home/Away","Favorite/Underdog",0.0714,1300,0.0602,1560,0.0112,0.0059,0.594,0.503389830508475,2026-05-28 12:21:55.154944,1,"Kiah Stokes","Loss",0.594,-0.594,0.503389830508475,-0.503389830508475,"First Basket_Kiah Stokes_2026-05-28"
2026-05-28,"FanDuel","IND @ GSV","1022600055","First Basket","First Points","Player","Game","Home/Away","Favorite/Underdog",0.0884,1031,0.0385,2500,0.05,0.026,2.5986,2.20220338983051,2026-05-28 15:21:23.484683,7,"Lexie Hull","Loss",0.4558,-0.4558,0.38627118644068,-0.38627118644068,"First Basket_Lexie Hull_2026-05-28"
2026-05-28,"FanDuel","IND @ GSV","1022600055","First Basket","First Points","Player","Game","Home/Away","Favorite/Underdog",0.0884,1031,0.0476,2000,0.0408,0.0214,2.1428,1.81593220338983,2026-05-28 14:21:24.696754,5,"Lexie Hull","Loss",0.1199,-0.1199,0.10161016949152,-0.10161016949152,"First Basket_Lexie Hull_2026-05-28"
2026-05-28,"FanDuel","IND @ GSV","1022600055","First Basket","First Points","Player","Game","Home/Away","Favorite/Underdog",0.0884,1031,0.05,1900,0.0384,0.0202,2.0229,1.71432203389831,2026-05-28 12:21:55.154944,1,"Lexie Hull","Loss",2.0229,-2.0229,1.71432203389831,-1.71432203389831,"First Basket_Lexie Hull_2026-05-28"
2026-05-28,"FanDuel","IND @ GSV","1022600055","First Basket","First Points","Player","Game","Home/Away","Favorite/Underdog",0.096,941,0.0556,1700,0.0405,0.0214,2.1432,1.81627118644068,2026-05-28 17:51:23.338572,8,"Monique Billings","Win",0.1662,2.8254,0.14084745762712,2.39440677966104,"First Basket_Monique Billings_2026-05-28"
2026-05-28,"FanDuel","IND @ GSV","1022600055","First Basket","First Points","Player","Game","Home/Away","Favorite/Underdog",0.096,941,0.0588,1600,0.0372,0.0198,1.977,1.67542372881356,2026-05-28 15:51:25.463665,4,"Monique Billings","Win",0.6519,10.4304,0.55245762711864,8.83932203389824,"First Basket_Monique Billings_2026-05-28"
2026-05-28,"FanDuel","IND @ GSV","1022600055","First Basket","First Points","Player","Game","Home/Away","Favorite/Underdog",0.096,941,0.0714,1300,0.0246,0.0133,1.3251,1.12296610169492,2026-05-28 15:21:23.484683,3,"Monique Billings","Win",0.6321,8.2173,0.5356779661017,6.9638135593221,"First Basket_Monique Billings_2026-05-28"
2026-05-28,"FanDuel","IND @ GSV","1022600055","First Basket","First Points","Player","Game","Home/Away","Favorite/Underdog",0.096,941,0.0833,1100,0.0127,0.0069,0.693,0.58728813559322,2026-05-28 13:21:23.424716,1,"Monique Billings","Win",0.693,7.623,0.58728813559322,6.46016949152542,"First Basket_Monique Billings_2026-05-28"
2026-05-28,"FanDuel","IND @ GSV","1022600055","First Basket Exact","First Points","Player","Exact","Home/Away","Favorite/Underdog",0.0315,3078,0.0196,5000,0.0119,0.006,0.6047,0.902537313432836,2026-05-28 14:21:24.892181,1,"Lexie Hull layup","Loss",0.6047,-0.6047,0.902537313432836,-0.902537313432836,"First Basket Exact_Lexie Hull layup_2026-05-28"
2026-05-28,"FanDuel","IND @ GSV","1022600055","First Basket by Team","First Points","Player","Team","Home/Away","Favorite/Underdog",0.1557,542,0.1333,650,0.0223,0.0129,1.2878,0.601775700934579,2026-05-28 12:21:55.282599,1,"Kiah Stokes","Loss",1.2878,-1.2878,0.601775700934579,-0.601775700934579,"First Basket by Team_Kiah Stokes_2026-05-28"
2026-05-28,"FanDuel","IND @ GSV","1022600055","First Basket by Team","First Points","Player","Team","Home/Away","Favorite/Underdog",0.1634,512,0.0667,1400,0.0967,0.0518,5.1814,2.42121495327103,2026-05-28 15:21:23.613221,7,"Lexie Hull","Loss",0.8149,-0.8149,0.38079439252337,-0.38079439252337,"First Basket by Team_Lexie Hull_2026-05-28"
2026-05-28,"FanDuel","IND @ GSV","1022600055","First Basket by Team","First Points","Player","Team","Home/Away","Favorite/Underdog",0.1634,512,0.0833,1100,0.0801,0.0437,4.3665,2.04042056074766,2026-05-28 14:21:24.823469,5,"Lexie Hull","Loss",0.3803,-0.3803,0.17771028037383,-0.17771028037383,"First Basket by Team_Lexie Hull_2026-05-28"
2026-05-28,"FanDuel","IND @ GSV","1022600055","First Basket by Team","First Points","Player","Team","Home/Away","Favorite/Underdog",0.1634,512,0.0909,1000,0.0725,0.0399,3.9862,1.86271028037383,2026-05-28 12:21:55.282599,1,"Lexie Hull","Loss",3.9862,-3.9862,1.86271028037383,-1.86271028037383,"First Basket by Team_Lexie Hull_2026-05-28"
2026-05-28,"Draft Kings","IND @ GSV","1022600055","First Basket by Team","First Points","Player","Team","Home/Away","Favorite/Underdog",0.1774,464,0.1538,550,0.026,0.0154,1.5366,0.71803738317757,2026-05-28 14:51:24.382045,6,"Monique Billings","Win",0.1427,0.78485,0.0666822429906541,0.366752336448597,"First Basket by Team_Monique Billings_2026-05-28"
2026-05-28,"FanDuel","IND @ GSV","1022600055","First Basket by Team","First Points","Player","Team","Home/Away","Favorite/Underdog",0.1774,464,0.1053,850,0.0722,0.0403,4.0331,1.8846261682243,2026-05-28 15:51:25.59307,8,"Monique Billings","Win",1.4888,12.6548,0.69570093457944,5.91345794392524,"First Basket by Team_Monique Billings_2026-05-28"
2026-05-28,"FanDuel","IND @ GSV","1022600055","First Basket by Team","First Points","Player","Team","Home/Away","Favorite/Underdog",0.1774,464,0.1333,650,0.0441,0.0254,2.5443,1.18892523364486,2026-05-28 15:21:23.613221,7,"Monique Billings","Win",1.0077,6.55005,0.47088785046729,3.06077102803738,"First Basket by Team_Monique Billings_2026-05-28"
2026-05-28,"FanDuel","IND @ GSV","1022600055","First Basket by Team","First Points","Player","Team","Home/Away","Favorite/Underdog",0.1774,464,0.1538,550,0.0236,0.0139,1.3939,0.651355140186916,2026-05-28 13:21:23.551664,3,"Monique Billings","Win",0.6029,3.31595,0.281728971962617,1.54950934579439,"First Basket by Team_Monique Billings_2026-05-28"
2026-05-28,"Fanatics","IND @ GSV","1022600055","First Basket by Team","First FGM","Player","Team","Home/Away","Favorite/Underdog",0.1798,456,0.1667,500,0.0132,0.0079,0.791,0.369626168224299,2026-05-28 12:21:55.282599,1,"Monique Billings","Win",0.791,3.955,0.369626168224299,1.8481308411215,"First Basket by Team_Monique Billings_2026-05-28"
2026-05-28,"Draft Kings","LVA @ DAL","1022600054","First Basket","First Points","Player","Game","Home/Away","Favorite/Underdog",0.0742,1247,0.0633,1480,0.0109,0.0058,0.5836,0.494576271186441,2026-05-28 21:21:23.425808,1,"Chelsea Gray","Loss",0.5836,-0.5836,0.494576271186441,-0.494576271186441,"First Basket_Chelsea Gray_2026-05-28"
2026-05-28,"Draft Kings","LVA @ DAL","1022600054","First Basket Type","First FGM","Game","Exact","Home/Away","Favorite/Underdog",0.2408,315,0.2174,360,0.0234,0.015,0.7487,0.584921875,2026-05-28 23:51:19.073232,20,"LVA @ DAL three point field goal","Win",0.7487,2.69532,0.584921875,2.10571875,"First Basket Type_LVA @ DAL three point field goal_2026-05-28"
2026-05-28,"Draft Kings","LVA @ DAL","1022600054","First Basket by Team","First Points","Player","Team","Home/Away","Favorite/Underdog",0.1772,464,0.1905,425,0.0118,0.0073,0.7261,0.339299065420561,2026-05-28 23:51:18.841214,1,"Arike Ogunbowale","Loss",0.7261,-0.7261,0.339299065420561,-0.339299065420561,"First Basket by Team_Arike Ogunbowale_2026-05-28"
2026-05-28,"Fanatics","LVA @ DAL","1022600054","First Basket by Team","First FGM","Player","Team","Home/Away","Favorite/Underdog",0.1547,546,0.1429,600,0.0119,0.0069,0.6936,0.32411214953271,2026-05-28 15:21:23.613221,1,"Chelsea Gray","Win",0.6936,4.1616,0.32411214953271,1.94467289719626,"First Basket by Team_Chelsea Gray_2026-05-28"
2026-05-28,"Fanatics","LVA @ DAL","1022600054","First Basket by Team","First FGM","Player","Team","Home/Away","Favorite/Underdog",0.1547,546,0.1333,650,0.0214,0.0124,1.2354,0.577289719626168,2026-05-28 18:21:24.493286,2,"Chelsea Gray","Win",0.5418,3.5217,0.253177570093458,1.64565420560748,"First Basket by Team_Chelsea Gray_2026-05-28"
2026-05-28,"FanDuel","LVA @ DAL","1022600054","First Basket by Team","First Points","Player","Team","Home/Away","Favorite/Underdog",0.122,720,0.1053,850,0.0167,0.0093,0.9342,0.436542056074766,2026-05-28 15:21:23.613221,1,"Stephanie Talbot","Loss",0.9342,-0.9342,0.436542056074766,-0.436542056074766,"First Basket by Team_Stephanie Talbot_2026-05-28"
2026-05-28,"FanDuel","LVA @ DAL","1022600054","First Basket by Team","First Points","Player","Team","Home/Away","Favorite/Underdog",0.122,720,0.1,900,0.022,0.0122,1.2212,0.570654205607477,2026-05-28 16:51:23.43822,4,"Stephanie Talbot","Loss",0.287,-0.287,0.134112149532711,-0.134112149532711,"First Basket by Team_Stephanie Talbot_2026-05-28"
2026-05-29,"FanDuel","ATL @ PDX","1022600059","First Basket","First Points","Player","Game","Home/Away","Favorite/Underdog",0.0933,971,0.0714,1300,0.0219,0.0118,1.1802,1.00016949152542,2026-05-29 12:21:50.895334,1,"Jordin Canada","Loss",1.1802,-1.1802,1.00016949152542,-1.00016949152542,"First Basket_Jordin Canada_2026-05-29"
2026-05-29,"FanDuel","ATL @ PDX","1022600059","First Basket","First Points","Player","Game","Home/Away","Favorite/Underdog",0.0932,973,0.0667,1400,0.0266,0.0142,1.4225,1.20550847457627,2026-05-29 18:51:23.705051,14,"Jordin Canada","Loss",0.2423,-0.2423,0.20533898305085,-0.20533898305085,"First Basket_Jordin Canada_2026-05-29"
2026-05-29,"FanDuel","ATL @ PDX","1022600059","First Basket","First Points","Player","Game","Home/Away","Favorite/Underdog",0.0899,1013,0.0714,1300,0.0184,0.0099,0.9922,0.840847457627119,2026-05-29 12:21:50.895334,1,"Naz Hillmon","Win",0.9922,12.8986,0.840847457627119,10.9310169491525,"First Basket_Naz Hillmon_2026-05-29"
2026-05-29,"FanDuel","ATL @ PDX","1022600059","First Basket","First Points","Player","Game","Home/Away","Favorite/Underdog",0.0897,1014,0.0667,1400,0.0231,0.0124,1.2357,1.04720338983051,2026-05-29 16:51:23.284817,10,"Naz Hillmon","Win",0.2435,3.409,0.206355932203391,2.88898305084747,"First Basket_Naz Hillmon_2026-05-29"
2026-05-29,"FanDuel","ATL @ PDX","1022600059","First Basket by Team","First Points","Player","Team","Home/Away","Favorite/Underdog",0.215,365,0.2041,390,0.0109,0.0069,0.6867,0.32088785046729,2026-05-29 19:21:22.406924,1,"Allisha Gray","Loss",0.6867,-0.6867,0.32088785046729,-0.32088785046729,"First Basket by Team_Allisha Gray_2026-05-29"
2026-05-29,"FanDuel","ATL @ PDX","1022600059","First Basket by Team","First Points","Player","Team","Home/Away","Favorite/Underdog",0.215,365,0.2,400,0.015,0.0094,0.9383,0.438457943925234,2026-05-29 21:51:24.025704,6,"Allisha Gray","Loss",0.2516,-0.2516,0.117570093457944,-0.117570093457944,"First Basket by Team_Allisha Gray_2026-05-29"
2026-05-29,"FanDuel","ATL @ PDX","1022600059","First Basket by Team","First Points","Player","Team","Home/Away","Favorite/Underdog",0.1679,496,0.125,700,0.0429,0.0245,2.4516,1.14560747663551,2026-05-29 12:21:51.027993,1,"Jordin Canada","Loss",2.4516,-2.4516,1.14560747663551,-1.14560747663551,"First Basket by Team_Jordin Canada_2026-05-29"
2026-05-29,"FanDuel","ATL @ PDX","1022600059","First Basket by Team","First Points","Player","Team","Home/Away","Favorite/Underdog",0.1616,519,0.125,700,0.0366,0.0209,2.0928,0.977943925233645,2026-05-29 12:21:51.027993,1,"Naz Hillmon","Win",2.0928,14.6496,0.977943925233645,6.84560747663552,"First Basket by Team_Naz Hillmon_2026-05-29"
2026-05-29,"FanDuel","ATL @ PDX","1022600059","First Basket by Team","First Points","Player","Team","Home/Away","Favorite/Underdog",0.1962,410,0.1818,450,0.0143,0.0088,0.876,0.409345794392523,2026-05-29 12:21:51.027993,1,"Nyadiew Puoch","Loss",0.876,-0.876,0.409345794392523,-0.409345794392523,"First Basket by Team_Nyadiew Puoch_2026-05-29"
2026-05-29,"FanDuel","ATL @ PDX","1022600059","First Basket by Team","First Points","Player","Team","Home/Away","Favorite/Underdog",0.1962,410,0.1754,470,0.0207,0.0126,1.2561,0.58696261682243,2026-05-29 18:21:22.129895,13,"Nyadiew Puoch","Loss",0.3801,-0.3801,0.177616822429907,-0.177616822429907,"First Basket by Team_Nyadiew Puoch_2026-05-29"
2026-05-29,"FanDuel","LAS @ WAS","1022600057","First Basket","First Points","Player","Game","Home/Away","Favorite/Underdog",0.0876,1041,0.0667,1400,0.021,0.0112,1.123,0.951694915254237,2026-05-29 12:21:50.895334,1,"Ariel Atkins","Loss",1.123,-1.123,0.951694915254237,-0.951694915254237,"First Basket_Ariel Atkins_2026-05-29"
2026-05-29,"FanDuel","LAS @ WAS","1022600057","First Basket","First Points","Player","Game","Home/Away","Favorite/Underdog",0.0788,1169,0.0625,1500,0.0163,0.0087,0.8699,0.737203389830508,2026-05-29 12:21:50.895334,1,"Erica Wheeler","Loss",0.8699,-0.8699,0.737203389830508,-0.737203389830508,"First Basket_Erica Wheeler_2026-05-29"
2026-05-29,"FanDuel","LAS @ WAS","1022600057","First Basket","First Points","Player","Game","Home/Away","Favorite/Underdog",0.0695,1339,0.0588,1600,0.0107,0.0057,0.5667,0.480254237288136,2026-05-29 21:51:23.890303,1,"Georgia Amoore","Loss",0.5667,-0.5667,0.480254237288136,-0.480254237288136,"First Basket_Georgia Amoore_2026-05-29"
2026-05-29,"Caesars","LAS @ WAS","1022600057","First Basket","First Points","Player","Game","Home/Away","Favorite/Underdog",0.0935,970,0.0833,1100,0.0101,0.0055,0.5535,0.46906779661017,2026-05-29 12:21:50.895334,1,"Rae Burrell","Loss",0.1845,-0.1845,0.15635593220339,-0.15635593220339,"First Basket_Rae Burrell_2026-05-29"
2026-05-29,"Draft Kings","LAS @ WAS","1022600057","First Basket","First Points","Player","Game","Home/Away","Favorite/Underdog",0.0935,970,0.0833,1100,0.0101,0.0055,0.5535,0.46906779661017,2026-05-29 12:21:50.895334,1,"Rae Burrell","Loss",0.1845,-0.1845,0.15635593220339,-0.15635593220339,"First Basket_Rae Burrell_2026-05-29"
2026-05-29,"FanDuel","LAS @ WAS","1022600057","First Basket","First Points","Player","Game","Home/Away","Favorite/Underdog",0.0935,970,0.0714,1300,0.0221,0.0119,1.1874,1.00627118644068,2026-05-29 15:21:25.374516,7,"Rae Burrell","Loss",0.2905,-0.2905,0.246186440677968,-0.246186440677968,"First Basket_Rae Burrell_2026-05-29"
2026-05-29,"FanDuel","LAS @ WAS","1022600057","First Basket","First Points","Player","Game","Home/Away","Favorite/Underdog",0.0935,970,0.0769,1200,0.0166,0.009,0.8969,0.760084745762712,2026-05-29 13:21:22.625587,3,"Rae Burrell","Loss",0.3434,-0.3434,0.291016949152542,-0.291016949152542,"First Basket_Rae Burrell_2026-05-29"
2026-05-29,"FanDuel","LAS @ WAS","1022600057","First Basket","First Points","Player","Game","Home/Away","Favorite/Underdog",0.0935,970,0.0833,1100,0.0101,0.0055,0.5535,0.46906779661017,2026-05-29 12:21:50.895334,1,"Rae Burrell","Loss",0.1845,-0.1845,0.15635593220339,-0.15635593220339,"First Basket_Rae Burrell_2026-05-29"
2026-05-29,"FanDuel","LAS @ WAS","1022600057","First Basket by Team","First Points","Player","Team","Home/Away","Favorite/Underdog",0.1786,460,0.1538,550,0.0248,0.0146,1.4632,0.683738317757009,2026-05-29 12:21:51.027993,1,"Ariel Atkins","Loss",1.4632,-1.4632,0.683738317757009,-0.683738317757009,"First Basket by Team_Ariel Atkins_2026-05-29"
2026-05-29,"FanDuel","LAS @ WAS","1022600057","First Basket by Team","First Points","Player","Team","Home/Away","Favorite/Underdog",0.1786,460,0.1429,600,0.0358,0.0209,2.0855,0.974532710280374,2026-05-29 13:21:22.757308,3,"Ariel Atkins","Loss",0.6223,-0.6223,0.290794392523365,-0.290794392523365,"First Basket by Team_Ariel Atkins_2026-05-29"
2026-05-29,"FanDuel","LAS @ WAS","1022600057","First Basket by Team","First Points","Player","Team","Home/Away","Favorite/Underdog",0.1606,523,0.1333,650,0.0273,0.0157,1.575,0.735981308411215,2026-05-29 12:21:51.027993,1,"Erica Wheeler","Win",1.575,10.2375,0.735981308411215,4.7838785046729,"First Basket by Team_Erica Wheeler_2026-05-29"
2026-05-29,"Fanatics","LAS @ WAS","1022600057","First Basket by Team","First FGM","Player","Team","Home/Away","Favorite/Underdog",0.1414,607,0.125,700,0.0164,0.0094,0.9376,0.438130841121495,2026-05-29 12:21:51.027993,1,"Georgia Amoore","Loss",0.9376,-0.9376,0.438130841121495,-0.438130841121495,"First Basket by Team_Georgia Amoore_2026-05-29"
2026-05-29,"FanDuel","LAS @ WAS","1022600057","First Basket by Team","First Points","Player","Team","Home/Away","Favorite/Underdog",0.1364,633,0.1111,800,0.0253,0.0142,1.4239,0.665373831775701,2026-05-29 18:21:22.129895,9,"Georgia Amoore","Loss",0.4863,-0.4863,0.227242990654206,-0.227242990654206,"First Basket by Team_Georgia Amoore_2026-05-29"
2026-05-29,"FanDuel","LAS @ WAS","1022600057","First Basket by Team","First Points","Player","Team","Home/Away","Favorite/Underdog",0.1905,425,0.1667,500,0.0239,0.0143,1.432,0.669158878504673,2026-05-29 12:21:51.027993,1,"Rae Burrell","Loss",1.432,-1.432,0.669158878504673,-0.669158878504673,"First Basket by Team_Rae Burrell_2026-05-29"
2026-05-29,"FanDuel","LAS @ WAS","1022600057","First Basket by Team","First Points","Player","Team","Home/Away","Favorite/Underdog",0.1905,425,0.1538,550,0.0367,0.0217,2.1679,1.01303738317757,2026-05-29 14:51:23.344472,6,"Rae Burrell","Loss",0.7359,-0.7359,0.343878504672897,-0.343878504672897,"First Basket by Team_Rae Burrell_2026-05-29"
2026-05-29,"FanDuel","MIN @ CHI","1022600058","First Basket","First Points","Player","Game","Home/Away","Favorite/Underdog",0.0973,928,0.0769,1200,0.0204,0.011,1.1046,0.936101694915254,2026-05-29 17:51:22.654161,12,"Courtney Williams","Loss",0.3333,-0.3333,0.282457627118644,-0.282457627118644,"First Basket_Courtney Williams_2026-05-29"
2026-05-29,"FanDuel","MIN @ CHI","1022600058","First Basket","First Points","Player","Game","Home/Away","Favorite/Underdog",0.0975,926,0.0833,1100,0.0141,0.0077,0.7713,0.65364406779661,2026-05-29 15:51:22.61383,8,"Courtney Williams","Loss",0.7713,-0.7713,0.65364406779661,-0.65364406779661,"First Basket_Courtney Williams_2026-05-29"
2026-05-29,"Draft Kings","MIN @ CHI","1022600058","First Basket","First Points","Player","Game","Home/Away","Favorite/Underdog",0.0869,1051,0.0505,1880,0.0364,0.0192,1.9175,1.625,2026-05-29 18:51:23.705051,14,"Jacy Sheldon","Loss",0.2572,-0.2572,0.21796610169492,-0.21796610169492,"First Basket_Jacy Sheldon_2026-05-29"
2026-05-29,"Draft Kings","MIN @ CHI","1022600058","First Basket","First Points","Player","Game","Home/Away","Favorite/Underdog",0.0869,1051,0.0625,1500,0.0244,0.013,1.3023,1.10364406779661,2026-05-29 16:51:23.284817,10,"Jacy Sheldon","Loss",0.0411999999999999,-0.0411999999999999,0.0349152542372899,-0.0349152542372899,"First Basket_Jacy Sheldon_2026-05-29"
2026-05-29,"Draft Kings","MIN @ CHI","1022600058","First Basket","First Points","Player","Game","Home/Away","Favorite/Underdog",0.0869,1051,0.0633,1480,0.0236,0.0126,1.2611,1.06872881355932,2026-05-29 12:21:50.895334,1,"Jacy Sheldon","Loss",1.2611,-1.2611,1.06872881355932,-1.06872881355932,"First Basket_Jacy Sheldon_2026-05-29"
2026-05-29,"FanDuel","MIN @ CHI","1022600058","First Basket","First Points","Player","Game","Home/Away","Favorite/Underdog",0.0869,1051,0.0556,1700,0.0314,0.0166,1.6603,1.40703389830508,2026-05-29 18:21:21.999518,13,"Jacy Sheldon","Loss",0.358,-0.358,0.30338983050847,-0.30338983050847,"First Basket_Jacy Sheldon_2026-05-29"
2026-05-29,"BetRivers","MIN @ CHI","1022600058","First Basket","First FGM","Player","Game","Home/Away","Favorite/Underdog",0.1312,662,0.1176,750,0.0135,0.0077,0.7663,0.649406779661017,2026-05-29 12:21:50.895334,1,"Natasha Howard","Loss",0.7663,-0.7663,0.649406779661017,-0.649406779661017,"First Basket_Natasha Howard_2026-05-29"
2026-05-29,"FanDuel","MIN @ CHI","1022600058","First Basket","First Points","Player","Game","Home/Away","Favorite/Underdog",0.1012,888,0.0909,1000,0.0103,0.0056,0.564,0.477966101694915,2026-05-29 14:51:23.2113,1,"Olivia Miles","Loss",0.564,-0.564,0.477966101694915,-0.477966101694915,"First Basket_Olivia Miles_2026-05-29"
2026-05-29,"Draft Kings","MIN @ CHI","1022600058","First Basket","First Points","Player","Game","Home/Away","Favorite/Underdog",0.1125,789,0.0833,1100,0.0292,0.0159,1.5904,1.34779661016949,2026-05-29 12:21:50.895334,1,"Skylar Diggins","Win",1.5904,17.4944,1.34779661016949,14.8257627118644,"First Basket_Skylar Diggins_2026-05-29"
2026-05-29,"Draft Kings","MIN @ CHI","1022600058","First Basket","First Points","Player","Game","Home/Away","Favorite/Underdog",0.1125,789,0.082,1120,0.0305,0.0166,1.6624,1.40881355932203,2026-05-29 17:51:22.654161,12,"Skylar Diggins","Win",0.0720000000000001,0.806400000000001,0.0610169491525399,0.683389830508446,"First Basket_Skylar Diggins_2026-05-29"
2026-05-29,"FanDuel","MIN @ CHI","1022600058","First Basket by Team","First Points","Player","Team","Home/Away","Favorite/Underdog",0.2088,379,0.1818,450,0.0269,0.0165,1.6464,0.769345794392523,2026-05-29 16:51:23.419719,10,"Courtney Williams","Win",0.1998,0.8991,0.0933644859813081,0.420140186915886,"First Basket by Team_Courtney Williams_2026-05-29"
2026-05-29,"FanDuel","MIN @ CHI","1022600058","First Basket by Team","First Points","Player","Team","Home/Away","Favorite/Underdog",0.2088,379,0.1852,440,0.0236,0.0145,1.4466,0.675981308411215,2026-05-29 15:51:22.748738,8,"Courtney Williams","Win",0.2091,0.92004,0.097710280373832,0.429925233644861,"First Basket by Team_Courtney Williams_2026-05-29"
2026-05-29,"FanDuel","MIN @ CHI","1022600058","First Basket by Team","First Points","Player","Team","Home/Away","Favorite/Underdog",0.2088,379,0.1887,430,0.0201,0.0124,1.2375,0.578271028037383,2026-05-29 12:21:51.027993,1,"Courtney Williams","Win",1.2375,5.32125,0.578271028037383,2.48656542056075,"First Basket by Team_Courtney Williams_2026-05-29"
2026-05-29,"FanDuel","MIN @ CHI","1022600058","First Basket by Team","First Points","Player","Team","Home/Away","Favorite/Underdog",0.1628,514,0.0909,1000,0.0719,0.0395,3.9548,1.84803738317757,2026-05-29 18:21:22.129895,13,"Jacy Sheldon","Loss",1.0095,-1.0095,0.47172897196262,-0.47172897196262,"First Basket by Team_Jacy Sheldon_2026-05-29"
2026-05-29,"FanDuel","MIN @ CHI","1022600058","First Basket by Team","First Points","Player","Team","Home/Away","Favorite/Underdog",0.1628,514,0.1176,750,0.0452,0.0256,2.5595,1.19602803738318,2026-05-29 12:21:51.027993,1,"Jacy Sheldon","Loss",2.5595,-2.5595,1.19602803738318,-1.19602803738318,"First Basket by Team_Jacy Sheldon_2026-05-29"
2026-05-29,"Fanatics","MIN @ CHI","1022600058","First Basket by Team","First FGM","Player","Team","Home/Away","Favorite/Underdog",0.1696,490,0.087,1050,0.0827,0.0453,4.527,2.11542056074766,2026-05-29 22:21:22.481492,21,"Jacy Sheldon","Loss",0.1977,-0.1977,0.0923831775700901,-0.0923831775700901,"First Basket by Team_Jacy Sheldon_2026-05-29"
2026-05-29,"Fanatics","MIN @ CHI","1022600058","First Basket by Team","First FGM","Player","Team","Home/Away","Favorite/Underdog",0.1696,490,0.0909,1000,0.0787,0.0433,4.3293,2.02303738317757,2026-05-29 18:51:23.840261,14,"Jacy Sheldon","Loss",0.3745,-0.3745,0.175,-0.175,"First Basket by Team_Jacy Sheldon_2026-05-29"
2026-05-29,"Fanatics","MIN @ CHI","1022600058","First Basket by Team","First FGM","Player","Team","Home/Away","Favorite/Underdog",0.1696,490,0.1176,750,0.052,0.0295,2.9453,1.37630841121495,2026-05-29 13:21:22.757308,3,"Jacy Sheldon","Loss",0.3858,-0.3858,0.18028037383177,-0.18028037383177,"First Basket by Team_Jacy Sheldon_2026-05-29"
2026-05-29,"FanDuel","MIN @ CHI","1022600058","First Basket by Team","First Points","Player","Team","Home/Away","Favorite/Underdog",0.2107,375,0.1333,650,0.0774,0.0446,4.4646,2.08626168224299,2026-05-29 18:21:22.129895,13,"Skylar Diggins","Win",0.506,3.289,0.23644859813084,1.53691588785046,"First Basket by Team_Skylar Diggins_2026-05-29"
2026-05-29,"FanDuel","MIN @ CHI","1022600058","First Basket by Team","First Points","Player","Team","Home/Away","Favorite/Underdog",0.2107,375,0.1429,600,0.0679,0.0396,3.9586,1.84981308411215,2026-05-29 14:51:23.344472,6,"Skylar Diggins","Win",0.5979,3.5874,0.27939252336449,1.67635514018694,"First Basket by Team_Skylar Diggins_2026-05-29"
2026-05-29,"FanDuel","MIN @ CHI","1022600058","First Basket by Team","First Points","Player","Team","Home/Away","Favorite/Underdog",0.2107,375,0.1538,550,0.0569,0.0336,3.3607,1.57042056074766,2026-05-29 12:21:51.027993,1,"Skylar Diggins","Win",3.3607,18.48385,1.57042056074766,8.63731308411213,"First Basket by Team_Skylar Diggins_2026-05-29"
2026-05-29,"FanDuel","MIN @ CHI","1022600058","First Team","First Points","Team","Quarter","Home/Away","Favorite/Underdog",0.4662,115,0.4237,136,0.0424,0.0368,1.8407,1.19525974025974,2026-05-29 12:21:51.170269,1,"1Q MIN","Loss",1.8407,-1.8407,1.19525974025974,-1.19525974025974,"First Team_1Q MIN_2026-05-29"
2026-05-29,"Fanatics","PHX @ NYL","1022600056","First Basket","First FGM","Player","Game","Home/Away","Favorite/Underdog",0.0862,1060,0.0714,1300,0.0148,0.008,0.7976,0.675932203389831,2026-05-29 18:21:21.999518,1,"Monique Akoa Makani","Loss",0.7976,-0.7976,0.675932203389831,-0.675932203389831,"First Basket_Monique Akoa Makani_2026-05-29"
2026-05-29,"FanDuel","PHX @ NYL","1022600056","First Basket","First Points","Player","Game","Home/Away","Favorite/Underdog",0.0735,1260,0.0556,1700,0.018,0.0095,0.9511,0.806016949152542,2026-05-29 19:51:22.618049,10,"Noemie Brochant","Loss",0.0664999999999999,-0.0664999999999999,0.056355932203389,-0.056355932203389,"First Basket_Noemie Brochant_2026-05-29"
2026-05-29,"FanDuel","PHX @ NYL","1022600056","First Basket","First Points","Player","Game","Home/Away","Favorite/Underdog",0.0735,1260,0.0588,1600,0.0147,0.0078,0.7808,0.661694915254237,2026-05-29 15:51:22.61383,2,"Noemie Brochant","Loss",0.193,-0.193,0.163559322033898,-0.163559322033898,"First Basket_Noemie Brochant_2026-05-29"
2026-05-29,"FanDuel","PHX @ NYL","1022600056","First Basket","First Points","Player","Game","Home/Away","Favorite/Underdog",0.0735,1260,0.0625,1500,0.011,0.0059,0.5878,0.498135593220339,2026-05-29 15:21:25.374516,1,"Noemie Brochant","Loss",0.5878,-0.5878,0.498135593220339,-0.498135593220339,"First Basket_Noemie Brochant_2026-05-29"
2026-05-29,"MGM","PHX @ NYL","1022600056","First Basket","First FGM","Player","Game","Home/Away","Favorite/Underdog",0.0755,1225,0.0588,1600,0.0167,0.0088,0.8846,0.749661016949153,2026-05-29 18:21:21.999518,7,"Noemie Brochant","Loss",0.1038,-0.1038,0.087966101694916,-0.087966101694916,"First Basket_Noemie Brochant_2026-05-29"
2026-05-29,"FanDuel","PHX @ NYL","1022600056","First Basket by Team","First Points","Player","Team","Home/Away","Favorite/Underdog",0.2315,332,0.2128,370,0.0188,0.0119,1.1927,0.557336448598131,2026-05-29 23:21:22.89692,1,"Jonquel Jones","Loss",1.1927,-1.1927,0.557336448598131,-0.557336448598131,"First Basket by Team_Jonquel Jones_2026-05-29"
2026-05-29,"FanDuel","PHX @ NYL","1022600056","First Basket by Team","First Points","Player","Team","Home/Away","Favorite/Underdog",0.1442,593,0.1333,650,0.0109,0.0063,0.6277,0.293317757009346,2026-05-29 16:51:23.419719,1,"Leonie Fiebich","Loss",0.6277,-0.6277,0.293317757009346,-0.293317757009346,"First Basket by Team_Leonie Fiebich_2026-05-29"
2026-05-29,"Draft Kings","PHX @ NYL","1022600056","First Basket by Team","First Points","Player","Team","Home/Away","Favorite/Underdog",0.1559,542,0.1429,600,0.0156,0.0091,0.9106,0.425514018691589,2026-05-29 23:21:22.89692,4,"Leonie Fiebich","Loss",0.2829,-0.2829,0.132196261682243,-0.132196261682243,"First Basket by Team_Leonie Fiebich_2026-05-29"
2026-05-29,"FanDuel","PHX @ NYL","1022600056","First Basket by Team","First Points","Player","Team","Home/Away","Favorite/Underdog",0.1652,505,0.1333,650,0.0319,0.0184,1.8401,0.859859813084112,2026-05-29 23:21:22.89692,1,"Marine Johannes","Win",1.8401,11.96065,0.859859813084112,5.58908878504673,"First Basket by Team_Marine Johannes_2026-05-29"
2026-05-29,"Draft Kings","PHX @ NYL","1022600056","First Basket by Team","First Points","Player","Team","Home/Away","Favorite/Underdog",0.1607,522,0.1538,550,0.0188,0.0111,1.1099,0.518644859813084,2026-05-29 15:21:25.504214,1,"Monique Akoa Makani","Loss",1.1099,-1.1099,0.518644859813084,-0.518644859813084,"First Basket by Team_Monique Akoa Makani_2026-05-29"
2026-05-29,"Fanatics","PHX @ NYL","1022600056","First Basket by Team","First FGM","Player","Team","Home/Away","Favorite/Underdog",0.1726,479,0.1429,600,0.0298,0.0174,1.7367,0.811542056074766,2026-05-29 19:51:22.753283,7,"Monique Akoa Makani","Loss",0.6268,-0.6268,0.292897196261682,-0.292897196261682,"First Basket by Team_Monique Akoa Makani_2026-05-29"
2026-05-29,"FanDuel","PHX @ NYL","1022600056","First Basket by Team","First Points","Player","Team","Home/Away","Favorite/Underdog",0.1493,570,0.125,700,0.0243,0.0139,1.3892,0.649158878504673,2026-05-29 15:21:25.504214,3,"Noemie Brochant","Loss",0.4674,-0.4674,0.218411214953271,-0.218411214953271,"First Basket by Team_Noemie Brochant_2026-05-29"
2026-05-29,"FanDuel","PHX @ NYL","1022600056","First Basket by Team","First Points","Player","Team","Home/Away","Favorite/Underdog",0.1493,570,0.1333,650,0.016,0.0092,0.9218,0.430747663551402,2026-05-29 12:21:51.027993,1,"Noemie Brochant","Loss",0.9218,-0.9218,0.430747663551402,-0.430747663551402,"First Basket by Team_Noemie Brochant_2026-05-29"
2026-05-29,"Fanatics","PHX @ NYL","1022600056","First Basket by Team","First FGM","Player","Team","Home/Away","Favorite/Underdog",0.1511,562,0.125,700,0.0261,0.0149,1.4902,0.696355140186916,2026-05-29 19:51:22.753283,12,"Noemie Brochant","Loss",0.101,-0.101,0.047196261682243,-0.047196261682243,"First Basket by Team_Noemie Brochant_2026-05-29"
2026-05-29,"FanDuel","PHX @ NYL","1022600056","First Team","First Points","Team","Quarter","Home/Away","Favorite/Underdog",0.4924,103,0.4673,114,0.0251,0.0236,1.1784,0.765194805194805,2026-05-29 18:21:22.27276,1,"1Q PHX","Loss",1.1784,-1.1784,0.765194805194805,-0.765194805194805,"First Team_1Q PHX_2026-05-29"
2026-05-30,"FanDuel","IND @ PDX","1022600062","First Basket","First Points","Player","Game","Home/Away","Favorite/Underdog",0.0876,1041,0.0556,1700,0.0321,0.017,1.699,1.43983050847458,2026-05-30 15:51:22.587919,8,"Lexie Hull","Loss",1.699,-1.699,1.43983050847458,-1.43983050847458,"First Basket_Lexie Hull_2026-05-30"
2026-05-30,"Draft Kings","IND @ PDX","1022600062","First Basket","First Points","Player","Game","Home/Away","Favorite/Underdog",0.0979,921,0.0694,1340,0.0285,0.0153,1.5292,1.29593220338983,2026-05-30 12:21:49.678195,1,"Monique Billings","Loss",1.5292,-1.5292,1.29593220338983,-1.29593220338983,"First Basket_Monique Billings_2026-05-30"
2026-05-30,"FanDuel","IND @ PDX","1022600062","First Basket","First Points","Player","Game","Home/Away","Favorite/Underdog",0.098,920,0.0556,1700,0.0424,0.0225,2.2473,1.90449152542373,2026-05-30 22:51:21.209618,21,"Monique Billings","Loss",0.7181,-0.7181,0.6085593220339,-0.6085593220339,"First Basket_Monique Billings_2026-05-30"
2026-05-30,"BetRivers","IND @ PDX","1022600062","First Basket","First FGM","Player","Game","Home/Away","Favorite/Underdog",0.0948,955,0.0833,1100,0.0115,0.0063,0.6265,0.53093220338983,2026-05-30 13:21:21.660907,1,"Nyadiew Puoch","Loss",0.6265,-0.6265,0.53093220338983,-0.53093220338983,"First Basket_Nyadiew Puoch_2026-05-30"
2026-05-30,"FanDuel","IND @ PDX","1022600062","First Basket","First Points","Player","Game","Home/Away","Favorite/Underdog",0.0979,922,0.0769,1200,0.0209,0.0113,1.1336,0.960677966101695,2026-05-30 23:51:22.106383,22,"Nyadiew Puoch","Loss",0.5071,-0.5071,0.429745762711865,-0.429745762711865,"First Basket_Nyadiew Puoch_2026-05-30"
2026-05-30,"FanDuel","IND @ PDX","1022600062","First Basket by Team","First Points","Player","Team","Home/Away","Favorite/Underdog",0.1574,535,0.0909,1000,0.0665,0.0366,3.657,1.7088785046729,2026-05-30 12:21:49.806275,1,"Lexie Hull","Loss",3.657,-3.657,1.7088785046729,-1.7088785046729,"First Basket by Team_Lexie Hull_2026-05-30"
2026-05-30,"Draft Kings","IND @ PDX","1022600062","First Basket by Team","First Points","Player","Team","Home/Away","Favorite/Underdog",0.176,468,0.125,700,0.0539,0.0308,3.0782,1.43841121495327,2026-05-30 15:21:21.530395,7,"Monique Billings","Loss",1.1449,-1.1449,0.534999999999999,-0.534999999999999,"First Basket by Team_Monique Billings_2026-05-30"
2026-05-30,"FanDuel","IND @ PDX","1022600062","First Basket by Team","First Points","Player","Team","Home/Away","Favorite/Underdog",0.176,468,0.0909,1000,0.0851,0.0468,4.6799,2.1868691588785,2026-05-30 23:21:21.575141,23,"Monique Billings","Loss",0.2168,-0.2168,0.10130841121495,-0.10130841121495,"First Basket by Team_Monique Billings_2026-05-30"
2026-05-30,"FanDuel","IND @ PDX","1022600062","First Basket by Team","First Points","Player","Team","Home/Away","Favorite/Underdog",0.176,468,0.0952,950,0.0808,0.0446,4.4631,2.08556074766355,2026-05-30 22:51:21.336634,22,"Monique Billings","Loss",1.3849,-1.3849,0.64714953271028,-0.64714953271028,"First Basket by Team_Monique Billings_2026-05-30"
2026-05-30,"FanDuel","IND @ PDX","1022600062","First Basket by Team","First Points","Player","Team","Home/Away","Favorite/Underdog",0.176,468,0.1429,600,0.0331,0.0193,1.9333,0.903411214953271,2026-05-30 12:21:49.806275,1,"Monique Billings","Loss",1.9333,-1.9333,0.903411214953271,-0.903411214953271,"First Basket by Team_Monique Billings_2026-05-30"
2026-05-30,"FanDuel","IND @ PDX","1022600062","First Basket by Team","First Points","Player","Team","Home/Away","Favorite/Underdog",0.2121,371,0.1724,480,0.0397,0.024,2.3988,1.12093457943925,2026-05-30 23:51:22.232716,24,"Nyadiew Puoch","Loss",0.502,-0.502,0.234579439252334,-0.234579439252334,"First Basket by Team_Nyadiew Puoch_2026-05-30"
2026-05-30,"FanDuel","IND @ PDX","1022600062","First Basket by Team","First Points","Player","Team","Home/Away","Favorite/Underdog",0.2097,377,0.1786,460,0.0312,0.019,1.8968,0.886355140186916,2026-05-30 14:21:21.619535,5,"Nyadiew Puoch","Loss",0.5993,-0.5993,0.280046728971963,-0.280046728971963,"First Basket by Team_Nyadiew Puoch_2026-05-30"
2026-05-30,"FanDuel","IND @ PDX","1022600062","First Basket by Team","First Points","Player","Team","Home/Away","Favorite/Underdog",0.2097,377,0.1887,430,0.0211,0.013,1.2975,0.606308411214953,2026-05-30 12:21:49.806275,1,"Nyadiew Puoch","Loss",1.2975,-1.2975,0.606308411214953,-0.606308411214953,"First Basket by Team_Nyadiew Puoch_2026-05-30"
2026-05-30,"FanDuel","IND @ PDX","1022600062","First Team","First Points","Team","Quarter","Home/Away","Favorite/Underdog",0.4613,117,0.4444,125,0.0169,0.0152,0.7587,0.492662337662338,2026-05-30 23:51:22.358343,1,"1Q PDX","Loss",0.7587,-0.7587,0.492662337662338,-0.492662337662338,"First Team_1Q PDX_2026-05-30"
2026-05-30,"FanDuel","LAS @ CON","1022600061","First Basket","First Points","Player","Game","Home/Away","Favorite/Underdog",0.082,1120,0.0588,1600,0.0232,0.0123,1.23,1.04237288135593,2026-05-30 14:21:21.491492,5,"Ariel Atkins","Loss",0.1857,-0.1857,0.15737288135593,-0.15737288135593,"First Basket_Ariel Atkins_2026-05-30"
2026-05-30,"FanDuel","LAS @ CON","1022600061","First Basket","First Points","Player","Game","Home/Away","Favorite/Underdog",0.0821,1118,0.0625,1500,0.0196,0.0104,1.0443,0.885,2026-05-30 12:51:22.915874,2,"Ariel Atkins","Loss",0.4707,-0.4707,0.398898305084746,-0.398898305084746,"First Basket_Ariel Atkins_2026-05-30"
2026-05-30,"FanDuel","LAS @ CON","1022600061","First Basket","First Points","Player","Game","Home/Away","Favorite/Underdog",0.0821,1118,0.0714,1300,0.0107,0.0057,0.5736,0.486101694915254,2026-05-30 12:21:49.678195,1,"Ariel Atkins","Loss",0.5736,-0.5736,0.486101694915254,-0.486101694915254,"First Basket_Ariel Atkins_2026-05-30"
2026-05-30,"Draft Kings","LAS @ CON","1022600061","First Basket","First Points","Player","Game","Home/Away","Favorite/Underdog",0.1097,812,0.0862,1060,0.0234,0.0128,1.2829,1.08720338983051,2026-05-30 20:21:20.532977,17,"Diamond Miller","Loss",0.171,-0.171,0.14491525423729,-0.14491525423729,"First Basket_Diamond Miller_2026-05-30"
2026-05-30,"Draft Kings","LAS @ CON","1022600061","First Basket","First Points","Player","Game","Home/Away","Favorite/Underdog",0.1095,813,0.0893,1020,0.0203,0.0111,1.1119,0.94228813559322,2026-05-30 17:51:21.623722,12,"Diamond Miller","Loss",0.0810000000000002,-0.0810000000000002,0.06864406779661,-0.06864406779661,"First Basket_Diamond Miller_2026-05-30"
2026-05-30,"FanDuel","LAS @ CON","1022600061","First Basket","First Points","Player","Game","Home/Away","Favorite/Underdog",0.1097,812,0.0909,1000,0.0187,0.0103,1.0309,0.87364406779661,2026-05-30 16:21:22.949355,9,"Diamond Miller","Loss",1.0309,-1.0309,0.87364406779661,-0.87364406779661,"First Basket_Diamond Miller_2026-05-30"
2026-05-30,"BetRivers","LAS @ CON","1022600061","First Basket","First FGM","Player","Game","Home/Away","Favorite/Underdog",0.0786,1173,0.0625,1500,0.0161,0.0086,0.8571,0.72635593220339,2026-05-30 13:21:21.660907,3,"Erica Wheeler","Loss",0.1578,-0.1578,0.133728813559322,-0.133728813559322,"First Basket_Erica Wheeler_2026-05-30"
2026-05-30,"FanDuel","LAS @ CON","1022600061","First Basket","First Points","Player","Game","Home/Away","Favorite/Underdog",0.0755,1224,0.0588,1600,0.0167,0.0089,0.8869,0.751610169491525,2026-05-30 14:21:21.491492,5,"Erica Wheeler","Loss",0.0298,-0.0298,0.025254237288135,-0.025254237288135,"First Basket_Erica Wheeler_2026-05-30"
2026-05-30,"FanDuel","LAS @ CON","1022600061","First Basket","First Points","Player","Game","Home/Away","Favorite/Underdog",0.0756,1223,0.0625,1500,0.0131,0.007,0.6993,0.592627118644068,2026-05-30 12:21:49.678195,1,"Erica Wheeler","Loss",0.6993,-0.6993,0.592627118644068,-0.592627118644068,"First Basket_Erica Wheeler_2026-05-30"
2026-05-30,"FanDuel","LAS @ CON","1022600061","First Basket","First Points","Player","Game","Home/Away","Favorite/Underdog",0.085,1076,0.0714,1300,0.0136,0.0073,0.7321,0.620423728813559,2026-05-30 12:21:49.678195,1,"Rae Burrell","Win",0.7321,9.5173,0.620423728813559,8.06550847457627,"First Basket_Rae Burrell_2026-05-30"
2026-05-30,"FanDuel","LAS @ CON","1022600061","First Basket by Team","First Points","Player","Team","Home/Away","Favorite/Underdog",0.1803,455,0.1538,550,0.0264,0.0156,1.5611,0.729485981308411,2026-05-30 12:21:49.806275,1,"Ariel Atkins","Loss",1.5611,-1.5611,0.729485981308411,-0.729485981308411,"First Basket by Team_Ariel Atkins_2026-05-30"
2026-05-30,"FanDuel","LAS @ CON","1022600061","First Basket by Team","First Points","Player","Team","Home/Away","Favorite/Underdog",0.1803,455,0.1429,600,0.0374,0.0218,2.1821,1.01967289719626,2026-05-30 12:51:23.044203,2,"Ariel Atkins","Loss",0.621,-0.621,0.290186915887849,-0.290186915887849,"First Basket by Team_Ariel Atkins_2026-05-30"
2026-05-30,"FanDuel","LAS @ CON","1022600061","First Basket by Team","First Points","Player","Team","Home/Away","Favorite/Underdog",0.2009,398,0.1667,500,0.0342,0.0205,2.054,0.959813084112149,2026-05-30 12:21:49.806275,1,"Diamond Miller","Loss",2.054,-2.054,0.959813084112149,-0.959813084112149,"First Basket by Team_Diamond Miller_2026-05-30"
2026-05-30,"FanDuel","LAS @ CON","1022600061","First Basket by Team","First Points","Player","Team","Home/Away","Favorite/Underdog",0.2009,398,0.1538,550,0.0471,0.0278,2.7804,1.2992523364486,2026-05-30 13:51:21.570395,4,"Diamond Miller","Loss",0.7264,-0.7264,0.339439252336451,-0.339439252336451,"First Basket by Team_Diamond Miller_2026-05-30"
2026-05-30,"FanDuel","LAS @ CON","1022600061","First Basket by Team","First Points","Player","Team","Home/Away","Favorite/Underdog",0.1661,502,0.1333,650,0.0327,0.0189,1.8881,0.882289719626168,2026-05-30 12:21:49.806275,1,"Erica Wheeler","Loss",1.8881,-1.8881,0.882289719626168,-0.882289719626168,"First Basket by Team_Erica Wheeler_2026-05-30"
2026-05-30,"FanDuel","LAS @ CON","1022600061","First Basket by Team","First Points","Player","Team","Home/Away","Favorite/Underdog",0.1867,436,0.1667,500,0.0201,0.012,1.2038,0.562523364485981,2026-05-30 12:21:49.806275,1,"Rae Burrell","Win",1.2038,6.019,0.562523364485981,2.8126168224299,"First Basket by Team_Rae Burrell_2026-05-30"
2026-05-30,"Draft Kings","LAS @ CON","1022600061","First Basket by Team","First Points","Player","Team","Home/Away","Favorite/Underdog",0.1541,549,0.1429,600,0.0198,0.0115,1.1534,0.538971962616822,2026-05-30 21:51:22.047451,1,"Saniya Rivers","Loss",1.1534,-1.1534,0.538971962616822,-0.538971962616822,"First Basket by Team_Saniya Rivers_2026-05-30"
2026-05-30,"FanDuel","LAS @ CON","1022600061","First Team","First Points","Team","Quarter","Home/Away","Favorite/Underdog",0.4548,120,0.4425,126,0.0124,0.0111,0.5544,0.36,2026-05-30 21:51:22.177312,19,"1Q LAS","Win",0.0644,0.081144,0.041818181818182,0.0526909090909093,"First Team_1Q LAS_2026-05-30"
2026-05-30,"FanDuel","LAS @ CON","1022600061","First Team","First Points","Team","Quarter","Home/Away","Favorite/Underdog",0.4553,120,0.4444,125,0.0109,0.0098,0.49,0.318181818181818,2026-05-30 12:51:23.17403,1,"1Q LAS","Win",0.49,0.6125,0.318181818181818,0.397727272727272,"First Team_1Q LAS_2026-05-30"
2026-05-30,"Fanatics","SEA @ TOR","1022600060","First Basket","First FGM","Player","Game","Home/Away","Favorite/Underdog",0.0957,944,0.0714,1300,0.0243,0.0131,1.3095,1.10974576271186,2026-05-30 12:21:49.678195,1,"Jordan Horston","Loss",1.3095,-1.3095,1.10974576271186,-1.10974576271186,"First Basket_Jordan Horston_2026-05-30"
2026-05-30,"BetRivers","SEA @ TOR","1022600060","First Basket","First FGM","Player","Game","Home/Away","Favorite/Underdog",0.0957,944,0.0667,1400,0.0291,0.0156,1.558,1.32033898305085,2026-05-30 13:21:21.660907,3,"Jordan Horston","Loss",0.2485,-0.2485,0.21059322033899,-0.21059322033899,"First Basket_Jordan Horston_2026-05-30"
2026-05-30,"Draft Kings","SEA @ TOR","1022600060","First Basket","First Points","Player","Game","Home/Away","Favorite/Underdog",0.107,834,0.0909,1000,0.0161,0.0089,0.886,0.750847457627119,2026-05-30 13:51:21.442188,4,"Laura Juskaite","Loss",0.443,-0.443,0.37542372881356,-0.37542372881356,"First Basket_Laura Juskaite_2026-05-30"
2026-05-30,"FanDuel","SEA @ TOR","1022600060","First Basket","First Points","Player","Game","Home/Away","Favorite/Underdog",0.1069,835,0.0833,1100,0.0236,0.0129,1.2856,1.08949152542373,2026-05-30 14:51:21.075134,6,"Laura Juskaite","Loss",0.3996,-0.3996,0.338644067796611,-0.338644067796611,"First Basket_Laura Juskaite_2026-05-30"
2026-05-30,"FanDuel","SEA @ TOR","1022600060","First Basket","First Points","Player","Game","Home/Away","Favorite/Underdog",0.107,834,0.0909,1000,0.0161,0.0089,0.886,0.750847457627119,2026-05-30 13:51:21.442188,4,"Laura Juskaite","Loss",0.443,-0.443,0.37542372881356,-0.37542372881356,"First Basket_Laura Juskaite_2026-05-30"
2026-05-30,"FanDuel","SEA @ TOR","1022600060","First Basket","First Points","Player","Game","Home/Away","Favorite/Underdog",0.1085,822,0.0833,1100,0.0251,0.0137,1.3712,1.16203389830508,2026-05-30 12:21:49.678195,1,"Nyara Sabally","Loss",1.3712,-1.3712,1.16203389830508,-1.16203389830508,"First Basket_Nyara Sabally_2026-05-30"
2026-05-30,"FanDuel","SEA @ TOR","1022600060","First Basket Exact","First Points","Player","Exact","Home/Away","Favorite/Underdog",0.0374,2573,0.0244,4000,0.013,0.0067,0.6675,0.996268656716418,2026-05-30 12:21:49.87674,1,"Marina Mabrey layup","Loss",0.6675,-0.6675,0.996268656716418,-0.996268656716418,"First Basket Exact_Marina Mabrey layup_2026-05-30"
2026-05-30,"Fanatics","SEA @ TOR","1022600060","First Basket by Team","First FGM","Player","Team","Home/Away","Favorite/Underdog",0.2012,397,0.125,700,0.0762,0.0436,4.3555,2.03528037383178,2026-05-30 12:21:49.806275,1,"Jordan Horston","Loss",4.3555,-4.3555,2.03528037383178,-2.03528037383178,"First Basket by Team_Jordan Horston_2026-05-30"
2026-05-30,"Draft Kings","SEA @ TOR","1022600060","First Basket by Team","First Points","Player","Team","Home/Away","Favorite/Underdog",0.1913,423,0.1176,750,0.0836,0.0474,4.7359,2.21303738317757,2026-05-30 14:51:21.20421,6,"Jordan Horston","Loss",0.3804,-0.3804,0.17775700934579,-0.17775700934579,"First Basket by Team_Jordan Horston_2026-05-30"
2026-05-30,"Draft Kings","SEA @ TOR","1022600060","First Basket by Team","First Points","Player","Team","Home/Away","Favorite/Underdog",0.1996,401,0.1739,475,0.0207,0.0125,1.2547,0.586308411214953,2026-05-30 14:51:21.20421,1,"Laura Juskaite","Loss",1.2547,-1.2547,0.586308411214953,-0.586308411214953,"First Basket by Team_Laura Juskaite_2026-05-30"
2026-05-30,"FanDuel","SEA @ TOR","1022600060","First Basket by Team","First Points","Player","Team","Home/Away","Favorite/Underdog",0.2026,394,0.1852,440,0.0174,0.0107,1.0662,0.498224299065421,2026-05-30 12:21:49.806275,1,"Nyara Sabally","Loss",1.0662,-1.0662,0.498224299065421,-0.498224299065421,"First Basket by Team_Nyara Sabally_2026-05-30"
2026-05-30,"FanDuel","SEA @ TOR","1022600060","First Team","First Points","Team","Quarter","Home/Away","Favorite/Underdog",0.5361,-116,0.4673,114,0.0688,0.0646,3.2283,2.0962987012987,2026-05-30 13:51:21.700916,4,"1Q TOR","Loss",3.2283,-3.2283,2.0962987012987,-2.0962987012987,"First Team_1Q TOR_2026-05-30"
2026-05-31,"Draft Kings","LVA @ GSV","1022600063","First Basket","First Points","Player","Game","Home/Away","Favorite/Underdog",0.0758,1219,0.0633,1480,0.0125,0.0067,0.6686,0.566610169491525,2026-05-31 15:51:16.566436,3,"Chelsea Gray","Loss",0.6686,-0.6686,0.566610169491525,-0.566610169491525,"First Basket_Chelsea Gray_2026-05-31"
2026-05-31,"Fanatics","LVA @ GSV","1022600063","First Basket","First FGM","Player","Game","Home/Away","Favorite/Underdog",0.0769,1201,0.0625,1500,0.0144,0.0077,0.766,0.649152542372881,2026-05-31 16:51:16.326299,5,"Chelsea Gray","Loss",0.0974,-0.0974,0.082542372881356,-0.082542372881356,"First Basket_Chelsea Gray_2026-05-31"
2026-05-31,"BetRivers","LVA @ GSV","1022600063","First Basket","First FGM","Player","Game","Home/Away","Favorite/Underdog",0.0769,1201,0.0667,1400,0.0102,0.0055,0.5459,0.462627118644068,2026-05-31 12:21:50.273086,1,"Kiah Stokes","Loss",0.5459,-0.5459,0.462627118644068,-0.462627118644068,"First Basket_Kiah Stokes_2026-05-31"
2026-05-31,"FanDuel","LVA @ GSV","1022600063","First Basket","First Points","Player","Game","Home/Away","Favorite/Underdog",0.0773,1194,0.0667,1400,0.0106,0.0057,0.5678,0.481186440677966,2026-05-31 15:51:16.566436,8,"Kiah Stokes","Loss",0.0218999999999999,-0.0218999999999999,0.018559322033898,-0.018559322033898,"First Basket_Kiah Stokes_2026-05-31"
2026-05-31,"FanDuel","LVA @ GSV","1022600063","First Basket by Team","First Points","Player","Team","Home/Away","Favorite/Underdog",0.1533,552,0.125,700,0.0283,0.0162,1.6187,0.756401869158879,2026-05-31 14:21:16.940932,5,"Chelsea Gray","Loss",0.4652,-0.4652,0.217383177570094,-0.217383177570094,"First Basket by Team_Chelsea Gray_2026-05-31"
2026-05-31,"FanDuel","LVA @ GSV","1022600063","First Basket by Team","First Points","Player","Team","Home/Away","Favorite/Underdog",0.1533,552,0.1333,650,0.02,0.0115,1.1535,0.539018691588785,2026-05-31 12:21:50.397053,1,"Chelsea Gray","Loss",1.1535,-1.1535,0.539018691588785,-0.539018691588785,"First Basket by Team_Chelsea Gray_2026-05-31"
2026-05-31,"Fanatics","LVA @ GSV","1022600063","First Basket by Team","First FGM","Player","Team","Home/Away","Favorite/Underdog",0.1534,552,0.125,700,0.0284,0.0162,1.6209,0.757429906542056,2026-05-31 15:51:16.686294,8,"Chelsea Gray","Loss",0.00219999999999998,-0.00219999999999998,0.00102803738317703,-0.00102803738317703,"First Basket by Team_Chelsea Gray_2026-05-31"
2026-05-31,"Fanatics","LVA @ GSV","1022600063","First Basket by Team","First FGM","Player","Team","Home/Away","Favorite/Underdog",0.1541,549,0.1429,600,0.0112,0.0065,0.6544,0.305794392523364,2026-05-31 12:21:50.397053,1,"Kiah Stokes","Loss",0.6544,-0.6544,0.305794392523364,-0.305794392523364,"First Basket by Team_Kiah Stokes_2026-05-31"
2026-05-31,"FanDuel","LVA @ GSV","1022600063","First Basket by Team","First Points","Player","Team","Home/Away","Favorite/Underdog",0.1528,554,0.1333,650,0.0195,0.0113,1.1256,0.525981308411215,2026-05-31 14:21:16.940932,5,"Kiah Stokes","Loss",0.4712,-0.4712,0.220186915887851,-0.220186915887851,"First Basket by Team_Kiah Stokes_2026-05-31"
2026-05-31,"FanDuel","LVA @ GSV","1022600063","First Basket by Team","First Points","Player","Team","Home/Away","Favorite/Underdog",0.1269,688,0.1111,800,0.0158,0.0089,0.8884,0.415140186915888,2026-05-31 17:51:19.023737,1,"Stephanie Talbot","Loss",0.8884,-0.8884,0.415140186915888,-0.415140186915888,"First Basket by Team_Stephanie Talbot_2026-05-31"
2026-05-31,"Draft Kings","LVA @ GSV","1022600063","First Team","First FGM","Team","Quarter","Home/Away","Favorite/Underdog",0.4989,100,0.4878,105,0.0111,0.0108,0.541,0.351298701298701,2026-05-31 19:21:16.238096,12,"1Q GSV","Loss",0.541,-0.541,0.351298701298701,-0.351298701298701,"First Team_1Q GSV_2026-05-31"
2026-06-01,"Draft Kings","MIN @ PHX","1022600065","First Basket","First Points","Player","Game","Home/Away","Favorite/Underdog",0.0912,997,0.0633,1480,0.0279,0.0149,1.4872,1.26033898305085,2026-06-02 00:21:22.166496,21,"Monique Akoa Makani","Loss",0.4145,-0.4145,0.35127118644068,-0.35127118644068,"First Basket_Monique Akoa Makani_2026-06-01"
2026-06-01,"FanDuel","MIN @ PHX","1022600065","First Basket","First Points","Player","Game","Home/Away","Favorite/Underdog",0.0912,997,0.0714,1300,0.0197,0.0106,1.0621,0.900084745762712,2026-06-01 17:58:49.450706,8,"Monique Akoa Makani","Loss",1.0621,-1.0621,0.900084745762712,-0.900084745762712,"First Basket_Monique Akoa Makani_2026-06-01"
2026-06-01,"MGM","MIN @ PHX","1022600065","First Basket","First FGM","Player","Game","Home/Away","Favorite/Underdog",0.0914,995,0.0714,1300,0.0199,0.0107,1.0727,0.90906779661017,2026-06-01 19:29:44.434429,11,"Monique Akoa Makani","Loss",0.0105999999999999,-0.0105999999999999,0.00898305084745799,-0.00898305084745799,"First Basket_Monique Akoa Makani_2026-06-01"
2026-06-01,"Draft Kings","MIN @ PHX","1022600065","First Basket","First Points","Player","Game","Home/Away","Favorite/Underdog",0.0782,1179,0.0667,1400,0.0115,0.0062,0.6177,0.523474576271187,2026-06-01 15:00:58.480502,2,"Noemie Brochant","Loss",0.0477000000000001,-0.0477000000000001,0.04042372881356,-0.04042372881356,"First Basket_Noemie Brochant_2026-06-01"
2026-06-01,"Draft Kings","MIN @ PHX","1022600065","First Basket","First Points","Player","Game","Home/Away","Favorite/Underdog",0.0782,1179,0.0676,1380,0.0106,0.0057,0.57,0.483050847457627,2026-06-01 14:11:19.844358,1,"Noemie Brochant","Loss",0.57,-0.57,0.483050847457627,-0.483050847457627,"First Basket_Noemie Brochant_2026-06-01"
2026-06-01,"FanDuel","MIN @ PHX","1022600065","First Basket","First Points","Player","Game","Home/Away","Favorite/Underdog",0.0783,1177,0.0625,1500,0.0158,0.0084,0.8421,0.71364406779661,2026-06-01 23:21:22.967314,19,"Noemie Brochant","Loss",0.2244,-0.2244,0.190169491525423,-0.190169491525423,"First Basket_Noemie Brochant_2026-06-01"
2026-06-01,"Fanatics","MIN @ PHX","1022600065","First Basket","First FGM","Player","Game","Home/Away","Favorite/Underdog",0.081,1135,0.0625,1500,0.0185,0.0099,0.9851,0.834830508474576,2026-06-02 00:21:22.166496,21,"Noemie Brochant","Loss",0.143,-0.143,0.121186440677966,-0.121186440677966,"First Basket_Noemie Brochant_2026-06-01"
2026-06-01,"FanDuel","MIN @ PHX","1022600065","First Basket by Team","First Points","Player","Team","Home/Away","Favorite/Underdog",0.2058,386,0.1923,420,0.0135,0.0083,0.835,0.39018691588785,2026-06-01 14:11:19.917855,1,"Courtney Williams","Win",0.835,3.507,0.39018691588785,1.63878504672897,"First Basket by Team_Courtney Williams_2026-06-01"
2026-06-01,"FanDuel","MIN @ PHX","1022600065","First Basket by Team","First Points","Player","Team","Home/Away","Favorite/Underdog",0.2058,386,0.1852,440,0.0206,0.0126,1.2647,0.590981308411215,2026-06-01 16:59:14.950592,2,"Courtney Williams","Win",0.4297,1.89068,0.200794392523365,0.883495327102806,"First Basket by Team_Courtney Williams_2026-06-01"
2026-06-01,"FanDuel","MIN @ PHX","1022600065","First Basket by Team","First Points","Player","Team","Home/Away","Favorite/Underdog",0.1713,484,0.1333,650,0.038,0.0219,2.1925,1.02453271028037,2026-06-01 14:11:19.917855,1,"Monique Akoa Makani","Loss",2.1925,-2.1925,1.02453271028037,-1.02453271028037,"First Basket by Team_Monique Akoa Makani_2026-06-01"
2026-06-01,"Fanatics","MIN @ PHX","1022600065","First Basket by Team","First FGM","Player","Team","Home/Away","Favorite/Underdog",0.1745,473,0.125,700,0.0495,0.0283,2.828,1.3214953271028,2026-06-02 00:51:22.03282,22,"Monique Akoa Makani","Loss",0.6355,-0.6355,0.29696261682243,-0.29696261682243,"First Basket by Team_Monique Akoa Makani_2026-06-01"
2026-06-01,"FanDuel","MIN @ PHX","1022600065","First Basket by Team","First Points","Player","Team","Home/Away","Favorite/Underdog",0.1472,580,0.125,700,0.0222,0.0127,1.266,0.591588785046729,2026-06-01 15:00:58.547044,2,"Noemie Brochant","Loss",0.4686,-0.4686,0.218971962616822,-0.218971962616822,"First Basket by Team_Noemie Brochant_2026-06-01"
2026-06-01,"FanDuel","MIN @ PHX","1022600065","First Basket by Team","First Points","Player","Team","Home/Away","Favorite/Underdog",0.1472,580,0.1333,650,0.0138,0.008,0.7974,0.372616822429907,2026-06-01 14:11:19.917855,1,"Noemie Brochant","Loss",0.7974,-0.7974,0.372616822429907,-0.372616822429907,"First Basket by Team_Noemie Brochant_2026-06-01"
2026-06-01,"Fanatics","MIN @ PHX","1022600065","First Basket by Team","First FGM","Player","Team","Home/Away","Favorite/Underdog",0.1547,547,0.1111,800,0.0436,0.0245,2.4498,1.14476635514019,2026-06-02 00:21:22.290021,21,"Noemie Brochant","Loss",0.3522,-0.3522,0.16457943925234,-0.16457943925234,"First Basket by Team_Noemie Brochant_2026-06-01"
2026-06-01,"Fanatics","MIN @ PHX","1022600065","First Basket by Team","First FGM","Player","Team","Home/Away","Favorite/Underdog",0.1547,547,0.1176,750,0.037,0.021,2.0976,0.98018691588785,2026-06-01 18:29:02.226965,9,"Noemie Brochant","Loss",0.4026,-0.4026,0.188130841121495,-0.188130841121495,"First Basket by Team_Noemie Brochant_2026-06-01"
2026-06-01,"Fanatics","MIN @ PHX","1022600065","First Basket by Team","First FGM","Player","Team","Home/Away","Favorite/Underdog",0.1547,547,0.125,700,0.0297,0.017,1.695,0.792056074766355,2026-06-01 17:58:49.512865,8,"Noemie Brochant","Loss",0.429,-0.429,0.200467289719626,-0.200467289719626,"First Basket by Team_Noemie Brochant_2026-06-01"
2026-06-01,"FanDuel","SEA @ DAL","1022600064","First Basket","First Points","Player","Game","Home/Away","Favorite/Underdog",0.1183,746,0.0952,950,0.023,0.0127,1.272,1.07796610169492,2026-06-01 14:11:19.844358,1,"Jade Melbourne","Loss",1.272,-1.272,1.07796610169492,-1.07796610169492,"First Basket_Jade Melbourne_2026-06-01"
2026-06-01,"BetRivers","SEA @ DAL","1022600064","First Basket","First FGM","Player","Game","Home/Away","Favorite/Underdog",0.1032,869,0.0769,1200,0.0263,0.0143,1.4253,1.2078813559322,2026-06-01 14:11:19.844358,1,"Jordan Horston","Loss",1.4253,-1.4253,1.2078813559322,-1.2078813559322,"First Basket_Jordan Horston_2026-06-01"
2026-06-01,"FanDuel","SEA @ DAL","1022600064","First Basket by Team","First Points","Player","Team","Home/Away","Favorite/Underdog",0.2409,315,0.2,400,0.0409,0.0255,2.5546,1.19373831775701,2026-06-01 14:11:19.917855,1,"Jade Melbourne","Loss",2.5546,-2.5546,1.19373831775701,-1.19373831775701,"First Basket by Team_Jade Melbourne_2026-06-01"
2026-06-01,"FanDuel","SEA @ DAL","1022600064","First Basket by Team","First Points","Player","Team","Home/Away","Favorite/Underdog",0.2409,315,0.1923,420,0.0486,0.0301,3.0065,1.40490654205607,2026-06-01 15:00:58.547044,2,"Jade Melbourne","Loss",0.4519,-0.4519,0.21116822429906,-0.21116822429906,"First Basket by Team_Jade Melbourne_2026-06-01"
2026-06-01,"Draft Kings","SEA @ DAL","1022600064","First Basket by Team","First Points","Player","Team","Home/Away","Favorite/Underdog",0.1986,403,0.1667,500,0.0417,0.025,2.5014,1.1688785046729,2026-06-01 14:11:19.917855,1,"Jordan Horston","Loss",2.5014,-2.5014,1.1688785046729,-1.1688785046729,"First Basket by Team_Jordan Horston_2026-06-01"
2026-06-01,"FanDuel","SEA @ DAL","1022600064","First Basket by Team","First Points","Player","Team","Home/Away","Favorite/Underdog",0.1986,403,0.1429,600,0.0558,0.0325,3.2523,1.51976635514019,2026-06-01 16:59:14.950592,6,"Jordan Horston","Loss",0.6071,-0.6071,0.28369158878505,-0.28369158878505,"First Basket by Team_Jordan Horston_2026-06-01"
2026-06-01,"FanDuel","SEA @ DAL","1022600064","First Basket by Team","First Points","Player","Team","Home/Away","Favorite/Underdog",0.1986,403,0.1538,550,0.0448,0.0265,2.6452,1.23607476635514,2026-06-01 16:28:55.972726,5,"Jordan Horston","Loss",0.1438,-0.1438,0.0671962616822399,-0.0671962616822399,"First Basket by Team_Jordan Horston_2026-06-01"
2026-06-02,"Draft Kings","CHI @ WAS","1022600067","First Basket","First Points","Player","Game","Home/Away","Favorite/Underdog",0.0804,1144,0.061,1540,0.0194,0.0103,1.0332,0.875593220338983,2026-06-02 12:21:53.602541,1,"Georgia Amoore","Loss",1.0332,-1.0332,0.875593220338983,-0.875593220338983,"First Basket_Georgia Amoore_2026-06-02"
2026-06-02,"FanDuel","CHI @ WAS","1022600067","First Basket","First Points","Player","Game","Home/Away","Favorite/Underdog",0.0856,1068,0.0588,1600,0.0268,0.0143,1.4251,1.20771186440678,2026-06-02 13:51:23.607052,4,"Jacy Sheldon","Loss",0.2024,-0.2024,0.17152542372881,-0.17152542372881,"First Basket_Jacy Sheldon_2026-06-02"
2026-06-02,"FanDuel","CHI @ WAS","1022600067","First Basket","First Points","Player","Game","Home/Away","Favorite/Underdog",0.0854,1071,0.0625,1500,0.0229,0.0122,1.2227,1.03618644067797,2026-06-02 12:51:22.765781,2,"Jacy Sheldon","Loss",0.2178,-0.2178,0.184576271186445,-0.184576271186445,"First Basket_Jacy Sheldon_2026-06-02"
2026-06-02,"FanDuel","CHI @ WAS","1022600067","First Basket","First Points","Player","Game","Home/Away","Favorite/Underdog",0.0854,1071,0.0667,1400,0.0188,0.01,1.0049,0.851610169491525,2026-06-02 12:21:53.602541,1,"Jacy Sheldon","Loss",1.0049,-1.0049,0.851610169491525,-0.851610169491525,"First Basket_Jacy Sheldon_2026-06-02"
2026-06-02,"BetRivers","CHI @ WAS","1022600067","First Basket","First FGM","Player","Game","Home/Away","Favorite/Underdog",0.1457,586,0.125,700,0.0207,0.0118,1.1847,1.00398305084746,2026-06-02 12:21:53.602541,1,"Kiki Iriafen","Loss",1.1847,-1.1847,1.00398305084746,-1.00398305084746,"First Basket_Kiki Iriafen_2026-06-02"
2026-06-02,"Fanatics","CHI @ WAS","1022600067","First Basket","First FGM","Player","Game","Home/Away","Favorite/Underdog",0.1005,895,0.0833,1100,0.0171,0.0094,0.9354,0.79271186440678,2026-06-02 12:21:53.602541,1,"Michaela Onyenwere","Loss",0.9354,-0.9354,0.79271186440678,-0.79271186440678,"First Basket_Michaela Onyenwere_2026-06-02"
2026-06-02,"FanDuel","CHI @ WAS","1022600067","First Basket","First Points","Player","Game","Home/Away","Favorite/Underdog",0.1123,790,0.1,900,0.0123,0.0068,0.6847,0.580254237288136,2026-06-02 17:22:18.424323,1,"Skylar Diggins","Loss",0.6847,-0.6847,0.580254237288136,-0.580254237288136,"First Basket_Skylar Diggins_2026-06-02"
2026-06-02,"Fanatics","CHI @ WAS","1022600067","First Basket by Team","First FGM","Player","Team","Home/Away","Favorite/Underdog",0.1664,501,0.1333,650,0.033,0.0191,1.9057,0.890514018691589,2026-06-02 12:21:53.733704,1,"Georgia Amoore","Loss",1.9057,-1.9057,0.890514018691589,-0.890514018691589,"First Basket by Team_Georgia Amoore_2026-06-02"
2026-06-02,"FanDuel","CHI @ WAS","1022600067","First Basket by Team","First Points","Player","Team","Home/Away","Favorite/Underdog",0.1616,519,0.1176,750,0.044,0.0249,2.4913,1.16415887850467,2026-06-02 12:21:53.733704,1,"Jacy Sheldon","Loss",2.4913,-2.4913,1.16415887850467,-1.16415887850467,"First Basket by Team_Jacy Sheldon_2026-06-02"
2026-06-02,"FanDuel","CHI @ WAS","1022600067","First Basket by Team","First Points","Player","Team","Home/Away","Favorite/Underdog",0.1616,519,0.1111,800,0.0505,0.0284,2.8406,1.32738317757009,2026-06-02 13:51:23.739054,4,"Jacy Sheldon","Loss",0.3493,-0.3493,0.16322429906542,-0.16322429906542,"First Basket by Team_Jacy Sheldon_2026-06-02"
2026-06-02,"FanDuel","CHI @ WAS","1022600067","First Basket by Team","First Points","Player","Team","Home/Away","Favorite/Underdog",0.3054,227,0.2703,270,0.0351,0.024,2.4048,1.12373831775701,2026-06-02 12:21:53.733704,1,"Kiki Iriafen","Loss",2.4048,-2.4048,1.12373831775701,-1.12373831775701,"First Basket by Team_Kiki Iriafen_2026-06-02"
2026-06-02,"Draft Kings","CHI @ WAS","1022600067","First Basket by Team","First Points","Player","Team","Home/Away","Favorite/Underdog",0.2668,275,0.2128,370,0.0444,0.0282,2.8193,1.31742990654206,2026-06-02 16:21:52.127925,2,"Kiki Iriafen","Loss",0.4145,-0.4145,0.19369158878505,-0.19369158878505,"First Basket by Team_Kiki Iriafen_2026-06-02"
2026-06-02,"FanDuel","CHI @ WAS","1022600067","First Basket by Team","First Points","Player","Team","Home/Away","Favorite/Underdog",0.2071,383,0.1667,500,0.0405,0.0243,2.4288,1.13495327102804,2026-06-02 12:21:53.733704,1,"Michaela Onyenwere","Loss",2.4288,-2.4288,1.13495327102804,-1.13495327102804,"First Basket by Team_Michaela Onyenwere_2026-06-02"
2026-06-02,"FanDuel","CHI @ WAS","1022600067","First Basket by Team","First Points","Player","Team","Home/Away","Favorite/Underdog",0.1789,459,0.1667,500,0.0122,0.0073,0.7334,0.342710280373832,2026-06-02 12:21:53.733704,1,"Natasha Cloud","Loss",0.7334,-0.7334,0.342710280373832,-0.342710280373832,"First Basket by Team_Natasha Cloud_2026-06-02"
2026-06-02,"FanDuel","CHI @ WAS","1022600067","First Basket by Team","First Points","Player","Team","Home/Away","Favorite/Underdog",0.2121,371,0.1923,420,0.0198,0.0122,1.2247,0.572289719626168,2026-06-02 12:21:53.733704,1,"Skylar Diggins","Loss",1.2247,-1.2247,0.572289719626168,-0.572289719626168,"First Basket by Team_Skylar Diggins_2026-06-02"
2026-06-02,"FanDuel","CHI @ WAS","1022600067","First Basket by Team","First Points","Player","Team","Home/Away","Favorite/Underdog",0.2121,371,0.1818,450,0.0303,0.0185,1.85,0.864485981308411,2026-06-02 15:22:59.579292,6,"Skylar Diggins","Loss",0.6253,-0.6253,0.292196261682243,-0.292196261682243,"First Basket by Team_Skylar Diggins_2026-06-02"
2026-06-02,"FanDuel","CON @ ATL","1022600066","First Basket","First Points","Player","Game","Home/Away","Favorite/Underdog",0.0758,1220,0.0625,1500,0.0133,0.0071,0.7076,0.599661016949153,2026-06-02 14:21:22.959573,1,"Jordin Canada","Loss",0.7076,-0.7076,0.599661016949153,-0.599661016949153,"First Basket_Jordin Canada_2026-06-02"
2026-06-02,"FanDuel","CON @ ATL","1022600066","First Basket","First Points","Player","Game","Home/Away","Favorite/Underdog",0.1044,857,0.0909,1000,0.0135,0.0074,0.7443,0.630762711864407,2026-06-02 12:21:53.602541,1,"Leila Lacan","Loss",0.7443,-0.7443,0.630762711864407,-0.630762711864407,"First Basket_Leila Lacan_2026-06-02"
2026-06-02,"FanDuel","CON @ ATL","1022600066","First Basket","First Points","Player","Game","Home/Away","Favorite/Underdog",0.0773,1194,0.0667,1400,0.0106,0.0057,0.5689,0.482118644067797,2026-06-02 12:21:53.602541,1,"Saniya Rivers","Loss",0.5689,-0.5689,0.482118644067797,-0.482118644067797,"First Basket_Saniya Rivers_2026-06-02"
2026-06-02,"FanDuel","CON @ ATL","1022600066","First Basket","First Points","Player","Game","Home/Away","Favorite/Underdog",0.0773,1194,0.0625,1500,0.0148,0.0079,0.7886,0.668305084745763,2026-06-02 13:51:23.607052,4,"Saniya Rivers","Loss",0.2197,-0.2197,0.186186440677966,-0.186186440677966,"First Basket_Saniya Rivers_2026-06-02"
2026-06-02,"FanDuel","CON @ ATL","1022600066","First Basket by Team","First Points","Player","Team","Home/Away","Favorite/Underdog",0.1766,466,0.1667,500,0.01,0.006,0.5988,0.27981308411215,2026-06-02 12:21:53.733704,1,"Diamond Miller","Loss",0.5988,-0.5988,0.27981308411215,-0.27981308411215,"First Basket by Team_Diamond Miller_2026-06-02"
2026-06-02,"FanDuel","CON @ ATL","1022600066","First Basket by Team","First Points","Player","Team","Home/Away","Favorite/Underdog",0.1629,514,0.1333,650,0.0295,0.017,1.703,0.795794392523364,2026-06-02 12:21:53.733704,1,"Jordin Canada","Loss",1.703,-1.703,0.795794392523364,-0.795794392523364,"First Basket by Team_Jordin Canada_2026-06-02"
2026-06-02,"FanDuel","CON @ ATL","1022600066","First Basket by Team","First Points","Player","Team","Home/Away","Favorite/Underdog",0.1953,412,0.1538,550,0.0415,0.0245,2.4502,1.14495327102804,2026-06-02 12:21:53.733704,1,"Leila Lacan","Loss",2.4502,-2.4502,1.14495327102804,-1.14495327102804,"First Basket by Team_Leila Lacan_2026-06-02"
2026-06-02,"FanDuel","CON @ ATL","1022600066","First Basket by Team","First Points","Player","Team","Home/Away","Favorite/Underdog",0.1609,521,0.1429,600,0.0181,0.0106,1.0554,0.493177570093458,2026-06-02 13:51:23.739054,1,"Naz Hillmon","Loss",1.0554,-1.0554,0.493177570093458,-0.493177570093458,"First Basket by Team_Naz Hillmon_2026-06-02"
2026-06-02,"FanDuel","CON @ ATL","1022600066","First Basket by Team","First Points","Player","Team","Home/Away","Favorite/Underdog",0.1445,592,0.1176,750,0.0269,0.0152,1.5233,0.711822429906542,2026-06-02 12:21:53.733704,1,"Saniya Rivers","Loss",1.5233,-1.5233,0.711822429906542,-0.711822429906542,"First Basket by Team_Saniya Rivers_2026-06-02"
2026-06-02,"Draft Kings","CON @ ATL","1022600066","First Team","First FGM","Team","Quarter","Home/Away","Favorite/Underdog",0.4706,112,0.4444,125,0.0262,0.0236,1.179,0.765584415584416,2026-06-02 16:21:52.19242,1,"1Q ATL","Loss",1.179,-1.179,0.765584415584416,-0.765584415584416,"First Team_1Q ATL_2026-06-02"
2026-06-02,"FanDuel","LVA @ LAS","1022600069","First Basket","First Points","Player","Game","Home/Away","Favorite/Underdog",0.0873,1045,0.0769,1200,0.0104,0.0056,0.5625,0.476694915254237,2026-06-02 21:22:01.570246,1,"Ariel Atkins","Loss",0.5625,-0.5625,0.476694915254237,-0.476694915254237,"First Basket_Ariel Atkins_2026-06-02"
2026-06-02,"Draft Kings","LVA @ LAS","1022600069","First Basket","First Points","Player","Game","Home/Away","Favorite/Underdog",0.0734,1262,0.0575,1640,0.016,0.0085,0.8465,0.717372881355932,2026-06-02 23:52:26.794509,1,"Chelsea Gray","Loss",0.8465,-0.8465,0.717372881355932,-0.717372881355932,"First Basket_Chelsea Gray_2026-06-02"
2026-06-02,"Fanatics","LVA @ LAS","1022600069","First Basket","First FGM","Player","Game","Home/Away","Favorite/Underdog",0.0634,1476,0.0526,1800,0.0108,0.0057,0.5707,0.48364406779661,2026-06-03 00:22:29.198976,1,"Stephanie Talbot","Loss",0.5707,-0.5707,0.48364406779661,-0.48364406779661,"First Basket_Stephanie Talbot_2026-06-02"
2026-06-02,"FanDuel","LVA @ LAS","1022600069","First Basket by Team","First Points","Player","Team","Home/Away","Favorite/Underdog",0.3858,159,0.3636,175,0.0221,0.0174,1.7378,0.812056074766355,2026-06-02 23:52:26.858789,1,"A'ja Wilson","Loss",1.7378,-1.7378,0.812056074766355,-0.812056074766355,"First Basket by Team_A'ja Wilson_2026-06-02"
2026-06-02,"FanDuel","LVA @ LAS","1022600069","First Basket by Team","First Points","Player","Team","Home/Away","Favorite/Underdog",0.1462,584,0.125,700,0.0212,0.0121,1.2132,0.566915887850467,2026-06-02 12:21:53.733704,1,"Chelsea Gray","Loss",1.2132,-1.2132,0.566915887850467,-0.566915887850467,"First Basket by Team_Chelsea Gray_2026-06-02"
2026-06-02,"FanDuel","LVA @ LAS","1022600069","First Basket by Team","First Points","Player","Team","Home/Away","Favorite/Underdog",0.1462,584,0.1176,750,0.0286,0.0162,1.6198,0.756915887850467,2026-06-02 21:22:01.637262,18,"Chelsea Gray","Loss",0.4066,-0.4066,0.19,-0.19,"First Basket by Team_Chelsea Gray_2026-06-02"
2026-06-02,"Draft Kings","LVA @ LAS","1022600069","First Basket by Team","First Points","Player","Team","Home/Away","Favorite/Underdog",0.1706,486,0.1538,550,0.0132,0.0078,0.7776,0.363364485981308,2026-06-02 16:51:56.725987,1,"Erica Wheeler","Loss",0.7776,-0.7776,0.363364485981308,-0.363364485981308,"First Basket by Team_Erica Wheeler_2026-06-02"
2026-06-02,"FanDuel","LVA @ LAS","1022600069","First Basket by Team","First Points","Player","Team","Home/Away","Favorite/Underdog",0.122,720,0.1,900,0.022,0.0122,1.2224,0.571214953271028,2026-06-02 13:51:23.739054,4,"Stephanie Talbot","Loss",0.2869,-0.2869,0.134065420560748,-0.134065420560748,"First Basket by Team_Stephanie Talbot_2026-06-02"
2026-06-02,"FanDuel","LVA @ LAS","1022600069","First Basket by Team","First Points","Player","Team","Home/Away","Favorite/Underdog",0.122,720,0.1053,850,0.0167,0.0094,0.9355,0.43714953271028,2026-06-02 12:21:53.733704,1,"Stephanie Talbot","Loss",0.9355,-0.9355,0.43714953271028,-0.43714953271028,"First Basket by Team_Stephanie Talbot_2026-06-02"
2026-06-02,"Fanatics","LVA @ LAS","1022600069","First Basket by Team","First FGM","Player","Team","Home/Away","Favorite/Underdog",0.1266,690,0.0909,1000,0.0357,0.0196,1.9634,0.917476635514019,2026-06-03 00:22:29.263179,24,"Stephanie Talbot","Loss",0.4852,-0.4852,0.226728971962617,-0.226728971962617,"First Basket by Team_Stephanie Talbot_2026-06-02"
2026-06-02,"Fanatics","LVA @ LAS","1022600069","First Basket by Team","First FGM","Player","Team","Home/Away","Favorite/Underdog",0.1266,690,0.1,900,0.0266,0.0148,1.4782,0.690747663551402,2026-06-02 23:52:26.858789,23,"Stephanie Talbot","Loss",0.2558,-0.2558,0.119532710280374,-0.119532710280374,"First Basket by Team_Stephanie Talbot_2026-06-02"
2026-06-02,"Draft Kings","LVA @ LAS","1022600069","First Team","First FGM","Team","Quarter","Home/Away","Favorite/Underdog",0.4989,100,0.4762,110,0.0227,0.0217,1.083,0.703246753246753,2026-06-02 16:51:56.789124,1,"1Q LAS","Win",1.083,1.1913,0.703246753246753,0.773571428571428,"First Team_1Q LAS_2026-06-02"
2026-06-02,"MGM","PDX @ GSV","1022600068","First Basket","First FGM","Player","Game","Home/Away","Favorite/Underdog",0.0875,1042,0.0769,1200,0.0106,0.0058,0.5753,0.487542372881356,2026-06-02 17:22:18.424323,1,"Megan Gustafson","Loss",0.5753,-0.5753,0.487542372881356,-0.487542372881356,"First Basket_Megan Gustafson_2026-06-02"
2026-06-02,"Draft Kings","PDX @ GSV","1022600068","First Basket","First Points","Player","Game","Home/Away","Favorite/Underdog",0.0919,988,0.0725,1280,0.0194,0.0105,1.0473,0.887542372881356,2026-06-02 12:21:53.602541,1,"Nyadiew Puoch","Loss",1.0473,-1.0473,0.887542372881356,-0.887542372881356,"First Basket_Nyadiew Puoch_2026-06-02"
2026-06-02,"Draft Kings","PDX @ GSV","1022600068","First Basket","First Points","Player","Game","Home/Away","Favorite/Underdog",0.0919,988,0.0667,1400,0.0252,0.0135,1.3514,1.14525423728814,2026-06-02 12:51:22.765781,2,"Nyadiew Puoch","Loss",0.3041,-0.3041,0.257711864406784,-0.257711864406784,"First Basket_Nyadiew Puoch_2026-06-02"
2026-06-02,"FanDuel","PDX @ GSV","1022600068","First Basket by Team","First Points","Player","Team","Home/Away","Favorite/Underdog",0.2001,400,0.1887,430,0.0114,0.007,0.7038,0.328878504672897,2026-06-02 23:52:26.858789,1,"Emily Engstler","Win",0.7038,3.02634,0.328878504672897,1.41417757009346,"First Basket by Team_Emily Engstler_2026-06-02"
2026-06-02,"FanDuel","PDX @ GSV","1022600068","First Basket by Team","First Points","Player","Team","Home/Away","Favorite/Underdog",0.1444,593,0.1333,650,0.0111,0.0064,0.6385,0.298364485981308,2026-06-02 14:21:23.091406,1,"Kiah Stokes","Loss",0.6385,-0.6385,0.298364485981308,-0.298364485981308,"First Basket by Team_Kiah Stokes_2026-06-02"
2026-06-02,"Fanatics","PDX @ GSV","1022600068","First Basket by Team","First FGM","Player","Team","Home/Away","Favorite/Underdog",0.1911,423,0.1739,475,0.0172,0.0104,1.0427,0.487242990654206,2026-06-02 12:51:22.897399,1,"Nyadiew Puoch","Loss",1.0427,-1.0427,0.487242990654206,-0.487242990654206,"First Basket by Team_Nyadiew Puoch_2026-06-02"
2026-06-02,"FanDuel","PDX @ GSV","1022600068","First Basket by Team","First Points","Player","Team","Home/Away","Favorite/Underdog",0.1901,426,0.1724,480,0.0177,0.0107,1.0703,0.500140186915888,2026-06-03 01:22:43.620881,24,"Nyadiew Puoch","Loss",0.0276000000000001,-0.0276000000000001,0.012897196261682,-0.012897196261682,"First Basket by Team_Nyadiew Puoch_2026-06-02"
2026-06-02,"FanDuel","PDX @ GSV","1022600068","First Team","First Points","Team","Quarter","Home/Away","Favorite/Underdog",0.4829,107,0.4717,112,0.0112,0.0106,0.5282,0.342987012987013,2026-06-02 20:22:43.643047,1,"1Q PDX","Loss",0.5282,-0.5282,0.342987012987013,-0.342987012987013,"First Team_1Q PDX_2026-06-02"
2026-06-03,"BetRivers","PHX @ SEA","1022600071","First Basket","First FGM","Player","Game","Home/Away","Favorite/Underdog",0.0932,972,0.0714,1300,0.0218,0.0117,1.1749,0.995677966101695,2026-06-03 16:21:29.882088,5,"Monique Akoa Makani","Loss",1.1749,-1.1749,0.995677966101695,-0.995677966101695,"First Basket_Monique Akoa Makani_2026-06-03"
2026-06-03,"Draft Kings","PHX @ SEA","1022600071","First Basket","First Points","Player","Game","Home/Away","Favorite/Underdog",0.0965,936,0.0862,1060,0.0103,0.0056,0.5623,0.476525423728814,2026-06-03 16:21:29.882088,4,"Natasha Mack","Loss",0.5623,-0.5623,0.476525423728814,-0.476525423728814,"First Basket_Natasha Mack_2026-06-03"
2026-06-03,"Draft Kings","PHX @ SEA","1022600071","First Basket","First Points","Player","Game","Home/Away","Favorite/Underdog",0.0839,1092,0.0602,1560,0.0237,0.0126,1.2585,1.06652542372881,2026-06-03 13:30:44.413021,1,"Noemie Brochant","Loss",1.2585,-1.2585,1.06652542372881,-1.06652542372881,"First Basket_Noemie Brochant_2026-06-03"
2026-06-03,"FanDuel","PHX @ SEA","1022600071","First Basket by Team","First Points","Player","Team","Home/Away","Favorite/Underdog",0.1979,405,0.1754,470,0.0225,0.0136,1.3622,0.636542056074766,2026-06-03 18:20:51.612783,5,"Jordan Horston","Loss",0.3793,-0.3793,0.177242990654205,-0.177242990654205,"First Basket by Team_Jordan Horston_2026-06-03"
2026-06-03,"FanDuel","PHX @ SEA","1022600071","First Basket by Team","First Points","Player","Team","Home/Away","Favorite/Underdog",0.1979,405,0.1818,450,0.0161,0.0098,0.9829,0.459299065420561,2026-06-03 17:21:06.736376,3,"Jordan Horston","Loss",0.2025,-0.2025,0.094626168224299,-0.094626168224299,"First Basket by Team_Jordan Horston_2026-06-03"
2026-06-03,"FanDuel","PHX @ SEA","1022600071","First Basket by Team","First Points","Player","Team","Home/Away","Favorite/Underdog",0.1979,405,0.1852,440,0.0127,0.0078,0.7804,0.364672897196262,2026-06-03 16:21:29.948222,1,"Jordan Horston","Loss",0.7804,-0.7804,0.364672897196262,-0.364672897196262,"First Basket by Team_Jordan Horston_2026-06-03"
2026-06-03,"Draft Kings","PHX @ SEA","1022600071","First Basket by Team","First Points","Player","Team","Home/Away","Favorite/Underdog",0.2742,265,0.2597,285,0.0252,0.017,1.7,0.794392523364486,2026-06-03 14:11:06.327542,1,"Kahleah Copper","Loss",1.7,-1.7,0.794392523364486,-0.794392523364486,"First Basket by Team_Kahleah Copper_2026-06-03"
2026-06-03,"FanDuel","PHX @ SEA","1022600071","First Basket by Team","First Points","Player","Team","Home/Away","Favorite/Underdog",0.1609,522,0.1333,650,0.0275,0.0159,1.5889,0.742476635514019,2026-06-03 13:30:44.48911,1,"Monique Akoa Makani","Loss",1.5889,-1.5889,0.742476635514019,-0.742476635514019,"First Basket by Team_Monique Akoa Makani_2026-06-03"
2026-06-03,"FanDuel","PHX @ SEA","1022600071","First Basket by Team","First Points","Player","Team","Home/Away","Favorite/Underdog",0.1609,522,0.125,700,0.0359,0.0205,2.0499,0.957897196261682,2026-06-04 01:21:09.352408,20,"Monique Akoa Makani","Loss",0.461,-0.461,0.215420560747663,-0.215420560747663,"First Basket by Team_Monique Akoa Makani_2026-06-03"
2026-06-03,"Fanatics","PHX @ SEA","1022600071","First Basket by Team","First FGM","Player","Team","Home/Away","Favorite/Underdog",0.184,444,0.1739,475,0.01,0.0061,0.6076,0.28392523364486,2026-06-03 14:11:06.327542,1,"Natasha Mack","Win",0.6076,2.8861,0.28392523364486,1.34864485981308,"First Basket by Team_Natasha Mack_2026-06-03"
2026-06-03,"FanDuel","PHX @ SEA","1022600071","First Basket by Team","First Points","Player","Team","Home/Away","Favorite/Underdog",0.1518,559,0.1176,750,0.0342,0.0194,1.9359,0.904626168224299,2026-06-03 13:30:44.48911,1,"Noemie Brochant","Loss",1.9359,-1.9359,0.904626168224299,-0.904626168224299,"First Basket by Team_Noemie Brochant_2026-06-03"
2026-06-03,"FanDuel","PHX @ SEA","1022600071","First Basket by Team","First Points","Player","Team","Home/Away","Favorite/Underdog",0.1518,559,0.1111,800,0.0407,0.0229,2.2893,1.06976635514019,2026-06-03 17:50:58.566587,8,"Noemie Brochant","Loss",0.3534,-0.3534,0.165140186915891,-0.165140186915891,"First Basket by Team_Noemie Brochant_2026-06-03"
2026-06-03,"BetRivers","TOR @ NYL","1022600070","First Basket","First FGM","Player","Game","Home/Away","Favorite/Underdog",0.0874,1044,0.0714,1300,0.016,0.0086,0.8592,0.728135593220339,2026-06-03 13:30:44.413021,1,"Laura Juskaite","Loss",0.8592,-0.8592,0.728135593220339,-0.728135593220339,"First Basket_Laura Juskaite_2026-06-03"
2026-06-03,"FanDuel","TOR @ NYL","1022600070","First Basket","First Points","Player","Game","Home/Away","Favorite/Underdog",0.0859,1064,0.0588,1600,0.0271,0.0144,1.438,1.21864406779661,2026-06-03 22:21:32.743769,14,"Laura Juskaite","Loss",0.4081,-0.4081,0.345847457627118,-0.345847457627118,"First Basket_Laura Juskaite_2026-06-03"
2026-06-03,"FanDuel","TOR @ NYL","1022600070","First Basket","First Points","Player","Game","Home/Away","Favorite/Underdog",0.0859,1064,0.0667,1400,0.0192,0.0103,1.0299,0.872796610169492,2026-06-03 20:20:59.645258,11,"Laura Juskaite","Loss",0.1707,-0.1707,0.144661016949153,-0.144661016949153,"First Basket_Laura Juskaite_2026-06-03"
2026-06-03,"FanDuel","TOR @ NYL","1022600070","First Basket Exact","First Points","Player","Exact","Home/Away","Favorite/Underdog",0.0319,3036,0.0217,4500,0.0101,0.0052,0.5187,0.774179104477612,2026-06-03 15:29:40.850963,3,"Marina Mabrey layup","Loss",0.5187,-0.5187,0.774179104477612,-0.774179104477612,"First Basket Exact_Marina Mabrey layup_2026-06-03"
2026-06-03,"Fanatics","TOR @ NYL","1022600070","First Basket by Team","First FGM","Player","Team","Home/Away","Favorite/Underdog",0.2224,350,0.2105,375,0.0119,0.0075,0.7513,0.35107476635514,2026-06-03 14:11:06.327542,1,"Brittney Sykes","Loss",0.7513,-0.7513,0.35107476635514,-0.35107476635514,"First Basket by Team_Brittney Sykes_2026-06-03"
2026-06-03,"Fanatics","TOR @ NYL","1022600070","First Basket by Team","First FGM","Player","Team","Home/Away","Favorite/Underdog",0.1859,438,0.1538,550,0.032,0.0189,1.8917,0.883971962616822,2026-06-03 13:30:44.48911,1,"Laura Juskaite","Loss",1.8917,-1.8917,0.883971962616822,-0.883971962616822,"First Basket by Team_Laura Juskaite_2026-06-03"
2026-06-03,"Fanatics","TOR @ NYL","1022600070","First Basket by Team","First FGM","Player","Team","Home/Away","Favorite/Underdog",0.1859,438,0.1429,600,0.043,0.0251,2.5084,1.17214953271028,2026-06-03 22:21:32.809096,14,"Laura Juskaite","Loss",0.6167,-0.6167,0.288177570093458,-0.288177570093458,"First Basket by Team_Laura Juskaite_2026-06-03"
2026-06-03,"Fanatics","TOR @ NYL","1022600070","First Basket by Team","First FGM","Player","Team","Home/Away","Favorite/Underdog",0.1936,417,0.1739,475,0.0197,0.0119,1.1897,0.555934579439252,2026-06-03 13:30:44.48911,1,"Nyara Sabally","Win",1.1897,5.651075,0.555934579439252,2.64068925233645,"First Basket by Team_Nyara Sabally_2026-06-03"
2026-06-03,"FanDuel","TOR @ NYL","1022600070","First Team","First Points","Team","Quarter","Home/Away","Favorite/Underdog",0.4502,122,0.4132,142,0.037,0.0315,1.5761,1.02344155844156,2026-06-03 13:30:44.543844,1,"1Q TOR","Loss",1.5761,-1.5761,1.02344155844156,-1.02344155844156,"First Team_1Q TOR_2026-06-03"
2026-06-04,"FanDuel","ATL @ IND","1022600072","First Basket","First Points","Player","Game","Home/Away","Favorite/Underdog",0.0842,1088,0.0714,1300,0.0127,0.0069,0.6859,0.581271186440678,2026-06-04 13:21:55.769734,1,"Jordin Canada","Win",0.6859,8.9167,0.581271186440678,7.55652542372881,"First Basket_Jordin Canada_2026-06-04"
2026-06-04,"FanDuel","ATL @ IND","1022600072","First Basket","First Points","Player","Game","Home/Away","Favorite/Underdog",0.0842,1088,0.0667,1400,0.0175,0.0094,0.9375,0.794491525423729,2026-06-04 14:51:27.357572,4,"Jordin Canada","Win",0.2516,3.5224,0.213220338983051,2.98508474576271,"First Basket_Jordin Canada_2026-06-04"
2026-06-04,"Draft Kings","ATL @ IND","1022600072","First Basket","First Points","Player","Game","Home/Away","Favorite/Underdog",0.0758,1219,0.0476,2000,0.0282,0.0148,1.4797,1.25398305084746,2026-06-04 13:21:55.769734,1,"Lexie Hull","Loss",1.4797,-1.4797,1.25398305084746,-1.25398305084746,"First Basket_Lexie Hull_2026-06-04"
2026-06-04,"Draft Kings","ATL @ IND","1022600072","First Basket","First Points","Player","Game","Home/Away","Favorite/Underdog",0.0758,1219,0.0455,2100,0.0304,0.0159,1.5898,1.34728813559322,2026-06-04 13:51:32.555835,2,"Lexie Hull","Loss",0.1101,-0.1101,0.0933050847457599,-0.0933050847457599,"First Basket_Lexie Hull_2026-06-04"
2026-06-04,"Draft Kings","ATL @ IND","1022600072","First Basket","First Points","Player","Game","Home/Away","Favorite/Underdog",0.091,998,0.0435,2200,0.0476,0.0249,2.4865,2.10720338983051,2026-06-04 13:21:55.769734,1,"Monique Billings","Loss",2.4865,-2.4865,2.10720338983051,-2.10720338983051,"First Basket_Monique Billings_2026-06-04"
2026-06-04,"FanDuel","ATL @ IND","1022600072","First Basket","First Points","Player","Game","Home/Away","Favorite/Underdog",0.0846,1082,0.0714,1300,0.0132,0.0071,0.7101,0.601779661016949,2026-06-04 13:21:55.769734,1,"Naz Hillmon","Loss",0.7101,-0.7101,0.601779661016949,-0.601779661016949,"First Basket_Naz Hillmon_2026-06-04"
2026-06-04,"MGM","ATL @ IND","1022600072","First Basket","First FGM","Player","Game","Home/Away","Favorite/Underdog",0.0829,1107,0.0667,1400,0.0162,0.0087,0.8685,0.736016949152542,2026-06-04 19:20:45.058822,5,"Naz Hillmon","Loss",0.1584,-0.1584,0.134237288135593,-0.134237288135593,"First Basket_Naz Hillmon_2026-06-04"
2026-06-04,"FanDuel","ATL @ IND","1022600072","First Basket Exact","First Points","Player","Exact","Home/Away","Favorite/Underdog",0.0447,2139,0.0323,3000,0.0124,0.0064,0.6409,0.956567164179104,2026-06-04 13:21:55.870699,1,"Monique Billings layup","Loss",0.6409,-0.6409,0.956567164179104,-0.956567164179104,"First Basket Exact_Monique Billings layup_2026-06-04"
2026-06-04,"Draft Kings","ATL @ IND","1022600072","First Basket by Team","First FGM","Player","Team","Home/Away","Favorite/Underdog",0.2232,348,0.1739,475,0.0318,0.0192,1.9243,0.899205607476635,2026-06-04 15:21:44.388639,1,"Allisha Gray","Loss",1.9243,-1.9243,0.899205607476635,-0.899205607476635,"First Basket by Team_Allisha Gray_2026-06-04"
2026-06-04,"Draft Kings","ATL @ IND","1022600072","First Basket by Team","First FGM","Player","Team","Home/Away","Favorite/Underdog",0.238,320,0.2597,285,0.0171,0.0116,1.1577,0.540981308411215,2026-06-04 15:21:44.388639,1,"Angel Reese","Loss",1.1577,-1.1577,0.540981308411215,-0.540981308411215,"First Basket by Team_Angel Reese_2026-06-04"
2026-06-04,"FanDuel","ATL @ IND","1022600072","First Basket by Team","First Points","Player","Team","Home/Away","Favorite/Underdog",0.1698,489,0.1429,600,0.0269,0.0157,1.5704,0.733831775700934,2026-06-04 13:21:55.836938,1,"Jordin Canada","Win",1.5704,9.4224,0.733831775700934,4.4029906542056,"First Basket by Team_Jordin Canada_2026-06-04"
2026-06-04,"FanDuel","ATL @ IND","1022600072","First Basket by Team","First Points","Player","Team","Home/Away","Favorite/Underdog",0.1698,489,0.1333,650,0.0364,0.021,2.1026,0.982523364485981,2026-06-04 14:51:27.416823,4,"Jordin Canada","Win",0.5322,3.4593,0.248691588785047,1.6164953271028,"First Basket by Team_Jordin Canada_2026-06-04"
2026-06-04,"Fanatics","ATL @ IND","1022600072","First Basket by Team","First FGM","Player","Team","Home/Away","Favorite/Underdog",0.1503,565,0.1,900,0.0503,0.028,2.7968,1.30691588785047,2026-06-04 13:21:55.836938,1,"Lexie Hull","Win",2.7968,25.1712,1.30691588785047,11.7622429906542,"First Basket by Team_Lexie Hull_2026-06-04"
2026-06-04,"Fanatics","ATL @ IND","1022600072","First Basket by Team","First FGM","Player","Team","Home/Away","Favorite/Underdog",0.1503,565,0.0909,1000,0.0594,0.0327,3.2688,1.52747663551402,2026-06-04 13:51:32.620401,2,"Lexie Hull","Win",0.472,4.72,0.22056074766355,2.2056074766355,"First Basket by Team_Lexie Hull_2026-06-04"
2026-06-04,"FanDuel","ATL @ IND","1022600072","First Basket by Team","First Points","Player","Team","Home/Away","Favorite/Underdog",0.1806,454,0.0769,1200,0.1036,0.0561,5.6134,2.62308411214953,2026-06-04 16:21:32.478352,7,"Monique Billings","Loss",0.3104,-0.3104,0.14504672897196,-0.14504672897196,"First Basket by Team_Monique Billings_2026-06-04"
2026-06-04,"FanDuel","ATL @ IND","1022600072","First Basket by Team","First Points","Player","Team","Home/Away","Favorite/Underdog",0.1806,454,0.0833,1100,0.0972,0.053,5.303,2.47803738317757,2026-06-04 14:51:27.416823,4,"Monique Billings","Loss",0.281,-0.281,0.13130841121495,-0.13130841121495,"First Basket by Team_Monique Billings_2026-06-04"
2026-06-04,"Fanatics","ATL @ IND","1022600072","First Basket by Team","First FGM","Player","Team","Home/Away","Favorite/Underdog",0.1787,460,0.087,1050,0.0917,0.0502,5.022,2.34672897196262,2026-06-04 13:21:55.836938,1,"Monique Billings","Loss",5.022,-5.022,2.34672897196262,-2.34672897196262,"First Basket by Team_Monique Billings_2026-06-04"
2026-06-04,"FanDuel","ATL @ IND","1022600072","First Basket by Team","First Points","Player","Team","Home/Away","Favorite/Underdog",0.1707,486,0.1429,600,0.0278,0.0162,1.6232,0.758504672897196,2026-06-04 13:21:55.836938,1,"Naz Hillmon","Loss",1.6232,-1.6232,0.758504672897196,-0.758504672897196,"First Basket by Team_Naz Hillmon_2026-06-04"
2026-06-04,"FanDuel","GSV @ MIN","1022600073","First Basket","First Points","Player","Game","Home/Away","Favorite/Underdog",0.1016,885,0.0909,1000,0.0107,0.0059,0.5859,0.496525423728814,2026-06-04 14:21:36.754794,1,"Courtney Williams","Loss",0.5859,-0.5859,0.496525423728814,-0.496525423728814,"First Basket_Courtney Williams_2026-06-04"
2026-06-04,"FanDuel","GSV @ MIN","1022600073","First Basket","First Points","Player","Game","Home/Away","Favorite/Underdog",0.1016,885,0.0833,1100,0.0182,0.0099,0.9943,0.842627118644068,2026-06-04 19:20:45.058822,10,"Courtney Williams","Loss",0.4084,-0.4084,0.346101694915254,-0.346101694915254,"First Basket_Courtney Williams_2026-06-04"
2026-06-04,"Draft Kings","GSV @ MIN","1022600073","First Basket","First Points","Player","Game","Home/Away","Favorite/Underdog",0.074,1251,0.061,1540,0.013,0.0069,0.6937,0.587881355932203,2026-06-04 22:51:04.812412,1,"Kiah Stokes","Loss",0.6937,-0.6937,0.587881355932203,-0.587881355932203,"First Basket_Kiah Stokes_2026-06-04"
2026-06-04,"FanDuel","GSV @ MIN","1022600073","First Basket","First Points","Player","Game","Home/Away","Favorite/Underdog",0.074,1251,0.0588,1600,0.0152,0.0081,0.8065,0.683474576271186,2026-06-04 23:51:15.381374,3,"Kiah Stokes","Loss",0.1128,-0.1128,0.095593220338983,-0.095593220338983,"First Basket_Kiah Stokes_2026-06-04"
2026-06-04,"FanDuel","GSV @ MIN","1022600073","First Basket Exact","First Points","Player","Exact","Home/Away","Favorite/Underdog",0.037,2606,0.0244,4000,0.0126,0.0064,0.6442,0.961492537313433,2026-06-04 20:21:38.638638,1,"Cecilia Zandalasini layup","Loss",0.6442,-0.6442,0.961492537313433,-0.961492537313433,"First Basket Exact_Cecilia Zandalasini layup_2026-06-04"
2026-06-04,"FanDuel","GSV @ MIN","1022600073","First Basket Exact","First Points","Player","Exact","Home/Away","Favorite/Underdog",0.0301,3224,0.0196,5000,0.0105,0.0053,0.5342,0.797313432835821,2026-06-04 14:21:36.847956,3,"Courtney Williams layup","Loss",0.5342,-0.5342,0.797313432835821,-0.797313432835821,"First Basket Exact_Courtney Williams layup_2026-06-04"
2026-06-04,"Draft Kings","GSV @ MIN","1022600073","First Basket by Team","First FGM","Player","Team","Home/Away","Favorite/Underdog",0.2174,360,0.1739,475,0.0401,0.0243,2.4272,1.13420560747664,2026-06-04 15:21:44.388639,1,"Cecilia Zandalasini","Loss",2.4272,-2.4272,1.13420560747664,-1.13420560747664,"First Basket by Team_Cecilia Zandalasini_2026-06-04"
2026-06-04,"FanDuel","GSV @ MIN","1022600073","First Basket by Team","First Points","Player","Team","Home/Away","Favorite/Underdog",0.2093,378,0.1695,490,0.0398,0.024,2.3954,1.11934579439252,2026-06-04 20:21:38.60511,15,"Courtney Williams","Loss",0.1681,-0.1681,0.07855140186916,-0.07855140186916,"First Basket by Team_Courtney Williams_2026-06-04"
2026-06-04,"FanDuel","GSV @ MIN","1022600073","First Basket by Team","First Points","Player","Team","Home/Away","Favorite/Underdog",0.2093,378,0.1724,480,0.0369,0.0223,2.2273,1.04079439252336,2026-06-04 16:51:28.004153,8,"Courtney Williams","Loss",0.5492,-0.5492,0.256635514018687,-0.256635514018687,"First Basket by Team_Courtney Williams_2026-06-04"
2026-06-04,"FanDuel","GSV @ MIN","1022600073","First Basket by Team","First Points","Player","Team","Home/Away","Favorite/Underdog",0.2093,378,0.1818,450,0.0275,0.0168,1.6781,0.784158878504673,2026-06-04 14:21:36.814421,3,"Courtney Williams","Loss",0.6275,-0.6275,0.293224299065421,-0.293224299065421,"First Basket by Team_Courtney Williams_2026-06-04"
2026-06-04,"FanDuel","GSV @ MIN","1022600073","First Basket by Team","First Points","Player","Team","Home/Away","Favorite/Underdog",0.2093,378,0.1923,420,0.017,0.0105,1.0506,0.490934579439252,2026-06-04 13:21:55.836938,1,"Courtney Williams","Loss",1.0506,-1.0506,0.490934579439252,-0.490934579439252,"First Basket by Team_Courtney Williams_2026-06-04"
2026-06-04,"Draft Kings","GSV @ MIN","1022600073","First Basket by Team","First FGM","Player","Team","Home/Away","Favorite/Underdog",0.1438,596,0.125,700,0.023,0.0132,1.3164,0.615140186915888,2026-06-04 15:21:44.388639,1,"Kiah Stokes","Loss",1.3164,-1.3164,0.615140186915888,-0.615140186915888,"First Basket by Team_Kiah Stokes_2026-06-04"
2026-06-04,"FanDuel","GSV @ MIN","1022600073","First Basket by Team","First Points","Player","Team","Home/Away","Favorite/Underdog",0.1438,596,0.1111,800,0.0327,0.0184,1.8376,0.858691588785047,2026-06-04 23:51:15.439521,18,"Kiah Stokes","Loss",0.3568,-0.3568,0.166728971962617,-0.166728971962617,"First Basket by Team_Kiah Stokes_2026-06-04"
2026-06-04,"FanDuel","GSV @ MIN","1022600073","First Basket by Team","First Points","Player","Team","Home/Away","Favorite/Underdog",0.1438,596,0.1176,750,0.0261,0.0148,1.4808,0.69196261682243,2026-06-04 22:51:04.871882,16,"Kiah Stokes","Loss",0.1644,-0.1644,0.076822429906542,-0.076822429906542,"First Basket by Team_Kiah Stokes_2026-06-04"
2026-06-04,"Draft Kings","GSV @ MIN","1022600073","First Basket by Team","First FGM","Player","Team","Home/Away","Favorite/Underdog",0.2645,278,0.2083,380,0.0723,0.0457,4.5652,2.13327102803738,2026-06-04 15:21:44.388639,1,"Natasha Howard","Loss",4.5652,-4.5652,2.13327102803738,-2.13327102803738,"First Basket by Team_Natasha Howard_2026-06-04"
