"date","book","game","game_id","prop_type","bet_level_1","bet_level_2","bet_level_3","bet_location","bet_status","prob_model","line_model","prob_book","line_book","edge","kelly","units","units_standardized","run_timestamp_utc","timestamp_id","play","result","units_bet","units_net","units_standardized_bet","units_standardized_net"
2026-05-08,"FanDuel","CON @ NYL","1022600001","First Basket by Team","First Points","Player","Team","Home/Away","Favorite/Underdog",0.1575,535,0.1333,650,0.0241,0.0139,1.3927,0.650794392523364,2026-05-08 23:19:26.420889,1,"Kennedy Burke","Loss",1.3927,-1.3927,0.650794392523364,-0.650794392523364
2026-05-08,"FanDuel","GSV @ SEA","1022600003","First Basket","First Points","Player","Game","Home/Away","Favorite/Underdog",0.1404,612,0.125,700,0.0154,0.0088,0.8794,0.745254237288136,2026-05-08 17:36:57.041986,1,"Natisha Hiedeman","Loss",0.8794,-0.8794,0.745254237288136,-0.745254237288136
2026-05-08,"FanDuel","GSV @ SEA","1022600003","First Basket Exact","First Points","Player","Exact","Home/Away","Favorite/Underdog",0.0424,2258,0.0278,3500,0.0146,0.0075,0.7521,1.12253731343284,2026-05-08 15:46:44.964326,1,"Natisha Hiedeman other","Loss",0.7521,-0.7521,1.12253731343284,-1.12253731343284
2026-05-08,"FanDuel","GSV @ SEA","1022600003","First Basket by Team","First Points","Player","Team","Home/Away","Favorite/Underdog",0.255,292,0.2326,330,0.0224,0.0146,1.4618,0.683084112149533,2026-05-08 15:46:44.939302,1,"Natisha Hiedeman","Loss",1.4618,-1.4618,0.683084112149533,-0.683084112149533
2026-05-08,"FanDuel","GSV @ SEA","1022600003","First Basket by Team","First Points","Player","Team","Home/Away","Favorite/Underdog",0.255,292,0.2222,350,0.0328,0.0211,2.1068,0.984485981308411,2026-05-08 17:36:57.103773,3,"Natisha Hiedeman","Loss",0.645,-0.645,0.301401869158878,-0.301401869158878
2026-05-08,"Draft Kings","WAS @ TOR","1022600002","First Basket","First Points","Player","Game","Home/Away","Favorite/Underdog",0.128,682,0.1,900,0.028,0.0155,1.5532,1.31627118644068,2026-05-08 15:46:44.877917,1,"Brittney Sykes","Loss",0.7766,-0.7766,0.65813559322034,-0.65813559322034
2026-05-08,"FanDuel","WAS @ TOR","1022600002","First Basket","First Points","Player","Game","Home/Away","Favorite/Underdog",0.128,682,0.1,900,0.028,0.0155,1.5532,1.31627118644068,2026-05-08 15:46:44.877917,1,"Brittney Sykes","Loss",0.7766,-0.7766,0.65813559322034,-0.65813559322034
2026-05-08,"FanDuel","WAS @ TOR","1022600002","First Basket","First Points","Player","Game","Home/Away","Favorite/Underdog",0.128,682,0.0952,950,0.0327,0.0181,1.8082,1.53237288135593,2026-05-08 17:36:57.041986,3,"Brittney Sykes","Loss",0.255,-0.255,0.21610169491525,-0.21610169491525
2026-05-08,"Caesars","WAS @ TOR","1022600002","First Basket","First Points","Player","Game","Home/Away","Favorite/Underdog",0.0875,1043,0.0769,1200,0.0105,0.0057,0.5707,0.48364406779661,2026-05-08 15:46:44.877917,1,"Julie Allemand","Loss",0.190233333333333,-0.190233333333333,0.161214689265537,-0.161214689265537
2026-05-08,"Draft Kings","WAS @ TOR","1022600002","First Basket","First Points","Player","Game","Home/Away","Favorite/Underdog",0.0875,1043,0.0769,1200,0.0105,0.0057,0.5707,0.48364406779661,2026-05-08 15:46:44.877917,1,"Julie Allemand","Loss",0.190233333333333,-0.190233333333333,0.161214689265537,-0.161214689265537
2026-05-08,"FanDuel","WAS @ TOR","1022600002","First Basket","First Points","Player","Game","Home/Away","Favorite/Underdog",0.0875,1043,0.0769,1200,0.0105,0.0057,0.5707,0.48364406779661,2026-05-08 15:46:44.877917,1,"Julie Allemand","Loss",0.190233333333333,-0.190233333333333,0.161214689265537,-0.161214689265537
2026-05-08,"FanDuel","WAS @ TOR","1022600002","First Basket","First Points","Player","Game","Home/Away","Favorite/Underdog",0.0875,1043,0.0667,1400,0.0208,0.0111,1.1138,0.943898305084746,2026-05-08 17:36:57.041986,3,"Julie Allemand","Loss",0.5431,-0.5431,0.460254237288136,-0.460254237288136
2026-05-08,"Draft Kings","WAS @ TOR","1022600002","First Basket","First Points","Player","Game","Home/Away","Favorite/Underdog",0.1476,578,0.1333,650,0.0142,0.0082,0.8211,0.695847457627119,2026-05-08 15:46:44.877917,1,"Kiki Iriafen","Loss",0.8211,-0.8211,0.695847457627119,-0.695847457627119
2026-05-08,"FanDuel","WAS @ TOR","1022600002","First Basket","First Points","Player","Game","Home/Away","Favorite/Underdog",0.1324,655,0.1176,750,0.0148,0.0084,0.8365,0.708898305084746,2026-05-08 21:02:56.674523,1,"Marina Mabrey","Loss",0.8365,-0.8365,0.708898305084746,-0.708898305084746
2026-05-08,"Draft Kings","WAS @ TOR","1022600002","First Basket","First Points","Player","Game","Home/Away","Favorite/Underdog",0.1139,778,0.1,900,0.0139,0.0077,0.7743,0.656186440677966,2026-05-08 22:34:26.557619,1,"Nyara Sabally","Loss",0.7743,-0.7743,0.656186440677966,-0.656186440677966
2026-05-08,"FanDuel","WAS @ TOR","1022600002","First Basket Exact","First Points","Player","Exact","Home/Away","Favorite/Underdog",0.0393,2446,0.0196,5000,0.0197,0.01,1.0028,1.49671641791045,2026-05-08 15:46:44.964326,1,"Brittney Sykes other","Loss",1.0028,-1.0028,1.49671641791045,-1.49671641791045
2026-05-08,"FanDuel","WAS @ TOR","1022600002","First Basket Exact","First Points","Player","Exact","Home/Away","Favorite/Underdog",0.0578,1630,0.0385,2500,0.0194,0.0101,1.0063,1.50194029850746,2026-05-08 15:46:44.964326,1,"Kiki Iriafen other","Loss",1.0063,-1.0063,1.50194029850746,-1.50194029850746
2026-05-08,"FanDuel","WAS @ TOR","1022600002","First Basket Exact","First Points","Player","Exact","Home/Away","Favorite/Underdog",0.0385,2495,0.0278,3500,0.0108,0.0055,0.553,0.825373134328358,2026-05-08 15:46:44.964326,1,"Marina Mabrey layup","Loss",0.553,-0.553,0.825373134328358,-0.825373134328358
2026-05-08,"FanDuel","WAS @ TOR","1022600002","First Basket Exact","First Points","Player","Exact","Home/Away","Favorite/Underdog",0.046,2073,0.0357,2700,0.0103,0.0053,0.5347,0.798059701492537,2026-05-08 15:46:44.964326,1,"Marina Mabrey other","Loss",0.5347,-0.5347,0.798059701492537,-0.798059701492537
2026-05-08,"FanDuel","WAS @ TOR","1022600002","First Basket by Team","First Points","Player","Team","Home/Away","Favorite/Underdog",0.2423,313,0.1923,420,0.05,0.031,3.0953,1.44640186915888,2026-05-08 15:46:44.939302,1,"Brittney Sykes","Win",3.0953,13.00026,1.44640186915888,6.0748878504673
2026-05-08,"FanDuel","WAS @ TOR","1022600002","First Basket by Team","First Points","Player","Team","Home/Away","Favorite/Underdog",0.2423,313,0.1887,430,0.0536,0.0331,3.3051,1.54443925233645,2026-05-08 18:06:15.230037,4,"Brittney Sykes","Win",0.2098,0.90214,0.09803738317757,0.421560747663551
2026-05-08,"FanDuel","WAS @ TOR","1022600002","First Basket by Team","First Points","Player","Team","Home/Away","Favorite/Underdog",0.1656,504,0.1429,600,0.0228,0.0133,1.3276,0.620373831775701,2026-05-08 15:46:44.939302,1,"Julie Allemand","Loss",1.3276,-1.3276,0.620373831775701,-0.620373831775701
2026-05-08,"FanDuel","WAS @ TOR","1022600002","First Basket by Team","First Points","Player","Team","Home/Away","Favorite/Underdog",0.1656,504,0.1333,650,0.0323,0.0186,1.8625,0.870327102803738,2026-05-08 17:36:57.103773,3,"Julie Allemand","Loss",0.5349,-0.5349,0.249953271028037,-0.249953271028037
2026-05-08,"FanDuel","WAS @ TOR","1022600002","First Basket by Team","First Points","Player","Team","Home/Away","Favorite/Underdog",0.3127,220,0.2703,270,0.0424,0.0291,2.9068,1.35831775700935,2026-05-08 15:46:44.939302,1,"Kiki Iriafen","Loss",2.9068,-2.9068,1.35831775700935,-1.35831775700935
2026-05-08,"FanDuel","WAS @ TOR","1022600002","First Basket by Team","First Points","Player","Team","Home/Away","Favorite/Underdog",0.2507,299,0.2381,320,0.0126,0.0083,0.8295,0.387616822429907,2026-05-08 19:35:21.083575,1,"Marina Mabrey","Loss",0.8295,-0.8295,0.387616822429907,-0.387616822429907
2026-05-09,"Draft Kings","ATL @ MIN","1022600010","First Basket","First Points","Player","Game","Home/Away","Favorite/Underdog",0.1229,714,0.0909,1000,0.032,0.0176,1.7602,1.49169491525424,2026-05-09 16:00:27.085282,1,"Courtney Williams","Loss",1.7602,-1.7602,1.49169491525424,-1.49169491525424
2026-05-09,"FanDuel","ATL @ MIN","1022600010","First Basket Exact","First Points","Player","Exact","Home/Away","Favorite/Underdog",0.0334,2895,0.0196,5000,0.0138,0.007,0.7026,1.04865671641791,2026-05-09 16:00:27.166956,1,"Courtney Williams layup","Loss",0.7026,-0.7026,1.04865671641791,-1.04865671641791
2026-05-09,"FanDuel","ATL @ MIN","1022600010","First Basket Exact","First Points","Player","Exact","Home/Away","Favorite/Underdog",0.0556,1698,0.0385,2500,0.0172,0.0089,0.8928,1.33253731343284,2026-05-09 16:00:27.166956,1,"Courtney Williams other","Loss",0.8928,-0.8928,1.33253731343284,-1.33253731343284
2026-05-09,"FanDuel","ATL @ MIN","1022600010","First Basket Exact","First Points","Player","Exact","Home/Away","Favorite/Underdog",0.0346,2791,0.0244,4000,0.0102,0.0052,0.5225,0.779850746268657,2026-05-09 16:00:27.166956,1,"Rhyne Howard layup","Loss",0.5225,-0.5225,0.779850746268657,-0.779850746268657
2026-05-09,"FanDuel","ATL @ MIN","1022600010","First Basket Exact","First Points","Player","Exact","Home/Away","Favorite/Underdog",0.0346,2790,0.0244,4000,0.0102,0.0052,0.5236,0.781492537313433,2026-05-09 22:26:30.940178,10,"Rhyne Howard layup","Loss",0.00109999999999999,-0.00109999999999999,0.00164179104477602,-0.00164179104477602
2026-05-09,"FanDuel","ATL @ MIN","1022600010","First Basket by Team","First Points","Player","Team","Home/Away","Favorite/Underdog",0.2551,292,0.1923,420,0.0628,0.0388,3.8849,1.8153738317757,2026-05-09 16:00:27.139048,1,"Courtney Williams","Loss",3.8849,-3.8849,1.8153738317757,-1.8153738317757
2026-05-09,"FanDuel","ATL @ MIN","1022600010","First Basket by Team","First Points","Player","Team","Home/Away","Favorite/Underdog",0.2551,292,0.1887,430,0.0664,0.0409,4.0911,1.91172897196262,2026-05-09 16:45:50.334842,2,"Courtney Williams","Loss",0.2062,-0.2062,0.09635514018692,-0.09635514018692
2026-05-09,"FanDuel","ATL @ MIN","1022600010","First Basket by Team","First Points","Player","Team","Home/Away","Favorite/Underdog",0.1859,438,0.1754,470,0.0104,0.0063,0.6335,0.296028037383178,2026-05-09 16:00:27.139048,1,"Jordin Canada","Loss",0.6335,-0.6335,0.296028037383178,-0.296028037383178
2026-05-09,"FanDuel","ATL @ MIN","1022600010","First Basket by Team","First Points","Player","Team","Home/Away","Favorite/Underdog",0.1859,438,0.1724,480,0.0135,0.0081,0.8139,0.380327102803738,2026-05-09 16:45:50.334842,2,"Jordin Canada","Loss",0.1804,-0.1804,0.08429906542056,-0.08429906542056
2026-05-09,"Draft Kings","CHI @ PDX","1022600006","First Basket","First Points","Player","Game","Home/Away","Favorite/Underdog",0.1188,742,0.0833,1100,0.0355,0.0194,1.9357,1.64042372881356,2026-05-09 16:00:27.085282,1,"Carla Leite","Loss",1.9357,-1.9357,1.64042372881356,-1.64042372881356
2026-05-09,"Draft Kings","CHI @ PDX","1022600006","First Basket","First Points","Player","Game","Home/Away","Favorite/Underdog",0.1131,784,0.0833,1100,0.0298,0.0162,1.6231,1.37550847457627,2026-05-09 16:00:27.085282,1,"Emily Engstler","Loss",1.6231,-1.6231,1.37550847457627,-1.37550847457627
2026-05-09,"FanDuel","CHI @ PDX","1022600006","First Basket Exact","First Points","Player","Exact","Home/Away","Favorite/Underdog",0.0395,2429,0.0278,3500,0.0118,0.006,0.605,0.902985074626866,2026-05-09 16:00:27.166956,1,"Carla Leite other","Loss",0.605,-0.605,0.902985074626866,-0.902985074626866
2026-05-09,"FanDuel","CHI @ PDX","1022600006","First Basket Exact","First Points","Player","Exact","Home/Away","Favorite/Underdog",0.0395,2429,0.0244,4000,0.0152,0.0078,0.7765,1.1589552238806,2026-05-09 16:45:50.36932,2,"Carla Leite other","Loss",0.1715,-0.1715,0.255970149253734,-0.255970149253734
2026-05-09,"FanDuel","CHI @ PDX","1022600006","First Basket by Team","First Points","Player","Team","Home/Away","Favorite/Underdog",0.2642,278,0.2083,380,0.0559,0.0353,3.5287,1.64892523364486,2026-05-09 16:00:27.139048,1,"Carla Leite","Win",3.5287,13.40906,1.64892523364486,6.26591588785047
2026-05-09,"FanDuel","CHI @ PDX","1022600006","First Basket by Team","First Points","Player","Team","Home/Away","Favorite/Underdog",0.2515,298,0.2174,360,0.0341,0.0218,2.1767,1.01714953271028,2026-05-09 16:00:27.139048,1,"Emily Engstler","Loss",2.1767,-2.1767,1.01714953271028,-1.01714953271028
2026-05-09,"FanDuel","CHI @ PDX","1022600006","First Basket by Team","First Points","Player","Team","Home/Away","Favorite/Underdog",0.1552,544,0.1429,600,0.0123,0.0072,0.7187,0.335841121495327,2026-05-09 23:56:31.512444,1,"Jacy Sheldon","Loss",0.7187,-0.7187,0.335841121495327,-0.335841121495327
2026-05-09,"FanDuel","CHI @ PDX","1022600006","First Team","First Points","Team","Quarter","Home/Away","Favorite/Underdog",0.4497,122,0.4237,136,0.026,0.0226,1.1279,0.732402597402597,2026-05-09 16:00:27.188344,1,"1Q PDX","Loss",1.1279,-1.1279,0.732402597402597,-0.732402597402597
2026-05-09,"FanDuel","DAL @ IND","1022600004","First Basket by Team","First Points","Player","Team","Home/Away","Favorite/Underdog",0.1855,439,0.1695,490,0.016,0.0097,0.9651,0.450981308411215,2026-05-09 16:45:50.334842,1,"Alanna Smith","Loss",0.9651,-0.9651,0.450981308411215,-0.450981308411215
2026-05-09,"FanDuel","PHX @ LVA","1022600005","First Basket","First Points","Player","Game","Home/Away","Favorite/Underdog",0.1485,573,0.1333,650,0.0152,0.0088,0.8758,0.742203389830508,2026-05-09 16:00:27.085282,1,"Alyssa Thomas","Win",0.8758,5.6927,0.742203389830508,4.8243220338983
2026-05-09,"FanDuel","PHX @ LVA","1022600005","First Basket Exact","First Points","Player","Exact","Home/Away","Favorite/Underdog",0.0635,1474,0.05,1900,0.0135,0.0071,0.7128,1.06388059701493,2026-05-09 16:00:27.166956,1,"Alyssa Thomas other","Loss",0.7128,-0.7128,1.06388059701493,-1.06388059701493
2026-05-09,"FanDuel","PHX @ LVA","1022600005","First Basket Exact","First Points","Player","Exact","Home/Away","Favorite/Underdog",0.0635,1474,0.0476,2000,0.0159,0.0084,0.836,1.24776119402985,2026-05-09 16:45:50.36932,2,"Alyssa Thomas other","Loss",0.1232,-0.1232,0.18388059701492,-0.18388059701492
2026-05-09,"FanDuel","PHX @ LVA","1022600005","First Team","First Points","Team","Quarter","Home/Away","Favorite/Underdog",0.5373,-116,0.5238,-110,0.0135,0.0142,0.7077,0.459545454545455,2026-05-09 16:00:27.188344,1,"1Q PHX","Win",0.7077,0.643363636363636,0.459545454545455,0.417768595041323
2026-05-10,"Draft Kings","LVA @ LAS","1022600009","First Basket","First Points","Player","Game","Home/Away","Favorite/Underdog",0.0827,1110,0.0667,1400,0.016,0.0086,0.8567,0.726016949152542,2026-05-10 15:27:08.752759,1,"Ariel Atkins","Loss",0.8567,-0.8567,0.726016949152542,-0.726016949152542
2026-05-10,"FanDuel","LVA @ LAS","1022600009","First Basket","First Points","Player","Game","Home/Away","Favorite/Underdog",0.0832,1102,0.0625,1500,0.0207,0.0111,1.1054,0.936779661016949,2026-05-10 18:29:02.325442,2,"Ariel Atkins","Loss",0.2487,-0.2487,0.210762711864407,-0.210762711864407
2026-05-10,"Draft Kings","LVA @ LAS","1022600009","First Basket","First Points","Player","Game","Home/Away","Favorite/Underdog",0.0845,1084,0.0714,1300,0.013,0.007,0.7024,0.595254237288136,2026-05-10 15:27:08.752759,1,"Rae Burrell","Loss",0.7024,-0.7024,0.595254237288136,-0.595254237288136
2026-05-10,"Draft Kings","LVA @ LAS","1022600009","First Basket","First Points","Player","Game","Home/Away","Favorite/Underdog",0.085,1076,0.0714,1300,0.0136,0.0073,0.7319,0.620254237288136,2026-05-10 18:29:02.325442,2,"Rae Burrell","Loss",0.0295,-0.0295,0.025,-0.025
2026-05-10,"FanDuel","LVA @ LAS","1022600009","First Basket by Team","First Points","Player","Team","Home/Away","Favorite/Underdog",0.1678,496,0.1333,650,0.0345,0.0199,1.9886,0.929252336448598,2026-05-10 15:27:08.812201,1,"Ariel Atkins","Win",1.9886,12.9259,0.929252336448598,6.04014018691589
2026-05-10,"FanDuel","LVA @ LAS","1022600009","First Basket by Team","First Points","Player","Team","Home/Away","Favorite/Underdog",0.1686,493,0.1333,650,0.0353,0.0204,2.037,0.951869158878505,2026-05-10 18:29:02.385873,2,"Ariel Atkins","Win",0.0484,0.3146,0.022616822429907,0.147009345794396
2026-05-10,"FanDuel","LVA @ LAS","1022600009","First Basket by Team","First Points","Player","Team","Home/Away","Favorite/Underdog",0.1378,626,0.125,700,0.0128,0.0073,0.7298,0.341028037383178,2026-05-10 18:29:02.385873,1,"Chelsea Gray","Loss",0.7298,-0.7298,0.341028037383178,-0.341028037383178
2026-05-10,"Fanatics","LVA @ LAS","1022600009","First Basket by Team","First FGM","Player","Team","Home/Away","Favorite/Underdog",0.1687,493,0.1538,550,0.0148,0.0088,0.8755,0.40911214953271,2026-05-10 15:27:08.812201,1,"NaLyssa Smith","Loss",0.8755,-0.8755,0.40911214953271,-0.40911214953271
2026-05-10,"FanDuel","LVA @ LAS","1022600009","First Basket by Team","First Points","Player","Team","Home/Away","Favorite/Underdog",0.1715,483,0.1429,600,0.0286,0.0167,1.6699,0.780327102803738,2026-05-10 15:27:08.812201,1,"Rae Burrell","Loss",1.6699,-1.6699,0.780327102803738,-0.780327102803738
2026-05-10,"FanDuel","LVA @ LAS","1022600009","First Basket by Team","First Points","Player","Team","Home/Away","Favorite/Underdog",0.1723,480,0.1429,600,0.0294,0.0172,1.7163,0.802009345794392,2026-05-10 18:29:02.385873,2,"Rae Burrell","Loss",0.0464,-0.0464,0.021682242990654,-0.021682242990654
2026-05-10,"FanDuel","NYL @ WAS","1022600008","First Basket","First Points","Player","Game","Home/Away","Favorite/Underdog",0.0752,1230,0.0588,1600,0.0164,0.0087,0.8705,0.73771186440678,2026-05-10 15:27:08.752759,1,"Georgia Amoore","Loss",0.8705,-0.8705,0.73771186440678,-0.73771186440678
2026-05-10,"FanDuel","NYL @ WAS","1022600008","First Basket","First Points","Player","Game","Home/Away","Favorite/Underdog",0.0742,1248,0.0556,1700,0.0186,0.0099,0.9861,0.835677966101695,2026-05-10 18:29:02.325442,2,"Georgia Amoore","Loss",0.1156,-0.1156,0.0979661016949149,-0.0979661016949149
2026-05-10,"FanDuel","NYL @ WAS","1022600008","First Basket Exact","First Points","Player","Exact","Home/Away","Favorite/Underdog",0.0327,2962,0.0196,5000,0.0131,0.0067,0.6656,0.993432835820895,2026-05-10 15:27:08.836296,1,"Marine Johannes layup","Loss",0.6656,-0.6656,0.993432835820895,-0.993432835820895
2026-05-10,"Fanatics","NYL @ WAS","1022600008","First Basket by Team","First FGM","Player","Team","Home/Away","Favorite/Underdog",0.1763,467,0.1429,600,0.0335,0.0195,1.9526,0.912429906542056,2026-05-10 15:27:08.812201,1,"Georgia Amoore","Loss",1.9526,-1.9526,0.912429906542056,-0.912429906542056
2026-05-10,"FanDuel","PHX @ GSV","1022600011","First Basket","First Points","Player","Game","Home/Away","Favorite/Underdog",0.1617,518,0.1429,600,0.0189,0.011,1.1019,0.933813559322034,2026-05-10 18:29:02.325442,1,"Alyssa Thomas","Loss",1.1019,-1.1019,0.933813559322034,-0.933813559322034
2026-05-10,"BetRivers","PHX @ GSV","1022600011","First Basket","First FGM","Player","Game","Home/Away","Favorite/Underdog",0.0944,959,0.0769,1200,0.0175,0.0095,0.9492,0.804406779661017,2026-05-10 22:35:50.372487,1,"Jovana Nogic","Win",0.9492,11.3904,0.804406779661017,9.6528813559322
2026-05-10,"FanDuel","PHX @ GSV","1022600011","First Basket","First Points","Player","Game","Home/Away","Favorite/Underdog",0.0972,929,0.0769,1200,0.0202,0.011,1.0967,0.929406779661017,2026-05-11 00:22:26.491288,1,"Kaila Charles","Loss",1.0967,-1.0967,0.929406779661017,-0.929406779661017
2026-05-10,"FanDuel","PHX @ GSV","1022600011","First Basket Exact","First Points","Player","Exact","Home/Away","Favorite/Underdog",0.0713,1302,0.0588,1600,0.0125,0.0066,0.6645,0.991791044776119,2026-05-10 18:29:02.411415,1,"Alyssa Thomas other","Loss",0.6645,-0.6645,0.991791044776119,-0.991791044776119
2026-05-10,"Fanatics","PHX @ GSV","1022600011","First Basket by Team","First FGM","Player","Team","Home/Away","Favorite/Underdog",0.177,465,0.1538,550,0.0232,0.0137,1.3699,0.640140186915888,2026-05-10 22:35:50.488609,1,"Jovana Nogic","Win",1.3699,7.53445,0.640140186915888,3.52077102803738
2026-05-10,"FanDuel","PHX @ GSV","1022600011","First Basket by Team","First Points","Player","Team","Home/Away","Favorite/Underdog",0.2116,373,0.1538,550,0.0578,0.0341,3.4142,1.59542056074766,2026-05-11 00:22:26.70104,1,"Kaila Charles","Loss",3.4142,-3.4142,1.59542056074766,-1.59542056074766
2026-05-10,"FanDuel","PHX @ GSV","1022600011","First Basket by Team","First Points","Player","Team","Home/Away","Favorite/Underdog",0.1528,554,0.1333,650,0.0195,0.0112,1.1233,0.524906542056075,2026-05-10 22:55:56.662715,1,"Kiah Stokes","Win",1.1233,7.30145,0.524906542056075,3.41189252336449
2026-05-10,"FanDuel","PHX @ GSV","1022600011","First Team","First Points","Team","Quarter","Home/Away","Favorite/Underdog",0.5817,-139,0.5652,-130,0.0165,0.0189,0.946,0.614285714285714,2026-05-10 18:29:02.435266,1,"1Q PHX","Win",0.946,0.727692307692308,0.614285714285714,0.472527472527472
2026-05-10,"FanDuel","SEA @ CON","1022600007","First Basket","First Points","Player","Game","Home/Away","Favorite/Underdog",0.1013,887,0.0909,1000,0.0104,0.0057,0.574,0.486440677966102,2026-05-10 15:27:08.752759,1,"Flau'jae Johnson","Loss",0.574,-0.574,0.486440677966102,-0.486440677966102
2026-05-10,"FanDuel","SEA @ CON","1022600007","First Basket","First Points","Player","Game","Home/Away","Favorite/Underdog",0.1005,895,0.0769,1200,0.0236,0.0128,1.2778,1.0828813559322,2026-05-10 15:27:08.752759,1,"Natisha Hiedeman","Loss",1.2778,-1.2778,1.0828813559322,-1.0828813559322
2026-05-10,"FanDuel","SEA @ CON","1022600007","First Basket","First Points","Player","Game","Home/Away","Favorite/Underdog",0.0831,1103,0.0714,1300,0.0117,0.0063,0.6291,0.533135593220339,2026-05-10 15:27:08.752759,1,"Saniya Rivers","Loss",0.6291,-0.6291,0.533135593220339,-0.533135593220339
2026-05-10,"FanDuel","SEA @ CON","1022600007","First Basket by Team","First Points","Player","Team","Home/Away","Favorite/Underdog",0.1551,545,0.125,700,0.0301,0.0172,1.7185,0.80303738317757,2026-05-10 15:27:08.812201,1,"Kennedy Burke","Loss",1.7185,-1.7185,0.80303738317757,-0.80303738317757
2026-05-10,"FanDuel","SEA @ CON","1022600007","First Basket by Team","First Points","Player","Team","Home/Away","Favorite/Underdog",0.2076,382,0.1724,480,0.0352,0.0213,2.1259,0.993411214953271,2026-05-10 15:27:08.812201,1,"Natisha Hiedeman","Loss",2.1259,-2.1259,0.993411214953271,-0.993411214953271
2026-05-10,"FanDuel","SEA @ CON","1022600007","First Basket by Team","First Points","Player","Team","Home/Away","Favorite/Underdog",0.1611,521,0.1176,750,0.0435,0.0246,2.4636,1.15121495327103,2026-05-10 15:27:08.812201,1,"Saniya Rivers","Loss",2.4636,-2.4636,1.15121495327103,-1.15121495327103
2026-05-10,"FanDuel","SEA @ CON","1022600007","First Team","First Points","Team","Quarter","Home/Away","Favorite/Underdog",0.4842,107,0.4505,122,0.0337,0.0307,1.5338,0.995974025974026,2026-05-10 15:27:08.859208,1,"1Q SEA","Win",1.5338,1.871236,0.995974025974026,1.21508831168831
2026-05-12,"BetRivers","ATL @ DAL","1022600012","First Basket","First FGM","Player","Game","Home/Away","Favorite/Underdog",0.0908,1001,0.0769,1200,0.0139,0.0075,0.7527,0.637881355932203,2026-05-12 12:27:57.040653,1,"Alanna Smith","Loss",0.7527,-0.7527,0.637881355932203,-0.637881355932203
2026-05-12,"FanDuel","ATL @ DAL","1022600012","First Basket","First Points","Player","Game","Home/Away","Favorite/Underdog",0.098,921,0.0833,1100,0.0146,0.008,0.7976,0.67593220338983,2026-05-12 23:49:22.55149,1,"Jordin Canada","Loss",0.7976,-0.7976,0.67593220338983,-0.67593220338983
2026-05-12,"FanDuel","ATL @ DAL","1022600012","First Basket Exact","First Points","Player","Exact","Home/Away","Favorite/Underdog",0.0317,3053,0.0217,4500,0.01,0.0051,0.5101,0.76134328358209,2026-05-12 18:49:21.092152,1,"Rhyne Howard layup","Loss",0.5101,-0.5101,0.76134328358209,-0.76134328358209
2026-05-12,"FanDuel","ATL @ DAL","1022600012","First Basket by Team","First Points","Player","Team","Home/Away","Favorite/Underdog",0.1785,460,0.1667,500,0.0118,0.0071,0.7094,0.331495327102804,2026-05-12 12:27:57.107148,1,"Alanna Smith","Loss",0.7094,-0.7094,0.331495327102804,-0.331495327102804
2026-05-12,"FanDuel","ATL @ DAL","1022600012","First Basket by Team","First Points","Player","Team","Home/Away","Favorite/Underdog",0.1861,437,0.1754,470,0.0106,0.0064,0.644,0.300934579439252,2026-05-12 19:48:51.97197,1,"Jordin Canada","Loss",0.644,-0.644,0.300934579439252,-0.300934579439252
2026-05-12,"FanDuel","ATL @ DAL","1022600012","First Basket by Team","First Points","Player","Team","Home/Away","Favorite/Underdog",0.1861,437,0.1538,550,0.0322,0.019,1.9034,0.889439252336448,2026-05-12 23:49:22.612536,2,"Jordin Canada","Loss",1.2594,-1.2594,0.588504672897196,-0.588504672897196
2026-05-12,"FanDuel","ATL @ DAL","1022600012","First Basket by Team","First Points","Player","Team","Home/Away","Favorite/Underdog",0.1734,477,0.1538,550,0.0196,0.0116,1.1564,0.540373831775701,2026-05-12 23:49:22.612536,1,"Naz Hillmon","Loss",1.1564,-1.1564,0.540373831775701,-0.540373831775701
2026-05-12,"FanDuel","MIN @ PHX","1022600013","First Basket","First Points","Player","Game","Home/Away","Favorite/Underdog",0.084,1091,0.0714,1300,0.0125,0.0067,0.6745,0.571610169491525,2026-05-12 16:19:00.466939,1,"Natasha Mack","Loss",0.6745,-0.6745,0.571610169491525,-0.571610169491525
2026-05-12,"BetRivers","MIN @ PHX","1022600013","First Basket","First FGM","Player","Game","Home/Away","Favorite/Underdog",0.0875,1043,0.0769,1200,0.0106,0.0057,0.572,0.484745762711864,2026-05-12 12:27:57.040653,1,"Olivia Miles","Loss",0.572,-0.572,0.484745762711864,-0.484745762711864
2026-05-12,"FanDuel","MIN @ PHX","1022600013","First Basket Exact","First Points","Player","Exact","Home/Away","Favorite/Underdog",0.031,3128,0.0196,5000,0.0114,0.0058,0.58,0.865671641791045,2026-05-12 12:27:57.149229,1,"Courtney Williams layup","Loss",0.58,-0.58,0.865671641791045,-0.865671641791045
2026-05-12,"FanDuel","MIN @ PHX","1022600013","First Basket by Team","First Points","Player","Team","Home/Away","Favorite/Underdog",0.1524,556,0.1333,650,0.0191,0.011,1.1006,0.514299065420561,2026-05-12 16:19:00.528264,1,"Natasha Mack","Loss",1.1006,-1.1006,0.514299065420561,-0.514299065420561
2026-05-12,"FanDuel","MIN @ PHX","1022600013","First Basket by Team","First Points","Player","Team","Home/Away","Favorite/Underdog",0.1819,450,0.1695,490,0.0125,0.0075,0.75,0.350467289719626,2026-05-12 12:27:57.107148,1,"Olivia Miles","Win",0.75,3.675,0.350467289719626,1.71728971962617
2026-05-12,"Fanatics","MIN @ PHX","1022600013","First Basket by Team","First FGM","Player","Team","Home/Away","Favorite/Underdog",0.1909,424,0.1739,475,0.017,0.0103,1.0292,0.480934579439252,2026-05-12 13:19:15.809188,2,"Olivia Miles","Win",0.2792,1.3262,0.130467289719626,0.619719626168224
2026-05-12,"BetRivers","NYL @ PDX","1022600014","First Basket","First FGM","Player","Game","Home/Away","Favorite/Underdog",0.1151,768,0.0667,1400,0.0485,0.026,2.5971,2.20093220338983,2026-05-12 12:27:57.040653,1,"Emily Engstler","Loss",2.5971,-2.5971,2.20093220338983,-2.20093220338983
2026-05-12,"FanDuel","NYL @ PDX","1022600014","First Basket","First Points","Player","Game","Home/Away","Favorite/Underdog",0.1128,787,0.0625,1500,0.0503,0.0268,2.6824,2.27322033898305,2026-05-12 19:48:51.91053,15,"Emily Engstler","Loss",0.0852999999999997,-0.0852999999999997,0.0722881355932197,-0.0722881355932197
2026-05-12,"FanDuel","NYL @ PDX","1022600014","First Basket Exact","First Points","Player","Exact","Home/Away","Favorite/Underdog",0.0496,1918,0.0357,2700,0.0138,0.0072,0.7178,1.07134328358209,2026-05-12 12:27:57.149229,1,"Emily Engstler layup","Loss",0.7178,-0.7178,1.07134328358209,-1.07134328358209
2026-05-12,"FanDuel","NYL @ PDX","1022600014","First Basket Exact","First Points","Player","Exact","Home/Away","Favorite/Underdog",0.0302,3212,0.0196,5000,0.0106,0.0054,0.5399,0.805820895522388,2026-05-12 12:27:57.149229,1,"Marine Johannes layup","Loss",0.5399,-0.5399,0.805820895522388,-0.805820895522388
2026-05-12,"FanDuel","NYL @ PDX","1022600014","First Basket Exact","First Points","Player","Exact","Home/Away","Favorite/Underdog",0.0302,3212,0.0196,5000,0.0106,0.0054,0.54,0.805970149253731,2026-05-12 13:19:15.843571,2,"Marine Johannes layup","Loss",9.9999999999989e-05,-9.9999999999989e-05,0.000149253731343002,-0.000149253731343002
2026-05-12,"FanDuel","NYL @ PDX","1022600014","First Basket by Team","First Points","Player","Team","Home/Away","Favorite/Underdog",0.2488,302,0.1754,470,0.0733,0.0445,4.447,2.07803738317757,2026-05-12 12:27:57.107148,1,"Emily Engstler","Loss",4.447,-4.447,2.07803738317757,-2.07803738317757
2026-05-12,"FanDuel","NYL @ PDX","1022600014","First Basket by Team","First Points","Player","Team","Home/Away","Favorite/Underdog",0.2488,302,0.1724,480,0.0764,0.0461,4.6135,2.15584112149533,2026-05-12 13:19:15.809188,2,"Emily Engstler","Loss",0.1665,-0.1665,0.0778037383177601,-0.0778037383177601
2026-05-12,"FanDuel","NYL @ PDX","1022600014","First Basket by Team","First Points","Player","Team","Home/Away","Favorite/Underdog",0.2488,302,0.1695,490,0.0793,0.0477,4.7732,2.23046728971963,2026-05-12 15:19:27.807331,6,"Emily Engstler","Loss",0.1597,-0.1597,0.0746261682243001,-0.0746261682243001
2026-05-12,"FanDuel","NYL @ PDX","1022600014","First Basket by Team","First Points","Player","Team","Home/Away","Favorite/Underdog",0.2488,302,0.1667,500,0.0821,0.0493,4.9265,2.30210280373832,2026-05-12 16:49:15.000461,9,"Emily Engstler","Loss",0.1533,-0.1533,0.07163551401869,-0.07163551401869
2026-05-12,"FanDuel","NYL @ PDX","1022600014","First Basket by Team","First Points","Player","Team","Home/Away","Favorite/Underdog",0.1709,485,0.1538,550,0.0171,0.0101,1.0092,0.471588785046729,2026-05-12 12:27:57.107148,1,"Marine Johannes","Loss",1.0092,-1.0092,0.471588785046729,-0.471588785046729
2026-05-12,"FanDuel","NYL @ PDX","1022600014","First Basket by Team","First Points","Player","Team","Home/Away","Favorite/Underdog",0.1709,485,0.1429,600,0.0281,0.0164,1.6373,0.765093457943925,2026-05-12 13:19:15.809188,2,"Marine Johannes","Loss",0.6281,-0.6281,0.293504672897196,-0.293504672897196
2026-05-12,"FanDuel","NYL @ PDX","1022600014","First Basket by Team","First Points","Player","Team","Home/Away","Favorite/Underdog",0.1552,544,0.1429,600,0.0123,0.0072,0.7191,0.336028037383178,2026-05-12 21:18:40.033768,1,"Pauline Astier","Win",0.7191,4.3146,0.336028037383178,2.01616822429907
2026-05-12,"FanDuel","NYL @ PDX","1022600014","First Basket by Team","First Points","Player","Team","Home/Away","Favorite/Underdog",0.1552,544,0.1333,650,0.0219,0.0126,1.2606,0.589065420560748,2026-05-12 21:48:56.411725,2,"Pauline Astier","Win",0.5415,3.51975,0.25303738317757,1.6447429906542
2026-05-12,"FanDuel","NYL @ PDX","1022600014","First Team","First Points","Team","Quarter","Home/Away","Favorite/Underdog",0.4534,121,0.4132,142,0.0402,0.0342,1.7117,1.11149350649351,2026-05-12 12:27:57.174768,1,"1Q PDX","Win",1.7117,2.430614,1.11149350649351,1.57832077922078
2026-05-12,"FanDuel","NYL @ PDX","1022600014","First Team","First Points","Team","Quarter","Home/Away","Favorite/Underdog",0.4534,121,0.4098,144,0.0436,0.0369,1.8452,1.19818181818182,2026-05-12 13:19:15.869018,2,"1Q PDX","Win",0.1335,0.19224,0.0866883116883099,0.124831168831166
2026-05-12,"FanDuel","NYL @ PDX","1022600014","First Team","First Points","Team","Quarter","Home/Away","Favorite/Underdog",0.4534,121,0.4032,148,0.0502,0.042,2.1016,1.36467532467532,2026-05-12 13:49:36.090686,3,"1Q PDX","Win",0.2564,0.379472,0.1664935064935,0.24641038961038
2026-05-12,"FanDuel","NYL @ PDX","1022600014","First Team","First Points","Team","Quarter","Home/Away","Favorite/Underdog",0.4534,121,0.4032,148,0.0502,0.042,2.1019,1.36487012987013,2026-05-12 14:18:54.660078,4,"1Q PDX","Win",0.000300000000000189,0.00044400000000028,0.000194805194809966,0.00028831168831875
2026-05-12,"FanDuel","NYL @ PDX","1022600014","First Team","First Points","Team","Quarter","Home/Away","Favorite/Underdog",0.4534,121,0.4032,148,0.0502,0.042,2.1021,1.365,2026-05-12 23:49:22.671711,23,"1Q PDX","Win",0.000199999999999978,0.000295999999999967,0.00012987012986998,0.00019220779220757
2026-05-13,"BetRivers","CHI @ GSV","1022600017","First Basket","First FGM","Player","Game","Home/Away","Favorite/Underdog",0.0986,914,0.0769,1200,0.0217,0.0118,1.1765,0.997033898305085,2026-05-13 12:02:43.185004,1,"Kaila Charles","Loss",1.1765,-1.1765,0.997033898305085,-0.997033898305085
2026-05-13,"FanDuel","CHI @ GSV","1022600017","First Basket","First Points","Player","Game","Home/Away","Favorite/Underdog",0.1059,845,0.0952,950,0.0106,0.0059,0.5865,0.497033898305085,2026-05-13 22:51:22.224928,1,"Skylar Diggins","Loss",0.5865,-0.5865,0.497033898305085,-0.497033898305085
2026-05-13,"FanDuel","CHI @ GSV","1022600017","First Basket by Team","First Points","Player","Team","Home/Away","Favorite/Underdog",0.1427,601,0.125,700,0.0177,0.0101,1.0132,0.473457943925234,2026-05-14 01:51:21.69227,1,"Gabriela Jaquez","Loss",1.0132,-1.0132,0.473457943925234,-0.473457943925234
2026-05-13,"FanDuel","CHI @ GSV","1022600017","First Basket by Team","First Points","Player","Team","Home/Away","Favorite/Underdog",0.2031,392,0.1538,550,0.0492,0.0291,2.9096,1.3596261682243,2026-05-13 12:02:43.243411,1,"Kaila Charles","Loss",2.9096,-2.9096,1.3596261682243,-1.3596261682243
2026-05-13,"Fanatics","CHI @ GSV","1022600017","First Basket by Team","First FGM","Player","Team","Home/Away","Favorite/Underdog",0.2063,385,0.1538,550,0.0524,0.031,3.0985,1.44789719626168,2026-05-13 16:51:22.109222,11,"Kaila Charles","Loss",0.1889,-0.1889,0.08827102803738,-0.08827102803738
2026-05-13,"FanDuel","CHI @ GSV","1022600017","First Basket by Team","First Points","Player","Team","Home/Away","Favorite/Underdog",0.1584,531,0.1429,600,0.0155,0.0091,0.907,0.423831775700935,2026-05-13 12:02:43.243411,1,"Kiah Stokes","Loss",0.907,-0.907,0.423831775700935,-0.423831775700935
2026-05-13,"FanDuel","CHI @ GSV","1022600017","First Basket by Team","First Points","Player","Team","Home/Away","Favorite/Underdog",0.2005,399,0.1754,470,0.0251,0.0152,1.5208,0.710654205607477,2026-05-13 22:51:22.351333,1,"Skylar Diggins","Loss",1.5208,-1.5208,0.710654205607477,-0.710654205607477
2026-05-13,"FanDuel","CHI @ GSV","1022600017","First Basket by Team","First Points","Player","Team","Home/Away","Favorite/Underdog",0.2005,399,0.1724,480,0.0281,0.017,1.698,0.793457943925234,2026-05-13 23:51:22.420452,3,"Skylar Diggins","Loss",0.1772,-0.1772,0.082803738317757,-0.082803738317757
2026-05-13,"Draft Kings","IND @ LAS","1022600018","First Basket","First Points","Player","Game","Home/Away","Favorite/Underdog",0.0817,1123,0.0625,1500,0.0192,0.0103,1.0264,0.869830508474576,2026-05-13 12:02:43.185004,1,"Ariel Atkins","Loss",1.0264,-1.0264,0.869830508474576,-0.869830508474576
2026-05-13,"Draft Kings","IND @ LAS","1022600018","First Basket","First Points","Player","Game","Home/Away","Favorite/Underdog",0.0811,1134,0.0667,1400,0.0144,0.0077,0.7715,0.653813559322034,2026-05-13 12:02:43.185004,1,"Rae Burrell","Win",0.38575,5.4005,0.326906779661017,4.57669491525424
2026-05-13,"FanDuel","IND @ LAS","1022600018","First Basket","First Points","Player","Game","Home/Away","Favorite/Underdog",0.0811,1134,0.0667,1400,0.0144,0.0077,0.7715,0.653813559322034,2026-05-13 12:02:43.185004,1,"Rae Burrell","Win",0.38575,5.4005,0.326906779661017,4.57669491525424
2026-05-13,"FanDuel","IND @ LAS","1022600018","First Basket","First Points","Player","Game","Home/Away","Favorite/Underdog",0.0811,1134,0.0625,1500,0.0186,0.0099,0.9903,0.839237288135593,2026-05-13 12:51:23.133527,3,"Rae Burrell","Win",0.2188,3.282,0.185423728813559,2.78135593220338
2026-05-13,"FanDuel","IND @ LAS","1022600018","First Basket","First Points","Player","Game","Home/Away","Favorite/Underdog",0.0811,1134,0.0588,1600,0.0222,0.0118,1.1818,1.00152542372881,2026-05-14 02:21:22.719718,30,"Rae Burrell","Win",0.1915,3.064,0.162288135593217,2.59661016949147
2026-05-13,"FanDuel","IND @ LAS","1022600018","First Basket","First Points","Player","Game","Home/Away","Favorite/Underdog",0.0741,1249,0.0625,1500,0.0116,0.0062,0.6208,0.526101694915254,2026-05-13 18:51:23.043846,1,"Sophie Cunningham","Loss",0.6208,-0.6208,0.526101694915254,-0.526101694915254
2026-05-13,"FanDuel","IND @ LAS","1022600018","First Basket by Team","First Points","Player","Team","Home/Away","Favorite/Underdog",0.1734,477,0.1333,650,0.0401,0.0231,2.3121,1.08042056074766,2026-05-13 12:02:43.243411,1,"Ariel Atkins","Loss",2.3121,-2.3121,1.08042056074766,-1.08042056074766
2026-05-13,"FanDuel","IND @ LAS","1022600018","First Basket by Team","First Points","Player","Team","Home/Away","Favorite/Underdog",0.172,481,0.1429,600,0.0291,0.017,1.6984,0.793644859813084,2026-05-13 12:02:43.243411,1,"Rae Burrell","Win",1.6984,10.1904,0.793644859813084,4.7618691588785
2026-05-13,"FanDuel","IND @ LAS","1022600018","First Basket by Team","First Points","Player","Team","Home/Away","Favorite/Underdog",0.172,481,0.1333,650,0.0386,0.0223,2.2292,1.04168224299065,2026-05-13 12:51:23.260452,3,"Rae Burrell","Win",0.5308,3.4502,0.248037383177566,1.61224299065418
2026-05-13,"FanDuel","IND @ LAS","1022600018","First Basket by Team","First Points","Player","Team","Home/Away","Favorite/Underdog",0.1403,613,0.125,700,0.0153,0.0087,0.8718,0.407383177570093,2026-05-13 12:02:43.243411,1,"Sophie Cunningham","Loss",0.8718,-0.8718,0.407383177570093,-0.407383177570093
2026-05-13,"Fanatics","IND @ LAS","1022600018","First Basket by Team","First FGM","Player","Team","Home/Away","Favorite/Underdog",0.1433,598,0.125,700,0.0183,0.0104,1.0442,0.487943925233645,2026-05-13 13:21:22.787625,4,"Sophie Cunningham","Loss",0.1724,-0.1724,0.080560747663552,-0.080560747663552
2026-05-13,"FanDuel","IND @ LAS","1022600018","First Basket by Team","First Points","Player","Team","Home/Away","Favorite/Underdog",0.1403,613,0.1176,750,0.0226,0.0128,1.2812,0.598691588785047,2026-05-13 18:21:23.1225,10,"Sophie Cunningham","Loss",0.237,-0.237,0.110747663551402,-0.110747663551402
2026-05-13,"FanDuel","IND @ LAS","1022600018","First Basket by Team","First Points","Player","Team","Home/Away","Favorite/Underdog",0.1403,613,0.1111,800,0.0291,0.0164,1.6394,0.76607476635514,2026-05-13 19:21:23.999921,12,"Sophie Cunningham","Loss",0.3582,-0.3582,0.167383177570093,-0.167383177570093
2026-05-13,"Draft Kings","LVA @ CON","1022600016","First Basket","First Points","Player","Game","Home/Away","Favorite/Underdog",0.084,1091,0.0714,1300,0.0125,0.0067,0.6742,0.57135593220339,2026-05-13 23:21:22.226003,1,"Charlisse Leger-Walker","Loss",0.6742,-0.6742,0.57135593220339,-0.57135593220339
2026-05-13,"Draft Kings","LVA @ CON","1022600016","First Basket","First Points","Player","Game","Home/Away","Favorite/Underdog",0.0664,1407,0.0526,1800,0.0137,0.0073,0.7253,0.614661016949153,2026-05-13 12:02:43.185004,1,"Chelsea Gray","Loss",0.7253,-0.7253,0.614661016949153,-0.614661016949153
2026-05-13,"Draft Kings","LVA @ CON","1022600016","First Basket","First Points","Player","Game","Home/Away","Favorite/Underdog",0.0665,1404,0.0526,1800,0.0138,0.0073,0.7305,0.61906779661017,2026-05-13 12:22:03.633976,2,"Chelsea Gray","Loss",0.00520000000000009,-0.00520000000000009,0.00440677966101699,-0.00440677966101699
2026-05-13,"FanDuel","LVA @ CON","1022600016","First Basket","First Points","Player","Game","Home/Away","Favorite/Underdog",0.0665,1404,0.05,1900,0.0165,0.0087,0.867,0.734745762711864,2026-05-13 16:21:22.946038,10,"Chelsea Gray","Loss",0.1365,-0.1365,0.115677966101694,-0.115677966101694
2026-05-13,"FanDuel","LVA @ CON","1022600016","First Basket","First Points","Player","Game","Home/Away","Favorite/Underdog",0.0665,1404,0.0476,2000,0.0189,0.0099,0.9898,0.838813559322034,2026-05-13 20:21:21.804235,18,"Chelsea Gray","Loss",0.1228,-0.1228,0.10406779661017,-0.10406779661017
2026-05-13,"FanDuel","LVA @ CON","1022600016","First Basket","First Points","Player","Game","Home/Away","Favorite/Underdog",0.091,999,0.0769,1200,0.0141,0.0076,0.7631,0.646694915254237,2026-05-13 12:02:43.185004,1,"Kennedy Burke","Loss",0.7631,-0.7631,0.646694915254237,-0.646694915254237
2026-05-13,"FanDuel","LVA @ CON","1022600016","First Basket","First Points","Player","Game","Home/Away","Favorite/Underdog",0.0909,1000,0.0714,1300,0.0195,0.0105,1.0483,0.888389830508475,2026-05-13 15:51:22.780994,9,"Kennedy Burke","Loss",0.2852,-0.2852,0.241694915254238,-0.241694915254238
2026-05-13,"FanDuel","LVA @ CON","1022600016","First Basket by Team","First Points","Player","Team","Home/Away","Favorite/Underdog",0.1451,589,0.1176,750,0.0275,0.0156,1.5558,0.727009345794392,2026-05-13 12:02:43.243411,1,"Chelsea Gray","Loss",1.5558,-1.5558,0.727009345794392,-0.727009345794392
2026-05-13,"FanDuel","LVA @ CON","1022600016","First Basket by Team","First Points","Player","Team","Home/Away","Favorite/Underdog",0.1451,589,0.1111,800,0.034,0.0191,1.912,0.893457943925234,2026-05-13 14:21:22.818525,6,"Chelsea Gray","Loss",0.3562,-0.3562,0.166448598130842,-0.166448598130842
2026-05-13,"FanDuel","LVA @ CON","1022600016","First Basket by Team","First Points","Player","Team","Home/Away","Favorite/Underdog",0.1451,589,0.1053,850,0.0398,0.0223,2.2263,1.04032710280374,2026-05-13 17:21:22.905928,12,"Chelsea Gray","Loss",0.3143,-0.3143,0.146869158878506,-0.146869158878506
2026-05-13,"FanDuel","LVA @ CON","1022600016","First Basket by Team","First Points","Player","Team","Home/Away","Favorite/Underdog",0.1451,589,0.1,900,0.0451,0.0251,2.5057,1.17088785046729,2026-05-13 20:21:21.930873,18,"Chelsea Gray","Loss",0.2794,-0.2794,0.13056074766355,-0.13056074766355
2026-05-13,"FanDuel","LVA @ CON","1022600016","First Basket by Team","First Points","Player","Team","Home/Away","Favorite/Underdog",0.1677,496,0.1429,600,0.0249,0.0145,1.4515,0.678271028037383,2026-05-13 12:02:43.243411,1,"Kennedy Burke","Win",1.4515,8.709,0.678271028037383,4.0696261682243
2026-05-13,"FanDuel","LVA @ CON","1022600016","First Basket by Team","First Points","Player","Team","Home/Away","Favorite/Underdog",0.1677,496,0.1333,650,0.0344,0.0198,1.985,0.927570093457944,2026-05-13 16:21:23.072597,10,"Kennedy Burke","Win",0.5335,3.46775,0.249299065420561,1.62044392523365
2026-05-13,"FanDuel","LVA @ CON","1022600016","First Basket by Team","First Points","Player","Team","Home/Away","Favorite/Underdog",0.1686,493,0.1538,550,0.0148,0.0087,0.8735,0.408177570093458,2026-05-13 12:02:43.243411,1,"Saniya Rivers","Loss",0.8735,-0.8735,0.408177570093458,-0.408177570093458
2026-05-13,"FanDuel","LVA @ CON","1022600016","First Basket by Team","First Points","Player","Team","Home/Away","Favorite/Underdog",0.1686,493,0.1429,600,0.0258,0.015,1.5033,0.702476635514019,2026-05-13 13:51:23.720482,5,"Saniya Rivers","Loss",0.6298,-0.6298,0.294299065420561,-0.294299065420561
2026-05-13,"FanDuel","LVA @ CON","1022600016","First Basket by Team","First Points","Player","Team","Home/Away","Favorite/Underdog",0.1333,650,0.1176,750,0.0157,0.0089,0.8873,0.414626168224299,2026-05-13 22:51:22.351333,1,"Stephanie Talbot","Win",0.8873,6.65475,0.414626168224299,3.10969626168224
2026-05-13,"FanDuel","SEA @ TOR","1022600015","First Basket","First Points","Player","Game","Home/Away","Favorite/Underdog",0.1255,697,0.0952,950,0.0303,0.0167,1.6735,1.41822033898305,2026-05-13 12:02:43.185004,1,"Jordan Horston","Loss",1.6735,-1.6735,1.41822033898305,-1.41822033898305
2026-05-13,"Draft Kings","SEA @ TOR","1022600015","First Basket","First Points","Player","Game","Home/Away","Favorite/Underdog",0.1255,697,0.0909,1000,0.0346,0.019,1.9036,1.61322033898305,2026-05-13 22:51:22.224928,23,"Jordan Horston","Loss",0.11505,-0.11505,0.0974999999999999,-0.0974999999999999
2026-05-13,"FanDuel","SEA @ TOR","1022600015","First Basket","First Points","Player","Game","Home/Away","Favorite/Underdog",0.1255,697,0.0909,1000,0.0346,0.019,1.9036,1.61322033898305,2026-05-13 22:51:22.224928,23,"Jordan Horston","Loss",0.11505,-0.11505,0.0974999999999999,-0.0974999999999999
2026-05-13,"FanDuel","SEA @ TOR","1022600015","First Basket","First Points","Player","Game","Home/Away","Favorite/Underdog",0.0712,1304,0.0476,2000,0.0236,0.0124,1.2385,1.04957627118644,2026-05-13 12:02:43.185004,1,"Julie Allemand","Loss",1.2385,-1.2385,1.04957627118644,-1.04957627118644
2026-05-13,"Draft Kings","SEA @ TOR","1022600015","First Basket","First Points","Player","Game","Home/Away","Favorite/Underdog",0.1072,833,0.0909,1000,0.0163,0.009,0.8968,0.76,2026-05-13 22:51:22.224928,1,"Natisha Hiedeman","Loss",0.4484,-0.4484,0.38,-0.38
2026-05-13,"FanDuel","SEA @ TOR","1022600015","First Basket","First Points","Player","Game","Home/Away","Favorite/Underdog",0.1072,833,0.0909,1000,0.0163,0.009,0.8968,0.76,2026-05-13 22:51:22.224928,1,"Natisha Hiedeman","Loss",0.4484,-0.4484,0.38,-0.38
2026-05-13,"FanDuel","SEA @ TOR","1022600015","First Basket Exact","First Points","Player","Exact","Home/Away","Favorite/Underdog",0.044,2173,0.0323,3000,0.0117,0.0061,0.6063,0.904925373134328,2026-05-13 22:51:22.434696,1,"Natisha Hiedeman layup","Loss",0.6063,-0.6063,0.904925373134328,-0.904925373134328
2026-05-13,"FanDuel","SEA @ TOR","1022600015","First Basket by Team","First Points","Player","Team","Home/Away","Favorite/Underdog",0.2268,341,0.1667,500,0.0601,0.0361,3.6061,1.68509345794393,2026-05-13 12:02:43.243411,1,"Jordan Horston","Loss",3.6061,-3.6061,1.68509345794393,-1.68509345794393
2026-05-13,"FanDuel","SEA @ TOR","1022600015","First Basket by Team","First Points","Player","Team","Home/Away","Favorite/Underdog",0.2268,341,0.1538,550,0.0729,0.0431,4.309,2.01355140186916,2026-05-13 22:51:22.351333,23,"Jordan Horston","Loss",0.7029,-0.7029,0.32845794392523,-0.32845794392523
2026-05-13,"FanDuel","SEA @ TOR","1022600015","First Basket by Team","First Points","Player","Team","Home/Away","Favorite/Underdog",0.1595,527,0.1053,850,0.0542,0.0303,3.0303,1.41602803738318,2026-05-13 12:02:43.243411,1,"Julie Allemand","Loss",3.0303,-3.0303,1.41602803738318,-1.41602803738318
2026-05-13,"FanDuel","SEA @ TOR","1022600015","First Basket by Team","First Points","Player","Team","Home/Away","Favorite/Underdog",0.1595,527,0.1,900,0.0595,0.033,3.305,1.54439252336449,2026-05-13 15:21:24.879252,8,"Julie Allemand","Loss",0.2747,-0.2747,0.12836448598131,-0.12836448598131
2026-05-13,"FanDuel","SEA @ TOR","1022600015","First Basket by Team","First Points","Player","Team","Home/Away","Favorite/Underdog",0.1937,416,0.1786,460,0.0151,0.0092,0.9206,0.43018691588785,2026-05-13 12:02:43.243411,1,"Natisha Hiedeman","Loss",0.9206,-0.9206,0.43018691588785,-0.43018691588785
2026-05-13,"FanDuel","SEA @ TOR","1022600015","First Basket by Team","First Points","Player","Team","Home/Away","Favorite/Underdog",0.1937,416,0.1754,470,0.0183,0.0111,1.1071,0.517336448598131,2026-05-13 12:22:03.760657,2,"Natisha Hiedeman","Loss",0.1865,-0.1865,0.087149532710281,-0.087149532710281
2026-05-13,"FanDuel","SEA @ TOR","1022600015","First Basket by Team","First Points","Player","Team","Home/Away","Favorite/Underdog",0.1937,416,0.1724,480,0.0213,0.0129,1.2858,0.600841121495327,2026-05-13 13:21:22.787625,4,"Natisha Hiedeman","Loss",0.1787,-0.1787,0.083504672897196,-0.083504672897196
2026-05-13,"FanDuel","SEA @ TOR","1022600015","First Basket by Team","First Points","Player","Team","Home/Away","Favorite/Underdog",0.1937,416,0.1695,490,0.0242,0.0146,1.4572,0.680934579439252,2026-05-13 13:51:23.720482,5,"Natisha Hiedeman","Loss",0.1714,-0.1714,0.080093457943925,-0.080093457943925
2026-05-13,"FanDuel","SEA @ TOR","1022600015","First Basket by Team","First Points","Player","Team","Home/Away","Favorite/Underdog",0.1937,416,0.1667,500,0.027,0.0162,1.6218,0.757850467289719,2026-05-13 14:21:22.818525,6,"Natisha Hiedeman","Loss",0.1646,-0.1646,0.0769158878504671,-0.0769158878504671
2026-05-13,"FanDuel","SEA @ TOR","1022600015","First Basket by Team","First Points","Player","Team","Home/Away","Favorite/Underdog",0.1937,416,0.1538,550,0.0398,0.0235,2.3548,1.1003738317757,2026-05-13 22:51:22.351333,23,"Natisha Hiedeman","Loss",0.733,-0.733,0.342523364485981,-0.342523364485981
2026-05-14,"Draft Kings","MIN @ DAL","1022600019","First Basket","First Points","Player","Game","Home/Away","Favorite/Underdog",0.1138,779,0.0909,1000,0.0229,0.0126,1.2592,1.0671186440678,2026-05-14 12:57:09.67498,1,"Courtney Williams","Loss",1.2592,-1.2592,1.0671186440678,-1.0671186440678
2026-05-14,"FanDuel","MIN @ DAL","1022600019","First Basket Exact","First Points","Player","Exact","Home/Away","Favorite/Underdog",0.0348,2771,0.0196,5000,0.0152,0.0078,0.7766,1.15910447761194,2026-05-14 12:57:09.76622,1,"Courtney Williams layup","Loss",0.7766,-0.7766,1.15910447761194,-1.15910447761194
2026-05-14,"FanDuel","MIN @ DAL","1022600019","First Basket by Team","First Points","Player","Team","Home/Away","Favorite/Underdog",0.1739,475,0.1538,550,0.0201,0.0119,1.1856,0.554018691588785,2026-05-14 13:51:17.373196,1,"Alanna Smith","Loss",1.1856,-1.1856,0.554018691588785,-0.554018691588785
2026-05-14,"FanDuel","MIN @ DAL","1022600019","First Basket by Team","First Points","Player","Team","Home/Away","Favorite/Underdog",0.22,355,0.1887,430,0.0313,0.0193,1.931,0.902336448598131,2026-05-14 12:57:09.735602,1,"Courtney Williams","Loss",1.931,-1.931,0.902336448598131,-0.902336448598131
2026-05-14,"FanDuel","MIN @ DAL","1022600019","First Basket by Team","First Points","Player","Team","Home/Away","Favorite/Underdog",0.22,355,0.1852,440,0.0348,0.0214,2.1371,0.998644859813084,2026-05-14 13:51:17.373196,3,"Courtney Williams","Loss",0.2061,-0.2061,0.096308411214953,-0.096308411214953
2026-05-14,"FanDuel","MIN @ DAL","1022600019","First Basket by Team","First Points","Player","Team","Home/Away","Favorite/Underdog",0.22,355,0.1818,450,0.0382,0.0233,2.3341,1.09070093457944,2026-05-14 14:51:17.724349,5,"Courtney Williams","Loss",0.197,-0.197,0.092056074766356,-0.092056074766356
2026-05-14,"FanDuel","MIN @ DAL","1022600019","First Basket by Team","First Points","Player","Team","Home/Away","Favorite/Underdog",0.1896,427,0.1754,470,0.0142,0.0086,0.8602,0.40196261682243,2026-05-14 23:51:17.216707,1,"Odyssey Sims","Loss",0.8602,-0.8602,0.40196261682243,-0.40196261682243
2026-05-14,"FanDuel","NYL @ PDX","1022600020","First Basket","First Points","Player","Game","Home/Away","Favorite/Underdog",0.0883,1032,0.0769,1200,0.0114,0.0062,0.6189,0.524491525423729,2026-05-14 15:51:17.325677,1,"Betnijah Laney-Hamilton","Loss",0.6189,-0.6189,0.524491525423729,-0.524491525423729
2026-05-14,"FanDuel","NYL @ PDX","1022600020","First Basket","First Points","Player","Game","Home/Away","Favorite/Underdog",0.0883,1032,0.0625,1500,0.0258,0.0138,1.3786,1.16830508474576,2026-05-15 01:21:16.101275,5,"Betnijah Laney-Hamilton","Loss",0.7597,-0.7597,0.643813559322031,-0.643813559322031
2026-05-14,"Draft Kings","NYL @ PDX","1022600020","First Basket","First Points","Player","Game","Home/Away","Favorite/Underdog",0.1043,859,0.0714,1300,0.0329,0.0177,1.7699,1.49991525423729,2026-05-14 12:57:09.67498,1,"Emily Engstler","Loss",0.88495,-0.88495,0.749957627118645,-0.749957627118645
2026-05-14,"FanDuel","NYL @ PDX","1022600020","First Basket","First Points","Player","Game","Home/Away","Favorite/Underdog",0.1043,859,0.0714,1300,0.0329,0.0177,1.7699,1.49991525423729,2026-05-14 12:57:09.67498,1,"Emily Engstler","Loss",0.88495,-0.88495,0.749957627118645,-0.749957627118645
2026-05-14,"FanDuel","NYL @ PDX","1022600020","First Basket","First Points","Player","Game","Home/Away","Favorite/Underdog",0.1043,859,0.0667,1400,0.0376,0.0202,2.0163,1.70872881355932,2026-05-14 13:21:33.536724,2,"Emily Engstler","Loss",0.2464,-0.2464,0.20881355932203,-0.20881355932203
2026-05-14,"FanDuel","NYL @ PDX","1022600020","First Basket","First Points","Player","Game","Home/Away","Favorite/Underdog",0.1043,859,0.0625,1500,0.0418,0.0223,2.2296,1.88949152542373,2026-05-14 19:21:17.987567,14,"Emily Engstler","Loss",0.2133,-0.2133,0.18076271186441,-0.18076271186441
2026-05-14,"FanDuel","NYL @ PDX","1022600020","First Basket Exact","First Points","Player","Exact","Home/Away","Favorite/Underdog",0.045,2120,0.0323,3000,0.0128,0.0066,0.6602,0.985373134328358,2026-05-14 19:21:18.177282,1,"Emily Engstler layup","Loss",0.6602,-0.6602,0.985373134328358,-0.985373134328358
2026-05-14,"FanDuel","NYL @ PDX","1022600020","First Basket by Team","First Points","Player","Team","Home/Away","Favorite/Underdog",0.1606,523,0.1429,600,0.0177,0.0103,1.0334,0.482897196261682,2026-05-14 12:57:09.735602,1,"Betnijah Laney-Hamilton","Loss",1.0334,-1.0334,0.482897196261682,-0.482897196261682
2026-05-14,"FanDuel","NYL @ PDX","1022600020","First Basket by Team","First Points","Player","Team","Home/Away","Favorite/Underdog",0.1606,523,0.1333,650,0.0272,0.0157,1.5715,0.734345794392523,2026-05-14 14:51:17.724349,5,"Betnijah Laney-Hamilton","Loss",0.5381,-0.5381,0.251448598130841,-0.251448598130841
2026-05-14,"FanDuel","NYL @ PDX","1022600020","First Basket by Team","First Points","Player","Team","Home/Away","Favorite/Underdog",0.1606,523,0.125,700,0.0356,0.0203,2.0327,0.949859813084112,2026-05-14 23:51:17.216707,23,"Betnijah Laney-Hamilton","Loss",0.4612,-0.4612,0.215514018691589,-0.215514018691589
2026-05-14,"FanDuel","NYL @ PDX","1022600020","First Basket by Team","First Points","Player","Team","Home/Away","Favorite/Underdog",0.1606,523,0.1176,750,0.0429,0.0243,2.4324,1.13663551401869,2026-05-15 00:21:16.62971,24,"Betnijah Laney-Hamilton","Loss",0.3997,-0.3997,0.186775700934578,-0.186775700934578
2026-05-14,"FanDuel","NYL @ PDX","1022600020","First Basket by Team","First Points","Player","Team","Home/Away","Favorite/Underdog",0.1606,523,0.1,900,0.0606,0.0337,3.3651,1.57247663551402,2026-05-15 01:21:16.220186,26,"Betnijah Laney-Hamilton","Loss",0.9327,-0.9327,0.43584112149533,-0.43584112149533
2026-05-14,"FanDuel","NYL @ PDX","1022600020","First Basket by Team","First Points","Player","Team","Home/Away","Favorite/Underdog",0.2319,331,0.1667,500,0.0652,0.0391,3.9138,1.8288785046729,2026-05-14 12:57:09.735602,1,"Emily Engstler","Loss",3.9138,-3.9138,1.8288785046729,-1.8288785046729
2026-05-14,"FanDuel","NYL @ PDX","1022600020","First Basket by Team","First Points","Player","Team","Home/Away","Favorite/Underdog",0.2319,331,0.1538,550,0.0781,0.0461,4.6121,2.15518691588785,2026-05-14 13:51:17.373196,3,"Emily Engstler","Loss",0.6983,-0.6983,0.32630841121495,-0.32630841121495
2026-05-14,"FanDuel","NYL @ PDX","1022600020","First Basket by Team","First Points","Player","Team","Home/Away","Favorite/Underdog",0.1684,494,0.1538,550,0.0146,0.0086,0.8626,0.403084112149533,2026-05-15 00:21:16.62971,1,"Marine Johannes","Loss",0.8626,-0.8626,0.403084112149533,-0.403084112149533
2026-05-14,"FanDuel","NYL @ PDX","1022600020","First Basket by Team","First Points","Player","Team","Home/Away","Favorite/Underdog",0.1684,494,0.1333,650,0.0351,0.0203,2.0256,0.946542056074766,2026-05-15 01:51:17.293766,3,"Marine Johannes","Loss",1.163,-1.163,0.543457943925233,-0.543457943925233
2026-05-14,"FanDuel","NYL @ PDX","1022600020","First Team","First Points","Team","Quarter","Home/Away","Favorite/Underdog",0.4498,122,0.4237,136,0.026,0.0226,1.1292,0.733246753246753,2026-05-14 12:57:09.79135,1,"1Q PDX","Win",1.1292,1.535712,0.733246753246753,0.997215584415584
2026-05-14,"FanDuel","NYL @ PDX","1022600020","First Team","First Points","Team","Quarter","Home/Away","Favorite/Underdog",0.4498,122,0.4237,136,0.0261,0.0226,1.1306,0.734155844155844,2026-05-14 13:21:33.782104,2,"1Q PDX","Win",0.00140000000000007,0.00190400000000009,0.00090909090909097,0.00123636363636372
2026-05-14,"FanDuel","NYL @ PDX","1022600020","First Team","First Points","Team","Quarter","Home/Away","Favorite/Underdog",0.4498,122,0.4202,138,0.0296,0.0255,1.2771,0.829285714285714,2026-05-14 17:51:19.437165,11,"1Q PDX","Win",0.1465,0.20217,0.09512987012987,0.131279220779221
2026-05-14,"FanDuel","NYL @ PDX","1022600020","First Team","First Points","Team","Quarter","Home/Away","Favorite/Underdog",0.4498,122,0.4132,142,0.0366,0.0312,1.5579,1.01162337662338,2026-05-15 01:51:17.41028,27,"1Q PDX","Win",0.2808,0.398736,0.182337662337666,0.258919480519486
2026-05-15,"FanDuel","CHI @ PHX","1022600024","First Basket","First Points","Player","Game","Home/Away","Favorite/Underdog",0.0699,1331,0.0556,1700,0.0143,0.0076,0.7574,0.641864406779661,2026-05-16 01:51:22.913976,1,"Gabriela Jaquez","Loss",0.7574,-0.7574,0.641864406779661,-0.641864406779661
2026-05-15,"FanDuel","CHI @ PHX","1022600024","First Basket","First Points","Player","Game","Home/Away","Favorite/Underdog",0.0741,1249,0.0556,1700,0.0186,0.0098,0.983,0.833050847457627,2026-05-15 11:22:33.474515,1,"Jacy Sheldon","Loss",0.983,-0.983,0.833050847457627,-0.833050847457627
2026-05-15,"FanDuel","CHI @ PHX","1022600024","First Basket","First Points","Player","Game","Home/Away","Favorite/Underdog",0.0741,1249,0.0526,1800,0.0215,0.0113,1.1343,0.961271186440678,2026-05-15 16:51:42.334715,9,"Jacy Sheldon","Loss",0.1513,-0.1513,0.128220338983051,-0.128220338983051
2026-05-15,"Draft Kings","CHI @ PHX","1022600024","First Basket","First Points","Player","Game","Home/Away","Favorite/Underdog",0.0783,1176,0.0667,1400,0.0117,0.0063,0.6255,0.530084745762712,2026-05-15 11:22:33.474515,1,"Natasha Mack","Loss",0.6255,-0.6255,0.530084745762712,-0.530084745762712
2026-05-15,"FanDuel","CHI @ PHX","1022600024","First Basket","First Points","Player","Game","Home/Away","Favorite/Underdog",0.0989,911,0.0833,1100,0.0156,0.0085,0.8495,0.719915254237288,2026-05-15 20:21:42.477827,1,"Skylar Diggins","Loss",0.8495,-0.8495,0.719915254237288,-0.719915254237288
2026-05-15,"FanDuel","CHI @ PHX","1022600024","First Basket by Team","First Points","Player","Team","Home/Away","Favorite/Underdog",0.178,462,0.1667,500,0.0113,0.0068,0.6775,0.316588785046729,2026-05-16 01:21:25.975222,1,"DeWanna Bonner","Loss",0.6775,-0.6775,0.316588785046729,-0.316588785046729
2026-05-15,"FanDuel","CHI @ PHX","1022600024","First Basket by Team","First Points","Player","Team","Home/Away","Favorite/Underdog",0.1451,589,0.125,700,0.0201,0.0115,1.1511,0.537897196261682,2026-05-15 11:22:33.59863,1,"Gabriela Jaquez","Loss",1.1511,-1.1511,0.537897196261682,-0.537897196261682
2026-05-15,"Fanatics","CHI @ PHX","1022600024","First Basket by Team","First FGM","Player","Team","Home/Away","Favorite/Underdog",0.1513,561,0.125,700,0.0263,0.015,1.5016,0.701682242990654,2026-05-15 15:51:42.729476,7,"Gabriela Jaquez","Loss",0.3505,-0.3505,0.163785046728972,-0.163785046728972
2026-05-15,"FanDuel","CHI @ PHX","1022600024","First Basket by Team","First Points","Player","Team","Home/Away","Favorite/Underdog",0.1451,589,0.1176,750,0.0275,0.0156,1.5581,0.728084112149533,2026-05-16 01:51:23.037149,17,"Gabriela Jaquez","Loss",0.0565,-0.0565,0.026401869158879,-0.026401869158879
2026-05-15,"FanDuel","CHI @ PHX","1022600024","First Basket by Team","First Points","Player","Team","Home/Away","Favorite/Underdog",0.154,549,0.1053,850,0.0487,0.0272,2.7232,1.27252336448598,2026-05-15 11:22:33.59863,1,"Jacy Sheldon","Win",2.7232,23.1472,1.27252336448598,10.8164485981308
2026-05-15,"FanDuel","CHI @ PHX","1022600024","First Basket by Team","First Points","Player","Team","Home/Away","Favorite/Underdog",0.154,549,0.1,900,0.054,0.03,2.9997,1.40172897196262,2026-05-15 20:51:42.736297,17,"Jacy Sheldon","Win",0.2765,2.4885,0.12920560747664,1.16285046728976
2026-05-15,"FanDuel","CHI @ PHX","1022600024","First Basket by Team","First Points","Player","Team","Home/Away","Favorite/Underdog",0.151,562,0.1333,650,0.0177,0.0102,1.022,0.477570093457944,2026-05-15 11:22:33.59863,1,"Natasha Mack","Loss",1.022,-1.022,0.477570093457944,-0.477570093457944
2026-05-15,"FanDuel","CHI @ PHX","1022600024","First Basket by Team","First Points","Player","Team","Home/Away","Favorite/Underdog",0.151,562,0.125,700,0.026,0.0149,1.4884,0.695514018691589,2026-05-15 14:21:43.561493,4,"Natasha Mack","Loss",0.4664,-0.4664,0.217943925233645,-0.217943925233645
2026-05-15,"FanDuel","CHI @ PHX","1022600024","First Basket by Team","First Points","Player","Team","Home/Away","Favorite/Underdog",0.2055,387,0.1818,450,0.0237,0.0145,1.4463,0.675841121495327,2026-05-15 11:22:33.59863,1,"Skylar Diggins","Loss",1.4463,-1.4463,0.675841121495327,-0.675841121495327
2026-05-15,"FanDuel","CHI @ PHX","1022600024","First Basket by Team","First Points","Player","Team","Home/Away","Favorite/Underdog",0.2055,387,0.1786,460,0.0269,0.0164,1.6382,0.765514018691589,2026-05-15 14:21:43.561493,4,"Skylar Diggins","Loss",0.1919,-0.1919,0.0896728971962619,-0.0896728971962619
2026-05-15,"FanDuel","CHI @ PHX","1022600024","First Basket by Team","First Points","Player","Team","Home/Away","Favorite/Underdog",0.2055,387,0.1754,470,0.03,0.0182,1.822,0.851401869158878,2026-05-15 16:51:42.462241,9,"Skylar Diggins","Loss",0.1838,-0.1838,0.0858878504672891,-0.0858878504672891
2026-05-15,"FanDuel","CHI @ PHX","1022600024","First Basket by Team","First Points","Player","Team","Home/Away","Favorite/Underdog",0.2055,387,0.1695,490,0.036,0.0217,2.167,1.01261682242991,2026-05-15 17:51:40.544788,11,"Skylar Diggins","Loss",0.345,-0.345,0.161214953271032,-0.161214953271032
2026-05-15,"FanDuel","CHI @ PHX","1022600024","First Basket by Team","First Points","Player","Team","Home/Away","Favorite/Underdog",0.2055,387,0.1667,500,0.0388,0.0233,2.3291,1.08836448598131,2026-05-15 18:51:42.943293,13,"Skylar Diggins","Loss",0.1621,-0.1621,0.0757476635514001,-0.0757476635514001
2026-05-15,"FanDuel","LVA @ CON","1022600021","First Basket","First Points","Player","Game","Home/Away","Favorite/Underdog",0.0651,1435,0.0526,1800,0.0125,0.0066,0.6597,0.559067796610169,2026-05-15 11:22:33.474515,1,"Chelsea Gray","Loss",0.6597,-0.6597,0.559067796610169,-0.559067796610169
2026-05-15,"FanDuel","LVA @ CON","1022600021","First Basket","First Points","Player","Game","Home/Away","Favorite/Underdog",0.0651,1435,0.05,1900,0.0151,0.008,0.7964,0.674915254237288,2026-05-15 18:21:43.94592,7,"Chelsea Gray","Loss",0.1367,-0.1367,0.115847457627119,-0.115847457627119
2026-05-15,"MGM","LVA @ CON","1022600021","First Basket","First FGM","Player","Game","Home/Away","Favorite/Underdog",0.0787,1171,0.0625,1500,0.0162,0.0086,0.8624,0.730847457627119,2026-05-15 20:51:42.609815,11,"Chelsea Gray","Loss",0.0660000000000001,-0.0660000000000001,0.055932203389831,-0.055932203389831
2026-05-15,"BetRivers","LVA @ CON","1022600021","First Basket","First FGM","Player","Game","Home/Away","Favorite/Underdog",0.1066,838,0.0909,1000,0.0157,0.0086,0.8637,0.731949152542373,2026-05-15 20:51:42.609815,1,"Diamond Miller","Loss",0.8637,-0.8637,0.731949152542373,-0.731949152542373
2026-05-15,"FanDuel","LVA @ CON","1022600021","First Basket","First Points","Player","Game","Home/Away","Favorite/Underdog",0.1082,824,0.0909,1000,0.0173,0.0095,0.952,0.806779661016949,2026-05-15 23:21:40.470661,6,"Diamond Miller","Loss",0.0882999999999999,-0.0882999999999999,0.074830508474576,-0.074830508474576
2026-05-15,"FanDuel","LVA @ CON","1022600021","First Basket","First Points","Player","Game","Home/Away","Favorite/Underdog",0.0851,1074,0.0625,1500,0.0226,0.0121,1.2079,1.02364406779661,2026-05-15 20:51:42.609815,1,"Kennedy Burke","Loss",1.2079,-1.2079,1.02364406779661,-1.02364406779661
2026-05-15,"FanDuel","LVA @ CON","1022600021","First Basket","First Points","Player","Game","Home/Away","Favorite/Underdog",0.0851,1074,0.0588,1600,0.0263,0.014,1.3985,1.18516949152542,2026-05-15 21:21:40.676924,2,"Kennedy Burke","Loss",0.1906,-0.1906,0.16152542372881,-0.16152542372881
2026-05-15,"FanDuel","LVA @ CON","1022600021","First Basket Exact","First Points","Player","Exact","Home/Away","Favorite/Underdog",0.1058,845,0.0909,1000,0.0149,0.0082,0.8206,1.22477611940298,2026-05-15 20:51:42.820783,1,"A'ja Wilson other","Win",0.8206,8.206,1.22477611940298,12.2477611940298
2026-05-15,"FanDuel","LVA @ CON","1022600021","First Basket by Team","First Points","Player","Team","Home/Away","Favorite/Underdog",0.1417,606,0.1111,800,0.0306,0.0172,1.7198,0.803644859813084,2026-05-15 11:22:33.59863,1,"Chelsea Gray","Loss",1.7198,-1.7198,0.803644859813084,-0.803644859813084
2026-05-15,"Fanatics","LVA @ CON","1022600021","First Basket by Team","First FGM","Player","Team","Home/Away","Favorite/Underdog",0.1454,588,0.1053,850,0.0401,0.0224,2.2426,1.04794392523364,2026-05-15 20:51:42.736297,17,"Chelsea Gray","Loss",0.5228,-0.5228,0.244299065420556,-0.244299065420556
2026-05-15,"FanDuel","LVA @ CON","1022600021","First Basket by Team","First Points","Player","Team","Home/Away","Favorite/Underdog",0.172,481,0.1538,550,0.0182,0.0107,1.0734,0.501588785046729,2026-05-15 15:21:43.509608,1,"Kennedy Burke","Win",1.0734,5.9037,0.501588785046729,2.75873831775701
2026-05-15,"FanDuel","LVA @ CON","1022600021","First Basket by Team","First Points","Player","Team","Home/Away","Favorite/Underdog",0.19,426,0.1667,500,0.0234,0.014,1.4012,0.654766355140187,2026-05-15 20:51:42.736297,2,"Kennedy Burke","Win",0.3278,1.639,0.153177570093458,0.76588785046729
2026-05-15,"FanDuel","LVA @ CON","1022600021","First Basket by Team","First Points","Player","Team","Home/Away","Favorite/Underdog",0.19,426,0.1538,550,0.0362,0.0214,2.1375,0.998831775700935,2026-05-15 21:21:40.803945,3,"Kennedy Burke","Win",0.7363,4.04965,0.344065420560748,1.89235981308411
2026-05-15,"FanDuel","LVA @ CON","1022600021","First Basket by Team","First Points","Player","Team","Home/Away","Favorite/Underdog",0.1313,662,0.1176,750,0.0136,0.0077,0.7722,0.360841121495327,2026-05-15 11:22:33.59863,1,"Stephanie Talbot","Loss",0.7722,-0.7722,0.360841121495327,-0.360841121495327
2026-05-15,"FanDuel","LVA @ CON","1022600021","First Basket by Team","First Points","Player","Team","Home/Away","Favorite/Underdog",0.1313,662,0.1111,800,0.0202,0.0113,1.1342,0.53,2026-05-15 15:51:42.729476,5,"Stephanie Talbot","Loss",0.362,-0.362,0.169158878504673,-0.169158878504673
2026-05-15,"FanDuel","LVA @ CON","1022600021","First Basket by Team","First Points","Player","Team","Home/Away","Favorite/Underdog",0.1313,662,0.1053,850,0.026,0.0145,1.4536,0.679252336448598,2026-05-15 21:21:40.803945,15,"Stephanie Talbot","Loss",0.3194,-0.3194,0.149252336448598,-0.149252336448598
2026-05-15,"FanDuel","LVA @ CON","1022600021","First Team","First Points","Team","Quarter","Home/Away","Favorite/Underdog",0.4481,123,0.3937,154,0.0544,0.0449,2.243,1.45649350649351,2026-05-15 20:51:42.878117,1,"1Q CON","Loss",2.243,-2.243,1.45649350649351,-1.45649350649351
2026-05-15,"FanDuel","LVA @ CON","1022600021","First Team","First Points","Team","Quarter","Home/Away","Favorite/Underdog",0.4496,122,0.3937,154,0.0559,0.0461,2.3047,1.49655844155844,2026-05-15 23:21:40.739017,6,"1Q CON","Loss",0.0617000000000001,-0.0617000000000001,0.04006493506493,-0.04006493506493
2026-05-15,"Draft Kings","TOR @ LAS","1022600023","First Basket","First Points","Player","Game","Home/Away","Favorite/Underdog",0.0784,1176,0.0667,1400,0.0117,0.0063,0.6272,0.531525423728814,2026-05-15 11:22:33.474515,1,"Erica Wheeler","Loss",0.6272,-0.6272,0.531525423728814,-0.531525423728814
2026-05-15,"Draft Kings","TOR @ LAS","1022600023","First Basket","First Points","Player","Game","Home/Away","Favorite/Underdog",0.0813,1130,0.0556,1700,0.0257,0.0136,1.3629,1.155,2026-05-15 11:22:33.474515,1,"Julie Allemand","Loss",1.3629,-1.3629,1.155,-1.155
2026-05-15,"FanDuel","TOR @ LAS","1022600023","First Basket","First Points","Player","Game","Home/Away","Favorite/Underdog",0.0813,1130,0.0526,1800,0.0287,0.0151,1.513,1.28220338983051,2026-05-15 19:51:42.947848,15,"Julie Allemand","Loss",0.1501,-0.1501,0.12720338983051,-0.12720338983051
2026-05-15,"FanDuel","TOR @ LAS","1022600023","First Basket","First Points","Player","Game","Home/Away","Favorite/Underdog",0.0813,1130,0.05,1900,0.0313,0.0165,1.6473,1.39601694915254,2026-05-16 00:51:23.483191,25,"Julie Allemand","Loss",0.1343,-0.1343,0.11381355932203,-0.11381355932203
2026-05-15,"BetRivers","TOR @ LAS","1022600023","First Basket","First FGM","Player","Game","Home/Away","Favorite/Underdog",0.1114,798,0.1,900,0.0114,0.0063,0.633,0.536440677966102,2026-05-15 13:51:21.59707,1,"Nyara Sabally","Loss",0.633,-0.633,0.536440677966102,-0.536440677966102
2026-05-15,"Draft Kings","TOR @ LAS","1022600023","First Basket","First Points","Player","Game","Home/Away","Favorite/Underdog",0.0874,1045,0.0714,1300,0.0159,0.0086,0.858,0.727118644067797,2026-05-15 11:22:33.474515,1,"Rae Burrell","Loss",0.429,-0.429,0.363559322033899,-0.363559322033899
2026-05-15,"FanDuel","TOR @ LAS","1022600023","First Basket","First Points","Player","Game","Home/Away","Favorite/Underdog",0.0874,1045,0.0714,1300,0.0159,0.0086,0.858,0.727118644067797,2026-05-15 11:22:33.474515,1,"Rae Burrell","Loss",0.429,-0.429,0.363559322033899,-0.363559322033899
2026-05-15,"FanDuel","TOR @ LAS","1022600023","First Basket","First Points","Player","Game","Home/Away","Favorite/Underdog",0.0874,1045,0.0667,1400,0.0207,0.0111,1.1087,0.939576271186441,2026-05-15 18:21:43.94592,12,"Rae Burrell","Loss",0.2507,-0.2507,0.212457627118644,-0.212457627118644
2026-05-15,"FanDuel","TOR @ LAS","1022600023","First Basket","First Points","Player","Game","Home/Away","Favorite/Underdog",0.0874,1045,0.0625,1500,0.0249,0.0133,1.326,1.12372881355932,2026-05-16 00:51:23.483191,25,"Rae Burrell","Loss",0.2173,-0.2173,0.184152542372879,-0.184152542372879
2026-05-15,"FanDuel","TOR @ LAS","1022600023","First Basket Exact","First Points","Player","Exact","Home/Away","Favorite/Underdog",0.0319,3037,0.0217,4500,0.0101,0.0052,0.5182,0.773432835820896,2026-05-15 11:22:33.683504,1,"Julie Allemand layup","Loss",0.5182,-0.5182,0.773432835820896,-0.773432835820896
2026-05-15,"FanDuel","TOR @ LAS","1022600023","First Basket Exact","First Points","Player","Exact","Home/Away","Favorite/Underdog",0.0319,3037,0.0196,5000,0.0123,0.0063,0.6257,0.933880597014925,2026-05-15 13:51:21.863211,2,"Julie Allemand layup","Loss",0.1075,-0.1075,0.160447761194029,-0.160447761194029
2026-05-15,"FanDuel","TOR @ LAS","1022600023","First Basket by Team","First Points","Player","Team","Home/Away","Favorite/Underdog",0.1613,520,0.1429,600,0.0184,0.0108,1.0758,0.502710280373832,2026-05-15 11:22:33.59863,1,"Erica Wheeler","Loss",1.0758,-1.0758,0.502710280373832,-0.502710280373832
2026-05-15,"FanDuel","TOR @ LAS","1022600023","First Basket by Team","First Points","Player","Team","Home/Away","Favorite/Underdog",0.1613,520,0.1333,650,0.028,0.0161,1.6134,0.75392523364486,2026-05-15 14:51:42.061559,5,"Erica Wheeler","Loss",0.5376,-0.5376,0.251214953271028,-0.251214953271028
2026-05-15,"FanDuel","TOR @ LAS","1022600023","First Basket by Team","First Points","Player","Team","Home/Away","Favorite/Underdog",0.1581,532,0.1176,750,0.0405,0.0229,2.2944,1.07214953271028,2026-05-15 11:22:33.59863,1,"Julie Allemand","Loss",2.2944,-2.2944,1.07214953271028,-1.07214953271028
2026-05-15,"FanDuel","TOR @ LAS","1022600023","First Basket by Team","First Points","Player","Team","Home/Away","Favorite/Underdog",0.1581,532,0.1111,800,0.047,0.0265,2.6452,1.23607476635514,2026-05-15 13:51:21.753517,2,"Julie Allemand","Loss",0.3508,-0.3508,0.16392523364486,-0.16392523364486
2026-05-15,"FanDuel","TOR @ LAS","1022600023","First Basket by Team","First Points","Player","Team","Home/Away","Favorite/Underdog",0.1581,532,0.1053,850,0.0529,0.0295,2.9547,1.38070093457944,2026-05-15 14:51:42.061559,5,"Julie Allemand","Loss",0.3095,-0.3095,0.1446261682243,-0.1446261682243
2026-05-15,"FanDuel","TOR @ LAS","1022600023","First Basket by Team","First Points","Player","Team","Home/Away","Favorite/Underdog",0.1581,532,0.1,900,0.0581,0.0323,3.2298,1.5092523364486,2026-05-15 19:51:43.075491,15,"Julie Allemand","Loss",0.2751,-0.2751,0.12855140186916,-0.12855140186916
2026-05-15,"FanDuel","TOR @ LAS","1022600023","First Basket by Team","First Points","Player","Team","Home/Away","Favorite/Underdog",0.1798,456,0.1429,600,0.0369,0.0215,2.1548,1.00691588785047,2026-05-15 11:22:33.59863,1,"Rae Burrell","Loss",2.1548,-2.1548,1.00691588785047,-1.00691588785047
2026-05-15,"Fanatics","TOR @ LAS","1022600023","First Basket by Team","First FGM","Player","Team","Home/Away","Favorite/Underdog",0.1855,439,0.1429,600,0.0427,0.0249,2.4884,1.16280373831776,2026-05-15 13:51:21.753517,2,"Rae Burrell","Loss",0.3336,-0.3336,0.15588785046729,-0.15588785046729
2026-05-15,"FanDuel","TOR @ LAS","1022600023","First Basket by Team","First Points","Player","Team","Home/Away","Favorite/Underdog",0.1798,456,0.1333,650,0.0465,0.0268,2.6806,1.25261682242991,2026-05-15 17:51:40.544788,11,"Rae Burrell","Loss",0.1922,-0.1922,0.0898130841121498,-0.0898130841121498
2026-05-15,"FanDuel","TOR @ LAS","1022600023","First Basket by Team","First Points","Player","Team","Home/Away","Favorite/Underdog",0.1798,456,0.125,700,0.0548,0.0313,3.1312,1.46317757009346,2026-05-15 22:51:42.04509,21,"Rae Burrell","Loss",0.4506,-0.4506,0.21056074766355,-0.21056074766355
2026-05-15,"FanDuel","WAS @ IND","1022600022","First Basket","First Points","Player","Game","Home/Away","Favorite/Underdog",0.1391,619,0.125,700,0.0141,0.0081,0.8063,0.683305084745763,2026-05-15 23:21:40.470661,1,"Kiki Iriafen","Win",0.8063,5.6441,0.683305084745763,4.78313559322034
2026-05-15,"FanDuel","WAS @ IND","1022600022","First Basket","First Points","Player","Game","Home/Away","Favorite/Underdog",0.0753,1228,0.0625,1500,0.0128,0.0068,0.6826,0.578474576271186,2026-05-15 11:22:33.474515,1,"Sophie Cunningham","Loss",0.6826,-0.6826,0.578474576271186,-0.578474576271186
2026-05-15,"FanDuel","WAS @ IND","1022600022","First Basket Exact","First Points","Player","Exact","Home/Away","Favorite/Underdog",0.0467,2041,0.0357,2700,0.011,0.0057,0.5696,0.850149253731343,2026-05-15 23:21:40.681392,1,"Kiki Iriafen other","Loss",0.5696,-0.5696,0.850149253731343,-0.850149253731343
2026-05-15,"FanDuel","WAS @ IND","1022600022","First Basket by Team","First Points","Player","Team","Home/Away","Favorite/Underdog",0.1003,897,0.0714,1300,0.0289,0.0155,1.5543,0.726308411214953,2026-05-15 23:21:40.597452,1,"Cotie McMahon","Loss",1.5543,-1.5543,0.726308411214953,-0.726308411214953
2026-05-15,"FanDuel","WAS @ IND","1022600022","First Basket by Team","First Points","Player","Team","Home/Away","Favorite/Underdog",0.1476,577,0.1333,650,0.0143,0.0082,0.8237,0.384906542056075,2026-05-15 14:21:43.561493,1,"Georgia Amoore","Loss",0.8237,-0.8237,0.384906542056075,-0.384906542056075
2026-05-15,"Fanatics","WAS @ IND","1022600022","First Basket by Team","First FGM","Player","Team","Home/Away","Favorite/Underdog",0.1586,531,0.1429,600,0.0157,0.0092,0.9175,0.428738317757009,2026-05-15 23:21:40.597452,7,"Georgia Amoore","Loss",0.0938,-0.0938,0.043831775700934,-0.043831775700934
2026-05-15,"FanDuel","WAS @ IND","1022600022","First Basket by Team","First Points","Player","Team","Home/Away","Favorite/Underdog",0.2997,234,0.2857,250,0.014,0.0098,0.9793,0.457616822429906,2026-05-15 23:21:40.597452,1,"Kiki Iriafen","Win",0.9793,2.44825,0.457616822429906,1.14404205607476
2026-05-15,"FanDuel","WAS @ IND","1022600022","First Basket by Team","First Points","Player","Team","Home/Away","Favorite/Underdog",0.1407,611,0.1111,800,0.0295,0.0166,1.6617,0.776495327102804,2026-05-15 11:22:33.59863,1,"Sophie Cunningham","Loss",1.6617,-1.6617,0.776495327102804,-0.776495327102804
2026-05-15,"FanDuel","WAS @ IND","1022600022","First Team","First Points","Team","Quarter","Home/Away","Favorite/Underdog",0.4646,115,0.4545,120,0.0101,0.0093,0.4628,0.300519480519481,2026-05-15 22:51:42.186889,1,"1Q WAS","Win",0.4628,0.55536,0.300519480519481,0.360623376623377
2026-05-17,"Draft Kings","CHI @ MIN","1022600025","First Basket","First Points","Player","Game","Home/Away","Favorite/Underdog",0.0848,1080,0.0667,1400,0.0181,0.0097,0.9693,0.821440677966102,2026-05-17 11:22:04.778643,1,"Jacy Sheldon","Loss",0.9693,-0.9693,0.821440677966102,-0.821440677966102
2026-05-17,"FanDuel","CHI @ MIN","1022600025","First Basket","First Points","Player","Game","Home/Away","Favorite/Underdog",0.0887,1027,0.0588,1600,0.0299,0.0159,1.5886,1.34627118644068,2026-05-17 22:51:40.35869,24,"Jacy Sheldon","Loss",0.6193,-0.6193,0.524830508474578,-0.524830508474578
2026-05-17,"FanDuel","CHI @ MIN","1022600025","First Basket","First Points","Player","Game","Home/Away","Favorite/Underdog",0.0985,916,0.0833,1100,0.0151,0.0083,0.8253,0.699406779661017,2026-05-17 22:21:41.984516,1,"Natasha Cloud","Loss",0.8253,-0.8253,0.699406779661017,-0.699406779661017
2026-05-17,"FanDuel","CHI @ MIN","1022600025","First Basket","First Points","Player","Game","Home/Away","Favorite/Underdog",0.1148,771,0.1,900,0.0148,0.0082,0.8236,0.697966101694915,2026-05-17 11:22:04.778643,1,"Natasha Howard","Loss",0.8236,-0.8236,0.697966101694915,-0.697966101694915
2026-05-17,"FanDuel","CHI @ MIN","1022600025","First Basket Exact","First Points","Player","Exact","Home/Away","Favorite/Underdog",0.0348,2772,0.0196,5000,0.0152,0.0078,0.7761,1.15835820895522,2026-05-17 11:22:04.986895,1,"Courtney Williams layup","Loss",0.7761,-0.7761,1.15835820895522,-1.15835820895522
2026-05-17,"FanDuel","CHI @ MIN","1022600025","First Basket by Team","First Points","Player","Team","Home/Away","Favorite/Underdog",0.1477,577,0.1333,650,0.0144,0.0083,0.8309,0.388271028037383,2026-05-17 14:21:41.396413,1,"Gabriela Jaquez","Loss",0.8309,-0.8309,0.388271028037383,-0.388271028037383
2026-05-17,"FanDuel","CHI @ MIN","1022600025","First Basket by Team","First Points","Player","Team","Home/Away","Favorite/Underdog",0.1595,527,0.1333,650,0.0262,0.0151,1.5115,0.706308411214953,2026-05-17 11:22:04.901758,1,"Jacy Sheldon","Loss",1.5115,-1.5115,0.706308411214953,-0.706308411214953
2026-05-17,"Fanatics","CHI @ MIN","1022600025","First Basket by Team","First FGM","Player","Team","Home/Away","Favorite/Underdog",0.1656,504,0.125,700,0.0406,0.0232,2.3226,1.08532710280374,2026-05-17 13:51:42.596618,6,"Jacy Sheldon","Loss",0.8111,-0.8111,0.379018691588787,-0.379018691588787
2026-05-17,"FanDuel","CHI @ MIN","1022600025","First Basket by Team","First Points","Player","Team","Home/Away","Favorite/Underdog",0.1655,504,0.1053,850,0.0603,0.0337,3.3677,1.57369158878505,2026-05-17 22:51:40.611598,24,"Jacy Sheldon","Loss",1.0451,-1.0451,0.48836448598131,-0.48836448598131
2026-05-17,"FanDuel","CHI @ MIN","1022600025","First Basket by Team","First Points","Player","Team","Home/Away","Favorite/Underdog",0.1837,444,0.1429,600,0.0408,0.0238,2.3822,1.11317757009346,2026-05-17 22:21:42.236845,1,"Natasha Cloud","Loss",2.3822,-2.3822,1.11317757009346,-1.11317757009346
2026-05-17,"FanDuel","CHI @ MIN","1022600025","First Basket by Team","First Points","Player","Team","Home/Away","Favorite/Underdog",0.245,308,0.2222,350,0.0228,0.0146,1.4634,0.683831775700935,2026-05-17 11:22:04.901758,1,"Natasha Howard","Win",1.4634,5.1219,0.683831775700935,2.39341121495327
2026-05-17,"FanDuel","CHI @ MIN","1022600025","First Basket by Team","First Points","Player","Team","Home/Away","Favorite/Underdog",0.245,308,0.2174,360,0.0276,0.0176,1.763,0.823831775700934,2026-05-17 14:51:39.723749,8,"Natasha Howard","Win",0.2996,1.07856,0.139999999999999,0.503999999999996
2026-05-17,"Fanatics","CHI @ MIN","1022600025","First Basket by Team","First FGM","Player","Team","Home/Away","Favorite/Underdog",0.2591,286,0.2222,350,0.0369,0.0237,2.3713,1.10808411214953,2026-05-17 22:21:42.236845,23,"Natasha Howard","Win",0.6083,2.12905,0.284252336448596,0.994883177570086
2026-05-17,"FanDuel","LVA @ ATL","1022600026","First Basket","First Points","Player","Game","Home/Away","Favorite/Underdog",0.0704,1321,0.0526,1800,0.0177,0.0094,0.936,0.793220338983051,2026-05-17 13:21:43.19117,1,"Chelsea Gray","Win",0.936,16.848,0.793220338983051,14.2779661016949
2026-05-17,"BetRivers","LVA @ ATL","1022600026","First Basket","First FGM","Player","Game","Home/Away","Favorite/Underdog",0.0874,1044,0.0769,1200,0.0105,0.0057,0.5697,0.482796610169492,2026-05-17 14:51:39.602921,1,"Jordin Canada","Loss",0.5697,-0.5697,0.482796610169492,-0.482796610169492
2026-05-17,"Draft Kings","LVA @ ATL","1022600026","First Basket","First Points","Player","Game","Home/Away","Favorite/Underdog",0.0946,957,0.0833,1100,0.0113,0.0062,0.6172,0.523050847457627,2026-05-17 17:21:40.053162,6,"Jordin Canada","Loss",0.0475,-0.0475,0.040254237288135,-0.040254237288135
2026-05-17,"FanDuel","LVA @ ATL","1022600026","First Basket","First Points","Player","Game","Home/Away","Favorite/Underdog",0.064,1462,0.0526,1800,0.0114,0.006,0.6003,0.508728813559322,2026-05-17 17:21:40.053162,1,"Stephanie Talbot","Loss",0.6003,-0.6003,0.508728813559322,-0.508728813559322
2026-05-17,"Draft Kings","LVA @ ATL","1022600026","First Basket","First Points","Player","Game","Home/Away","Favorite/Underdog",0.092,987,0.0625,1500,0.0295,0.0157,1.5719,1.3321186440678,2026-05-17 17:21:40.053162,1,"Te-Hina Paopao","Loss",1.5719,-1.5719,1.3321186440678,-1.3321186440678
2026-05-17,"FanDuel","LVA @ ATL","1022600026","First Basket Exact","First Points","Player","Exact","Home/Away","Favorite/Underdog",0.0939,965,0.0833,1100,0.0106,0.0058,0.5781,0.862835820895522,2026-05-17 13:51:42.681652,1,"A'ja Wilson other","Loss",0.5781,-0.5781,0.862835820895522,-0.862835820895522
2026-05-17,"FanDuel","LVA @ ATL","1022600026","First Basket by Team","First Points","Player","Team","Home/Away","Favorite/Underdog",0.1425,602,0.1053,850,0.0372,0.0208,2.0786,0.971308411214953,2026-05-17 11:22:04.901758,1,"Chelsea Gray","Win",2.0786,17.6681,0.971308411214953,8.2561214953271
2026-05-17,"FanDuel","LVA @ ATL","1022600026","First Basket by Team","First Points","Player","Team","Home/Away","Favorite/Underdog",0.1425,602,0.0952,950,0.0472,0.0261,2.6096,1.21943925233645,2026-05-17 13:21:43.318093,5,"Chelsea Gray","Win",0.531,5.0445,0.248130841121497,2.35724299065422
2026-05-17,"FanDuel","LVA @ ATL","1022600026","First Basket by Team","First Points","Player","Team","Home/Away","Favorite/Underdog",0.1301,669,0.1176,750,0.0125,0.0071,0.7066,0.33018691588785,2026-05-17 11:22:04.901758,1,"Stephanie Talbot","Loss",0.7066,-0.7066,0.33018691588785,-0.33018691588785
2026-05-17,"FanDuel","LVA @ ATL","1022600026","First Basket by Team","First Points","Player","Team","Home/Away","Favorite/Underdog",0.1301,669,0.0952,950,0.0349,0.0193,1.9275,0.900700934579439,2026-05-17 17:21:40.173773,12,"Stephanie Talbot","Loss",1.2209,-1.2209,0.570514018691589,-0.570514018691589
2026-05-17,"FanDuel","SEA @ IND","1022600027","First Basket","First Points","Player","Game","Home/Away","Favorite/Underdog",0.1332,651,0.0769,1200,0.0563,0.0305,3.0483,2.58330508474576,2026-05-17 21:51:40.936157,1,"Jade Melbourne","Loss",3.0483,-3.0483,2.58330508474576,-2.58330508474576
2026-05-17,"Draft Kings","SEA @ IND","1022600027","First Basket","First Points","Player","Game","Home/Away","Favorite/Underdog",0.11,809,0.0769,1200,0.033,0.0179,1.7898,1.51677966101695,2026-05-17 11:22:04.778643,1,"Jordan Horston","Loss",0.8949,-0.8949,0.758389830508475,-0.758389830508475
2026-05-17,"FanDuel","SEA @ IND","1022600027","First Basket","First Points","Player","Game","Home/Away","Favorite/Underdog",0.11,809,0.0769,1200,0.033,0.0179,1.7898,1.51677966101695,2026-05-17 11:22:04.778643,1,"Jordan Horston","Loss",0.8949,-0.8949,0.758389830508475,-0.758389830508475
2026-05-17,"BetRivers","SEA @ IND","1022600027","First Basket","First FGM","Player","Game","Home/Away","Favorite/Underdog",0.1121,792,0.0769,1200,0.0351,0.019,1.9029,1.61262711864407,2026-05-17 20:21:43.094043,19,"Jordan Horston","Loss",0.1131,-0.1131,0.09584745762712,-0.09584745762712
2026-05-17,"BetRivers","SEA @ IND","1022600027","First Basket","First FGM","Player","Game","Home/Away","Favorite/Underdog",0.1019,881,0.0909,1000,0.011,0.0061,0.6059,0.513474576271186,2026-05-17 11:22:04.778643,1,"Natisha Hiedeman","Loss",0.6059,-0.6059,0.513474576271186,-0.513474576271186
2026-05-17,"FanDuel","SEA @ IND","1022600027","First Basket","First Points","Player","Game","Home/Away","Favorite/Underdog",0.097,931,0.0833,1100,0.0137,0.0075,0.7475,0.633474576271187,2026-05-17 13:51:42.469392,6,"Natisha Hiedeman","Loss",0.1416,-0.1416,0.120000000000001,-0.120000000000001
2026-05-17,"Draft Kings","SEA @ IND","1022600027","First Basket","First Points","Player","Game","Home/Away","Favorite/Underdog",0.1006,894,0.0833,1100,0.0173,0.0094,0.9428,0.798983050847458,2026-05-17 20:21:43.094043,19,"Natisha Hiedeman","Loss",0.09765,-0.09765,0.0827542372881355,-0.0827542372881355
2026-05-17,"FanDuel","SEA @ IND","1022600027","First Basket","First Points","Player","Game","Home/Away","Favorite/Underdog",0.1006,894,0.0833,1100,0.0173,0.0094,0.9428,0.798983050847458,2026-05-17 20:21:43.094043,19,"Natisha Hiedeman","Loss",0.09765,-0.09765,0.0827542372881355,-0.0827542372881355
2026-05-17,"FanDuel","SEA @ IND","1022600027","First Basket Exact","First Points","Player","Exact","Home/Away","Favorite/Underdog",0.0395,2432,0.0294,3300,0.0101,0.0052,0.5195,0.775373134328358,2026-05-17 11:22:04.986895,1,"Natisha Hiedeman layup","Loss",0.5195,-0.5195,0.775373134328358,-0.775373134328358
2026-05-17,"FanDuel","SEA @ IND","1022600027","First Basket Exact","First Points","Player","Exact","Home/Away","Favorite/Underdog",0.041,2342,0.0294,3300,0.0115,0.0059,0.5946,0.887462686567164,2026-05-17 20:21:43.430742,16,"Natisha Hiedeman layup","Loss",0.0751,-0.0751,0.112089552238806,-0.112089552238806
2026-05-17,"FanDuel","SEA @ IND","1022600027","First Basket by Team","First Points","Player","Team","Home/Away","Favorite/Underdog",0.2773,261,0.1695,490,0.1078,0.0649,6.4912,3.03327102803738,2026-05-17 21:51:41.190089,1,"Jade Melbourne","Win",6.4912,31.80688,3.03327102803738,14.8630280373832
2026-05-17,"FanDuel","SEA @ IND","1022600027","First Basket by Team","First Points","Player","Team","Home/Away","Favorite/Underdog",0.2379,320,0.1786,460,0.0594,0.0361,3.6127,1.68817757009346,2026-05-17 11:22:04.901758,1,"Jordan Horston","Loss",3.6127,-3.6127,1.68817757009346,-1.68817757009346
2026-05-17,"Fanatics","SEA @ IND","1022600027","First Basket by Team","First FGM","Player","Team","Home/Away","Favorite/Underdog",0.1592,528,0.1333,650,0.0258,0.0149,1.4905,0.696495327102804,2026-05-17 21:51:41.190089,1,"Lexie Hull","Loss",1.4905,-1.4905,0.696495327102804,-0.696495327102804
2026-05-17,"FanDuel","SEA @ IND","1022600027","First Basket by Team","First Points","Player","Team","Home/Away","Favorite/Underdog",0.203,393,0.1887,430,0.0143,0.0088,0.8818,0.412056074766355,2026-05-17 20:51:42.795627,1,"Myisha Hines-Allen","Win",0.8818,3.79174,0.412056074766355,1.77184112149533
2026-05-17,"FanDuel","SEA @ IND","1022600027","First Basket by Team","First Points","Player","Team","Home/Away","Favorite/Underdog",0.2099,376,0.1961,410,0.0139,0.0086,0.8627,0.403130841121495,2026-05-17 11:22:04.901758,1,"Natisha Hiedeman","Loss",0.8627,-0.8627,0.403130841121495,-0.403130841121495
2026-05-17,"FanDuel","SEA @ IND","1022600027","First Basket by Team","First Points","Player","Team","Home/Away","Favorite/Underdog",0.2099,376,0.1923,420,0.0176,0.0109,1.0921,0.510327102803738,2026-05-17 14:21:41.396413,6,"Natisha Hiedeman","Loss",0.2294,-0.2294,0.107196261682243,-0.107196261682243
2026-05-17,"FanDuel","SEA @ IND","1022600027","First Team","First Points","Team","Quarter","Home/Away","Favorite/Underdog",0.4622,116,0.4386,128,0.0236,0.021,1.0507,0.682272727272727,2026-05-17 11:22:05.038707,1,"1Q SEA","Loss",1.0507,-1.0507,0.682272727272727,-0.682272727272727
2026-05-17,"FanDuel","SEA @ IND","1022600027","First Team","First Points","Team","Quarter","Home/Away","Favorite/Underdog",0.4622,116,0.4348,130,0.0274,0.0242,1.2123,0.787207792207792,2026-05-17 13:21:43.454498,5,"1Q SEA","Loss",0.1616,-0.1616,0.104935064935065,-0.104935064935065
2026-05-17,"FanDuel","SEA @ IND","1022600027","First Team","First Points","Team","Quarter","Home/Away","Favorite/Underdog",0.4622,116,0.431,132,0.0312,0.0274,1.369,0.888961038961039,2026-05-17 19:51:41.052941,18,"1Q SEA","Loss",0.1567,-0.1567,0.101753246753247,-0.101753246753247
2026-05-17,"FanDuel","SEA @ IND","1022600027","First Team","First Points","Team","Quarter","Home/Away","Favorite/Underdog",0.4792,109,0.431,132,0.0482,0.0424,2.1185,1.37564935064935,2026-05-17 20:21:43.48432,19,"1Q SEA","Loss",0.7495,-0.7495,0.486688311688311,-0.486688311688311
2026-05-17,"FanDuel","TOR @ LAS","1022600028","First Basket","First Points","Player","Game","Home/Away","Favorite/Underdog",0.0787,1171,0.0667,1400,0.012,0.0064,0.6436,0.545423728813559,2026-05-17 18:21:41.115849,1,"Erica Wheeler","Loss",0.6436,-0.6436,0.545423728813559,-0.545423728813559
2026-05-17,"Draft Kings","TOR @ LAS","1022600028","First Basket","First Points","Player","Game","Home/Away","Favorite/Underdog",0.0725,1279,0.0588,1600,0.0137,0.0073,0.727,0.616101694915254,2026-05-17 11:22:04.778643,1,"Kiki Rice","Loss",0.727,-0.727,0.616101694915254,-0.616101694915254
2026-05-17,"FanDuel","TOR @ LAS","1022600028","First Basket","First Points","Player","Game","Home/Away","Favorite/Underdog",0.0725,1279,0.0556,1700,0.017,0.009,0.8975,0.760593220338983,2026-05-17 15:51:40.619713,10,"Kiki Rice","Loss",0.1705,-0.1705,0.144491525423729,-0.144491525423729
2026-05-17,"FanDuel","TOR @ LAS","1022600028","First Basket","First Points","Player","Game","Home/Away","Favorite/Underdog",0.0824,1113,0.0556,1700,0.0269,0.0142,1.4222,1.20525423728814,2026-05-17 22:21:41.984516,23,"Kiki Rice","Loss",0.5247,-0.5247,0.444661016949157,-0.444661016949157
2026-05-17,"BetRivers","TOR @ LAS","1022600028","First Basket","First FGM","Player","Game","Home/Away","Favorite/Underdog",0.0899,1012,0.0667,1400,0.0232,0.0124,1.2449,1.055,2026-05-17 11:22:04.778643,1,"Rae Burrell","Loss",1.2449,-1.2449,1.055,-1.055
2026-05-17,"FanDuel","TOR @ LAS","1022600028","First Basket","First Points","Player","Game","Home/Away","Favorite/Underdog",0.0861,1061,0.0625,1500,0.0236,0.0126,1.2612,1.06881355932203,2026-05-17 13:51:42.469392,6,"Rae Burrell","Loss",0.0163000000000002,-0.0163000000000002,0.0138135593220301,-0.0138135593220301
2026-05-17,"FanDuel","TOR @ LAS","1022600028","First Basket by Team","First Points","Player","Team","Home/Away","Favorite/Underdog",0.1604,524,0.1429,600,0.0175,0.0102,1.0208,0.477009345794392,2026-05-17 11:22:04.901758,1,"Erica Wheeler","Loss",1.0208,-1.0208,0.477009345794392,-0.477009345794392
2026-05-17,"FanDuel","TOR @ LAS","1022600028","First Basket by Team","First Points","Player","Team","Home/Away","Favorite/Underdog",0.1604,524,0.1333,650,0.027,0.0156,1.559,0.728504672897196,2026-05-17 13:51:42.596618,6,"Erica Wheeler","Loss",0.5382,-0.5382,0.251495327102804,-0.251495327102804
2026-05-17,"Fanatics","TOR @ LAS","1022600028","First Basket by Team","First FGM","Player","Team","Home/Away","Favorite/Underdog",0.1606,523,0.1333,650,0.0273,0.0157,1.5725,0.73481308411215,2026-05-17 18:21:41.37034,15,"Erica Wheeler","Loss",0.0135000000000001,-0.0135000000000001,0.00630841121495396,-0.00630841121495396
2026-05-17,"Fanatics","TOR @ LAS","1022600028","First Basket by Team","First FGM","Player","Team","Home/Away","Favorite/Underdog",0.1606,523,0.125,700,0.0356,0.0203,2.0337,0.950327102803738,2026-05-17 22:51:40.611598,24,"Erica Wheeler","Loss",0.4612,-0.4612,0.215514018691588,-0.215514018691588
2026-05-17,"FanDuel","TOR @ LAS","1022600028","First Basket by Team","First Points","Player","Team","Home/Away","Favorite/Underdog",0.1424,602,0.1176,750,0.0247,0.014,1.4003,0.654345794392523,2026-05-17 11:22:04.901758,1,"Kiki Rice","Loss",1.4003,-1.4003,0.654345794392523,-0.654345794392523
2026-05-17,"FanDuel","TOR @ LAS","1022600028","First Basket by Team","First Points","Player","Team","Home/Away","Favorite/Underdog",0.1424,602,0.1053,850,0.0371,0.0207,2.073,0.968691588785047,2026-05-17 15:51:40.740214,10,"Kiki Rice","Loss",0.6727,-0.6727,0.314345794392524,-0.314345794392524
2026-05-17,"FanDuel","TOR @ LAS","1022600028","First Basket by Team","First Points","Player","Team","Home/Away","Favorite/Underdog",0.1612,520,0.1053,850,0.056,0.0313,3.1272,1.46130841121495,2026-05-17 22:21:42.236845,23,"Kiki Rice","Loss",1.0542,-1.0542,0.492616822429903,-0.492616822429903
2026-05-17,"FanDuel","TOR @ LAS","1022600028","First Basket by Team","First Points","Player","Team","Home/Away","Favorite/Underdog",0.1846,442,0.1724,480,0.0122,0.0074,0.736,0.34392523364486,2026-05-17 22:51:40.611598,1,"Laura Juskaite","Loss",0.736,-0.736,0.34392523364486,-0.34392523364486
2026-05-17,"FanDuel","TOR @ LAS","1022600028","First Basket by Team","First Points","Player","Team","Home/Away","Favorite/Underdog",0.1756,470,0.1333,650,0.0422,0.0244,2.4368,1.13869158878505,2026-05-17 11:22:04.901758,1,"Rae Burrell","Loss",2.4368,-2.4368,1.13869158878505,-1.13869158878505
2026-05-17,"Fanatics","TOR @ LAS","1022600028","First Basket by Team","First FGM","Player","Team","Home/Away","Favorite/Underdog",0.1817,450,0.125,700,0.0567,0.0324,3.2413,1.5146261682243,2026-05-17 13:51:42.596618,6,"Rae Burrell","Loss",0.8045,-0.8045,0.37593457943925,-0.37593457943925
2026-05-18,"FanDuel","CON @ PDX","1022600030","First Basket","First Points","Player","Game","Home/Away","Favorite/Underdog",0.0975,925,0.0667,1400,0.0309,0.0165,1.6541,1.40177966101695,2026-05-18 11:22:10.144739,1,"Emily Engstler","Loss",1.6541,-1.6541,1.40177966101695,-1.40177966101695
2026-05-18,"FanDuel","CON @ PDX","1022600030","First Basket","First Points","Player","Game","Home/Away","Favorite/Underdog",0.0841,1089,0.0714,1300,0.0127,0.0068,0.6821,0.578050847457627,2026-05-18 16:21:30.306122,1,"Nyadiew Puoch","Win",0.6821,8.8673,0.578050847457627,7.51466101694915
2026-05-18,"FanDuel","CON @ PDX","1022600030","First Basket","First Points","Player","Game","Home/Away","Favorite/Underdog",0.0841,1089,0.0667,1400,0.0174,0.0093,0.9337,0.791271186440678,2026-05-18 20:51:28.544024,10,"Nyadiew Puoch","Win",0.2516,3.5224,0.213220338983051,2.98508474576271
2026-05-18,"FanDuel","CON @ PDX","1022600030","First Basket by Team","First Points","Player","Team","Home/Away","Favorite/Underdog",0.2143,367,0.2041,390,0.0102,0.0064,0.6402,0.299158878504673,2026-05-18 16:21:30.427815,1,"Diamond Miller","Loss",0.6402,-0.6402,0.299158878504673,-0.299158878504673
2026-05-18,"FanDuel","CON @ PDX","1022600030","First Basket by Team","First Points","Player","Team","Home/Away","Favorite/Underdog",0.2143,367,0.1961,410,0.0182,0.0113,1.1316,0.528785046728972,2026-05-18 17:51:29.631233,4,"Diamond Miller","Loss",0.4914,-0.4914,0.229626168224299,-0.229626168224299
2026-05-18,"FanDuel","CON @ PDX","1022600030","First Basket by Team","First Points","Player","Team","Home/Away","Favorite/Underdog",0.2143,367,0.1818,450,0.0325,0.0198,1.9833,0.926775700934579,2026-05-18 21:21:29.340117,10,"Diamond Miller","Loss",0.8517,-0.8517,0.397990654205607,-0.397990654205607
2026-05-18,"FanDuel","CON @ PDX","1022600030","First Basket by Team","First Points","Player","Team","Home/Away","Favorite/Underdog",0.2203,354,0.1667,500,0.0537,0.0322,3.2201,1.50471962616822,2026-05-18 11:22:10.261755,1,"Emily Engstler","Loss",3.2201,-3.2201,1.50471962616822,-1.50471962616822
2026-05-18,"FanDuel","CON @ PDX","1022600030","First Basket by Team","First Points","Player","Team","Home/Away","Favorite/Underdog",0.19,426,0.1695,490,0.0205,0.0123,1.2322,0.575794392523364,2026-05-18 16:21:30.427815,1,"Nyadiew Puoch","Win",1.2322,6.03778,0.575794392523364,2.82139252336448
2026-05-18,"FanDuel","CON @ PDX","1022600030","First Basket by Team","First Points","Player","Team","Home/Away","Favorite/Underdog",0.19,426,0.1667,500,0.0233,0.014,1.3975,0.65303738317757,2026-05-18 16:51:27.56423,2,"Nyadiew Puoch","Win",0.1653,0.8265,0.077242990654206,0.38621495327103
2026-05-18,"FanDuel","CON @ PDX","1022600030","First Team","First Points","Team","Quarter","Home/Away","Favorite/Underdog",0.4427,126,0.4132,142,0.0295,0.0251,1.2562,0.815714285714286,2026-05-18 11:22:10.386929,1,"1Q PDX","Win",1.2562,1.783804,0.815714285714286,1.15831428571429
2026-05-18,"FanDuel","CON @ PDX","1022600030","First Team","First Points","Team","Quarter","Home/Away","Favorite/Underdog",0.4427,126,0.4098,144,0.0329,0.0279,1.3925,0.904220779220779,2026-05-18 18:51:30.306789,16,"1Q PDX","Win",0.1363,0.196272,0.0885064935064931,0.12744935064935
2026-05-18,"Draft Kings","WAS @ DAL","1022600029","First Basket","First Points","Player","Game","Home/Away","Favorite/Underdog",0.0753,1229,0.0588,1600,0.0164,0.0087,0.8734,0.740169491525424,2026-05-18 11:22:10.144739,1,"Cotie McMahon","Loss",0.4367,-0.4367,0.370084745762712,-0.370084745762712
2026-05-18,"FanDuel","WAS @ DAL","1022600029","First Basket","First Points","Player","Game","Home/Away","Favorite/Underdog",0.0753,1229,0.0588,1600,0.0164,0.0087,0.8734,0.740169491525424,2026-05-18 11:22:10.144739,1,"Cotie McMahon","Loss",0.4367,-0.4367,0.370084745762712,-0.370084745762712
2026-05-18,"FanDuel","WAS @ DAL","1022600029","First Basket","First Points","Player","Game","Home/Away","Favorite/Underdog",0.0753,1229,0.0556,1700,0.0197,0.0104,1.0434,0.884237288135593,2026-05-18 13:51:29.756265,6,"Cotie McMahon","Loss",0.17,-0.17,0.144067796610169,-0.144067796610169
2026-05-18,"FanDuel","WAS @ DAL","1022600029","First Basket","First Points","Player","Game","Home/Away","Favorite/Underdog",0.0753,1229,0.0526,1800,0.0226,0.0119,1.1945,1.01228813559322,2026-05-18 16:51:27.442687,12,"Cotie McMahon","Loss",0.1511,-0.1511,0.128050847457627,-0.128050847457627
2026-05-18,"FanDuel","WAS @ DAL","1022600029","First Basket","First Points","Player","Game","Home/Away","Favorite/Underdog",0.0753,1229,0.05,1900,0.0253,0.0133,1.3297,1.12686440677966,2026-05-18 18:21:29.217445,15,"Cotie McMahon","Loss",0.1352,-0.1352,0.11457627118644,-0.11457627118644
2026-05-18,"FanDuel","WAS @ DAL","1022600029","First Basket","First Points","Player","Game","Home/Away","Favorite/Underdog",0.0671,1390,0.05,1900,0.0171,0.009,0.9005,0.763135593220339,2026-05-18 11:22:10.144739,1,"Georgia Amoore","Loss",0.9005,-0.9005,0.763135593220339,-0.763135593220339
2026-05-18,"FanDuel","WAS @ DAL","1022600029","First Basket","First Points","Player","Game","Home/Away","Favorite/Underdog",0.0671,1390,0.0476,2000,0.0195,0.0102,1.0232,0.867118644067797,2026-05-18 11:51:27.002909,2,"Georgia Amoore","Loss",0.1227,-0.1227,0.103983050847458,-0.103983050847458
2026-05-18,"Draft Kings","WAS @ DAL","1022600029","First Basket","First Points","Player","Game","Home/Away","Favorite/Underdog",0.1506,564,0.125,700,0.0256,0.0146,1.463,1.23983050847458,2026-05-18 11:22:10.144739,1,"Kiki Iriafen","Loss",1.463,-1.463,1.23983050847458,-1.23983050847458
2026-05-18,"FanDuel","WAS @ DAL","1022600029","First Basket","First Points","Player","Game","Home/Away","Favorite/Underdog",0.1506,564,0.1176,750,0.033,0.0187,1.8675,1.58262711864407,2026-05-18 12:51:28.792509,4,"Kiki Iriafen","Loss",0.4045,-0.4045,0.34279661016949,-0.34279661016949
2026-05-18,"FanDuel","WAS @ DAL","1022600029","First Basket Exact","First Points","Player","Exact","Home/Away","Favorite/Underdog",0.0361,2672,0.0244,4000,0.0117,0.006,0.5987,0.893582089552239,2026-05-18 16:21:30.496929,1,"Cotie McMahon layup","Loss",0.5987,-0.5987,0.893582089552239,-0.893582089552239
2026-05-18,"FanDuel","WAS @ DAL","1022600029","First Basket Exact","First Points","Player","Exact","Home/Away","Favorite/Underdog",0.049,1943,0.0357,2700,0.0132,0.0069,0.6865,1.02462686567164,2026-05-18 11:22:10.33563,1,"Kiki Iriafen other","Loss",0.6865,-0.6865,1.02462686567164,-1.02462686567164
2026-05-18,"FanDuel","WAS @ DAL","1022600029","First Basket Exact","First Points","Player","Exact","Home/Away","Favorite/Underdog",0.049,1943,0.0323,3000,0.0167,0.0086,0.8626,1.28746268656716,2026-05-18 19:21:30.312953,17,"Kiki Iriafen other","Loss",0.1761,-0.1761,0.26283582089552,-0.26283582089552
2026-05-18,"FanDuel","WAS @ DAL","1022600029","First Basket by Team","First Points","Player","Team","Home/Away","Favorite/Underdog",0.1445,592,0.1111,800,0.0334,0.0188,1.8773,0.877242990654206,2026-05-18 11:22:10.261755,1,"Cotie McMahon","Loss",1.8773,-1.8773,0.877242990654206,-0.877242990654206
2026-05-18,"FanDuel","WAS @ DAL","1022600029","First Basket by Team","First Points","Player","Team","Home/Away","Favorite/Underdog",0.1445,592,0.1053,850,0.0392,0.0219,2.1918,1.02420560747664,2026-05-18 12:51:28.914263,4,"Cotie McMahon","Loss",0.3145,-0.3145,0.146962616822434,-0.146962616822434
2026-05-18,"Fanatics","WAS @ DAL","1022600029","First Basket by Team","First FGM","Player","Team","Home/Away","Favorite/Underdog",0.1506,564,0.1111,800,0.0395,0.0222,2.2198,1.03728971962617,2026-05-18 13:21:28.881186,5,"Cotie McMahon","Loss",0.028,-0.028,0.01308411214953,-0.01308411214953
2026-05-18,"FanDuel","WAS @ DAL","1022600029","First Basket by Team","First Points","Player","Team","Home/Away","Favorite/Underdog",0.1445,592,0.1,900,0.0445,0.0247,2.4714,1.15485981308411,2026-05-18 16:21:30.427815,11,"Cotie McMahon","Loss",0.2516,-0.2516,0.11757009345794,-0.11757009345794
2026-05-18,"FanDuel","WAS @ DAL","1022600029","First Basket by Team","First Points","Player","Team","Home/Away","Favorite/Underdog",0.1445,592,0.0952,950,0.0492,0.0272,2.7216,1.27177570093458,2026-05-18 16:51:27.56423,12,"Cotie McMahon","Loss",0.2502,-0.2502,0.11691588785047,-0.11691588785047
2026-05-18,"FanDuel","WAS @ DAL","1022600029","First Basket by Team","First Points","Player","Team","Home/Away","Favorite/Underdog",0.1445,592,0.0909,1000,0.0536,0.0295,2.9467,1.37696261682243,2026-05-18 18:51:30.181479,16,"Cotie McMahon","Loss",0.2251,-0.2251,0.10518691588785,-0.10518691588785
2026-05-18,"FanDuel","WAS @ DAL","1022600029","First Basket by Team","First Points","Player","Team","Home/Away","Favorite/Underdog",0.1288,676,0.0909,1000,0.0379,0.0209,2.0856,0.974579439252336,2026-05-18 11:22:10.261755,1,"Georgia Amoore","Loss",2.0856,-2.0856,0.974579439252336,-0.974579439252336
2026-05-18,"FanDuel","WAS @ DAL","1022600029","First Basket by Team","First Points","Player","Team","Home/Away","Favorite/Underdog",0.2891,246,0.25,300,0.0391,0.0261,2.6074,1.21841121495327,2026-05-18 11:22:10.261755,1,"Kiki Iriafen","Win",2.6074,7.8222,1.21841121495327,3.65523364485981
2026-05-18,"FanDuel","WAS @ DAL","1022600029","First Basket by Team","First Points","Player","Team","Home/Away","Favorite/Underdog",0.2891,246,0.2381,320,0.051,0.0335,3.3479,1.56443925233645,2026-05-18 12:21:29.277347,3,"Kiki Iriafen","Win",0.7405,2.3696,0.34602803738318,1.10728971962618
2026-05-18,"FanDuel","WAS @ DAL","1022600029","First Basket by Team","First Points","Player","Team","Home/Away","Favorite/Underdog",0.2891,246,0.2326,330,0.0566,0.0368,3.6845,1.72172897196262,2026-05-18 12:51:28.914263,4,"Kiki Iriafen","Win",0.3366,1.11078,0.15728971962617,0.519056074766361
2026-05-18,"FanDuel","WAS @ DAL","1022600029","First Basket by Team","First Points","Player","Team","Home/Away","Favorite/Underdog",0.2891,246,0.2174,360,0.0717,0.0458,4.5821,2.14116822429907,2026-05-18 19:21:30.244181,17,"Kiki Iriafen","Win",0.8976,3.23136,0.41943925233645,1.50998130841122
2026-05-18,"FanDuel","WAS @ DAL","1022600029","First Basket by Team","First Points","Player","Team","Home/Away","Favorite/Underdog",0.1904,425,0.1754,470,0.015,0.0091,0.9075,0.424065420560748,2026-05-18 11:22:10.261755,1,"Odyssey Sims","Loss",0.9075,-0.9075,0.424065420560748,-0.424065420560748
2026-05-18,"FanDuel","WAS @ DAL","1022600029","First Basket by Team","First Points","Player","Team","Home/Away","Favorite/Underdog",0.1904,425,0.1724,480,0.018,0.0109,1.0869,0.507897196261682,2026-05-18 17:21:29.343858,7,"Odyssey Sims","Loss",0.1794,-0.1794,0.083831775700934,-0.083831775700934
2026-05-18,"FanDuel","WAS @ DAL","1022600029","First Basket by Team","First Points","Player","Team","Home/Away","Favorite/Underdog",0.1904,425,0.1667,500,0.0237,0.0142,1.4242,0.665514018691589,2026-05-18 23:21:45.920994,16,"Odyssey Sims","Loss",0.3373,-0.3373,0.157616822429907,-0.157616822429907
2026-05-19,"FanDuel","TOR @ PHX","1022600031","First Basket","First Points","Player","Game","Home/Away","Favorite/Underdog",0.1099,810,0.0833,1100,0.0265,0.0145,1.4481,1.22720338983051,2026-05-19 11:22:03.653968,1,"Jovana Nogic","Loss",1.4481,-1.4481,1.22720338983051,-1.22720338983051
2026-05-19,"FanDuel","TOR @ PHX","1022600031","First Basket","First Points","Player","Game","Home/Away","Favorite/Underdog",0.1099,810,0.0769,1200,0.033,0.0179,1.7853,1.51296610169492,2026-05-19 14:21:26.507886,7,"Jovana Nogic","Loss",0.3372,-0.3372,0.28576271186441,-0.28576271186441
2026-05-19,"FanDuel","TOR @ PHX","1022600031","First Basket","First Points","Player","Game","Home/Away","Favorite/Underdog",0.0829,1106,0.0714,1300,0.0115,0.0062,0.6189,0.524491525423729,2026-05-19 11:22:03.653968,1,"Laura Juskaite","Win",0.6189,8.0457,0.524491525423729,6.81838983050848
2026-05-19,"FanDuel","TOR @ PHX","1022600031","First Basket","First Points","Player","Game","Home/Away","Favorite/Underdog",0.0913,996,0.0714,1300,0.0198,0.0107,1.0674,0.904576271186441,2026-05-19 19:51:30.111366,13,"Laura Juskaite","Win",0.4485,5.8305,0.380084745762712,4.94110169491526
2026-05-19,"FanDuel","TOR @ PHX","1022600031","First Basket","First Points","Player","Game","Home/Away","Favorite/Underdog",0.0913,996,0.0667,1400,0.0246,0.0132,1.3171,1.11618644067797,2026-05-19 20:51:28.790935,15,"Laura Juskaite","Win",0.2497,3.4958,0.211610169491529,2.96254237288141
2026-05-19,"BetRivers","TOR @ PHX","1022600031","First Basket","First FGM","Player","Game","Home/Away","Favorite/Underdog",0.0878,1039,0.0769,1200,0.0109,0.0059,0.5891,0.499237288135593,2026-05-20 01:51:40.364578,1,"Maria Conde","Loss",0.29455,-0.29455,0.249618644067796,-0.249618644067796
2026-05-19,"MGM","TOR @ PHX","1022600031","First Basket","First FGM","Player","Game","Home/Away","Favorite/Underdog",0.0878,1039,0.0769,1200,0.0109,0.0059,0.5891,0.499237288135593,2026-05-20 01:51:40.364578,1,"Maria Conde","Loss",0.29455,-0.29455,0.249618644067796,-0.249618644067796
2026-05-19,"FanDuel","TOR @ PHX","1022600031","First Basket","First Points","Player","Game","Home/Away","Favorite/Underdog",0.0851,1075,0.0714,1300,0.0137,0.0074,0.7353,0.623135593220339,2026-05-19 14:51:26.24286,1,"Natasha Mack","Loss",0.7353,-0.7353,0.623135593220339,-0.623135593220339
2026-05-19,"FanDuel","TOR @ PHX","1022600031","First Basket Exact","First Points","Player","Exact","Home/Away","Favorite/Underdog",0.0409,2344,0.0278,3500,0.0131,0.0068,0.6761,1.00910447761194,2026-05-19 11:22:03.831702,1,"Jovana Nogic layup","Loss",0.6761,-0.6761,1.00910447761194,-1.00910447761194
2026-05-19,"Fanatics","TOR @ PHX","1022600031","First Basket by Team","First FGM","Player","Team","Home/Away","Favorite/Underdog",0.1804,454,0.1667,500,0.0138,0.0083,0.8263,0.386121495327103,2026-05-19 20:21:29.969557,1,"DeWanna Bonner","Loss",0.8263,-0.8263,0.386121495327103,-0.386121495327103
2026-05-19,"FanDuel","TOR @ PHX","1022600031","First Basket by Team","First Points","Player","Team","Home/Away","Favorite/Underdog",0.1998,401,0.1429,600,0.0569,0.0332,3.3212,1.55196261682243,2026-05-19 11:22:03.766616,1,"Jovana Nogic","Loss",3.3212,-3.3212,1.55196261682243,-1.55196261682243
2026-05-19,"Fanatics","TOR @ PHX","1022600031","First Basket by Team","First FGM","Player","Team","Home/Away","Favorite/Underdog",0.2144,366,0.1538,550,0.0606,0.0358,3.5811,1.67341121495327,2026-05-19 19:21:27.197831,17,"Jovana Nogic","Loss",0.2599,-0.2599,0.12144859813084,-0.12144859813084
2026-05-19,"Fanatics","TOR @ PHX","1022600031","First Basket by Team","First FGM","Player","Team","Home/Away","Favorite/Underdog",0.2144,366,0.1429,600,0.0716,0.0418,4.1762,1.9514953271028,2026-05-20 00:21:56.55239,27,"Jovana Nogic","Loss",0.5951,-0.5951,0.27808411214953,-0.27808411214953
2026-05-19,"FanDuel","TOR @ PHX","1022600031","First Basket by Team","First Points","Player","Team","Home/Away","Favorite/Underdog",0.1843,443,0.1538,550,0.0304,0.018,1.7975,0.839953271028037,2026-05-19 11:22:03.766616,1,"Laura Juskaite","Win",1.7975,9.88625,0.839953271028037,4.6197429906542
2026-05-19,"FanDuel","TOR @ PHX","1022600031","First Basket by Team","First Points","Player","Team","Home/Away","Favorite/Underdog",0.1913,423,0.1538,550,0.0375,0.0221,2.2133,1.0342523364486,2026-05-19 19:51:30.230213,18,"Laura Juskaite","Win",0.4158,2.2869,0.194299065420563,1.0686448598131
2026-05-19,"FanDuel","TOR @ PHX","1022600031","First Basket by Team","First Points","Player","Team","Home/Away","Favorite/Underdog",0.1913,423,0.1429,600,0.0484,0.0283,2.826,1.32056074766355,2026-05-19 20:51:28.910158,20,"Laura Juskaite","Win",0.6127,3.6762,0.28630841121495,1.7178504672897
2026-05-19,"FanDuel","TOR @ PHX","1022600031","First Basket by Team","First Points","Player","Team","Home/Away","Favorite/Underdog",0.1547,546,0.1429,600,0.0118,0.0069,0.691,0.322897196261682,2026-05-19 11:22:03.766616,1,"Natasha Mack","Loss",0.691,-0.691,0.322897196261682,-0.322897196261682
2026-05-19,"FanDuel","TOR @ PHX","1022600031","First Basket by Team","First Points","Player","Team","Home/Away","Favorite/Underdog",0.1547,546,0.1333,650,0.0214,0.0123,1.2329,0.576121495327103,2026-05-19 12:21:28.590085,3,"Natasha Mack","Loss",0.5419,-0.5419,0.253224299065421,-0.253224299065421
2026-05-20,"Draft Kings","CON @ SEA","1022600034","First Basket","First Points","Player","Game","Home/Away","Favorite/Underdog",0.1043,859,0.0909,1000,0.0133,0.0073,0.7342,0.622203389830508,2026-05-21 00:51:36.459456,1,"Aaliyah Edwards","Loss",0.7342,-0.7342,0.622203389830508,-0.622203389830508
2026-05-20,"FanDuel","CON @ SEA","1022600034","First Basket","First Points","Player","Game","Home/Away","Favorite/Underdog",0.11,809,0.0909,1000,0.0191,0.0105,1.0506,0.890338983050847,2026-05-21 00:21:51.530623,1,"Diamond Miller","Loss",1.0506,-1.0506,0.890338983050847,-0.890338983050847
2026-05-20,"BetRivers","CON @ SEA","1022600034","First Basket","First FGM","Player","Game","Home/Away","Favorite/Underdog",0.1119,794,0.0909,1000,0.021,0.0116,1.1551,0.978898305084746,2026-05-21 01:21:38.520548,3,"Diamond Miller","Loss",0.1045,-0.1045,0.0885593220338989,-0.0885593220338989
2026-05-20,"Draft Kings","CON @ SEA","1022600034","First Basket","First Points","Player","Game","Home/Away","Favorite/Underdog",0.1317,659,0.0909,1000,0.0408,0.0225,2.245,1.90254237288136,2026-05-20 11:21:55.127327,1,"Jade Melbourne","Loss",1.1225,-1.1225,0.95127118644068,-0.95127118644068
2026-05-20,"FanDuel","CON @ SEA","1022600034","First Basket","First Points","Player","Game","Home/Away","Favorite/Underdog",0.1317,659,0.0909,1000,0.0408,0.0225,2.245,1.90254237288136,2026-05-20 11:21:55.127327,1,"Jade Melbourne","Loss",1.1225,-1.1225,0.95127118644068,-0.95127118644068
2026-05-20,"FanDuel","CON @ SEA","1022600034","First Basket","First Points","Player","Game","Home/Away","Favorite/Underdog",0.1332,651,0.0833,1100,0.0499,0.0272,2.7195,2.30466101694915,2026-05-20 17:04:24.100404,9,"Jade Melbourne","Loss",0.4745,-0.4745,0.40211864406779,-0.40211864406779
2026-05-20,"BetRivers","CON @ SEA","1022600034","First Basket","First FGM","Player","Game","Home/Away","Favorite/Underdog",0.0902,1008,0.0769,1200,0.0133,0.0072,0.7203,0.610423728813559,2026-05-20 12:21:34.457309,1,"Natisha Hiedeman","Loss",0.7203,-0.7203,0.610423728813559,-0.610423728813559
2026-05-20,"BetRivers","CON @ SEA","1022600034","First Basket","First FGM","Player","Game","Home/Away","Favorite/Underdog",0.0908,1001,0.0769,1200,0.0139,0.0075,0.7535,0.638559322033898,2026-05-20 17:04:24.100404,7,"Natisha Hiedeman","Loss",0.0331999999999999,-0.0331999999999999,0.028135593220339,-0.028135593220339
2026-05-20,"BetRivers","CON @ SEA","1022600034","First Basket","First FGM","Player","Game","Home/Away","Favorite/Underdog",0.091,999,0.0769,1200,0.014,0.0076,0.7605,0.644491525423729,2026-05-20 20:52:03.991218,15,"Natisha Hiedeman","Loss",0.00700000000000001,-0.00700000000000001,0.00593220338983103,-0.00593220338983103
2026-05-20,"FanDuel","CON @ SEA","1022600034","First Basket Exact","First Points","Player","Exact","Home/Away","Favorite/Underdog",0.0394,2437,0.0196,5000,0.0198,0.0101,1.0102,1.50776119402985,2026-05-20 11:21:55.326969,1,"Jade Melbourne other","Loss",1.0102,-1.0102,1.50776119402985,-1.50776119402985
2026-05-20,"FanDuel","CON @ SEA","1022600034","First Basket Exact","First Points","Player","Exact","Home/Away","Favorite/Underdog",0.0399,2409,0.0196,5000,0.0202,0.0103,1.0325,1.5410447761194,2026-05-20 17:04:24.308201,9,"Jade Melbourne other","Loss",0.0223,-0.0223,0.0332835820895498,-0.0332835820895498
2026-05-20,"FanDuel","CON @ SEA","1022600034","First Basket Exact","First Points","Player","Exact","Home/Away","Favorite/Underdog",0.0446,2141,0.0244,4000,0.0202,0.0104,1.0369,1.54761194029851,2026-05-21 01:21:38.71081,26,"Jade Melbourne other","Loss",0.00439999999999996,-0.00439999999999996,0.00656716417911007,-0.00656716417911007
2026-05-20,"FanDuel","CON @ SEA","1022600034","First Basket Exact","First Points","Player","Exact","Home/Away","Favorite/Underdog",0.0446,2144,0.0217,4500,0.0228,0.0117,1.167,1.74179104477612,2026-05-21 01:51:41.222774,27,"Jade Melbourne other","Loss",0.1301,-0.1301,0.19417910447761,-0.19417910447761
2026-05-20,"FanDuel","CON @ SEA","1022600034","First Basket by Team","First Points","Player","Team","Home/Away","Favorite/Underdog",0.2012,397,0.1887,430,0.0125,0.0077,0.7703,0.359953271028037,2026-05-20 13:51:35.471237,1,"Diamond Miller","Loss",0.7703,-0.7703,0.359953271028037,-0.359953271028037
2026-05-20,"FanDuel","CON @ SEA","1022600034","First Basket by Team","First Points","Player","Team","Home/Away","Favorite/Underdog",0.2012,397,0.1852,440,0.016,0.0098,0.9814,0.458598130841121,2026-05-20 14:21:34.584115,2,"Diamond Miller","Loss",0.2111,-0.2111,0.098644859813084,-0.098644859813084
2026-05-20,"FanDuel","CON @ SEA","1022600034","First Basket by Team","First Points","Player","Team","Home/Away","Favorite/Underdog",0.2014,397,0.1852,440,0.0162,0.0099,0.9949,0.464906542056075,2026-05-20 23:51:34.533145,9,"Diamond Miller","Loss",0.0135,-0.0135,0.00630841121495401,-0.00630841121495401
2026-05-20,"FanDuel","CON @ SEA","1022600034","First Basket by Team","First Points","Player","Team","Home/Away","Favorite/Underdog",0.2306,334,0.1961,410,0.0345,0.0214,2.1446,1.00214953271028,2026-05-21 01:21:38.641537,12,"Diamond Miller","Loss",1.1497,-1.1497,0.537242990654205,-0.537242990654205
2026-05-20,"FanDuel","CON @ SEA","1022600034","First Basket by Team","First Points","Player","Team","Home/Away","Favorite/Underdog",0.2242,346,0.1852,440,0.039,0.0239,2.3945,1.11892523364486,2026-05-21 01:51:41.15356,13,"Diamond Miller","Loss",0.2499,-0.2499,0.11677570093458,-0.11677570093458
2026-05-20,"FanDuel","CON @ SEA","1022600034","First Basket by Team","First Points","Player","Team","Home/Away","Favorite/Underdog",0.2935,241,0.2041,390,0.0894,0.0562,5.6187,2.62556074766355,2026-05-20 11:21:55.249574,1,"Jade Melbourne","Loss",5.6187,-5.6187,2.62556074766355,-2.62556074766355
2026-05-20,"FanDuel","CON @ SEA","1022600034","First Basket by Team","First Points","Player","Team","Home/Away","Favorite/Underdog",0.2935,241,0.1961,410,0.0974,0.0606,6.0605,2.83200934579439,2026-05-20 17:04:24.2229,9,"Jade Melbourne","Loss",0.441800000000001,-0.441800000000001,0.20644859813084,-0.20644859813084
2026-05-20,"FanDuel","CON @ SEA","1022600034","First Basket by Team","First Points","Player","Team","Home/Away","Favorite/Underdog",0.2921,242,0.1923,420,0.0998,0.0618,6.1806,2.88813084112149,2026-05-20 21:21:32.816727,18,"Jade Melbourne","Loss",0.1201,-0.1201,0.0561214953271003,-0.0561214953271003
2026-05-20,"Fanatics","CON @ SEA","1022600034","First Basket by Team","First FGM","Player","Team","Home/Away","Favorite/Underdog",0.2073,382,0.1739,475,0.0334,0.0202,2.0191,0.943504672897196,2026-05-21 00:21:51.653522,1,"Jordan Horston","Loss",2.0191,-2.0191,0.943504672897196,-0.943504672897196
2026-05-20,"Fanatics","CON @ SEA","1022600034","First Basket by Team","First FGM","Player","Team","Home/Away","Favorite/Underdog",0.1936,416,0.1818,450,0.0118,0.0072,0.723,0.33785046728972,2026-05-21 00:21:51.653522,1,"Natisha Hiedeman","Win",0.723,3.2535,0.33785046728972,1.52032710280374
2026-05-20,"FanDuel","CON @ SEA","1022600034","First Team","First Points","Team","Quarter","Home/Away","Favorite/Underdog",0.5462,-120,0.4762,110,0.07,0.0669,3.343,2.17077922077922,2026-05-21 00:21:51.77989,1,"1Q CON","Win",3.343,3.6773,2.17077922077922,2.38785714285714
2026-05-20,"FanDuel","CON @ SEA","1022600034","First Team","First Points","Team","Quarter","Home/Away","Favorite/Underdog",0.4488,123,0.4386,128,0.0102,0.0091,0.4537,0.29461038961039,2026-05-20 11:21:55.378164,1,"1Q SEA","Loss",0.4537,-0.4537,0.29461038961039,-0.29461038961039
2026-05-20,"FanDuel","CON @ SEA","1022600034","First Team","First Points","Team","Quarter","Home/Away","Favorite/Underdog",0.4538,120,0.4348,130,0.019,0.0168,0.8397,0.54525974025974,2026-05-20 17:04:24.361437,9,"1Q SEA","Loss",0.386,-0.386,0.25064935064935,-0.25064935064935
2026-05-20,"FanDuel","DAL @ CHI","1022600033","First Basket","First Points","Player","Game","Home/Away","Favorite/Underdog",0.0895,1017,0.0769,1200,0.0126,0.0068,0.6807,0.576864406779661,2026-05-20 11:21:55.127327,1,"Odyssey Sims","Loss",0.6807,-0.6807,0.576864406779661,-0.576864406779661
2026-05-20,"BetRivers","DAL @ CHI","1022600033","First Basket","First FGM","Player","Game","Home/Away","Favorite/Underdog",0.0966,935,0.0769,1200,0.0197,0.0107,1.0658,0.903220338983051,2026-05-20 12:21:34.457309,3,"Odyssey Sims","Loss",0.3851,-0.3851,0.32635593220339,-0.32635593220339
2026-05-20,"BetRivers","DAL @ CHI","1022600033","First Basket","First FGM","Player","Game","Home/Away","Favorite/Underdog",0.0971,930,0.0769,1200,0.0202,0.0109,1.0918,0.925254237288136,2026-05-20 17:04:24.100404,9,"Odyssey Sims","Loss",0.026,-0.026,0.0220338983050851,-0.0220338983050851
2026-05-20,"BetRivers","DAL @ CHI","1022600033","First Basket","First FGM","Player","Game","Home/Away","Favorite/Underdog",0.0972,928,0.0769,1200,0.0203,0.011,1.1005,0.932627118644068,2026-05-20 20:52:03.991218,17,"Odyssey Sims","Loss",0.00869999999999993,-0.00869999999999993,0.00737288135593195,-0.00737288135593195
2026-05-20,"FanDuel","DAL @ CHI","1022600033","First Basket","First Points","Player","Game","Home/Away","Favorite/Underdog",0.1141,776,0.1,900,0.0141,0.0078,0.7843,0.664661016949153,2026-05-20 11:51:33.131726,1,"Skylar Diggins","Loss",0.7843,-0.7843,0.664661016949153,-0.664661016949153
2026-05-20,"Draft Kings","DAL @ CHI","1022600033","First Basket","First Points","Player","Game","Home/Away","Favorite/Underdog",0.1131,784,0.0952,950,0.0179,0.0099,0.9895,0.838559322033898,2026-05-20 23:21:35.954915,3,"Skylar Diggins","Loss",0.2052,-0.2052,0.173898305084745,-0.173898305084745
2026-05-20,"FanDuel","DAL @ CHI","1022600033","First Basket by Team","First Points","Player","Team","Home/Away","Favorite/Underdog",0.1939,416,0.1667,500,0.0272,0.0163,1.6311,0.762196261682243,2026-05-20 11:21:55.249574,1,"Odyssey Sims","Loss",1.6311,-1.6311,0.762196261682243,-0.762196261682243
2026-05-20,"FanDuel","DAL @ CHI","1022600033","First Basket by Team","First Points","Player","Team","Home/Away","Favorite/Underdog",0.1948,413,0.1667,500,0.0281,0.0169,1.6886,0.789065420560748,2026-05-20 20:52:04.109943,17,"Odyssey Sims","Loss",0.0575000000000001,-0.0575000000000001,0.026869158878505,-0.026869158878505
2026-05-20,"FanDuel","DAL @ CHI","1022600033","First Basket by Team","First Points","Player","Team","Home/Away","Favorite/Underdog",0.212,372,0.1754,470,0.0365,0.0222,2.2154,1.03523364485981,2026-05-20 11:21:55.249574,1,"Skylar Diggins","Loss",2.2154,-2.2154,1.03523364485981,-1.03523364485981
2026-05-20,"FanDuel","DAL @ CHI","1022600033","First Basket by Team","First Points","Player","Team","Home/Away","Favorite/Underdog",0.212,372,0.1667,500,0.0453,0.0272,2.7184,1.27028037383178,2026-05-20 11:51:33.254381,2,"Skylar Diggins","Loss",0.503,-0.503,0.23504672897197,-0.23504672897197
2026-05-20,"FanDuel","DAL @ CHI","1022600033","First Team","First Points","Team","Quarter","Home/Away","Favorite/Underdog",0.4616,117,0.4348,130,0.0269,0.0238,1.1881,0.771493506493506,2026-05-20 11:21:55.378164,1,"1Q DAL","Win",1.1881,1.54453,0.771493506493506,1.00294155844156
2026-05-20,"FanDuel","DAL @ CHI","1022600033","First Team","First Points","Team","Quarter","Home/Away","Favorite/Underdog",0.4654,115,0.4348,130,0.0306,0.027,1.3525,0.878246753246753,2026-05-20 17:04:24.361437,9,"1Q DAL","Win",0.1644,0.21372,0.106753246753247,0.138779220779221
2026-05-20,"Draft Kings","PDX @ IND","1022600032","First Basket","First Points","Player","Game","Home/Away","Favorite/Underdog",0.0969,932,0.0769,1200,0.02,0.0108,1.0821,0.917033898305085,2026-05-20 11:21:55.127327,1,"Emily Engstler","Loss",0.54105,-0.54105,0.458516949152542,-0.458516949152542
2026-05-20,"FanDuel","PDX @ IND","1022600032","First Basket","First Points","Player","Game","Home/Away","Favorite/Underdog",0.0969,932,0.0769,1200,0.02,0.0108,1.0821,0.917033898305085,2026-05-20 11:21:55.127327,1,"Emily Engstler","Loss",0.54105,-0.54105,0.458516949152542,-0.458516949152542
2026-05-20,"BetRivers","PDX @ IND","1022600032","First Basket","First FGM","Player","Game","Home/Away","Favorite/Underdog",0.1006,894,0.0769,1200,0.0237,0.0128,1.2839,1.08805084745763,2026-05-20 12:21:34.457309,3,"Emily Engstler","Loss",0.2018,-0.2018,0.171016949152545,-0.171016949152545
2026-05-20,"FanDuel","PDX @ IND","1022600032","First Basket","First Points","Player","Game","Home/Away","Favorite/Underdog",0.0969,932,0.0714,1300,0.0255,0.0137,1.3715,1.16228813559322,2026-05-20 13:51:35.346867,6,"Emily Engstler","Loss",0.0875999999999999,-0.0875999999999999,0.0742372881355899,-0.0742372881355899
2026-05-20,"BetRivers","PDX @ IND","1022600032","First Basket","First FGM","Player","Game","Home/Away","Favorite/Underdog",0.1027,874,0.0769,1200,0.0258,0.0139,1.395,1.18220338983051,2026-05-20 17:04:24.100404,9,"Emily Engstler","Loss",0.0235000000000001,-0.0235000000000001,0.01991525423729,-0.01991525423729
2026-05-20,"FanDuel","PDX @ IND","1022600032","First Basket","First Points","Player","Game","Home/Away","Favorite/Underdog",0.0829,1106,0.0714,1300,0.0115,0.0062,0.6189,0.524491525423729,2026-05-20 11:21:55.127327,1,"Lexie Hull","Loss",0.6189,-0.6189,0.524491525423729,-0.524491525423729
2026-05-20,"FanDuel","PDX @ IND","1022600032","First Basket","First Points","Player","Game","Home/Away","Favorite/Underdog",0.0829,1106,0.0667,1400,0.0163,0.0087,0.8709,0.738050847457627,2026-05-20 13:51:35.346867,6,"Lexie Hull","Loss",0.252,-0.252,0.213559322033898,-0.213559322033898
2026-05-20,"FanDuel","PDX @ IND","1022600032","First Basket","First Points","Player","Game","Home/Away","Favorite/Underdog",0.0807,1139,0.0625,1500,0.0182,0.0097,0.9727,0.824322033898305,2026-05-20 17:04:24.100404,9,"Lexie Hull","Loss",0.1018,-0.1018,0.0862711864406781,-0.0862711864406781
2026-05-20,"FanDuel","PDX @ IND","1022600032","First Basket","First Points","Player","Game","Home/Away","Favorite/Underdog",0.0892,1021,0.0625,1500,0.0267,0.0142,1.4239,1.20669491525424,2026-05-20 22:21:37.260193,20,"Lexie Hull","Loss",0.4512,-0.4512,0.382372881355935,-0.382372881355935
2026-05-20,"FanDuel","PDX @ IND","1022600032","First Basket Exact","First Points","Player","Exact","Home/Away","Favorite/Underdog",0.0299,3246,0.0196,5000,0.0103,0.0052,0.5243,0.782537313432836,2026-05-20 22:21:37.459604,1,"Bridget Carleton layup","Loss",0.5243,-0.5243,0.782537313432836,-0.782537313432836
2026-05-20,"FanDuel","PDX @ IND","1022600032","First Basket by Team","First Points","Player","Team","Home/Away","Favorite/Underdog",0.2181,358,0.1695,490,0.0486,0.0293,2.9272,1.36785046728972,2026-05-20 11:21:55.249574,1,"Emily Engstler","Loss",2.9272,-2.9272,1.36785046728972,-1.36785046728972
2026-05-20,"FanDuel","PDX @ IND","1022600032","First Basket by Team","First Points","Player","Team","Home/Away","Favorite/Underdog",0.2181,358,0.1667,500,0.0514,0.0309,3.0868,1.44242990654206,2026-05-20 13:51:35.471237,6,"Emily Engstler","Loss",0.1596,-0.1596,0.07457943925234,-0.07457943925234
2026-05-20,"FanDuel","PDX @ IND","1022600032","First Basket by Team","First Points","Player","Team","Home/Away","Favorite/Underdog",0.1492,570,0.1176,750,0.0316,0.0179,1.7887,0.835841121495327,2026-05-20 11:21:55.249574,1,"Lexie Hull","Loss",1.7887,-1.7887,0.835841121495327,-0.835841121495327
2026-05-20,"FanDuel","PDX @ IND","1022600032","First Basket by Team","First Points","Player","Team","Home/Away","Favorite/Underdog",0.1492,570,0.1,900,0.0492,0.0273,2.734,1.27757009345794,2026-05-20 17:04:24.2229,9,"Lexie Hull","Loss",0.9453,-0.9453,0.441728971962613,-0.441728971962613
2026-05-20,"FanDuel","PDX @ IND","1022600032","First Basket by Team","First Points","Player","Team","Home/Away","Favorite/Underdog",0.1749,472,0.1111,800,0.0638,0.0359,3.5869,1.6761214953271,2026-05-20 22:21:37.383032,20,"Lexie Hull","Loss",0.8529,-0.8529,0.39855140186916,-0.39855140186916
2026-05-20,"FanDuel","PDX @ IND","1022600032","First Team","First Points","Team","Quarter","Home/Away","Favorite/Underdog",0.4899,104,0.4587,118,0.0312,0.0288,1.4422,0.936493506493506,2026-05-20 22:21:37.510491,1,"1Q PDX","Loss",1.4422,-1.4422,0.936493506493506,-0.936493506493506
2026-05-21,"FanDuel","GSV @ NYL","1022600035","First Basket","First Points","Player","Game","Home/Away","Favorite/Underdog",0.0744,1244,0.0625,1500,0.0119,0.0063,0.6336,0.536949152542373,2026-05-21 11:22:26.365385,1,"Kiah Stokes","Loss",0.6336,-0.6336,0.536949152542373,-0.536949152542373
2026-05-21,"FanDuel","GSV @ NYL","1022600035","First Basket","First Points","Player","Game","Home/Away","Favorite/Underdog",0.0744,1244,0.0625,1500,0.0119,0.0063,0.6343,0.537542372881356,2026-05-21 15:21:46.718399,9,"Kiah Stokes","Loss",0.000699999999999923,-0.000699999999999923,0.000593220338983014,-0.000593220338983014
2026-05-21,"FanDuel","GSV @ NYL","1022600035","First Basket","First Points","Player","Game","Home/Away","Favorite/Underdog",0.0745,1243,0.0625,1500,0.012,0.0064,0.6389,0.541440677966102,2026-05-21 15:51:38.543596,10,"Kiah Stokes","Loss",0.00460000000000005,-0.00460000000000005,0.00389830508474598,-0.00389830508474598
2026-05-21,"FanDuel","GSV @ NYL","1022600035","First Basket","First Points","Player","Game","Home/Away","Favorite/Underdog",0.0745,1242,0.0625,1500,0.012,0.0064,0.6399,0.54228813559322,2026-05-21 22:51:34.238287,15,"Kiah Stokes","Loss",0.001,-0.001,0.00084745762711802,-0.00084745762711802
2026-05-21,"FanDuel","GSV @ NYL","1022600035","First Basket","First Points","Player","Game","Home/Away","Favorite/Underdog",0.1166,758,0.1053,850,0.0113,0.0063,0.6327,0.536186440677966,2026-05-21 15:51:38.543596,1,"Satou Sabally","Loss",0.6327,-0.6327,0.536186440677966,-0.536186440677966
2026-05-21,"Fanatics","GSV @ NYL","1022600035","First Basket by Team","First FGM","Player","Team","Home/Away","Favorite/Underdog",0.1979,405,0.1818,450,0.0161,0.0098,0.9814,0.458598130841121,2026-05-21 23:51:34.028575,1,"Gabby Williams","Loss",0.9814,-0.9814,0.458598130841121,-0.458598130841121
2026-05-21,"FanDuel","GSV @ NYL","1022600035","First Basket by Team","First Points","Player","Team","Home/Away","Favorite/Underdog",0.1589,529,0.1333,650,0.0256,0.0148,1.4766,0.69,2026-05-21 11:22:26.487646,1,"Kiah Stokes","Loss",1.4766,-1.4766,0.69,-0.69
2026-05-21,"FanDuel","GSV @ NYL","1022600035","First Basket by Team","First Points","Player","Team","Home/Away","Favorite/Underdog",0.159,529,0.1333,650,0.0256,0.0148,1.4781,0.690700934579439,2026-05-21 17:51:33.599389,14,"Kiah Stokes","Loss",0.00150000000000006,-0.00150000000000006,0.000700934579439094,-0.000700934579439094
2026-05-21,"FanDuel","GSV @ NYL","1022600035","First Basket by Team","First Points","Player","Team","Home/Away","Favorite/Underdog",0.2205,353,0.2041,390,0.0164,0.0103,1.0323,0.482383177570093,2026-05-21 11:22:26.487646,1,"Satou Sabally","Loss",1.0323,-1.0323,0.482383177570093,-0.482383177570093
2026-05-21,"FanDuel","GSV @ NYL","1022600035","First Basket by Team","First Points","Player","Team","Home/Away","Favorite/Underdog",0.2205,353,0.2,400,0.0205,0.0128,1.2821,0.59911214953271,2026-05-21 13:51:40.86538,6,"Satou Sabally","Loss",0.2498,-0.2498,0.116728971962617,-0.116728971962617
2026-05-21,"FanDuel","GSV @ NYL","1022600035","First Basket by Team","First Points","Player","Team","Home/Away","Favorite/Underdog",0.2207,353,0.1923,420,0.0284,0.0176,1.7587,0.821822429906542,2026-05-21 15:21:46.840658,9,"Satou Sabally","Loss",0.4766,-0.4766,0.222710280373832,-0.222710280373832
2026-05-21,"FanDuel","GSV @ NYL","1022600035","First Basket by Team","First Points","Player","Team","Home/Away","Favorite/Underdog",0.2194,356,0.1852,440,0.0342,0.021,2.0982,0.980467289719626,2026-05-21 15:51:38.665891,10,"Satou Sabally","Loss",0.3395,-0.3395,0.158644859813084,-0.158644859813084
2026-05-21,"FanDuel","LAS @ PHX","1022600037","First Basket","First Points","Player","Game","Home/Away","Favorite/Underdog",0.0824,1113,0.0625,1500,0.0199,0.0106,1.0633,0.901101694915254,2026-05-21 11:22:26.365385,1,"Ariel Atkins","Loss",1.0633,-1.0633,0.901101694915254,-0.901101694915254
2026-05-21,"FanDuel","LAS @ PHX","1022600037","First Basket","First Points","Player","Game","Home/Away","Favorite/Underdog",0.0824,1113,0.0556,1700,0.0269,0.0142,1.4232,1.20610169491525,2026-05-21 11:51:37.165744,2,"Ariel Atkins","Loss",0.3599,-0.3599,0.304999999999996,-0.304999999999996
2026-05-21,"FanDuel","LAS @ PHX","1022600037","First Basket","First Points","Player","Game","Home/Away","Favorite/Underdog",0.0744,1244,0.0625,1500,0.0119,0.0064,0.6354,0.538474576271186,2026-05-22 01:21:33.920269,1,"Erica Wheeler","Loss",0.6354,-0.6354,0.538474576271186,-0.538474576271186
2026-05-21,"BetRivers","LAS @ PHX","1022600037","First Basket","First FGM","Player","Game","Home/Away","Favorite/Underdog",0.1117,796,0.0769,1200,0.0347,0.0188,1.8812,1.59423728813559,2026-05-21 11:22:26.365385,1,"Jovana Nogic","Loss",1.8812,-1.8812,1.59423728813559,-1.59423728813559
2026-05-21,"FanDuel","LAS @ PHX","1022600037","First Basket","First Points","Player","Game","Home/Away","Favorite/Underdog",0.0837,1095,0.0714,1300,0.0123,0.0066,0.66,0.559322033898305,2026-05-21 19:51:35.935816,1,"Natasha Mack","Loss",0.66,-0.66,0.559322033898305,-0.559322033898305
2026-05-21,"FanDuel","LAS @ PHX","1022600037","First Basket Exact","First Points","Player","Exact","Home/Away","Favorite/Underdog",0.0381,2526,0.0278,3500,0.0103,0.0053,0.5302,0.791343283582089,2026-05-21 20:21:34.651782,1,"Jovana Nogic layup","Loss",0.5302,-0.5302,0.791343283582089,-0.791343283582089
2026-05-21,"FanDuel","LAS @ PHX","1022600037","First Basket Exact","First Points","Player","Exact","Home/Away","Favorite/Underdog",0.0297,3268,0.0196,5000,0.0101,0.0051,0.5144,0.767761194029851,2026-05-21 20:21:34.651782,1,"Jovana Nogic other","Loss",0.5144,-0.5144,0.767761194029851,-0.767761194029851
2026-05-21,"FanDuel","LAS @ PHX","1022600037","First Basket by Team","First Points","Player","Team","Home/Away","Favorite/Underdog",0.1776,463,0.125,700,0.0526,0.0301,3.0064,1.40485981308411,2026-05-21 11:22:26.487646,1,"Ariel Atkins","Loss",3.0064,-3.0064,1.40485981308411,-1.40485981308411
2026-05-21,"FanDuel","LAS @ PHX","1022600037","First Basket by Team","First Points","Player","Team","Home/Away","Favorite/Underdog",0.1775,463,0.1176,750,0.0599,0.0339,3.3925,1.58528037383178,2026-05-21 23:51:34.028575,26,"Ariel Atkins","Loss",0.3861,-0.3861,0.18042056074767,-0.18042056074767
2026-05-21,"FanDuel","LAS @ PHX","1022600037","First Basket by Team","First Points","Player","Team","Home/Away","Favorite/Underdog",0.1606,523,0.1333,650,0.0273,0.0158,1.5753,0.736121495327103,2026-05-22 01:21:34.051217,1,"Erica Wheeler","Loss",1.5753,-1.5753,0.736121495327103,-0.736121495327103
2026-05-21,"FanDuel","LAS @ PHX","1022600037","First Basket by Team","First Points","Player","Team","Home/Away","Favorite/Underdog",0.2017,396,0.1538,550,0.0478,0.0283,2.8252,1.32018691588785,2026-05-21 11:22:26.487646,1,"Jovana Nogic","Loss",2.8252,-2.8252,1.32018691588785,-1.32018691588785
2026-05-21,"FanDuel","LAS @ PHX","1022600037","First Basket by Team","First Points","Player","Team","Home/Away","Favorite/Underdog",0.2017,396,0.1429,600,0.0588,0.0343,3.43,1.60280373831776,2026-05-21 12:51:38.907934,4,"Jovana Nogic","Loss",0.6048,-0.6048,0.28261682242991,-0.28261682242991
2026-05-21,"FanDuel","LAS @ PHX","1022600037","First Basket by Team","First Points","Player","Team","Home/Away","Favorite/Underdog",0.1561,541,0.1429,600,0.0132,0.0077,0.7711,0.360327102803738,2026-05-21 11:22:26.487646,1,"Natasha Mack","Loss",0.7711,-0.7711,0.360327102803738,-0.360327102803738
2026-05-21,"FanDuel","LAS @ PHX","1022600037","First Basket by Team","First Points","Player","Team","Home/Away","Favorite/Underdog",0.1561,541,0.1333,650,0.0227,0.0131,1.3121,0.613130841121495,2026-05-21 11:51:37.288153,2,"Natasha Mack","Loss",0.541,-0.541,0.252803738317757,-0.252803738317757
2026-05-21,"FanDuel","LAS @ PHX","1022600037","First Basket by Team","First Points","Player","Team","Home/Away","Favorite/Underdog",0.1562,540,0.1333,650,0.0228,0.0132,1.3176,0.615700934579439,2026-05-21 15:21:46.840658,9,"Natasha Mack","Loss",0.00550000000000006,-0.00550000000000006,0.00257009345794401,-0.00257009345794401
2026-05-21,"FanDuel","TOR @ MIN","1022600036","First Basket","First Points","Player","Game","Home/Away","Favorite/Underdog",0.1036,865,0.0909,1000,0.0127,0.007,0.6998,0.593050847457627,2026-05-21 18:21:36.53205,1,"Courtney Williams","Loss",0.6998,-0.6998,0.593050847457627,-0.593050847457627
2026-05-21,"FanDuel","TOR @ MIN","1022600036","First Basket","First Points","Player","Game","Home/Away","Favorite/Underdog",0.1197,735,0.0909,1000,0.0288,0.0159,1.5852,1.34338983050847,2026-05-21 11:22:26.365385,1,"Laura Juskaite","Loss",1.5852,-1.5852,1.34338983050847,-1.34338983050847
2026-05-21,"FanDuel","TOR @ MIN","1022600036","First Basket","First Points","Player","Game","Home/Away","Favorite/Underdog",0.0872,1047,0.0769,1200,0.0102,0.0055,0.5541,0.469576271186441,2026-05-21 11:22:26.365385,1,"Maria Conde","Loss",0.5541,-0.5541,0.469576271186441,-0.469576271186441
2026-05-21,"FanDuel","TOR @ MIN","1022600036","First Basket","First Points","Player","Game","Home/Away","Favorite/Underdog",0.0872,1047,0.0769,1200,0.0103,0.0056,0.5572,0.472203389830509,2026-05-21 15:51:38.543596,7,"Maria Conde","Loss",0.00309999999999999,-0.00309999999999999,0.002627118644068,-0.002627118644068
2026-05-21,"FanDuel","TOR @ MIN","1022600036","First Basket Exact","First Points","Player","Exact","Home/Away","Favorite/Underdog",0.0309,3132,0.0196,5000,0.0113,0.0058,0.5777,0.862238805970149,2026-05-21 11:22:26.565915,1,"Courtney Williams layup","Loss",0.5777,-0.5777,0.862238805970149,-0.862238805970149
2026-05-21,"FanDuel","TOR @ MIN","1022600036","First Basket Exact","First Points","Player","Exact","Home/Away","Favorite/Underdog",0.031,3130,0.0196,5000,0.0113,0.0058,0.5788,0.863880597014925,2026-05-21 15:21:46.918996,9,"Courtney Williams layup","Loss",0.00109999999999999,-0.00109999999999999,0.00164179104477602,-0.00164179104477602
2026-05-21,"FanDuel","TOR @ MIN","1022600036","First Basket by Team","First Points","Player","Team","Home/Away","Favorite/Underdog",0.2204,354,0.1852,440,0.0352,0.0216,2.1626,1.01056074766355,2026-05-21 11:22:26.487646,1,"Courtney Williams","Loss",2.1626,-2.1626,1.01056074766355,-1.01056074766355
2026-05-21,"FanDuel","TOR @ MIN","1022600036","First Basket by Team","First Points","Player","Team","Home/Away","Favorite/Underdog",0.2205,354,0.1852,440,0.0353,0.0217,2.1663,1.01228971962617,2026-05-21 18:21:36.654121,15,"Courtney Williams","Loss",0.00370000000000026,-0.00370000000000026,0.0017289719626199,-0.0017289719626199
2026-05-21,"FanDuel","TOR @ MIN","1022600036","First Basket by Team","First Points","Player","Team","Home/Away","Favorite/Underdog",0.2205,354,0.1818,450,0.0387,0.0236,2.3631,1.1042523364486,2026-05-21 22:51:34.367507,24,"Courtney Williams","Loss",0.1968,-0.1968,0.0919626168224301,-0.0919626168224301
2026-05-21,"FanDuel","TOR @ MIN","1022600036","First Basket by Team","First Points","Player","Team","Home/Away","Favorite/Underdog",0.2259,343,0.1695,490,0.0564,0.034,3.3968,1.58728971962617,2026-05-21 11:22:26.487646,1,"Laura Juskaite","Loss",3.3968,-3.3968,1.58728971962617,-1.58728971962617
2026-05-21,"FanDuel","TOR @ MIN","1022600036","First Basket by Team","First Points","Player","Team","Home/Away","Favorite/Underdog",0.2259,343,0.1667,500,0.0592,0.0355,3.5548,1.6611214953271,2026-05-21 14:21:38.857115,7,"Laura Juskaite","Loss",0.158,-0.158,0.0738317757009301,-0.0738317757009301
2026-05-21,"FanDuel","TOR @ MIN","1022600036","First Basket by Team","First Points","Player","Team","Home/Away","Favorite/Underdog",0.1644,508,0.1538,550,0.0106,0.0063,0.6262,0.292616822429906,2026-05-21 11:22:26.487646,1,"Maria Conde","Win",0.6262,3.4441,0.292616822429906,1.60939252336448
2026-05-21,"FanDuel","TOR @ MIN","1022600036","First Basket by Team","First Points","Player","Team","Home/Away","Favorite/Underdog",0.1645,508,0.1538,550,0.0107,0.0063,0.6325,0.295560747663551,2026-05-21 15:21:46.840658,9,"Maria Conde","Win",0.00629999999999997,0.0346499999999998,0.00294392523364501,0.0161915887850475
2026-05-21,"FanDuel","TOR @ MIN","1022600036","First Basket by Team","First Points","Player","Team","Home/Away","Favorite/Underdog",0.1645,508,0.1429,600,0.0217,0.0127,1.2654,0.591308411214953,2026-05-21 15:51:38.665891,10,"Maria Conde","Win",0.6329,3.7974,0.295747663551402,1.77448598130841
2026-05-21,"Fanatics","TOR @ MIN","1022600036","First Basket by Team","First FGM","Player","Team","Home/Away","Favorite/Underdog",0.2742,265,0.2439,310,0.0303,0.02,2.0018,0.935420560747663,2026-05-21 19:51:36.060036,1,"Natasha Howard","Win",2.0018,6.20558,0.935420560747663,2.89980373831775
2026-05-22,"Draft Kings","CON @ SEA","1022600040","First Basket","First Points","Player","Game","Home/Away","Favorite/Underdog",0.0861,1061,0.0758,1220,0.0104,0.0056,0.562,0.476271186440678,2026-05-22 23:21:14.426905,1,"Gianna Kneepkens","Loss",0.562,-0.562,0.476271186440678,-0.476271186440678
2026-05-22,"FanDuel","CON @ SEA","1022600040","First Basket","First Points","Player","Game","Home/Away","Favorite/Underdog",0.1248,701,0.1053,850,0.0196,0.0109,1.094,0.927118644067797,2026-05-22 14:51:28.87124,1,"Jade Melbourne","Loss",1.094,-1.094,0.927118644067797,-0.927118644067797
2026-05-22,"FanDuel","CON @ SEA","1022600040","First Basket","First Points","Player","Game","Home/Away","Favorite/Underdog",0.1248,701,0.1,900,0.0248,0.0138,1.38,1.16949152542373,2026-05-22 15:21:16.686614,2,"Jade Melbourne","Loss",0.286,-0.286,0.242372881355933,-0.242372881355933
2026-05-22,"FanDuel","CON @ SEA","1022600040","First Basket","First Points","Player","Game","Home/Away","Favorite/Underdog",0.1411,609,0.1053,850,0.0358,0.02,2.0006,1.69542372881356,2026-05-23 01:21:19.652378,14,"Jade Melbourne","Loss",0.6206,-0.6206,0.52593220338983,-0.52593220338983
2026-05-22,"BetRivers","CON @ SEA","1022600040","First Basket","First FGM","Player","Game","Home/Away","Favorite/Underdog",0.0949,953,0.0769,1200,0.018,0.0098,0.9757,0.826864406779661,2026-05-22 12:22:25.84769,1,"Jordan Horston","Loss",0.9757,-0.9757,0.826864406779661,-0.826864406779661
2026-05-22,"FanDuel","CON @ SEA","1022600040","First Basket","First Points","Player","Game","Home/Away","Favorite/Underdog",0.0834,1099,0.0625,1500,0.0209,0.0111,1.1133,0.943474576271186,2026-05-22 14:51:28.87124,6,"Jordan Horston","Loss",0.1376,-0.1376,0.116610169491525,-0.116610169491525
2026-05-22,"FanDuel","CON @ SEA","1022600040","First Basket","First Points","Player","Game","Home/Away","Favorite/Underdog",0.0834,1099,0.0588,1600,0.0245,0.013,1.3042,1.10525423728814,2026-05-22 15:51:14.94136,8,"Jordan Horston","Loss",0.1909,-0.1909,0.161779661016954,-0.161779661016954
2026-05-22,"FanDuel","CON @ SEA","1022600040","First Basket","First Points","Player","Game","Home/Away","Favorite/Underdog",0.0942,961,0.0667,1400,0.0275,0.0148,1.4755,1.25042372881356,2026-05-23 01:21:19.652378,27,"Jordan Horston","Loss",0.1713,-0.1713,0.14516949152542,-0.14516949152542
2026-05-22,"BetRivers","CON @ SEA","1022600040","First Basket","First FGM","Player","Game","Home/Away","Favorite/Underdog",0.1042,860,0.0769,1200,0.0273,0.0148,1.4778,1.25237288135593,2026-05-23 01:51:18.107077,28,"Jordan Horston","Loss",0.000766666666666656,-0.000766666666666656,0.000649717514123349,-0.000649717514123349
2026-05-22,"Fanatics","CON @ SEA","1022600040","First Basket","First FGM","Player","Game","Home/Away","Favorite/Underdog",0.1042,860,0.0769,1200,0.0273,0.0148,1.4778,1.25237288135593,2026-05-23 01:51:18.107077,28,"Jordan Horston","Loss",0.000766666666666656,-0.000766666666666656,0.000649717514123349,-0.000649717514123349
2026-05-22,"MGM","CON @ SEA","1022600040","First Basket","First FGM","Player","Game","Home/Away","Favorite/Underdog",0.1042,860,0.0769,1200,0.0273,0.0148,1.4778,1.25237288135593,2026-05-23 01:51:18.107077,28,"Jordan Horston","Loss",0.000766666666666656,-0.000766666666666656,0.000649717514123349,-0.000649717514123349
2026-05-22,"FanDuel","CON @ SEA","1022600040","First Basket","First Points","Player","Game","Home/Away","Favorite/Underdog",0.0969,932,0.0833,1100,0.0135,0.0074,0.7386,0.625932203389831,2026-05-23 01:51:18.107077,1,"Kennedy Burke","Loss",0.7386,-0.7386,0.625932203389831,-0.625932203389831
2026-05-22,"FanDuel","CON @ SEA","1022600040","First Basket","First Points","Player","Game","Home/Away","Favorite/Underdog",0.0834,1099,0.0714,1300,0.012,0.0064,0.6442,0.545932203389831,2026-05-22 19:21:16.374188,1,"Natisha Hiedeman","Loss",0.6442,-0.6442,0.545932203389831,-0.545932203389831
2026-05-22,"FanDuel","CON @ SEA","1022600040","First Basket Exact","First Points","Player","Exact","Home/Away","Favorite/Underdog",0.0345,2801,0.0217,4500,0.0127,0.0065,0.6505,0.97089552238806,2026-05-22 12:22:26.053728,1,"Jade Melbourne other","Loss",0.6505,-0.6505,0.97089552238806,-0.97089552238806
2026-05-22,"FanDuel","CON @ SEA","1022600040","First Basket Exact","First Points","Player","Exact","Home/Away","Favorite/Underdog",0.0343,2813,0.0196,5000,0.0147,0.0075,0.7509,1.12074626865672,2026-05-22 15:21:16.893492,7,"Jade Melbourne other","Loss",0.1004,-0.1004,0.14985074626866,-0.14985074626866
2026-05-22,"FanDuel","CON @ SEA","1022600040","First Basket Exact","First Points","Player","Exact","Home/Away","Favorite/Underdog",0.0388,2478,0.0196,5000,0.0192,0.0098,0.9784,1.46029850746269,2026-05-23 01:21:19.848648,27,"Jade Melbourne other","Loss",0.2275,-0.2275,0.33955223880597,-0.33955223880597
2026-05-22,"Draft Kings","CON @ SEA","1022600040","First Basket Type","First FGM","Game","Exact","Home/Away","Favorite/Underdog",0.2527,296,0.2381,320,0.0146,0.0096,0.4792,0.374375,2026-05-23 01:21:20.012397,1,"CON @ SEA three point field goal","Loss",0.4792,-0.4792,0.374375,-0.374375
2026-05-22,"Draft Kings","CON @ SEA","1022600040","First Basket Type","First FGM","Game","Exact","Home/Away","Favorite/Underdog",0.2553,292,0.2326,330,0.0227,0.0148,0.7402,0.57828125,2026-05-23 01:51:18.490211,2,"CON @ SEA three point field goal","Loss",0.261,-0.261,0.20390625,-0.20390625
2026-05-22,"FanDuel","CON @ SEA","1022600040","First Basket by Team","First Points","Player","Team","Home/Away","Favorite/Underdog",0.1969,408,0.1786,460,0.0184,0.0112,1.1184,0.522616822429907,2026-05-22 12:22:25.977651,1,"Diamond Miller","Loss",1.1184,-1.1184,0.522616822429907,-0.522616822429907
2026-05-22,"FanDuel","CON @ SEA","1022600040","First Basket by Team","First Points","Player","Team","Home/Away","Favorite/Underdog",0.2129,370,0.1887,430,0.0242,0.0149,1.491,0.696728971962617,2026-05-23 01:21:19.778643,7,"Diamond Miller","Loss",0.3726,-0.3726,0.17411214953271,-0.17411214953271
2026-05-22,"FanDuel","CON @ SEA","1022600040","First Basket by Team","First Points","Player","Team","Home/Away","Favorite/Underdog",0.1568,538,0.1429,600,0.0139,0.0081,0.8128,0.379813084112149,2026-05-22 14:21:30.195268,1,"Gianna Kneepkens","Loss",0.8128,-0.8128,0.379813084112149,-0.379813084112149
2026-05-22,"Fanatics","CON @ SEA","1022600040","First Basket by Team","First FGM","Player","Team","Home/Away","Favorite/Underdog",0.1579,533,0.1429,600,0.015,0.0088,0.8772,0.409906542056075,2026-05-23 00:51:16.085241,15,"Gianna Kneepkens","Loss",0.0644,-0.0644,0.030093457943926,-0.030093457943926
2026-05-22,"Fanatics","CON @ SEA","1022600040","First Basket by Team","First FGM","Player","Team","Home/Away","Favorite/Underdog",0.1654,505,0.1429,600,0.0225,0.0132,1.3154,0.614672897196262,2026-05-23 01:21:19.778643,16,"Gianna Kneepkens","Loss",0.4382,-0.4382,0.204766355140187,-0.204766355140187
2026-05-22,"FanDuel","CON @ SEA","1022600040","First Basket by Team","First Points","Player","Team","Home/Away","Favorite/Underdog",0.1779,462,0.1429,600,0.035,0.0204,2.0438,0.955046728971963,2026-05-23 01:51:18.252866,17,"Gianna Kneepkens","Loss",0.7284,-0.7284,0.340373831775701,-0.340373831775701
2026-05-22,"FanDuel","CON @ SEA","1022600040","First Basket by Team","First Points","Player","Team","Home/Away","Favorite/Underdog",0.2771,261,0.2381,320,0.039,0.0256,2.5582,1.19542056074766,2026-05-22 12:22:25.977651,1,"Jade Melbourne","Loss",2.5582,-2.5582,1.19542056074766,-1.19542056074766
2026-05-22,"Fanatics","CON @ SEA","1022600040","First Basket by Team","First FGM","Player","Team","Home/Away","Favorite/Underdog",0.2034,392,0.1818,450,0.0215,0.0132,1.3159,0.614906542056075,2026-05-22 12:22:25.977651,1,"Jordan Horston","Win",1.3159,5.92155,0.614906542056075,2.76707943925234
2026-05-22,"Fanatics","CON @ SEA","1022600040","First Basket by Team","First FGM","Player","Team","Home/Away","Favorite/Underdog",0.2034,392,0.1739,475,0.0294,0.0178,1.7818,0.832616822429907,2026-05-22 13:51:30.104647,4,"Jordan Horston","Win",0.4659,2.213025,0.217710280373832,1.0341238317757
2026-05-22,"FanDuel","CON @ SEA","1022600040","First Basket by Team","First Points","Player","Team","Home/Away","Favorite/Underdog",0.185,440,0.1538,550,0.0312,0.0184,1.8435,0.861448598130841,2026-05-22 14:51:29.001294,6,"Jordan Horston","Win",0.0616999999999999,0.339349999999999,0.028831775700934,0.158574766355137
2026-05-22,"Fanatics","CON @ SEA","1022600040","First Basket by Team","First FGM","Player","Team","Home/Away","Favorite/Underdog",0.2034,392,0.1538,550,0.0495,0.0293,2.9253,1.36696261682243,2026-05-22 22:21:16.583327,21,"Jordan Horston","Win",1.0818,5.9499,0.505514018691589,2.78032710280374
2026-05-22,"FanDuel","CON @ SEA","1022600040","First Basket by Team","First Points","Player","Team","Home/Away","Favorite/Underdog",0.198,405,0.1667,500,0.0314,0.0188,1.8829,0.879859813084112,2026-05-23 01:51:18.252866,1,"Kennedy Burke","Loss",1.8829,-1.8829,0.879859813084112,-0.879859813084112
2026-05-22,"FanDuel","CON @ SEA","1022600040","First Team","First Points","Team","Quarter","Home/Away","Favorite/Underdog",0.4506,122,0.4237,136,0.0268,0.0233,1.164,0.755844155844156,2026-05-22 14:51:29.134784,1,"1Q SEA","Loss",1.164,-1.164,0.755844155844156,-0.755844155844156
2026-05-22,"FanDuel","CON @ SEA","1022600040","First Team","First Points","Team","Quarter","Home/Away","Favorite/Underdog",0.4506,122,0.4132,142,0.0373,0.0318,1.5908,1.03298701298701,2026-05-22 15:21:16.949916,2,"1Q SEA","Loss",0.4268,-0.4268,0.277142857142854,-0.277142857142854
2026-05-22,"FanDuel","CON @ SEA","1022600040","First Team","First Points","Team","Quarter","Home/Away","Favorite/Underdog",0.5091,-104,0.4202,138,0.0889,0.0767,3.835,2.49025974025974,2026-05-23 01:21:19.89935,22,"1Q SEA","Loss",2.2442,-2.2442,1.45727272727273,-1.45727272727273
2026-05-22,"FanDuel","DAL @ ATL","1022600038","First Basket","First Points","Player","Game","Home/Away","Favorite/Underdog",0.0893,1019,0.0769,1200,0.0124,0.0067,0.6723,0.569745762711864,2026-05-22 15:51:14.94136,1,"Jordin Canada","Loss",0.6723,-0.6723,0.569745762711864,-0.569745762711864
2026-05-22,"FanDuel","DAL @ ATL","1022600038","First Basket","First Points","Player","Game","Home/Away","Favorite/Underdog",0.0844,1085,0.0714,1300,0.013,0.007,0.6991,0.592457627118644,2026-05-22 16:21:13.965978,1,"Naz Hillmon","Loss",0.6991,-0.6991,0.592457627118644,-0.592457627118644
2026-05-22,"FanDuel","DAL @ ATL","1022600038","First Basket","First Points","Player","Game","Home/Away","Favorite/Underdog",0.0844,1085,0.0667,1400,0.0177,0.0095,0.9507,0.805677966101695,2026-05-22 23:21:14.426905,7,"Naz Hillmon","Loss",0.2516,-0.2516,0.213220338983051,-0.213220338983051
2026-05-22,"BetRivers","DAL @ ATL","1022600038","First Basket","First FGM","Player","Game","Home/Away","Favorite/Underdog",0.096,942,0.0769,1200,0.019,0.0103,1.0312,0.873898305084746,2026-05-22 12:22:25.84769,1,"Odyssey Sims","Loss",1.0312,-1.0312,0.873898305084746,-0.873898305084746
2026-05-22,"FanDuel","DAL @ ATL","1022600038","First Basket by Team","First Points","Player","Team","Home/Away","Favorite/Underdog",0.1698,489,0.1538,550,0.016,0.0094,0.9428,0.440560747663551,2026-05-22 14:21:30.195268,1,"Jordin Canada","Loss",0.9428,-0.9428,0.440560747663551,-0.440560747663551
2026-05-22,"FanDuel","DAL @ ATL","1022600038","First Basket by Team","First Points","Player","Team","Home/Away","Favorite/Underdog",0.1698,489,0.1429,600,0.0269,0.0157,1.5718,0.734485981308411,2026-05-22 23:21:14.557538,14,"Jordin Canada","Loss",0.629,-0.629,0.29392523364486,-0.29392523364486
2026-05-22,"FanDuel","DAL @ ATL","1022600038","First Basket by Team","First Points","Player","Team","Home/Away","Favorite/Underdog",0.1604,523,0.1429,600,0.0176,0.0103,1.026,0.479439252336449,2026-05-22 14:21:30.195268,1,"Naz Hillmon","Loss",1.026,-1.026,0.479439252336449,-0.479439252336449
2026-05-22,"FanDuel","DAL @ ATL","1022600038","First Basket by Team","First Points","Player","Team","Home/Away","Favorite/Underdog",0.1604,523,0.1333,650,0.0271,0.0156,1.5642,0.730934579439252,2026-05-22 15:51:15.071519,4,"Naz Hillmon","Loss",0.5382,-0.5382,0.251495327102803,-0.251495327102803
2026-05-22,"FanDuel","DAL @ ATL","1022600038","First Basket by Team","First Points","Player","Team","Home/Away","Favorite/Underdog",0.1604,523,0.125,700,0.0354,0.0203,2.0255,0.946495327102804,2026-05-22 23:21:14.557538,19,"Naz Hillmon","Loss",0.4613,-0.4613,0.215560747663552,-0.215560747663552
2026-05-22,"FanDuel","DAL @ ATL","1022600038","First Basket by Team","First Points","Player","Team","Home/Away","Favorite/Underdog",0.1899,427,0.1695,490,0.0204,0.0123,1.2291,0.574345794392523,2026-05-22 12:22:25.977651,1,"Odyssey Sims","Loss",1.2291,-1.2291,0.574345794392523,-0.574345794392523
2026-05-22,"Fanatics","DAL @ ATL","1022600038","First Basket by Team","First FGM","Player","Team","Home/Away","Favorite/Underdog",0.1988,403,0.1739,475,0.0249,0.0151,1.5085,0.704906542056075,2026-05-22 13:51:30.104647,4,"Odyssey Sims","Loss",0.2794,-0.2794,0.130560747663552,-0.130560747663552
2026-05-22,"FanDuel","GSV @ IND","1022600039","First Basket","First Points","Player","Game","Home/Away","Favorite/Underdog",0.0734,1263,0.0625,1500,0.0109,0.0058,0.5808,0.492203389830508,2026-05-22 16:21:13.965978,1,"Kiah Stokes","Loss",0.5808,-0.5808,0.492203389830508,-0.492203389830508
2026-05-22,"FanDuel","GSV @ IND","1022600039","First Basket","First Points","Player","Game","Home/Away","Favorite/Underdog",0.0739,1253,0.0625,1500,0.0114,0.0061,0.6098,0.516779661016949,2026-05-22 23:21:14.426905,5,"Kiah Stokes","Loss",0.029,-0.029,0.0245762711864411,-0.0245762711864411
2026-05-22,"FanDuel","GSV @ IND","1022600039","First Basket","First Points","Player","Game","Home/Away","Favorite/Underdog",0.0786,1172,0.0588,1600,0.0198,0.0105,1.0525,0.891949152542373,2026-05-22 12:22:25.84769,1,"Lexie Hull","Loss",1.0525,-1.0525,0.891949152542373,-0.891949152542373
2026-05-22,"FanDuel","GSV @ IND","1022600039","First Basket","First Points","Player","Game","Home/Away","Favorite/Underdog",0.0784,1175,0.05,1900,0.0284,0.015,1.4962,1.26796610169492,2026-05-22 23:21:14.426905,23,"Lexie Hull","Loss",0.4437,-0.4437,0.376016949152547,-0.376016949152547
2026-05-22,"Fanatics","GSV @ IND","1022600039","First Basket by Team","First FGM","Player","Team","Home/Away","Favorite/Underdog",0.2175,360,0.2,400,0.0175,0.011,1.0957,0.512009345794392,2026-05-22 13:51:30.104647,1,"Kelsey Mitchell","Win",1.0957,4.3828,0.512009345794392,2.04803738317757
2026-05-22,"Fanatics","GSV @ IND","1022600039","First Basket by Team","First FGM","Player","Team","Home/Away","Favorite/Underdog",0.2175,360,0.1905,425,0.0271,0.0167,1.6711,0.78088785046729,2026-05-22 14:21:30.195268,2,"Kelsey Mitchell","Win",0.5754,2.44545,0.268878504672898,1.14273364485982
2026-05-22,"FanDuel","GSV @ IND","1022600039","First Basket by Team","First Points","Player","Team","Home/Away","Favorite/Underdog",0.1568,538,0.1429,600,0.014,0.0081,0.8147,0.380700934579439,2026-05-22 12:22:25.977651,1,"Kiah Stokes","Loss",0.8147,-0.8147,0.380700934579439,-0.380700934579439
2026-05-22,"FanDuel","GSV @ IND","1022600039","First Basket by Team","First Points","Player","Team","Home/Away","Favorite/Underdog",0.1568,538,0.1333,650,0.0235,0.0136,1.3552,0.633271028037383,2026-05-22 14:21:30.195268,5,"Kiah Stokes","Loss",0.5405,-0.5405,0.252570093457944,-0.252570093457944
2026-05-22,"FanDuel","GSV @ IND","1022600039","First Basket by Team","First Points","Player","Team","Home/Away","Favorite/Underdog",0.1575,535,0.1333,650,0.0242,0.0139,1.3949,0.651822429906542,2026-05-22 23:21:14.557538,23,"Kiah Stokes","Loss",0.0397000000000001,-0.0397000000000001,0.018551401869159,-0.018551401869159
2026-05-22,"FanDuel","GSV @ IND","1022600039","First Basket by Team","First Points","Player","Team","Home/Away","Favorite/Underdog",0.1478,577,0.1053,850,0.0425,0.0238,2.3773,1.11088785046729,2026-05-22 12:22:25.977651,1,"Lexie Hull","Loss",2.3773,-2.3773,1.11088785046729,-1.11088785046729
2026-05-22,"FanDuel","GSV @ IND","1022600039","First Basket by Team","First Points","Player","Team","Home/Away","Favorite/Underdog",0.1478,577,0.0833,1100,0.0645,0.0352,3.5166,1.64327102803738,2026-05-22 23:21:14.557538,23,"Lexie Hull","Loss",1.1393,-1.1393,0.53238317757009,-0.53238317757009
2026-05-23,"FanDuel","LAS @ LVA","1022600043","First Basket","First Points","Player","Game","Home/Away","Favorite/Underdog",0.0882,1034,0.0667,1400,0.0215,0.0115,1.153,0.977118644067797,2026-05-23 12:21:52.756816,1,"Ariel Atkins","Loss",1.153,-1.153,0.977118644067797,-0.977118644067797
2026-05-23,"FanDuel","LAS @ LVA","1022600043","First Basket","First Points","Player","Game","Home/Away","Favorite/Underdog",0.0882,1034,0.0625,1500,0.0257,0.0137,1.3701,1.16110169491525,2026-05-23 14:21:20.540335,5,"Ariel Atkins","Loss",0.2171,-0.2171,0.183983050847453,-0.183983050847453
2026-05-23,"FanDuel","LAS @ LVA","1022600043","First Basket","First Points","Player","Game","Home/Away","Favorite/Underdog",0.0882,1034,0.0588,1600,0.0294,0.0156,1.56,1.32203389830508,2026-05-23 14:51:20.359914,6,"Ariel Atkins","Loss",0.1899,-0.1899,0.16093220338983,-0.16093220338983
2026-05-23,"BetRivers","LAS @ LVA","1022600043","First Basket","First FGM","Player","Game","Home/Away","Favorite/Underdog",0.1002,898,0.0769,1200,0.0232,0.0126,1.2584,1.0664406779661,2026-05-23 23:21:20.631928,1,"Cameron Brink","Loss",1.2584,-1.2584,1.0664406779661,-1.0664406779661
2026-05-23,"FanDuel","LAS @ LVA","1022600043","First Basket","First Points","Player","Game","Home/Away","Favorite/Underdog",0.0721,1286,0.0476,2000,0.0245,0.0129,1.2872,1.09084745762712,2026-05-23 12:21:52.756816,1,"Chelsea Gray","Loss",1.2872,-1.2872,1.09084745762712,-1.09084745762712
2026-05-23,"FanDuel","LAS @ LVA","1022600043","First Basket Exact","First Points","Player","Exact","Home/Away","Favorite/Underdog",0.0987,913,0.0833,1100,0.0154,0.0084,0.8408,1.25492537313433,2026-05-23 14:21:20.747247,1,"A'ja Wilson other","Win",0.8408,9.2488,1.25492537313433,13.8041791044776
2026-05-23,"FanDuel","LAS @ LVA","1022600043","First Basket Exact","First Points","Player","Exact","Home/Away","Favorite/Underdog",0.0301,3220,0.0196,5000,0.0105,0.0054,0.5363,0.80044776119403,2026-05-23 23:21:20.828388,1,"Ariel Atkins layup","Loss",0.5363,-0.5363,0.80044776119403,-0.80044776119403
2026-05-23,"FanDuel","LAS @ LVA","1022600043","First Basket by Team","First Points","Player","Team","Home/Away","Favorite/Underdog",0.178,462,0.1333,650,0.0447,0.0258,2.5783,1.20481308411215,2026-05-23 12:21:52.886829,1,"Ariel Atkins","Loss",2.5783,-2.5783,1.20481308411215,-1.20481308411215
2026-05-23,"FanDuel","LAS @ LVA","1022600043","First Basket by Team","First Points","Player","Team","Home/Away","Favorite/Underdog",0.178,462,0.125,700,0.053,0.0303,3.0299,1.41584112149533,2026-05-23 14:21:20.670005,5,"Ariel Atkins","Loss",0.4516,-0.4516,0.21102803738318,-0.21102803738318
2026-05-23,"FanDuel","LAS @ LVA","1022600043","First Basket by Team","First Points","Player","Team","Home/Away","Favorite/Underdog",0.178,462,0.1176,750,0.0604,0.0342,3.4214,1.59878504672897,2026-05-23 14:51:20.48924,6,"Ariel Atkins","Loss",0.3915,-0.3915,0.18294392523364,-0.18294392523364
2026-05-23,"Fanatics","LAS @ LVA","1022600043","First Basket by Team","First FGM","Player","Team","Home/Away","Favorite/Underdog",0.2016,396,0.1667,500,0.0349,0.0209,2.0934,0.978224299065421,2026-05-23 23:21:20.758298,1,"Cameron Brink","Loss",2.0934,-2.0934,0.978224299065421,-0.978224299065421
2026-05-23,"FanDuel","LAS @ LVA","1022600043","First Basket by Team","First Points","Player","Team","Home/Away","Favorite/Underdog",0.143,600,0.0909,1000,0.052,0.0286,2.8625,1.33761682242991,2026-05-23 12:21:52.886829,1,"Chelsea Gray","Loss",2.8625,-2.8625,1.33761682242991,-1.33761682242991
2026-05-23,"FanDuel","MIN @ CHI","1022600041","First Basket","First Points","Player","Game","Home/Away","Favorite/Underdog",0.1035,866,0.0909,1000,0.0126,0.0069,0.6917,0.586186440677966,2026-05-23 12:21:52.756816,1,"Courtney Williams","Loss",0.6917,-0.6917,0.586186440677966,-0.586186440677966
2026-05-23,"FanDuel","MIN @ CHI","1022600041","First Basket","First Points","Player","Game","Home/Away","Favorite/Underdog",0.1035,866,0.0833,1100,0.0202,0.011,1.0992,0.931525423728814,2026-05-23 15:21:21.676654,7,"Courtney Williams","Loss",0.4075,-0.4075,0.345338983050848,-0.345338983050848
2026-05-23,"FanDuel","MIN @ CHI","1022600041","First Basket","First Points","Player","Game","Home/Away","Favorite/Underdog",0.1035,866,0.0769,1200,0.0266,0.0144,1.4388,1.21932203389831,2026-05-23 15:51:21.301531,8,"Courtney Williams","Loss",0.3396,-0.3396,0.287796610169496,-0.287796610169496
2026-05-23,"FanDuel","MIN @ CHI","1022600041","First Basket","First Points","Player","Game","Home/Away","Favorite/Underdog",0.1235,710,0.1111,800,0.0123,0.0069,0.6943,0.588389830508475,2026-05-23 15:21:21.676654,1,"Natasha Howard","Loss",0.6943,-0.6943,0.588389830508475,-0.588389830508475
2026-05-23,"Draft Kings","MIN @ CHI","1022600041","First Basket","First Points","Player","Game","Home/Away","Favorite/Underdog",0.1111,800,0.1,900,0.0111,0.0062,0.6152,0.52135593220339,2026-05-23 13:21:20.526331,1,"Skylar Diggins","Loss",0.6152,-0.6152,0.52135593220339,-0.52135593220339
2026-05-23,"Draft Kings","MIN @ CHI","1022600041","First Basket","First Points","Player","Game","Home/Away","Favorite/Underdog",0.1111,800,0.099,910,0.0121,0.0067,0.6695,0.567372881355932,2026-05-23 14:21:20.540335,3,"Skylar Diggins","Loss",0.0543,-0.0543,0.046016949152542,-0.046016949152542
2026-05-23,"Draft Kings","MIN @ CHI","1022600041","First Basket","First Points","Player","Game","Home/Away","Favorite/Underdog",0.1111,800,0.0909,1000,0.0202,0.0111,1.1091,0.939915254237288,2026-05-23 14:51:20.359914,4,"Skylar Diggins","Loss",0.4396,-0.4396,0.372542372881356,-0.372542372881356
2026-05-23,"Draft Kings","MIN @ CHI","1022600041","First Basket","First Points","Player","Game","Home/Away","Favorite/Underdog",0.1111,800,0.0893,1020,0.0218,0.012,1.1962,1.01372881355932,2026-05-23 16:21:22.324933,7,"Skylar Diggins","Loss",0.0871,-0.0871,0.0738135593220322,-0.0738135593220322
2026-05-23,"FanDuel","MIN @ CHI","1022600041","First Basket Exact","First Points","Player","Exact","Home/Away","Favorite/Underdog",0.0319,3035,0.0196,5000,0.0123,0.0063,0.6268,0.935522388059701,2026-05-23 12:21:52.968971,1,"Courtney Williams layup","Loss",0.6268,-0.6268,0.935522388059701,-0.935522388059701
2026-05-23,"FanDuel","MIN @ CHI","1022600041","First Basket by Team","First Points","Player","Team","Home/Away","Favorite/Underdog",0.2209,353,0.1887,430,0.0323,0.0199,1.9878,0.928878504672897,2026-05-23 12:21:52.886829,1,"Courtney Williams","Loss",1.9878,-1.9878,0.928878504672897,-0.928878504672897
2026-05-23,"FanDuel","MIN @ CHI","1022600041","First Basket by Team","First Points","Player","Team","Home/Away","Favorite/Underdog",0.2209,353,0.1852,440,0.0357,0.0219,2.1937,1.02509345794393,2026-05-23 15:21:21.805858,7,"Courtney Williams","Loss",0.2059,-0.2059,0.0962149532710329,-0.0962149532710329
2026-05-23,"FanDuel","MIN @ CHI","1022600041","First Basket by Team","First Points","Player","Team","Home/Away","Favorite/Underdog",0.2209,353,0.1818,450,0.0391,0.0239,2.3904,1.11700934579439,2026-05-23 15:51:21.431053,8,"Courtney Williams","Loss",0.1967,-0.1967,0.09191588785046,-0.09191588785046
2026-05-23,"Fanatics","MIN @ CHI","1022600041","First Basket by Team","First FGM","Player","Team","Home/Away","Favorite/Underdog",0.2772,261,0.25,300,0.0272,0.0181,1.8123,0.846869158878505,2026-05-23 12:21:52.886829,1,"Natasha Howard","Loss",1.8123,-1.8123,0.846869158878505,-0.846869158878505
2026-05-23,"FanDuel","MIN @ CHI","1022600041","First Basket by Team","First Points","Player","Team","Home/Away","Favorite/Underdog",0.2089,379,0.1852,440,0.0238,0.0146,1.4577,0.681168224299065,2026-05-23 12:21:52.886829,1,"Skylar Diggins","Loss",1.4577,-1.4577,0.681168224299065,-0.681168224299065
2026-05-23,"FanDuel","MIN @ CHI","1022600041","First Basket by Team","First Points","Player","Team","Home/Away","Favorite/Underdog",0.2089,379,0.1786,460,0.0304,0.0185,1.8486,0.863831775700935,2026-05-23 15:21:21.805858,7,"Skylar Diggins","Loss",0.3909,-0.3909,0.18266355140187,-0.18266355140187
2026-05-23,"FanDuel","MIN @ CHI","1022600041","First Team","First Points","Team","Quarter","Home/Away","Favorite/Underdog",0.4684,113,0.4425,126,0.0259,0.0232,1.1622,0.754675324675325,2026-05-23 12:21:53.020791,1,"1Q MIN","Loss",1.1622,-1.1622,0.754675324675325,-0.754675324675325
2026-05-23,"FanDuel","MIN @ CHI","1022600041","First Team","First Points","Team","Quarter","Home/Away","Favorite/Underdog",0.4684,113,0.4348,130,0.0336,0.0297,1.4868,0.965454545454545,2026-05-23 15:51:21.565316,8,"1Q MIN","Loss",0.3246,-0.3246,0.21077922077922,-0.21077922077922
2026-05-23,"FanDuel","PDX @ TOR","1022600042","First Basket","First Points","Player","Game","Home/Away","Favorite/Underdog",0.0988,913,0.0833,1100,0.0154,0.0084,0.841,0.71271186440678,2026-05-23 12:21:52.756816,1,"Emily Engstler","Loss",0.841,-0.841,0.71271186440678,-0.71271186440678
2026-05-23,"FanDuel","PDX @ TOR","1022600042","First Basket","First Points","Player","Game","Home/Away","Favorite/Underdog",0.0988,913,0.0769,1200,0.0218,0.0118,1.1824,1.00203389830508,2026-05-23 13:21:20.526331,3,"Emily Engstler","Loss",0.3414,-0.3414,0.2893220338983,-0.2893220338983
2026-05-23,"FanDuel","PDX @ TOR","1022600042","First Basket","First Points","Player","Game","Home/Away","Favorite/Underdog",0.0988,913,0.0714,1300,0.0273,0.0147,1.4712,1.24677966101695,2026-05-23 14:51:20.359914,6,"Emily Engstler","Loss",0.2888,-0.2888,0.24474576271187,-0.24474576271187
2026-05-23,"FanDuel","PDX @ TOR","1022600042","First Basket","First Points","Player","Game","Home/Away","Favorite/Underdog",0.0837,1094,0.0714,1300,0.0123,0.0066,0.6634,0.562203389830509,2026-05-23 18:51:21.250156,1,"Kiki Rice","Loss",0.6634,-0.6634,0.562203389830509,-0.562203389830509
2026-05-23,"FanDuel","PDX @ TOR","1022600042","First Basket","First Points","Player","Game","Home/Away","Favorite/Underdog",0.1185,744,0.0952,950,0.0233,0.0129,1.2861,1.08991525423729,2026-05-23 12:21:52.756816,1,"Laura Juskaite","Loss",1.2861,-1.2861,1.08991525423729,-1.08991525423729
2026-05-23,"FanDuel","PDX @ TOR","1022600042","First Basket","First Points","Player","Game","Home/Away","Favorite/Underdog",0.1185,744,0.0909,1000,0.0276,0.0152,1.5181,1.28652542372881,2026-05-23 12:51:21.324943,2,"Laura Juskaite","Loss",0.232,-0.232,0.19661016949152,-0.19661016949152
2026-05-23,"FanDuel","PDX @ TOR","1022600042","First Basket","First Points","Player","Game","Home/Away","Favorite/Underdog",0.1233,711,0.0909,1000,0.0324,0.0178,1.7801,1.5085593220339,2026-05-23 20:21:20.838314,17,"Laura Juskaite","Loss",0.262,-0.262,0.22203389830509,-0.22203389830509
2026-05-23,"BetRivers","PDX @ TOR","1022600042","First Basket","First FGM","Player","Game","Home/Away","Favorite/Underdog",0.0879,1037,0.0769,1200,0.011,0.006,0.5965,0.505508474576271,2026-05-23 12:21:52.756816,1,"Nyadiew Puoch","Loss",0.5965,-0.5965,0.505508474576271,-0.505508474576271
2026-05-23,"FanDuel","PDX @ TOR","1022600042","First Basket","First Points","Player","Game","Home/Away","Favorite/Underdog",0.0863,1059,0.0714,1300,0.0149,0.008,0.8008,0.67864406779661,2026-05-23 12:51:21.324943,2,"Nyadiew Puoch","Loss",0.2043,-0.2043,0.173135593220339,-0.173135593220339
2026-05-23,"FanDuel","PDX @ TOR","1022600042","First Basket by Team","First Points","Player","Team","Home/Away","Favorite/Underdog",0.216,363,0.1667,500,0.0493,0.0296,2.9605,1.38341121495327,2026-05-23 12:21:52.886829,1,"Emily Engstler","Loss",2.9605,-2.9605,1.38341121495327,-1.38341121495327
2026-05-23,"FanDuel","PDX @ TOR","1022600042","First Basket by Team","First Points","Player","Team","Home/Away","Favorite/Underdog",0.216,363,0.1538,550,0.0622,0.0367,3.6733,1.7164953271028,2026-05-23 13:21:20.655209,3,"Emily Engstler","Loss",0.7128,-0.7128,0.33308411214953,-0.33308411214953
2026-05-23,"FanDuel","PDX @ TOR","1022600042","First Basket by Team","First Points","Player","Team","Home/Away","Favorite/Underdog",0.1543,548,0.1429,600,0.0114,0.0067,0.6664,0.311401869158878,2026-05-23 14:21:20.670005,1,"Kiki Rice","Loss",0.6664,-0.6664,0.311401869158878,-0.311401869158878
2026-05-23,"FanDuel","PDX @ TOR","1022600042","First Basket by Team","First Points","Player","Team","Home/Away","Favorite/Underdog",0.2183,358,0.1786,460,0.0397,0.0242,2.4193,1.13051401869159,2026-05-23 12:21:52.886829,1,"Laura Juskaite","Loss",2.4193,-2.4193,1.13051401869159,-1.13051401869159
2026-05-23,"FanDuel","PDX @ TOR","1022600042","First Basket by Team","First Points","Player","Team","Home/Away","Favorite/Underdog",0.2183,358,0.1695,490,0.0488,0.0294,2.9395,1.37359813084112,2026-05-23 12:51:21.453992,2,"Laura Juskaite","Loss",0.5202,-0.5202,0.24308411214953,-0.24308411214953
2026-05-23,"FanDuel","PDX @ TOR","1022600042","First Basket by Team","First Points","Player","Team","Home/Away","Favorite/Underdog",0.2183,358,0.1667,500,0.0517,0.031,3.099,1.4481308411215,2026-05-23 13:21:20.655209,3,"Laura Juskaite","Loss",0.1595,-0.1595,0.0745327102803799,-0.0745327102803799
2026-05-23,"FanDuel","PDX @ TOR","1022600042","First Basket by Team","First Points","Player","Team","Home/Away","Favorite/Underdog",0.2284,338,0.1667,500,0.0617,0.037,3.7011,1.72948598130841,2026-05-23 20:21:20.965814,17,"Laura Juskaite","Loss",0.6021,-0.6021,0.28135514018691,-0.28135514018691
2026-05-23,"FanDuel","PDX @ TOR","1022600042","First Basket by Team","First Points","Player","Team","Home/Away","Favorite/Underdog",0.1888,430,0.1538,550,0.0349,0.0206,2.0639,0.964439252336448,2026-05-23 12:21:52.886829,1,"Nyadiew Puoch","Loss",2.0639,-2.0639,0.964439252336448,-0.964439252336448
2026-05-23,"FanDuel","PDX @ TOR","1022600042","First Basket by Team","First Points","Player","Team","Home/Away","Favorite/Underdog",0.1888,430,0.1429,600,0.0459,0.0268,2.6784,1.25158878504673,2026-05-23 12:51:21.453992,2,"Nyadiew Puoch","Loss",0.6145,-0.6145,0.287149532710282,-0.287149532710282
2026-05-24,"Draft Kings","DAL @ NYL","1022600045","First Basket","First Points","Player","Game","Home/Away","Favorite/Underdog",0.078,1183,0.0676,1380,0.0104,0.0056,0.5574,0.472372881355932,2026-05-24 17:51:20.268297,1,"Marine Johannes","Loss",0.5574,-0.5574,0.472372881355932,-0.472372881355932
2026-05-24,"Fanatics","DAL @ NYL","1022600045","First Basket by Team","First FGM","Player","Team","Home/Away","Favorite/Underdog",0.1876,433,0.1739,475,0.0137,0.0083,0.8288,0.387289719626168,2026-05-24 12:21:51.102793,1,"Alanna Smith","Loss",0.8288,-0.8288,0.387289719626168,-0.387289719626168
2026-05-24,"Fanatics","DAL @ NYL","1022600045","First Basket by Team","First FGM","Player","Team","Home/Away","Favorite/Underdog",0.1984,404,0.1818,450,0.0166,0.0102,1.0154,0.474485981308411,2026-05-24 12:21:51.102793,1,"Odyssey Sims","Loss",1.0154,-1.0154,0.474485981308411,-0.474485981308411
2026-05-24,"FanDuel","DAL @ NYL","1022600045","First Basket by Team","First Points","Player","Team","Home/Away","Favorite/Underdog",0.2185,358,0.2,400,0.0185,0.0115,1.1543,0.539392523364486,2026-05-24 12:21:51.102793,1,"Satou Sabally","Win",1.1543,4.6172,0.539392523364486,2.15757009345794
2026-05-24,"FanDuel","DAL @ NYL","1022600045","First Team","First Points","Team","Quarter","Home/Away","Favorite/Underdog",0.4672,114,0.4545,120,0.0127,0.0116,0.5806,0.377012987012987,2026-05-24 12:21:51.235855,1,"1Q DAL","Loss",0.5806,-0.5806,0.377012987012987,-0.377012987012987
2026-05-24,"FanDuel","PHX @ ATL","1022600044","First Basket","First Points","Player","Game","Home/Away","Favorite/Underdog",0.0811,1133,0.0667,1400,0.0144,0.0077,0.7734,0.655423728813559,2026-05-24 12:21:50.97205,1,"Jordin Canada","Loss",0.7734,-0.7734,0.655423728813559,-0.655423728813559
2026-05-24,"FanDuel","PHX @ ATL","1022600044","First Basket","First Points","Player","Game","Home/Away","Favorite/Underdog",0.0811,1133,0.0625,1500,0.0186,0.0099,0.9922,0.840847457627119,2026-05-24 15:21:19.831166,7,"Jordin Canada","Loss",0.2188,-0.2188,0.18542372881356,-0.18542372881356
2026-05-24,"FanDuel","PHX @ ATL","1022600044","First Basket","First Points","Player","Game","Home/Away","Favorite/Underdog",0.1051,851,0.0769,1200,0.0282,0.0153,1.5281,1.295,2026-05-24 18:51:18.683357,1,"Jovana Nogic","Loss",1.5281,-1.5281,1.295,-1.295
2026-05-24,"FanDuel","PHX @ ATL","1022600044","First Basket","First Points","Player","Game","Home/Away","Favorite/Underdog",0.0841,1090,0.0714,1300,0.0126,0.0068,0.6805,0.576694915254237,2026-05-24 12:21:50.97205,1,"Natasha Mack","Loss",0.6805,-0.6805,0.576694915254237,-0.576694915254237
2026-05-24,"FanDuel","PHX @ ATL","1022600044","First Basket","First Points","Player","Game","Home/Away","Favorite/Underdog",0.0769,1200,0.0625,1500,0.0144,0.0077,0.7693,0.651949152542373,2026-05-24 12:21:50.97205,1,"Naz Hillmon","Loss",0.7693,-0.7693,0.651949152542373,-0.651949152542373
2026-05-24,"FanDuel","PHX @ ATL","1022600044","First Basket by Team","First Points","Player","Team","Home/Away","Favorite/Underdog",0.1684,494,0.1429,600,0.0255,0.0149,1.4875,0.695093457943925,2026-05-24 12:21:51.102793,1,"Jordin Canada","Loss",1.4875,-1.4875,0.695093457943925,-0.695093457943925
2026-05-24,"FanDuel","PHX @ ATL","1022600044","First Basket by Team","First Points","Player","Team","Home/Away","Favorite/Underdog",0.1684,494,0.1333,650,0.035,0.0202,2.0206,0.944205607476635,2026-05-24 14:21:20.011765,5,"Jordin Canada","Loss",0.5331,-0.5331,0.24911214953271,-0.24911214953271
2026-05-24,"FanDuel","PHX @ ATL","1022600044","First Basket by Team","First Points","Player","Team","Home/Away","Favorite/Underdog",0.2032,392,0.1333,650,0.0699,0.0403,4.0325,1.88434579439252,2026-05-24 18:51:18.812462,1,"Jovana Nogic","Loss",4.0325,-4.0325,1.88434579439252,-1.88434579439252
2026-05-24,"FanDuel","PHX @ ATL","1022600044","First Basket by Team","First Points","Player","Team","Home/Away","Favorite/Underdog",0.1622,516,0.1333,650,0.0289,0.0167,1.6658,0.778411214953271,2026-05-24 12:21:51.102793,1,"Natasha Mack","Loss",1.6658,-1.6658,0.778411214953271,-0.778411214953271
2026-05-24,"FanDuel","PHX @ ATL","1022600044","First Basket by Team","First Points","Player","Team","Home/Away","Favorite/Underdog",0.1597,526,0.1333,650,0.0263,0.0152,1.5202,0.710373831775701,2026-05-24 12:21:51.102793,1,"Naz Hillmon","Loss",1.5202,-1.5202,0.710373831775701,-0.710373831775701
2026-05-24,"Draft Kings","PHX @ ATL","1022600044","First Team","First FGM","Team","Quarter","Home/Away","Favorite/Underdog",0.5125,-105,0.4878,105,0.0247,0.0241,1.2052,0.782597402597403,2026-05-24 13:21:20.754952,1,"1Q PHX","Win",1.2052,1.26546,0.782597402597403,0.821727272727273
2026-05-24,"Draft Kings","PHX @ ATL","1022600044","First Team Exact","First FGM","Team","Exact","Home/Away","Favorite/Underdog",0.404,148,0.3922,155,0.0118,0.0097,0.4858,0.37953125,2026-05-24 13:21:20.810725,1,"PHX two point field goal","Win",0.4858,0.75299,0.37953125,0.5882734375
2026-05-24,"Draft Kings","PHX @ ATL","1022600044","First Team Exact","First FGM","Team","Exact","Home/Away","Favorite/Underdog",0.4057,146,0.3922,155,0.0136,0.0112,0.5576,0.435625,2026-05-24 18:51:19.000938,12,"PHX two point field goal","Win",0.0718,0.11129,0.05609375,0.0869453125
2026-05-24,"FanDuel","WAS @ SEA","1022600046","First Basket","First Points","Player","Game","Home/Away","Favorite/Underdog",0.0731,1268,0.0625,1500,0.0106,0.0057,0.5658,0.479491525423729,2026-05-24 21:51:18.367436,1,"Georgia Amoore","Win",0.5658,8.487,0.479491525423729,7.19237288135594
2026-05-24,"FanDuel","WAS @ SEA","1022600046","First Basket","First Points","Player","Game","Home/Away","Favorite/Underdog",0.148,576,0.1333,650,0.0147,0.0085,0.8471,0.717881355932203,2026-05-24 12:21:50.97205,1,"Kiki Iriafen","Loss",0.8471,-0.8471,0.717881355932203,-0.717881355932203
2026-05-24,"FanDuel","WAS @ SEA","1022600046","First Basket","First Points","Player","Game","Home/Away","Favorite/Underdog",0.148,576,0.125,700,0.023,0.0132,1.3153,1.11466101694915,2026-05-24 14:21:19.882182,5,"Kiki Iriafen","Loss",0.4682,-0.4682,0.396779661016947,-0.396779661016947
2026-05-24,"FanDuel","WAS @ SEA","1022600046","First Basket Exact","First Points","Player","Exact","Home/Away","Favorite/Underdog",0.046,2075,0.0357,2700,0.0103,0.0053,0.5324,0.794626865671642,2026-05-24 12:21:51.179277,1,"Kiki Iriafen other","Loss",0.5324,-0.5324,0.794626865671642,-0.794626865671642
2026-05-24,"Draft Kings","WAS @ SEA","1022600046","First Basket Type","First FGM","Game","Exact","Home/Away","Favorite/Underdog",0.2233,348,0.2128,370,0.0105,0.0067,0.3337,0.260703125,2026-05-24 21:51:18.726274,1,"WAS @ SEA three point field goal","Win",0.3337,1.23469,0.260703125,0.9646015625
2026-05-24,"FanDuel","WAS @ SEA","1022600046","First Basket by Team","First Points","Player","Team","Home/Away","Favorite/Underdog",0.135,641,0.1176,750,0.0173,0.0098,0.9812,0.458504672897196,2026-05-24 12:21:51.102793,1,"Georgia Amoore","Win",0.9812,7.359,0.458504672897196,3.43878504672897
2026-05-24,"FanDuel","WAS @ SEA","1022600046","First Basket by Team","First Points","Player","Team","Home/Away","Favorite/Underdog",0.135,641,0.1111,800,0.0239,0.0134,1.3416,0.626915887850467,2026-05-24 15:21:19.965472,7,"Georgia Amoore","Win",0.3604,2.8832,0.168411214953271,1.34728971962617
2026-05-24,"Fanatics","WAS @ SEA","1022600046","First Basket by Team","First FGM","Player","Team","Home/Away","Favorite/Underdog",0.1414,607,0.1176,750,0.0237,0.0134,1.3434,0.627757009345794,2026-05-24 16:21:19.522772,9,"Georgia Amoore","Win",0.00180000000000002,0.0135000000000002,0.000841121495327002,0.00630841121495251
2026-05-24,"FanDuel","WAS @ SEA","1022600046","First Basket by Team","First Points","Player","Team","Home/Away","Favorite/Underdog",0.1382,623,0.1111,800,0.0271,0.0153,1.5262,0.713177570093458,2026-05-24 21:51:18.49333,20,"Georgia Amoore","Win",0.1828,1.4624,0.0854205607476639,0.683364485981311
2026-05-24,"FanDuel","WAS @ SEA","1022600046","First Basket by Team","First Points","Player","Team","Home/Away","Favorite/Underdog",0.189,429,0.1667,500,0.0223,0.0134,1.3373,0.624906542056075,2026-05-24 14:51:18.817692,1,"Jordan Horston","Loss",1.3373,-1.3373,0.624906542056075,-0.624906542056075
2026-05-24,"FanDuel","WAS @ SEA","1022600046","First Basket by Team","First Points","Player","Team","Home/Away","Favorite/Underdog",0.2805,257,0.2381,320,0.0424,0.0278,2.7814,1.29971962616822,2026-05-24 12:21:51.102793,1,"Kiki Iriafen","Loss",2.7814,-2.7814,1.29971962616822,-1.29971962616822
2026-05-24,"FanDuel","WAS @ SEA","1022600046","First Basket by Team","First Points","Player","Team","Home/Away","Favorite/Underdog",0.2805,257,0.2326,330,0.0479,0.0312,3.1221,1.45892523364486,2026-05-24 12:51:21.512818,2,"Kiki Iriafen","Loss",0.3407,-0.3407,0.15920560747664,-0.15920560747664
2026-05-24,"FanDuel","WAS @ SEA","1022600046","First Basket by Team","First Points","Player","Team","Home/Away","Favorite/Underdog",0.2805,257,0.2273,340,0.0532,0.0344,3.4427,1.60873831775701,2026-05-24 16:21:19.522772,9,"Kiki Iriafen","Loss",0.3206,-0.3206,0.14981308411215,-0.14981308411215
2026-05-24,"Draft Kings","WAS @ SEA","1022600046","First Team","First FGM","Team","Quarter","Home/Away","Favorite/Underdog",0.4817,108,0.4651,115,0.0166,0.0155,0.7742,0.502727272727273,2026-05-24 19:51:19.094892,1,"1Q SEA","Loss",0.7742,-0.7742,0.502727272727273,-0.502727272727273
2026-05-25,"Draft Kings","CON @ GSV","1022600048","First Basket","First Points","Player","Game","Home/Away","Favorite/Underdog",0.1078,828,0.0971,930,0.0107,0.0059,0.5915,0.501271186440678,2026-05-25 18:51:16.351908,1,"Diamond Miller","Loss",0.5915,-0.5915,0.501271186440678,-0.501271186440678
2026-05-25,"FanDuel","CON @ GSV","1022600048","First Basket","First Points","Player","Game","Home/Away","Favorite/Underdog",0.1035,866,0.0909,1000,0.0126,0.0069,0.6917,0.586186440677966,2026-05-25 20:21:16.244797,1,"Gabby Williams","Win",0.6917,6.917,0.586186440677966,5.86186440677966
2026-05-25,"FanDuel","CON @ GSV","1022600048","First Basket","First Points","Player","Game","Home/Away","Favorite/Underdog",0.0703,1323,0.0588,1600,0.0115,0.0061,0.6087,0.515847457627119,2026-05-25 12:21:49.6317,1,"Kiah Stokes","Loss",0.6087,-0.6087,0.515847457627119,-0.515847457627119
2026-05-25,"FanDuel","CON @ GSV","1022600048","First Basket","First Points","Player","Game","Home/Away","Favorite/Underdog",0.0838,1093,0.0625,1500,0.0213,0.0114,1.1362,0.962881355932203,2026-05-25 19:51:15.978675,4,"Kiah Stokes","Loss",0.5275,-0.5275,0.447033898305084,-0.447033898305084
2026-05-25,"FanDuel","CON @ GSV","1022600048","First Basket","First Points","Player","Game","Home/Away","Favorite/Underdog",0.0838,1093,0.0588,1600,0.025,0.0133,1.3271,1.12466101694915,2026-05-25 23:51:16.648531,12,"Kiah Stokes","Loss",0.1909,-0.1909,0.161779661016947,-0.161779661016947
2026-05-25,"Fanatics","CON @ GSV","1022600048","First Basket by Team","First FGM","Player","Team","Home/Away","Favorite/Underdog",0.2175,360,0.2,400,0.0175,0.0109,1.0916,0.510093457943925,2026-05-25 22:21:17.007248,1,"Diamond Miller","Loss",1.0916,-1.0916,0.510093457943925,-0.510093457943925
2026-05-25,"Fanatics","CON @ GSV","1022600048","First Basket by Team","First FGM","Player","Team","Home/Away","Favorite/Underdog",0.1773,464,0.1667,500,0.0106,0.0064,0.6352,0.296822429906542,2026-05-25 21:21:16.325206,1,"Gianna Kneepkens","Loss",0.6352,-0.6352,0.296822429906542,-0.296822429906542
2026-05-25,"FanDuel","CON @ GSV","1022600048","First Basket by Team","First Points","Player","Team","Home/Away","Favorite/Underdog",0.16,525,0.1333,650,0.0266,0.0154,1.5366,0.71803738317757,2026-05-25 12:21:49.758014,1,"Kiah Stokes","Loss",1.5366,-1.5366,0.71803738317757,-0.71803738317757
2026-05-25,"FanDuel","CON @ GSV","1022600048","First Basket by Team","First Points","Player","Team","Home/Away","Favorite/Underdog",0.16,525,0.125,700,0.035,0.02,1.9981,0.933691588785047,2026-05-25 23:51:16.775506,24,"Kiah Stokes","Loss",0.4615,-0.4615,0.215654205607477,-0.215654205607477
2026-05-25,"FanDuel","CON @ GSV","1022600048","First Team","First Points","Team","Quarter","Home/Away","Favorite/Underdog",0.5239,-110,0.4505,122,0.0734,0.0668,3.3407,2.16928571428571,2026-05-25 19:51:16.221846,1,"1Q GSV","Win",3.3407,4.075654,2.16928571428571,2.64652857142857
2026-05-25,"FanDuel","PDX @ NYL","1022600047","First Basket","First Points","Player","Game","Home/Away","Favorite/Underdog",0.0957,945,0.0833,1100,0.0124,0.0068,0.6766,0.573389830508475,2026-05-25 16:21:15.92929,1,"Emily Engstler","Loss",0.6766,-0.6766,0.573389830508475,-0.573389830508475
2026-05-25,"FanDuel","PDX @ NYL","1022600047","First Basket","First Points","Player","Game","Home/Away","Favorite/Underdog",0.0958,943,0.0833,1100,0.0125,0.0068,0.6826,0.578474576271186,2026-05-25 17:21:17.181714,3,"Emily Engstler","Loss",0.006,-0.006,0.00508474576271101,-0.00508474576271101
2026-05-25,"FanDuel","PDX @ NYL","1022600047","First Basket","First Points","Player","Game","Home/Away","Favorite/Underdog",0.0958,943,0.0769,1200,0.0189,0.0103,1.025,0.86864406779661,2026-05-25 21:21:16.198287,5,"Emily Engstler","Loss",0.3424,-0.3424,0.290169491525424,-0.290169491525424
2026-05-25,"BetRivers","PDX @ NYL","1022600047","First Basket","First FGM","Player","Game","Home/Away","Favorite/Underdog",0.0816,1126,0.0714,1300,0.0102,0.0055,0.547,0.463559322033898,2026-05-25 13:51:17.227629,1,"Luisa Geiselsoder","Loss",0.547,-0.547,0.463559322033898,-0.463559322033898
2026-05-25,"FanDuel","PDX @ NYL","1022600047","First Basket","First Points","Player","Game","Home/Away","Favorite/Underdog",0.0782,1179,0.0667,1400,0.0115,0.0062,0.6159,0.521949152542373,2026-05-25 15:21:16.099807,4,"Luisa Geiselsoder","Loss",0.0689,-0.0689,0.058389830508475,-0.058389830508475
2026-05-25,"FanDuel","PDX @ NYL","1022600047","First Basket","First Points","Player","Game","Home/Away","Favorite/Underdog",0.0783,1178,0.0667,1400,0.0116,0.0062,0.6207,0.526016949152542,2026-05-25 17:51:23.435629,9,"Luisa Geiselsoder","Loss",0.00480000000000003,-0.00480000000000003,0.00406779661016909,-0.00406779661016909
2026-05-25,"FanDuel","PDX @ NYL","1022600047","First Basket","First Points","Player","Game","Home/Away","Favorite/Underdog",0.0783,1178,0.0625,1500,0.0158,0.0084,0.8401,0.711949152542373,2026-05-25 18:51:16.351908,11,"Luisa Geiselsoder","Loss",0.2194,-0.2194,0.185932203389831,-0.185932203389831
2026-05-25,"BetRivers","PDX @ NYL","1022600047","First Basket","First FGM","Player","Game","Home/Away","Favorite/Underdog",0.0825,1112,0.0714,1300,0.0111,0.006,0.5973,0.506186440677966,2026-05-25 17:21:17.181714,1,"Marine Johannes","Loss",0.5973,-0.5973,0.506186440677966,-0.506186440677966
2026-05-25,"Draft Kings","PDX @ NYL","1022600047","First Basket","First Points","Player","Game","Home/Away","Favorite/Underdog",0.0818,1122,0.0694,1340,0.0124,0.0066,0.6649,0.563474576271186,2026-05-25 17:51:23.435629,2,"Marine Johannes","Loss",0.0676,-0.0676,0.05728813559322,-0.05728813559322
2026-05-25,"Draft Kings","PDX @ NYL","1022600047","First Basket","First Points","Player","Game","Home/Away","Favorite/Underdog",0.0818,1122,0.0685,1360,0.0133,0.0072,0.7153,0.606186440677966,2026-05-25 18:21:17.949868,3,"Marine Johannes","Loss",0.0504,-0.0504,0.04271186440678,-0.04271186440678
2026-05-25,"Draft Kings","PDX @ NYL","1022600047","First Basket","First Points","Player","Game","Home/Away","Favorite/Underdog",0.0849,1078,0.0685,1360,0.0164,0.0088,0.8813,0.746864406779661,2026-05-25 23:21:15.951367,13,"Marine Johannes","Loss",0.166,-0.166,0.140677966101695,-0.140677966101695
2026-05-25,"FanDuel","PDX @ NYL","1022600047","First Basket","First Points","Player","Game","Home/Away","Favorite/Underdog",0.0877,1040,0.0769,1200,0.0108,0.0058,0.5831,0.494152542372881,2026-05-25 12:21:49.6317,1,"Nyadiew Puoch","Loss",0.5831,-0.5831,0.494152542372881,-0.494152542372881
2026-05-25,"FanDuel","PDX @ NYL","1022600047","First Basket","First Points","Player","Game","Home/Away","Favorite/Underdog",0.0877,1040,0.0714,1300,0.0163,0.0088,0.8755,0.741949152542373,2026-05-25 13:51:17.227629,4,"Nyadiew Puoch","Loss",0.2924,-0.2924,0.247796610169492,-0.247796610169492
2026-05-25,"FanDuel","PDX @ NYL","1022600047","First Basket by Team","First Points","Player","Team","Home/Away","Favorite/Underdog",0.2089,379,0.1923,420,0.0166,0.0103,1.0268,0.479813084112149,2026-05-25 12:21:49.758014,1,"Emily Engstler","Loss",1.0268,-1.0268,0.479813084112149,-0.479813084112149
2026-05-25,"Fanatics","PDX @ NYL","1022600047","First Basket by Team","First FGM","Player","Team","Home/Away","Favorite/Underdog",0.2147,366,0.1818,450,0.0329,0.0201,2.0093,0.93892523364486,2026-05-25 16:21:16.057573,7,"Emily Engstler","Loss",0.9825,-0.9825,0.459112149532711,-0.459112149532711
2026-05-25,"Fanatics","PDX @ NYL","1022600047","First Basket by Team","First FGM","Player","Team","Home/Away","Favorite/Underdog",0.2147,366,0.1667,500,0.048,0.0288,2.8819,1.34668224299065,2026-05-25 22:51:17.700344,20,"Emily Engstler","Loss",0.8726,-0.8726,0.40775700934579,-0.40775700934579
2026-05-25,"FanDuel","PDX @ NYL","1022600047","First Basket by Team","First Points","Player","Team","Home/Away","Favorite/Underdog",0.1705,486,0.1538,550,0.0167,0.0099,0.9869,0.461168224299065,2026-05-25 12:21:49.758014,1,"Luisa Geiselsoder","Loss",0.9869,-0.9869,0.461168224299065,-0.461168224299065
2026-05-25,"Fanatics","PDX @ NYL","1022600047","First Basket by Team","First FGM","Player","Team","Home/Away","Favorite/Underdog",0.1742,474,0.1538,550,0.0203,0.012,1.2,0.560747663551402,2026-05-25 17:51:23.562876,9,"Luisa Geiselsoder","Loss",0.2131,-0.2131,0.099579439252337,-0.099579439252337
2026-05-25,"FanDuel","PDX @ NYL","1022600047","First Basket by Team","First Points","Player","Team","Home/Away","Favorite/Underdog",0.1705,486,0.1429,600,0.0277,0.0162,1.6153,0.754813084112149,2026-05-25 18:21:18.076653,10,"Luisa Geiselsoder","Loss",0.4153,-0.4153,0.194065420560747,-0.194065420560747
2026-05-25,"FanDuel","PDX @ NYL","1022600047","First Basket by Team","First Points","Player","Team","Home/Away","Favorite/Underdog",0.1512,561,0.1333,650,0.0179,0.0103,1.0302,0.481401869158879,2026-05-25 17:21:17.308734,1,"Marine Johannes","Loss",1.0302,-1.0302,0.481401869158879,-0.481401869158879
2026-05-25,"FanDuel","PDX @ NYL","1022600047","First Basket by Team","First Points","Player","Team","Home/Away","Favorite/Underdog",0.1512,561,0.125,700,0.0262,0.015,1.4966,0.699345794392523,2026-05-25 18:21:18.076653,3,"Marine Johannes","Loss",0.4664,-0.4664,0.217943925233644,-0.217943925233644
2026-05-25,"FanDuel","PDX @ NYL","1022600047","First Basket by Team","First Points","Player","Team","Home/Away","Favorite/Underdog",0.1566,538,0.125,700,0.0316,0.0181,1.8072,0.844485981308411,2026-05-25 23:21:16.078382,13,"Marine Johannes","Loss",0.3106,-0.3106,0.145140186915888,-0.145140186915888
2026-05-25,"FanDuel","PDX @ NYL","1022600047","First Basket by Team","First Points","Player","Team","Home/Away","Favorite/Underdog",0.1913,423,0.1667,500,0.0247,0.0148,1.4799,0.691542056074766,2026-05-25 12:21:49.758014,1,"Nyadiew Puoch","Win",1.4799,7.3995,0.691542056074766,3.45771028037383
2026-05-25,"FanDuel","PDX @ NYL","1022600047","First Basket by Team","First Points","Player","Team","Home/Away","Favorite/Underdog",0.1913,423,0.1538,550,0.0375,0.0222,2.215,1.03504672897196,2026-05-25 16:21:16.057573,9,"Nyadiew Puoch","Win",0.7351,4.04305,0.343504672897194,1.88927570093457
2026-05-27,"FanDuel","ATL @ MIN","1022600051","First Basket","First Points","Player","Game","Home/Away","Favorite/Underdog",0.0919,989,0.0769,1200,0.0149,0.0081,0.8094,0.685932203389831,2026-05-27 12:21:39.491184,1,"Jordin Canada","Loss",0.8094,-0.8094,0.685932203389831,-0.685932203389831
2026-05-27,"FanDuel","ATL @ MIN","1022600051","First Basket","First Points","Player","Game","Home/Away","Favorite/Underdog",0.092,987,0.0714,1300,0.0206,0.0111,1.1077,0.938728813559322,2026-05-27 12:54:27.256173,2,"Jordin Canada","Loss",0.2983,-0.2983,0.252796610169491,-0.252796610169491
2026-05-27,"Draft Kings","ATL @ MIN","1022600051","First Basket","First Points","Player","Game","Home/Away","Favorite/Underdog",0.0921,985,0.0658,1420,0.0263,0.0141,1.4101,1.195,2026-05-28 00:51:20.167935,12,"Jordin Canada","Loss",0.3024,-0.3024,0.256271186440678,-0.256271186440678
2026-05-27,"FanDuel","ATL @ MIN","1022600051","First Basket","First Points","Player","Game","Home/Away","Favorite/Underdog",0.087,1049,0.0667,1400,0.0203,0.0109,1.0891,0.922966101694915,2026-05-27 12:21:39.491184,1,"Naz Hillmon","Loss",1.0891,-1.0891,0.922966101694915,-0.922966101694915
2026-05-27,"Draft Kings","ATL @ MIN","1022600051","First Basket","First Points","Player","Game","Home/Away","Favorite/Underdog",0.0873,1046,0.0641,1460,0.0231,0.0124,1.2368,1.04813559322034,2026-05-28 00:51:20.167935,26,"Naz Hillmon","Loss",0.1477,-0.1477,0.125169491525425,-0.125169491525425
2026-05-27,"FanDuel","ATL @ MIN","1022600051","First Basket by Team","First Points","Player","Team","Home/Away","Favorite/Underdog",0.2136,368,0.1852,440,0.0284,0.0174,1.7421,0.814065420560748,2026-05-27 14:51:23.113273,1,"Courtney Williams","Loss",1.7421,-1.7421,0.814065420560748,-0.814065420560748
2026-05-27,"FanDuel","ATL @ MIN","1022600051","First Basket by Team","First Points","Player","Team","Home/Away","Favorite/Underdog",0.2136,368,0.1818,450,0.0318,0.0194,1.9407,0.906869158878505,2026-05-27 17:21:22.25916,6,"Courtney Williams","Loss",0.1986,-0.1986,0.092803738317757,-0.092803738317757
2026-05-27,"FanDuel","ATL @ MIN","1022600051","First Basket by Team","First Points","Player","Team","Home/Away","Favorite/Underdog",0.1753,471,0.1333,650,0.0419,0.0242,2.4185,1.13014018691589,2026-05-27 12:21:39.625728,1,"Jordin Canada","Loss",2.4185,-2.4185,1.13014018691589,-1.13014018691589
2026-05-27,"FanDuel","ATL @ MIN","1022600051","First Basket by Team","First Points","Player","Team","Home/Away","Favorite/Underdog",0.1753,471,0.125,700,0.0503,0.0287,2.8717,1.34191588785047,2026-05-28 00:51:20.302086,21,"Jordin Canada","Loss",0.4532,-0.4532,0.21177570093458,-0.21177570093458
2026-05-27,"FanDuel","ATL @ MIN","1022600051","First Basket by Team","First Points","Player","Team","Home/Away","Favorite/Underdog",0.166,503,0.1333,650,0.0326,0.0188,1.8826,0.879719626168224,2026-05-27 12:21:39.625728,1,"Naz Hillmon","Loss",1.8826,-1.8826,0.879719626168224,-0.879719626168224
2026-05-27,"FanDuel","ATL @ MIN","1022600051","First Basket by Team","First Points","Player","Team","Home/Away","Favorite/Underdog",0.166,503,0.125,700,0.041,0.0234,2.3409,1.0938785046729,2026-05-27 22:21:21.447175,21,"Naz Hillmon","Loss",0.4583,-0.4583,0.214158878504676,-0.214158878504676
2026-05-27,"Draft Kings","ATL @ MIN","1022600051","First Team","First FGM","Team","Quarter","Home/Away","Favorite/Underdog",0.4854,106,0.4545,120,0.0309,0.0283,1.4154,0.919090909090909,2026-05-27 13:51:23.876364,1,"1Q MIN","Win",1.4154,1.69848,0.919090909090909,1.10290909090909
2026-05-27,"Draft Kings","ATL @ MIN","1022600051","First Team Exact","First FGM","Team","Exact","Home/Away","Favorite/Underdog",0.3673,172,0.3571,180,0.0102,0.0079,0.3964,0.3096875,2026-05-27 13:51:23.938654,1,"MIN two point field goal","Loss",0.3964,-0.3964,0.3096875,-0.3096875
2026-05-27,"FanDuel","CON @ PDX","1022600052","First Basket","First Points","Player","Game","Home/Away","Favorite/Underdog",0.1027,874,0.0909,1000,0.0118,0.0065,0.6486,0.549661016949152,2026-05-27 23:51:20.407868,1,"Emily Engstler","Loss",0.6486,-0.6486,0.549661016949152,-0.549661016949152
2026-05-27,"BetRivers","CON @ PDX","1022600052","First Basket","First FGM","Player","Game","Home/Away","Favorite/Underdog",0.0871,1049,0.0769,1200,0.0101,0.0055,0.549,0.465254237288136,2026-05-27 12:21:39.491184,1,"Luisa Geiselsoder","Loss",0.549,-0.549,0.465254237288136,-0.465254237288136
2026-05-27,"BetRivers","CON @ PDX","1022600052","First Basket","First FGM","Player","Game","Home/Away","Favorite/Underdog",0.0871,1048,0.0769,1200,0.0101,0.0055,0.5498,0.46593220338983,2026-05-27 22:21:21.303968,21,"Luisa Geiselsoder","Loss",0.000799999999999912,-0.000799999999999912,0.000677966101694016,-0.000677966101694016
2026-05-27,"BetRivers","CON @ PDX","1022600052","First Basket","First FGM","Player","Game","Home/Away","Favorite/Underdog",0.0872,1047,0.0769,1200,0.0103,0.0056,0.5565,0.471610169491525,2026-05-28 01:51:20.985376,28,"Luisa Geiselsoder","Loss",0.00670000000000004,-0.00670000000000004,0.00567796610169502,-0.00567796610169502
2026-05-27,"FanDuel","CON @ PDX","1022600052","First Basket by Team","First Points","Player","Team","Home/Away","Favorite/Underdog",0.2035,391,0.1887,430,0.0148,0.0092,0.9151,0.427616822429907,2026-05-27 12:21:39.625728,1,"Emily Engstler","Loss",0.9151,-0.9151,0.427616822429907,-0.427616822429907
2026-05-27,"FanDuel","CON @ PDX","1022600052","First Basket by Team","First Points","Player","Team","Home/Away","Favorite/Underdog",0.2035,391,0.1852,440,0.0183,0.0113,1.1256,0.525981308411215,2026-05-27 14:51:23.113273,5,"Emily Engstler","Loss",0.2105,-0.2105,0.098364485981308,-0.098364485981308
2026-05-27,"FanDuel","CON @ PDX","1022600052","First Basket by Team","First Points","Player","Team","Home/Away","Favorite/Underdog",0.1721,481,0.1538,550,0.0183,0.0108,1.0806,0.504953271028037,2026-05-27 14:51:23.113273,1,"Luisa Geiselsoder","Loss",1.0806,-1.0806,0.504953271028037,-0.504953271028037
2026-05-27,"Draft Kings","CON @ PDX","1022600052","First Basket by Team","First Points","Player","Team","Home/Away","Favorite/Underdog",0.1721,481,0.1538,550,0.02,0.0118,1.1799,0.551355140186916,2026-05-27 18:21:22.969159,8,"Luisa Geiselsoder","Loss",0.0992999999999999,-0.0992999999999999,0.046401869158879,-0.046401869158879
2026-05-27,"Fanatics","CON @ PDX","1022600052","First Basket by Team","First FGM","Player","Team","Home/Away","Favorite/Underdog",0.1919,421,0.1739,475,0.018,0.0109,1.0881,0.508457943925234,2026-05-27 12:21:39.625728,1,"Nyadiew Puoch","Loss",1.0881,-1.0881,0.508457943925234,-0.508457943925234
2026-05-27,"BetRivers","PHX @ NYL","1022600049","First Basket","First FGM","Player","Game","Home/Away","Favorite/Underdog",0.0764,1209,0.0625,1500,0.0139,0.0074,0.7422,0.628983050847458,2026-05-27 17:21:22.120185,1,"Marine Johannes","Loss",0.7422,-0.7422,0.628983050847458,-0.628983050847458
2026-05-27,"BetRivers","PHX @ NYL","1022600049","First Basket","First FGM","Player","Game","Home/Away","Favorite/Underdog",0.084,1090,0.0625,1500,0.0215,0.0115,1.1471,0.972118644067797,2026-05-27 22:51:21.283538,12,"Marine Johannes","Loss",0.4049,-0.4049,0.343135593220339,-0.343135593220339
2026-05-27,"FanDuel","PHX @ NYL","1022600049","First Basket","First Points","Player","Game","Home/Away","Favorite/Underdog",0.0728,1274,0.0588,1600,0.014,0.0074,0.7415,0.628389830508475,2026-05-27 12:21:39.491184,1,"Noemie Brochant","Loss",0.7415,-0.7415,0.628389830508475,-0.628389830508475
2026-05-27,"Draft Kings","PHX @ NYL","1022600049","First Basket Type","First FGM","Game","Exact","Home/Away","Favorite/Underdog",0.7605,-317,0.7403,-285,0.0202,0.0389,1.946,1.5203125,2026-05-27 17:21:22.522119,1,"PHX @ NYL two point field goal","Loss",1.946,-1.946,1.5203125,-1.5203125
2026-05-27,"FanDuel","PHX @ NYL","1022600049","First Basket by Team","First Points","Player","Team","Home/Away","Favorite/Underdog",0.151,562,0.1176,750,0.0334,0.0189,1.8916,0.88392523364486,2026-05-27 17:21:22.25916,1,"Marine Johannes","Loss",1.8916,-1.8916,0.88392523364486,-0.88392523364486
2026-05-27,"FanDuel","PHX @ NYL","1022600049","First Basket by Team","First Points","Player","Team","Home/Away","Favorite/Underdog",0.151,562,0.1111,800,0.0399,0.0225,2.2453,1.04920560747664,2026-05-27 20:21:22.444346,7,"Marine Johannes","Loss",0.3537,-0.3537,0.16528037383178,-0.16528037383178
2026-05-27,"FanDuel","PHX @ NYL","1022600049","First Basket by Team","First Points","Player","Team","Home/Away","Favorite/Underdog",0.1652,505,0.1111,800,0.0541,0.0304,3.0411,1.42107476635514,2026-05-27 22:51:21.422292,12,"Marine Johannes","Loss",0.7958,-0.7958,0.3718691588785,-0.3718691588785
2026-05-27,"FanDuel","PHX @ NYL","1022600049","First Basket by Team","First Points","Player","Team","Home/Away","Favorite/Underdog",0.145,590,0.125,700,0.02,0.0114,1.1446,0.534859813084112,2026-05-27 12:21:39.625728,1,"Noemie Brochant","Loss",1.1446,-1.1446,0.534859813084112,-0.534859813084112
2026-05-27,"FanDuel","PHX @ NYL","1022600049","First Basket by Team","First Points","Player","Team","Home/Away","Favorite/Underdog",0.145,590,0.1176,750,0.0274,0.0155,1.5517,0.725093457943925,2026-05-27 13:21:23.435724,3,"Noemie Brochant","Loss",0.4071,-0.4071,0.190233644859813,-0.190233644859813
2026-05-27,"FanDuel","PHX @ NYL","1022600049","First Team","First Points","Team","Quarter","Home/Away","Favorite/Underdog",0.5018,-101,0.4902,104,0.0116,0.0114,0.5705,0.370454545454545,2026-05-27 12:21:39.772199,1,"1Q PHX","Loss",0.5705,-0.5705,0.370454545454545,-0.370454545454545
2026-05-27,"Draft Kings","PHX @ NYL","1022600049","First Team","First FGM","Team","Quarter","Home/Away","Favorite/Underdog",0.5062,-103,0.4878,105,0.0184,0.018,0.9,0.584415584415584,2026-05-27 13:51:23.876364,4,"1Q PHX","Loss",0.3295,-0.3295,0.213961038961039,-0.213961038961039
2026-05-27,"Draft Kings","PHX @ NYL","1022600049","First Team","First FGM","Team","Quarter","Home/Away","Favorite/Underdog",0.5063,-103,0.4878,105,0.0185,0.0181,0.9039,0.586948051948052,2026-05-27 15:21:24.291354,7,"1Q PHX","Loss",0.00390000000000001,-0.00390000000000001,0.00253246753246794,-0.00253246753246794
2026-05-27,"Draft Kings","PHX @ NYL","1022600049","First Team","First FGM","Team","Quarter","Home/Away","Favorite/Underdog",0.5083,-103,0.4878,105,0.0205,0.02,1.0022,0.650779220779221,2026-05-27 17:21:22.405165,9,"1Q PHX","Loss",0.0982999999999999,-0.0982999999999999,0.063831168831169,-0.063831168831169
2026-05-27,"Draft Kings","PHX @ NYL","1022600049","First Team Exact","First FGM","Team","Exact","Home/Away","Favorite/Underdog",0.401,149,0.3846,160,0.0164,0.0133,0.6642,0.51890625,2026-05-27 13:51:23.938654,1,"PHX two point field goal","Loss",0.6642,-0.6642,0.51890625,-0.51890625
2026-05-27,"Draft Kings","PHX @ NYL","1022600049","First Team Exact","First FGM","Team","Exact","Home/Away","Favorite/Underdog",0.401,149,0.3846,160,0.0164,0.0133,0.6668,0.5209375,2026-05-27 15:21:24.354209,4,"PHX two point field goal","Loss",0.00259999999999994,-0.00259999999999994,0.00203125000000004,-0.00203125000000004
2026-05-27,"Draft Kings","PHX @ NYL","1022600049","First Team Exact","First FGM","Team","Exact","Home/Away","Favorite/Underdog",0.4026,148,0.3774,165,0.0253,0.0203,1.0145,0.792578125,2026-05-27 17:21:22.467675,6,"PHX two point field goal","Loss",0.3477,-0.3477,0.271640625,-0.271640625
2026-05-27,"FanDuel","TOR @ CHI","1022600050","First Basket","First Points","Player","Game","Home/Away","Favorite/Underdog",0.0876,1042,0.0769,1200,0.0106,0.0058,0.5759,0.488050847457627,2026-05-27 22:21:21.303968,1,"Jacy Sheldon","Loss",0.5759,-0.5759,0.488050847457627,-0.488050847457627
2026-05-27,"Draft Kings","TOR @ CHI","1022600050","First Basket","First Points","Player","Game","Home/Away","Favorite/Underdog",0.0977,923,0.0704,1320,0.0273,0.0147,1.4678,1.24389830508475,2026-05-27 12:21:39.491184,1,"Laura Juskaite","Loss",1.4678,-1.4678,1.24389830508475,-1.24389830508475
2026-05-27,"FanDuel","TOR @ CHI","1022600050","First Basket","First Points","Player","Game","Home/Away","Favorite/Underdog",0.0977,923,0.0625,1500,0.0352,0.0188,1.878,1.59152542372881,2026-05-27 13:21:23.301422,3,"Laura Juskaite","Loss",0.4102,-0.4102,0.34762711864406,-0.34762711864406
2026-05-27,"Draft Kings","TOR @ CHI","1022600050","First Basket","First Points","Player","Game","Home/Away","Favorite/Underdog",0.0846,1083,0.0725,1280,0.0121,0.0065,0.6516,0.552203389830508,2026-05-27 23:21:20.919254,1,"Nyara Sabally","Loss",0.6516,-0.6516,0.552203389830508,-0.552203389830508
2026-05-27,"Draft Kings","TOR @ CHI","1022600050","First Basket","First Points","Player","Game","Home/Away","Favorite/Underdog",0.0846,1083,0.0714,1300,0.0131,0.0071,0.7067,0.598898305084746,2026-05-27 23:51:20.407868,2,"Nyara Sabally","Loss",0.0551,-0.0551,0.046694915254238,-0.046694915254238
2026-05-27,"FanDuel","TOR @ CHI","1022600050","First Basket by Team","First Points","Player","Team","Home/Away","Favorite/Underdog",0.1636,511,0.1429,600,0.0207,0.0121,1.2086,0.564766355140187,2026-05-27 14:51:23.113273,1,"Jacy Sheldon","Loss",1.2086,-1.2086,0.564766355140187,-0.564766355140187
2026-05-27,"FanDuel","TOR @ CHI","1022600050","First Basket by Team","First Points","Player","Team","Home/Away","Favorite/Underdog",0.1636,511,0.1333,650,0.0302,0.0174,1.7448,0.815327102803738,2026-05-27 20:21:22.444346,12,"Jacy Sheldon","Loss",0.5362,-0.5362,0.250560747663551,-0.250560747663551
2026-05-27,"FanDuel","TOR @ CHI","1022600050","First Basket by Team","First Points","Player","Team","Home/Away","Favorite/Underdog",0.1636,511,0.125,700,0.0386,0.022,2.2044,1.03009345794393,2026-05-27 22:21:21.447175,16,"Jacy Sheldon","Loss",0.4596,-0.4596,0.214766355140192,-0.214766355140192
2026-05-27,"FanDuel","TOR @ CHI","1022600050","First Basket by Team","First Points","Player","Team","Home/Away","Favorite/Underdog",0.2106,375,0.1667,500,0.0439,0.0264,2.6359,1.23172897196262,2026-05-27 12:21:39.625728,1,"Laura Juskaite","Loss",2.6359,-2.6359,1.23172897196262,-1.23172897196262
2026-05-27,"FanDuel","TOR @ CHI","1022600050","First Basket by Team","First Points","Player","Team","Home/Away","Favorite/Underdog",0.178,462,0.1667,500,0.0113,0.0068,0.6783,0.31696261682243,2026-05-27 22:21:21.447175,1,"Natasha Cloud","Loss",0.6783,-0.6783,0.31696261682243,-0.31696261682243
2026-05-27,"FanDuel","TOR @ CHI","1022600050","First Basket by Team","First Points","Player","Team","Home/Away","Favorite/Underdog",0.2074,382,0.1852,440,0.0223,0.0137,1.3655,0.638084112149533,2026-05-27 12:21:39.625728,1,"Skylar Diggins","Loss",1.3655,-1.3655,0.638084112149533,-0.638084112149533
2026-05-27,"FanDuel","TOR @ CHI","1022600050","First Basket by Team","First Points","Player","Team","Home/Away","Favorite/Underdog",0.2074,382,0.1818,450,0.0256,0.0157,1.5656,0.731588785046729,2026-05-27 13:21:23.435724,3,"Skylar Diggins","Loss",0.2001,-0.2001,0.093504672897196,-0.093504672897196
2026-05-27,"FanDuel","TOR @ CHI","1022600050","First Basket by Team","First Points","Player","Team","Home/Away","Favorite/Underdog",0.2074,382,0.1695,490,0.0379,0.0228,2.2845,1.06752336448598,2026-05-27 13:51:23.734905,4,"Skylar Diggins","Loss",0.7189,-0.7189,0.335934579439251,-0.335934579439251
2026-05-27,"FanDuel","TOR @ CHI","1022600050","First Team","First Points","Team","Quarter","Home/Away","Favorite/Underdog",0.464,116,0.4237,136,0.0402,0.0349,1.7459,1.1337012987013,2026-05-27 12:21:39.772199,1,"1Q TOR","Loss",1.7459,-1.7459,1.1337012987013,-1.1337012987013
2026-05-27,"Draft Kings","TOR @ CHI","1022600050","First Team Exact","First FGM","Team","Exact","Home/Away","Favorite/Underdog",0.3544,182,0.3077,225,0.0467,0.0337,1.6857,1.316953125,2026-05-27 13:51:23.938654,1,"TOR two point field goal","Loss",1.6857,-1.6857,1.316953125,-1.316953125
2026-05-27,"Draft Kings","TOR @ CHI","1022600050","First Team Exact","First FGM","Team","Exact","Home/Away","Favorite/Underdog",0.3544,182,0.3077,225,0.0467,0.0338,1.6879,1.318671875,2026-05-27 20:21:22.653943,14,"TOR two point field goal","Loss",0.00219999999999998,-0.00219999999999998,0.00171874999999999,-0.00171874999999999
2026-05-27,"FanDuel","WAS @ SEA","1022600053","First Basket","First Points","Player","Game","Home/Away","Favorite/Underdog",0.079,1167,0.0667,1400,0.0123,0.0066,0.6582,0.557796610169492,2026-05-27 12:21:39.491184,1,"Georgia Amoore","Loss",0.6582,-0.6582,0.557796610169492,-0.557796610169492
2026-05-27,"FanDuel","WAS @ SEA","1022600053","First Basket","First Points","Player","Game","Home/Away","Favorite/Underdog",0.079,1167,0.0625,1500,0.0165,0.0088,0.8775,0.74364406779661,2026-05-27 22:21:21.303968,10,"Georgia Amoore","Loss",0.2193,-0.2193,0.185847457627118,-0.185847457627118
2026-05-27,"FanDuel","WAS @ SEA","1022600053","First Basket","First Points","Player","Game","Home/Away","Favorite/Underdog",0.0849,1078,0.0625,1500,0.0224,0.012,1.1957,1.01330508474576,2026-05-27 14:51:22.973779,1,"Jordan Horston","Loss",1.1957,-1.1957,1.01330508474576,-1.01330508474576
2026-05-27,"FanDuel","WAS @ SEA","1022600053","First Basket","First Points","Player","Game","Home/Away","Favorite/Underdog",0.0849,1078,0.0588,1600,0.0261,0.0139,1.3863,1.17483050847458,2026-05-27 16:21:23.109529,4,"Jordan Horston","Loss",0.1906,-0.1906,0.16152542372882,-0.16152542372882
2026-05-27,"BetRivers","WAS @ SEA","1022600053","First Basket","First FGM","Player","Game","Home/Away","Favorite/Underdog",0.0941,963,0.0625,1500,0.0316,0.0168,1.684,1.4271186440678,2026-05-27 17:51:23.200766,7,"Jordan Horston","Loss",0.2977,-0.2977,0.25228813559322,-0.25228813559322
2026-05-27,"Draft Kings","WAS @ SEA","1022600053","First Basket","First Points","Player","Game","Home/Away","Favorite/Underdog",0.1471,580,0.1205,730,0.0267,0.0152,1.5158,1.28457627118644,2026-05-27 12:21:39.491184,1,"Kiki Iriafen","Loss",1.5158,-1.5158,1.28457627118644,-1.28457627118644
2026-05-27,"FanDuel","WAS @ SEA","1022600053","First Basket","First Points","Player","Game","Home/Away","Favorite/Underdog",0.1471,580,0.1176,750,0.0295,0.0167,1.6716,1.41661016949153,2026-05-27 12:54:27.256173,2,"Kiki Iriafen","Loss",0.1558,-0.1558,0.13203389830509,-0.13203389830509
2026-05-27,"Draft Kings","WAS @ SEA","1022600053","First Basket","First Points","Player","Game","Home/Away","Favorite/Underdog",0.0903,1008,0.0704,1320,0.0199,0.0107,1.0681,0.905169491525424,2026-05-27 12:21:39.491184,1,"Michaela Onyenwere","Loss",1.0681,-1.0681,0.905169491525424,-0.905169491525424
2026-05-27,"Draft Kings","WAS @ SEA","1022600053","First Basket","First Points","Player","Game","Home/Away","Favorite/Underdog",0.0903,1008,0.0694,1340,0.0208,0.0112,1.1196,0.948813559322034,2026-05-27 12:54:27.256173,2,"Michaela Onyenwere","Loss",0.0514999999999999,-0.0514999999999999,0.04364406779661,-0.04364406779661
2026-05-27,"FanDuel","WAS @ SEA","1022600053","First Basket Exact","First Points","Player","Exact","Home/Away","Favorite/Underdog",0.0438,2181,0.0323,3000,0.0116,0.006,0.5988,0.893731343283582,2026-05-27 12:21:39.719797,1,"Kiki Iriafen other","Loss",0.5988,-0.5988,0.893731343283582,-0.893731343283582
2026-05-27,"FanDuel","WAS @ SEA","1022600053","First Basket by Team","First Points","Player","Team","Home/Away","Favorite/Underdog",0.1449,590,0.125,700,0.0199,0.0114,1.1373,0.531448598130841,2026-05-27 12:21:39.625728,1,"Georgia Amoore","Loss",1.1373,-1.1373,0.531448598130841,-0.531448598130841
2026-05-27,"FanDuel","WAS @ SEA","1022600053","First Basket by Team","First Points","Player","Team","Home/Away","Favorite/Underdog",0.1449,590,0.1111,800,0.0338,0.019,1.9008,0.888224299065421,2026-05-27 22:21:21.447175,21,"Georgia Amoore","Loss",0.7635,-0.7635,0.35677570093458,-0.35677570093458
2026-05-27,"Fanatics","WAS @ SEA","1022600053","First Basket by Team","First FGM","Player","Team","Home/Away","Favorite/Underdog",0.2009,398,0.1905,425,0.0104,0.0064,0.6415,0.299766355140187,2026-05-27 12:21:39.625728,1,"Jordan Horston","Loss",0.6415,-0.6415,0.299766355140187,-0.299766355140187
2026-05-27,"FanDuel","WAS @ SEA","1022600053","First Basket by Team","First Points","Player","Team","Home/Away","Favorite/Underdog",0.1866,436,0.1724,480,0.0142,0.0086,0.8559,0.399953271028037,2026-05-27 12:54:27.39021,2,"Jordan Horston","Loss",0.2144,-0.2144,0.10018691588785,-0.10018691588785
2026-05-27,"Fanatics","WAS @ SEA","1022600053","First Basket by Team","First FGM","Player","Team","Home/Away","Favorite/Underdog",0.2009,398,0.1818,450,0.019,0.0116,1.1638,0.543831775700935,2026-05-27 13:21:23.435724,3,"Jordan Horston","Loss",0.3079,-0.3079,0.143878504672898,-0.143878504672898
2026-05-27,"FanDuel","WAS @ SEA","1022600053","First Basket by Team","First Points","Player","Team","Home/Away","Favorite/Underdog",0.1866,436,0.1333,650,0.0532,0.0307,3.072,1.43551401869159,2026-05-27 14:51:23.113273,6,"Jordan Horston","Loss",1.9082,-1.9082,0.891682242990655,-0.891682242990655
2026-05-27,"FanDuel","WAS @ SEA","1022600053","First Basket by Team","First Points","Player","Team","Home/Away","Favorite/Underdog",0.1866,436,0.125,700,0.0616,0.0352,3.5189,1.64434579439252,2026-05-27 16:21:23.24839,9,"Jordan Horston","Loss",0.4469,-0.4469,0.20883177570093,-0.20883177570093
2026-05-27,"FanDuel","WAS @ SEA","1022600053","First Basket by Team","First Points","Player","Team","Home/Away","Favorite/Underdog",0.2701,270,0.2222,350,0.0478,0.0308,3.0752,1.43700934579439,2026-05-27 12:21:39.625728,1,"Kiki Iriafen","Loss",3.0752,-3.0752,1.43700934579439,-1.43700934579439
2026-05-27,"FanDuel","WAS @ SEA","1022600053","First Basket by Team","First Points","Player","Team","Home/Away","Favorite/Underdog",0.2701,270,0.2174,360,0.0527,0.0336,3.3649,1.57238317757009,2026-05-27 12:54:27.39021,2,"Kiki Iriafen","Loss",0.2897,-0.2897,0.1353738317757,-0.1353738317757
2026-05-27,"FanDuel","WAS @ SEA","1022600053","First Basket by Team","First Points","Player","Team","Home/Away","Favorite/Underdog",0.2701,270,0.2128,370,0.0573,0.0364,3.6389,1.70042056074766,2026-05-27 13:21:23.435724,3,"Kiki Iriafen","Loss",0.274,-0.274,0.12803738317757,-0.12803738317757
2026-05-27,"Fanatics","WAS @ SEA","1022600053","First Basket by Team","First FGM","Player","Team","Home/Away","Favorite/Underdog",0.1671,498,0.1429,600,0.0243,0.0142,1.4158,0.661588785046729,2026-05-27 12:21:39.625728,1,"Michaela Onyenwere","Loss",1.4158,-1.4158,0.661588785046729,-0.661588785046729
2026-05-27,"FanDuel","WAS @ SEA","1022600053","First Basket by Team","First Points","Player","Team","Home/Away","Favorite/Underdog",0.1657,504,0.1333,650,0.0324,0.0187,1.8669,0.872383177570093,2026-05-27 12:54:27.39021,2,"Michaela Onyenwere","Loss",0.4511,-0.4511,0.210794392523364,-0.210794392523364
2026-05-28,"Draft Kings","IND @ GSV","1022600055","First Basket","First Points","Player","Game","Home/Away","Favorite/Underdog",0.0714,1300,0.0602,1560,0.0112,0.0059,0.594,0.503389830508475,2026-05-28 12:21:55.154944,1,"Kiah Stokes","Loss",0.594,-0.594,0.503389830508475,-0.503389830508475
2026-05-28,"FanDuel","IND @ GSV","1022600055","First Basket","First Points","Player","Game","Home/Away","Favorite/Underdog",0.0884,1031,0.05,1900,0.0384,0.0202,2.0229,1.71432203389831,2026-05-28 12:21:55.154944,1,"Lexie Hull","Loss",2.0229,-2.0229,1.71432203389831,-1.71432203389831
2026-05-28,"FanDuel","IND @ GSV","1022600055","First Basket","First Points","Player","Game","Home/Away","Favorite/Underdog",0.0884,1031,0.0476,2000,0.0408,0.0214,2.1428,1.81593220338983,2026-05-28 14:21:24.696754,5,"Lexie Hull","Loss",0.1199,-0.1199,0.10161016949152,-0.10161016949152
2026-05-28,"FanDuel","IND @ GSV","1022600055","First Basket","First Points","Player","Game","Home/Away","Favorite/Underdog",0.0884,1031,0.0385,2500,0.05,0.026,2.5986,2.20220338983051,2026-05-28 15:21:23.484683,7,"Lexie Hull","Loss",0.4558,-0.4558,0.38627118644068,-0.38627118644068
2026-05-28,"FanDuel","IND @ GSV","1022600055","First Basket","First Points","Player","Game","Home/Away","Favorite/Underdog",0.096,941,0.0833,1100,0.0127,0.0069,0.693,0.58728813559322,2026-05-28 13:21:23.424716,1,"Monique Billings","Win",0.693,7.623,0.58728813559322,6.46016949152542
2026-05-28,"FanDuel","IND @ GSV","1022600055","First Basket","First Points","Player","Game","Home/Away","Favorite/Underdog",0.096,941,0.0714,1300,0.0246,0.0133,1.3251,1.12296610169492,2026-05-28 15:21:23.484683,3,"Monique Billings","Win",0.6321,8.2173,0.5356779661017,6.9638135593221
2026-05-28,"FanDuel","IND @ GSV","1022600055","First Basket","First Points","Player","Game","Home/Away","Favorite/Underdog",0.096,941,0.0588,1600,0.0372,0.0198,1.977,1.67542372881356,2026-05-28 15:51:25.463665,4,"Monique Billings","Win",0.6519,10.4304,0.55245762711864,8.83932203389824
2026-05-28,"FanDuel","IND @ GSV","1022600055","First Basket","First Points","Player","Game","Home/Away","Favorite/Underdog",0.096,941,0.0556,1700,0.0405,0.0214,2.1432,1.81627118644068,2026-05-28 17:51:23.338572,8,"Monique Billings","Win",0.1662,2.8254,0.14084745762712,2.39440677966104
2026-05-28,"FanDuel","IND @ GSV","1022600055","First Basket Exact","First Points","Player","Exact","Home/Away","Favorite/Underdog",0.0315,3078,0.0196,5000,0.0119,0.006,0.6047,0.902537313432836,2026-05-28 14:21:24.892181,1,"Lexie Hull layup","Loss",0.6047,-0.6047,0.902537313432836,-0.902537313432836
2026-05-28,"FanDuel","IND @ GSV","1022600055","First Basket by Team","First Points","Player","Team","Home/Away","Favorite/Underdog",0.1557,542,0.1333,650,0.0223,0.0129,1.2878,0.601775700934579,2026-05-28 12:21:55.282599,1,"Kiah Stokes","Loss",1.2878,-1.2878,0.601775700934579,-0.601775700934579
2026-05-28,"FanDuel","IND @ GSV","1022600055","First Basket by Team","First Points","Player","Team","Home/Away","Favorite/Underdog",0.1634,512,0.0909,1000,0.0725,0.0399,3.9862,1.86271028037383,2026-05-28 12:21:55.282599,1,"Lexie Hull","Loss",3.9862,-3.9862,1.86271028037383,-1.86271028037383
2026-05-28,"FanDuel","IND @ GSV","1022600055","First Basket by Team","First Points","Player","Team","Home/Away","Favorite/Underdog",0.1634,512,0.0833,1100,0.0801,0.0437,4.3665,2.04042056074766,2026-05-28 14:21:24.823469,5,"Lexie Hull","Loss",0.3803,-0.3803,0.17771028037383,-0.17771028037383
2026-05-28,"FanDuel","IND @ GSV","1022600055","First Basket by Team","First Points","Player","Team","Home/Away","Favorite/Underdog",0.1634,512,0.0667,1400,0.0967,0.0518,5.1814,2.42121495327103,2026-05-28 15:21:23.613221,7,"Lexie Hull","Loss",0.8149,-0.8149,0.38079439252337,-0.38079439252337
2026-05-28,"Fanatics","IND @ GSV","1022600055","First Basket by Team","First FGM","Player","Team","Home/Away","Favorite/Underdog",0.1798,456,0.1667,500,0.0132,0.0079,0.791,0.369626168224299,2026-05-28 12:21:55.282599,1,"Monique Billings","Win",0.791,3.955,0.369626168224299,1.8481308411215
2026-05-28,"FanDuel","IND @ GSV","1022600055","First Basket by Team","First Points","Player","Team","Home/Away","Favorite/Underdog",0.1774,464,0.1538,550,0.0236,0.0139,1.3939,0.651355140186916,2026-05-28 13:21:23.551664,3,"Monique Billings","Win",0.6029,3.31595,0.281728971962617,1.54950934579439
2026-05-28,"Draft Kings","IND @ GSV","1022600055","First Basket by Team","First Points","Player","Team","Home/Away","Favorite/Underdog",0.1774,464,0.1538,550,0.026,0.0154,1.5366,0.71803738317757,2026-05-28 14:51:24.382045,6,"Monique Billings","Win",0.1427,0.78485,0.0666822429906541,0.366752336448597
2026-05-28,"FanDuel","IND @ GSV","1022600055","First Basket by Team","First Points","Player","Team","Home/Away","Favorite/Underdog",0.1774,464,0.1333,650,0.0441,0.0254,2.5443,1.18892523364486,2026-05-28 15:21:23.613221,7,"Monique Billings","Win",1.0077,6.55005,0.47088785046729,3.06077102803738
2026-05-28,"FanDuel","IND @ GSV","1022600055","First Basket by Team","First Points","Player","Team","Home/Away","Favorite/Underdog",0.1774,464,0.1053,850,0.0722,0.0403,4.0331,1.8846261682243,2026-05-28 15:51:25.59307,8,"Monique Billings","Win",1.4888,12.6548,0.69570093457944,5.91345794392524
2026-05-28,"Draft Kings","LVA @ DAL","1022600054","First Basket","First Points","Player","Game","Home/Away","Favorite/Underdog",0.0742,1247,0.0633,1480,0.0109,0.0058,0.5836,0.494576271186441,2026-05-28 21:21:23.425808,1,"Chelsea Gray","Loss",0.5836,-0.5836,0.494576271186441,-0.494576271186441
2026-05-28,"Draft Kings","LVA @ DAL","1022600054","First Basket Type","First FGM","Game","Exact","Home/Away","Favorite/Underdog",0.2403,316,0.2174,360,0.0229,0.0146,0.7311,0.571171875,2026-05-28 14:21:25.053905,1,"LVA @ DAL three point field goal","Win",0.7311,2.63196,0.571171875,2.05621875
2026-05-28,"Draft Kings","LVA @ DAL","1022600054","First Basket Type","First FGM","Game","Exact","Home/Away","Favorite/Underdog",0.2408,315,0.2174,360,0.0234,0.015,0.7487,0.584921875,2026-05-28 23:51:19.073232,20,"LVA @ DAL three point field goal","Win",0.0176000000000001,0.0633600000000002,0.01375,0.0495000000000001
2026-05-28,"Draft Kings","LVA @ DAL","1022600054","First Basket by Team","First Points","Player","Team","Home/Away","Favorite/Underdog",0.1772,464,0.1905,425,0.0118,0.0073,0.7261,0.339299065420561,2026-05-28 23:51:18.841214,1,"Arike Ogunbowale","Loss",0.7261,-0.7261,0.339299065420561,-0.339299065420561
2026-05-28,"Fanatics","LVA @ DAL","1022600054","First Basket by Team","First FGM","Player","Team","Home/Away","Favorite/Underdog",0.1547,546,0.1429,600,0.0119,0.0069,0.6936,0.32411214953271,2026-05-28 15:21:23.613221,1,"Chelsea Gray","Win",0.6936,4.1616,0.32411214953271,1.94467289719626
2026-05-28,"Fanatics","LVA @ DAL","1022600054","First Basket by Team","First FGM","Player","Team","Home/Away","Favorite/Underdog",0.1547,546,0.1333,650,0.0214,0.0124,1.2354,0.577289719626168,2026-05-28 18:21:24.493286,2,"Chelsea Gray","Win",0.5418,3.5217,0.253177570093458,1.64565420560748
2026-05-28,"FanDuel","LVA @ DAL","1022600054","First Basket by Team","First Points","Player","Team","Home/Away","Favorite/Underdog",0.122,720,0.1053,850,0.0167,0.0093,0.9342,0.436542056074766,2026-05-28 15:21:23.613221,1,"Stephanie Talbot","Loss",0.9342,-0.9342,0.436542056074766,-0.436542056074766
2026-05-28,"FanDuel","LVA @ DAL","1022600054","First Basket by Team","First Points","Player","Team","Home/Away","Favorite/Underdog",0.122,720,0.1,900,0.022,0.0122,1.2212,0.570654205607477,2026-05-28 16:51:23.43822,4,"Stephanie Talbot","Loss",0.287,-0.287,0.134112149532711,-0.134112149532711
2026-05-29,"FanDuel","ATL @ PDX","1022600059","First Basket","First Points","Player","Game","Home/Away","Favorite/Underdog",0.0933,971,0.0714,1300,0.0219,0.0118,1.1802,1.00016949152542,2026-05-29 12:21:50.895334,1,"Jordin Canada","Loss",1.1802,-1.1802,1.00016949152542,-1.00016949152542
2026-05-29,"FanDuel","ATL @ PDX","1022600059","First Basket","First Points","Player","Game","Home/Away","Favorite/Underdog",0.0932,973,0.0667,1400,0.0266,0.0142,1.4225,1.20550847457627,2026-05-29 18:51:23.705051,14,"Jordin Canada","Loss",0.2423,-0.2423,0.20533898305085,-0.20533898305085
2026-05-29,"FanDuel","ATL @ PDX","1022600059","First Basket","First Points","Player","Game","Home/Away","Favorite/Underdog",0.0899,1013,0.0714,1300,0.0184,0.0099,0.9922,0.840847457627119,2026-05-29 12:21:50.895334,1,"Naz Hillmon","Win",0.9922,12.8986,0.840847457627119,10.9310169491525
2026-05-29,"FanDuel","ATL @ PDX","1022600059","First Basket","First Points","Player","Game","Home/Away","Favorite/Underdog",0.0897,1014,0.0667,1400,0.0231,0.0124,1.2357,1.04720338983051,2026-05-29 16:51:23.284817,10,"Naz Hillmon","Win",0.2435,3.409,0.206355932203391,2.88898305084747
2026-05-29,"FanDuel","ATL @ PDX","1022600059","First Basket by Team","First Points","Player","Team","Home/Away","Favorite/Underdog",0.215,365,0.2041,390,0.0109,0.0069,0.6867,0.32088785046729,2026-05-29 19:21:22.406924,1,"Allisha Gray","Loss",0.6867,-0.6867,0.32088785046729,-0.32088785046729
2026-05-29,"FanDuel","ATL @ PDX","1022600059","First Basket by Team","First Points","Player","Team","Home/Away","Favorite/Underdog",0.215,365,0.2,400,0.015,0.0094,0.9383,0.438457943925234,2026-05-29 21:51:24.025704,6,"Allisha Gray","Loss",0.2516,-0.2516,0.117570093457944,-0.117570093457944
2026-05-29,"FanDuel","ATL @ PDX","1022600059","First Basket by Team","First Points","Player","Team","Home/Away","Favorite/Underdog",0.1679,496,0.125,700,0.0429,0.0245,2.4516,1.14560747663551,2026-05-29 12:21:51.027993,1,"Jordin Canada","Loss",2.4516,-2.4516,1.14560747663551,-1.14560747663551
2026-05-29,"FanDuel","ATL @ PDX","1022600059","First Basket by Team","First Points","Player","Team","Home/Away","Favorite/Underdog",0.1616,519,0.125,700,0.0366,0.0209,2.0928,0.977943925233645,2026-05-29 12:21:51.027993,1,"Naz Hillmon","Win",2.0928,14.6496,0.977943925233645,6.84560747663552
2026-05-29,"FanDuel","ATL @ PDX","1022600059","First Basket by Team","First Points","Player","Team","Home/Away","Favorite/Underdog",0.1962,410,0.1818,450,0.0143,0.0088,0.876,0.409345794392523,2026-05-29 12:21:51.027993,1,"Nyadiew Puoch","Loss",0.876,-0.876,0.409345794392523,-0.409345794392523
2026-05-29,"FanDuel","ATL @ PDX","1022600059","First Basket by Team","First Points","Player","Team","Home/Away","Favorite/Underdog",0.1962,410,0.1754,470,0.0207,0.0126,1.2561,0.58696261682243,2026-05-29 18:21:22.129895,13,"Nyadiew Puoch","Loss",0.3801,-0.3801,0.177616822429907,-0.177616822429907
2026-05-29,"FanDuel","LAS @ WAS","1022600057","First Basket","First Points","Player","Game","Home/Away","Favorite/Underdog",0.0876,1041,0.0667,1400,0.021,0.0112,1.123,0.951694915254237,2026-05-29 12:21:50.895334,1,"Ariel Atkins","Loss",1.123,-1.123,0.951694915254237,-0.951694915254237
2026-05-29,"FanDuel","LAS @ WAS","1022600057","First Basket","First Points","Player","Game","Home/Away","Favorite/Underdog",0.0788,1169,0.0625,1500,0.0163,0.0087,0.8699,0.737203389830508,2026-05-29 12:21:50.895334,1,"Erica Wheeler","Loss",0.8699,-0.8699,0.737203389830508,-0.737203389830508
2026-05-29,"FanDuel","LAS @ WAS","1022600057","First Basket","First Points","Player","Game","Home/Away","Favorite/Underdog",0.0695,1339,0.0588,1600,0.0107,0.0057,0.5667,0.480254237288136,2026-05-29 21:51:23.890303,1,"Georgia Amoore","Loss",0.5667,-0.5667,0.480254237288136,-0.480254237288136
2026-05-29,"Caesars","LAS @ WAS","1022600057","First Basket","First Points","Player","Game","Home/Away","Favorite/Underdog",0.0935,970,0.0833,1100,0.0101,0.0055,0.5535,0.46906779661017,2026-05-29 12:21:50.895334,1,"Rae Burrell","Loss",0.1845,-0.1845,0.15635593220339,-0.15635593220339
2026-05-29,"Draft Kings","LAS @ WAS","1022600057","First Basket","First Points","Player","Game","Home/Away","Favorite/Underdog",0.0935,970,0.0833,1100,0.0101,0.0055,0.5535,0.46906779661017,2026-05-29 12:21:50.895334,1,"Rae Burrell","Loss",0.1845,-0.1845,0.15635593220339,-0.15635593220339
2026-05-29,"FanDuel","LAS @ WAS","1022600057","First Basket","First Points","Player","Game","Home/Away","Favorite/Underdog",0.0935,970,0.0833,1100,0.0101,0.0055,0.5535,0.46906779661017,2026-05-29 12:21:50.895334,1,"Rae Burrell","Loss",0.1845,-0.1845,0.15635593220339,-0.15635593220339
2026-05-29,"FanDuel","LAS @ WAS","1022600057","First Basket","First Points","Player","Game","Home/Away","Favorite/Underdog",0.0935,970,0.0769,1200,0.0166,0.009,0.8969,0.760084745762712,2026-05-29 13:21:22.625587,3,"Rae Burrell","Loss",0.3434,-0.3434,0.291016949152542,-0.291016949152542
2026-05-29,"FanDuel","LAS @ WAS","1022600057","First Basket","First Points","Player","Game","Home/Away","Favorite/Underdog",0.0935,970,0.0714,1300,0.0221,0.0119,1.1874,1.00627118644068,2026-05-29 15:21:25.374516,7,"Rae Burrell","Loss",0.2905,-0.2905,0.246186440677968,-0.246186440677968
2026-05-29,"FanDuel","LAS @ WAS","1022600057","First Basket by Team","First Points","Player","Team","Home/Away","Favorite/Underdog",0.1786,460,0.1538,550,0.0248,0.0146,1.4632,0.683738317757009,2026-05-29 12:21:51.027993,1,"Ariel Atkins","Loss",1.4632,-1.4632,0.683738317757009,-0.683738317757009
2026-05-29,"FanDuel","LAS @ WAS","1022600057","First Basket by Team","First Points","Player","Team","Home/Away","Favorite/Underdog",0.1786,460,0.1429,600,0.0358,0.0209,2.0855,0.974532710280374,2026-05-29 13:21:22.757308,3,"Ariel Atkins","Loss",0.6223,-0.6223,0.290794392523365,-0.290794392523365
2026-05-29,"FanDuel","LAS @ WAS","1022600057","First Basket by Team","First Points","Player","Team","Home/Away","Favorite/Underdog",0.1606,523,0.1333,650,0.0273,0.0157,1.575,0.735981308411215,2026-05-29 12:21:51.027993,1,"Erica Wheeler","Win",1.575,10.2375,0.735981308411215,4.7838785046729
2026-05-29,"Fanatics","LAS @ WAS","1022600057","First Basket by Team","First FGM","Player","Team","Home/Away","Favorite/Underdog",0.1414,607,0.125,700,0.0164,0.0094,0.9376,0.438130841121495,2026-05-29 12:21:51.027993,1,"Georgia Amoore","Loss",0.9376,-0.9376,0.438130841121495,-0.438130841121495
2026-05-29,"FanDuel","LAS @ WAS","1022600057","First Basket by Team","First Points","Player","Team","Home/Away","Favorite/Underdog",0.1364,633,0.1111,800,0.0253,0.0142,1.4239,0.665373831775701,2026-05-29 18:21:22.129895,9,"Georgia Amoore","Loss",0.4863,-0.4863,0.227242990654206,-0.227242990654206
2026-05-29,"FanDuel","LAS @ WAS","1022600057","First Basket by Team","First Points","Player","Team","Home/Away","Favorite/Underdog",0.1905,425,0.1667,500,0.0239,0.0143,1.432,0.669158878504673,2026-05-29 12:21:51.027993,1,"Rae Burrell","Loss",1.432,-1.432,0.669158878504673,-0.669158878504673
2026-05-29,"FanDuel","LAS @ WAS","1022600057","First Basket by Team","First Points","Player","Team","Home/Away","Favorite/Underdog",0.1905,425,0.1538,550,0.0367,0.0217,2.1679,1.01303738317757,2026-05-29 14:51:23.344472,6,"Rae Burrell","Loss",0.7359,-0.7359,0.343878504672897,-0.343878504672897
2026-05-29,"FanDuel","MIN @ CHI","1022600058","First Basket","First Points","Player","Game","Home/Away","Favorite/Underdog",0.0973,928,0.0833,1100,0.014,0.0076,0.7626,0.646271186440678,2026-05-29 12:21:50.895334,1,"Courtney Williams","Loss",0.7626,-0.7626,0.646271186440678,-0.646271186440678
2026-05-29,"FanDuel","MIN @ CHI","1022600058","First Basket","First Points","Player","Game","Home/Away","Favorite/Underdog",0.0975,926,0.0833,1100,0.0141,0.0077,0.7713,0.65364406779661,2026-05-29 15:51:22.61383,8,"Courtney Williams","Loss",0.00870000000000004,-0.00870000000000004,0.00737288135593195,-0.00737288135593195
2026-05-29,"FanDuel","MIN @ CHI","1022600058","First Basket","First Points","Player","Game","Home/Away","Favorite/Underdog",0.0973,928,0.0769,1200,0.0204,0.011,1.1046,0.936101694915254,2026-05-29 17:51:22.654161,12,"Courtney Williams","Loss",0.3333,-0.3333,0.282457627118644,-0.282457627118644
2026-05-29,"Draft Kings","MIN @ CHI","1022600058","First Basket","First Points","Player","Game","Home/Away","Favorite/Underdog",0.0869,1051,0.0633,1480,0.0236,0.0126,1.2611,1.06872881355932,2026-05-29 12:21:50.895334,1,"Jacy Sheldon","Loss",1.2611,-1.2611,1.06872881355932,-1.06872881355932
2026-05-29,"Draft Kings","MIN @ CHI","1022600058","First Basket","First Points","Player","Game","Home/Away","Favorite/Underdog",0.0869,1051,0.0625,1500,0.0244,0.013,1.3023,1.10364406779661,2026-05-29 16:51:23.284817,10,"Jacy Sheldon","Loss",0.0411999999999999,-0.0411999999999999,0.0349152542372899,-0.0349152542372899
2026-05-29,"FanDuel","MIN @ CHI","1022600058","First Basket","First Points","Player","Game","Home/Away","Favorite/Underdog",0.0869,1051,0.0556,1700,0.0314,0.0166,1.6603,1.40703389830508,2026-05-29 18:21:21.999518,13,"Jacy Sheldon","Loss",0.358,-0.358,0.30338983050847,-0.30338983050847
2026-05-29,"Draft Kings","MIN @ CHI","1022600058","First Basket","First Points","Player","Game","Home/Away","Favorite/Underdog",0.0869,1051,0.0505,1880,0.0364,0.0192,1.9175,1.625,2026-05-29 18:51:23.705051,14,"Jacy Sheldon","Loss",0.2572,-0.2572,0.21796610169492,-0.21796610169492
2026-05-29,"BetRivers","MIN @ CHI","1022600058","First Basket","First FGM","Player","Game","Home/Away","Favorite/Underdog",0.1312,662,0.1176,750,0.0135,0.0077,0.7663,0.649406779661017,2026-05-29 12:21:50.895334,1,"Natasha Howard","Loss",0.7663,-0.7663,0.649406779661017,-0.649406779661017
2026-05-29,"FanDuel","MIN @ CHI","1022600058","First Basket","First Points","Player","Game","Home/Away","Favorite/Underdog",0.1012,888,0.0909,1000,0.0103,0.0056,0.564,0.477966101694915,2026-05-29 14:51:23.2113,1,"Olivia Miles","Loss",0.564,-0.564,0.477966101694915,-0.477966101694915
2026-05-29,"Draft Kings","MIN @ CHI","1022600058","First Basket","First Points","Player","Game","Home/Away","Favorite/Underdog",0.1125,789,0.0833,1100,0.0292,0.0159,1.5904,1.34779661016949,2026-05-29 12:21:50.895334,1,"Skylar Diggins","Win",1.5904,17.4944,1.34779661016949,14.8257627118644
2026-05-29,"Draft Kings","MIN @ CHI","1022600058","First Basket","First Points","Player","Game","Home/Away","Favorite/Underdog",0.1125,789,0.082,1120,0.0305,0.0166,1.6624,1.40881355932203,2026-05-29 17:51:22.654161,12,"Skylar Diggins","Win",0.0720000000000001,0.806400000000001,0.0610169491525399,0.683389830508446
2026-05-29,"FanDuel","MIN @ CHI","1022600058","First Basket by Team","First Points","Player","Team","Home/Away","Favorite/Underdog",0.2088,379,0.1887,430,0.0201,0.0124,1.2375,0.578271028037383,2026-05-29 12:21:51.027993,1,"Courtney Williams","Win",1.2375,5.32125,0.578271028037383,2.48656542056075
2026-05-29,"FanDuel","MIN @ CHI","1022600058","First Basket by Team","First Points","Player","Team","Home/Away","Favorite/Underdog",0.2088,379,0.1852,440,0.0236,0.0145,1.4466,0.675981308411215,2026-05-29 15:51:22.748738,8,"Courtney Williams","Win",0.2091,0.92004,0.097710280373832,0.429925233644861
2026-05-29,"FanDuel","MIN @ CHI","1022600058","First Basket by Team","First Points","Player","Team","Home/Away","Favorite/Underdog",0.2088,379,0.1818,450,0.0269,0.0165,1.6464,0.769345794392523,2026-05-29 16:51:23.419719,10,"Courtney Williams","Win",0.1998,0.8991,0.0933644859813081,0.420140186915886
2026-05-29,"FanDuel","MIN @ CHI","1022600058","First Basket by Team","First Points","Player","Team","Home/Away","Favorite/Underdog",0.1628,514,0.1176,750,0.0452,0.0256,2.5595,1.19602803738318,2026-05-29 12:21:51.027993,1,"Jacy Sheldon","Loss",2.5595,-2.5595,1.19602803738318,-1.19602803738318
2026-05-29,"Fanatics","MIN @ CHI","1022600058","First Basket by Team","First FGM","Player","Team","Home/Away","Favorite/Underdog",0.1696,490,0.1176,750,0.052,0.0295,2.9453,1.37630841121495,2026-05-29 13:21:22.757308,3,"Jacy Sheldon","Loss",0.3858,-0.3858,0.18028037383177,-0.18028037383177
2026-05-29,"FanDuel","MIN @ CHI","1022600058","First Basket by Team","First Points","Player","Team","Home/Away","Favorite/Underdog",0.1628,514,0.0909,1000,0.0719,0.0395,3.9548,1.84803738317757,2026-05-29 18:21:22.129895,13,"Jacy Sheldon","Loss",1.0095,-1.0095,0.47172897196262,-0.47172897196262
2026-05-29,"Fanatics","MIN @ CHI","1022600058","First Basket by Team","First FGM","Player","Team","Home/Away","Favorite/Underdog",0.1696,490,0.0909,1000,0.0787,0.0433,4.3293,2.02303738317757,2026-05-29 18:51:23.840261,14,"Jacy Sheldon","Loss",0.3745,-0.3745,0.175,-0.175
2026-05-29,"Fanatics","MIN @ CHI","1022600058","First Basket by Team","First FGM","Player","Team","Home/Away","Favorite/Underdog",0.1696,490,0.087,1050,0.0827,0.0453,4.527,2.11542056074766,2026-05-29 22:21:22.481492,21,"Jacy Sheldon","Loss",0.1977,-0.1977,0.0923831775700901,-0.0923831775700901
2026-05-29,"FanDuel","MIN @ CHI","1022600058","First Basket by Team","First Points","Player","Team","Home/Away","Favorite/Underdog",0.2107,375,0.1538,550,0.0569,0.0336,3.3607,1.57042056074766,2026-05-29 12:21:51.027993,1,"Skylar Diggins","Win",3.3607,18.48385,1.57042056074766,8.63731308411213
2026-05-29,"FanDuel","MIN @ CHI","1022600058","First Basket by Team","First Points","Player","Team","Home/Away","Favorite/Underdog",0.2107,375,0.1429,600,0.0679,0.0396,3.9586,1.84981308411215,2026-05-29 14:51:23.344472,6,"Skylar Diggins","Win",0.5979,3.5874,0.27939252336449,1.67635514018694
2026-05-29,"FanDuel","MIN @ CHI","1022600058","First Basket by Team","First Points","Player","Team","Home/Away","Favorite/Underdog",0.2107,375,0.1333,650,0.0774,0.0446,4.4646,2.08626168224299,2026-05-29 18:21:22.129895,13,"Skylar Diggins","Win",0.506,3.289,0.23644859813084,1.53691588785046
2026-05-29,"FanDuel","MIN @ CHI","1022600058","First Team","First Points","Team","Quarter","Home/Away","Favorite/Underdog",0.4662,115,0.4237,136,0.0424,0.0368,1.8407,1.19525974025974,2026-05-29 12:21:51.170269,1,"1Q MIN","Loss",1.8407,-1.8407,1.19525974025974,-1.19525974025974
2026-05-29,"Fanatics","PHX @ NYL","1022600056","First Basket","First FGM","Player","Game","Home/Away","Favorite/Underdog",0.0862,1060,0.0714,1300,0.0148,0.008,0.7976,0.675932203389831,2026-05-29 18:21:21.999518,1,"Monique Akoa Makani","Loss",0.7976,-0.7976,0.675932203389831,-0.675932203389831
2026-05-29,"FanDuel","PHX @ NYL","1022600056","First Basket","First Points","Player","Game","Home/Away","Favorite/Underdog",0.0735,1260,0.0625,1500,0.011,0.0059,0.5878,0.498135593220339,2026-05-29 15:21:25.374516,1,"Noemie Brochant","Loss",0.5878,-0.5878,0.498135593220339,-0.498135593220339
2026-05-29,"FanDuel","PHX @ NYL","1022600056","First Basket","First Points","Player","Game","Home/Away","Favorite/Underdog",0.0735,1260,0.0588,1600,0.0147,0.0078,0.7808,0.661694915254237,2026-05-29 15:51:22.61383,2,"Noemie Brochant","Loss",0.193,-0.193,0.163559322033898,-0.163559322033898
2026-05-29,"MGM","PHX @ NYL","1022600056","First Basket","First FGM","Player","Game","Home/Away","Favorite/Underdog",0.0755,1225,0.0588,1600,0.0167,0.0088,0.8846,0.749661016949153,2026-05-29 18:21:21.999518,7,"Noemie Brochant","Loss",0.1038,-0.1038,0.087966101694916,-0.087966101694916
2026-05-29,"FanDuel","PHX @ NYL","1022600056","First Basket","First Points","Player","Game","Home/Away","Favorite/Underdog",0.0735,1260,0.0556,1700,0.018,0.0095,0.9511,0.806016949152542,2026-05-29 19:51:22.618049,10,"Noemie Brochant","Loss",0.0664999999999999,-0.0664999999999999,0.056355932203389,-0.056355932203389
2026-05-29,"FanDuel","PHX @ NYL","1022600056","First Basket by Team","First Points","Player","Team","Home/Away","Favorite/Underdog",0.2315,332,0.2128,370,0.0188,0.0119,1.1927,0.557336448598131,2026-05-29 23:21:22.89692,1,"Jonquel Jones","Loss",1.1927,-1.1927,0.557336448598131,-0.557336448598131
2026-05-29,"FanDuel","PHX @ NYL","1022600056","First Basket by Team","First Points","Player","Team","Home/Away","Favorite/Underdog",0.1442,593,0.1333,650,0.0109,0.0063,0.6277,0.293317757009346,2026-05-29 16:51:23.419719,1,"Leonie Fiebich","Loss",0.6277,-0.6277,0.293317757009346,-0.293317757009346
2026-05-29,"Draft Kings","PHX @ NYL","1022600056","First Basket by Team","First Points","Player","Team","Home/Away","Favorite/Underdog",0.1559,542,0.1429,600,0.0156,0.0091,0.9106,0.425514018691589,2026-05-29 23:21:22.89692,4,"Leonie Fiebich","Loss",0.2829,-0.2829,0.132196261682243,-0.132196261682243
2026-05-29,"FanDuel","PHX @ NYL","1022600056","First Basket by Team","First Points","Player","Team","Home/Away","Favorite/Underdog",0.1652,505,0.1333,650,0.0319,0.0184,1.8401,0.859859813084112,2026-05-29 23:21:22.89692,1,"Marine Johannes","Win",1.8401,11.96065,0.859859813084112,5.58908878504673
2026-05-29,"Draft Kings","PHX @ NYL","1022600056","First Basket by Team","First Points","Player","Team","Home/Away","Favorite/Underdog",0.1607,522,0.1538,550,0.0188,0.0111,1.1099,0.518644859813084,2026-05-29 15:21:25.504214,1,"Monique Akoa Makani","Loss",1.1099,-1.1099,0.518644859813084,-0.518644859813084
2026-05-29,"Fanatics","PHX @ NYL","1022600056","First Basket by Team","First FGM","Player","Team","Home/Away","Favorite/Underdog",0.1726,479,0.1429,600,0.0298,0.0174,1.7367,0.811542056074766,2026-05-29 19:51:22.753283,7,"Monique Akoa Makani","Loss",0.6268,-0.6268,0.292897196261682,-0.292897196261682
2026-05-29,"FanDuel","PHX @ NYL","1022600056","First Basket by Team","First Points","Player","Team","Home/Away","Favorite/Underdog",0.1493,570,0.1333,650,0.016,0.0092,0.9218,0.430747663551402,2026-05-29 12:21:51.027993,1,"Noemie Brochant","Loss",0.9218,-0.9218,0.430747663551402,-0.430747663551402
2026-05-29,"FanDuel","PHX @ NYL","1022600056","First Basket by Team","First Points","Player","Team","Home/Away","Favorite/Underdog",0.1493,570,0.125,700,0.0243,0.0139,1.3892,0.649158878504673,2026-05-29 15:21:25.504214,3,"Noemie Brochant","Loss",0.4674,-0.4674,0.218411214953271,-0.218411214953271
2026-05-29,"Fanatics","PHX @ NYL","1022600056","First Basket by Team","First FGM","Player","Team","Home/Away","Favorite/Underdog",0.1511,562,0.125,700,0.0261,0.0149,1.4902,0.696355140186916,2026-05-29 19:51:22.753283,12,"Noemie Brochant","Loss",0.101,-0.101,0.047196261682243,-0.047196261682243
2026-05-29,"FanDuel","PHX @ NYL","1022600056","First Team","First Points","Team","Quarter","Home/Away","Favorite/Underdog",0.4924,103,0.4673,114,0.0251,0.0236,1.1784,0.765194805194805,2026-05-29 18:21:22.27276,1,"1Q PHX","Loss",1.1784,-1.1784,0.765194805194805,-0.765194805194805
2026-05-30,"FanDuel","IND @ PDX","1022600062","First Basket","First Points","Player","Game","Home/Away","Favorite/Underdog",0.0876,1042,0.0556,1700,0.032,0.0169,1.6942,1.43576271186441,2026-05-30 12:21:49.678195,1,"Lexie Hull","Loss",1.6942,-1.6942,1.43576271186441,-1.43576271186441
2026-05-30,"FanDuel","IND @ PDX","1022600062","First Basket","First Points","Player","Game","Home/Away","Favorite/Underdog",0.0876,1041,0.0556,1700,0.0321,0.017,1.699,1.43983050847458,2026-05-30 15:51:22.587919,8,"Lexie Hull","Loss",0.00480000000000014,-0.00480000000000014,0.00406779661016987,-0.00406779661016987
2026-05-30,"Draft Kings","IND @ PDX","1022600062","First Basket","First Points","Player","Game","Home/Away","Favorite/Underdog",0.0979,921,0.0694,1340,0.0285,0.0153,1.5292,1.29593220338983,2026-05-30 12:21:49.678195,1,"Monique Billings","Loss",1.5292,-1.5292,1.29593220338983,-1.29593220338983
2026-05-30,"FanDuel","IND @ PDX","1022600062","First Basket","First Points","Player","Game","Home/Away","Favorite/Underdog",0.098,920,0.0556,1700,0.0424,0.0225,2.2473,1.90449152542373,2026-05-30 22:51:21.209618,21,"Monique Billings","Loss",0.7181,-0.7181,0.6085593220339,-0.6085593220339
2026-05-30,"BetRivers","IND @ PDX","1022600062","First Basket","First FGM","Player","Game","Home/Away","Favorite/Underdog",0.0948,955,0.0833,1100,0.0115,0.0063,0.6265,0.53093220338983,2026-05-30 13:21:21.660907,1,"Nyadiew Puoch","Loss",0.6265,-0.6265,0.53093220338983,-0.53093220338983
2026-05-30,"FanDuel","IND @ PDX","1022600062","First Basket","First Points","Player","Game","Home/Away","Favorite/Underdog",0.0931,975,0.0769,1200,0.0161,0.0087,0.8743,0.740932203389831,2026-05-30 14:21:21.491492,3,"Nyadiew Puoch","Loss",0.2478,-0.2478,0.210000000000001,-0.210000000000001
2026-05-30,"FanDuel","IND @ PDX","1022600062","First Basket","First Points","Player","Game","Home/Away","Favorite/Underdog",0.0979,922,0.0769,1200,0.0209,0.0113,1.1336,0.960677966101695,2026-05-30 23:51:22.106383,22,"Nyadiew Puoch","Loss",0.2593,-0.2593,0.219745762711864,-0.219745762711864
2026-05-30,"FanDuel","IND @ PDX","1022600062","First Basket by Team","First Points","Player","Team","Home/Away","Favorite/Underdog",0.1574,535,0.0909,1000,0.0665,0.0366,3.657,1.7088785046729,2026-05-30 12:21:49.806275,1,"Lexie Hull","Loss",3.657,-3.657,1.7088785046729,-1.7088785046729
2026-05-30,"FanDuel","IND @ PDX","1022600062","First Basket by Team","First Points","Player","Team","Home/Away","Favorite/Underdog",0.176,468,0.1429,600,0.0331,0.0193,1.9333,0.903411214953271,2026-05-30 12:21:49.806275,1,"Monique Billings","Loss",1.9333,-1.9333,0.903411214953271,-0.903411214953271
2026-05-30,"Draft Kings","IND @ PDX","1022600062","First Basket by Team","First Points","Player","Team","Home/Away","Favorite/Underdog",0.176,468,0.125,700,0.0539,0.0308,3.0782,1.43841121495327,2026-05-30 15:21:21.530395,7,"Monique Billings","Loss",1.1449,-1.1449,0.534999999999999,-0.534999999999999
2026-05-30,"FanDuel","IND @ PDX","1022600062","First Basket by Team","First Points","Player","Team","Home/Away","Favorite/Underdog",0.176,468,0.0952,950,0.0808,0.0446,4.4631,2.08556074766355,2026-05-30 22:51:21.336634,22,"Monique Billings","Loss",1.3849,-1.3849,0.64714953271028,-0.64714953271028
2026-05-30,"FanDuel","IND @ PDX","1022600062","First Basket by Team","First Points","Player","Team","Home/Away","Favorite/Underdog",0.176,468,0.0909,1000,0.0851,0.0468,4.6799,2.1868691588785,2026-05-30 23:21:21.575141,23,"Monique Billings","Loss",0.2168,-0.2168,0.10130841121495,-0.10130841121495
2026-05-30,"FanDuel","IND @ PDX","1022600062","First Basket by Team","First Points","Player","Team","Home/Away","Favorite/Underdog",0.2097,377,0.1887,430,0.0211,0.013,1.2975,0.606308411214953,2026-05-30 12:21:49.806275,1,"Nyadiew Puoch","Loss",1.2975,-1.2975,0.606308411214953,-0.606308411214953
2026-05-30,"FanDuel","IND @ PDX","1022600062","First Basket by Team","First Points","Player","Team","Home/Away","Favorite/Underdog",0.2097,377,0.1786,460,0.0312,0.019,1.8968,0.886355140186916,2026-05-30 14:21:21.619535,5,"Nyadiew Puoch","Loss",0.5993,-0.5993,0.280046728971963,-0.280046728971963
2026-05-30,"FanDuel","IND @ PDX","1022600062","First Basket by Team","First Points","Player","Team","Home/Away","Favorite/Underdog",0.2097,377,0.1724,480,0.0373,0.0225,2.2547,1.05359813084112,2026-05-30 15:51:22.720096,8,"Nyadiew Puoch","Loss",0.3579,-0.3579,0.167242990654204,-0.167242990654204
2026-05-30,"FanDuel","IND @ PDX","1022600062","First Basket by Team","First Points","Player","Team","Home/Away","Favorite/Underdog",0.2121,371,0.1724,480,0.0397,0.024,2.3988,1.12093457943925,2026-05-30 23:51:22.232716,24,"Nyadiew Puoch","Loss",0.1441,-0.1441,0.06733644859813,-0.06733644859813
2026-05-30,"FanDuel","IND @ PDX","1022600062","First Team","First Points","Team","Quarter","Home/Away","Favorite/Underdog",0.4613,117,0.4444,125,0.0169,0.0152,0.7587,0.492662337662338,2026-05-30 23:51:22.358343,1,"1Q PDX","Loss",0.7587,-0.7587,0.492662337662338,-0.492662337662338
2026-05-30,"FanDuel","LAS @ CON","1022600061","First Basket","First Points","Player","Game","Home/Away","Favorite/Underdog",0.0821,1118,0.0714,1300,0.0107,0.0057,0.5736,0.486101694915254,2026-05-30 12:21:49.678195,1,"Ariel Atkins","Loss",0.5736,-0.5736,0.486101694915254,-0.486101694915254
2026-05-30,"FanDuel","LAS @ CON","1022600061","First Basket","First Points","Player","Game","Home/Away","Favorite/Underdog",0.0821,1118,0.0625,1500,0.0196,0.0104,1.0443,0.885,2026-05-30 12:51:22.915874,2,"Ariel Atkins","Loss",0.4707,-0.4707,0.398898305084746,-0.398898305084746
2026-05-30,"FanDuel","LAS @ CON","1022600061","First Basket","First Points","Player","Game","Home/Away","Favorite/Underdog",0.082,1120,0.0588,1600,0.0232,0.0123,1.23,1.04237288135593,2026-05-30 14:21:21.491492,5,"Ariel Atkins","Loss",0.1857,-0.1857,0.15737288135593,-0.15737288135593
2026-05-30,"FanDuel","LAS @ CON","1022600061","First Basket","First Points","Player","Game","Home/Away","Favorite/Underdog",0.1094,814,0.0909,1000,0.0185,0.0102,1.0183,0.862966101694915,2026-05-30 12:21:49.678195,1,"Diamond Miller","Loss",1.0183,-1.0183,0.862966101694915,-0.862966101694915
2026-05-30,"FanDuel","LAS @ CON","1022600061","First Basket","First Points","Player","Game","Home/Away","Favorite/Underdog",0.1095,813,0.0909,1000,0.0186,0.0102,1.0246,0.868305084745763,2026-05-30 13:21:21.660907,3,"Diamond Miller","Loss",0.00629999999999997,-0.00629999999999997,0.0053389830508479,-0.0053389830508479
2026-05-30,"FanDuel","LAS @ CON","1022600061","First Basket","First Points","Player","Game","Home/Away","Favorite/Underdog",0.1097,812,0.0909,1000,0.0187,0.0103,1.0309,0.87364406779661,2026-05-30 16:21:22.949355,9,"Diamond Miller","Loss",0.00629999999999997,-0.00629999999999997,0.00533898305084701,-0.00533898305084701
2026-05-30,"Draft Kings","LAS @ CON","1022600061","First Basket","First Points","Player","Game","Home/Away","Favorite/Underdog",0.1095,813,0.0893,1020,0.0203,0.0111,1.1119,0.94228813559322,2026-05-30 17:51:21.623722,12,"Diamond Miller","Loss",0.0810000000000002,-0.0810000000000002,0.06864406779661,-0.06864406779661
2026-05-30,"Draft Kings","LAS @ CON","1022600061","First Basket","First Points","Player","Game","Home/Away","Favorite/Underdog",0.1095,813,0.0862,1060,0.0233,0.0128,1.2766,1.08186440677966,2026-05-30 19:51:20.904643,16,"Diamond Miller","Loss",0.1647,-0.1647,0.13957627118644,-0.13957627118644
2026-05-30,"Draft Kings","LAS @ CON","1022600061","First Basket","First Points","Player","Game","Home/Away","Favorite/Underdog",0.1097,812,0.0862,1060,0.0234,0.0128,1.2829,1.08720338983051,2026-05-30 20:21:20.532977,17,"Diamond Miller","Loss",0.00629999999999997,-0.00629999999999997,0.00533898305085012,-0.00533898305085012
2026-05-30,"FanDuel","LAS @ CON","1022600061","First Basket","First Points","Player","Game","Home/Away","Favorite/Underdog",0.0756,1223,0.0625,1500,0.0131,0.007,0.6993,0.592627118644068,2026-05-30 12:21:49.678195,1,"Erica Wheeler","Loss",0.6993,-0.6993,0.592627118644068,-0.592627118644068
2026-05-30,"BetRivers","LAS @ CON","1022600061","First Basket","First FGM","Player","Game","Home/Away","Favorite/Underdog",0.0786,1173,0.0625,1500,0.0161,0.0086,0.8571,0.72635593220339,2026-05-30 13:21:21.660907,3,"Erica Wheeler","Loss",0.1578,-0.1578,0.133728813559322,-0.133728813559322
2026-05-30,"FanDuel","LAS @ CON","1022600061","First Basket","First Points","Player","Game","Home/Away","Favorite/Underdog",0.0755,1224,0.0588,1600,0.0167,0.0089,0.8869,0.751610169491525,2026-05-30 14:21:21.491492,5,"Erica Wheeler","Loss",0.0298,-0.0298,0.025254237288135,-0.025254237288135
2026-05-30,"FanDuel","LAS @ CON","1022600061","First Basket","First Points","Player","Game","Home/Away","Favorite/Underdog",0.085,1076,0.0714,1300,0.0136,0.0073,0.7321,0.620423728813559,2026-05-30 12:21:49.678195,1,"Rae Burrell","Win",0.7321,9.5173,0.620423728813559,8.06550847457627
2026-05-30,"FanDuel","LAS @ CON","1022600061","First Basket by Team","First Points","Player","Team","Home/Away","Favorite/Underdog",0.1803,455,0.1538,550,0.0264,0.0156,1.5611,0.729485981308411,2026-05-30 12:21:49.806275,1,"Ariel Atkins","Loss",1.5611,-1.5611,0.729485981308411,-0.729485981308411
2026-05-30,"FanDuel","LAS @ CON","1022600061","First Basket by Team","First Points","Player","Team","Home/Away","Favorite/Underdog",0.1803,455,0.1429,600,0.0374,0.0218,2.1821,1.01967289719626,2026-05-30 12:51:23.044203,2,"Ariel Atkins","Loss",0.621,-0.621,0.290186915887849,-0.290186915887849
2026-05-30,"FanDuel","LAS @ CON","1022600061","First Basket by Team","First Points","Player","Team","Home/Away","Favorite/Underdog",0.2009,398,0.1667,500,0.0342,0.0205,2.054,0.959813084112149,2026-05-30 12:21:49.806275,1,"Diamond Miller","Loss",2.054,-2.054,0.959813084112149,-0.959813084112149
2026-05-30,"FanDuel","LAS @ CON","1022600061","First Basket by Team","First Points","Player","Team","Home/Away","Favorite/Underdog",0.2009,398,0.1538,550,0.0471,0.0278,2.7804,1.2992523364486,2026-05-30 13:51:21.570395,4,"Diamond Miller","Loss",0.7264,-0.7264,0.339439252336451,-0.339439252336451
2026-05-30,"FanDuel","LAS @ CON","1022600061","First Basket by Team","First Points","Player","Team","Home/Away","Favorite/Underdog",0.1661,502,0.1333,650,0.0327,0.0189,1.8881,0.882289719626168,2026-05-30 12:21:49.806275,1,"Erica Wheeler","Loss",1.8881,-1.8881,0.882289719626168,-0.882289719626168
2026-05-30,"FanDuel","LAS @ CON","1022600061","First Basket by Team","First Points","Player","Team","Home/Away","Favorite/Underdog",0.1867,436,0.1667,500,0.0201,0.012,1.2038,0.562523364485981,2026-05-30 12:21:49.806275,1,"Rae Burrell","Win",1.2038,6.019,0.562523364485981,2.8126168224299
2026-05-30,"Draft Kings","LAS @ CON","1022600061","First Basket by Team","First Points","Player","Team","Home/Away","Favorite/Underdog",0.1541,549,0.1429,600,0.0198,0.0115,1.1534,0.538971962616822,2026-05-30 21:51:22.047451,1,"Saniya Rivers","Loss",1.1534,-1.1534,0.538971962616822,-0.538971962616822
2026-05-30,"FanDuel","LAS @ CON","1022600061","First Team","First Points","Team","Quarter","Home/Away","Favorite/Underdog",0.4553,120,0.4444,125,0.0109,0.0098,0.49,0.318181818181818,2026-05-30 12:51:23.17403,1,"1Q LAS","Win",0.49,0.6125,0.318181818181818,0.397727272727272
2026-05-30,"FanDuel","LAS @ CON","1022600061","First Team","First Points","Team","Quarter","Home/Away","Favorite/Underdog",0.4542,120,0.4425,126,0.0117,0.0105,0.5251,0.340974025974026,2026-05-30 15:21:21.664046,6,"1Q LAS","Win",0.0351,0.044226,0.022792207792208,0.028718181818182
2026-05-30,"FanDuel","LAS @ CON","1022600061","First Team","First Points","Team","Quarter","Home/Away","Favorite/Underdog",0.4548,120,0.4425,126,0.0123,0.011,0.5508,0.357662337662338,2026-05-30 17:51:21.881842,11,"1Q LAS","Win",0.0256999999999999,0.0323819999999999,0.016688311688312,0.0210272727272732
2026-05-30,"FanDuel","LAS @ CON","1022600061","First Team","First Points","Team","Quarter","Home/Away","Favorite/Underdog",0.4548,120,0.4425,126,0.0124,0.0111,0.5544,0.36,2026-05-30 21:51:22.177312,19,"1Q LAS","Win",0.00360000000000005,0.00453600000000006,0.00233766233766197,0.00294545454545408
2026-05-30,"Fanatics","SEA @ TOR","1022600060","First Basket","First FGM","Player","Game","Home/Away","Favorite/Underdog",0.0957,944,0.0714,1300,0.0243,0.0131,1.3095,1.10974576271186,2026-05-30 12:21:49.678195,1,"Jordan Horston","Loss",1.3095,-1.3095,1.10974576271186,-1.10974576271186
2026-05-30,"BetRivers","SEA @ TOR","1022600060","First Basket","First FGM","Player","Game","Home/Away","Favorite/Underdog",0.0957,944,0.0667,1400,0.0291,0.0156,1.558,1.32033898305085,2026-05-30 13:21:21.660907,3,"Jordan Horston","Loss",0.2485,-0.2485,0.21059322033899,-0.21059322033899
2026-05-30,"Draft Kings","SEA @ TOR","1022600060","First Basket","First Points","Player","Game","Home/Away","Favorite/Underdog",0.1069,835,0.0909,1000,0.016,0.0088,0.8797,0.745508474576271,2026-05-30 12:21:49.678195,1,"Laura Juskaite","Loss",0.43985,-0.43985,0.372754237288136,-0.372754237288136
2026-05-30,"FanDuel","SEA @ TOR","1022600060","First Basket","First Points","Player","Game","Home/Away","Favorite/Underdog",0.1069,835,0.0909,1000,0.016,0.0088,0.8797,0.745508474576271,2026-05-30 12:21:49.678195,1,"Laura Juskaite","Loss",0.43985,-0.43985,0.372754237288136,-0.372754237288136
2026-05-30,"Draft Kings","SEA @ TOR","1022600060","First Basket","First Points","Player","Game","Home/Away","Favorite/Underdog",0.107,834,0.0909,1000,0.0161,0.0089,0.886,0.750847457627119,2026-05-30 13:51:21.442188,4,"Laura Juskaite","Loss",0.00314999999999999,-0.00314999999999999,0.00266949152542401,-0.00266949152542401
2026-05-30,"FanDuel","SEA @ TOR","1022600060","First Basket","First Points","Player","Game","Home/Away","Favorite/Underdog",0.107,834,0.0909,1000,0.0161,0.0089,0.886,0.750847457627119,2026-05-30 13:51:21.442188,4,"Laura Juskaite","Loss",0.00314999999999999,-0.00314999999999999,0.00266949152542401,-0.00266949152542401
2026-05-30,"FanDuel","SEA @ TOR","1022600060","First Basket","First Points","Player","Game","Home/Away","Favorite/Underdog",0.1069,835,0.0833,1100,0.0236,0.0129,1.2856,1.08949152542373,2026-05-30 14:51:21.075134,6,"Laura Juskaite","Loss",0.3996,-0.3996,0.338644067796611,-0.338644067796611
2026-05-30,"FanDuel","SEA @ TOR","1022600060","First Basket","First Points","Player","Game","Home/Away","Favorite/Underdog",0.1085,822,0.0833,1100,0.0251,0.0137,1.3712,1.16203389830508,2026-05-30 12:21:49.678195,1,"Nyara Sabally","Loss",1.3712,-1.3712,1.16203389830508,-1.16203389830508
2026-05-30,"FanDuel","SEA @ TOR","1022600060","First Basket Exact","First Points","Player","Exact","Home/Away","Favorite/Underdog",0.0374,2573,0.0244,4000,0.013,0.0067,0.6675,0.996268656716418,2026-05-30 12:21:49.87674,1,"Marina Mabrey layup","Loss",0.6675,-0.6675,0.996268656716418,-0.996268656716418
2026-05-30,"Fanatics","SEA @ TOR","1022600060","First Basket by Team","First FGM","Player","Team","Home/Away","Favorite/Underdog",0.2012,397,0.125,700,0.0762,0.0436,4.3555,2.03528037383178,2026-05-30 12:21:49.806275,1,"Jordan Horston","Loss",4.3555,-4.3555,2.03528037383178,-2.03528037383178
2026-05-30,"Draft Kings","SEA @ TOR","1022600060","First Basket by Team","First Points","Player","Team","Home/Away","Favorite/Underdog",0.1913,423,0.1176,750,0.0836,0.0474,4.7359,2.21303738317757,2026-05-30 14:51:21.20421,6,"Jordan Horston","Loss",0.3804,-0.3804,0.17775700934579,-0.17775700934579
2026-05-30,"Draft Kings","SEA @ TOR","1022600060","First Basket by Team","First Points","Player","Team","Home/Away","Favorite/Underdog",0.1996,401,0.1739,475,0.0207,0.0125,1.2547,0.586308411214953,2026-05-30 14:51:21.20421,1,"Laura Juskaite","Loss",1.2547,-1.2547,0.586308411214953,-0.586308411214953
2026-05-30,"FanDuel","SEA @ TOR","1022600060","First Basket by Team","First Points","Player","Team","Home/Away","Favorite/Underdog",0.2026,394,0.1852,440,0.0174,0.0107,1.0662,0.498224299065421,2026-05-30 12:21:49.806275,1,"Nyara Sabally","Loss",1.0662,-1.0662,0.498224299065421,-0.498224299065421
2026-05-30,"FanDuel","SEA @ TOR","1022600060","First Team","First Points","Team","Quarter","Home/Away","Favorite/Underdog",0.5355,-115,0.4673,114,0.0682,0.064,3.2013,2.07876623376623,2026-05-30 12:21:49.928362,1,"1Q TOR","Loss",3.2013,-3.2013,2.07876623376623,-2.07876623376623
2026-05-30,"FanDuel","SEA @ TOR","1022600060","First Team","First Points","Team","Quarter","Home/Away","Favorite/Underdog",0.5361,-116,0.4673,114,0.0688,0.0646,3.2283,2.0962987012987,2026-05-30 13:51:21.700916,4,"1Q TOR","Loss",0.0270000000000001,-0.0270000000000001,0.0175324675324702,-0.0175324675324702
2026-05-31,"Draft Kings","LVA @ GSV","1022600063","First Basket","First Points","Player","Game","Home/Away","Favorite/Underdog",0.0758,1220,0.0633,1480,0.0125,0.0067,0.6668,0.565084745762712,2026-05-31 14:51:20.960386,1,"Chelsea Gray","Loss",0.6668,-0.6668,0.565084745762712,-0.565084745762712
2026-05-31,"Draft Kings","LVA @ GSV","1022600063","First Basket","First Points","Player","Game","Home/Away","Favorite/Underdog",0.0758,1219,0.0633,1480,0.0125,0.0067,0.6686,0.566610169491525,2026-05-31 15:51:16.566436,3,"Chelsea Gray","Loss",0.00180000000000002,-0.00180000000000002,0.00152542372881304,-0.00152542372881304
2026-05-31,"Fanatics","LVA @ GSV","1022600063","First Basket","First FGM","Player","Game","Home/Away","Favorite/Underdog",0.0769,1201,0.0625,1500,0.0144,0.0077,0.766,0.649152542372881,2026-05-31 16:51:16.326299,5,"Chelsea Gray","Loss",0.0974,-0.0974,0.082542372881356,-0.082542372881356
2026-05-31,"BetRivers","LVA @ GSV","1022600063","First Basket","First FGM","Player","Game","Home/Away","Favorite/Underdog",0.0769,1201,0.0667,1400,0.0102,0.0055,0.5459,0.462627118644068,2026-05-31 12:21:50.273086,1,"Kiah Stokes","Loss",0.5459,-0.5459,0.462627118644068,-0.462627118644068
2026-05-31,"FanDuel","LVA @ GSV","1022600063","First Basket","First Points","Player","Game","Home/Away","Favorite/Underdog",0.0773,1194,0.0667,1400,0.0106,0.0057,0.5678,0.481186440677966,2026-05-31 15:51:16.566436,8,"Kiah Stokes","Loss",0.0218999999999999,-0.0218999999999999,0.018559322033898,-0.018559322033898
2026-05-31,"FanDuel","LVA @ GSV","1022600063","First Basket by Team","First Points","Player","Team","Home/Away","Favorite/Underdog",0.1533,552,0.1333,650,0.02,0.0115,1.1535,0.539018691588785,2026-05-31 12:21:50.397053,1,"Chelsea Gray","Loss",1.1535,-1.1535,0.539018691588785,-0.539018691588785
2026-05-31,"FanDuel","LVA @ GSV","1022600063","First Basket by Team","First Points","Player","Team","Home/Away","Favorite/Underdog",0.1533,552,0.125,700,0.0283,0.0162,1.6187,0.756401869158879,2026-05-31 14:21:16.940932,5,"Chelsea Gray","Loss",0.4652,-0.4652,0.217383177570094,-0.217383177570094
2026-05-31,"Fanatics","LVA @ GSV","1022600063","First Basket by Team","First FGM","Player","Team","Home/Away","Favorite/Underdog",0.1534,552,0.125,700,0.0284,0.0162,1.6209,0.757429906542056,2026-05-31 15:51:16.686294,8,"Chelsea Gray","Loss",0.00219999999999998,-0.00219999999999998,0.00102803738317703,-0.00102803738317703
2026-05-31,"Fanatics","LVA @ GSV","1022600063","First Basket by Team","First FGM","Player","Team","Home/Away","Favorite/Underdog",0.1541,549,0.1429,600,0.0112,0.0065,0.6544,0.305794392523364,2026-05-31 12:21:50.397053,1,"Kiah Stokes","Loss",0.6544,-0.6544,0.305794392523364,-0.305794392523364
2026-05-31,"FanDuel","LVA @ GSV","1022600063","First Basket by Team","First Points","Player","Team","Home/Away","Favorite/Underdog",0.1528,554,0.1333,650,0.0195,0.0113,1.1256,0.525981308411215,2026-05-31 14:21:16.940932,5,"Kiah Stokes","Loss",0.4712,-0.4712,0.220186915887851,-0.220186915887851
2026-05-31,"FanDuel","LVA @ GSV","1022600063","First Basket by Team","First Points","Player","Team","Home/Away","Favorite/Underdog",0.1269,688,0.1111,800,0.0158,0.0089,0.8884,0.415140186915888,2026-05-31 17:51:19.023737,1,"Stephanie Talbot","Loss",0.8884,-0.8884,0.415140186915888,-0.415140186915888
2026-05-31,"Draft Kings","LVA @ GSV","1022600063","First Team","First FGM","Team","Quarter","Home/Away","Favorite/Underdog",0.4988,100,0.4878,105,0.011,0.0108,0.538,0.349350649350649,2026-05-31 13:51:16.931234,1,"1Q GSV","Loss",0.538,-0.538,0.349350649350649,-0.349350649350649
2026-05-31,"Draft Kings","LVA @ GSV","1022600063","First Team","First FGM","Team","Quarter","Home/Away","Favorite/Underdog",0.4989,100,0.4878,105,0.0111,0.0108,0.541,0.351298701298701,2026-05-31 19:21:16.238096,12,"1Q GSV","Loss",0.003,-0.003,0.00194805194805198,-0.00194805194805198
2026-06-01,"FanDuel","MIN @ PHX","1022600065","First Basket","First Points","Player","Game","Home/Away","Favorite/Underdog",0.091,998,0.0714,1300,0.0196,0.0106,1.0564,0.895254237288136,2026-06-01 14:11:19.844358,1,"Monique Akoa Makani","Loss",1.0564,-1.0564,0.895254237288136,-0.895254237288136
2026-06-01,"FanDuel","MIN @ PHX","1022600065","First Basket","First Points","Player","Game","Home/Away","Favorite/Underdog",0.0912,997,0.0714,1300,0.0197,0.0106,1.0621,0.900084745762712,2026-06-01 17:58:49.450706,8,"Monique Akoa Makani","Loss",0.00570000000000004,-0.00570000000000004,0.004830508474576,-0.004830508474576
2026-06-01,"MGM","MIN @ PHX","1022600065","First Basket","First FGM","Player","Game","Home/Away","Favorite/Underdog",0.0914,995,0.0714,1300,0.0199,0.0107,1.0727,0.90906779661017,2026-06-01 19:29:44.434429,11,"Monique Akoa Makani","Loss",0.0105999999999999,-0.0105999999999999,0.00898305084745799,-0.00898305084745799
2026-06-01,"Draft Kings","MIN @ PHX","1022600065","First Basket","First Points","Player","Game","Home/Away","Favorite/Underdog",0.0912,997,0.0633,1480,0.0279,0.0149,1.4872,1.26033898305085,2026-06-02 00:21:22.166496,21,"Monique Akoa Makani","Loss",0.4145,-0.4145,0.35127118644068,-0.35127118644068
2026-06-01,"Draft Kings","MIN @ PHX","1022600065","First Basket","First Points","Player","Game","Home/Away","Favorite/Underdog",0.0782,1179,0.0676,1380,0.0106,0.0057,0.57,0.483050847457627,2026-06-01 14:11:19.844358,1,"Noemie Brochant","Loss",0.57,-0.57,0.483050847457627,-0.483050847457627
2026-06-01,"Draft Kings","MIN @ PHX","1022600065","First Basket","First Points","Player","Game","Home/Away","Favorite/Underdog",0.0782,1179,0.0667,1400,0.0115,0.0062,0.6177,0.523474576271187,2026-06-01 15:00:58.480502,2,"Noemie Brochant","Loss",0.0477000000000001,-0.0477000000000001,0.04042372881356,-0.04042372881356
2026-06-01,"FanDuel","MIN @ PHX","1022600065","First Basket","First Points","Player","Game","Home/Away","Favorite/Underdog",0.0782,1179,0.0625,1500,0.0157,0.0084,0.8372,0.709491525423729,2026-06-01 17:29:38.253486,7,"Noemie Brochant","Loss",0.2195,-0.2195,0.186016949152542,-0.186016949152542
2026-06-01,"FanDuel","MIN @ PHX","1022600065","First Basket","First Points","Player","Game","Home/Away","Favorite/Underdog",0.0783,1177,0.0625,1500,0.0158,0.0084,0.8421,0.71364406779661,2026-06-01 23:21:22.967314,19,"Noemie Brochant","Loss",0.0048999999999999,-0.0048999999999999,0.0041525423728811,-0.0041525423728811
2026-06-01,"Fanatics","MIN @ PHX","1022600065","First Basket","First FGM","Player","Game","Home/Away","Favorite/Underdog",0.081,1135,0.0625,1500,0.0185,0.0099,0.9851,0.834830508474576,2026-06-02 00:21:22.166496,21,"Noemie Brochant","Loss",0.143,-0.143,0.121186440677966,-0.121186440677966
2026-06-01,"FanDuel","MIN @ PHX","1022600065","First Basket by Team","First Points","Player","Team","Home/Away","Favorite/Underdog",0.2058,386,0.1923,420,0.0135,0.0083,0.835,0.39018691588785,2026-06-01 14:11:19.917855,1,"Courtney Williams","Win",0.835,3.507,0.39018691588785,1.63878504672897
2026-06-01,"FanDuel","MIN @ PHX","1022600065","First Basket by Team","First Points","Player","Team","Home/Away","Favorite/Underdog",0.2058,386,0.1852,440,0.0206,0.0126,1.2647,0.590981308411215,2026-06-01 16:59:14.950592,2,"Courtney Williams","Win",0.4297,1.89068,0.200794392523365,0.883495327102806
2026-06-01,"FanDuel","MIN @ PHX","1022600065","First Basket by Team","First Points","Player","Team","Home/Away","Favorite/Underdog",0.1713,484,0.1333,650,0.038,0.0219,2.1925,1.02453271028037,2026-06-01 14:11:19.917855,1,"Monique Akoa Makani","Loss",2.1925,-2.1925,1.02453271028037,-1.02453271028037
2026-06-01,"Fanatics","MIN @ PHX","1022600065","First Basket by Team","First FGM","Player","Team","Home/Away","Favorite/Underdog",0.1745,473,0.125,700,0.0495,0.0283,2.828,1.3214953271028,2026-06-02 00:51:22.03282,22,"Monique Akoa Makani","Loss",0.6355,-0.6355,0.29696261682243,-0.29696261682243
2026-06-01,"FanDuel","MIN @ PHX","1022600065","First Basket by Team","First Points","Player","Team","Home/Away","Favorite/Underdog",0.1472,580,0.1333,650,0.0138,0.008,0.7974,0.372616822429907,2026-06-01 14:11:19.917855,1,"Noemie Brochant","Loss",0.7974,-0.7974,0.372616822429907,-0.372616822429907
2026-06-01,"FanDuel","MIN @ PHX","1022600065","First Basket by Team","First Points","Player","Team","Home/Away","Favorite/Underdog",0.1472,580,0.125,700,0.0222,0.0127,1.266,0.591588785046729,2026-06-01 15:00:58.547044,2,"Noemie Brochant","Loss",0.4686,-0.4686,0.218971962616822,-0.218971962616822
2026-06-01,"Fanatics","MIN @ PHX","1022600065","First Basket by Team","First FGM","Player","Team","Home/Away","Favorite/Underdog",0.1547,547,0.125,700,0.0297,0.017,1.695,0.792056074766355,2026-06-01 17:58:49.512865,8,"Noemie Brochant","Loss",0.429,-0.429,0.200467289719626,-0.200467289719626
2026-06-01,"Fanatics","MIN @ PHX","1022600065","First Basket by Team","First FGM","Player","Team","Home/Away","Favorite/Underdog",0.1547,547,0.1176,750,0.037,0.021,2.0976,0.98018691588785,2026-06-01 18:29:02.226965,9,"Noemie Brochant","Loss",0.4026,-0.4026,0.188130841121495,-0.188130841121495
2026-06-01,"Fanatics","MIN @ PHX","1022600065","First Basket by Team","First FGM","Player","Team","Home/Away","Favorite/Underdog",0.1547,547,0.1111,800,0.0436,0.0245,2.4498,1.14476635514019,2026-06-02 00:21:22.290021,21,"Noemie Brochant","Loss",0.3522,-0.3522,0.16457943925234,-0.16457943925234
2026-06-01,"FanDuel","SEA @ DAL","1022600064","First Basket","First Points","Player","Game","Home/Away","Favorite/Underdog",0.1183,746,0.0952,950,0.023,0.0127,1.272,1.07796610169492,2026-06-01 14:11:19.844358,1,"Jade Melbourne","Loss",1.272,-1.272,1.07796610169492,-1.07796610169492
2026-06-01,"BetRivers","SEA @ DAL","1022600064","First Basket","First FGM","Player","Game","Home/Away","Favorite/Underdog",0.1032,869,0.0769,1200,0.0263,0.0143,1.4253,1.2078813559322,2026-06-01 14:11:19.844358,1,"Jordan Horston","Loss",1.4253,-1.4253,1.2078813559322,-1.2078813559322
2026-06-01,"FanDuel","SEA @ DAL","1022600064","First Basket by Team","First Points","Player","Team","Home/Away","Favorite/Underdog",0.2409,315,0.2,400,0.0409,0.0255,2.5546,1.19373831775701,2026-06-01 14:11:19.917855,1,"Jade Melbourne","Loss",2.5546,-2.5546,1.19373831775701,-1.19373831775701
2026-06-01,"FanDuel","SEA @ DAL","1022600064","First Basket by Team","First Points","Player","Team","Home/Away","Favorite/Underdog",0.2409,315,0.1923,420,0.0486,0.0301,3.0065,1.40490654205607,2026-06-01 15:00:58.547044,2,"Jade Melbourne","Loss",0.4519,-0.4519,0.21116822429906,-0.21116822429906
2026-06-01,"Draft Kings","SEA @ DAL","1022600064","First Basket by Team","First Points","Player","Team","Home/Away","Favorite/Underdog",0.1986,403,0.1667,500,0.0417,0.025,2.5014,1.1688785046729,2026-06-01 14:11:19.917855,1,"Jordan Horston","Loss",2.5014,-2.5014,1.1688785046729,-1.1688785046729
2026-06-01,"FanDuel","SEA @ DAL","1022600064","First Basket by Team","First Points","Player","Team","Home/Away","Favorite/Underdog",0.1986,403,0.1538,550,0.0448,0.0265,2.6452,1.23607476635514,2026-06-01 16:28:55.972726,5,"Jordan Horston","Loss",0.1438,-0.1438,0.0671962616822399,-0.0671962616822399
2026-06-01,"FanDuel","SEA @ DAL","1022600064","First Basket by Team","First Points","Player","Team","Home/Away","Favorite/Underdog",0.1986,403,0.1429,600,0.0558,0.0325,3.2523,1.51976635514019,2026-06-01 16:59:14.950592,6,"Jordan Horston","Loss",0.6071,-0.6071,0.28369158878505,-0.28369158878505
2026-06-02,"Draft Kings","CHI @ WAS","1022600067","First Basket","First Points","Player","Game","Home/Away","Favorite/Underdog",0.0804,1144,0.061,1540,0.0194,0.0103,1.0332,0.875593220338983,2026-06-02 12:21:53.602541,1,"Georgia Amoore","Loss",1.0332,-1.0332,0.875593220338983,-0.875593220338983
2026-06-02,"FanDuel","CHI @ WAS","1022600067","First Basket","First Points","Player","Game","Home/Away","Favorite/Underdog",0.0854,1071,0.0667,1400,0.0188,0.01,1.0049,0.851610169491525,2026-06-02 12:21:53.602541,1,"Jacy Sheldon","Loss",1.0049,-1.0049,0.851610169491525,-0.851610169491525
2026-06-02,"FanDuel","CHI @ WAS","1022600067","First Basket","First Points","Player","Game","Home/Away","Favorite/Underdog",0.0854,1071,0.0625,1500,0.0229,0.0122,1.2227,1.03618644067797,2026-06-02 12:51:22.765781,2,"Jacy Sheldon","Loss",0.2178,-0.2178,0.184576271186445,-0.184576271186445
2026-06-02,"FanDuel","CHI @ WAS","1022600067","First Basket","First Points","Player","Game","Home/Away","Favorite/Underdog",0.0856,1068,0.0588,1600,0.0268,0.0143,1.4251,1.20771186440678,2026-06-02 13:51:23.607052,4,"Jacy Sheldon","Loss",0.2024,-0.2024,0.17152542372881,-0.17152542372881
2026-06-02,"BetRivers","CHI @ WAS","1022600067","First Basket","First FGM","Player","Game","Home/Away","Favorite/Underdog",0.1457,586,0.125,700,0.0207,0.0118,1.1847,1.00398305084746,2026-06-02 12:21:53.602541,1,"Kiki Iriafen","Loss",1.1847,-1.1847,1.00398305084746,-1.00398305084746
2026-06-02,"Fanatics","CHI @ WAS","1022600067","First Basket","First FGM","Player","Game","Home/Away","Favorite/Underdog",0.1005,895,0.0833,1100,0.0171,0.0094,0.9354,0.79271186440678,2026-06-02 12:21:53.602541,1,"Michaela Onyenwere","Loss",0.9354,-0.9354,0.79271186440678,-0.79271186440678
2026-06-02,"FanDuel","CHI @ WAS","1022600067","First Basket","First Points","Player","Game","Home/Away","Favorite/Underdog",0.1123,790,0.1,900,0.0123,0.0068,0.6847,0.580254237288136,2026-06-02 17:22:18.424323,1,"Skylar Diggins","Loss",0.6847,-0.6847,0.580254237288136,-0.580254237288136
2026-06-02,"Fanatics","CHI @ WAS","1022600067","First Basket by Team","First FGM","Player","Team","Home/Away","Favorite/Underdog",0.1664,501,0.1333,650,0.033,0.0191,1.9057,0.890514018691589,2026-06-02 12:21:53.733704,1,"Georgia Amoore","Loss",1.9057,-1.9057,0.890514018691589,-0.890514018691589
2026-06-02,"FanDuel","CHI @ WAS","1022600067","First Basket by Team","First Points","Player","Team","Home/Away","Favorite/Underdog",0.1616,519,0.1176,750,0.044,0.0249,2.4913,1.16415887850467,2026-06-02 12:21:53.733704,1,"Jacy Sheldon","Loss",2.4913,-2.4913,1.16415887850467,-1.16415887850467
2026-06-02,"FanDuel","CHI @ WAS","1022600067","First Basket by Team","First Points","Player","Team","Home/Away","Favorite/Underdog",0.1616,519,0.1111,800,0.0505,0.0284,2.8406,1.32738317757009,2026-06-02 13:51:23.739054,4,"Jacy Sheldon","Loss",0.3493,-0.3493,0.16322429906542,-0.16322429906542
2026-06-02,"FanDuel","CHI @ WAS","1022600067","First Basket by Team","First Points","Player","Team","Home/Away","Favorite/Underdog",0.3054,227,0.2703,270,0.0351,0.024,2.4048,1.12373831775701,2026-06-02 12:21:53.733704,1,"Kiki Iriafen","Loss",2.4048,-2.4048,1.12373831775701,-1.12373831775701
2026-06-02,"Draft Kings","CHI @ WAS","1022600067","First Basket by Team","First Points","Player","Team","Home/Away","Favorite/Underdog",0.2668,275,0.2128,370,0.0444,0.0282,2.8193,1.31742990654206,2026-06-02 16:21:52.127925,2,"Kiki Iriafen","Loss",0.4145,-0.4145,0.19369158878505,-0.19369158878505
2026-06-02,"FanDuel","CHI @ WAS","1022600067","First Basket by Team","First Points","Player","Team","Home/Away","Favorite/Underdog",0.2071,383,0.1667,500,0.0405,0.0243,2.4288,1.13495327102804,2026-06-02 12:21:53.733704,1,"Michaela Onyenwere","Loss",2.4288,-2.4288,1.13495327102804,-1.13495327102804
2026-06-02,"FanDuel","CHI @ WAS","1022600067","First Basket by Team","First Points","Player","Team","Home/Away","Favorite/Underdog",0.1789,459,0.1667,500,0.0122,0.0073,0.7334,0.342710280373832,2026-06-02 12:21:53.733704,1,"Natasha Cloud","Loss",0.7334,-0.7334,0.342710280373832,-0.342710280373832
2026-06-02,"FanDuel","CHI @ WAS","1022600067","First Basket by Team","First Points","Player","Team","Home/Away","Favorite/Underdog",0.2121,371,0.1923,420,0.0198,0.0122,1.2247,0.572289719626168,2026-06-02 12:21:53.733704,1,"Skylar Diggins","Loss",1.2247,-1.2247,0.572289719626168,-0.572289719626168
2026-06-02,"FanDuel","CHI @ WAS","1022600067","First Basket by Team","First Points","Player","Team","Home/Away","Favorite/Underdog",0.2121,371,0.1818,450,0.0303,0.0185,1.85,0.864485981308411,2026-06-02 15:22:59.579292,6,"Skylar Diggins","Loss",0.6253,-0.6253,0.292196261682243,-0.292196261682243
2026-06-02,"FanDuel","CON @ ATL","1022600066","First Basket","First Points","Player","Game","Home/Away","Favorite/Underdog",0.0758,1220,0.0625,1500,0.0133,0.0071,0.7076,0.599661016949153,2026-06-02 14:21:22.959573,1,"Jordin Canada","Loss",0.7076,-0.7076,0.599661016949153,-0.599661016949153
2026-06-02,"FanDuel","CON @ ATL","1022600066","First Basket","First Points","Player","Game","Home/Away","Favorite/Underdog",0.1044,857,0.0909,1000,0.0135,0.0074,0.7443,0.630762711864407,2026-06-02 12:21:53.602541,1,"Leila Lacan","Loss",0.7443,-0.7443,0.630762711864407,-0.630762711864407
2026-06-02,"FanDuel","CON @ ATL","1022600066","First Basket","First Points","Player","Game","Home/Away","Favorite/Underdog",0.0773,1194,0.0667,1400,0.0106,0.0057,0.5689,0.482118644067797,2026-06-02 12:21:53.602541,1,"Saniya Rivers","Loss",0.5689,-0.5689,0.482118644067797,-0.482118644067797
2026-06-02,"FanDuel","CON @ ATL","1022600066","First Basket","First Points","Player","Game","Home/Away","Favorite/Underdog",0.0773,1194,0.0625,1500,0.0148,0.0079,0.7886,0.668305084745763,2026-06-02 13:51:23.607052,4,"Saniya Rivers","Loss",0.2197,-0.2197,0.186186440677966,-0.186186440677966
2026-06-02,"FanDuel","CON @ ATL","1022600066","First Basket by Team","First Points","Player","Team","Home/Away","Favorite/Underdog",0.1766,466,0.1667,500,0.01,0.006,0.5988,0.27981308411215,2026-06-02 12:21:53.733704,1,"Diamond Miller","Loss",0.5988,-0.5988,0.27981308411215,-0.27981308411215
2026-06-02,"FanDuel","CON @ ATL","1022600066","First Basket by Team","First Points","Player","Team","Home/Away","Favorite/Underdog",0.1629,514,0.1333,650,0.0295,0.017,1.703,0.795794392523364,2026-06-02 12:21:53.733704,1,"Jordin Canada","Loss",1.703,-1.703,0.795794392523364,-0.795794392523364
2026-06-02,"FanDuel","CON @ ATL","1022600066","First Basket by Team","First Points","Player","Team","Home/Away","Favorite/Underdog",0.1953,412,0.1538,550,0.0415,0.0245,2.4502,1.14495327102804,2026-06-02 12:21:53.733704,1,"Leila Lacan","Loss",2.4502,-2.4502,1.14495327102804,-1.14495327102804
2026-06-02,"FanDuel","CON @ ATL","1022600066","First Basket by Team","First Points","Player","Team","Home/Away","Favorite/Underdog",0.1609,521,0.1429,600,0.0181,0.0106,1.0554,0.493177570093458,2026-06-02 13:51:23.739054,1,"Naz Hillmon","Loss",1.0554,-1.0554,0.493177570093458,-0.493177570093458
2026-06-02,"FanDuel","CON @ ATL","1022600066","First Basket by Team","First Points","Player","Team","Home/Away","Favorite/Underdog",0.1445,592,0.1176,750,0.0269,0.0152,1.5233,0.711822429906542,2026-06-02 12:21:53.733704,1,"Saniya Rivers","Loss",1.5233,-1.5233,0.711822429906542,-0.711822429906542
2026-06-02,"Draft Kings","CON @ ATL","1022600066","First Team","First FGM","Team","Quarter","Home/Away","Favorite/Underdog",0.4706,112,0.4444,125,0.0262,0.0236,1.179,0.765584415584416,2026-06-02 16:21:52.19242,1,"1Q ATL","Loss",1.179,-1.179,0.765584415584416,-0.765584415584416
2026-06-02,"FanDuel","LVA @ LAS","1022600069","First Basket","First Points","Player","Game","Home/Away","Favorite/Underdog",0.0873,1045,0.0769,1200,0.0104,0.0056,0.5625,0.476694915254237,2026-06-02 21:22:01.570246,1,"Ariel Atkins","Loss",0.5625,-0.5625,0.476694915254237,-0.476694915254237
2026-06-02,"Draft Kings","LVA @ LAS","1022600069","First Basket","First Points","Player","Game","Home/Away","Favorite/Underdog",0.0734,1262,0.0575,1640,0.016,0.0085,0.8465,0.717372881355932,2026-06-02 23:52:26.794509,1,"Chelsea Gray","Loss",0.8465,-0.8465,0.717372881355932,-0.717372881355932
2026-06-02,"Fanatics","LVA @ LAS","1022600069","First Basket","First FGM","Player","Game","Home/Away","Favorite/Underdog",0.0634,1476,0.0526,1800,0.0108,0.0057,0.5707,0.48364406779661,2026-06-03 00:22:29.198976,1,"Stephanie Talbot","Loss",0.5707,-0.5707,0.48364406779661,-0.48364406779661
2026-06-02,"FanDuel","LVA @ LAS","1022600069","First Basket by Team","First Points","Player","Team","Home/Away","Favorite/Underdog",0.3858,159,0.3636,175,0.0221,0.0174,1.7378,0.812056074766355,2026-06-02 23:52:26.858789,1,"A'ja Wilson","Loss",1.7378,-1.7378,0.812056074766355,-0.812056074766355
2026-06-02,"FanDuel","LVA @ LAS","1022600069","First Basket by Team","First Points","Player","Team","Home/Away","Favorite/Underdog",0.1462,584,0.125,700,0.0212,0.0121,1.2132,0.566915887850467,2026-06-02 12:21:53.733704,1,"Chelsea Gray","Loss",1.2132,-1.2132,0.566915887850467,-0.566915887850467
2026-06-02,"FanDuel","LVA @ LAS","1022600069","First Basket by Team","First Points","Player","Team","Home/Away","Favorite/Underdog",0.1462,584,0.1176,750,0.0286,0.0162,1.6198,0.756915887850467,2026-06-02 21:22:01.637262,18,"Chelsea Gray","Loss",0.4066,-0.4066,0.19,-0.19
2026-06-02,"Draft Kings","LVA @ LAS","1022600069","First Basket by Team","First Points","Player","Team","Home/Away","Favorite/Underdog",0.1706,486,0.1538,550,0.0132,0.0078,0.7776,0.363364485981308,2026-06-02 16:51:56.725987,1,"Erica Wheeler","Loss",0.7776,-0.7776,0.363364485981308,-0.363364485981308
2026-06-02,"FanDuel","LVA @ LAS","1022600069","First Basket by Team","First Points","Player","Team","Home/Away","Favorite/Underdog",0.122,720,0.1053,850,0.0167,0.0094,0.9355,0.43714953271028,2026-06-02 12:21:53.733704,1,"Stephanie Talbot","Loss",0.9355,-0.9355,0.43714953271028,-0.43714953271028
2026-06-02,"FanDuel","LVA @ LAS","1022600069","First Basket by Team","First Points","Player","Team","Home/Away","Favorite/Underdog",0.122,720,0.1,900,0.022,0.0122,1.2224,0.571214953271028,2026-06-02 13:51:23.739054,4,"Stephanie Talbot","Loss",0.2869,-0.2869,0.134065420560748,-0.134065420560748
2026-06-02,"Fanatics","LVA @ LAS","1022600069","First Basket by Team","First FGM","Player","Team","Home/Away","Favorite/Underdog",0.1266,690,0.1,900,0.0266,0.0148,1.4782,0.690747663551402,2026-06-02 23:52:26.858789,23,"Stephanie Talbot","Loss",0.2558,-0.2558,0.119532710280374,-0.119532710280374
2026-06-02,"Fanatics","LVA @ LAS","1022600069","First Basket by Team","First FGM","Player","Team","Home/Away","Favorite/Underdog",0.1266,690,0.0909,1000,0.0357,0.0196,1.9634,0.917476635514019,2026-06-03 00:22:29.263179,24,"Stephanie Talbot","Loss",0.4852,-0.4852,0.226728971962617,-0.226728971962617
2026-06-02,"Draft Kings","LVA @ LAS","1022600069","First Team","First FGM","Team","Quarter","Home/Away","Favorite/Underdog",0.4989,100,0.4762,110,0.0227,0.0217,1.083,0.703246753246753,2026-06-02 16:51:56.789124,1,"1Q LAS","Win",1.083,1.1913,0.703246753246753,0.773571428571428
2026-06-02,"MGM","PDX @ GSV","1022600068","First Basket","First FGM","Player","Game","Home/Away","Favorite/Underdog",0.0875,1042,0.0769,1200,0.0106,0.0058,0.5753,0.487542372881356,2026-06-02 17:22:18.424323,1,"Megan Gustafson","Loss",0.5753,-0.5753,0.487542372881356,-0.487542372881356
2026-06-02,"Draft Kings","PDX @ GSV","1022600068","First Basket","First Points","Player","Game","Home/Away","Favorite/Underdog",0.0919,988,0.0725,1280,0.0194,0.0105,1.0473,0.887542372881356,2026-06-02 12:21:53.602541,1,"Nyadiew Puoch","Loss",1.0473,-1.0473,0.887542372881356,-0.887542372881356
2026-06-02,"Draft Kings","PDX @ GSV","1022600068","First Basket","First Points","Player","Game","Home/Away","Favorite/Underdog",0.0919,988,0.0667,1400,0.0252,0.0135,1.3514,1.14525423728814,2026-06-02 12:51:22.765781,2,"Nyadiew Puoch","Loss",0.3041,-0.3041,0.257711864406784,-0.257711864406784
2026-06-02,"FanDuel","PDX @ GSV","1022600068","First Basket by Team","First Points","Player","Team","Home/Away","Favorite/Underdog",0.2001,400,0.1887,430,0.0114,0.007,0.7038,0.328878504672897,2026-06-02 23:52:26.858789,1,"Emily Engstler","Win",0.7038,3.02634,0.328878504672897,1.41417757009346
2026-06-02,"FanDuel","PDX @ GSV","1022600068","First Basket by Team","First Points","Player","Team","Home/Away","Favorite/Underdog",0.1444,593,0.1333,650,0.0111,0.0064,0.6385,0.298364485981308,2026-06-02 14:21:23.091406,1,"Kiah Stokes","Loss",0.6385,-0.6385,0.298364485981308,-0.298364485981308
2026-06-02,"Fanatics","PDX @ GSV","1022600068","First Basket by Team","First FGM","Player","Team","Home/Away","Favorite/Underdog",0.1911,423,0.1739,475,0.0172,0.0104,1.0427,0.487242990654206,2026-06-02 12:51:22.897399,1,"Nyadiew Puoch","Loss",1.0427,-1.0427,0.487242990654206,-0.487242990654206
2026-06-02,"FanDuel","PDX @ GSV","1022600068","First Basket by Team","First Points","Player","Team","Home/Away","Favorite/Underdog",0.1901,426,0.1724,480,0.0177,0.0107,1.0703,0.500140186915888,2026-06-03 01:22:43.620881,24,"Nyadiew Puoch","Loss",0.0276000000000001,-0.0276000000000001,0.012897196261682,-0.012897196261682
2026-06-02,"FanDuel","PDX @ GSV","1022600068","First Team","First Points","Team","Quarter","Home/Away","Favorite/Underdog",0.4829,107,0.4717,112,0.0112,0.0106,0.5282,0.342987012987013,2026-06-02 20:22:43.643047,1,"1Q PDX","Loss",0.5282,-0.5282,0.342987012987013,-0.342987012987013
2026-06-03,"BetRivers","PHX @ SEA","1022600071","First Basket","First FGM","Player","Game","Home/Away","Favorite/Underdog",0.0932,973,0.0714,1300,0.0218,0.0117,1.1741,0.995,2026-06-03 13:30:44.413021,1,"Monique Akoa Makani","Loss",1.1741,-1.1741,0.995,-0.995
2026-06-03,"BetRivers","PHX @ SEA","1022600071","First Basket","First FGM","Player","Game","Home/Away","Favorite/Underdog",0.0932,972,0.0714,1300,0.0218,0.0117,1.1749,0.995677966101695,2026-06-03 16:21:29.882088,5,"Monique Akoa Makani","Loss",0.000800000000000134,-0.000800000000000134,0.000677966101695016,-0.000677966101695016
2026-06-03,"Draft Kings","PHX @ SEA","1022600071","First Basket","First Points","Player","Game","Home/Away","Favorite/Underdog",0.0963,938,0.0862,1060,0.0101,0.0055,0.5549,0.470254237288136,2026-06-03 14:11:06.260225,1,"Natasha Mack","Loss",0.5549,-0.5549,0.470254237288136,-0.470254237288136
2026-06-03,"Draft Kings","PHX @ SEA","1022600071","First Basket","First Points","Player","Game","Home/Away","Favorite/Underdog",0.0965,936,0.0862,1060,0.0103,0.0056,0.5623,0.476525423728814,2026-06-03 16:21:29.882088,4,"Natasha Mack","Loss",0.00740000000000007,-0.00740000000000007,0.00627118644067803,-0.00627118644067803
2026-06-03,"Draft Kings","PHX @ SEA","1022600071","First Basket","First Points","Player","Game","Home/Away","Favorite/Underdog",0.0839,1092,0.0602,1560,0.0237,0.0126,1.2585,1.06652542372881,2026-06-03 13:30:44.413021,1,"Noemie Brochant","Loss",1.2585,-1.2585,1.06652542372881,-1.06652542372881
2026-06-03,"FanDuel","PHX @ SEA","1022600071","First Basket by Team","First Points","Player","Team","Home/Away","Favorite/Underdog",0.1979,405,0.1852,440,0.0127,0.0078,0.7804,0.364672897196262,2026-06-03 16:21:29.948222,1,"Jordan Horston","Loss",0.7804,-0.7804,0.364672897196262,-0.364672897196262
2026-06-03,"FanDuel","PHX @ SEA","1022600071","First Basket by Team","First Points","Player","Team","Home/Away","Favorite/Underdog",0.1979,405,0.1818,450,0.0161,0.0098,0.9829,0.459299065420561,2026-06-03 17:21:06.736376,3,"Jordan Horston","Loss",0.2025,-0.2025,0.094626168224299,-0.094626168224299
2026-06-03,"FanDuel","PHX @ SEA","1022600071","First Basket by Team","First Points","Player","Team","Home/Away","Favorite/Underdog",0.1979,405,0.1754,470,0.0225,0.0136,1.3622,0.636542056074766,2026-06-03 18:20:51.612783,5,"Jordan Horston","Loss",0.3793,-0.3793,0.177242990654205,-0.177242990654205
2026-06-03,"Draft Kings","PHX @ SEA","1022600071","First Basket by Team","First Points","Player","Team","Home/Away","Favorite/Underdog",0.2742,265,0.2597,285,0.0252,0.017,1.7,0.794392523364486,2026-06-03 14:11:06.327542,1,"Kahleah Copper","Loss",1.7,-1.7,0.794392523364486,-0.794392523364486
2026-06-03,"FanDuel","PHX @ SEA","1022600071","First Basket by Team","First Points","Player","Team","Home/Away","Favorite/Underdog",0.1609,522,0.1333,650,0.0275,0.0159,1.5889,0.742476635514019,2026-06-03 13:30:44.48911,1,"Monique Akoa Makani","Loss",1.5889,-1.5889,0.742476635514019,-0.742476635514019
2026-06-03,"FanDuel","PHX @ SEA","1022600071","First Basket by Team","First Points","Player","Team","Home/Away","Favorite/Underdog",0.1609,522,0.125,700,0.0359,0.0205,2.0499,0.957897196261682,2026-06-04 01:21:09.352408,20,"Monique Akoa Makani","Loss",0.461,-0.461,0.215420560747663,-0.215420560747663
2026-06-03,"Fanatics","PHX @ SEA","1022600071","First Basket by Team","First FGM","Player","Team","Home/Away","Favorite/Underdog",0.184,444,0.1739,475,0.01,0.0061,0.6076,0.28392523364486,2026-06-03 14:11:06.327542,1,"Natasha Mack","Win",0.6076,2.8861,0.28392523364486,1.34864485981308
2026-06-03,"FanDuel","PHX @ SEA","1022600071","First Basket by Team","First Points","Player","Team","Home/Away","Favorite/Underdog",0.1518,559,0.1176,750,0.0342,0.0194,1.9359,0.904626168224299,2026-06-03 13:30:44.48911,1,"Noemie Brochant","Loss",1.9359,-1.9359,0.904626168224299,-0.904626168224299
2026-06-03,"FanDuel","PHX @ SEA","1022600071","First Basket by Team","First Points","Player","Team","Home/Away","Favorite/Underdog",0.1518,559,0.1111,800,0.0407,0.0229,2.2893,1.06976635514019,2026-06-03 17:50:58.566587,8,"Noemie Brochant","Loss",0.3534,-0.3534,0.165140186915891,-0.165140186915891
2026-06-03,"BetRivers","TOR @ NYL","1022600070","First Basket","First FGM","Player","Game","Home/Away","Favorite/Underdog",0.0874,1044,0.0714,1300,0.016,0.0086,0.8592,0.728135593220339,2026-06-03 13:30:44.413021,1,"Laura Juskaite","Loss",0.8592,-0.8592,0.728135593220339,-0.728135593220339
2026-06-03,"FanDuel","TOR @ NYL","1022600070","First Basket","First Points","Player","Game","Home/Away","Favorite/Underdog",0.0859,1064,0.0667,1400,0.0192,0.0103,1.0299,0.872796610169492,2026-06-03 20:20:59.645258,11,"Laura Juskaite","Loss",0.1707,-0.1707,0.144661016949153,-0.144661016949153
2026-06-03,"FanDuel","TOR @ NYL","1022600070","First Basket","First Points","Player","Game","Home/Away","Favorite/Underdog",0.0859,1064,0.0588,1600,0.0271,0.0144,1.438,1.21864406779661,2026-06-03 22:21:32.743769,14,"Laura Juskaite","Loss",0.4081,-0.4081,0.345847457627118,-0.345847457627118
2026-06-03,"FanDuel","TOR @ NYL","1022600070","First Basket Exact","First Points","Player","Exact","Home/Away","Favorite/Underdog",0.0318,3047,0.0217,4500,0.01,0.0051,0.5131,0.765820895522388,2026-06-03 13:30:44.521145,1,"Marina Mabrey layup","Loss",0.5131,-0.5131,0.765820895522388,-0.765820895522388
2026-06-03,"FanDuel","TOR @ NYL","1022600070","First Basket Exact","First Points","Player","Exact","Home/Away","Favorite/Underdog",0.0319,3036,0.0217,4500,0.0101,0.0052,0.5187,0.774179104477612,2026-06-03 15:29:40.850963,3,"Marina Mabrey layup","Loss",0.00560000000000005,-0.00560000000000005,0.00835820895522399,-0.00835820895522399
2026-06-03,"Fanatics","TOR @ NYL","1022600070","First Basket by Team","First FGM","Player","Team","Home/Away","Favorite/Underdog",0.2224,350,0.2105,375,0.0119,0.0075,0.7513,0.35107476635514,2026-06-03 14:11:06.327542,1,"Brittney Sykes","Loss",0.7513,-0.7513,0.35107476635514,-0.35107476635514
2026-06-03,"Fanatics","TOR @ NYL","1022600070","First Basket by Team","First FGM","Player","Team","Home/Away","Favorite/Underdog",0.1859,438,0.1538,550,0.032,0.0189,1.8917,0.883971962616822,2026-06-03 13:30:44.48911,1,"Laura Juskaite","Loss",1.8917,-1.8917,0.883971962616822,-0.883971962616822
2026-06-03,"Fanatics","TOR @ NYL","1022600070","First Basket by Team","First FGM","Player","Team","Home/Away","Favorite/Underdog",0.1859,438,0.1429,600,0.043,0.0251,2.5084,1.17214953271028,2026-06-03 22:21:32.809096,14,"Laura Juskaite","Loss",0.6167,-0.6167,0.288177570093458,-0.288177570093458
2026-06-03,"Fanatics","TOR @ NYL","1022600070","First Basket by Team","First FGM","Player","Team","Home/Away","Favorite/Underdog",0.1936,417,0.1739,475,0.0197,0.0119,1.1897,0.555934579439252,2026-06-03 13:30:44.48911,1,"Nyara Sabally","Win",1.1897,5.651075,0.555934579439252,2.64068925233645
2026-06-03,"FanDuel","TOR @ NYL","1022600070","First Team","First Points","Team","Quarter","Home/Away","Favorite/Underdog",0.4502,122,0.4132,142,0.037,0.0315,1.5761,1.02344155844156,2026-06-03 13:30:44.543844,1,"1Q TOR","Loss",1.5761,-1.5761,1.02344155844156,-1.02344155844156
2026-06-04,"FanDuel","ATL @ IND","1022600072","First Basket","First Points","Player","Game","Home/Away","Favorite/Underdog",0.0842,1088,0.0714,1300,0.0127,0.0069,0.6859,0.581271186440678,2026-06-04 13:21:55.769734,1,"Jordin Canada","Win",0.6859,8.9167,0.581271186440678,7.55652542372881
2026-06-04,"FanDuel","ATL @ IND","1022600072","First Basket","First Points","Player","Game","Home/Away","Favorite/Underdog",0.0842,1088,0.0667,1400,0.0175,0.0094,0.9375,0.794491525423729,2026-06-04 14:51:27.357572,4,"Jordin Canada","Win",0.2516,3.5224,0.213220338983051,2.98508474576271
2026-06-04,"Draft Kings","ATL @ IND","1022600072","First Basket","First Points","Player","Game","Home/Away","Favorite/Underdog",0.0758,1219,0.0476,2000,0.0282,0.0148,1.4797,1.25398305084746,2026-06-04 13:21:55.769734,1,"Lexie Hull","Loss",1.4797,-1.4797,1.25398305084746,-1.25398305084746
2026-06-04,"Draft Kings","ATL @ IND","1022600072","First Basket","First Points","Player","Game","Home/Away","Favorite/Underdog",0.0758,1219,0.0455,2100,0.0304,0.0159,1.5898,1.34728813559322,2026-06-04 13:51:32.555835,2,"Lexie Hull","Loss",0.1101,-0.1101,0.0933050847457599,-0.0933050847457599
2026-06-04,"Draft Kings","ATL @ IND","1022600072","First Basket","First Points","Player","Game","Home/Away","Favorite/Underdog",0.091,998,0.0435,2200,0.0476,0.0249,2.4865,2.10720338983051,2026-06-04 13:21:55.769734,1,"Monique Billings","Loss",2.4865,-2.4865,2.10720338983051,-2.10720338983051
2026-06-04,"FanDuel","ATL @ IND","1022600072","First Basket","First Points","Player","Game","Home/Away","Favorite/Underdog",0.0846,1082,0.0714,1300,0.0132,0.0071,0.7101,0.601779661016949,2026-06-04 13:21:55.769734,1,"Naz Hillmon","Loss",0.7101,-0.7101,0.601779661016949,-0.601779661016949
2026-06-04,"MGM","ATL @ IND","1022600072","First Basket","First FGM","Player","Game","Home/Away","Favorite/Underdog",0.0829,1107,0.0667,1400,0.0162,0.0087,0.8685,0.736016949152542,2026-06-04 19:20:45.058822,5,"Naz Hillmon","Loss",0.1584,-0.1584,0.134237288135593,-0.134237288135593
2026-06-04,"FanDuel","ATL @ IND","1022600072","First Basket Exact","First Points","Player","Exact","Home/Away","Favorite/Underdog",0.0447,2139,0.0323,3000,0.0124,0.0064,0.6409,0.956567164179104,2026-06-04 13:21:55.870699,1,"Monique Billings layup","Loss",0.6409,-0.6409,0.956567164179104,-0.956567164179104
2026-06-04,"Draft Kings","ATL @ IND","1022600072","First Basket by Team","First FGM","Player","Team","Home/Away","Favorite/Underdog",0.2232,348,0.1739,475,0.0318,0.0192,1.9243,0.899205607476635,2026-06-04 15:21:44.388639,1,"Allisha Gray","Loss",1.9243,-1.9243,0.899205607476635,-0.899205607476635
2026-06-04,"Draft Kings","ATL @ IND","1022600072","First Basket by Team","First FGM","Player","Team","Home/Away","Favorite/Underdog",0.238,320,0.2597,285,0.0171,0.0116,1.1577,0.540981308411215,2026-06-04 15:21:44.388639,1,"Angel Reese","Loss",1.1577,-1.1577,0.540981308411215,-0.540981308411215
2026-06-04,"FanDuel","ATL @ IND","1022600072","First Basket by Team","First Points","Player","Team","Home/Away","Favorite/Underdog",0.1698,489,0.1429,600,0.0269,0.0157,1.5704,0.733831775700934,2026-06-04 13:21:55.836938,1,"Jordin Canada","Win",1.5704,9.4224,0.733831775700934,4.4029906542056
2026-06-04,"FanDuel","ATL @ IND","1022600072","First Basket by Team","First Points","Player","Team","Home/Away","Favorite/Underdog",0.1698,489,0.1333,650,0.0364,0.021,2.1026,0.982523364485981,2026-06-04 14:51:27.416823,4,"Jordin Canada","Win",0.5322,3.4593,0.248691588785047,1.6164953271028
2026-06-04,"Fanatics","ATL @ IND","1022600072","First Basket by Team","First FGM","Player","Team","Home/Away","Favorite/Underdog",0.1503,565,0.1,900,0.0503,0.028,2.7968,1.30691588785047,2026-06-04 13:21:55.836938,1,"Lexie Hull","Win",2.7968,25.1712,1.30691588785047,11.7622429906542
2026-06-04,"Fanatics","ATL @ IND","1022600072","First Basket by Team","First FGM","Player","Team","Home/Away","Favorite/Underdog",0.1503,565,0.0909,1000,0.0594,0.0327,3.2688,1.52747663551402,2026-06-04 13:51:32.620401,2,"Lexie Hull","Win",0.472,4.72,0.22056074766355,2.2056074766355
2026-06-04,"Fanatics","ATL @ IND","1022600072","First Basket by Team","First FGM","Player","Team","Home/Away","Favorite/Underdog",0.1787,460,0.087,1050,0.0917,0.0502,5.022,2.34672897196262,2026-06-04 13:21:55.836938,1,"Monique Billings","Loss",5.022,-5.022,2.34672897196262,-2.34672897196262
2026-06-04,"FanDuel","ATL @ IND","1022600072","First Basket by Team","First Points","Player","Team","Home/Away","Favorite/Underdog",0.1806,454,0.0833,1100,0.0972,0.053,5.303,2.47803738317757,2026-06-04 14:51:27.416823,4,"Monique Billings","Loss",0.281,-0.281,0.13130841121495,-0.13130841121495
2026-06-04,"FanDuel","ATL @ IND","1022600072","First Basket by Team","First Points","Player","Team","Home/Away","Favorite/Underdog",0.1806,454,0.0769,1200,0.1036,0.0561,5.6134,2.62308411214953,2026-06-04 16:21:32.478352,7,"Monique Billings","Loss",0.3104,-0.3104,0.14504672897196,-0.14504672897196
2026-06-04,"FanDuel","ATL @ IND","1022600072","First Basket by Team","First Points","Player","Team","Home/Away","Favorite/Underdog",0.1707,486,0.1429,600,0.0278,0.0162,1.6232,0.758504672897196,2026-06-04 13:21:55.836938,1,"Naz Hillmon","Loss",1.6232,-1.6232,0.758504672897196,-0.758504672897196
2026-06-04,"FanDuel","GSV @ MIN","1022600073","First Basket","First Points","Player","Game","Home/Away","Favorite/Underdog",0.1016,885,0.0909,1000,0.0107,0.0059,0.5859,0.496525423728814,2026-06-04 14:21:36.754794,1,"Courtney Williams","Loss",0.5859,-0.5859,0.496525423728814,-0.496525423728814
2026-06-04,"FanDuel","GSV @ MIN","1022600073","First Basket","First Points","Player","Game","Home/Away","Favorite/Underdog",0.1016,885,0.0833,1100,0.0182,0.0099,0.9943,0.842627118644068,2026-06-04 19:20:45.058822,10,"Courtney Williams","Loss",0.4084,-0.4084,0.346101694915254,-0.346101694915254
2026-06-04,"Draft Kings","GSV @ MIN","1022600073","First Basket","First Points","Player","Game","Home/Away","Favorite/Underdog",0.074,1251,0.061,1540,0.013,0.0069,0.6937,0.587881355932203,2026-06-04 22:51:04.812412,1,"Kiah Stokes","Loss",0.6937,-0.6937,0.587881355932203,-0.587881355932203
2026-06-04,"FanDuel","GSV @ MIN","1022600073","First Basket","First Points","Player","Game","Home/Away","Favorite/Underdog",0.074,1251,0.0588,1600,0.0152,0.0081,0.8065,0.683474576271186,2026-06-04 23:51:15.381374,3,"Kiah Stokes","Loss",0.1128,-0.1128,0.095593220338983,-0.095593220338983
2026-06-04,"FanDuel","GSV @ MIN","1022600073","First Basket Exact","First Points","Player","Exact","Home/Away","Favorite/Underdog",0.037,2606,0.0244,4000,0.0126,0.0064,0.6442,0.961492537313433,2026-06-04 20:21:38.638638,1,"Cecilia Zandalasini layup","Loss",0.6442,-0.6442,0.961492537313433,-0.961492537313433
2026-06-04,"FanDuel","GSV @ MIN","1022600073","First Basket Exact","First Points","Player","Exact","Home/Away","Favorite/Underdog",0.03,3228,0.0196,5000,0.0104,0.0053,0.5323,0.794477611940298,2026-06-04 13:21:55.870699,1,"Courtney Williams layup","Loss",0.5323,-0.5323,0.794477611940298,-0.794477611940298
2026-06-04,"FanDuel","GSV @ MIN","1022600073","First Basket Exact","First Points","Player","Exact","Home/Away","Favorite/Underdog",0.0301,3224,0.0196,5000,0.0105,0.0053,0.5342,0.797313432835821,2026-06-04 14:21:36.847956,3,"Courtney Williams layup","Loss",0.00190000000000001,-0.00190000000000001,0.00283582089552303,-0.00283582089552303
2026-06-04,"Draft Kings","GSV @ MIN","1022600073","First Basket by Team","First FGM","Player","Team","Home/Away","Favorite/Underdog",0.2174,360,0.1739,475,0.0401,0.0243,2.4272,1.13420560747664,2026-06-04 15:21:44.388639,1,"Cecilia Zandalasini","Loss",2.4272,-2.4272,1.13420560747664,-1.13420560747664
2026-06-04,"FanDuel","GSV @ MIN","1022600073","First Basket by Team","First Points","Player","Team","Home/Away","Favorite/Underdog",0.2093,378,0.1923,420,0.017,0.0105,1.0506,0.490934579439252,2026-06-04 13:21:55.836938,1,"Courtney Williams","Loss",1.0506,-1.0506,0.490934579439252,-0.490934579439252
2026-06-04,"FanDuel","GSV @ MIN","1022600073","First Basket by Team","First Points","Player","Team","Home/Away","Favorite/Underdog",0.2093,378,0.1818,450,0.0275,0.0168,1.6781,0.784158878504673,2026-06-04 14:21:36.814421,3,"Courtney Williams","Loss",0.6275,-0.6275,0.293224299065421,-0.293224299065421
2026-06-04,"FanDuel","GSV @ MIN","1022600073","First Basket by Team","First Points","Player","Team","Home/Away","Favorite/Underdog",0.2093,378,0.1724,480,0.0369,0.0223,2.2273,1.04079439252336,2026-06-04 16:51:28.004153,8,"Courtney Williams","Loss",0.5492,-0.5492,0.256635514018687,-0.256635514018687
2026-06-04,"FanDuel","GSV @ MIN","1022600073","First Basket by Team","First Points","Player","Team","Home/Away","Favorite/Underdog",0.2093,378,0.1695,490,0.0398,0.024,2.3954,1.11934579439252,2026-06-04 20:21:38.60511,15,"Courtney Williams","Loss",0.1681,-0.1681,0.07855140186916,-0.07855140186916
2026-06-04,"Draft Kings","GSV @ MIN","1022600073","First Basket by Team","First FGM","Player","Team","Home/Away","Favorite/Underdog",0.1438,596,0.125,700,0.023,0.0132,1.3164,0.615140186915888,2026-06-04 15:21:44.388639,1,"Kiah Stokes","Loss",1.3164,-1.3164,0.615140186915888,-0.615140186915888
2026-06-04,"FanDuel","GSV @ MIN","1022600073","First Basket by Team","First Points","Player","Team","Home/Away","Favorite/Underdog",0.1438,596,0.1176,750,0.0261,0.0148,1.4808,0.69196261682243,2026-06-04 22:51:04.871882,16,"Kiah Stokes","Loss",0.1644,-0.1644,0.076822429906542,-0.076822429906542
2026-06-04,"FanDuel","GSV @ MIN","1022600073","First Basket by Team","First Points","Player","Team","Home/Away","Favorite/Underdog",0.1438,596,0.1111,800,0.0327,0.0184,1.8376,0.858691588785047,2026-06-04 23:51:15.439521,18,"Kiah Stokes","Loss",0.3568,-0.3568,0.166728971962617,-0.166728971962617
2026-06-04,"Draft Kings","GSV @ MIN","1022600073","First Basket by Team","First FGM","Player","Team","Home/Away","Favorite/Underdog",0.2645,278,0.2083,380,0.0723,0.0457,4.5652,2.13327102803738,2026-06-04 15:21:44.388639,1,"Natasha Howard","Loss",4.5652,-4.5652,2.13327102803738,-2.13327102803738
2026-06-05,"FanDuel","CON @ CHI","1022600074","First Basket","First Points","Player","Game","Home/Away","Favorite/Underdog",0.0976,925,0.0526,1800,0.045,0.0237,2.3728,2.01084745762712,2026-06-05 14:35:04.307273,1,"Diamond Miller","Loss",2.3728,-2.3728,2.01084745762712,-2.01084745762712
2026-06-05,"FanDuel","CON @ CHI","1022600074","First Basket","First Points","Player","Game","Home/Away","Favorite/Underdog",0.0976,925,0.05,1900,0.0476,0.025,2.5047,2.12262711864407,2026-06-05 14:59:13.053134,2,"Diamond Miller","Loss",0.1319,-0.1319,0.11177966101695,-0.11177966101695
2026-06-05,"FanDuel","CON @ CHI","1022600074","First Basket","First Points","Player","Game","Home/Away","Favorite/Underdog",0.0758,1219,0.0588,1600,0.017,0.009,0.9039,0.766016949152542,2026-06-05 14:35:04.307273,1,"Jacy Sheldon","Loss",0.9039,-0.9039,0.766016949152542,-0.766016949152542
2026-06-05,"FanDuel","CON @ CHI","1022600074","First Basket","First Points","Player","Game","Home/Away","Favorite/Underdog",0.0758,1219,0.0556,1700,0.0203,0.0107,1.0737,0.909915254237288,2026-06-05 14:59:13.053134,2,"Jacy Sheldon","Loss",0.1698,-0.1698,0.143898305084746,-0.143898305084746
2026-06-05,"MGM","CON @ CHI","1022600074","First Basket","First FGM","Player","Game","Home/Away","Favorite/Underdog",0.0786,1172,0.0476,2000,0.031,0.0163,1.6284,1.38,2026-06-05 14:35:04.307273,1,"Saniya Rivers","Loss",1.6284,-1.6284,1.38,-1.38
2026-06-05,"FanDuel","CON @ CHI","1022600074","First Basket Exact","First Points","Player","Exact","Home/Away","Favorite/Underdog",0.0303,3204,0.0196,5000,0.0107,0.0054,0.5437,0.811492537313433,2026-06-05 14:35:04.415882,1,"Saniya Rivers layup","Loss",0.5437,-0.5437,0.811492537313433,-0.811492537313433
2026-06-05,"FanDuel","CON @ CHI","1022600074","First Basket Exact","First Points","Player","Exact","Home/Away","Favorite/Underdog",0.0303,3200,0.0196,5000,0.0107,0.0055,0.5454,0.814029850746269,2026-06-05 22:51:41.041501,2,"Saniya Rivers layup","Loss",0.00170000000000003,-0.00170000000000003,0.00253731343283603,-0.00253731343283603
2026-06-05,"FanDuel","CON @ CHI","1022600074","First Basket by Team","First Points","Player","Team","Home/Away","Favorite/Underdog",0.1816,451,0.0909,1000,0.0907,0.0499,4.989,2.33130841121495,2026-06-05 14:35:04.379348,1,"Diamond Miller","Win",4.989,49.89,2.33130841121495,23.3130841121495
2026-06-05,"FanDuel","CON @ CHI","1022600074","First Basket by Team","First Points","Player","Team","Home/Away","Favorite/Underdog",0.1639,510,0.125,700,0.0389,0.0222,2.2236,1.03906542056075,2026-06-05 14:35:04.379348,1,"Jacy Sheldon","Loss",2.2236,-2.2236,1.03906542056075,-1.03906542056075
2026-06-05,"Fanatics","CON @ CHI","1022600074","First Basket by Team","First FGM","Player","Team","Home/Away","Favorite/Underdog",0.1673,498,0.125,700,0.0423,0.0242,2.4182,1.13,2026-06-05 18:51:19.124559,10,"Jacy Sheldon","Loss",0.1946,-0.1946,0.09093457943925,-0.09093457943925
2026-06-05,"FanDuel","CON @ CHI","1022600074","First Basket by Team","First Points","Player","Team","Home/Away","Favorite/Underdog",0.1459,585,0.0909,1000,0.055,0.0302,3.0241,1.4131308411215,2026-06-05 14:35:04.379348,1,"Saniya Rivers","Loss",3.0241,-3.0241,1.4131308411215,-1.4131308411215
2026-06-05,"Fanatics","CON @ CHI","1022600074","First Basket by Team","First FGM","Player","Team","Home/Away","Favorite/Underdog",0.148,576,0.0909,1000,0.057,0.0314,3.1376,1.46616822429907,2026-06-05 22:51:40.998595,18,"Saniya Rivers","Loss",0.1135,-0.1135,0.0530373831775699,-0.0530373831775699
2026-06-05,"FanDuel","CON @ CHI","1022600074","First Basket by Team","First Points","Player","Team","Home/Away","Favorite/Underdog",0.2087,379,0.1887,430,0.0201,0.0124,1.2366,0.57785046728972,2026-06-05 14:35:04.379348,1,"Skylar Diggins","Loss",1.2366,-1.2366,0.57785046728972,-0.57785046728972
2026-06-05,"FanDuel","CON @ CHI","1022600074","First Basket by Team","First Points","Player","Team","Home/Away","Favorite/Underdog",0.2087,379,0.1852,440,0.0236,0.0145,1.4457,0.675560747663551,2026-06-05 17:51:49.384754,8,"Skylar Diggins","Loss",0.2091,-0.2091,0.097710280373831,-0.097710280373831
2026-06-05,"FanDuel","CON @ CHI","1022600074","First Basket by Team","First Points","Player","Team","Home/Away","Favorite/Underdog",0.2087,379,0.1818,450,0.0269,0.0165,1.6455,0.76892523364486,2026-06-05 20:21:40.533417,13,"Skylar Diggins","Loss",0.1998,-0.1998,0.093364485981309,-0.093364485981309
2026-06-05,"Draft Kings","CON @ CHI","1022600074","First Basket by Team Exact","First FGM","Player","Team Exact","Home/Away","Favorite/Underdog",0.0399,2407,0.0123,8000,0.0275,0.0139,1.3944,1.0104347826087,2026-06-05 15:51:23.701712,1,"Brittney Griner three point field goal","Loss",1.3944,-1.3944,1.0104347826087,-1.0104347826087
2026-06-05,"Draft Kings","CON @ CHI","1022600074","First Basket by Team Exact","First FGM","Player","Team Exact","Home/Away","Favorite/Underdog",0.1313,661,0.0714,1300,0.0599,0.0323,3.2254,2.33724637681159,2026-06-05 15:51:23.701712,1,"Diamond Miller two point field goal","Win",3.2254,41.9302,2.33724637681159,30.3842028985507
2026-06-05,"Draft Kings","CON @ CHI","1022600074","First Basket by Team Exact","First FGM","Player","Team Exact","Home/Away","Favorite/Underdog",0.1152,768,0.0833,1100,0.0319,0.0174,1.7393,1.26036231884058,2026-06-05 15:51:23.701712,1,"Jacy Sheldon two point field goal","Loss",1.7393,-1.7393,1.26036231884058,-1.26036231884058
2026-06-05,"Draft Kings","CON @ CHI","1022600074","First Basket by Team Exact","First FGM","Player","Team Exact","Home/Away","Favorite/Underdog",0.1085,822,0.0833,1100,0.0252,0.0137,1.3724,0.994492753623189,2026-06-05 15:51:23.701712,1,"Saniya Rivers two point field goal","Loss",1.3724,-1.3724,0.994492753623189,-0.994492753623189
2026-06-05,"FanDuel","DAL @ LAS","1022600075","First Basket","First Points","Player","Game","Home/Away","Favorite/Underdog",0.0909,1001,0.0714,1300,0.0194,0.0105,1.0463,0.886694915254237,2026-06-05 14:35:04.307273,1,"Ariel Atkins","Loss",1.0463,-1.0463,0.886694915254237,-0.886694915254237
2026-06-05,"MGM","DAL @ LAS","1022600075","First Basket","First FGM","Player","Game","Home/Away","Favorite/Underdog",0.1007,893,0.0833,1100,0.0174,0.0095,0.9471,0.802627118644068,2026-06-05 14:35:04.307273,1,"Arike Ogunbowale","Loss",0.9471,-0.9471,0.802627118644068,-0.802627118644068
2026-06-05,"FanDuel","DAL @ LAS","1022600075","First Basket","First Points","Player","Game","Home/Away","Favorite/Underdog",0.0864,1057,0.0714,1300,0.015,0.0081,0.8087,0.685338983050848,2026-06-05 14:35:04.307273,1,"Erica Wheeler","Loss",0.8087,-0.8087,0.685338983050848,-0.685338983050848
2026-06-05,"FanDuel","DAL @ LAS","1022600075","First Basket","First Points","Player","Game","Home/Away","Favorite/Underdog",0.0863,1058,0.0588,1600,0.0275,0.0146,1.4623,1.23923728813559,2026-06-05 19:21:50.016504,11,"Erica Wheeler","Loss",0.6536,-0.6536,0.553898305084742,-0.553898305084742
2026-06-05,"FanDuel","DAL @ LAS","1022600075","First Basket Exact","First Points","Player","Exact","Home/Away","Favorite/Underdog",0.0296,3277,0.0196,5000,0.01,0.0051,0.5101,0.76134328358209,2026-06-05 14:35:04.415882,1,"Ariel Atkins layup","Loss",0.5101,-0.5101,0.76134328358209,-0.76134328358209
2026-06-05,"FanDuel","DAL @ LAS","1022600075","First Basket by Team","First Points","Player","Team","Home/Away","Favorite/Underdog",0.1791,458,0.1429,600,0.0362,0.0211,2.1135,0.987616822429907,2026-06-05 14:35:04.379348,1,"Ariel Atkins","Loss",2.1135,-2.1135,0.987616822429907,-0.987616822429907
2026-06-05,"Fanatics","DAL @ LAS","1022600075","First Basket by Team","First FGM","Player","Team","Home/Away","Favorite/Underdog",0.1781,461,0.1333,650,0.0448,0.0258,2.5834,1.20719626168224,2026-06-05 16:21:41.037985,5,"Ariel Atkins","Loss",0.4699,-0.4699,0.219579439252333,-0.219579439252333
2026-06-05,"Draft Kings","DAL @ LAS","1022600075","First Basket by Team","First FGM","Player","Team","Home/Away","Favorite/Underdog",0.2034,392,0.1739,475,0.0295,0.0178,1.7845,0.833878504672897,2026-06-05 14:35:04.379348,1,"Arike Ogunbowale","Loss",1.7845,-1.7845,0.833878504672897,-0.833878504672897
2026-06-05,"FanDuel","DAL @ LAS","1022600075","First Basket by Team","First Points","Player","Team","Home/Away","Favorite/Underdog",0.1877,433,0.1538,550,0.0339,0.02,2.0018,0.935420560747663,2026-06-05 18:51:19.124559,10,"Arike Ogunbowale","Loss",0.2173,-0.2173,0.101542056074766,-0.101542056074766
2026-06-05,"Draft Kings","DAL @ LAS","1022600075","First Basket by Team","First FGM","Player","Team","Home/Away","Favorite/Underdog",0.2034,392,0.1667,500,0.0367,0.022,2.2038,1.02981308411215,2026-06-06 00:21:01.471373,21,"Arike Ogunbowale","Loss",0.202,-0.202,0.094392523364487,-0.094392523364487
2026-06-05,"FanDuel","DAL @ LAS","1022600075","First Basket by Team","First Points","Player","Team","Home/Away","Favorite/Underdog",0.1704,487,0.1429,600,0.0275,0.0161,1.6062,0.750560747663551,2026-06-05 14:35:04.379348,1,"Erica Wheeler","Win",1.6062,9.6372,0.750560747663551,4.50336448598131
2026-06-05,"FanDuel","DAL @ LAS","1022600075","First Basket by Team","First Points","Player","Team","Home/Away","Favorite/Underdog",0.1704,487,0.1333,650,0.0371,0.0214,2.138,0.999065420560748,2026-06-05 16:21:41.037985,5,"Erica Wheeler","Win",0.5318,3.4567,0.248504672897197,1.61528037383178
2026-06-05,"FanDuel","DAL @ LAS","1022600075","First Basket by Team","First Points","Player","Team","Home/Away","Favorite/Underdog",0.1704,487,0.125,700,0.0454,0.0259,2.5938,1.21205607476635,2026-06-05 18:51:19.124559,10,"Erica Wheeler","Win",0.4558,3.1906,0.212990654205602,1.49093457943921
2026-06-05,"FanDuel","DAL @ LAS","1022600075","First Basket by Team","First Points","Player","Team","Home/Away","Favorite/Underdog",0.2071,383,0.1923,420,0.0148,0.0092,0.9183,0.42911214953271,2026-06-05 16:21:41.037985,1,"Maddy Siegrist","Loss",0.9183,-0.9183,0.42911214953271,-0.42911214953271
2026-06-05,"FanDuel","DAL @ LAS","1022600075","First Basket by Team","First Points","Player","Team","Home/Away","Favorite/Underdog",0.2071,383,0.1887,430,0.0185,0.0114,1.1378,0.531682242990654,2026-06-05 19:21:50.097622,7,"Maddy Siegrist","Loss",0.2195,-0.2195,0.102570093457944,-0.102570093457944
2026-06-05,"FanDuel","DAL @ LAS","1022600075","First Basket by Team","First Points","Player","Team","Home/Away","Favorite/Underdog",0.2071,383,0.1852,440,0.022,0.0135,1.3473,0.629579439252336,2026-06-05 21:51:20.831655,12,"Maddy Siegrist","Loss",0.2095,-0.2095,0.0978971962616819,-0.0978971962616819
2026-06-05,"Draft Kings","DAL @ LAS","1022600075","First Basket by Team Exact","First FGM","Player","Team Exact","Home/Away","Favorite/Underdog",0.1251,700,0.1,900,0.0251,0.0139,1.3932,1.0095652173913,2026-06-05 15:51:23.701712,1,"Ariel Atkins two point field goal","Loss",1.3932,-1.3932,1.0095652173913,-1.0095652173913
2026-06-05,"Draft Kings","DAL @ LAS","1022600075","First Basket by Team Exact","First FGM","Player","Team Exact","Home/Away","Favorite/Underdog",0.1446,592,0.1176,750,0.0269,0.0153,1.5264,1.10608695652174,2026-06-05 15:51:23.701712,1,"Arike Ogunbowale two point field goal","Loss",1.5264,-1.5264,1.10608695652174,-1.10608695652174
2026-06-05,"Draft Kings","DAL @ LAS","1022600075","First Basket by Team Exact","First FGM","Player","Team Exact","Home/Away","Favorite/Underdog",0.1446,592,0.1111,800,0.0335,0.0188,1.8829,1.36442028985507,2026-06-06 00:51:25.720937,19,"Arike Ogunbowale two point field goal","Loss",0.3565,-0.3565,0.25833333333333,-0.25833333333333
2026-06-05,"Draft Kings","DAL @ LAS","1022600075","First Basket by Team Exact","First FGM","Player","Team Exact","Home/Away","Favorite/Underdog",0.0397,2419,0.0244,4000,0.0153,0.0078,0.7847,0.568623188405797,2026-06-05 15:51:23.701712,1,"Dearica Hamby three point field goal","Loss",0.7847,-0.7847,0.568623188405797,-0.568623188405797
2026-06-05,"Draft Kings","DAL @ LAS","1022600075","First Basket by Team Exact","First FGM","Player","Team Exact","Home/Away","Favorite/Underdog",0.1159,763,0.1,900,0.0159,0.0088,0.8832,0.64,2026-06-05 15:51:23.701712,1,"Erica Wheeler two point field goal","Loss",0.8832,-0.8832,0.64,-0.64
2026-06-05,"Draft Kings","DAL @ LAS","1022600075","First Basket by Team Exact","First FGM","Player","Team Exact","Home/Away","Favorite/Underdog",0.033,2931,0.0152,6500,0.0178,0.0091,0.9058,0.656376811594203,2026-06-05 15:51:23.701712,1,"Jessica Shepard three point field goal","Loss",0.9058,-0.9058,0.656376811594203,-0.656376811594203
2026-06-05,"Draft Kings","DAL @ LAS","1022600075","First Basket by Team Exact","First FGM","Player","Team Exact","Home/Away","Favorite/Underdog",0.033,2931,0.0141,7000,0.0189,0.0096,0.959,0.694927536231884,2026-06-06 00:21:01.558405,18,"Jessica Shepard three point field goal","Loss",0.0531999999999999,-0.0531999999999999,0.0385507246376809,-0.0385507246376809
2026-06-05,"FanDuel","PHX @ PDX","1022600076","First Basket","First Points","Player","Game","Home/Away","Favorite/Underdog",0.1199,734,0.1053,850,0.0147,0.0082,0.8193,0.694322033898305,2026-06-05 17:21:36.883395,1,"Jovana Nogic","Loss",0.8193,-0.8193,0.694322033898305,-0.694322033898305
2026-06-05,"Draft Kings","PHX @ PDX","1022600076","First Basket","First Points","Player","Game","Home/Away","Favorite/Underdog",0.0873,1046,0.0685,1360,0.0188,0.0101,1.0072,0.853559322033898,2026-06-05 14:35:04.307273,1,"Megan Gustafson","Loss",1.0072,-1.0072,0.853559322033898,-0.853559322033898
2026-06-05,"Draft Kings","PHX @ PDX","1022600076","First Basket","First Points","Player","Game","Home/Away","Favorite/Underdog",0.0874,1045,0.0676,1380,0.0198,0.0106,1.0617,0.899745762711865,2026-06-05 15:36:53.535959,3,"Megan Gustafson","Loss",0.0545,-0.0545,0.0461864406779671,-0.0461864406779671
2026-06-05,"Draft Kings","PHX @ PDX","1022600076","First Basket","First Points","Player","Game","Home/Away","Favorite/Underdog",0.0873,1046,0.0667,1400,0.0206,0.011,1.1031,0.934830508474576,2026-06-05 20:21:40.440025,13,"Megan Gustafson","Loss",0.0413999999999999,-0.0413999999999999,0.035084745762711,-0.035084745762711
2026-06-05,"FanDuel","PHX @ PDX","1022600076","First Basket","First Points","Player","Game","Home/Away","Favorite/Underdog",0.0936,969,0.0588,1600,0.0347,0.0185,1.8457,1.56415254237288,2026-06-05 14:35:04.307273,1,"Monique Akoa Makani","Loss",1.8457,-1.8457,1.56415254237288,-1.56415254237288
2026-06-05,"MGM","PHX @ PDX","1022600076","First Basket","First FGM","Player","Game","Home/Away","Favorite/Underdog",0.0853,1073,0.0588,1600,0.0265,0.0141,1.4059,1.1914406779661,2026-06-05 14:35:04.307273,1,"Noemie Brochant","Loss",1.4059,-1.4059,1.1914406779661,-1.1914406779661
2026-06-05,"FanDuel","PHX @ PDX","1022600076","First Basket","First Points","Player","Game","Home/Away","Favorite/Underdog",0.0885,1030,0.0588,1600,0.0297,0.0158,1.578,1.33728813559322,2026-06-05 14:59:13.053134,2,"Noemie Brochant","Loss",0.1721,-0.1721,0.14584745762712,-0.14584745762712
2026-06-05,"FanDuel","PHX @ PDX","1022600076","First Basket Exact","First Points","Player","Exact","Home/Away","Favorite/Underdog",0.0447,2136,0.0323,3000,0.0125,0.0064,0.6443,0.961641791044776,2026-06-05 16:21:41.078231,1,"Jovana Nogic layup","Loss",0.6443,-0.6443,0.961641791044776,-0.961641791044776
2026-06-05,"FanDuel","PHX @ PDX","1022600076","First Basket by Team","First Points","Player","Team","Home/Away","Favorite/Underdog",0.2231,348,0.2041,390,0.019,0.0119,1.1949,0.558364485981308,2026-06-05 15:36:53.563995,1,"Jovana Nogic","Loss",1.1949,-1.1949,0.558364485981308,-0.558364485981308
2026-06-05,"FanDuel","PHX @ PDX","1022600076","First Basket by Team","First Points","Player","Team","Home/Away","Favorite/Underdog",0.2231,348,0.2,400,0.0231,0.0144,1.4439,0.674719626168224,2026-06-05 16:21:41.037985,3,"Jovana Nogic","Loss",0.249,-0.249,0.116355140186916,-0.116355140186916
2026-06-05,"FanDuel","PHX @ PDX","1022600076","First Basket by Team","First Points","Player","Team","Home/Away","Favorite/Underdog",0.2231,348,0.1961,410,0.027,0.0168,1.6807,0.785373831775701,2026-06-06 00:21:01.471373,19,"Jovana Nogic","Loss",0.2368,-0.2368,0.110654205607477,-0.110654205607477
2026-06-05,"FanDuel","PHX @ PDX","1022600076","First Basket by Team","First Points","Player","Team","Home/Away","Favorite/Underdog",0.1887,430,0.1538,550,0.0348,0.0206,2.0584,0.961869158878505,2026-06-05 14:35:04.379348,1,"Megan Gustafson","Loss",2.0584,-2.0584,0.961869158878505,-0.961869158878505
2026-06-05,"FanDuel","PHX @ PDX","1022600076","First Basket by Team","First Points","Player","Team","Home/Away","Favorite/Underdog",0.1741,474,0.1053,850,0.0688,0.0384,3.8448,1.79663551401869,2026-06-05 14:35:04.379348,1,"Monique Akoa Makani","Loss",3.8448,-3.8448,1.79663551401869,-1.79663551401869
2026-06-05,"FanDuel","PHX @ PDX","1022600076","First Basket by Team","First Points","Player","Team","Home/Away","Favorite/Underdog",0.1647,507,0.1111,800,0.0536,0.0301,3.014,1.40841121495327,2026-06-05 14:35:04.379348,1,"Noemie Brochant","Loss",3.014,-3.014,1.40841121495327,-1.40841121495327
2026-06-05,"FanDuel","PHX @ PDX","1022600076","First Basket by Team","First Points","Player","Team","Home/Away","Favorite/Underdog",0.1647,507,0.1053,850,0.0594,0.0332,3.3211,1.55191588785047,2026-06-05 14:59:13.119761,2,"Noemie Brochant","Loss",0.3071,-0.3071,0.1435046728972,-0.1435046728972
2026-06-05,"Draft Kings","PHX @ PDX","1022600076","First Basket by Team Exact","First FGM","Player","Team Exact","Home/Away","Favorite/Underdog",0.1607,522,0.1111,800,0.0496,0.0279,2.7878,2.02014492753623,2026-06-05 15:51:23.701712,1,"Jovana Nogic two point field goal","Loss",2.7878,-2.7878,2.02014492753623,-2.02014492753623
2026-06-05,"Draft Kings","PHX @ PDX","1022600076","First Basket by Team Exact","First FGM","Player","Team Exact","Home/Away","Favorite/Underdog",0.132,658,0.1111,800,0.0209,0.0117,1.1733,0.850217391304348,2026-06-05 15:51:23.701712,1,"Monique Akoa Makani two point field goal","Loss",1.1733,-1.1733,0.850217391304348,-0.850217391304348
2026-06-05,"Draft Kings","PHX @ PDX","1022600076","First Basket by Team Exact","First FGM","Player","Team Exact","Home/Away","Favorite/Underdog",0.0341,2837,0.0132,7500,0.0209,0.0106,1.0586,0.767101449275362,2026-06-05 15:51:23.701712,1,"Natasha Mack three point field goal","Loss",1.0586,-1.0586,0.767101449275362,-0.767101449275362
2026-06-05,"Draft Kings","PHX @ PDX","1022600076","First Three by Team","First Three","Player","Team","Home/Away","Favorite/Underdog",0.1482,575,0.1,900,0.0482,0.0268,2.6772,1.35212121212121,2026-06-05 15:51:23.799004,1,"Megan Gustafson","Loss",2.6772,-2.6772,1.35212121212121,-1.35212121212121
2026-06-06,"FanDuel","GSV @ LVA","1022600078","First Basket","First Points","Player","Game","Home/Away","Favorite/Underdog",0.1133,783,0.0909,1000,0.0224,0.0123,1.2303,1.04262711864407,2026-06-06 12:06:41.717208,1,"Cecilia Zandalasini","Loss",1.2303,-1.2303,1.04262711864407,-1.04262711864407
2026-06-06,"FanDuel","GSV @ LVA","1022600078","First Basket","First Points","Player","Game","Home/Away","Favorite/Underdog",0.1133,783,0.0833,1100,0.0299,0.0163,1.6334,1.38423728813559,2026-06-06 13:51:42.548037,4,"Cecilia Zandalasini","Loss",0.4031,-0.4031,0.34161016949152,-0.34161016949152
2026-06-06,"FanDuel","GSV @ LVA","1022600078","First Basket","First Points","Player","Game","Home/Away","Favorite/Underdog",0.0731,1268,0.0625,1500,0.0106,0.0056,0.564,0.477966101694915,2026-06-06 12:06:41.717208,1,"Chelsea Gray","Loss",0.564,-0.564,0.477966101694915,-0.477966101694915
2026-06-06,"FanDuel","GSV @ LVA","1022600078","First Basket","First Points","Player","Game","Home/Away","Favorite/Underdog",0.0731,1268,0.0588,1600,0.0143,0.0076,0.7571,0.641610169491525,2026-06-06 13:03:22.657815,3,"Chelsea Gray","Loss",0.1931,-0.1931,0.16364406779661,-0.16364406779661
2026-06-06,"FanDuel","GSV @ LVA","1022600078","First Basket","First Points","Player","Game","Home/Away","Favorite/Underdog",0.0732,1267,0.0556,1700,0.0176,0.0093,0.9324,0.790169491525424,2026-06-06 16:51:10.164179,10,"Chelsea Gray","Loss",0.1753,-0.1753,0.148559322033899,-0.148559322033899
2026-06-06,"FanDuel","GSV @ LVA","1022600078","First Basket","First Points","Player","Game","Home/Away","Favorite/Underdog",0.0587,1605,0.0476,2000,0.011,0.0058,0.5794,0.491016949152542,2026-06-06 15:21:58.206947,1,"Stephanie Talbot","Loss",0.5794,-0.5794,0.491016949152542,-0.491016949152542
2026-06-06,"FanDuel","GSV @ LVA","1022600078","First Basket","First Points","Player","Game","Home/Away","Favorite/Underdog",0.0587,1605,0.0435,2200,0.0152,0.0079,0.7934,0.672372881355932,2026-06-06 16:51:10.164179,4,"Stephanie Talbot","Loss",0.214,-0.214,0.18135593220339,-0.18135593220339
2026-06-06,"FanDuel","GSV @ LVA","1022600078","First Basket Exact","First Points","Player","Exact","Home/Away","Favorite/Underdog",0.0357,2703,0.0196,5000,0.0161,0.0082,0.8192,1.22268656716418,2026-06-06 12:06:41.842853,1,"Cecilia Zandalasini layup","Loss",0.8192,-0.8192,1.22268656716418,-1.22268656716418
2026-06-06,"FanDuel","GSV @ LVA","1022600078","First Basket by Team","First Points","Player","Team","Home/Away","Favorite/Underdog",0.2211,352,0.1667,500,0.0545,0.0327,3.2678,1.52700934579439,2026-06-06 12:06:41.79698,1,"Cecilia Zandalasini","Loss",3.2678,-3.2678,1.52700934579439,-1.52700934579439
2026-06-06,"FanDuel","GSV @ LVA","1022600078","First Basket by Team","First Points","Player","Team","Home/Away","Favorite/Underdog",0.1498,567,0.1176,750,0.0322,0.0182,1.8236,0.85214953271028,2026-06-06 12:06:41.79698,1,"Chelsea Gray","Loss",1.8236,-1.8236,0.85214953271028,-0.85214953271028
2026-06-06,"FanDuel","GSV @ LVA","1022600078","First Basket by Team","First Points","Player","Team","Home/Away","Favorite/Underdog",0.1498,567,0.1111,800,0.0387,0.0218,2.1778,1.01766355140187,2026-06-06 13:51:42.637126,4,"Chelsea Gray","Loss",0.3542,-0.3542,0.16551401869159,-0.16551401869159
2026-06-06,"Draft Kings","GSV @ LVA","1022600078","First Basket by Team","First FGM","Player","Team","Home/Away","Favorite/Underdog",0.154,550,0.1111,800,0.0429,0.0241,2.4103,1.12630841121495,2026-06-06 14:51:27.017141,6,"Chelsea Gray","Loss",0.2325,-0.2325,0.10864485981308,-0.10864485981308
2026-06-06,"FanDuel","GSV @ LVA","1022600078","First Basket by Team","First Points","Player","Team","Home/Away","Favorite/Underdog",0.1498,567,0.1,900,0.0498,0.0277,2.7682,1.29355140186916,2026-06-06 16:51:10.245446,10,"Chelsea Gray","Loss",0.3579,-0.3579,0.16724299065421,-0.16724299065421
2026-06-06,"FanDuel","GSV @ LVA","1022600078","First Basket by Team","First Points","Player","Team","Home/Away","Favorite/Underdog",0.1463,583,0.1333,650,0.013,0.0075,0.7495,0.350233644859813,2026-06-06 12:06:41.79698,1,"Kiah Stokes","Loss",0.7495,-0.7495,0.350233644859813,-0.350233644859813
2026-06-06,"Fanatics","GSV @ LVA","1022600078","First Basket by Team","First FGM","Player","Team","Home/Away","Favorite/Underdog",0.1497,568,0.1333,650,0.0164,0.0094,0.9448,0.441495327102804,2026-06-06 13:51:42.637126,3,"Kiah Stokes","Loss",0.1953,-0.1953,0.091261682242991,-0.091261682242991
2026-06-06,"FanDuel","GSV @ LVA","1022600078","First Basket by Team","First Points","Player","Team","Home/Away","Favorite/Underdog",0.1201,733,0.0909,1000,0.0292,0.0161,1.6062,0.750560747663551,2026-06-06 12:06:41.79698,1,"Stephanie Talbot","Loss",1.6062,-1.6062,0.750560747663551,-0.750560747663551
2026-06-06,"FanDuel","GSV @ LVA","1022600078","First Basket by Team","First Points","Player","Team","Home/Away","Favorite/Underdog",0.1201,733,0.0833,1100,0.0368,0.0201,2.0061,0.937429906542056,2026-06-06 16:51:10.245446,10,"Stephanie Talbot","Loss",0.3999,-0.3999,0.186869158878505,-0.186869158878505
2026-06-06,"Draft Kings","GSV @ LVA","1022600078","First Basket by Team Exact","First FGM","Player","Team Exact","Home/Away","Favorite/Underdog",0.0552,1712,0.0435,2200,0.0117,0.0061,0.6126,0.443913043478261,2026-06-06 14:51:27.113716,1,"A'ja Wilson three point field goal","Loss",0.6126,-0.6126,0.443913043478261,-0.443913043478261
2026-06-06,"Draft Kings","GSV @ LVA","1022600078","First Basket by Team Exact","First FGM","Player","Team Exact","Home/Away","Favorite/Underdog",0.1468,581,0.0909,1000,0.0559,0.0308,3.0758,2.22884057971015,2026-06-06 14:51:27.113716,1,"Cecilia Zandalasini two point field goal","Loss",3.0758,-3.0758,2.22884057971015,-2.22884057971015
2026-06-06,"Draft Kings","GSV @ LVA","1022600078","First Basket by Team Exact","First FGM","Player","Team Exact","Home/Away","Favorite/Underdog",0.1044,857,0.0714,1300,0.033,0.0178,1.7777,1.2881884057971,2026-06-06 14:51:27.113716,1,"Chelsea Gray two point field goal","Loss",1.7777,-1.7777,1.2881884057971,-1.2881884057971
2026-06-06,"Draft Kings","GSV @ LVA","1022600078","First Basket by Team Exact","First FGM","Player","Team Exact","Home/Away","Favorite/Underdog",0.1096,812,0.0952,950,0.0144,0.008,0.7958,0.576666666666667,2026-06-06 14:51:27.113716,1,"Kiah Stokes two point field goal","Loss",0.7958,-0.7958,0.576666666666667,-0.576666666666667
2026-06-06,"Draft Kings","GSV @ LVA","1022600078","First Basket by Team Exact","First FGM","Player","Team Exact","Home/Away","Favorite/Underdog",0.0375,2566,0.0141,7000,0.0234,0.0119,1.1882,0.861014492753623,2026-06-06 14:51:27.113716,1,"NaLyssa Smith three point field goal","Loss",1.1882,-1.1882,0.861014492753623,-0.861014492753623
2026-06-06,"Draft Kings","GSV @ LVA","1022600078","First Basket by Team Exact","First FGM","Player","Team Exact","Home/Away","Favorite/Underdog",0.0858,1065,0.0714,1300,0.0144,0.0077,0.7741,0.560942028985507,2026-06-06 14:51:27.113716,1,"Stephanie Talbot two point field goal","Loss",0.7741,-0.7741,0.560942028985507,-0.560942028985507
2026-06-06,"Draft Kings","GSV @ LVA","1022600078","First Three by Team","First Three","Player","Team","Home/Away","Favorite/Underdog",0.0899,1012,0.05,1900,0.0399,0.021,2.1016,1.06141414141414,2026-06-06 15:21:58.514129,1,"A'ja Wilson","Loss",2.1016,-2.1016,1.06141414141414,-1.06141414141414
2026-06-06,"Draft Kings","GSV @ LVA","1022600078","First Three by Team","First Three","Player","Team","Home/Away","Favorite/Underdog",0.2396,317,0.1905,425,0.0491,0.0303,3.032,1.53131313131313,2026-06-06 14:51:27.238904,1,"Cecilia Zandalasini","Loss",3.032,-3.032,1.53131313131313,-1.53131313131313
2026-06-06,"Draft Kings","GSV @ LVA","1022600078","First Three by Team","First Three","Player","Team","Home/Away","Favorite/Underdog",0.0964,937,0.0667,1400,0.0298,0.0159,1.5948,0.805454545454545,2026-06-06 14:51:27.238904,1,"Kiah Stokes","Loss",1.5948,-1.5948,0.805454545454545,-0.805454545454545
2026-06-06,"Draft Kings","GSV @ LVA","1022600078","First Three by Team","First Three","Player","Team","Home/Away","Favorite/Underdog",0.0729,1271,0.0556,1700,0.0174,0.0092,0.9197,0.464494949494949,2026-06-06 15:21:58.514129,1,"NaLyssa Smith","Loss",0.9197,-0.9197,0.464494949494949,-0.464494949494949
2026-06-06,"Draft Kings","GSV @ LVA","1022600078","First Three by Team","First Three","Player","Team","Home/Away","Favorite/Underdog",0.2063,385,0.1739,475,0.0324,0.0196,1.9582,0.988989898989899,2026-06-06 15:21:58.514129,1,"Stephanie Talbot","Loss",1.9582,-1.9582,0.988989898989899,-0.988989898989899
2026-06-06,"FanDuel","IND @ NYL","1022600080","First Basket","First Points","Player","Game","Home/Away","Favorite/Underdog",0.0836,1096,0.0714,1300,0.0122,0.0066,0.655,0.555084745762712,2026-06-06 12:06:41.717208,1,"Leonie Fiebich","Loss",0.655,-0.655,0.555084745762712,-0.555084745762712
2026-06-06,"FanDuel","IND @ NYL","1022600080","First Basket","First Points","Player","Game","Home/Away","Favorite/Underdog",0.0837,1095,0.0714,1300,0.0123,0.0066,0.6604,0.559661016949153,2026-06-06 14:51:26.935081,6,"Leonie Fiebich","Loss",0.00539999999999996,-0.00539999999999996,0.00457627118644099,-0.00457627118644099
2026-06-06,"Fanatics","IND @ NYL","1022600080","First Basket","First FGM","Player","Game","Home/Away","Favorite/Underdog",0.0752,1230,0.0526,1800,0.0226,0.0119,1.191,1.00932203389831,2026-06-06 12:06:41.717208,1,"Lexie Hull","Loss",1.191,-1.191,1.00932203389831,-1.00932203389831
2026-06-06,"FanDuel","IND @ NYL","1022600080","First Basket","First Points","Player","Game","Home/Away","Favorite/Underdog",0.087,1050,0.0526,1800,0.0343,0.0181,1.8127,1.53618644067797,2026-06-06 12:06:41.717208,1,"Monique Billings","Loss",1.8127,-1.8127,1.53618644067797,-1.53618644067797
2026-06-06,"FanDuel","IND @ NYL","1022600080","First Basket","First Points","Player","Game","Home/Away","Favorite/Underdog",0.087,1050,0.05,1900,0.037,0.0195,1.9462,1.6493220338983,2026-06-06 13:03:22.657815,3,"Monique Billings","Loss",0.1335,-0.1335,0.11313559322033,-0.11313559322033
2026-06-06,"Fanatics","IND @ NYL","1022600080","First Basket by Team","First FGM","Player","Team","Home/Away","Favorite/Underdog",0.233,329,0.2222,350,0.0107,0.0069,0.69,0.322429906542056,2026-06-06 15:51:24.191126,1,"Jonquel Jones","Win",0.69,2.415,0.322429906542056,1.1285046728972
2026-06-06,"FanDuel","IND @ NYL","1022600080","First Basket by Team","First Points","Player","Team","Home/Away","Favorite/Underdog",0.161,521,0.125,700,0.036,0.0206,2.0562,0.960841121495327,2026-06-06 12:06:41.79698,1,"Leonie Fiebich","Loss",2.0562,-2.0562,0.960841121495327,-0.960841121495327
2026-06-06,"Fanatics","IND @ NYL","1022600080","First Basket by Team","First FGM","Player","Team","Home/Away","Favorite/Underdog",0.154,549,0.1111,800,0.0429,0.0241,2.4109,1.12658878504673,2026-06-06 12:06:41.79698,1,"Lexie Hull","Loss",2.4109,-2.4109,1.12658878504673,-1.12658878504673
2026-06-06,"Fanatics","IND @ NYL","1022600080","First Basket by Team","First FGM","Player","Team","Home/Away","Favorite/Underdog",0.1717,483,0.1538,550,0.0178,0.0105,1.0529,0.492009345794392,2026-06-06 16:21:45.13488,1,"Marine Johannes","Loss",1.0529,-1.0529,0.492009345794392,-0.492009345794392
2026-06-06,"FanDuel","IND @ NYL","1022600080","First Basket by Team","First Points","Player","Team","Home/Away","Favorite/Underdog",0.1809,453,0.1053,850,0.0757,0.0423,4.2283,1.97584112149533,2026-06-06 12:06:41.79698,1,"Monique Billings","Loss",4.2283,-4.2283,1.97584112149533,-1.97584112149533
2026-06-06,"Draft Kings","IND @ NYL","1022600080","First Basket by Team Exact","First FGM","Player","Team Exact","Home/Away","Favorite/Underdog",0.045,2123,0.0345,2800,0.0105,0.0054,0.544,0.394202898550725,2026-06-06 14:51:27.113716,1,"Aliyah Boston three point field goal","Loss",0.544,-0.544,0.394202898550725,-0.394202898550725
2026-06-06,"Draft Kings","IND @ NYL","1022600080","First Basket by Team Exact","First FGM","Player","Team Exact","Home/Away","Favorite/Underdog",0.1084,822,0.0769,1200,0.0315,0.0171,1.7053,1.23572463768116,2026-06-06 14:51:27.113716,1,"Leonie Fiebich two point field goal","Loss",1.7053,-1.7053,1.23572463768116,-1.23572463768116
2026-06-06,"Draft Kings","IND @ NYL","1022600080","First Basket by Team Exact","First FGM","Player","Team Exact","Home/Away","Favorite/Underdog",0.1048,854,0.0625,1500,0.0423,0.0226,2.2552,1.63420289855072,2026-06-06 14:51:27.113716,1,"Lexie Hull two point field goal","Loss",2.2552,-2.2552,1.63420289855072,-1.63420289855072
2026-06-06,"Draft Kings","IND @ NYL","1022600080","First Basket by Team Exact","First FGM","Player","Team Exact","Home/Away","Favorite/Underdog",0.1015,885,0.0714,1300,0.0301,0.0162,1.6199,1.17384057971014,2026-06-06 14:51:27.113716,1,"Marine Johannes two point field goal","Loss",1.6199,-1.6199,1.17384057971014,-1.17384057971014
2026-06-06,"Draft Kings","IND @ NYL","1022600080","First Basket by Team Exact","First FGM","Player","Team Exact","Home/Away","Favorite/Underdog",0.0388,2474,0.0179,5500,0.021,0.0107,1.0684,0.774202898550725,2026-06-06 14:51:27.113716,1,"Monique Billings three point field goal","Loss",1.0684,-1.0684,0.774202898550725,-0.774202898550725
2026-06-06,"Draft Kings","IND @ NYL","1022600080","First Basket by Team Exact","First FGM","Player","Team Exact","Home/Away","Favorite/Underdog",0.1398,615,0.1,900,0.0398,0.0221,2.2127,1.60340579710145,2026-06-06 14:51:27.113716,1,"Monique Billings two point field goal","Loss",2.2127,-2.2127,1.60340579710145,-1.60340579710145
2026-06-06,"Draft Kings","IND @ NYL","1022600080","First Basket by Team Exact","First FGM","Player","Team Exact","Home/Away","Favorite/Underdog",0.0663,1409,0.0526,1800,0.0136,0.0072,0.719,0.521014492753623,2026-06-06 14:51:27.113716,1,"Pauline Astier three point field goal","Loss",0.719,-0.719,0.521014492753623,-0.521014492753623
2026-06-06,"Draft Kings","IND @ NYL","1022600080","First Three by Team","First Three","Player","Team","Home/Away","Favorite/Underdog",0.0717,1295,0.0385,2500,0.0332,0.0173,1.7276,0.872525252525253,2026-06-06 14:51:27.238904,1,"Aliyah Boston","Loss",1.7276,-1.7276,0.872525252525253,-0.872525252525253
2026-06-06,"Draft Kings","IND @ NYL","1022600080","First Three by Team","First Three","Player","Team","Home/Away","Favorite/Underdog",0.1795,457,0.1538,550,0.0256,0.0151,1.5148,0.765050505050505,2026-06-06 14:51:27.238904,1,"Jonquel Jones","Loss",1.5148,-1.5148,0.765050505050505,-0.765050505050505
2026-06-06,"Fanatics","SEA @ MIN","1022600077","First Basket","First FGM","Player","Game","Home/Away","Favorite/Underdog",0.1041,860,0.0909,1000,0.0132,0.0073,0.7275,0.616525423728814,2026-06-06 12:06:41.717208,1,"Natisha Hiedeman","Loss",0.7275,-0.7275,0.616525423728814,-0.616525423728814
2026-06-06,"Draft Kings","SEA @ MIN","1022600077","First Basket Type","First FGM","Game","Exact","Home/Away","Favorite/Underdog",0.2693,271,0.2564,290,0.0129,0.0087,0.4332,0.3384375,2026-06-06 13:51:42.837784,1,"SEA @ MIN three point field goal","Win",0.4332,1.25628,0.3384375,0.98146875
2026-06-06,"FanDuel","SEA @ MIN","1022600077","First Basket by Team","First Points","Player","Team","Home/Away","Favorite/Underdog",0.2087,379,0.1818,450,0.0269,0.0164,1.641,0.766822429906542,2026-06-06 12:06:41.79698,1,"Courtney Williams","Loss",1.641,-1.641,0.766822429906542,-0.766822429906542
2026-06-06,"FanDuel","SEA @ MIN","1022600077","First Basket by Team","First Points","Player","Team","Home/Away","Favorite/Underdog",0.2087,379,0.1754,470,0.0332,0.0202,2.0151,0.941635514018691,2026-06-06 13:03:22.743312,3,"Courtney Williams","Loss",0.3741,-0.3741,0.174813084112149,-0.174813084112149
2026-06-06,"FanDuel","SEA @ MIN","1022600077","First Basket by Team","First Points","Player","Team","Home/Away","Favorite/Underdog",0.2087,379,0.1724,480,0.0363,0.0219,2.1905,1.02359813084112,2026-06-06 13:51:42.637126,4,"Courtney Williams","Loss",0.1754,-0.1754,0.081962616822429,-0.081962616822429
2026-06-06,"FanDuel","SEA @ MIN","1022600077","First Basket by Team","First Points","Player","Team","Home/Away","Favorite/Underdog",0.2087,379,0.1695,490,0.0392,0.0236,2.3587,1.10219626168224,2026-06-06 16:21:45.13488,9,"Courtney Williams","Loss",0.1682,-0.1682,0.0785981308411201,-0.0785981308411201
2026-06-06,"Fanatics","SEA @ MIN","1022600077","First Basket by Team","First FGM","Player","Team","Home/Away","Favorite/Underdog",0.2008,398,0.1905,425,0.0104,0.0064,0.6396,0.298878504672897,2026-06-06 15:21:58.294663,1,"Jordan Horston","Loss",0.6396,-0.6396,0.298878504672897,-0.298878504672897
2026-06-06,"Fanatics","SEA @ MIN","1022600077","First Basket by Team","First FGM","Player","Team","Home/Away","Favorite/Underdog",0.1991,402,0.1739,475,0.0251,0.0152,1.5216,0.711028037383178,2026-06-06 12:06:41.79698,1,"Natisha Hiedeman","Loss",1.5216,-1.5216,0.711028037383178,-0.711028037383178
2026-06-06,"Fanatics","SEA @ MIN","1022600077","First Basket by Team","First FGM","Player","Team","Home/Away","Favorite/Underdog",0.1991,402,0.1667,500,0.0324,0.0194,1.9431,0.907990654205607,2026-06-06 12:32:40.711013,2,"Natisha Hiedeman","Loss",0.4215,-0.4215,0.196962616822429,-0.196962616822429
2026-06-06,"Draft Kings","SEA @ MIN","1022600077","First Basket by Team Exact","First FGM","Player","Team Exact","Home/Away","Favorite/Underdog",0.1547,546,0.1429,600,0.0119,0.0069,0.6928,0.502028985507246,2026-06-06 13:51:42.737625,1,"Courtney Williams two point field goal","Loss",0.6928,-0.6928,0.502028985507246,-0.502028985507246
2026-06-06,"Draft Kings","SEA @ MIN","1022600077","First Basket by Team Exact","First FGM","Player","Team Exact","Home/Away","Favorite/Underdog",0.0484,1967,0.0152,6500,0.0332,0.0169,1.6875,1.22282608695652,2026-06-06 13:51:42.737625,1,"Natasha Howard three point field goal","Loss",1.6875,-1.6875,1.22282608695652,-1.22282608695652
2026-06-06,"Draft Kings","SEA @ MIN","1022600077","First Basket by Team Exact","First FGM","Player","Team Exact","Home/Away","Favorite/Underdog",0.1442,594,0.1333,650,0.0109,0.0063,0.6264,0.453913043478261,2026-06-06 13:51:42.737625,1,"Natisha Hiedeman two point field goal","Loss",0.6264,-0.6264,0.453913043478261,-0.453913043478261
2026-06-06,"Draft Kings","SEA @ MIN","1022600077","First Basket by Team Exact","First FGM","Player","Team Exact","Home/Away","Favorite/Underdog",0.1033,868,0.0909,1000,0.0124,0.0068,0.6824,0.494492753623188,2026-06-06 13:51:42.737625,1,"Nia Coffey two point field goal","Loss",0.6824,-0.6824,0.494492753623188,-0.494492753623188
2026-06-06,"Draft Kings","SEA @ MIN","1022600077","First Team","First FGM","Team","Quarter","Home/Away","Favorite/Underdog",0.5232,-110,0.5122,-105,0.011,0.0112,0.5622,0.365064935064935,2026-06-06 13:51:42.767754,1,"1Q SEA","Win",0.5622,0.535428571428571,0.365064935064935,0.347680890538033
2026-06-06,"Draft Kings","SEA @ MIN","1022600077","First Three by Team","First Three","Player","Team","Home/Away","Favorite/Underdog",0.1318,659,0.0769,1200,0.0548,0.0297,2.9699,1.4999494949495,2026-06-06 13:51:42.870573,1,"Courtney Williams","Loss",2.9699,-2.9699,1.4999494949495,-1.4999494949495
2026-06-06,"Draft Kings","SEA @ MIN","1022600077","First Three by Team","First Three","Player","Team","Home/Away","Favorite/Underdog",0.0593,1588,0.0385,2500,0.0208,0.0108,1.0813,0.546111111111111,2026-06-06 13:51:42.870573,1,"Natasha Howard","Loss",1.0813,-1.0813,0.546111111111111,-0.546111111111111
2026-06-06,"Draft Kings","SEA @ MIN","1022600077","First Three by Team","First Three","Player","Team","Home/Away","Favorite/Underdog",0.19,426,0.1176,750,0.0723,0.041,4.0986,2.07,2026-06-06 13:51:42.870573,1,"Stefanie Dolson","Win",4.0986,30.7395,2.07,15.525
2026-06-06,"FanDuel","WAS @ ATL","1022600079","First Basket","First Points","Player","Game","Home/Away","Favorite/Underdog",0.0915,993,0.0714,1300,0.0201,0.0108,1.0798,0.915084745762712,2026-06-06 12:06:41.717208,1,"Jordin Canada","Loss",1.0798,-1.0798,0.915084745762712,-0.915084745762712
2026-06-06,"FanDuel","WAS @ ATL","1022600079","First Basket","First Points","Player","Game","Home/Away","Favorite/Underdog",0.0869,1050,0.0769,1200,0.01,0.0054,0.5429,0.460084745762712,2026-06-06 12:06:41.717208,1,"Michaela Onyenwere","Loss",0.5429,-0.5429,0.460084745762712,-0.460084745762712
2026-06-06,"MGM","WAS @ ATL","1022600079","First Basket","First FGM","Player","Game","Home/Away","Favorite/Underdog",0.0878,1039,0.0769,1200,0.0109,0.0059,0.588,0.498305084745763,2026-06-06 13:03:22.657815,3,"Michaela Onyenwere","Loss",0.0450999999999999,-0.0450999999999999,0.038220338983051,-0.038220338983051
2026-06-06,"FanDuel","WAS @ ATL","1022600079","First Basket","First Points","Player","Game","Home/Away","Favorite/Underdog",0.0882,1034,0.0769,1200,0.0113,0.0061,0.6118,0.518474576271186,2026-06-06 13:03:22.657815,1,"Naz Hillmon","Loss",0.6118,-0.6118,0.518474576271186,-0.518474576271186
2026-06-06,"FanDuel","WAS @ ATL","1022600079","First Basket by Team","First Points","Player","Team","Home/Away","Favorite/Underdog",0.224,346,0.2128,370,0.0113,0.0072,0.7162,0.334672897196262,2026-06-06 17:29:42.266935,1,"Allisha Gray","Loss",0.7162,-0.7162,0.334672897196262,-0.334672897196262
2026-06-06,"FanDuel","WAS @ ATL","1022600079","First Basket by Team","First Points","Player","Team","Home/Away","Favorite/Underdog",0.1784,461,0.1333,650,0.0451,0.026,2.5995,1.21471962616822,2026-06-06 12:06:41.79698,1,"Jordin Canada","Loss",2.5995,-2.5995,1.21471962616822,-1.21471962616822
2026-06-06,"FanDuel","WAS @ ATL","1022600079","First Basket by Team","First Points","Player","Team","Home/Away","Favorite/Underdog",0.1785,460,0.1538,550,0.0246,0.0145,1.4548,0.67981308411215,2026-06-06 12:06:41.79698,1,"Michaela Onyenwere","Loss",1.4548,-1.4548,0.67981308411215,-0.67981308411215
2026-06-06,"FanDuel","WAS @ ATL","1022600079","First Basket by Team","First Points","Player","Team","Home/Away","Favorite/Underdog",0.172,481,0.1538,550,0.0182,0.0107,1.0743,0.502009345794392,2026-06-06 12:06:41.79698,1,"Naz Hillmon","Loss",1.0743,-1.0743,0.502009345794392,-0.502009345794392
2026-06-06,"FanDuel","WAS @ ATL","1022600079","First Basket by Team","First Points","Player","Team","Home/Away","Favorite/Underdog",0.172,481,0.1429,600,0.0292,0.017,1.7015,0.795093457943925,2026-06-06 16:51:10.245446,10,"Naz Hillmon","Loss",0.6272,-0.6272,0.293084112149533,-0.293084112149533
2026-06-06,"Draft Kings","WAS @ ATL","1022600079","First Basket by Team Exact","First FGM","Player","Team Exact","Home/Away","Favorite/Underdog",0.0444,2151,0.0217,4500,0.0227,0.0116,1.1596,0.840289855072464,2026-06-06 14:51:27.113716,1,"Angel Reese three point field goal","Loss",1.1596,-1.1596,0.840289855072464,-0.840289855072464
2026-06-06,"Draft Kings","WAS @ ATL","1022600079","First Basket by Team Exact","First FGM","Player","Team Exact","Home/Away","Favorite/Underdog",0.0426,2245,0.0152,6500,0.0275,0.014,1.396,1.01159420289855,2026-06-06 14:51:27.113716,1,"Kiki Iriafen three point field goal","Loss",1.396,-1.396,1.01159420289855,-1.01159420289855
2026-06-06,"Draft Kings","WAS @ ATL","1022600079","First Basket by Team Exact","First FGM","Player","Team Exact","Home/Away","Favorite/Underdog",0.1261,693,0.1111,800,0.015,0.0084,0.8436,0.611304347826087,2026-06-06 14:51:27.113716,1,"Michaela Onyenwere two point field goal","Loss",0.8436,-0.8436,0.611304347826087,-0.611304347826087
2026-06-06,"Draft Kings","WAS @ ATL","1022600079","First Basket by Team Exact","First FGM","Player","Team Exact","Home/Away","Favorite/Underdog",0.0438,2186,0.0179,5500,0.0259,0.0132,1.3184,0.95536231884058,2026-06-06 14:51:27.113716,1,"Shakira Austin three point field goal","Loss",1.3184,-1.3184,0.95536231884058,-0.95536231884058
2026-06-06,"Draft Kings","WAS @ ATL","1022600079","First Three by Team","First Three","Player","Team","Home/Away","Favorite/Underdog",0.2061,385,0.1818,450,0.0243,0.0148,1.4846,0.74979797979798,2026-06-06 14:51:27.238904,1,"Allisha Gray","Loss",1.4846,-1.4846,0.74979797979798,-0.74979797979798
2026-06-06,"Draft Kings","WAS @ ATL","1022600079","First Three by Team","First Three","Player","Team","Home/Away","Favorite/Underdog",0.2075,382,0.1667,500,0.0408,0.0245,2.4482,1.23646464646465,2026-06-06 14:51:27.238904,1,"Sonia Citron","Win",2.4482,12.241,1.23646464646465,6.18232323232325
2026-06-07,"FanDuel","CHI @ TOR","1022600081","First Basket","First Points","Player","Game","Home/Away","Favorite/Underdog",0.0844,1085,0.0625,1500,0.0219,0.0117,1.1667,0.988728813559322,2026-06-07 12:22:08.134405,1,"Jacy Sheldon","Loss",1.1667,-1.1667,0.988728813559322,-0.988728813559322
2026-06-07,"MGM","CHI @ TOR","1022600081","First Basket","First FGM","Player","Game","Home/Away","Favorite/Underdog",0.0896,1016,0.0769,1200,0.0126,0.0069,0.6851,0.580593220338983,2026-06-07 13:51:41.560069,1,"Laura Juskaite","Loss",0.6851,-0.6851,0.580593220338983,-0.580593220338983
2026-06-07,"MGM","CHI @ TOR","1022600081","First Basket","First FGM","Player","Game","Home/Away","Favorite/Underdog",0.0896,1016,0.0769,1200,0.0127,0.0069,0.6866,0.581864406779661,2026-06-07 15:21:36.405778,4,"Laura Juskaite","Loss",0.00149999999999995,-0.00149999999999995,0.00127118644067803,-0.00127118644067803
2026-06-07,"MGM","CHI @ TOR","1022600081","First Basket","First FGM","Player","Game","Home/Away","Favorite/Underdog",0.0899,1012,0.0769,1200,0.013,0.007,0.7024,0.595254237288136,2026-06-07 18:51:35.497075,11,"Laura Juskaite","Loss",0.0158,-0.0158,0.013389830508475,-0.013389830508475
2026-06-07,"BetRivers","CHI @ TOR","1022600081","First Basket","First FGM","Player","Game","Home/Away","Favorite/Underdog",0.0928,978,0.0769,1200,0.0159,0.0086,0.8586,0.727627118644068,2026-06-07 18:51:35.497075,1,"Rachel Banham","Loss",0.8586,-0.8586,0.727627118644068,-0.727627118644068
2026-06-07,"FanDuel","CHI @ TOR","1022600081","First Basket","First Points","Player","Game","Home/Away","Favorite/Underdog",0.1122,792,0.0952,950,0.0169,0.0093,0.9349,0.79228813559322,2026-06-07 12:22:08.134405,1,"Skylar Diggins","Loss",0.9349,-0.9349,0.79228813559322,-0.79228813559322
2026-06-07,"FanDuel","CHI @ TOR","1022600081","First Basket Exact","First Points","Player","Exact","Home/Away","Favorite/Underdog",0.0344,2805,0.0244,4000,0.01,0.0051,0.5139,0.767014925373134,2026-06-07 18:51:35.737361,1,"Marina Mabrey layup","Loss",0.5139,-0.5139,0.767014925373134,-0.767014925373134
2026-06-07,"FanDuel","CHI @ TOR","1022600081","First Basket Exact","First Points","Player","Exact","Home/Away","Favorite/Underdog",0.0304,3186,0.0196,5000,0.0108,0.0055,0.5523,0.824328358208955,2026-06-07 18:51:35.737361,1,"Rachel Banham layup","Loss",0.5523,-0.5523,0.824328358208955,-0.824328358208955
2026-06-07,"FanDuel","CHI @ TOR","1022600081","First Basket by Team","First Points","Player","Team","Home/Away","Favorite/Underdog",0.1566,539,0.125,700,0.0316,0.0181,1.8064,0.84411214953271,2026-06-07 12:22:08.291134,1,"Jacy Sheldon","Loss",1.8064,-1.8064,0.84411214953271,-0.84411214953271
2026-06-07,"Fanatics","CHI @ TOR","1022600081","First Basket by Team","First FGM","Player","Team","Home/Away","Favorite/Underdog",0.1625,515,0.1176,750,0.0449,0.0254,2.5438,1.18869158878505,2026-06-07 13:51:41.7173,4,"Jacy Sheldon","Loss",0.7374,-0.7374,0.34457943925234,-0.34457943925234
2026-06-07,"FanDuel","CHI @ TOR","1022600081","First Basket by Team","First Points","Player","Team","Home/Away","Favorite/Underdog",0.1566,539,0.1111,800,0.0455,0.0256,2.5594,1.19598130841121,2026-06-07 17:51:34.846311,12,"Jacy Sheldon","Loss",0.0156000000000001,-0.0156000000000001,0.0072897196261601,-0.0072897196261601
2026-06-07,"Fanatics","CHI @ TOR","1022600081","First Basket by Team","First FGM","Player","Team","Home/Away","Favorite/Underdog",0.1625,515,0.1111,800,0.0514,0.0289,2.8928,1.35177570093458,2026-06-07 18:21:35.867888,13,"Jacy Sheldon","Loss",0.3334,-0.3334,0.15579439252337,-0.15579439252337
2026-06-07,"FanDuel","CHI @ TOR","1022600081","First Basket by Team","First Points","Player","Team","Home/Away","Favorite/Underdog",0.1918,421,0.1538,550,0.0379,0.0224,2.241,1.04719626168224,2026-06-07 12:22:08.291134,1,"Laura Juskaite","Loss",2.241,-2.241,1.04719626168224,-1.04719626168224
2026-06-07,"FanDuel","CHI @ TOR","1022600081","First Basket by Team","First Points","Player","Team","Home/Away","Favorite/Underdog",0.2155,364,0.2041,390,0.0114,0.0072,0.7185,0.335747663551402,2026-06-07 12:22:08.291134,1,"Nyara Sabally","Win",0.7185,2.80215,0.335747663551402,1.30941588785047
2026-06-07,"Draft Kings","CHI @ TOR","1022600081","First Basket by Team","First FGM","Player","Team","Home/Away","Favorite/Underdog",0.1774,464,0.1538,550,0.0235,0.0139,1.3905,0.649766355140187,2026-06-07 18:51:35.653668,1,"Rachel Banham","Loss",1.3905,-1.3905,0.649766355140187,-0.649766355140187
2026-06-07,"FanDuel","CHI @ TOR","1022600081","First Basket by Team","First Points","Player","Team","Home/Away","Favorite/Underdog",0.2082,380,0.1961,410,0.0121,0.0075,0.7523,0.351542056074766,2026-06-07 12:22:08.291134,1,"Skylar Diggins","Loss",0.7523,-0.7523,0.351542056074766,-0.351542056074766
2026-06-07,"FanDuel","CHI @ TOR","1022600081","First Basket by Team","First Points","Player","Team","Home/Away","Favorite/Underdog",0.2082,380,0.1923,420,0.0159,0.0098,0.9822,0.458971962616822,2026-06-07 15:21:36.563151,4,"Skylar Diggins","Loss",0.2299,-0.2299,0.107429906542056,-0.107429906542056
2026-06-07,"FanDuel","CHI @ TOR","1022600081","First Basket by Team","First Points","Player","Team","Home/Away","Favorite/Underdog",0.2088,379,0.1887,430,0.0201,0.0124,1.2389,0.57892523364486,2026-06-07 18:51:35.653668,7,"Skylar Diggins","Loss",0.2567,-0.2567,0.119953271028038,-0.119953271028038
2026-06-07,"Draft Kings","CHI @ TOR","1022600081","First Basket by Team Exact","First FGM","Player","Team Exact","Home/Away","Favorite/Underdog",0.1127,787,0.0833,1100,0.0294,0.016,1.601,1.16014492753623,2026-06-07 13:51:41.891283,1,"Jacy Sheldon two point field goal","Loss",1.601,-1.601,1.16014492753623,-1.16014492753623
2026-06-07,"Draft Kings","CHI @ TOR","1022600081","First Basket by Team Exact","First FGM","Player","Team Exact","Home/Away","Favorite/Underdog",0.1141,776,0.0588,1600,0.0553,0.0294,2.9382,2.12913043478261,2026-06-07 18:51:35.828248,1,"Rachel Banham two point field goal","Loss",2.9382,-2.9382,2.12913043478261,-2.12913043478261
2026-06-07,"FanDuel","CHI @ TOR","1022600081","First Team","First Points","Team","Quarter","Home/Away","Favorite/Underdog",0.4633,116,0.4386,128,0.0247,0.022,1.1005,0.71461038961039,2026-06-07 13:51:41.949062,1,"1Q TOR","Win",1.1005,1.40864,0.71461038961039,0.914701298701299
2026-06-07,"FanDuel","CHI @ TOR","1022600081","First Team","First Points","Team","Quarter","Home/Away","Favorite/Underdog",0.4641,115,0.4386,128,0.0255,0.0227,1.1373,0.738506493506493,2026-06-07 15:21:36.795376,4,"1Q TOR","Win",0.0367999999999999,0.0471039999999999,0.023896103896103,0.0305870129870118
2026-06-07,"Draft Kings","CHI @ TOR","1022600081","First Three by Team","First Three","Player","Team","Home/Away","Favorite/Underdog",0.1342,645,0.1111,800,0.0231,0.013,1.3013,0.657222222222222,2026-06-07 13:51:42.151618,1,"Brittney Sykes","Loss",1.3013,-1.3013,0.657222222222222,-0.657222222222222
2026-06-07,"FanDuel","PDX @ LAS","1022600082","First Basket","First Points","Player","Game","Home/Away","Favorite/Underdog",0.0958,943,0.0714,1300,0.0244,0.0131,1.314,1.1135593220339,2026-06-07 12:22:08.134405,1,"Ariel Atkins","Loss",1.314,-1.314,1.1135593220339,-1.1135593220339
2026-06-07,"FanDuel","PDX @ LAS","1022600082","First Basket","First Points","Player","Game","Home/Away","Favorite/Underdog",0.0878,1039,0.0625,1500,0.0253,0.0135,1.3485,1.14279661016949,2026-06-07 12:22:08.134405,1,"Erica Wheeler","Loss",1.3485,-1.3485,1.14279661016949,-1.14279661016949
2026-06-07,"FanDuel","PDX @ LAS","1022600082","First Basket","First Points","Player","Game","Home/Away","Favorite/Underdog",0.0888,1026,0.0625,1500,0.0263,0.0141,1.4052,1.19084745762712,2026-06-07 15:21:36.405778,7,"Erica Wheeler","Loss",0.0567,-0.0567,0.04805084745763,-0.04805084745763
2026-06-07,"FanDuel","PDX @ LAS","1022600082","First Basket","First Points","Player","Game","Home/Away","Favorite/Underdog",0.0899,1013,0.0769,1200,0.013,0.007,0.7019,0.594830508474576,2026-06-07 12:22:08.134405,1,"Megan Gustafson","Loss",0.7019,-0.7019,0.594830508474576,-0.594830508474576
2026-06-07,"FanDuel","PDX @ LAS","1022600082","First Basket","First Points","Player","Game","Home/Away","Favorite/Underdog",0.0887,1027,0.0714,1300,0.0173,0.0093,0.9316,0.789491525423729,2026-06-07 17:21:34.353056,11,"Megan Gustafson","Loss",0.2297,-0.2297,0.194661016949153,-0.194661016949153
2026-06-07,"FanDuel","PDX @ LAS","1022600082","First Basket Exact","First Points","Player","Exact","Home/Away","Favorite/Underdog",0.0316,3062,0.0196,5000,0.012,0.0061,0.613,0.914925373134328,2026-06-07 13:51:41.804944,1,"Ariel Atkins layup","Loss",0.613,-0.613,0.914925373134328,-0.914925373134328
2026-06-07,"FanDuel","PDX @ LAS","1022600082","First Basket by Team","First Points","Player","Team","Home/Away","Favorite/Underdog",0.1864,437,0.1333,650,0.0531,0.0306,3.0609,1.43032710280374,2026-06-07 12:22:08.291134,1,"Ariel Atkins","Loss",3.0609,-3.0609,1.43032710280374,-1.43032710280374
2026-06-07,"FanDuel","PDX @ LAS","1022600082","First Basket by Team","First Points","Player","Team","Home/Away","Favorite/Underdog",0.1707,486,0.1176,750,0.0531,0.0301,3.0086,1.40588785046729,2026-06-07 12:22:08.291134,1,"Erica Wheeler","Loss",3.0086,-3.0086,1.40588785046729,-1.40588785046729
2026-06-07,"FanDuel","PDX @ LAS","1022600082","First Basket by Team","First Points","Player","Team","Home/Away","Favorite/Underdog",0.1707,486,0.1111,800,0.0596,0.0335,3.3541,1.56733644859813,2026-06-07 17:21:34.509561,11,"Erica Wheeler","Loss",0.3455,-0.3455,0.16144859813084,-0.16144859813084
2026-06-07,"FanDuel","PDX @ LAS","1022600082","First Basket by Team","First Points","Player","Team","Home/Away","Favorite/Underdog",0.185,441,0.1538,550,0.0311,0.0184,1.8406,0.860093457943925,2026-06-07 12:22:08.291134,1,"Megan Gustafson","Loss",1.8406,-1.8406,0.860093457943925,-0.860093457943925
2026-06-07,"FanDuel","PDX @ LAS","1022600082","First Basket by Team","First Points","Player","Team","Home/Away","Favorite/Underdog",0.1857,438,0.1538,550,0.0319,0.0188,1.8836,0.88018691588785,2026-06-07 22:51:35.488152,22,"Megan Gustafson","Loss",0.0429999999999999,-0.0429999999999999,0.020093457943925,-0.020093457943925
2026-06-07,"Draft Kings","PDX @ LAS","1022600082","First Basket by Team Exact","First FGM","Player","Team Exact","Home/Away","Favorite/Underdog",0.1318,659,0.0952,950,0.0365,0.0202,2.0187,1.46282608695652,2026-06-07 13:51:41.891283,1,"Ariel Atkins two point field goal","Loss",2.0187,-2.0187,1.46282608695652,-1.46282608695652
2026-06-07,"Draft Kings","PDX @ LAS","1022600082","First Basket by Team Exact","First FGM","Player","Team Exact","Home/Away","Favorite/Underdog",0.0419,2288,0.0217,4500,0.0201,0.0103,1.0294,0.745942028985507,2026-06-07 13:51:41.891283,1,"Dearica Hamby three point field goal","Loss",1.0294,-1.0294,0.745942028985507,-0.745942028985507
2026-06-07,"Draft Kings","PDX @ LAS","1022600082","First Basket by Team Exact","First FGM","Player","Team Exact","Home/Away","Favorite/Underdog",0.1156,765,0.0714,1300,0.0441,0.0238,2.377,1.72246376811594,2026-06-07 13:51:41.891283,1,"Erica Wheeler two point field goal","Loss",2.377,-2.377,1.72246376811594,-1.72246376811594
2026-06-07,"Draft Kings","PDX @ LAS","1022600082","First Three by Team","First Three","Player","Team","Home/Away","Favorite/Underdog",0.1448,590,0.0909,1000,0.0539,0.0297,2.9659,1.49792929292929,2026-06-07 13:51:42.151618,1,"Megan Gustafson","Loss",2.9659,-2.9659,1.49792929292929,-1.49792929292929
2026-06-07,"Draft Kings","PDX @ LAS","1022600082","First Three by Team","First Three","Player","Team","Home/Away","Favorite/Underdog",0.1448,590,0.0909,1000,0.0539,0.0297,2.9665,1.49823232323232,2026-06-07 22:51:35.916544,19,"Megan Gustafson","Loss",0.000599999999999934,-0.000599999999999934,0.000303030303030027,-0.000303030303030027
2026-06-08,"FanDuel","IND @ WAS","1022600084","First Basket","First Points","Player","Game","Home/Away","Favorite/Underdog",0.1167,757,0.1053,850,0.0115,0.0064,0.64,0.542372881355932,2026-06-08 12:22:15.437463,1,"Caitlin Clark","Loss",0.64,-0.64,0.542372881355932,-0.542372881355932
2026-06-08,"FanDuel","IND @ WAS","1022600084","First Basket","First Points","Player","Game","Home/Away","Favorite/Underdog",0.1167,757,0.1,900,0.0167,0.0093,0.9287,0.787033898305085,2026-06-08 13:21:47.083834,3,"Caitlin Clark","Loss",0.2887,-0.2887,0.244661016949153,-0.244661016949153
2026-06-08,"FanDuel","IND @ WAS","1022600084","First Basket","First Points","Player","Game","Home/Away","Favorite/Underdog",0.1167,757,0.0952,950,0.0215,0.0119,1.187,1.00593220338983,2026-06-08 16:51:35.721052,10,"Caitlin Clark","Loss",0.2583,-0.2583,0.218898305084745,-0.218898305084745
2026-06-08,"FanDuel","IND @ WAS","1022600084","First Basket","First Points","Player","Game","Home/Away","Favorite/Underdog",0.1167,757,0.0909,1000,0.0258,0.0142,1.4194,1.2028813559322,2026-06-08 22:51:38.420713,22,"Caitlin Clark","Loss",0.2324,-0.2324,0.19694915254237,-0.19694915254237
2026-06-08,"FanDuel","IND @ WAS","1022600084","First Basket","First Points","Player","Game","Home/Away","Favorite/Underdog",0.0731,1268,0.0588,1600,0.0143,0.0076,0.7571,0.641610169491525,2026-06-08 12:22:15.437463,1,"Lexie Hull","Loss",0.7571,-0.7571,0.641610169491525,-0.641610169491525
2026-06-08,"FanDuel","IND @ WAS","1022600084","First Basket","First Points","Player","Game","Home/Away","Favorite/Underdog",0.073,1271,0.0556,1700,0.0174,0.0092,0.9209,0.780423728813559,2026-06-08 15:21:35.826672,7,"Lexie Hull","Loss",0.1638,-0.1638,0.138813559322034,-0.138813559322034
2026-06-08,"FanDuel","IND @ WAS","1022600084","First Basket","First Points","Player","Game","Home/Away","Favorite/Underdog",0.0731,1268,0.0556,1700,0.0175,0.0093,0.9275,0.786016949152542,2026-06-08 16:51:35.721052,10,"Lexie Hull","Loss",0.00659999999999994,-0.00659999999999994,0.00559322033898302,-0.00559322033898302
2026-06-08,"FanDuel","IND @ WAS","1022600084","First Basket","First Points","Player","Game","Home/Away","Favorite/Underdog",0.0731,1268,0.0526,1800,0.0204,0.0108,1.0789,0.914322033898305,2026-06-08 17:51:35.570312,12,"Lexie Hull","Loss",0.1514,-0.1514,0.128305084745763,-0.128305084745763
2026-06-08,"FanDuel","IND @ WAS","1022600084","First Basket","First Points","Player","Game","Home/Away","Favorite/Underdog",0.0933,972,0.0667,1400,0.0266,0.0142,1.4246,1.20728813559322,2026-06-08 12:22:15.437463,1,"Monique Billings","Loss",1.4246,-1.4246,1.20728813559322,-1.20728813559322
2026-06-08,"FanDuel","IND @ WAS","1022600084","First Basket by Team","First Points","Player","Team","Home/Away","Favorite/Underdog",0.2256,343,0.2041,390,0.0215,0.0135,1.351,0.631308411214953,2026-06-08 12:22:15.59506,1,"Caitlin Clark","Loss",1.351,-1.351,0.631308411214953,-0.631308411214953
2026-06-08,"FanDuel","IND @ WAS","1022600084","First Basket by Team","First Points","Player","Team","Home/Away","Favorite/Underdog",0.2256,343,0.2,400,0.0256,0.016,1.5992,0.747289719626168,2026-06-08 13:21:47.24474,3,"Caitlin Clark","Loss",0.2482,-0.2482,0.115981308411215,-0.115981308411215
2026-06-08,"FanDuel","IND @ WAS","1022600084","First Basket by Team","First Points","Player","Team","Home/Away","Favorite/Underdog",0.2256,343,0.1887,430,0.0369,0.0227,2.2746,1.06289719626168,2026-06-08 16:51:35.879898,10,"Caitlin Clark","Loss",0.6754,-0.6754,0.315607476635512,-0.315607476635512
2026-06-08,"FanDuel","IND @ WAS","1022600084","First Basket by Team","First Points","Player","Team","Home/Away","Favorite/Underdog",0.2256,343,0.1786,460,0.047,0.0286,2.8618,1.33728971962617,2026-06-08 17:51:35.730273,12,"Caitlin Clark","Loss",0.5872,-0.5872,0.27439252336449,-0.27439252336449
2026-06-08,"FanDuel","IND @ WAS","1022600084","First Basket by Team","First Points","Player","Team","Home/Away","Favorite/Underdog",0.1295,672,0.1176,750,0.0119,0.0067,0.6726,0.314299065420561,2026-06-08 21:51:36.524682,1,"Georgia Amoore","Loss",0.6726,-0.6726,0.314299065420561,-0.314299065420561
2026-06-08,"FanDuel","IND @ WAS","1022600084","First Basket by Team","First Points","Player","Team","Home/Away","Favorite/Underdog",0.1295,672,0.1111,800,0.0184,0.0104,1.0353,0.483785046728972,2026-06-08 22:51:38.580974,3,"Georgia Amoore","Loss",0.3627,-0.3627,0.169485981308411,-0.169485981308411
2026-06-08,"FanDuel","IND @ WAS","1022600084","First Basket by Team","First Points","Player","Team","Home/Away","Favorite/Underdog",0.1412,608,0.1176,750,0.0236,0.0134,1.3368,0.624672897196262,2026-06-08 12:22:15.59506,1,"Lexie Hull","Loss",1.3368,-1.3368,0.624672897196262,-0.624672897196262
2026-06-08,"Draft Kings","IND @ WAS","1022600084","First Basket by Team","First FGM","Player","Team","Home/Away","Favorite/Underdog",0.1424,602,0.1111,800,0.0313,0.0176,1.7612,0.822990654205607,2026-06-08 15:21:35.98469,7,"Lexie Hull","Loss",0.4244,-0.4244,0.198317757009345,-0.198317757009345
2026-06-08,"FanDuel","IND @ WAS","1022600084","First Basket by Team","First Points","Player","Team","Home/Away","Favorite/Underdog",0.1412,608,0.1053,850,0.036,0.0201,2.0104,0.939439252336449,2026-06-08 16:51:35.879898,10,"Lexie Hull","Loss",0.2492,-0.2492,0.116448598130842,-0.116448598130842
2026-06-08,"FanDuel","IND @ WAS","1022600084","First Basket by Team","First Points","Player","Team","Home/Away","Favorite/Underdog",0.1412,608,0.1,900,0.0412,0.0229,2.291,1.07056074766355,2026-06-08 17:51:35.730273,12,"Lexie Hull","Loss",0.2806,-0.2806,0.131121495327101,-0.131121495327101
2026-06-08,"FanDuel","IND @ WAS","1022600084","First Basket by Team","First Points","Player","Team","Home/Away","Favorite/Underdog",0.1702,488,0.1538,550,0.0163,0.0096,0.9645,0.450700934579439,2026-06-08 13:21:47.24474,1,"Michaela Onyenwere","Loss",0.9645,-0.9645,0.450700934579439,-0.450700934579439
2026-06-08,"FanDuel","IND @ WAS","1022600084","First Basket by Team","First Points","Player","Team","Home/Away","Favorite/Underdog",0.1803,455,0.1333,650,0.0469,0.0271,2.7068,1.26485981308411,2026-06-08 12:22:15.59506,1,"Monique Billings","Loss",2.7068,-2.7068,1.26485981308411,-1.26485981308411
2026-06-08,"Draft Kings","IND @ WAS","1022600084","First Basket by Team Exact","First FGM","Player","Team Exact","Home/Away","Favorite/Underdog",0.1395,617,0.125,700,0.0145,0.0083,0.8294,0.601014492753623,2026-06-08 15:21:36.16982,1,"Caitlin Clark two point field goal","Loss",0.8294,-0.8294,0.601014492753623,-0.601014492753623
2026-06-08,"Draft Kings","IND @ WAS","1022600084","First Basket by Team Exact","First FGM","Player","Team Exact","Home/Away","Favorite/Underdog",0.0411,2332,0.0217,4500,0.0194,0.0099,0.9901,0.717463768115942,2026-06-08 15:21:36.16982,1,"Kiki Iriafen three point field goal","Loss",0.9901,-0.9901,0.717463768115942,-0.717463768115942
2026-06-08,"Draft Kings","IND @ WAS","1022600084","First Basket by Team Exact","First FGM","Player","Team Exact","Home/Away","Favorite/Underdog",0.0935,969,0.0625,1500,0.031,0.0166,1.655,1.19927536231884,2026-06-08 15:21:36.16982,1,"Lexie Hull two point field goal","Loss",1.655,-1.655,1.19927536231884,-1.19927536231884
2026-06-08,"Draft Kings","IND @ WAS","1022600084","First Basket by Team Exact","First FGM","Player","Team Exact","Home/Away","Favorite/Underdog",0.0369,2613,0.0244,4000,0.0125,0.0064,0.6393,0.463260869565217,2026-06-08 15:21:36.16982,1,"Monique Billings three point field goal","Loss",0.6393,-0.6393,0.463260869565217,-0.463260869565217
2026-06-08,"Draft Kings","IND @ WAS","1022600084","First Basket by Team Exact","First FGM","Player","Team Exact","Home/Away","Favorite/Underdog",0.0397,2421,0.0196,5000,0.0201,0.0102,1.0227,0.741086956521739,2026-06-08 15:21:36.16982,1,"Shakira Austin three point field goal","Loss",1.0227,-1.0227,0.741086956521739,-0.741086956521739
2026-06-08,"Draft Kings","IND @ WAS","1022600084","First Three by Team","First Three","Player","Team","Home/Away","Favorite/Underdog",0.0778,1186,0.0667,1400,0.0111,0.006,0.5958,0.300909090909091,2026-06-08 15:21:36.430877,1,"Aliyah Boston","Loss",0.5958,-0.5958,0.300909090909091,-0.300909090909091
2026-06-08,"BetRivers","NYL @ CON","1022600083","First Basket","First FGM","Player","Game","Home/Away","Favorite/Underdog",0.1081,825,0.0909,1000,0.0172,0.0095,0.9479,0.803305084745763,2026-06-08 22:51:38.420713,1,"Aaliyah Edwards","Loss",0.9479,-0.9479,0.803305084745763,-0.803305084745763
2026-06-08,"Fanatics","NYL @ CON","1022600083","First Basket","First FGM","Player","Game","Home/Away","Favorite/Underdog",0.0981,920,0.0526,1800,0.0454,0.024,2.3974,2.03169491525424,2026-06-08 12:22:15.437463,1,"Diamond Miller","Win",2.3974,43.1532,2.03169491525424,36.5705084745763
2026-06-08,"Draft Kings","NYL @ CON","1022600083","First Basket","First Points","Player","Game","Home/Away","Favorite/Underdog",0.0827,1110,0.0549,1720,0.0277,0.0147,1.4663,1.24262711864407,2026-06-08 12:22:15.437463,1,"Leonie Fiebich","Loss",1.4663,-1.4663,1.24262711864407,-1.24262711864407
2026-06-08,"Draft Kings","NYL @ CON","1022600083","First Basket","First Points","Player","Game","Home/Away","Favorite/Underdog",0.076,1216,0.0481,1980,0.0279,0.0147,1.4653,1.24177966101695,2026-06-08 12:22:15.437463,1,"Saniya Rivers","Loss",1.4653,-1.4653,1.24177966101695,-1.24177966101695
2026-06-08,"FanDuel","NYL @ CON","1022600083","First Basket Exact","First Points","Player","Exact","Home/Away","Favorite/Underdog",0.0432,2216,0.0323,3000,0.0109,0.0056,0.5638,0.841492537313433,2026-06-08 12:22:15.691601,1,"Diamond Miller layup","Loss",0.5638,-0.5638,0.841492537313433,-0.841492537313433
2026-06-08,"FanDuel","NYL @ CON","1022600083","First Basket Exact","First Points","Player","Exact","Home/Away","Favorite/Underdog",0.0445,2148,0.0323,3000,0.0122,0.0063,0.6314,0.942388059701492,2026-06-08 18:51:35.608532,5,"Diamond Miller layup","Loss",0.0676,-0.0676,0.100895522388059,-0.100895522388059
2026-06-08,"FanDuel","NYL @ CON","1022600083","First Basket Exact","First Points","Player","Exact","Home/Away","Favorite/Underdog",0.0296,3278,0.0196,5000,0.01,0.0051,0.5096,0.760597014925373,2026-06-08 22:51:38.672284,1,"Marine Johannes layup","Loss",0.5096,-0.5096,0.760597014925373,-0.760597014925373
2026-06-08,"Fanatics","NYL @ CON","1022600083","First Basket by Team","First FGM","Player","Team","Home/Away","Favorite/Underdog",0.2012,397,0.125,700,0.0762,0.0435,4.3517,2.0335046728972,2026-06-08 12:22:15.59506,1,"Diamond Miller","Win",4.3517,30.4619,2.0335046728972,14.2345327102804
2026-06-08,"FanDuel","NYL @ CON","1022600083","First Basket by Team","First Points","Player","Team","Home/Away","Favorite/Underdog",0.1576,535,0.1053,850,0.0523,0.0292,2.9244,1.36654205607477,2026-06-08 12:22:15.59506,1,"Leonie Fiebich","Loss",2.9244,-2.9244,1.36654205607477,-1.36654205607477
2026-06-08,"FanDuel","NYL @ CON","1022600083","First Basket by Team","First Points","Player","Team","Home/Away","Favorite/Underdog",0.1576,535,0.0909,1000,0.0667,0.0367,3.6677,1.7138785046729,2026-06-08 21:51:36.524682,20,"Leonie Fiebich","Loss",0.7433,-0.7433,0.34733644859813,-0.34733644859813
2026-06-08,"FanDuel","NYL @ CON","1022600083","First Basket by Team","First Points","Player","Team","Home/Away","Favorite/Underdog",0.1718,482,0.1429,600,0.0289,0.0169,1.6877,0.788644859813084,2026-06-08 22:51:38.580974,1,"Pauline Astier","Loss",1.6877,-1.6877,0.788644859813084,-0.788644859813084
2026-06-08,"Fanatics","NYL @ CON","1022600083","First Basket by Team","First FGM","Player","Team","Home/Away","Favorite/Underdog",0.1615,519,0.125,700,0.0365,0.0208,2.0839,0.973785046728972,2026-06-08 12:22:15.59506,1,"Saniya Rivers","Loss",2.0839,-2.0839,0.973785046728972,-0.973785046728972
2026-06-08,"Fanatics","NYL @ CON","1022600083","First Basket by Team","First FGM","Player","Team","Home/Away","Favorite/Underdog",0.1615,519,0.1176,750,0.0438,0.0248,2.4832,1.1603738317757,2026-06-08 12:51:34.250853,2,"Saniya Rivers","Loss",0.3993,-0.3993,0.186588785046728,-0.186588785046728
2026-06-08,"Draft Kings","NYL @ CON","1022600083","First Basket by Team Exact","First FGM","Player","Team Exact","Home/Away","Favorite/Underdog",0.0363,2655,0.0141,7000,0.0222,0.0113,1.1263,0.816159420289855,2026-06-08 22:51:38.770496,1,"Aaliyah Edwards three point field goal","Loss",1.1263,-1.1263,0.816159420289855,-0.816159420289855
2026-06-08,"Draft Kings","NYL @ CON","1022600083","First Basket by Team Exact","First FGM","Player","Team Exact","Home/Away","Favorite/Underdog",0.1492,570,0.1,900,0.0492,0.0273,2.7325,1.98007246376812,2026-06-08 15:51:37.004933,1,"Diamond Miller two point field goal","Win",2.7325,24.5925,1.98007246376812,17.8206521739131
2026-06-08,"Draft Kings","NYL @ CON","1022600083","First Basket by Team Exact","First FGM","Player","Team Exact","Home/Away","Favorite/Underdog",0.1602,524,0.1,900,0.0602,0.0335,3.3462,2.42478260869565,2026-06-08 18:51:35.706176,7,"Diamond Miller two point field goal","Win",0.6137,5.5233,0.44471014492753,4.00239130434777
2026-06-08,"Draft Kings","NYL @ CON","1022600083","First Basket by Team Exact","First FGM","Player","Team Exact","Home/Away","Favorite/Underdog",0.1033,868,0.0667,1400,0.0366,0.0196,1.9614,1.42130434782609,2026-06-08 15:51:37.004933,1,"Leonie Fiebich two point field goal","Loss",1.9614,-1.9614,1.42130434782609,-1.42130434782609
2026-06-08,"Draft Kings","NYL @ CON","1022600083","First Basket by Team Exact","First FGM","Player","Team Exact","Home/Away","Favorite/Underdog",0.1125,789,0.0667,1400,0.0458,0.0245,2.4537,1.77804347826087,2026-06-08 22:51:38.770496,15,"Leonie Fiebich two point field goal","Loss",0.4923,-0.4923,0.35673913043478,-0.35673913043478
2026-06-08,"Draft Kings","NYL @ CON","1022600083","First Basket by Team Exact","First FGM","Player","Team Exact","Home/Away","Favorite/Underdog",0.0937,967,0.0833,1100,0.0104,0.0057,0.5658,0.41,2026-06-08 15:51:37.004933,1,"Marine Johannes two point field goal","Loss",0.5658,-0.5658,0.41,-0.41
2026-06-08,"Draft Kings","NYL @ CON","1022600083","First Basket by Team Exact","First FGM","Player","Team Exact","Home/Away","Favorite/Underdog",0.1024,876,0.0833,1100,0.0191,0.0104,1.0425,0.755434782608696,2026-06-08 22:51:38.770496,15,"Marine Johannes two point field goal","Loss",0.4767,-0.4767,0.345434782608696,-0.345434782608696
2026-06-08,"Draft Kings","NYL @ CON","1022600083","First Basket by Team Exact","First FGM","Player","Team Exact","Home/Away","Favorite/Underdog",0.0642,1458,0.0435,2200,0.0207,0.0108,1.0829,0.784710144927536,2026-06-08 15:51:37.004933,1,"Pauline Astier three point field goal","Loss",1.0829,-1.0829,0.784710144927536,-0.784710144927536
2026-06-08,"Draft Kings","NYL @ CON","1022600083","First Basket by Team Exact","First FGM","Player","Team Exact","Home/Away","Favorite/Underdog",0.0683,1365,0.0435,2200,0.0248,0.013,1.2964,0.939420289855073,2026-06-08 22:51:38.770496,15,"Pauline Astier three point field goal","Loss",0.2135,-0.2135,0.154710144927537,-0.154710144927537
2026-06-08,"Draft Kings","NYL @ CON","1022600083","First Basket by Team Exact","First FGM","Player","Team Exact","Home/Away","Favorite/Underdog",0.125,700,0.1111,800,0.0139,0.0078,0.7825,0.567028985507246,2026-06-08 18:51:35.706176,1,"Saniya Rivers two point field goal","Loss",0.7825,-0.7825,0.567028985507246,-0.567028985507246
2026-06-08,"FanDuel","NYL @ CON","1022600083","First Team","First Points","Team","Quarter","Home/Away","Favorite/Underdog",0.4755,110,0.4237,136,0.0518,0.0449,2.2456,1.45818181818182,2026-06-08 12:22:15.834906,1,"1Q CON","Win",2.2456,3.054016,1.45818181818182,1.98312727272728
2026-06-08,"FanDuel","NYL @ CON","1022600083","First Team","First Points","Team","Quarter","Home/Away","Favorite/Underdog",0.4755,110,0.4202,138,0.0553,0.0477,2.3853,1.5488961038961,2026-06-08 14:51:36.90443,6,"1Q CON","Win",0.1397,0.192786,0.09071428571428,0.125185714285706
2026-06-08,"Draft Kings","NYL @ CON","1022600083","First Team","First FGM","Team","Quarter","Home/Away","Favorite/Underdog",0.4875,105,0.4255,135,0.0619,0.0539,2.6952,1.75012987012987,2026-06-08 15:51:37.063452,8,"1Q CON","Win",0.3099,0.418365,0.20123376623377,0.27166558441559
2026-06-08,"Draft Kings","NYL @ CON","1022600083","First Team Exact","First FGM","Team","Exact","Home/Away","Favorite/Underdog",0.3863,159,0.3571,180,0.0292,0.0227,1.1338,0.88578125,2026-06-08 15:51:37.140818,1,"CON two point field goal","Win",1.1338,2.04084,0.88578125,1.59440625
2026-06-08,"Draft Kings","NYL @ CON","1022600083","First Three by Team","First Three","Player","Team","Home/Away","Favorite/Underdog",0.2834,253,0.2667,275,0.0167,0.0114,1.1376,0.574545454545454,2026-06-08 15:51:37.268281,1,"Diamond Miller","Win",1.1376,3.1284,0.574545454545454,1.58
2026-06-08,"Draft Kings","NYL @ CON","1022600083","First Three by Team","First Three","Player","Team","Home/Away","Favorite/Underdog",0.3309,202,0.3077,225,0.0232,0.0167,1.6741,0.84550505050505,2026-06-08 22:51:39.035439,7,"Diamond Miller","Win",0.5365,1.207125,0.270959595959596,0.609659090909091
2026-06-08,"Draft Kings","NYL @ CON","1022600083","First Three by Team","First Three","Player","Team","Home/Away","Favorite/Underdog",0.2072,383,0.1818,450,0.0254,0.0155,1.5493,0.782474747474747,2026-06-08 15:51:37.268281,1,"Leonie Fiebich","Loss",1.5493,-1.5493,0.782474747474747,-0.782474747474747
2026-06-08,"Draft Kings","NYL @ CON","1022600083","First Three by Team","First Three","Player","Team","Home/Away","Favorite/Underdog",0.1809,453,0.1667,500,0.0143,0.0086,0.8556,0.432121212121212,2026-06-08 22:51:39.035439,1,"Saniya Rivers","Loss",0.8556,-0.8556,0.432121212121212,-0.432121212121212
2026-06-08,"FanDuel","SEA @ LVA","1022600085","First Basket","First Points","Player","Game","Home/Away","Favorite/Underdog",0.0786,1172,0.0556,1700,0.0231,0.0122,1.2204,1.03423728813559,2026-06-08 12:22:15.437463,1,"Chelsea Gray","Loss",1.2204,-1.2204,1.03423728813559,-1.03423728813559
2026-06-08,"FanDuel","SEA @ LVA","1022600085","First Basket","First Points","Player","Game","Home/Away","Favorite/Underdog",0.0787,1170,0.0556,1700,0.0232,0.0123,1.2271,1.03991525423729,2026-06-08 17:21:36.775878,11,"Chelsea Gray","Loss",0.00670000000000015,-0.00670000000000015,0.00567796610170013,-0.00567796610170013
2026-06-08,"Draft Kings","SEA @ LVA","1022600085","First Basket","First Points","Player","Game","Home/Away","Favorite/Underdog",0.092,987,0.0806,1140,0.0113,0.0062,0.616,0.522033898305085,2026-06-08 12:22:15.437463,1,"Jordan Horston","Loss",0.616,-0.616,0.522033898305085,-0.522033898305085
2026-06-08,"FanDuel","SEA @ LVA","1022600085","First Basket","First Points","Player","Game","Home/Away","Favorite/Underdog",0.0645,1451,0.0435,2200,0.021,0.011,1.0972,0.929830508474576,2026-06-08 12:22:15.437463,1,"Stephanie Talbot","Loss",1.0972,-1.0972,0.929830508474576,-0.929830508474576
2026-06-08,"Fanatics","SEA @ LVA","1022600085","First Basket","First FGM","Player","Game","Home/Away","Favorite/Underdog",0.0685,1359,0.0476,2000,0.0209,0.011,1.0976,0.930169491525424,2026-06-08 12:51:34.093377,2,"Stephanie Talbot","Loss",0.000399999999999956,-0.000399999999999956,0.000338983050848007,-0.000338983050848007
2026-06-08,"FanDuel","SEA @ LVA","1022600085","First Basket","First Points","Player","Game","Home/Away","Favorite/Underdog",0.0646,1449,0.0435,2200,0.0211,0.011,1.1026,0.934406779661017,2026-06-08 13:59:58.018111,4,"Stephanie Talbot","Loss",0.00500000000000012,-0.00500000000000012,0.00423728813559299,-0.00423728813559299
2026-06-08,"FanDuel","SEA @ LVA","1022600085","First Basket","First Points","Player","Game","Home/Away","Favorite/Underdog",0.0645,1451,0.0385,2500,0.026,0.0135,1.3523,1.14601694915254,2026-06-08 23:51:36.099518,24,"Stephanie Talbot","Loss",0.2497,-0.2497,0.211610169491523,-0.211610169491523
2026-06-08,"FanDuel","SEA @ LVA","1022600085","First Basket by Team","First Points","Player","Team","Home/Away","Favorite/Underdog",0.1447,591,0.1,900,0.0447,0.0248,2.4831,1.16032710280374,2026-06-08 12:22:15.59506,1,"Chelsea Gray","Loss",2.4831,-2.4831,1.16032710280374,-1.16032710280374
2026-06-08,"Fanatics","SEA @ LVA","1022600085","First Basket by Team","First FGM","Player","Team","Home/Away","Favorite/Underdog",0.2047,388,0.1905,425,0.0143,0.0088,0.8811,0.411728971962617,2026-06-08 21:21:36.733525,1,"Jordan Horston","Loss",0.8811,-0.8811,0.411728971962617,-0.411728971962617
2026-06-08,"FanDuel","SEA @ LVA","1022600085","First Basket by Team","First Points","Player","Team","Home/Away","Favorite/Underdog",0.1992,402,0.1887,430,0.0106,0.0065,0.6506,0.304018691588785,2026-06-08 14:22:15.09511,1,"Natisha Hiedeman","Loss",0.6506,-0.6506,0.304018691588785,-0.304018691588785
2026-06-08,"Draft Kings","SEA @ LVA","1022600085","First Basket by Team","First FGM","Player","Team","Home/Away","Favorite/Underdog",0.2065,384,0.1905,425,0.016,0.0099,0.9887,0.462009345794393,2026-06-08 16:21:36.936123,5,"Natisha Hiedeman","Loss",0.3381,-0.3381,0.157990654205608,-0.157990654205608
2026-06-08,"FanDuel","SEA @ LVA","1022600085","First Basket by Team","First Points","Player","Team","Home/Away","Favorite/Underdog",0.1187,743,0.0769,1200,0.0417,0.0226,2.2612,1.05663551401869,2026-06-08 12:22:15.59506,1,"Stephanie Talbot","Loss",2.2612,-2.2612,1.05663551401869,-1.05663551401869
2026-06-08,"Fanatics","SEA @ LVA","1022600085","First Basket by Team","First FGM","Player","Team","Home/Away","Favorite/Underdog",0.1296,672,0.087,1050,0.0427,0.0234,2.336,1.09158878504673,2026-06-08 12:51:34.250853,2,"Stephanie Talbot","Loss",0.0747999999999998,-0.0747999999999998,0.03495327102804,-0.03495327102804
2026-06-08,"FanDuel","SEA @ LVA","1022600085","First Basket by Team","First Points","Player","Team","Home/Away","Favorite/Underdog",0.1187,743,0.0714,1300,0.0472,0.0254,2.5437,1.18864485981308,2026-06-08 13:21:47.24474,3,"Stephanie Talbot","Loss",0.2077,-0.2077,0.09705607476635,-0.09705607476635
2026-06-08,"Draft Kings","SEA @ LVA","1022600085","First Basket by Team Exact","First FGM","Player","Team Exact","Home/Away","Favorite/Underdog",0.0991,909,0.0714,1300,0.0276,0.0149,1.4887,1.07876811594203,2026-06-08 16:21:37.119605,1,"Chelsea Gray two point field goal","Loss",1.4887,-1.4887,1.07876811594203,-1.07876811594203
2026-06-08,"Draft Kings","SEA @ LVA","1022600085","First Basket by Team Exact","First FGM","Player","Team Exact","Home/Away","Favorite/Underdog",0.0354,2725,0.0141,7000,0.0213,0.0108,1.0806,0.78304347826087,2026-06-08 16:21:37.119605,1,"NaLyssa Smith three point field goal","Loss",1.0806,-1.0806,0.78304347826087,-0.78304347826087
2026-06-08,"Draft Kings","SEA @ LVA","1022600085","First Basket by Team Exact","First FGM","Player","Team Exact","Home/Away","Favorite/Underdog",0.1481,575,0.125,700,0.0231,0.0132,1.3186,0.955507246376812,2026-06-08 16:21:37.119605,1,"Natisha Hiedeman two point field goal","Loss",1.3186,-1.3186,0.955507246376812,-0.955507246376812
2026-06-08,"Draft Kings","SEA @ LVA","1022600085","First Basket by Team Exact","First FGM","Player","Team Exact","Home/Away","Favorite/Underdog",0.0814,1128,0.0588,1600,0.0226,0.012,1.2018,0.870869565217391,2026-06-08 16:21:37.119605,1,"Stephanie Talbot two point field goal","Loss",1.2018,-1.2018,0.870869565217391,-0.870869565217391
2026-06-08,"FanDuel","SEA @ LVA","1022600085","First Team","First Points","Team","Quarter","Home/Away","Favorite/Underdog",0.5106,-104,0.4854,106,0.0252,0.0245,1.2239,0.79474025974026,2026-06-09 01:51:37.332777,1,"1Q SEA","Loss",1.2239,-1.2239,0.79474025974026,-0.79474025974026
2026-06-08,"Draft Kings","SEA @ LVA","1022600085","First Three by Team","First Three","Player","Team","Home/Away","Favorite/Underdog",0.1302,668,0.1176,750,0.0125,0.0071,0.7111,0.359141414141414,2026-06-09 01:51:37.535293,1,"Jordan Horston","Loss",0.7111,-0.7111,0.359141414141414,-0.359141414141414
2026-06-08,"Draft Kings","SEA @ LVA","1022600085","First Three by Team","First Three","Player","Team","Home/Away","Favorite/Underdog",0.2039,390,0.1905,425,0.0135,0.0083,0.8308,0.41959595959596,2026-06-08 16:21:37.387128,1,"Stephanie Talbot","Loss",0.8308,-0.8308,0.41959595959596,-0.41959595959596
2026-06-09,"FanDuel","ATL @ CHI","1022600086","First Basket","First Points","Player","Game","Home/Away","Favorite/Underdog",0.107,834,0.0952,950,0.0118,0.0065,0.6517,0.55228813559322,2026-06-09 20:21:35.366224,1,"Allisha Gray","Loss",0.6517,-0.6517,0.55228813559322,-0.55228813559322
2026-06-09,"Draft Kings","ATL @ CHI","1022600086","First Basket","First Points","Player","Game","Home/Away","Favorite/Underdog",0.0826,1110,0.0667,1400,0.016,0.0086,0.8551,0.724661016949153,2026-06-09 12:22:16.44138,1,"Jacy Sheldon","Loss",0.8551,-0.8551,0.724661016949153,-0.724661016949153
2026-06-09,"FanDuel","ATL @ CHI","1022600086","First Basket","First Points","Player","Game","Home/Away","Favorite/Underdog",0.0825,1113,0.0625,1500,0.02,0.0106,1.0648,0.902372881355932,2026-06-09 13:21:35.376686,3,"Jacy Sheldon","Loss",0.2097,-0.2097,0.177711864406779,-0.177711864406779
2026-06-09,"MGM","ATL @ CHI","1022600086","First Basket","First FGM","Player","Game","Home/Away","Favorite/Underdog",0.0848,1079,0.0588,1600,0.026,0.0138,1.3809,1.17025423728814,2026-06-09 15:21:35.962304,7,"Jacy Sheldon","Loss",0.3161,-0.3161,0.267881355932208,-0.267881355932208
2026-06-09,"FanDuel","ATL @ CHI","1022600086","First Basket","First Points","Player","Game","Home/Away","Favorite/Underdog",0.0819,1121,0.0714,1300,0.0105,0.0056,0.5628,0.476949152542373,2026-06-09 12:22:16.44138,1,"Jordin Canada","Loss",0.5628,-0.5628,0.476949152542373,-0.476949152542373
2026-06-09,"FanDuel","ATL @ CHI","1022600086","First Basket","First Points","Player","Game","Home/Away","Favorite/Underdog",0.0821,1119,0.0714,1300,0.0106,0.0057,0.5724,0.485084745762712,2026-06-09 15:21:35.962304,2,"Jordin Canada","Loss",0.00960000000000005,-0.00960000000000005,0.00813559322033897,-0.00813559322033897
2026-06-09,"FanDuel","ATL @ CHI","1022600086","First Basket","First Points","Player","Game","Home/Away","Favorite/Underdog",0.082,1119,0.0667,1400,0.0153,0.0082,0.8216,0.696271186440678,2026-06-09 12:22:16.44138,1,"Naz Hillmon","Loss",0.8216,-0.8216,0.696271186440678,-0.696271186440678
2026-06-09,"FanDuel","ATL @ CHI","1022600086","First Basket","First Points","Player","Game","Home/Away","Favorite/Underdog",0.0822,1117,0.0667,1400,0.0155,0.0083,0.8311,0.704322033898305,2026-06-09 12:51:36.161448,2,"Naz Hillmon","Loss",0.00949999999999995,-0.00949999999999995,0.00805084745762707,-0.00805084745762707
2026-06-09,"FanDuel","ATL @ CHI","1022600086","First Basket","First Points","Player","Game","Home/Away","Favorite/Underdog",0.0824,1114,0.0667,1400,0.0157,0.0084,0.8406,0.712372881355932,2026-06-09 17:21:35.870892,11,"Naz Hillmon","Loss",0.00950000000000006,-0.00950000000000006,0.00805084745762696,-0.00805084745762696
2026-06-09,"FanDuel","ATL @ CHI","1022600086","First Basket","First Points","Player","Game","Home/Away","Favorite/Underdog",0.0822,1117,0.0625,1500,0.0197,0.0105,1.0496,0.889491525423729,2026-06-09 17:51:35.337078,12,"Naz Hillmon","Loss",0.209,-0.209,0.177118644067797,-0.177118644067797
2026-06-09,"FanDuel","ATL @ CHI","1022600086","First Basket","First Points","Player","Game","Home/Away","Favorite/Underdog",0.0824,1114,0.0625,1500,0.0199,0.0106,1.0591,0.897542372881356,2026-06-09 19:21:35.435814,15,"Naz Hillmon","Loss",0.00949999999999984,-0.00949999999999984,0.00805084745762696,-0.00805084745762696
2026-06-09,"Draft Kings","ATL @ CHI","1022600086","First Basket","First Points","Player","Game","Home/Away","Favorite/Underdog",0.0824,1114,0.0562,1680,0.0262,0.0139,1.3869,1.17533898305085,2026-06-09 19:51:34.934435,16,"Naz Hillmon","Loss",0.3278,-0.3278,0.277796610169494,-0.277796610169494
2026-06-09,"Draft Kings","ATL @ CHI","1022600086","First Basket","First Points","Player","Game","Home/Away","Favorite/Underdog",0.0822,1117,0.0556,1700,0.0266,0.0141,1.4096,1.19457627118644,2026-06-09 21:21:35.811922,19,"Naz Hillmon","Loss",0.0226999999999999,-0.0226999999999999,0.01923728813559,-0.01923728813559
2026-06-09,"FanDuel","ATL @ CHI","1022600086","First Basket","First Points","Player","Game","Home/Away","Favorite/Underdog",0.1053,850,0.0952,950,0.0101,0.0056,0.556,0.471186440677966,2026-06-09 22:51:35.784734,1,"Skylar Diggins","Win",0.556,5.282,0.471186440677966,4.47627118644068
2026-06-09,"FanDuel","ATL @ CHI","1022600086","First Basket by Team","First Points","Player","Team","Home/Away","Favorite/Underdog",0.2246,345,0.2128,370,0.0118,0.0075,0.7495,0.350233644859813,2026-06-09 14:21:35.319739,1,"Allisha Gray","Loss",0.7495,-0.7495,0.350233644859813,-0.350233644859813
2026-06-09,"Draft Kings","ATL @ CHI","1022600086","First Basket by Team","First FGM","Player","Team","Home/Away","Favorite/Underdog",0.2078,381,0.1739,475,0.0338,0.0205,2.0485,0.957242990654206,2026-06-09 14:51:36.379576,2,"Allisha Gray","Loss",1.299,-1.299,0.607009345794393,-0.607009345794393
2026-06-09,"Draft Kings","ATL @ CHI","1022600086","First Basket by Team","First FGM","Player","Team","Home/Away","Favorite/Underdog",0.2659,276,0.2083,380,0.0575,0.0363,3.6332,1.69775700934579,2026-06-09 14:51:36.379576,1,"Angel Reese","Loss",3.6332,-3.6332,1.69775700934579,-1.69775700934579
2026-06-09,"FanDuel","ATL @ CHI","1022600086","First Basket by Team","First Points","Player","Team","Home/Away","Favorite/Underdog",0.1576,535,0.1176,750,0.0399,0.0226,2.2617,1.0568691588785,2026-06-09 12:22:16.615374,1,"Jacy Sheldon","Loss",2.2617,-2.2617,1.0568691588785,-1.0568691588785
2026-06-09,"FanDuel","ATL @ CHI","1022600086","First Basket by Team","First Points","Player","Team","Home/Away","Favorite/Underdog",0.1576,535,0.1111,800,0.0464,0.0261,2.6127,1.22088785046729,2026-06-09 13:21:35.677845,3,"Jacy Sheldon","Loss",0.351,-0.351,0.16401869158879,-0.16401869158879
2026-06-09,"FanDuel","ATL @ CHI","1022600086","First Basket by Team","First Points","Player","Team","Home/Away","Favorite/Underdog",0.1722,481,0.1538,550,0.0183,0.0108,1.0829,0.506028037383177,2026-06-09 12:22:16.615374,1,"Jordin Canada","Loss",1.0829,-1.0829,0.506028037383177,-0.506028037383177
2026-06-09,"FanDuel","ATL @ CHI","1022600086","First Basket by Team","First Points","Player","Team","Home/Away","Favorite/Underdog",0.1724,480,0.1429,600,0.0296,0.0172,1.725,0.80607476635514,2026-06-09 12:22:16.615374,1,"Naz Hillmon","Win",1.725,10.35,0.80607476635514,4.83644859813084
2026-06-09,"FanDuel","ATL @ CHI","1022600086","First Basket by Team","First Points","Player","Team","Home/Away","Favorite/Underdog",0.1724,480,0.1333,650,0.0391,0.0226,2.2555,1.05397196261682,2026-06-09 13:21:35.677845,3,"Naz Hillmon","Win",0.5305,3.44825,0.24789719626168,1.61133177570092
2026-06-09,"Fanatics","ATL @ CHI","1022600086","First Basket by Team","First FGM","Player","Team","Home/Away","Favorite/Underdog",0.1686,493,0.125,700,0.0436,0.0249,2.4901,1.16359813084112,2026-06-09 19:51:35.237983,16,"Naz Hillmon","Win",0.2346,1.6422,0.1096261682243,0.7673831775701
2026-06-09,"FanDuel","ATL @ CHI","1022600086","First Basket by Team","First Points","Player","Team","Home/Away","Favorite/Underdog",0.205,388,0.1923,420,0.0127,0.0078,0.7841,0.366401869158879,2026-06-09 12:22:16.615374,1,"Skylar Diggins","Win",0.7841,3.29322,0.366401869158879,1.53888785046729
2026-06-09,"FanDuel","ATL @ CHI","1022600086","First Basket by Team","First Points","Player","Team","Home/Away","Favorite/Underdog",0.2015,396,0.1786,460,0.0229,0.014,1.3955,0.652102803738318,2026-06-09 22:51:36.08792,3,"Skylar Diggins","Win",0.6114,2.81244,0.285700934579439,1.31422429906542
2026-06-09,"Draft Kings","ATL @ CHI","1022600086","First Basket by Team Exact","First FGM","Player","Team Exact","Home/Away","Favorite/Underdog",0.1459,585,0.125,700,0.0209,0.0119,1.1937,0.865,2026-06-09 14:51:36.571715,1,"Allisha Gray two point field goal","Loss",1.1937,-1.1937,0.865,-0.865
2026-06-09,"Draft Kings","ATL @ CHI","1022600086","First Basket by Team Exact","First FGM","Player","Team Exact","Home/Away","Favorite/Underdog",0.1459,585,0.1176,750,0.0282,0.016,1.6004,1.15971014492754,2026-06-09 15:51:36.799455,3,"Allisha Gray two point field goal","Loss",0.4067,-0.4067,0.29471014492754,-0.29471014492754
2026-06-09,"Draft Kings","ATL @ CHI","1022600086","First Basket by Team Exact","First FGM","Player","Team Exact","Home/Away","Favorite/Underdog",0.039,2463,0.0141,7000,0.0249,0.0126,1.2641,0.916014492753623,2026-06-09 14:51:36.571715,1,"Angel Reese three point field goal","Loss",1.2641,-1.2641,0.916014492753623,-0.916014492753623
2026-06-09,"Draft Kings","ATL @ CHI","1022600086","First Basket by Team Exact","First FGM","Player","Team Exact","Home/Away","Favorite/Underdog",0.2268,341,0.2,400,0.0268,0.0168,1.678,1.21594202898551,2026-06-09 14:51:36.571715,1,"Angel Reese two point field goal","Loss",1.678,-1.678,1.21594202898551,-1.21594202898551
2026-06-09,"Draft Kings","ATL @ CHI","1022600086","First Basket by Team Exact","First FGM","Player","Team Exact","Home/Away","Favorite/Underdog",0.1126,788,0.0909,1000,0.0216,0.0119,1.1903,0.862536231884058,2026-06-09 21:21:36.303709,1,"Jacy Sheldon two point field goal","Loss",1.1903,-1.1903,0.862536231884058,-0.862536231884058
2026-06-09,"Draft Kings","ATL @ CHI","1022600086","First Basket by Team Exact","First FGM","Player","Team Exact","Home/Away","Favorite/Underdog",0.1128,787,0.0909,1000,0.0219,0.012,1.2021,0.871086956521739,2026-06-09 22:21:36.993469,3,"Jacy Sheldon two point field goal","Loss",0.0118,-0.0118,0.00855072463768092,-0.00855072463768092
2026-06-09,"Draft Kings","ATL @ CHI","1022600086","First Basket by Team Exact","First FGM","Player","Team Exact","Home/Away","Favorite/Underdog",0.1128,787,0.0769,1200,0.0358,0.0194,1.9414,1.4068115942029,2026-06-09 22:51:36.276923,4,"Jacy Sheldon two point field goal","Loss",0.7393,-0.7393,0.535724637681161,-0.535724637681161
2026-06-09,"Draft Kings","ATL @ CHI","1022600086","First Basket by Team Exact","First FGM","Player","Team Exact","Home/Away","Favorite/Underdog",0.1205,730,0.1053,850,0.0152,0.0085,0.8512,0.616811594202899,2026-06-09 21:21:36.303709,1,"Naz Hillmon two point field goal","Loss",0.8512,-0.8512,0.616811594202899,-0.616811594202899
2026-06-09,"Draft Kings","ATL @ CHI","1022600086","First Three by Team","First Three","Player","Team","Home/Away","Favorite/Underdog",0.2149,365,0.2041,390,0.0108,0.0068,0.6812,0.344040404040404,2026-06-09 14:51:36.835478,1,"Allisha Gray","Loss",0.6812,-0.6812,0.344040404040404,-0.344040404040404
2026-06-09,"Draft Kings","ATL @ CHI","1022600086","First Three by Team","First Three","Player","Team","Home/Away","Favorite/Underdog",0.2404,316,0.2273,340,0.0131,0.0085,0.8495,0.429040404040404,2026-06-09 22:21:37.256117,1,"Jacy Sheldon","Loss",0.8495,-0.8495,0.429040404040404,-0.429040404040404
2026-06-09,"Fanatics","DAL @ MIN","1022600087","First Basket","First FGM","Player","Game","Home/Away","Favorite/Underdog",0.104,861,0.0909,1000,0.0131,0.0072,0.7227,0.612457627118644,2026-06-09 12:51:36.161448,1,"Arike Ogunbowale","Loss",0.7227,-0.7227,0.612457627118644,-0.612457627118644
2026-06-09,"BetRivers","DAL @ MIN","1022600087","First Basket","First FGM","Player","Game","Home/Away","Favorite/Underdog",0.1041,861,0.0909,1000,0.0131,0.0072,0.723,0.61271186440678,2026-06-09 15:51:36.307724,7,"Arike Ogunbowale","Loss",9.9999999999989e-05,-9.9999999999989e-05,8.47457627120018e-05,-8.47457627120018e-05
2026-06-09,"Fanatics","DAL @ MIN","1022600087","First Basket","First FGM","Player","Game","Home/Away","Favorite/Underdog",0.1041,861,0.0909,1000,0.0131,0.0072,0.723,0.61271186440678,2026-06-09 15:51:36.307724,7,"Arike Ogunbowale","Loss",9.9999999999989e-05,-9.9999999999989e-05,8.47457627120018e-05,-8.47457627120018e-05
2026-06-09,"MGM","DAL @ MIN","1022600087","First Basket","First FGM","Player","Game","Home/Away","Favorite/Underdog",0.1041,861,0.0909,1000,0.0131,0.0072,0.723,0.61271186440678,2026-06-09 15:51:36.307724,7,"Arike Ogunbowale","Loss",9.9999999999989e-05,-9.9999999999989e-05,8.47457627120018e-05,-8.47457627120018e-05
2026-06-09,"Fanatics","DAL @ MIN","1022600087","First Basket","First FGM","Player","Game","Home/Away","Favorite/Underdog",0.1041,861,0.0833,1100,0.0207,0.0113,1.1302,0.957796610169492,2026-06-09 23:21:34.607484,22,"Arike Ogunbowale","Loss",0.4072,-0.4072,0.345084745762712,-0.345084745762712
2026-06-09,"FanDuel","DAL @ MIN","1022600087","First Basket","First Points","Player","Game","Home/Away","Favorite/Underdog",0.1033,868,0.0909,1000,0.0124,0.0068,0.6809,0.577033898305085,2026-06-09 12:22:16.44138,1,"Courtney Williams","Loss",0.6809,-0.6809,0.577033898305085,-0.577033898305085
2026-06-09,"FanDuel","DAL @ MIN","1022600087","First Basket","First Points","Player","Game","Home/Away","Favorite/Underdog",0.1035,866,0.0909,1000,0.0126,0.0069,0.6925,0.586864406779661,2026-06-09 13:51:36.14171,2,"Courtney Williams","Loss",0.0116000000000001,-0.0116000000000001,0.00983050847457601,-0.00983050847457601
2026-06-09,"Draft Kings","DAL @ MIN","1022600087","First Basket","First Points","Player","Game","Home/Away","Favorite/Underdog",0.1033,868,0.0862,1060,0.0171,0.0093,0.9347,0.792118644067797,2026-06-09 22:51:35.784734,19,"Courtney Williams","Loss",0.2422,-0.2422,0.205254237288136,-0.205254237288136
2026-06-09,"Draft Kings","DAL @ MIN","1022600087","First Basket","First Points","Player","Game","Home/Away","Favorite/Underdog",0.1014,886,0.0909,1000,0.0105,0.0058,0.5772,0.489152542372881,2026-06-09 14:21:35.018852,1,"Maddy Siegrist","Win",0.5772,5.772,0.489152542372881,4.89152542372881
2026-06-09,"Draft Kings","DAL @ MIN","1022600087","First Basket","First Points","Player","Game","Home/Away","Favorite/Underdog",0.1016,884,0.0909,1000,0.0107,0.0059,0.5889,0.499067796610169,2026-06-09 15:51:36.307724,4,"Maddy Siegrist","Win",0.0116999999999999,0.116999999999999,0.00991525423728795,0.0991525423728795
2026-06-09,"MGM","DAL @ MIN","1022600087","First Basket","First FGM","Player","Game","Home/Away","Favorite/Underdog",0.1002,898,0.0833,1100,0.0169,0.0092,0.9212,0.780677966101695,2026-06-09 23:51:35.398097,7,"Maddy Siegrist","Win",0.3323,3.6553,0.281610169491526,3.09771186440679
2026-06-09,"FanDuel","DAL @ MIN","1022600087","First Basket by Team","First Points","Player","Team","Home/Away","Favorite/Underdog",0.1904,425,0.1667,500,0.0237,0.0142,1.4224,0.664672897196262,2026-06-09 12:22:16.615374,1,"Arike Ogunbowale","Loss",1.4224,-1.4224,0.664672897196262,-0.664672897196262
2026-06-09,"Fanatics","DAL @ MIN","1022600087","First Basket by Team","First FGM","Player","Team","Home/Away","Favorite/Underdog",0.2088,379,0.1818,450,0.027,0.0165,1.6511,0.771542056074766,2026-06-09 13:21:35.677845,3,"Arike Ogunbowale","Loss",0.2287,-0.2287,0.106869158878504,-0.106869158878504
2026-06-09,"Draft Kings","DAL @ MIN","1022600087","First Basket by Team","First FGM","Player","Team","Home/Away","Favorite/Underdog",0.2088,379,0.1667,500,0.0422,0.0253,2.5301,1.18228971962617,2026-06-09 14:51:36.379576,6,"Arike Ogunbowale","Loss",0.879,-0.879,0.410747663551404,-0.410747663551404
2026-06-09,"FanDuel","DAL @ MIN","1022600087","First Basket by Team","First Points","Player","Team","Home/Away","Favorite/Underdog",0.2044,389,0.1818,450,0.0226,0.0138,1.3811,0.645373831775701,2026-06-09 12:22:16.615374,1,"Courtney Williams","Loss",1.3811,-1.3811,0.645373831775701,-0.645373831775701
2026-06-09,"FanDuel","DAL @ MIN","1022600087","First Basket by Team","First Points","Player","Team","Home/Away","Favorite/Underdog",0.2044,389,0.1754,470,0.029,0.0176,1.7573,0.821168224299065,2026-06-09 12:51:36.464563,2,"Courtney Williams","Loss",0.3762,-0.3762,0.175794392523364,-0.175794392523364
2026-06-09,"FanDuel","DAL @ MIN","1022600087","First Basket by Team","First Points","Player","Team","Home/Away","Favorite/Underdog",0.2044,389,0.1724,480,0.032,0.0193,1.9336,0.903551401869159,2026-06-09 16:51:35.633757,10,"Courtney Williams","Loss",0.1763,-0.1763,0.0823831775700941,-0.0823831775700941
2026-06-09,"FanDuel","DAL @ MIN","1022600087","First Basket by Team","First Points","Player","Team","Home/Away","Favorite/Underdog",0.2044,389,0.1695,490,0.0349,0.021,2.1027,0.982570093457944,2026-06-09 19:51:35.237983,16,"Courtney Williams","Loss",0.1691,-0.1691,0.0790186915887849,-0.0790186915887849
2026-06-09,"FanDuel","DAL @ MIN","1022600087","First Basket by Team","First Points","Player","Team","Home/Away","Favorite/Underdog",0.2054,387,0.1887,430,0.0167,0.0103,1.0305,0.481542056074766,2026-06-09 12:22:16.615374,1,"Maddy Siegrist","Win",1.0305,4.43115,0.481542056074766,2.07063084112149
2026-06-09,"FanDuel","DAL @ MIN","1022600087","First Basket by Team","First Points","Player","Team","Home/Away","Favorite/Underdog",0.2054,387,0.1852,440,0.0202,0.0124,1.2405,0.579672897196262,2026-06-09 14:21:35.319739,4,"Maddy Siegrist","Win",0.21,0.924,0.098130841121496,0.431775700934582
2026-06-09,"Draft Kings","DAL @ MIN","1022600087","First Basket by Team","First FGM","Player","Team","Home/Away","Favorite/Underdog",0.2011,397,0.1739,475,0.0272,0.0165,1.6483,0.770233644859813,2026-06-09 14:51:36.379576,5,"Maddy Siegrist","Win",0.4078,1.93705,0.190560747663551,0.905163551401867
2026-06-09,"FanDuel","DAL @ MIN","1022600087","First Basket by Team","First Points","Player","Team","Home/Away","Favorite/Underdog",0.2054,387,0.1754,470,0.03,0.0182,1.8169,0.849018691588785,2026-06-09 23:51:35.697726,23,"Maddy Siegrist","Win",0.1686,0.792419999999999,0.0787850467289719,0.370289719626168
2026-06-09,"Draft Kings","DAL @ MIN","1022600087","First Basket by Team","First FGM","Player","Team","Home/Away","Favorite/Underdog",0.2794,258,0.2,400,0.0794,0.0496,4.9634,2.31934579439252,2026-06-09 14:51:36.379576,1,"Natasha Howard","Loss",4.9634,-4.9634,2.31934579439252,-2.31934579439252
2026-06-09,"Draft Kings","DAL @ MIN","1022600087","First Basket by Team Exact","First FGM","Player","Team Exact","Home/Away","Favorite/Underdog",0.148,576,0.1111,800,0.0369,0.0207,2.0744,1.5031884057971,2026-06-09 14:51:36.571715,1,"Arike Ogunbowale two point field goal","Loss",2.0744,-2.0744,1.5031884057971,-1.5031884057971
2026-06-09,"Draft Kings","DAL @ MIN","1022600087","First Basket by Team Exact","First FGM","Player","Team Exact","Home/Away","Favorite/Underdog",0.0318,3040,0.0141,7000,0.0178,0.009,0.9008,0.652753623188406,2026-06-09 14:51:36.571715,1,"Jessica Shepard three point field goal","Loss",0.9008,-0.9008,0.652753623188406,-0.652753623188406
2026-06-09,"Draft Kings","DAL @ MIN","1022600087","First Basket by Team Exact","First FGM","Player","Team Exact","Home/Away","Favorite/Underdog",0.0426,2246,0.011,9000,0.0316,0.016,1.5991,1.15876811594203,2026-06-09 14:51:36.571715,1,"Natasha Howard three point field goal","Loss",1.5991,-1.5991,1.15876811594203,-1.15876811594203
2026-06-09,"Draft Kings","DAL @ MIN","1022600087","First Basket by Team Exact","First FGM","Player","Team Exact","Home/Away","Favorite/Underdog",0.2368,322,0.1905,425,0.0463,0.0286,2.8609,2.07311594202899,2026-06-09 14:51:36.571715,1,"Natasha Howard two point field goal","Loss",2.8609,-2.8609,2.07311594202899,-2.07311594202899
2026-06-09,"Draft Kings","DAL @ MIN","1022600087","First Three by Team","First Three","Player","Team","Home/Away","Favorite/Underdog",0.1331,651,0.1176,750,0.0155,0.0088,0.8756,0.442222222222222,2026-06-09 14:51:36.835478,1,"Courtney Williams","Loss",0.8756,-0.8756,0.442222222222222,-0.442222222222222
2026-06-09,"Draft Kings","DAL @ MIN","1022600087","First Three by Team","First Three","Player","Team","Home/Away","Favorite/Underdog",0.0582,1617,0.0435,2200,0.0148,0.0077,0.7716,0.38969696969697,2026-06-09 14:51:36.835478,1,"Natasha Howard","Loss",0.7716,-0.7716,0.38969696969697,-0.38969696969697
2026-06-09,"Draft Kings","PHX @ GSV","1022600088","First Basket","First Points","Player","Game","Home/Away","Favorite/Underdog",0.1078,828,0.0862,1060,0.0216,0.0118,1.1802,1.00016949152542,2026-06-09 12:22:16.44138,1,"Cecilia Zandalasini","Loss",1.1802,-1.1802,1.00016949152542,-1.00016949152542
2026-06-09,"FanDuel","PHX @ GSV","1022600088","First Basket","First Points","Player","Game","Home/Away","Favorite/Underdog",0.1078,828,0.0833,1100,0.0244,0.0133,1.3332,1.12983050847458,2026-06-09 13:21:35.376686,3,"Cecilia Zandalasini","Loss",0.153,-0.153,0.12966101694916,-0.12966101694916
2026-06-09,"MGM","PHX @ GSV","1022600088","First Basket","First FGM","Player","Game","Home/Away","Favorite/Underdog",0.0883,1033,0.0667,1400,0.0216,0.0116,1.1585,0.981779661016949,2026-06-09 15:21:35.962304,1,"Monique Akoa Makani","Loss",1.1585,-1.1585,0.981779661016949,-0.981779661016949
2026-06-09,"MGM","PHX @ GSV","1022600088","First Basket","First FGM","Player","Game","Home/Away","Favorite/Underdog",0.0883,1033,0.0667,1400,0.0216,0.0116,1.1587,0.981949152542373,2026-06-09 16:51:35.330225,4,"Monique Akoa Makani","Loss",0.000199999999999978,-0.000199999999999978,0.000169491525424004,-0.000169491525424004
2026-06-09,"FanDuel","PHX @ GSV","1022600088","First Basket","First Points","Player","Game","Home/Away","Favorite/Underdog",0.0818,1122,0.0556,1700,0.0263,0.0139,1.3907,1.1785593220339,2026-06-09 23:51:35.398097,18,"Monique Akoa Makani","Loss",0.232,-0.232,0.196610169491527,-0.196610169491527
2026-06-09,"FanDuel","PHX @ GSV","1022600088","First Basket","First Points","Player","Game","Home/Away","Favorite/Underdog",0.0749,1235,0.0625,1500,0.0124,0.0066,0.6613,0.560423728813559,2026-06-09 23:21:34.607484,1,"Noemie Brochant","Loss",0.6613,-0.6613,0.560423728813559,-0.560423728813559
2026-06-09,"FanDuel","PHX @ GSV","1022600088","First Basket","First Points","Player","Game","Home/Away","Favorite/Underdog",0.0751,1232,0.0556,1700,0.0195,0.0103,1.0322,0.874745762711864,2026-06-09 23:51:35.398097,2,"Noemie Brochant","Loss",0.3709,-0.3709,0.314322033898305,-0.314322033898305
2026-06-09,"FanDuel","PHX @ GSV","1022600088","First Basket Exact","First Points","Player","Exact","Home/Away","Favorite/Underdog",0.0335,2885,0.0196,5000,0.0139,0.0071,0.7087,1.05776119402985,2026-06-09 12:22:16.70772,1,"Cecilia Zandalasini layup","Loss",0.7087,-0.7087,1.05776119402985,-1.05776119402985
2026-06-09,"Fanatics","PHX @ GSV","1022600088","First Basket by Team","First FGM","Player","Team","Home/Away","Favorite/Underdog",0.2136,368,0.1667,500,0.0469,0.0282,2.8156,1.31570093457944,2026-06-09 12:22:16.615374,1,"Cecilia Zandalasini","Loss",2.8156,-2.8156,1.31570093457944,-1.31570093457944
2026-06-09,"FanDuel","PHX @ GSV","1022600088","First Basket by Team","First Points","Player","Team","Home/Away","Favorite/Underdog",0.2172,360,0.1667,500,0.0506,0.0303,3.0333,1.41742990654206,2026-06-09 13:21:35.677845,3,"Cecilia Zandalasini","Loss",0.2177,-0.2177,0.10172897196262,-0.10172897196262
2026-06-09,"Draft Kings","PHX @ GSV","1022600088","First Basket by Team","First FGM","Player","Team","Home/Away","Favorite/Underdog",0.2136,368,0.1429,600,0.0707,0.0413,4.1263,1.92817757009346,2026-06-09 14:51:36.379576,6,"Cecilia Zandalasini","Loss",1.093,-1.093,0.5107476635514,-0.5107476635514
2026-06-09,"Draft Kings","PHX @ GSV","1022600088","First Basket by Team","First FGM","Player","Team","Home/Away","Favorite/Underdog",0.2809,256,0.2532,295,0.0277,0.0186,1.8573,0.867897196261682,2026-06-09 14:51:36.379576,1,"Kahleah Copper","Loss",1.8573,-1.8573,0.867897196261682,-0.867897196261682
2026-06-09,"Draft Kings","PHX @ GSV","1022600088","First Basket by Team","First FGM","Player","Team","Home/Away","Favorite/Underdog",0.1471,580,0.1333,650,0.0138,0.0079,0.7939,0.370981308411215,2026-06-09 14:51:36.379576,1,"Kiah Stokes","Loss",0.7939,-0.7939,0.370981308411215,-0.370981308411215
2026-06-09,"FanDuel","PHX @ GSV","1022600088","First Basket by Team","First Points","Player","Team","Home/Away","Favorite/Underdog",0.1621,517,0.1429,600,0.0192,0.0112,1.1206,0.523644859813084,2026-06-09 15:51:36.610113,1,"Monique Akoa Makani","Win",1.1206,6.7236,0.523644859813084,3.1418691588785
2026-06-09,"FanDuel","PHX @ GSV","1022600088","First Basket by Team","First Points","Player","Team","Home/Away","Favorite/Underdog",0.1621,517,0.1333,650,0.0287,0.0166,1.6578,0.774672897196262,2026-06-09 23:21:34.910618,4,"Monique Akoa Makani","Win",0.5372,3.4918,0.251028037383178,1.63168224299066
2026-06-09,"FanDuel","PHX @ GSV","1022600088","First Basket by Team","First Points","Player","Team","Home/Away","Favorite/Underdog",0.1621,517,0.1111,800,0.051,0.0287,2.8663,1.33939252336449,2026-06-09 23:51:35.697726,5,"Monique Akoa Makani","Win",1.2085,9.668,0.564719626168228,4.51775700934583
2026-06-09,"FanDuel","PHX @ GSV","1022600088","First Basket by Team","First Points","Player","Team","Home/Away","Favorite/Underdog",0.1861,437,0.1724,480,0.0137,0.0083,0.8264,0.386168224299065,2026-06-09 23:51:35.697726,1,"Natasha Mack","Loss",0.8264,-0.8264,0.386168224299065,-0.386168224299065
2026-06-09,"FanDuel","PHX @ GSV","1022600088","First Basket by Team","First Points","Player","Team","Home/Away","Favorite/Underdog",0.1487,573,0.1333,650,0.0153,0.0088,0.8839,0.41303738317757,2026-06-09 13:21:35.677845,1,"Noemie Brochant","Loss",0.8839,-0.8839,0.41303738317757,-0.41303738317757
2026-06-09,"FanDuel","PHX @ GSV","1022600088","First Basket by Team","First Points","Player","Team","Home/Away","Favorite/Underdog",0.1487,573,0.125,700,0.0237,0.0135,1.3517,0.631635514018692,2026-06-09 23:21:34.910618,12,"Noemie Brochant","Loss",0.4678,-0.4678,0.218598130841122,-0.218598130841122
2026-06-09,"FanDuel","PHX @ GSV","1022600088","First Basket by Team","First Points","Player","Team","Home/Away","Favorite/Underdog",0.1487,573,0.1176,750,0.031,0.0176,1.7571,0.82107476635514,2026-06-09 23:51:35.697726,13,"Noemie Brochant","Loss",0.4054,-0.4054,0.189439252336448,-0.189439252336448
2026-06-09,"Draft Kings","PHX @ GSV","1022600088","First Basket by Team Exact","First FGM","Player","Team Exact","Home/Away","Favorite/Underdog",0.1432,598,0.0769,1200,0.0663,0.0359,3.5911,2.60224637681159,2026-06-09 14:51:36.571715,1,"Cecilia Zandalasini two point field goal","Loss",3.5911,-3.5911,2.60224637681159,-2.60224637681159
2026-06-09,"Draft Kings","PHX @ GSV","1022600088","First Basket by Team Exact","First FGM","Player","Team Exact","Home/Away","Favorite/Underdog",0.2066,384,0.1818,450,0.0247,0.0151,1.5117,1.0954347826087,2026-06-09 14:51:36.571715,1,"Kahleah Copper two point field goal","Loss",1.5117,-1.5117,1.0954347826087,-1.0954347826087
2026-06-09,"Draft Kings","PHX @ GSV","1022600088","First Basket by Team Exact","First FGM","Player","Team Exact","Home/Away","Favorite/Underdog",0.1087,820,0.0952,950,0.0135,0.0074,0.7438,0.538985507246377,2026-06-09 14:51:36.571715,1,"Kiah Stokes two point field goal","Loss",0.7438,-0.7438,0.538985507246377,-0.538985507246377
2026-06-09,"Draft Kings","PHX @ GSV","1022600088","First Basket by Team Exact","First FGM","Player","Team Exact","Home/Away","Favorite/Underdog",0.1226,716,0.1111,800,0.0115,0.0065,0.6465,0.468478260869565,2026-06-09 14:51:36.571715,1,"Monique Akoa Makani two point field goal","Loss",0.6465,-0.6465,0.468478260869565,-0.468478260869565
2026-06-09,"Draft Kings","PHX @ GSV","1022600088","First Basket by Team Exact","First FGM","Player","Team Exact","Home/Away","Favorite/Underdog",0.0316,3061,0.0152,6500,0.0165,0.0084,0.8371,0.606594202898551,2026-06-09 14:51:36.571715,1,"Natasha Mack three point field goal","Loss",0.8371,-0.8371,0.606594202898551,-0.606594202898551
2026-06-09,"Draft Kings","PHX @ GSV","1022600088","First Three by Team","First Three","Player","Team","Home/Away","Favorite/Underdog",0.2323,331,0.2083,380,0.024,0.0151,1.5129,0.764090909090909,2026-06-09 14:51:36.835478,1,"Cecilia Zandalasini","Loss",1.5129,-1.5129,0.764090909090909,-0.764090909090909
2026-06-09,"Draft Kings","PHX @ GSV","1022600088","First Three by Team","First Three","Player","Team","Home/Away","Favorite/Underdog",0.1018,883,0.0833,1100,0.0184,0.0101,1.0051,0.507626262626263,2026-06-09 14:51:36.835478,1,"Kiah Stokes","Loss",1.0051,-1.0051,0.507626262626263,-0.507626262626263
2026-06-10,"Draft Kings","CON @ TOR","1022600089","First Basket","First Points","Player","Game","Home/Away","Favorite/Underdog",0.125,700,0.1111,800,0.0139,0.0078,0.7813,0.662118644067797,2026-06-10 18:51:33.500995,1,"Aaliyah Edwards","Loss",0.7813,-0.7813,0.662118644067797,-0.662118644067797
2026-06-10,"FanDuel","CON @ TOR","1022600089","First Basket","First Points","Player","Game","Home/Away","Favorite/Underdog",0.1055,848,0.0952,950,0.0103,0.0057,0.5693,0.482457627118644,2026-06-10 18:51:33.500995,1,"Brittney Sykes","Loss",0.5693,-0.5693,0.482457627118644,-0.482457627118644
2026-06-10,"BetRivers","CON @ TOR","1022600089","First Basket","First FGM","Player","Game","Home/Away","Favorite/Underdog",0.0885,1030,0.0769,1200,0.0116,0.0063,0.6261,0.530593220338983,2026-06-10 12:22:13.110144,1,"Laura Juskaite","Loss",0.6261,-0.6261,0.530593220338983,-0.530593220338983
2026-06-10,"BetRivers","CON @ TOR","1022600089","First Basket","First FGM","Player","Game","Home/Away","Favorite/Underdog",0.0889,1025,0.0769,1200,0.012,0.0065,0.648,0.549152542372881,2026-06-10 18:51:33.500995,5,"Laura Juskaite","Loss",0.0219,-0.0219,0.018559322033898,-0.018559322033898
2026-06-10,"FanDuel","CON @ TOR","1022600089","First Basket","First Points","Player","Game","Home/Away","Favorite/Underdog",0.1111,800,0.1,900,0.0111,0.0062,0.6165,0.522457627118644,2026-06-10 13:21:34.802484,1,"Nyara Sabally","Loss",0.6165,-0.6165,0.522457627118644,-0.522457627118644
2026-06-10,"FanDuel","CON @ TOR","1022600089","First Basket by Team","First Points","Player","Team","Home/Away","Favorite/Underdog",0.2173,360,0.1887,430,0.0286,0.0176,1.761,0.822897196261682,2026-06-10 14:21:33.716773,1,"Aaliyah Edwards","Win",1.761,7.5723,0.822897196261682,3.53845794392523
2026-06-10,"FanDuel","CON @ TOR","1022600089","First Basket by Team","First Points","Player","Team","Home/Away","Favorite/Underdog",0.2173,360,0.1852,440,0.0321,0.0197,1.9679,0.919579439252336,2026-06-10 14:51:33.810419,2,"Aaliyah Edwards","Win",0.2069,0.910360000000001,0.096682242990654,0.425401869158878
2026-06-10,"FanDuel","CON @ TOR","1022600089","First Basket by Team","First Points","Player","Team","Home/Away","Favorite/Underdog",0.2348,326,0.1887,430,0.0461,0.0284,2.8415,1.32780373831776,2026-06-10 18:51:33.661785,10,"Aaliyah Edwards","Win",0.8736,3.75648,0.408224299065424,1.75536448598132
2026-06-10,"FanDuel","CON @ TOR","1022600089","First Basket by Team","First Points","Player","Team","Home/Away","Favorite/Underdog",0.2348,326,0.1852,440,0.0496,0.0304,3.0437,1.42228971962617,2026-06-10 21:21:33.732026,15,"Aaliyah Edwards","Win",0.2022,0.88968,0.0944859813084098,0.415738317757003
2026-06-10,"FanDuel","CON @ TOR","1022600089","First Basket by Team","First Points","Player","Team","Home/Away","Favorite/Underdog",0.1976,406,0.1852,440,0.0124,0.0076,0.7612,0.355700934579439,2026-06-10 13:21:34.958628,1,"Diamond Miller","Loss",0.7612,-0.7612,0.355700934579439,-0.355700934579439
2026-06-10,"FanDuel","CON @ TOR","1022600089","First Basket by Team","First Points","Player","Team","Home/Away","Favorite/Underdog",0.2069,383,0.1887,430,0.0182,0.0112,1.1245,0.525467289719626,2026-06-10 18:51:33.661785,3,"Diamond Miller","Loss",0.3633,-0.3633,0.169766355140187,-0.169766355140187
2026-06-10,"FanDuel","CON @ TOR","1022600089","First Basket by Team","First Points","Player","Team","Home/Away","Favorite/Underdog",0.1888,430,0.1754,470,0.0134,0.0081,0.8129,0.379859813084112,2026-06-10 12:22:13.265395,1,"Laura Juskaite","Loss",0.8129,-0.8129,0.379859813084112,-0.379859813084112
2026-06-10,"FanDuel","CON @ TOR","1022600089","First Basket by Team","First Points","Player","Team","Home/Away","Favorite/Underdog",0.1556,543,0.1429,600,0.0128,0.0075,0.7451,0.348177570093458,2026-06-10 13:21:34.958628,1,"Saniya Rivers","Loss",0.7451,-0.7451,0.348177570093458,-0.348177570093458
2026-06-10,"Draft Kings","CON @ TOR","1022600089","First Basket by Team","First FGM","Player","Team","Home/Away","Favorite/Underdog",0.1693,491,0.1538,550,0.0155,0.0091,0.9134,0.426822429906542,2026-06-10 18:51:33.661785,3,"Saniya Rivers","Loss",0.1683,-0.1683,0.078644859813084,-0.078644859813084
2026-06-10,"FanDuel","CON @ TOR","1022600089","First Basket by Team","First Points","Player","Team","Home/Away","Favorite/Underdog",0.1601,525,0.1429,600,0.0172,0.01,1.0031,0.468738317757009,2026-06-10 19:21:32.812891,4,"Saniya Rivers","Loss",0.0897000000000001,-0.0897000000000001,0.041915887850467,-0.041915887850467
2026-06-10,"FanDuel","CON @ TOR","1022600089","First Basket by Team","First Points","Player","Team","Home/Away","Favorite/Underdog",0.1601,525,0.1333,650,0.0267,0.0154,1.5415,0.720327102803738,2026-06-10 22:51:32.358021,8,"Saniya Rivers","Loss",0.5384,-0.5384,0.251588785046729,-0.251588785046729
2026-06-10,"Draft Kings","CON @ TOR","1022600089","First Basket by Team Exact","First FGM","Player","Team Exact","Home/Away","Favorite/Underdog",0.0336,2872,0.0132,7500,0.0205,0.0104,1.0381,0.752246376811594,2026-06-10 14:51:34.006502,1,"Aaliyah Edwards three point field goal","Loss",1.0381,-1.0381,0.752246376811594,-0.752246376811594
2026-06-10,"Draft Kings","CON @ TOR","1022600089","First Basket by Team Exact","First FGM","Player","Team Exact","Home/Away","Favorite/Underdog",0.0359,2685,0.0132,7500,0.0227,0.0115,1.1526,0.835217391304348,2026-06-10 18:51:33.861154,9,"Aaliyah Edwards three point field goal","Loss",0.1145,-0.1145,0.082971014492754,-0.082971014492754
2026-06-10,"Draft Kings","CON @ TOR","1022600089","First Basket by Team Exact","First FGM","Player","Team Exact","Home/Away","Favorite/Underdog",0.1536,551,0.1429,600,0.0107,0.0063,0.6263,0.453840579710145,2026-06-10 18:51:33.861154,1,"Diamond Miller two point field goal","Loss",0.6263,-0.6263,0.453840579710145,-0.453840579710145
2026-06-10,"Draft Kings","CON @ TOR","1022600089","First Team","First FGM","Team","Quarter","Home/Away","Favorite/Underdog",0.527,-111,0.5122,-105,0.0148,0.0151,0.7565,0.491233766233766,2026-06-10 12:22:13.496146,1,"1Q CON","Loss",0.7565,-0.7565,0.491233766233766,-0.491233766233766
2026-06-10,"FanDuel","CON @ TOR","1022600089","First Team","First Points","Team","Quarter","Home/Away","Favorite/Underdog",0.4645,115,0.4348,130,0.0298,0.0263,1.3159,0.85448051948052,2026-06-10 12:22:13.496146,1,"1Q TOR","Win",1.3159,1.71067,0.85448051948052,1.11082467532468
2026-06-10,"Draft Kings","CON @ TOR","1022600089","First Three by Team","First Three","Player","Team","Home/Away","Favorite/Underdog",0.2261,342,0.1905,425,0.0356,0.022,2.1992,1.11070707070707,2026-06-10 15:21:33.921695,1,"Julie Allemand","Loss",2.1992,-2.1992,1.11070707070707,-1.11070707070707
2026-06-10,"FanDuel","LAS @ SEA","1022600090","First Basket","First Points","Player","Game","Home/Away","Favorite/Underdog",0.0894,1019,0.0714,1300,0.018,0.0097,0.968,0.820338983050848,2026-06-10 12:22:13.110144,1,"Ariel Atkins","Loss",0.968,-0.968,0.820338983050848,-0.820338983050848
2026-06-10,"MGM","LAS @ SEA","1022600090","First Basket","First FGM","Player","Game","Home/Away","Favorite/Underdog",0.0913,995,0.0667,1400,0.0247,0.0132,1.322,1.12033898305085,2026-06-10 14:21:33.561755,5,"Ariel Atkins","Loss",0.354,-0.354,0.300000000000002,-0.300000000000002
2026-06-10,"FanDuel","LAS @ SEA","1022600090","First Basket","First Points","Player","Game","Home/Away","Favorite/Underdog",0.0791,1165,0.0667,1400,0.0124,0.0066,0.6641,0.562796610169492,2026-06-10 12:22:13.110144,1,"Erica Wheeler","Loss",0.6641,-0.6641,0.562796610169492,-0.562796610169492
2026-06-10,"MGM","LAS @ SEA","1022600090","First Basket","First FGM","Player","Game","Home/Away","Favorite/Underdog",0.0806,1141,0.0667,1400,0.0139,0.0075,0.7452,0.631525423728814,2026-06-10 14:21:33.561755,3,"Erica Wheeler","Loss",0.0810999999999999,-0.0810999999999999,0.068728813559322,-0.068728813559322
2026-06-10,"FanDuel","LAS @ SEA","1022600090","First Basket","First Points","Player","Game","Home/Away","Favorite/Underdog",0.0792,1163,0.0625,1500,0.0167,0.0089,0.8907,0.754830508474576,2026-06-11 00:21:32.367899,23,"Erica Wheeler","Loss",0.1455,-0.1455,0.123305084745762,-0.123305084745762
2026-06-10,"BetRivers","LAS @ SEA","1022600090","First Basket","First FGM","Player","Game","Home/Away","Favorite/Underdog",0.0977,924,0.0769,1200,0.0207,0.0112,1.1239,0.952457627118644,2026-06-10 12:22:13.110144,1,"Jordan Horston","Loss",1.1239,-1.1239,0.952457627118644,-0.952457627118644
2026-06-10,"FanDuel","LAS @ SEA","1022600090","First Basket","First Points","Player","Game","Home/Away","Favorite/Underdog",0.0939,965,0.0714,1300,0.0225,0.0121,1.2114,1.02661016949153,2026-06-10 22:21:33.199626,21,"Jordan Horston","Loss",0.0875000000000001,-0.0875000000000001,0.0741525423728859,-0.0741525423728859
2026-06-10,"FanDuel","LAS @ SEA","1022600090","First Basket","First Points","Player","Game","Home/Away","Favorite/Underdog",0.0939,965,0.0667,1400,0.0273,0.0146,1.4603,1.23754237288136,2026-06-10 23:21:33.376905,23,"Jordan Horston","Loss",0.2489,-0.2489,0.21093220338983,-0.21093220338983
2026-06-10,"FanDuel","LAS @ SEA","1022600090","First Basket by Team","First Points","Player","Team","Home/Away","Favorite/Underdog",0.1865,436,0.1538,550,0.0327,0.0193,1.9314,0.902523364485981,2026-06-10 12:22:13.265395,1,"Ariel Atkins","Loss",1.9314,-1.9314,0.902523364485981,-0.902523364485981
2026-06-10,"FanDuel","LAS @ SEA","1022600090","First Basket by Team","First Points","Player","Team","Home/Away","Favorite/Underdog",0.1865,436,0.1429,600,0.0437,0.0255,2.5477,1.19051401869159,2026-06-10 13:21:34.958628,3,"Ariel Atkins","Loss",0.6163,-0.6163,0.287990654205609,-0.287990654205609
2026-06-10,"FanDuel","LAS @ SEA","1022600090","First Basket by Team","First Points","Player","Team","Home/Away","Favorite/Underdog",0.1865,436,0.1333,650,0.0532,0.0307,3.0691,1.43415887850467,2026-06-11 01:51:33.497408,28,"Ariel Atkins","Loss",0.5214,-0.5214,0.24364485981308,-0.24364485981308
2026-06-10,"FanDuel","LAS @ SEA","1022600090","First Basket by Team","First Points","Player","Team","Home/Away","Favorite/Underdog",0.165,506,0.1333,650,0.0316,0.0182,1.8242,0.852429906542056,2026-06-10 12:22:13.265395,1,"Erica Wheeler","Loss",1.8242,-1.8242,0.852429906542056,-0.852429906542056
2026-06-10,"Draft Kings","LAS @ SEA","1022600090","First Basket by Team","First FGM","Player","Team","Home/Away","Favorite/Underdog",0.1667,500,0.1333,650,0.0334,0.0193,1.9251,0.899579439252336,2026-06-10 17:51:34.244539,12,"Erica Wheeler","Loss",0.1009,-0.1009,0.04714953271028,-0.04714953271028
2026-06-10,"FanDuel","LAS @ SEA","1022600090","First Basket by Team","First Points","Player","Team","Home/Away","Favorite/Underdog",0.1807,453,0.1429,600,0.0378,0.0221,2.2061,1.03088785046729,2026-06-10 12:22:13.265395,1,"Jordan Horston","Loss",2.2061,-2.2061,1.03088785046729,-1.03088785046729
2026-06-10,"FanDuel","LAS @ SEA","1022600090","First Basket by Team","First Points","Player","Team","Home/Away","Favorite/Underdog",0.1807,453,0.1333,650,0.0473,0.0273,2.7313,1.27630841121495,2026-06-10 13:21:34.958628,3,"Jordan Horston","Loss",0.5252,-0.5252,0.24542056074766,-0.24542056074766
2026-06-10,"FanDuel","LAS @ SEA","1022600090","First Basket by Team","First Points","Player","Team","Home/Away","Favorite/Underdog",0.1807,453,0.125,700,0.0557,0.0318,3.1815,1.48668224299065,2026-06-10 23:21:33.533366,23,"Jordan Horston","Loss",0.4502,-0.4502,0.2103738317757,-0.2103738317757
2026-06-10,"Fanatics","LAS @ SEA","1022600090","First Basket by Team","First FGM","Player","Team","Home/Away","Favorite/Underdog",0.1891,429,0.1333,650,0.0557,0.0321,3.2148,1.50224299065421,2026-06-10 23:51:33.812598,24,"Jordan Horston","Loss",0.0332999999999997,-0.0332999999999997,0.01556074766356,-0.01556074766356
2026-06-10,"Draft Kings","LAS @ SEA","1022600090","First Basket by Team Exact","First FGM","Player","Team Exact","Home/Away","Favorite/Underdog",0.1316,660,0.1053,850,0.0263,0.0147,1.4701,1.06528985507246,2026-06-10 15:21:33.657135,1,"Ariel Atkins two point field goal","Loss",1.4701,-1.4701,1.06528985507246,-1.06528985507246
2026-06-10,"Draft Kings","LAS @ SEA","1022600090","First Basket by Team Exact","First FGM","Player","Team Exact","Home/Away","Favorite/Underdog",0.0369,2608,0.0217,4500,0.0152,0.0078,0.7762,0.562463768115942,2026-06-10 15:21:33.657135,1,"Dearica Hamby three point field goal","Loss",0.7762,-0.7762,0.562463768115942,-0.562463768115942
2026-06-10,"Draft Kings","LAS @ SEA","1022600090","First Basket by Team Exact","First FGM","Player","Team Exact","Home/Away","Favorite/Underdog",0.0543,1741,0.0278,3500,0.0266,0.0137,1.3657,0.98963768115942,2026-06-10 15:21:33.657135,1,"Dominique Malonga three point field goal","Loss",1.3657,-1.3657,0.98963768115942,-0.98963768115942
2026-06-10,"Draft Kings","LAS @ SEA","1022600090","First Basket by Team Exact","First FGM","Player","Team Exact","Home/Away","Favorite/Underdog",0.1104,806,0.0952,950,0.0151,0.0084,0.8359,0.605724637681159,2026-06-10 15:21:33.657135,1,"Erica Wheeler two point field goal","Loss",0.8359,-0.8359,0.605724637681159,-0.605724637681159
2026-06-10,"Draft Kings","LAS @ SEA","1022600090","First Basket by Team Exact","First FGM","Player","Team Exact","Home/Away","Favorite/Underdog",0.1104,806,0.0833,1100,0.027,0.0147,1.4744,1.06840579710145,2026-06-10 17:51:34.443168,6,"Erica Wheeler two point field goal","Loss",0.6385,-0.6385,0.462681159420291,-0.462681159420291
2026-06-10,"Draft Kings","LAS @ SEA","1022600090","First Basket by Team Exact","First FGM","Player","Team Exact","Home/Away","Favorite/Underdog",0.1463,583,0.1111,800,0.0352,0.0198,1.9816,1.43594202898551,2026-06-10 15:21:33.657135,1,"Jordan Horston two point field goal","Loss",1.9816,-1.9816,1.43594202898551,-1.43594202898551
2026-06-10,"Draft Kings","LAS @ SEA","1022600090","First Three by Team","First Three","Player","Team","Home/Away","Favorite/Underdog",0.126,694,0.1111,800,0.0149,0.0084,0.8354,0.421919191919192,2026-06-10 15:21:33.921695,1,"Jordan Horston","Loss",0.8354,-0.8354,0.421919191919192,-0.421919191919192
2026-06-11,"FanDuel","CHI @ IND","1022600091","First Basket","First Points","Player","Game","Home/Away","Favorite/Underdog",0.1112,799,0.1,900,0.0112,0.0062,0.6235,0.528389830508475,2026-06-11 15:51:36.197577,1,"Caitlin Clark","Loss",0.6235,-0.6235,0.528389830508475,-0.528389830508475
2026-06-11,"FanDuel","CHI @ IND","1022600091","First Basket","First Points","Player","Game","Home/Away","Favorite/Underdog",0.0768,1203,0.0625,1500,0.0143,0.0076,0.7605,0.644491525423729,2026-06-11 12:22:15.059242,1,"Jacy Sheldon","Loss",0.7605,-0.7605,0.644491525423729,-0.644491525423729
2026-06-11,"Fanatics","CHI @ IND","1022600091","First Basket","First FGM","Player","Game","Home/Away","Favorite/Underdog",0.0823,1115,0.0667,1400,0.0157,0.0084,0.8395,0.711440677966102,2026-06-11 13:21:44.033254,3,"Jacy Sheldon","Loss",0.0790000000000001,-0.0790000000000001,0.066949152542373,-0.066949152542373
2026-06-11,"MGM","CHI @ IND","1022600091","First Basket","First FGM","Player","Game","Home/Away","Favorite/Underdog",0.0823,1115,0.0588,1600,0.0235,0.0125,1.2492,1.05864406779661,2026-06-11 14:51:46.826975,6,"Jacy Sheldon","Loss",0.4097,-0.4097,0.347203389830508,-0.347203389830508
2026-06-11,"FanDuel","CHI @ IND","1022600091","First Basket","First Points","Player","Game","Home/Away","Favorite/Underdog",0.0768,1202,0.0526,1800,0.0242,0.0128,1.2756,1.08101694915254,2026-06-11 22:51:36.227799,22,"Jacy Sheldon","Loss",0.0264,-0.0264,0.0223728813559301,-0.0223728813559301
2026-06-11,"FanDuel","CHI @ IND","1022600091","First Basket","First Points","Player","Game","Home/Away","Favorite/Underdog",0.0705,1318,0.0588,1600,0.0117,0.0062,0.6213,0.526525423728814,2026-06-11 12:22:15.059242,1,"Lexie Hull","Loss",0.6213,-0.6213,0.526525423728814,-0.526525423728814
2026-06-11,"MGM","CHI @ IND","1022600091","First Basket","First FGM","Player","Game","Home/Away","Favorite/Underdog",0.0726,1277,0.0588,1600,0.0138,0.0073,0.7341,0.622118644067797,2026-06-11 14:51:46.826975,6,"Lexie Hull","Loss",0.1128,-0.1128,0.0955932203389831,-0.0955932203389831
2026-06-11,"FanDuel","CHI @ IND","1022600091","First Basket","First Points","Player","Game","Home/Away","Favorite/Underdog",0.0706,1317,0.0556,1700,0.015,0.0079,0.7942,0.673050847457627,2026-06-11 16:21:35.02742,9,"Lexie Hull","Loss",0.0601,-0.0601,0.05093220338983,-0.05093220338983
2026-06-11,"BetRivers","CHI @ IND","1022600091","First Basket","First FGM","Player","Game","Home/Away","Favorite/Underdog",0.0874,1045,0.0769,1200,0.0104,0.0057,0.5651,0.478898305084746,2026-06-11 13:21:44.033254,1,"Monique Billings","Loss",0.5651,-0.5651,0.478898305084746,-0.478898305084746
2026-06-11,"FanDuel","CHI @ IND","1022600091","First Basket","First Points","Player","Game","Home/Away","Favorite/Underdog",0.0888,1027,0.0769,1200,0.0118,0.0064,0.6417,0.543813559322034,2026-06-11 14:51:46.826975,4,"Monique Billings","Loss",0.0766,-0.0766,0.064915254237288,-0.064915254237288
2026-06-11,"FanDuel","CHI @ IND","1022600091","First Basket","First Points","Player","Game","Home/Away","Favorite/Underdog",0.1028,873,0.0833,1100,0.0194,0.0106,1.0603,0.898559322033898,2026-06-11 22:51:36.227799,1,"Skylar Diggins","Loss",1.0603,-1.0603,0.898559322033898,-0.898559322033898
2026-06-11,"Draft Kings","CHI @ IND","1022600091","First Basket by Team","First FGM","Player","Team","Home/Away","Favorite/Underdog",0.2344,327,0.1905,425,0.0439,0.0271,2.7139,1.26817757009346,2026-06-11 13:21:44.243829,1,"Azura Stevens","Loss",2.7139,-2.7139,1.26817757009346,-1.26817757009346
2026-06-11,"FanDuel","CHI @ IND","1022600091","First Basket by Team","First Points","Player","Team","Home/Away","Favorite/Underdog",0.2231,348,0.2128,370,0.0103,0.0065,0.6542,0.305700934579439,2026-06-11 12:22:15.220183,1,"Caitlin Clark","Win",0.6542,2.42054,0.305700934579439,1.13109345794392
2026-06-11,"FanDuel","CHI @ IND","1022600091","First Basket by Team","First Points","Player","Team","Home/Away","Favorite/Underdog",0.2231,348,0.2083,380,0.0147,0.0093,0.9305,0.43481308411215,2026-06-11 15:21:36.291078,7,"Caitlin Clark","Win",0.2763,1.04994,0.129112149532711,0.490626168224302
2026-06-11,"FanDuel","CHI @ IND","1022600091","First Basket by Team","First Points","Player","Team","Home/Away","Favorite/Underdog",0.2231,348,0.2041,390,0.019,0.0119,1.1926,0.557289719626168,2026-06-11 17:51:36.577645,11,"Caitlin Clark","Win",0.2621,1.02219,0.122476635514018,0.47765887850467
2026-06-11,"FanDuel","CHI @ IND","1022600091","First Basket by Team","First Points","Player","Team","Home/Away","Favorite/Underdog",0.19,426,0.1667,500,0.0233,0.014,1.3981,0.653317757009346,2026-06-11 22:51:36.391659,1,"Gabriela Jaquez","Loss",1.3981,-1.3981,0.653317757009346,-0.653317757009346
2026-06-11,"Fanatics","CHI @ IND","1022600091","First Basket by Team","First FGM","Player","Team","Home/Away","Favorite/Underdog",0.1637,511,0.125,700,0.0387,0.0221,2.2107,1.03303738317757,2026-06-11 12:22:15.220183,1,"Jacy Sheldon","Loss",2.2107,-2.2107,1.03303738317757,-1.03303738317757
2026-06-11,"FanDuel","CHI @ IND","1022600091","First Basket by Team","First Points","Player","Team","Home/Away","Favorite/Underdog",0.153,554,0.1111,800,0.0419,0.0236,2.3568,1.10130841121495,2026-06-11 22:21:37.212108,21,"Jacy Sheldon","Loss",0.1461,-0.1461,0.0682710280373799,-0.0682710280373799
2026-06-11,"FanDuel","CHI @ IND","1022600091","First Basket by Team","First Points","Player","Team","Home/Away","Favorite/Underdog",0.153,554,0.0909,1000,0.0621,0.0342,3.4155,1.59602803738318,2026-06-11 22:51:36.391659,22,"Jacy Sheldon","Loss",1.0587,-1.0587,0.49471962616823,-0.49471962616823
2026-06-11,"FanDuel","CHI @ IND","1022600091","First Basket by Team","First Points","Player","Team","Home/Away","Favorite/Underdog",0.1415,607,0.125,700,0.0165,0.0094,0.9432,0.440747663551402,2026-06-11 12:22:15.220183,1,"Lexie Hull","Loss",0.9432,-0.9432,0.440747663551402,-0.440747663551402
2026-06-11,"FanDuel","CHI @ IND","1022600091","First Basket by Team","First Points","Player","Team","Home/Away","Favorite/Underdog",0.1415,607,0.1176,750,0.0239,0.0135,1.352,0.631775700934579,2026-06-11 13:21:44.243829,3,"Lexie Hull","Loss",0.4088,-0.4088,0.191028037383177,-0.191028037383177
2026-06-11,"FanDuel","CHI @ IND","1022600091","First Basket by Team","First Points","Player","Team","Home/Away","Favorite/Underdog",0.1415,607,0.1111,800,0.0304,0.0171,1.7097,0.79892523364486,2026-06-11 17:51:36.577645,12,"Lexie Hull","Loss",0.3577,-0.3577,0.167149532710281,-0.167149532710281
2026-06-11,"FanDuel","CHI @ IND","1022600091","First Basket by Team","First Points","Player","Team","Home/Away","Favorite/Underdog",0.1781,461,0.1667,500,0.0115,0.0069,0.688,0.321495327102804,2026-06-11 12:22:15.220183,1,"Monique Billings","Loss",0.688,-0.688,0.321495327102804,-0.321495327102804
2026-06-11,"FanDuel","CHI @ IND","1022600091","First Basket by Team","First Points","Player","Team","Home/Away","Favorite/Underdog",0.2048,388,0.1923,420,0.0124,0.0077,0.7704,0.36,2026-06-11 12:22:15.220183,1,"Skylar Diggins","Loss",0.7704,-0.7704,0.36,-0.36
2026-06-11,"FanDuel","CHI @ IND","1022600091","First Basket by Team","First Points","Player","Team","Home/Away","Favorite/Underdog",0.2048,388,0.1852,440,0.0196,0.012,1.2007,0.56107476635514,2026-06-11 14:51:46.997872,6,"Skylar Diggins","Loss",0.4303,-0.4303,0.20107476635514,-0.20107476635514
2026-06-11,"FanDuel","CHI @ IND","1022600091","First Basket by Team","First Points","Player","Team","Home/Away","Favorite/Underdog",0.2048,388,0.1818,450,0.0229,0.014,1.4015,0.654906542056075,2026-06-11 21:51:37.416066,20,"Skylar Diggins","Loss",0.2008,-0.2008,0.093831775700935,-0.093831775700935
2026-06-11,"FanDuel","CHI @ IND","1022600091","First Basket by Team","First Points","Player","Team","Home/Away","Favorite/Underdog",0.2048,388,0.1786,460,0.0262,0.0159,1.5936,0.744672897196262,2026-06-11 22:21:37.212108,21,"Skylar Diggins","Loss",0.1921,-0.1921,0.0897663551401869,-0.0897663551401869
2026-06-11,"FanDuel","CHI @ IND","1022600091","First Basket by Team","First Points","Player","Team","Home/Away","Favorite/Underdog",0.2048,388,0.1538,550,0.0509,0.0301,3.0081,1.40565420560748,2026-06-11 22:51:36.391659,22,"Skylar Diggins","Loss",1.4145,-1.4145,0.660981308411218,-0.660981308411218
2026-06-11,"Draft Kings","CHI @ IND","1022600091","First Basket by Team Exact","First FGM","Player","Team Exact","Home/Away","Favorite/Underdog",0.1701,488,0.1429,600,0.0273,0.0159,1.5908,1.15275362318841,2026-06-11 13:21:44.479996,1,"Azura Stevens two point field goal","Loss",1.5908,-1.5908,1.15275362318841,-1.15275362318841
2026-06-11,"Draft Kings","CHI @ IND","1022600091","First Three by Team","First Three","Player","Team","Home/Away","Favorite/Underdog",0.079,1165,0.0588,1600,0.0202,0.0107,1.0738,0.542323232323232,2026-06-11 13:21:44.842277,1,"Aliyah Boston","Loss",1.0738,-1.0738,0.542323232323232,-0.542323232323232
2026-06-11,"Draft Kings","CHI @ IND","1022600091","First Three by Team","First Three","Player","Team","Home/Away","Favorite/Underdog",0.2463,306,0.2222,350,0.0241,0.0155,1.5469,0.781262626262626,2026-06-11 13:21:44.842277,1,"Jacy Sheldon","Win",1.5469,5.41415,0.781262626262626,2.73441919191919
2026-06-11,"Draft Kings","LVA @ PDX","1022600094","First Basket","First Points","Player","Game","Home/Away","Favorite/Underdog",0.0749,1236,0.0549,1720,0.0199,0.0105,1.0531,0.892457627118644,2026-06-11 12:22:15.059242,1,"Chelsea Gray","Loss",1.0531,-1.0531,0.892457627118644,-0.892457627118644
2026-06-11,"theScore","LVA @ PDX","1022600094","First Basket","First Points","Player","Game","Home/Away","Favorite/Underdog",0.0897,1015,0.0667,1400,0.023,0.0123,1.2321,1.04415254237288,2026-06-11 12:22:15.059242,1,"Megan Gustafson","Loss",1.2321,-1.2321,1.04415254237288,-1.04415254237288
2026-06-11,"FanDuel","LVA @ PDX","1022600094","First Basket Exact","First Points","Player","Exact","Home/Away","Favorite/Underdog",0.0423,2265,0.0323,3000,0.01,0.0052,0.5177,0.772686567164179,2026-06-11 20:51:38.538677,1,"Carla Leite other","Loss",0.5177,-0.5177,0.772686567164179,-0.772686567164179
2026-06-11,"Fanatics","LVA @ PDX","1022600094","First Basket by Team","First FGM","Player","Team","Home/Away","Favorite/Underdog",0.1522,557,0.1053,850,0.0469,0.0262,2.6208,1.22467289719626,2026-06-11 12:22:15.220183,1,"Chelsea Gray","Loss",2.6208,-2.6208,1.22467289719626,-1.22467289719626
2026-06-11,"FanDuel","LVA @ PDX","1022600094","First Basket by Team","First Points","Player","Team","Home/Away","Favorite/Underdog",0.1836,445,0.1667,500,0.0169,0.0102,1.0167,0.475093457943925,2026-06-11 12:22:15.220183,1,"Megan Gustafson","Loss",1.0167,-1.0167,0.475093457943925,-0.475093457943925
2026-06-11,"FanDuel","LVA @ PDX","1022600094","First Basket by Team","First Points","Player","Team","Home/Away","Favorite/Underdog",0.1836,445,0.1538,550,0.0298,0.0176,1.7589,0.821915887850467,2026-06-11 15:21:36.291078,7,"Megan Gustafson","Loss",0.7422,-0.7422,0.346822429906542,-0.346822429906542
2026-06-11,"Draft Kings","LVA @ PDX","1022600094","First Basket by Team","First FGM","Player","Team","Home/Away","Favorite/Underdog",0.1852,440,0.1739,475,0.0113,0.0068,0.6849,0.320046728971963,2026-06-11 13:51:37.07831,1,"Sarah Ashlee Barker","Loss",0.6849,-0.6849,0.320046728971963,-0.320046728971963
2026-06-11,"Fanatics","LVA @ PDX","1022600094","First Basket by Team","First FGM","Player","Team","Home/Away","Favorite/Underdog",0.1332,651,0.1176,750,0.0156,0.0088,0.8835,0.41285046728972,2026-06-11 20:21:36.687307,1,"Stephanie Talbot","Loss",0.8835,-0.8835,0.41285046728972,-0.41285046728972
2026-06-11,"Draft Kings","LVA @ PDX","1022600094","First Basket by Team Exact","First FGM","Player","Team Exact","Home/Away","Favorite/Underdog",0.1001,899,0.0769,1200,0.0232,0.0126,1.2552,0.909565217391304,2026-06-11 13:51:37.282998,1,"Chelsea Gray two point field goal","Loss",1.2552,-1.2552,0.909565217391304,-0.909565217391304
2026-06-11,"Draft Kings","LVA @ PDX","1022600094","First Basket by Team Exact","First FGM","Player","Team Exact","Home/Away","Favorite/Underdog",0.0541,1748,0.0435,2200,0.0106,0.0056,0.5563,0.403115942028986,2026-06-11 13:51:37.282998,1,"Megan Gustafson three point field goal","Loss",0.5563,-0.5563,0.403115942028986,-0.403115942028986
2026-06-11,"Draft Kings","LVA @ PDX","1022600094","First Basket by Team Exact","First FGM","Player","Team Exact","Home/Away","Favorite/Underdog",0.0333,2901,0.0123,8000,0.021,0.0106,1.0617,0.769347826086957,2026-06-11 13:51:37.282998,1,"NaLyssa Smith three point field goal","Loss",1.0617,-1.0617,0.769347826086957,-0.769347826086957
2026-06-11,"Draft Kings","LVA @ PDX","1022600094","First Basket by Team Exact","First FGM","Player","Team Exact","Home/Away","Favorite/Underdog",0.1278,682,0.1176,750,0.0102,0.0058,0.5781,0.418913043478261,2026-06-11 13:51:37.282998,1,"Sarah Ashlee Barker two point field goal","Loss",0.5781,-0.5781,0.418913043478261,-0.418913043478261
2026-06-11,"Draft Kings","LVA @ PDX","1022600094","First Basket by Team Exact","First FGM","Player","Team Exact","Home/Away","Favorite/Underdog",0.0824,1114,0.0714,1300,0.011,0.0059,0.5898,0.427391304347826,2026-06-11 13:51:37.282998,1,"Stephanie Talbot two point field goal","Loss",0.5898,-0.5898,0.427391304347826,-0.427391304347826
2026-06-11,"FanDuel","LVA @ PDX","1022600094","First Team","First Points","Team","Quarter","Home/Away","Favorite/Underdog",0.4883,105,0.4673,114,0.0211,0.0198,0.9881,0.641623376623377,2026-06-11 13:21:44.561847,1,"1Q PDX","Win",0.9881,1.126434,0.641623376623377,0.73145064935065
2026-06-11,"FanDuel","LVA @ PDX","1022600094","First Team","First Points","Team","Quarter","Home/Away","Favorite/Underdog",0.4883,105,0.463,116,0.0254,0.0236,1.1816,0.767272727272727,2026-06-11 14:51:47.262514,4,"1Q PDX","Win",0.1935,0.22446,0.12564935064935,0.145753246753246
2026-06-11,"Draft Kings","LVA @ PDX","1022600094","First Three by Team","First Three","Player","Team","Home/Away","Favorite/Underdog",0.1399,615,0.125,700,0.0149,0.0085,0.8506,0.42959595959596,2026-06-11 14:21:59.58721,1,"Megan Gustafson","Loss",0.8506,-0.8506,0.42959595959596,-0.42959595959596
2026-06-11,"Draft Kings","NYL @ ATL","1022600092","First Basket","First Points","Player","Game","Home/Away","Favorite/Underdog",0.0802,1148,0.061,1540,0.0192,0.0102,1.0215,0.865677966101695,2026-06-11 22:51:36.227799,1,"Leonie Fiebich","Loss",1.0215,-1.0215,0.865677966101695,-0.865677966101695
2026-06-11,"theScore","NYL @ ATL","1022600092","First Basket","First Points","Player","Game","Home/Away","Favorite/Underdog",0.0834,1100,0.0625,1500,0.0209,0.0111,1.1127,0.942966101694915,2026-06-11 12:22:15.059242,1,"Naz Hillmon","Loss",1.1127,-1.1127,0.942966101694915,-0.942966101694915
2026-06-11,"FanDuel","NYL @ ATL","1022600092","First Basket Exact","First Points","Player","Exact","Home/Away","Favorite/Underdog",0.0326,2965,0.0217,4500,0.0109,0.0056,0.5565,0.830597014925373,2026-06-11 22:51:36.496893,1,"Pauline Astier three point field goal","Loss",0.5565,-0.5565,0.830597014925373,-0.830597014925373
2026-06-11,"Draft Kings","NYL @ ATL","1022600092","First Basket by Team","First FGM","Player","Team","Home/Away","Favorite/Underdog",0.2007,398,0.1739,475,0.0268,0.0162,1.6242,0.758971962616822,2026-06-11 13:51:37.07831,1,"Allisha Gray","Loss",1.6242,-1.6242,0.758971962616822,-0.758971962616822
2026-06-11,"Draft Kings","NYL @ ATL","1022600092","First Basket by Team","First FGM","Player","Team","Home/Away","Favorite/Underdog",0.2666,275,0.2,400,0.0666,0.0416,4.1632,1.94542056074766,2026-06-11 13:51:37.07831,1,"Angel Reese","Win",4.1632,16.6528,1.94542056074766,7.78168224299064
2026-06-11,"Draft Kings","NYL @ ATL","1022600092","First Basket by Team","First FGM","Player","Team","Home/Away","Favorite/Underdog",0.2617,282,0.2381,320,0.0236,0.0155,1.5494,0.724018691588785,2026-06-11 13:21:44.243829,1,"Breanna Stewart","Loss",1.5494,-1.5494,0.724018691588785,-0.724018691588785
2026-06-11,"FanDuel","NYL @ ATL","1022600092","First Basket by Team","First Points","Player","Team","Home/Away","Favorite/Underdog",0.1526,556,0.1333,650,0.0192,0.0111,1.1089,0.518177570093458,2026-06-11 12:22:15.220183,1,"Leonie Fiebich","Loss",1.1089,-1.1089,0.518177570093458,-0.518177570093458
2026-06-11,"FanDuel","NYL @ ATL","1022600092","First Basket by Team","First Points","Player","Team","Home/Away","Favorite/Underdog",0.1526,556,0.1111,800,0.0414,0.0233,2.3312,1.08934579439252,2026-06-11 22:51:36.391659,8,"Leonie Fiebich","Loss",1.2223,-1.2223,0.571168224299062,-0.571168224299062
2026-06-11,"FanDuel","NYL @ ATL","1022600092","First Basket by Team","First Points","Player","Team","Home/Away","Favorite/Underdog",0.1757,469,0.1538,550,0.0218,0.0129,1.2893,0.602476635514019,2026-06-11 12:22:15.220183,1,"Naz Hillmon","Loss",1.2893,-1.2893,0.602476635514019,-0.602476635514019
2026-06-11,"FanDuel","NYL @ ATL","1022600092","First Basket by Team","First Points","Player","Team","Home/Away","Favorite/Underdog",0.1632,513,0.1429,600,0.0203,0.0119,1.1856,0.554018691588785,2026-06-11 22:51:36.391659,1,"Pauline Astier","Loss",1.1856,-1.1856,0.554018691588785,-0.554018691588785
2026-06-11,"Draft Kings","NYL @ ATL","1022600092","First Basket by Team Exact","First FGM","Player","Team Exact","Home/Away","Favorite/Underdog",0.1388,620,0.1176,750,0.0212,0.012,1.2007,0.870072463768116,2026-06-11 13:51:37.282998,1,"Allisha Gray two point field goal","Loss",1.2007,-1.2007,0.870072463768116,-0.870072463768116
2026-06-11,"Draft Kings","NYL @ ATL","1022600092","First Basket by Team Exact","First FGM","Player","Team Exact","Home/Away","Favorite/Underdog",0.0378,2545,0.0141,7000,0.0237,0.012,1.2032,0.871884057971015,2026-06-11 13:51:37.282998,1,"Angel Reese three point field goal","Loss",1.2032,-1.2032,0.871884057971015,-0.871884057971015
2026-06-11,"Draft Kings","NYL @ ATL","1022600092","First Basket by Team Exact","First FGM","Player","Team Exact","Home/Away","Favorite/Underdog",0.2288,337,0.1905,425,0.0383,0.0237,2.3672,1.71536231884058,2026-06-11 13:51:37.282998,1,"Angel Reese two point field goal","Win",2.3672,10.0606,1.71536231884058,7.29028985507247
2026-06-11,"Draft Kings","NYL @ ATL","1022600092","First Basket by Team Exact","First FGM","Player","Team Exact","Home/Away","Favorite/Underdog",0.0542,1746,0.0435,2200,0.0107,0.0056,0.5586,0.404782608695652,2026-06-11 13:21:44.479996,1,"Breanna Stewart three point field goal","Loss",0.5586,-0.5586,0.404782608695652,-0.404782608695652
2026-06-11,"Draft Kings","NYL @ ATL","1022600092","First Basket by Team Exact","First FGM","Player","Team Exact","Home/Away","Favorite/Underdog",0.0919,988,0.0769,1200,0.0149,0.0081,0.8098,0.586811594202899,2026-06-11 13:21:44.479996,1,"Marine Johannes two point field goal","Win",0.8098,9.7176,0.586811594202899,7.04173913043479
2026-06-11,"Draft Kings","NYL @ ATL","1022600092","First Three by Team","First Three","Player","Team","Home/Away","Favorite/Underdog",0.2149,365,0.2,400,0.0149,0.0093,0.9312,0.47030303030303,2026-06-11 13:51:37.550132,1,"Allisha Gray","Loss",0.9312,-0.9312,0.47030303030303,-0.47030303030303
2026-06-11,"Draft Kings","NYL @ ATL","1022600092","First Three by Team","First Three","Player","Team","Home/Away","Favorite/Underdog",0.1762,468,0.1333,650,0.0429,0.0247,2.4737,1.24934343434343,2026-06-11 13:21:44.842277,1,"Jonquel Jones","Loss",2.4737,-2.4737,1.24934343434343,-1.24934343434343
2026-06-11,"FanDuel","PHX @ DAL","1022600093","First Basket","First Points","Player","Game","Home/Away","Favorite/Underdog",0.0863,1059,0.0714,1300,0.0148,0.008,0.7984,0.676610169491525,2026-06-11 12:22:15.059242,1,"Arike Ogunbowale","Loss",0.7984,-0.7984,0.676610169491525,-0.676610169491525
2026-06-11,"BetRivers","PHX @ DAL","1022600093","First Basket","First FGM","Player","Game","Home/Away","Favorite/Underdog",0.0968,934,0.0769,1200,0.0198,0.0107,1.0741,0.910254237288136,2026-06-11 13:21:44.033254,3,"Arike Ogunbowale","Loss",0.2757,-0.2757,0.233644067796611,-0.233644067796611
2026-06-11,"Draft Kings","PHX @ DAL","1022600093","First Basket","First Points","Player","Game","Home/Away","Favorite/Underdog",0.0967,934,0.0862,1060,0.0105,0.0057,0.5729,0.485508474576271,2026-06-11 13:21:44.033254,1,"Maddy Siegrist","Loss",0.5729,-0.5729,0.485508474576271,-0.485508474576271
2026-06-11,"Draft Kings","PHX @ DAL","1022600093","First Basket","First Points","Player","Game","Home/Away","Favorite/Underdog",0.0967,934,0.0862,1060,0.0105,0.0058,0.576,0.488135593220339,2026-06-11 13:51:36.914755,2,"Maddy Siegrist","Loss",0.00309999999999999,-0.00309999999999999,0.002627118644068,-0.002627118644068
2026-06-11,"FanDuel","PHX @ DAL","1022600093","First Basket","First Points","Player","Game","Home/Away","Favorite/Underdog",0.0967,934,0.0833,1100,0.0133,0.0073,0.7279,0.616864406779661,2026-06-11 17:51:36.413338,7,"Maddy Siegrist","Loss",0.1519,-0.1519,0.128728813559322,-0.128728813559322
2026-06-11,"FanDuel","PHX @ DAL","1022600093","First Basket","First Points","Player","Game","Home/Away","Favorite/Underdog",0.0871,1048,0.0667,1400,0.0205,0.011,1.0963,0.92906779661017,2026-06-11 12:22:15.059242,1,"Monique Akoa Makani","Loss",1.0963,-1.0963,0.92906779661017,-0.92906779661017
2026-06-11,"MGM","PHX @ DAL","1022600093","First Basket","First FGM","Player","Game","Home/Away","Favorite/Underdog",0.0915,993,0.0667,1400,0.0249,0.0133,1.3313,1.12822033898305,2026-06-11 14:51:46.826975,6,"Monique Akoa Makani","Loss",0.235,-0.235,0.19915254237288,-0.19915254237288
2026-06-11,"FanDuel","PHX @ DAL","1022600093","First Basket","First Points","Player","Game","Home/Away","Favorite/Underdog",0.0789,1167,0.0625,1500,0.0164,0.0088,0.8758,0.742203389830508,2026-06-11 12:22:15.059242,1,"Noemie Brochant","Loss",0.8758,-0.8758,0.742203389830508,-0.742203389830508
2026-06-11,"FanDuel","PHX @ DAL","1022600093","First Basket","First Points","Player","Game","Home/Away","Favorite/Underdog",0.0789,1168,0.0588,1600,0.0201,0.0107,1.0656,0.903050847457627,2026-06-11 18:51:36.814433,14,"Noemie Brochant","Loss",0.1898,-0.1898,0.160847457627119,-0.160847457627119
2026-06-11,"FanDuel","PHX @ DAL","1022600093","First Basket by Team","First Points","Player","Team","Home/Away","Favorite/Underdog",0.1859,438,0.1538,550,0.0321,0.019,1.8953,0.885654205607477,2026-06-11 12:22:15.220183,1,"Arike Ogunbowale","Loss",1.8953,-1.8953,0.885654205607477,-0.885654205607477
2026-06-11,"FanDuel","PHX @ DAL","1022600093","First Basket by Team","First Points","Player","Team","Home/Away","Favorite/Underdog",0.1859,438,0.1429,600,0.0431,0.0251,2.5121,1.1738785046729,2026-06-11 14:51:46.997872,6,"Arike Ogunbowale","Loss",0.6168,-0.6168,0.288224299065423,-0.288224299065423
2026-06-11,"Draft Kings","PHX @ DAL","1022600093","First Basket by Team","First FGM","Player","Team","Home/Away","Favorite/Underdog",0.2762,262,0.2326,330,0.0436,0.0284,2.8431,1.32855140186916,2026-06-11 13:51:37.07831,1,"Kahleah Copper","Loss",2.8431,-2.8431,1.32855140186916,-1.32855140186916
2026-06-11,"FanDuel","PHX @ DAL","1022600093","First Basket by Team","First Points","Player","Team","Home/Away","Favorite/Underdog",0.2083,380,0.1786,460,0.0297,0.0181,1.8073,0.844532710280374,2026-06-11 12:22:15.220183,1,"Maddy Siegrist","Loss",1.8073,-1.8073,0.844532710280374,-0.844532710280374
2026-06-11,"FanDuel","PHX @ DAL","1022600093","First Basket by Team","First Points","Player","Team","Home/Away","Favorite/Underdog",0.2083,380,0.1754,470,0.0328,0.0199,1.9904,0.930093457943925,2026-06-11 15:51:36.361453,8,"Maddy Siegrist","Loss",0.1831,-0.1831,0.0855607476635509,-0.0855607476635509
2026-06-11,"FanDuel","PHX @ DAL","1022600093","First Basket by Team","First Points","Player","Team","Home/Away","Favorite/Underdog",0.2083,380,0.1724,480,0.0358,0.0217,2.1658,1.01205607476635,2026-06-11 16:21:35.191285,9,"Maddy Siegrist","Loss",0.1754,-0.1754,0.0819626168224251,-0.0819626168224251
2026-06-11,"FanDuel","PHX @ DAL","1022600093","First Basket by Team","First Points","Player","Team","Home/Away","Favorite/Underdog",0.1625,515,0.125,700,0.0375,0.0215,2.1451,1.00238317757009,2026-06-11 12:22:15.220183,1,"Monique Akoa Makani","Loss",2.1451,-2.1451,1.00238317757009,-1.00238317757009
2026-06-11,"Fanatics","PHX @ DAL","1022600093","First Basket by Team","First FGM","Player","Team","Home/Away","Favorite/Underdog",0.1749,472,0.1333,650,0.0416,0.024,2.3983,1.12070093457944,2026-06-11 22:51:36.391659,22,"Monique Akoa Makani","Loss",0.2532,-0.2532,0.11831775700935,-0.11831775700935
2026-06-11,"Fanatics","PHX @ DAL","1022600093","First Basket by Team","First FGM","Player","Team","Home/Away","Favorite/Underdog",0.1978,406,0.1818,450,0.016,0.0098,0.9753,0.455747663551402,2026-06-11 17:21:37.334656,1,"Natasha Mack","Win",0.9753,4.38885,0.455747663551402,2.05086448598131
2026-06-11,"FanDuel","PHX @ DAL","1022600093","First Basket by Team","First Points","Player","Team","Home/Away","Favorite/Underdog",0.1472,579,0.1176,750,0.0296,0.0168,1.6761,0.78322429906542,2026-06-11 12:22:15.220183,1,"Noemie Brochant","Loss",1.6761,-1.6761,0.78322429906542,-0.78322429906542
2026-06-11,"FanDuel","PHX @ DAL","1022600093","First Basket by Team","First Points","Player","Team","Home/Away","Favorite/Underdog",0.1472,579,0.1111,800,0.0361,0.0203,2.0314,0.949252336448598,2026-06-11 18:51:36.979877,14,"Noemie Brochant","Loss",0.3553,-0.3553,0.166028037383178,-0.166028037383178
2026-06-11,"Draft Kings","PHX @ DAL","1022600093","First Basket by Team Exact","First FGM","Player","Team Exact","Home/Away","Favorite/Underdog",0.1413,608,0.125,700,0.0163,0.0093,0.9301,0.673985507246377,2026-06-11 14:21:59.314759,1,"Arike Ogunbowale two point field goal","Loss",0.9301,-0.9301,0.673985507246377,-0.673985507246377
2026-06-11,"Draft Kings","PHX @ DAL","1022600093","First Basket by Team Exact","First FGM","Player","Team Exact","Home/Away","Favorite/Underdog",0.031,3130,0.0123,8000,0.0186,0.0094,0.9422,0.682753623188406,2026-06-11 14:21:59.314759,1,"Jessica Shepard three point field goal","Loss",0.9422,-0.9422,0.682753623188406,-0.682753623188406
2026-06-11,"Draft Kings","PHX @ DAL","1022600093","First Basket by Team Exact","First FGM","Player","Team Exact","Home/Away","Favorite/Underdog",0.2007,398,0.1667,500,0.034,0.0204,2.0414,1.47927536231884,2026-06-11 13:51:37.282998,1,"Kahleah Copper two point field goal","Loss",2.0414,-2.0414,1.47927536231884,-1.47927536231884
2026-06-11,"Draft Kings","PHX @ DAL","1022600093","First Basket by Team Exact","First FGM","Player","Team Exact","Home/Away","Favorite/Underdog",0.0316,3069,0.0179,5500,0.0137,0.007,0.6976,0.505507246376812,2026-06-11 13:51:37.282998,1,"Natasha Mack three point field goal","Loss",0.6976,-0.6976,0.505507246376812,-0.505507246376812
2026-06-11,"Draft Kings","PHX @ DAL","1022600093","First Three by Team","First Three","Player","Team","Home/Away","Favorite/Underdog",0.0671,1390,0.0556,1700,0.0116,0.0061,0.613,0.30959595959596,2026-06-11 13:51:37.550132,1,"Natasha Mack","Loss",0.613,-0.613,0.30959595959596,-0.30959595959596
2026-06-12,"FanDuel","GSV @ SEA","1022600096","First Basket","First Points","Player","Game","Home/Away","Favorite/Underdog",0.0978,923,0.0833,1100,0.0144,0.0079,0.7867,0.666694915254237,2026-06-12 13:51:35.975454,1,"Cecilia Zandalasini","Loss",0.7867,-0.7867,0.666694915254237,-0.666694915254237
2026-06-12,"FanDuel","GSV @ SEA","1022600096","First Basket","First Points","Player","Game","Home/Away","Favorite/Underdog",0.0899,1013,0.0667,1400,0.0232,0.0124,1.2432,1.0535593220339,2026-06-12 12:22:14.175582,1,"Jordan Horston","Loss",1.2432,-1.2432,1.0535593220339,-1.0535593220339
2026-06-12,"Draft Kings","GSV @ SEA","1022600096","First Basket","First Points","Player","Game","Home/Away","Favorite/Underdog",0.0899,1013,0.0649,1440,0.0249,0.0133,1.3335,1.13008474576271,2026-06-12 17:51:35.391051,12,"Jordan Horston","Loss",0.0902999999999998,-0.0902999999999998,0.07652542372881,-0.07652542372881
2026-06-12,"FanDuel","GSV @ SEA","1022600096","First Basket","First Points","Player","Game","Home/Away","Favorite/Underdog",0.0897,1014,0.0588,1600,0.0309,0.0164,1.6422,1.39169491525424,2026-06-13 01:21:34.046904,27,"Jordan Horston","Loss",0.3087,-0.3087,0.26161016949153,-0.26161016949153
2026-06-12,"FanDuel","GSV @ SEA","1022600096","First Basket","First Points","Player","Game","Home/Away","Favorite/Underdog",0.0897,1014,0.0556,1700,0.0342,0.0181,1.8096,1.5335593220339,2026-06-13 01:51:34.073539,28,"Jordan Horston","Loss",0.1674,-0.1674,0.14186440677966,-0.14186440677966
2026-06-12,"FanDuel","GSV @ SEA","1022600096","First Basket by Team","First Points","Player","Team","Home/Away","Favorite/Underdog",0.2012,397,0.1754,470,0.0258,0.0156,1.5645,0.73107476635514,2026-06-12 12:22:14.331426,1,"Cecilia Zandalasini","Loss",1.5645,-1.5645,0.73107476635514,-0.73107476635514
2026-06-12,"FanDuel","GSV @ SEA","1022600096","First Basket by Team","First Points","Player","Team","Home/Away","Favorite/Underdog",0.2012,397,0.1724,480,0.0288,0.0174,1.7415,0.813785046728972,2026-06-12 12:51:35.67011,2,"Cecilia Zandalasini","Loss",0.177,-0.177,0.082710280373832,-0.082710280373832
2026-06-12,"FanDuel","GSV @ SEA","1022600096","First Basket by Team","First Points","Player","Team","Home/Away","Favorite/Underdog",0.2012,397,0.1695,490,0.0317,0.0191,1.9113,0.893130841121495,2026-06-12 13:21:35.332433,3,"Cecilia Zandalasini","Loss",0.1698,-0.1698,0.079345794392523,-0.079345794392523
2026-06-12,"FanDuel","GSV @ SEA","1022600096","First Basket by Team","First Points","Player","Team","Home/Away","Favorite/Underdog",0.2012,397,0.1667,500,0.0346,0.0207,2.0743,0.969299065420561,2026-06-12 13:51:36.130735,4,"Cecilia Zandalasini","Loss",0.163,-0.163,0.076168224299066,-0.076168224299066
2026-06-12,"Draft Kings","GSV @ SEA","1022600096","First Basket by Team","First FGM","Player","Team","Home/Away","Favorite/Underdog",0.2054,387,0.1538,550,0.0516,0.0305,3.0462,1.42345794392523,2026-06-12 14:21:35.318488,5,"Cecilia Zandalasini","Loss",0.9719,-0.9719,0.454158878504669,-0.454158878504669
2026-06-12,"FanDuel","GSV @ SEA","1022600096","First Basket by Team","First Points","Player","Team","Home/Away","Favorite/Underdog",0.1745,473,0.125,700,0.0495,0.0283,2.8289,1.32191588785047,2026-06-12 12:22:14.331426,1,"Jordan Horston","Loss",2.8289,-2.8289,1.32191588785047,-1.32191588785047
2026-06-12,"Fanatics","GSV @ SEA","1022600096","First Basket by Team","First FGM","Player","Team","Home/Away","Favorite/Underdog",0.1825,448,0.1333,650,0.0492,0.0284,2.8375,1.32593457943925,2026-06-12 18:51:35.455672,14,"Jordan Horston","Loss",0.00859999999999994,-0.00859999999999994,0.0040186915887801,-0.0040186915887801
2026-06-12,"FanDuel","GSV @ SEA","1022600096","First Basket by Team","First Points","Player","Team","Home/Away","Favorite/Underdog",0.1745,473,0.1111,800,0.0634,0.0357,3.566,1.66635514018692,2026-06-13 01:21:34.230197,27,"Jordan Horston","Loss",0.7285,-0.7285,0.34042056074767,-0.34042056074767
2026-06-12,"FanDuel","GSV @ SEA","1022600096","First Basket by Team","First Points","Player","Team","Home/Away","Favorite/Underdog",0.1745,473,0.1053,850,0.0692,0.0387,3.8695,1.80817757009346,2026-06-13 01:51:34.227325,28,"Jordan Horston","Loss",0.3035,-0.3035,0.14182242990654,-0.14182242990654
2026-06-12,"FanDuel","GSV @ SEA","1022600096","First Basket by Team","First Points","Player","Team","Home/Away","Favorite/Underdog",0.1533,552,0.1429,600,0.0104,0.0061,0.6077,0.283971962616822,2026-06-12 12:22:14.331426,1,"Kiah Stokes","Loss",0.6077,-0.6077,0.283971962616822,-0.283971962616822
2026-06-12,"FanDuel","GSV @ SEA","1022600096","First Basket by Team","First Points","Player","Team","Home/Away","Favorite/Underdog",0.1533,552,0.1333,650,0.0199,0.0115,1.1505,0.537616822429906,2026-06-12 12:51:35.67011,2,"Kiah Stokes","Loss",0.5428,-0.5428,0.253644859813084,-0.253644859813084
2026-06-12,"Draft Kings","GSV @ SEA","1022600096","First Basket by Team Exact","First FGM","Player","Team Exact","Home/Away","Favorite/Underdog",0.1333,650,0.0769,1200,0.0564,0.0305,3.0543,2.21326086956522,2026-06-12 14:21:35.493068,1,"Cecilia Zandalasini two point field goal","Loss",3.0543,-3.0543,2.21326086956522,-2.21326086956522
2026-06-12,"Draft Kings","GSV @ SEA","1022600096","First Basket by Team Exact","First FGM","Player","Team Exact","Home/Away","Favorite/Underdog",0.0528,1795,0.0244,4000,0.0284,0.0145,1.454,1.0536231884058,2026-06-12 14:21:35.493068,1,"Dominique Malonga three point field goal","Loss",1.454,-1.454,1.0536231884058,-1.0536231884058
2026-06-12,"Draft Kings","GSV @ SEA","1022600096","First Basket by Team Exact","First FGM","Player","Team Exact","Home/Away","Favorite/Underdog",0.141,609,0.1176,750,0.0233,0.0132,1.3226,0.958405797101449,2026-06-12 14:21:35.493068,1,"Jordan Horston two point field goal","Loss",1.3226,-1.3226,0.958405797101449,-0.958405797101449
2026-06-12,"Draft Kings","GSV @ SEA","1022600096","First Basket by Team Exact","First FGM","Player","Team Exact","Home/Away","Favorite/Underdog",0.1075,830,0.0952,950,0.0123,0.0068,0.6784,0.491594202898551,2026-06-12 14:21:35.493068,1,"Kiah Stokes two point field goal","Loss",0.6784,-0.6784,0.491594202898551,-0.491594202898551
2026-06-12,"Draft Kings","GSV @ SEA","1022600096","First Team","First FGM","Team","Quarter","Home/Away","Favorite/Underdog",0.5172,-107,0.4545,120,0.0627,0.0575,2.8737,1.86603896103896,2026-06-12 14:21:35.551651,1,"1Q SEA","Win",2.8737,3.44844,1.86603896103896,2.23924675324675
2026-06-12,"Draft Kings","GSV @ SEA","1022600096","First Team","First FGM","Team","Quarter","Home/Away","Favorite/Underdog",0.5174,-107,0.4545,120,0.0628,0.0576,2.8787,1.86928571428571,2026-06-12 17:21:35.164114,7,"1Q SEA","Win",0.00499999999999989,0.00599999999999987,0.00324675324674994,0.00389610389609993
2026-06-12,"Draft Kings","GSV @ SEA","1022600096","First Team Exact","First FGM","Team","Exact","Home/Away","Favorite/Underdog",0.3822,162,0.3333,200,0.0489,0.0366,1.832,1.43125,2026-06-12 14:21:35.623428,1,"SEA two point field goal","Loss",1.832,-1.832,1.43125,-1.43125
2026-06-12,"Draft Kings","GSV @ SEA","1022600096","First Team Exact","First FGM","Team","Exact","Home/Away","Favorite/Underdog",0.3823,162,0.3333,200,0.0489,0.0367,1.835,1.43359375,2026-06-12 17:21:35.235215,7,"SEA two point field goal","Loss",0.00299999999999989,-0.00299999999999989,0.00234375000000009,-0.00234375000000009
2026-06-12,"Draft Kings","GSV @ SEA","1022600096","First Three by Team","First Three","Player","Team","Home/Away","Favorite/Underdog",0.2392,318,0.2083,380,0.0308,0.0195,1.9465,0.983080808080808,2026-06-12 14:21:35.754347,1,"Cecilia Zandalasini","Loss",1.9465,-1.9465,0.983080808080808,-0.983080808080808
2026-06-12,"Draft Kings","GSV @ SEA","1022600096","First Three by Team","First Three","Player","Team","Home/Away","Favorite/Underdog",0.1039,863,0.0909,1000,0.013,0.0071,0.7139,0.360555555555556,2026-06-12 14:21:35.754347,1,"Kiah Stokes","Loss",0.7139,-0.7139,0.360555555555556,-0.360555555555556
2026-06-12,"Draft Kings","TOR @ WAS","1022600095","First Basket","First Points","Player","Game","Home/Away","Favorite/Underdog",0.088,1036,0.0769,1200,0.0111,0.006,0.6017,0.509915254237288,2026-06-12 23:21:34.321179,1,"Angela Dugalic","Loss",0.6017,-0.6017,0.509915254237288,-0.509915254237288
2026-06-12,"FanDuel","TOR @ WAS","1022600095","First Basket","First Points","Player","Game","Home/Away","Favorite/Underdog",0.108,826,0.0952,950,0.0127,0.007,0.7028,0.595593220338983,2026-06-12 12:22:14.175582,1,"Brittney Sykes","Loss",0.7028,-0.7028,0.595593220338983,-0.595593220338983
2026-06-12,"FanDuel","TOR @ WAS","1022600095","First Basket","First Points","Player","Game","Home/Away","Favorite/Underdog",0.108,826,0.0909,1000,0.017,0.0094,0.9375,0.794491525423729,2026-06-12 13:21:35.177902,3,"Brittney Sykes","Loss",0.2347,-0.2347,0.198898305084746,-0.198898305084746
2026-06-12,"MGM","TOR @ WAS","1022600095","First Basket","First FGM","Player","Game","Home/Away","Favorite/Underdog",0.112,793,0.0909,1000,0.0211,0.0116,1.1593,0.982457627118644,2026-06-12 13:51:35.975454,4,"Brittney Sykes","Loss",0.2218,-0.2218,0.187966101694915,-0.187966101694915
2026-06-12,"MGM","TOR @ WAS","1022600095","First Basket","First FGM","Player","Game","Home/Away","Favorite/Underdog",0.112,793,0.0909,1000,0.0211,0.0116,1.1607,0.98364406779661,2026-06-12 14:51:35.880626,6,"Brittney Sykes","Loss",0.00140000000000007,-0.00140000000000007,0.00118644067796592,-0.00118644067796592
2026-06-12,"MGM","TOR @ WAS","1022600095","First Basket","First FGM","Player","Game","Home/Away","Favorite/Underdog",0.1124,789,0.0909,1000,0.0215,0.0118,1.1834,1.0028813559322,2026-06-12 19:21:30.325267,15,"Brittney Sykes","Loss",0.0226999999999999,-0.0226999999999999,0.0192372881355901,-0.0192372881355901
2026-06-12,"FanDuel","TOR @ WAS","1022600095","First Basket","First Points","Player","Game","Home/Away","Favorite/Underdog",0.0726,1278,0.0625,1500,0.0101,0.0054,0.5379,0.455847457627119,2026-06-12 19:21:30.325267,1,"Georgia Amoore","Loss",0.26895,-0.26895,0.227923728813559,-0.227923728813559
2026-06-12,"theScore","TOR @ WAS","1022600095","First Basket","First Points","Player","Game","Home/Away","Favorite/Underdog",0.0726,1278,0.0625,1500,0.0101,0.0054,0.5379,0.455847457627119,2026-06-12 19:21:30.325267,1,"Georgia Amoore","Loss",0.26895,-0.26895,0.227923728813559,-0.227923728813559
2026-06-12,"FanDuel","TOR @ WAS","1022600095","First Basket","First Points","Player","Game","Home/Away","Favorite/Underdog",0.0726,1278,0.0556,1700,0.017,0.009,0.9016,0.76406779661017,2026-06-12 20:21:29.882064,3,"Georgia Amoore","Loss",0.3637,-0.3637,0.308220338983051,-0.308220338983051
2026-06-12,"Draft Kings","TOR @ WAS","1022600095","First Basket","First Points","Player","Game","Home/Away","Favorite/Underdog",0.1318,658,0.099,910,0.0328,0.0182,1.8224,1.54440677966102,2026-06-12 23:21:34.321179,1,"Isabelle Harrison","Loss",1.8224,-1.8224,1.54440677966102,-1.54440677966102
2026-06-12,"FanDuel","TOR @ WAS","1022600095","First Basket","First Points","Player","Game","Home/Away","Favorite/Underdog",0.0699,1331,0.05,1900,0.0199,0.0105,1.0453,0.885847457627119,2026-06-12 12:22:14.175582,1,"Julie Allemand","Win",1.0453,19.8607,0.885847457627119,16.8311016949153
2026-06-12,"FanDuel","TOR @ WAS","1022600095","First Basket","First Points","Player","Game","Home/Away","Favorite/Underdog",0.0699,1331,0.0476,2000,0.0222,0.0117,1.1677,0.989576271186441,2026-06-12 13:21:35.177902,3,"Julie Allemand","Win",0.1224,2.448,0.103728813559322,2.07457627118644
2026-06-12,"FanDuel","TOR @ WAS","1022600095","First Basket","First Points","Player","Game","Home/Away","Favorite/Underdog",0.07,1329,0.0476,2000,0.0224,0.0117,1.1738,0.994745762711864,2026-06-12 14:51:35.880626,6,"Julie Allemand","Win",0.00609999999999999,0.122,0.00516949152542301,0.10338983050846
2026-06-12,"FanDuel","TOR @ WAS","1022600095","First Basket","First Points","Player","Game","Home/Away","Favorite/Underdog",0.0892,1021,0.0769,1200,0.0123,0.0066,0.6642,0.562881355932203,2026-06-12 12:22:14.175582,1,"Michaela Onyenwere","Loss",0.6642,-0.6642,0.562881355932203,-0.562881355932203
2026-06-12,"Fanatics","TOR @ WAS","1022600095","First Basket by Team","First FGM","Player","Team","Home/Away","Favorite/Underdog",0.1755,470,0.1429,600,0.0326,0.019,1.904,0.889719626168224,2026-06-12 23:21:34.478379,1,"Angela Dugalic","Win",1.904,11.424,0.889719626168224,5.33831775700934
2026-06-12,"FanDuel","TOR @ WAS","1022600095","First Basket by Team","First Points","Player","Team","Home/Away","Favorite/Underdog",0.2294,336,0.1887,430,0.0407,0.0251,2.5099,1.17285046728972,2026-06-12 12:22:14.331426,1,"Brittney Sykes","Loss",2.5099,-2.5099,1.17285046728972,-1.17285046728972
2026-06-12,"FanDuel","TOR @ WAS","1022600095","First Basket by Team","First Points","Player","Team","Home/Away","Favorite/Underdog",0.2294,336,0.1852,440,0.0442,0.0271,2.7135,1.26799065420561,2026-06-12 18:51:35.455672,14,"Brittney Sykes","Loss",0.2036,-0.2036,0.0951401869158901,-0.0951401869158901
2026-06-12,"Fanatics","TOR @ WAS","1022600095","First Basket by Team","First FGM","Player","Team","Home/Away","Favorite/Underdog",0.1378,626,0.125,700,0.0128,0.0073,0.7291,0.340700934579439,2026-06-12 12:22:14.331426,1,"Georgia Amoore","Loss",0.7291,-0.7291,0.340700934579439,-0.340700934579439
2026-06-12,"FanDuel","TOR @ WAS","1022600095","First Basket by Team","First Points","Player","Team","Home/Away","Favorite/Underdog",0.1358,636,0.1176,750,0.0182,0.0103,1.0308,0.481682242990654,2026-06-12 13:21:35.332433,3,"Georgia Amoore","Loss",0.3017,-0.3017,0.140981308411215,-0.140981308411215
2026-06-12,"FanDuel","TOR @ WAS","1022600095","First Basket by Team","First Points","Player","Team","Home/Away","Favorite/Underdog",0.1358,636,0.1111,800,0.0247,0.0139,1.3908,0.649906542056075,2026-06-12 18:51:35.455672,14,"Georgia Amoore","Loss",0.36,-0.36,0.168224299065421,-0.168224299065421
2026-06-12,"FanDuel","TOR @ WAS","1022600095","First Basket by Team","First Points","Player","Team","Home/Away","Favorite/Underdog",0.1358,636,0.1,900,0.0358,0.0199,1.9909,0.930327102803738,2026-06-12 20:21:30.040678,17,"Georgia Amoore","Loss",0.6001,-0.6001,0.280420560747663,-0.280420560747663
2026-06-12,"FanDuel","TOR @ WAS","1022600095","First Basket by Team","First Points","Player","Team","Home/Away","Favorite/Underdog",0.1484,574,0.1111,800,0.0373,0.021,2.0999,0.98126168224299,2026-06-12 22:51:30.278623,22,"Georgia Amoore","Loss",0.109,-0.109,0.0509345794392521,-0.0509345794392521
2026-06-12,"FanDuel","TOR @ WAS","1022600095","First Basket by Team","First Points","Player","Team","Home/Away","Favorite/Underdog",0.2762,262,0.2,400,0.0762,0.0476,4.7609,2.22471962616822,2026-06-12 23:21:34.478379,1,"Isabelle Harrison","Loss",4.7609,-4.7609,2.22471962616822,-2.22471962616822
2026-06-12,"FanDuel","TOR @ WAS","1022600095","First Basket by Team","First Points","Player","Team","Home/Away","Favorite/Underdog",0.1485,574,0.1,900,0.0485,0.0269,2.6921,1.25799065420561,2026-06-12 12:22:14.331426,1,"Julie Allemand","Win",2.6921,24.2289,1.25799065420561,11.3219158878505
2026-06-12,"FanDuel","TOR @ WAS","1022600095","First Basket by Team","First Points","Player","Team","Home/Away","Favorite/Underdog",0.1485,574,0.0952,950,0.0532,0.0294,2.9411,1.37434579439252,2026-06-12 13:21:35.332433,3,"Julie Allemand","Win",0.249,2.3655,0.11635514018691,1.10537383177564
2026-06-12,"FanDuel","TOR @ WAS","1022600095","First Basket by Team","First Points","Player","Team","Home/Away","Favorite/Underdog",0.1485,574,0.0909,1000,0.0575,0.0317,3.1652,1.47906542056075,2026-06-12 13:51:36.130735,4,"Julie Allemand","Win",0.2241,2.241,0.10471962616823,1.0471962616823
2026-06-12,"FanDuel","TOR @ WAS","1022600095","First Basket by Team","First Points","Player","Team","Home/Away","Favorite/Underdog",0.1485,574,0.0833,1100,0.0651,0.0355,3.5522,1.65990654205607,2026-06-12 18:51:35.455672,14,"Julie Allemand","Win",0.387,4.257,0.18084112149532,1.98925233644852
2026-06-12,"FanDuel","TOR @ WAS","1022600095","First Basket by Team","First Points","Player","Team","Home/Away","Favorite/Underdog",0.179,459,0.1667,500,0.0123,0.0074,0.7379,0.34481308411215,2026-06-12 13:21:35.332433,1,"Laura Juskaite","Loss",0.7379,-0.7379,0.34481308411215,-0.34481308411215
2026-06-12,"FanDuel","TOR @ WAS","1022600095","First Basket by Team","First Points","Player","Team","Home/Away","Favorite/Underdog",0.1685,494,0.1429,600,0.0256,0.0149,1.4936,0.697943925233645,2026-06-12 12:22:14.331426,1,"Michaela Onyenwere","Loss",1.4936,-1.4936,0.697943925233645,-0.697943925233645
2026-06-12,"Draft Kings","TOR @ WAS","1022600095","First Basket by Team Exact","First FGM","Player","Team Exact","Home/Away","Favorite/Underdog",0.1358,636,0.125,700,0.0108,0.0062,0.62,0.449275362318841,2026-06-12 23:21:34.653581,1,"Angela Dugalic two point field goal","Win",0.62,4.34,0.449275362318841,3.14492753623189
2026-06-12,"Draft Kings","TOR @ WAS","1022600095","First Basket by Team Exact","First FGM","Player","Team Exact","Home/Away","Favorite/Underdog",0.0741,1249,0.0588,1600,0.0153,0.0081,0.8138,0.589710144927536,2026-06-12 23:21:34.653581,1,"Georgia Amoore three point field goal","Loss",0.8138,-0.8138,0.589710144927536,-0.589710144927536
2026-06-12,"Draft Kings","TOR @ WAS","1022600095","First Basket by Team Exact","First FGM","Player","Team Exact","Home/Away","Favorite/Underdog",0.04,2400,0.0179,5500,0.0221,0.0113,1.1275,0.817028985507246,2026-06-12 23:21:34.653581,1,"Isabelle Harrison three point field goal","Loss",1.1275,-1.1275,0.817028985507246,-0.817028985507246
2026-06-12,"Draft Kings","TOR @ WAS","1022600095","First Basket by Team Exact","First FGM","Player","Team Exact","Home/Away","Favorite/Underdog",0.223,349,0.1818,450,0.0411,0.0251,2.5141,1.8218115942029,2026-06-12 23:21:34.653581,1,"Isabelle Harrison two point field goal","Loss",2.5141,-2.5141,1.8218115942029,-1.8218115942029
2026-06-12,"Draft Kings","TOR @ WAS","1022600095","First Basket by Team Exact","First FGM","Player","Team Exact","Home/Away","Favorite/Underdog",0.1239,707,0.1,900,0.0239,0.0133,1.3276,0.962028985507246,2026-06-12 13:51:36.302258,1,"Michaela Onyenwere two point field goal","Loss",1.3276,-1.3276,0.962028985507246,-0.962028985507246
2026-06-12,"Draft Kings","TOR @ WAS","1022600095","First Basket by Team Exact","First FGM","Player","Team Exact","Home/Away","Favorite/Underdog",0.035,2761,0.0196,5000,0.0153,0.0078,0.7826,0.567101449275362,2026-06-12 13:51:36.302258,1,"Shakira Austin three point field goal","Loss",0.7826,-0.7826,0.567101449275362,-0.567101449275362
2026-06-12,"Draft Kings","TOR @ WAS","1022600095","First Three by Team","First Three","Player","Team","Home/Away","Favorite/Underdog",0.1376,627,0.125,700,0.0126,0.0072,0.722,0.364646464646465,2026-06-12 13:51:36.559044,1,"Brittney Sykes","Loss",0.722,-0.722,0.364646464646465,-0.364646464646465
2026-06-12,"Draft Kings","TOR @ WAS","1022600095","First Three by Team","First Three","Player","Team","Home/Away","Favorite/Underdog",0.138,624,0.125,700,0.013,0.0075,0.7457,0.376616161616162,2026-06-12 19:21:30.948126,12,"Brittney Sykes","Loss",0.0237000000000001,-0.0237000000000001,0.011969696969697,-0.011969696969697
2026-06-12,"Draft Kings","TOR @ WAS","1022600095","First Three by Team","First Three","Player","Team","Home/Away","Favorite/Underdog",0.1398,615,0.125,700,0.0148,0.0084,0.8446,0.426565656565657,2026-06-12 23:21:34.913512,20,"Brittney Sykes","Loss",0.0989,-0.0989,0.049949494949495,-0.049949494949495
2026-06-13,"BetRivers","DAL @ PDX","1022600099","First Basket","First FGM","Player","Game","Home/Away","Favorite/Underdog",0.0967,935,0.0769,1200,0.0197,0.0107,1.0688,0.905762711864407,2026-06-13 12:22:09.347866,1,"Arike Ogunbowale","Loss",1.0688,-1.0688,0.905762711864407,-0.905762711864407
2026-06-13,"theScore","DAL @ PDX","1022600099","First Basket","First Points","Player","Game","Home/Away","Favorite/Underdog",0.097,931,0.0769,1200,0.0201,0.0109,1.0864,0.920677966101695,2026-06-13 22:21:35.492631,21,"Arike Ogunbowale","Loss",0.0176000000000001,-0.0176000000000001,0.0149152542372879,-0.0149152542372879
2026-06-13,"FanDuel","DAL @ PDX","1022600099","First Basket","First Points","Player","Game","Home/Away","Favorite/Underdog",0.1195,737,0.0952,950,0.0243,0.0134,1.3417,1.13703389830508,2026-06-14 00:21:34.160605,1,"Aziaha James","Loss",1.3417,-1.3417,1.13703389830508,-1.13703389830508
2026-06-13,"theScore","DAL @ PDX","1022600099","First Basket","First Points","Player","Game","Home/Away","Favorite/Underdog",0.1122,792,0.0909,1000,0.0213,0.0117,1.1689,0.990593220338983,2026-06-13 12:22:09.347866,1,"Emily Engstler","Win",1.1689,11.689,0.990593220338983,9.90593220338983
2026-06-13,"theScore","DAL @ PDX","1022600099","First Basket","First Points","Player","Game","Home/Away","Favorite/Underdog",0.1125,789,0.0909,1000,0.0216,0.0119,1.186,1.00508474576271,2026-06-13 21:51:35.324056,20,"Emily Engstler","Win",0.0170999999999999,0.170999999999999,0.0144915254237269,0.144915254237269
2026-06-13,"theScore","DAL @ PDX","1022600099","First Basket","First Points","Player","Game","Home/Away","Favorite/Underdog",0.1134,782,0.0909,1000,0.0225,0.0124,1.2365,1.0478813559322,2026-06-13 22:21:35.492631,21,"Emily Engstler","Win",0.0505,0.505,0.0427966101694901,0.427966101694901
2026-06-13,"Fanatics","DAL @ PDX","1022600099","First Basket","First FGM","Player","Game","Home/Away","Favorite/Underdog",0.0949,953,0.0769,1200,0.018,0.0098,0.9752,0.826440677966102,2026-06-13 12:22:09.347866,1,"Megan Gustafson","Loss",0.9752,-0.9752,0.826440677966102,-0.826440677966102
2026-06-13,"FanDuel","DAL @ PDX","1022600099","First Basket by Team","First Points","Player","Team","Home/Away","Favorite/Underdog",0.1864,437,0.1429,600,0.0435,0.0254,2.5371,1.18556074766355,2026-06-13 12:22:09.509042,1,"Arike Ogunbowale","Loss",2.5371,-2.5371,1.18556074766355,-1.18556074766355
2026-06-13,"Draft Kings","DAL @ PDX","1022600099","First Basket by Team","First FGM","Player","Team","Home/Away","Favorite/Underdog",0.1996,401,0.1429,600,0.0568,0.0331,3.3104,1.54691588785047,2026-06-13 15:21:35.027852,7,"Arike Ogunbowale","Loss",0.7733,-0.7733,0.36135514018692,-0.36135514018692
2026-06-13,"FanDuel","DAL @ PDX","1022600099","First Basket by Team","First Points","Player","Team","Home/Away","Favorite/Underdog",0.25,300,0.1961,410,0.0539,0.0335,3.3521,1.56640186915888,2026-06-14 00:21:34.320799,1,"Aziaha James","Loss",3.3521,-3.3521,1.56640186915888,-1.56640186915888
2026-06-13,"FanDuel","DAL @ PDX","1022600099","First Basket by Team","First Points","Player","Team","Home/Away","Favorite/Underdog",0.1915,422,0.1754,470,0.0161,0.0097,0.9749,0.455560747663551,2026-06-13 12:22:09.509042,1,"Maddy Siegrist","Loss",0.9749,-0.9749,0.455560747663551,-0.455560747663551
2026-06-13,"FanDuel","DAL @ PDX","1022600099","First Basket by Team","First Points","Player","Team","Home/Away","Favorite/Underdog",0.1915,422,0.1724,480,0.0191,0.0115,1.1541,0.539299065420561,2026-06-13 14:21:35.030174,5,"Maddy Siegrist","Loss",0.1792,-0.1792,0.0837383177570101,-0.0837383177570101
2026-06-13,"Draft Kings","DAL @ PDX","1022600099","First Basket by Team","First FGM","Player","Team","Home/Away","Favorite/Underdog",0.2005,399,0.1667,500,0.0338,0.0203,2.0278,0.947570093457944,2026-06-13 15:21:35.027852,7,"Maddy Siegrist","Loss",0.8737,-0.8737,0.408271028037383,-0.408271028037383
2026-06-13,"FanDuel","DAL @ PDX","1022600099","First Basket by Team","First Points","Player","Team","Home/Away","Favorite/Underdog",0.1726,479,0.1538,550,0.0188,0.0111,1.109,0.518224299065421,2026-06-13 12:22:09.509042,1,"Megan Gustafson","Loss",1.109,-1.109,0.518224299065421,-0.518224299065421
2026-06-13,"Draft Kings","DAL @ PDX","1022600099","First Basket by Team","First FGM","Player","Team","Home/Away","Favorite/Underdog",0.184,443,0.1538,550,0.0302,0.0178,1.7847,0.833971962616822,2026-06-13 15:21:35.027852,7,"Megan Gustafson","Loss",0.6757,-0.6757,0.315747663551401,-0.315747663551401
2026-06-13,"Draft Kings","DAL @ PDX","1022600099","First Basket by Team Exact","First FGM","Player","Team Exact","Home/Away","Favorite/Underdog",0.1399,615,0.0952,950,0.0447,0.0247,2.4684,1.78869565217391,2026-06-13 15:21:35.231241,1,"Arike Ogunbowale two point field goal","Loss",2.4684,-2.4684,1.78869565217391,-1.78869565217391
2026-06-13,"Draft Kings","DAL @ PDX","1022600099","First Basket by Team Exact","First FGM","Player","Team Exact","Home/Away","Favorite/Underdog",0.1908,424,0.1667,500,0.0241,0.0145,1.4487,1.04978260869565,2026-06-14 00:21:34.515448,1,"Aziaha James two point field goal","Loss",1.4487,-1.4487,1.04978260869565,-1.04978260869565
2026-06-13,"Draft Kings","DAL @ PDX","1022600099","First Basket by Team Exact","First FGM","Player","Team Exact","Home/Away","Favorite/Underdog",0.0338,2854,0.0164,6000,0.0175,0.0089,0.8874,0.64304347826087,2026-06-13 15:21:35.231241,1,"Jessica Shepard three point field goal","Loss",0.8874,-0.8874,0.64304347826087,-0.64304347826087
2026-06-13,"Draft Kings","DAL @ PDX","1022600099","First Basket by Team Exact","First FGM","Player","Team Exact","Home/Away","Favorite/Underdog",0.0352,2743,0.0164,6000,0.0188,0.0095,0.9546,0.691739130434783,2026-06-13 22:21:35.851127,15,"Jessica Shepard three point field goal","Loss",0.0672,-0.0672,0.0486956521739129,-0.0486956521739129
2026-06-13,"Draft Kings","DAL @ PDX","1022600099","First Basket by Team Exact","First FGM","Player","Team Exact","Home/Away","Favorite/Underdog",0.1497,568,0.1333,650,0.0164,0.0095,0.9463,0.68572463768116,2026-06-13 15:21:35.231241,1,"Maddy Siegrist two point field goal","Loss",0.9463,-0.9463,0.68572463768116,-0.68572463768116
2026-06-13,"Draft Kings","DAL @ PDX","1022600099","First Basket by Team Exact","First FGM","Player","Team Exact","Home/Away","Favorite/Underdog",0.0544,1739,0.0435,2200,0.0109,0.0057,0.5694,0.412608695652174,2026-06-13 15:21:35.231241,1,"Megan Gustafson three point field goal","Loss",0.5694,-0.5694,0.412608695652174,-0.412608695652174
2026-06-13,"Draft Kings","DAL @ PDX","1022600099","First Basket by Team Exact","First FGM","Player","Team Exact","Home/Away","Favorite/Underdog",0.1297,671,0.1176,750,0.012,0.0068,0.6817,0.493985507246377,2026-06-13 15:21:35.231241,1,"Megan Gustafson two point field goal","Loss",0.6817,-0.6817,0.493985507246377,-0.493985507246377
2026-06-13,"theScore","IND @ CON","1022600097","First Basket","First Points","Player","Game","Home/Away","Favorite/Underdog",0.122,719,0.1053,850,0.0168,0.0094,0.9378,0.794745762711864,2026-06-13 12:22:09.347866,1,"Aaliyah Edwards","Loss",0.9378,-0.9378,0.794745762711864,-0.794745762711864
2026-06-13,"theScore","IND @ CON","1022600097","First Basket","First Points","Player","Game","Home/Away","Favorite/Underdog",0.1222,718,0.1053,850,0.0169,0.0095,0.9468,0.802372881355932,2026-06-13 12:51:35.753067,2,"Aaliyah Edwards","Loss",0.00900000000000001,-0.00900000000000001,0.00762711864406795,-0.00762711864406795
2026-06-13,"theScore","IND @ CON","1022600097","First Basket","First Points","Player","Game","Home/Away","Favorite/Underdog",0.1224,717,0.1053,850,0.0171,0.0096,0.9557,0.809915254237288,2026-06-13 16:21:33.534927,9,"Aaliyah Edwards","Loss",0.00890000000000002,-0.00890000000000002,0.00754237288135606,-0.00754237288135606
2026-06-13,"Draft Kings","IND @ CON","1022600097","First Basket","First Points","Player","Game","Home/Away","Favorite/Underdog",0.0972,928,0.0847,1080,0.0125,0.0068,0.683,0.578813559322034,2026-06-13 12:22:09.347866,1,"Diamond Miller","Loss",0.683,-0.683,0.578813559322034,-0.578813559322034
2026-06-13,"Draft Kings","IND @ CON","1022600097","First Basket","First Points","Player","Game","Home/Away","Favorite/Underdog",0.0974,927,0.0847,1080,0.0126,0.0069,0.69,0.584745762711864,2026-06-13 12:51:35.753067,2,"Diamond Miller","Loss",0.0069999999999999,-0.0069999999999999,0.00593220338982992,-0.00593220338982992
2026-06-13,"MGM","IND @ CON","1022600097","First Basket","First FGM","Player","Game","Home/Away","Favorite/Underdog",0.0992,908,0.0833,1100,0.0159,0.0087,0.8671,0.734830508474576,2026-06-13 20:22:10.462486,16,"Diamond Miller","Loss",0.1771,-0.1771,0.150084745762712,-0.150084745762712
2026-06-13,"FanDuel","IND @ CON","1022600097","First Basket","First Points","Player","Game","Home/Away","Favorite/Underdog",0.0975,926,0.0667,1400,0.0308,0.0165,1.652,1.4,2026-06-13 21:21:34.837825,18,"Diamond Miller","Loss",0.7849,-0.7849,0.665169491525424,-0.665169491525424
2026-06-13,"FanDuel","IND @ CON","1022600097","First Basket","First Points","Player","Game","Home/Away","Favorite/Underdog",0.0646,1449,0.0526,1800,0.0119,0.0063,0.6295,0.533474576271186,2026-06-13 16:21:33.534927,1,"Lexie Hull","Loss",0.6295,-0.6295,0.533474576271186,-0.533474576271186
2026-06-13,"Draft Kings","IND @ CON","1022600097","First Basket","First Points","Player","Game","Home/Away","Favorite/Underdog",0.0819,1120,0.0667,1400,0.0153,0.0082,0.8182,0.693389830508475,2026-06-13 12:22:09.347866,1,"Saniya Rivers","Loss",0.8182,-0.8182,0.693389830508475,-0.693389830508475
2026-06-13,"Draft Kings","IND @ CON","1022600097","First Basket","First Points","Player","Game","Home/Away","Favorite/Underdog",0.082,1119,0.0667,1400,0.0154,0.0082,0.824,0.698305084745763,2026-06-13 12:51:35.753067,2,"Saniya Rivers","Loss",0.00579999999999992,-0.00579999999999992,0.004915254237288,-0.004915254237288
2026-06-13,"Draft Kings","IND @ CON","1022600097","First Basket","First Points","Player","Game","Home/Away","Favorite/Underdog",0.0822,1117,0.0667,1400,0.0155,0.0083,0.8297,0.703135593220339,2026-06-13 16:21:33.534927,9,"Saniya Rivers","Loss",0.00570000000000004,-0.00570000000000004,0.004830508474576,-0.004830508474576
2026-06-13,"FanDuel","IND @ CON","1022600097","First Basket by Team","First Points","Player","Team","Home/Away","Favorite/Underdog",0.2246,345,0.1887,430,0.0359,0.0221,2.2123,1.03378504672897,2026-06-13 12:22:09.509042,1,"Aaliyah Edwards","Loss",2.2123,-2.2123,1.03378504672897,-1.03378504672897
2026-06-13,"FanDuel","IND @ CON","1022600097","First Basket by Team","First Points","Player","Team","Home/Away","Favorite/Underdog",0.2246,345,0.1852,440,0.0394,0.0242,2.4172,1.12953271028037,2026-06-13 18:21:35.362084,13,"Aaliyah Edwards","Loss",0.2049,-0.2049,0.0957476635514001,-0.0957476635514001
2026-06-13,"FanDuel","IND @ CON","1022600097","First Basket by Team","First Points","Player","Team","Home/Away","Favorite/Underdog",0.2192,356,0.2041,390,0.0151,0.0095,0.9505,0.444158878504673,2026-06-13 12:22:09.509042,1,"Caitlin Clark","Win",0.9505,3.70695,0.444158878504673,1.73221962616822
2026-06-13,"FanDuel","IND @ CON","1022600097","First Basket by Team","First Points","Player","Team","Home/Away","Favorite/Underdog",0.2192,356,0.1961,410,0.0231,0.0144,1.4388,0.672336448598131,2026-06-13 16:51:35.033644,9,"Caitlin Clark","Win",0.4883,2.00203,0.228177570093458,0.935528037383178
2026-06-13,"FanDuel","IND @ CON","1022600097","First Basket by Team","First Points","Player","Team","Home/Away","Favorite/Underdog",0.1789,459,0.1538,550,0.0251,0.0148,1.4833,0.693130841121495,2026-06-13 12:22:09.509042,1,"Diamond Miller","Loss",1.4833,-1.4833,0.693130841121495,-0.693130841121495
2026-06-13,"Fanatics","IND @ CON","1022600097","First Basket by Team","First FGM","Player","Team","Home/Away","Favorite/Underdog",0.1848,441,0.1538,550,0.031,0.0183,1.8313,0.855747663551402,2026-06-13 12:51:35.912797,2,"Diamond Miller","Loss",0.348,-0.348,0.162616822429907,-0.162616822429907
2026-06-13,"FanDuel","IND @ CON","1022600097","First Basket by Team","First Points","Player","Team","Home/Away","Favorite/Underdog",0.1789,459,0.1111,800,0.0678,0.0382,3.8158,1.78308411214953,2026-06-13 21:21:35.000918,19,"Diamond Miller","Loss",1.9845,-1.9845,0.927336448598128,-0.927336448598128
2026-06-13,"FanDuel","IND @ CON","1022600097","First Basket by Team","First Points","Player","Team","Home/Away","Favorite/Underdog",0.1418,605,0.125,700,0.0168,0.0096,0.9627,0.449859813084112,2026-06-13 12:22:09.509042,1,"Lexie Hull","Loss",0.9627,-0.9627,0.449859813084112,-0.449859813084112
2026-06-13,"Draft Kings","IND @ CON","1022600097","First Basket by Team","First FGM","Player","Team","Home/Away","Favorite/Underdog",0.1481,575,0.125,700,0.0231,0.0132,1.3188,0.616261682242991,2026-06-13 14:51:34.936943,6,"Lexie Hull","Loss",0.3561,-0.3561,0.166401869158879,-0.166401869158879
2026-06-13,"Fanatics","IND @ CON","1022600097","First Basket by Team","First FGM","Player","Team","Home/Away","Favorite/Underdog",0.1509,563,0.125,700,0.0259,0.0148,1.4772,0.690280373831776,2026-06-13 12:22:09.509042,1,"Saniya Rivers","Loss",1.4772,-1.4772,0.690280373831776,-0.690280373831776
2026-06-13,"FanDuel","IND @ CON","1022600097","First Basket by Team","First Points","Player","Team","Home/Away","Favorite/Underdog",0.1508,563,0.1111,800,0.0397,0.0223,2.2313,1.04266355140187,2026-06-13 21:21:35.000918,19,"Saniya Rivers","Loss",0.7541,-0.7541,0.352383177570094,-0.352383177570094
2026-06-13,"Draft Kings","IND @ CON","1022600097","First Basket by Team Exact","First FGM","Player","Team Exact","Home/Away","Favorite/Underdog",0.0421,2277,0.0132,7500,0.0289,0.0147,1.4652,1.06173913043478,2026-06-13 14:51:35.136258,1,"Brittney Griner three point field goal","Loss",1.4652,-1.4652,1.06173913043478,-1.06173913043478
2026-06-13,"Draft Kings","IND @ CON","1022600097","First Basket by Team Exact","First FGM","Player","Team Exact","Home/Away","Favorite/Underdog",0.0985,915,0.0714,1300,0.0271,0.0146,1.4583,1.05673913043478,2026-06-13 14:51:35.136258,1,"Lexie Hull two point field goal","Loss",1.4583,-1.4583,1.05673913043478,-1.05673913043478
2026-06-13,"Draft Kings","IND @ CON","1022600097","First Three by Team","First Three","Player","Team","Home/Away","Favorite/Underdog",0.0736,1258,0.0625,1500,0.0111,0.0059,0.5941,0.300050505050505,2026-06-13 14:51:35.399493,1,"Brittney Griner","Loss",0.5941,-0.5941,0.300050505050505,-0.300050505050505
2026-06-13,"theScore","LAS @ PHX","1022600100","First Basket","First Points","Player","Game","Home/Away","Favorite/Underdog",0.0887,1027,0.0625,1500,0.0262,0.014,1.399,1.18559322033898,2026-06-13 12:22:09.347866,1,"Ariel Atkins","Loss",1.399,-1.399,1.18559322033898,-1.18559322033898
2026-06-13,"FanDuel","LAS @ PHX","1022600100","First Basket","First Points","Player","Game","Home/Away","Favorite/Underdog",0.0808,1137,0.0667,1400,0.0142,0.0076,0.7582,0.642542372881356,2026-06-13 13:51:36.776819,1,"Erica Wheeler","Loss",0.7582,-0.7582,0.642542372881356,-0.642542372881356
2026-06-13,"FanDuel","LAS @ PHX","1022600100","First Basket","First Points","Player","Game","Home/Away","Favorite/Underdog",0.0872,1047,0.0714,1300,0.0158,0.0085,0.8495,0.719915254237288,2026-06-13 12:22:09.347866,1,"Monique Akoa Makani","Loss",0.8495,-0.8495,0.719915254237288,-0.719915254237288
2026-06-13,"FanDuel","LAS @ PHX","1022600100","First Basket","First Points","Player","Game","Home/Away","Favorite/Underdog",0.0872,1047,0.0667,1400,0.0205,0.011,1.1003,0.932457627118644,2026-06-13 13:21:59.674368,3,"Monique Akoa Makani","Loss",0.2508,-0.2508,0.212542372881356,-0.212542372881356
2026-06-13,"FanDuel","LAS @ PHX","1022600100","First Basket","First Points","Player","Game","Home/Away","Favorite/Underdog",0.0872,1047,0.0588,1600,0.0284,0.0151,1.5078,1.27779661016949,2026-06-14 01:51:34.215495,28,"Monique Akoa Makani","Loss",0.4075,-0.4075,0.345338983050846,-0.345338983050846
2026-06-13,"BetRivers","LAS @ PHX","1022600100","First Basket","First FGM","Player","Game","Home/Away","Favorite/Underdog",0.1025,876,0.0909,1000,0.0116,0.0064,0.6361,0.53906779661017,2026-06-13 12:22:09.347866,1,"Natasha Mack","Loss",0.6361,-0.6361,0.53906779661017,-0.53906779661017
2026-06-13,"FanDuel","LAS @ PHX","1022600100","First Basket","First Points","Player","Game","Home/Away","Favorite/Underdog",0.0773,1193,0.0625,1500,0.0148,0.0079,0.7912,0.670508474576271,2026-06-14 01:51:34.215495,1,"Noemie Brochant","Loss",0.7912,-0.7912,0.670508474576271,-0.670508474576271
2026-06-13,"FanDuel","LAS @ PHX","1022600100","First Basket by Team","First Points","Player","Team","Home/Away","Favorite/Underdog",0.1846,442,0.1429,600,0.0418,0.0244,2.4377,1.13911214953271,2026-06-13 12:22:09.509042,1,"Ariel Atkins","Loss",2.4377,-2.4377,1.13911214953271,-1.13911214953271
2026-06-13,"FanDuel","LAS @ PHX","1022600100","First Basket by Team","First Points","Player","Team","Home/Away","Favorite/Underdog",0.1846,442,0.1333,650,0.0513,0.0296,2.9603,1.38331775700935,2026-06-13 12:51:35.912797,2,"Ariel Atkins","Loss",0.5226,-0.5226,0.24420560747664,-0.24420560747664
2026-06-13,"FanDuel","LAS @ PHX","1022600100","First Basket by Team","First Points","Player","Team","Home/Away","Favorite/Underdog",0.1682,495,0.1429,600,0.0253,0.0148,1.4774,0.690373831775701,2026-06-13 12:22:09.509042,1,"Erica Wheeler","Loss",1.4774,-1.4774,0.690373831775701,-0.690373831775701
2026-06-13,"FanDuel","LAS @ PHX","1022600100","First Basket by Team","First Points","Player","Team","Home/Away","Favorite/Underdog",0.1682,495,0.1333,650,0.0349,0.0201,2.0106,0.939532710280374,2026-06-13 14:51:34.936943,6,"Erica Wheeler","Loss",0.5332,-0.5332,0.249158878504673,-0.249158878504673
2026-06-13,"FanDuel","LAS @ PHX","1022600100","First Basket by Team","First Points","Player","Team","Home/Away","Favorite/Underdog",0.1679,496,0.125,700,0.0429,0.0245,2.4502,1.14495327102804,2026-06-13 12:22:09.509042,1,"Monique Akoa Makani","Loss",2.4502,-2.4502,1.14495327102804,-1.14495327102804
2026-06-13,"FanDuel","LAS @ PHX","1022600100","First Basket by Team","First Points","Player","Team","Home/Away","Favorite/Underdog",0.1679,496,0.1111,800,0.0568,0.0319,3.1931,1.49210280373832,2026-06-14 01:51:34.370484,28,"Monique Akoa Makani","Loss",0.7429,-0.7429,0.34714953271028,-0.34714953271028
2026-06-13,"FanDuel","LAS @ PHX","1022600100","First Basket by Team","First Points","Player","Team","Home/Away","Favorite/Underdog",0.1879,432,0.1667,500,0.0212,0.0127,1.2746,0.595607476635514,2026-06-13 12:22:09.509042,1,"Natasha Mack","Loss",1.2746,-1.2746,0.595607476635514,-0.595607476635514
2026-06-13,"Fanatics","LAS @ PHX","1022600100","First Basket by Team","First FGM","Player","Team","Home/Away","Favorite/Underdog",0.153,553,0.1429,600,0.0102,0.0059,0.5945,0.277803738317757,2026-06-13 12:22:09.509042,1,"Noemie Brochant","Win",0.5945,3.567,0.277803738317757,1.66682242990654
2026-06-13,"FanDuel","LAS @ PHX","1022600100","First Basket by Team","First Points","Player","Team","Home/Away","Favorite/Underdog",0.1489,572,0.1333,650,0.0155,0.009,0.8968,0.419065420560748,2026-06-13 12:51:35.912797,2,"Noemie Brochant","Win",0.3023,1.96495,0.141261682242991,0.918200934579442
2026-06-13,"FanDuel","LAS @ PHX","1022600100","First Basket by Team","First Points","Player","Team","Home/Away","Favorite/Underdog",0.1489,572,0.1111,800,0.0378,0.0212,2.1244,0.992710280373832,2026-06-14 01:51:34.370484,26,"Noemie Brochant","Win",1.2276,9.8208,0.573644859813084,4.58915887850467
2026-06-13,"Draft Kings","LAS @ PHX","1022600100","First Basket by Team Exact","First FGM","Player","Team Exact","Home/Away","Favorite/Underdog",0.1287,677,0.1111,800,0.0176,0.0099,0.9883,0.716159420289855,2026-06-13 15:51:34.49718,1,"Ariel Atkins two point field goal","Loss",0.9883,-0.9883,0.716159420289855,-0.716159420289855
2026-06-13,"Draft Kings","LAS @ PHX","1022600100","First Basket by Team Exact","First FGM","Player","Team Exact","Home/Away","Favorite/Underdog",0.0389,2468,0.0196,5000,0.0193,0.0099,0.9857,0.714275362318841,2026-06-13 15:51:34.49718,1,"Dearica Hamby three point field goal","Loss",0.9857,-0.9857,0.714275362318841,-0.714275362318841
2026-06-13,"Draft Kings","LAS @ PHX","1022600100","First Basket by Team Exact","First FGM","Player","Team Exact","Home/Away","Favorite/Underdog",0.1108,802,0.0833,1100,0.0275,0.015,1.4986,1.08594202898551,2026-06-13 15:51:34.49718,1,"Erica Wheeler two point field goal","Loss",1.4986,-1.4986,1.08594202898551,-1.08594202898551
2026-06-13,"Draft Kings","LAS @ PHX","1022600100","First Basket by Team Exact","First FGM","Player","Team Exact","Home/Away","Favorite/Underdog",0.1211,726,0.0833,1100,0.0378,0.0206,2.0611,1.49355072463768,2026-06-13 15:51:34.49718,1,"Monique Akoa Makani two point field goal","Loss",2.0611,-2.0611,1.49355072463768,-1.49355072463768
2026-06-13,"Draft Kings","LAS @ PHX","1022600100","First Basket by Team Exact","First FGM","Player","Team Exact","Home/Away","Favorite/Underdog",0.0346,2789,0.0132,7500,0.0215,0.0109,1.0869,0.787608695652174,2026-06-13 15:51:34.49718,1,"Natasha Mack three point field goal","Loss",1.0869,-1.0869,0.787608695652174,-0.787608695652174
2026-06-13,"FanDuel","MIN @ LVA","1022600098","First Basket","First Points","Player","Game","Home/Away","Favorite/Underdog",0.0722,1285,0.0556,1700,0.0167,0.0088,0.8818,0.74728813559322,2026-06-13 12:22:09.347866,1,"Chelsea Gray","Win",0.8818,14.9906,0.74728813559322,12.7038983050847
2026-06-13,"FanDuel","MIN @ LVA","1022600098","First Basket","First Points","Player","Game","Home/Away","Favorite/Underdog",0.0723,1283,0.0556,1700,0.0168,0.0089,0.8873,0.751949152542373,2026-06-13 22:51:35.901385,20,"Chelsea Gray","Win",0.00549999999999995,0.0934999999999991,0.004661016949153,0.0792372881356009
2026-06-13,"Draft Kings","MIN @ LVA","1022600098","First Basket","First Points","Player","Game","Home/Away","Favorite/Underdog",0.1046,856,0.0862,1060,0.0184,0.0101,1.0063,0.852796610169492,2026-06-13 12:22:09.347866,1,"Courtney Williams","Loss",1.0063,-1.0063,0.852796610169492,-0.852796610169492
2026-06-13,"Draft Kings","MIN @ LVA","1022600098","First Basket","First Points","Player","Game","Home/Away","Favorite/Underdog",0.1046,856,0.0847,1080,0.0199,0.0108,1.0845,0.91906779661017,2026-06-13 18:51:35.637747,14,"Courtney Williams","Loss",0.0782,-0.0782,0.066271186440678,-0.066271186440678
2026-06-13,"FanDuel","MIN @ LVA","1022600098","First Basket","First Points","Player","Game","Home/Away","Favorite/Underdog",0.1044,857,0.0833,1100,0.0211,0.0115,1.1516,0.975932203389831,2026-06-13 22:51:35.901385,22,"Courtney Williams","Loss",0.0670999999999999,-0.0670999999999999,0.056864406779661,-0.056864406779661
2026-06-13,"FanDuel","MIN @ LVA","1022600098","First Basket by Team","First Points","Player","Team","Home/Away","Favorite/Underdog",0.1435,597,0.1053,850,0.0382,0.0214,2.1375,0.998831775700935,2026-06-13 12:22:09.509042,1,"Chelsea Gray","Win",2.1375,18.16875,0.998831775700935,8.49007009345795
2026-06-13,"FanDuel","MIN @ LVA","1022600098","First Basket by Team","First Points","Player","Team","Home/Away","Favorite/Underdog",0.1435,597,0.1,900,0.0435,0.0242,2.4174,1.1296261682243,2026-06-13 14:51:34.936943,6,"Chelsea Gray","Win",0.2799,2.5191,0.130794392523365,1.17714953271029
2026-06-13,"FanDuel","MIN @ LVA","1022600098","First Basket by Team","First Points","Player","Team","Home/Away","Favorite/Underdog",0.1435,597,0.0909,1000,0.0526,0.0289,2.8932,1.35196261682243,2026-06-13 23:21:35.127649,23,"Chelsea Gray","Win",0.4758,4.758,0.22233644859813,2.2233644859813
2026-06-13,"FanDuel","MIN @ LVA","1022600098","First Basket by Team","First Points","Player","Team","Home/Away","Favorite/Underdog",0.2105,375,0.1786,460,0.032,0.0195,1.9454,0.909065420560748,2026-06-13 12:22:09.509042,1,"Courtney Williams","Loss",1.9454,-1.9454,0.909065420560748,-0.909065420560748
2026-06-13,"FanDuel","MIN @ LVA","1022600098","First Basket by Team","First Points","Player","Team","Home/Away","Favorite/Underdog",0.2105,375,0.1754,470,0.0351,0.0213,2.128,0.994392523364486,2026-06-13 12:51:35.912797,2,"Courtney Williams","Loss",0.1826,-0.1826,0.085327102803738,-0.085327102803738
2026-06-13,"FanDuel","MIN @ LVA","1022600098","First Basket by Team","First Points","Player","Team","Home/Away","Favorite/Underdog",0.2105,375,0.1724,480,0.0381,0.023,2.303,1.07616822429907,2026-06-13 18:21:35.362084,13,"Courtney Williams","Loss",0.175,-0.175,0.081775700934584,-0.081775700934584
2026-06-13,"FanDuel","MIN @ LVA","1022600098","First Basket by Team","First Points","Player","Team","Home/Away","Favorite/Underdog",0.2105,375,0.1695,490,0.041,0.0247,2.4708,1.15457943925234,2026-06-13 19:21:35.509878,15,"Courtney Williams","Loss",0.1678,-0.1678,0.0784112149532701,-0.0784112149532701
2026-06-13,"FanDuel","MIN @ LVA","1022600098","First Basket by Team","First Points","Player","Team","Home/Away","Favorite/Underdog",0.1291,675,0.1176,750,0.0114,0.0065,0.6483,0.302943925233645,2026-06-13 23:21:35.127649,1,"Stephanie Talbot","Loss",0.6483,-0.6483,0.302943925233645,-0.302943925233645
2026-06-13,"FanDuel","MIN @ LVA","1022600098","First Basket by Team","First Points","Player","Team","Home/Away","Favorite/Underdog",0.1291,675,0.1053,850,0.0238,0.0133,1.3314,0.62214953271028,2026-06-13 23:51:34.848014,2,"Stephanie Talbot","Loss",0.6831,-0.6831,0.319205607476635,-0.319205607476635
2026-06-13,"Draft Kings","MIN @ LVA","1022600098","First Basket by Team Exact","First FGM","Player","Team Exact","Home/Away","Favorite/Underdog",0.1003,897,0.0667,1400,0.0336,0.018,1.8016,1.30550724637681,2026-06-13 15:21:35.231241,1,"Chelsea Gray two point field goal","Loss",1.8016,-1.8016,1.30550724637681,-1.30550724637681
2026-06-13,"Draft Kings","MIN @ LVA","1022600098","First Basket by Team Exact","First FGM","Player","Team Exact","Home/Away","Favorite/Underdog",0.0359,2689,0.011,9000,0.0249,0.0126,1.257,0.910869565217391,2026-06-13 15:21:35.231241,1,"NaLyssa Smith three point field goal","Loss",1.257,-1.257,0.910869565217391,-0.910869565217391
2026-06-13,"Draft Kings","MIN @ LVA","1022600098","First Basket by Team Exact","First FGM","Player","Team Exact","Home/Away","Favorite/Underdog",0.0468,2039,0.0152,6500,0.0316,0.016,1.6047,1.16282608695652,2026-06-13 15:21:35.231241,1,"Natasha Howard three point field goal","Loss",1.6047,-1.6047,1.16282608695652,-1.16282608695652
2026-06-13,"FanDuel","MIN @ LVA","1022600098","First Team","First Points","Team","Quarter","Home/Away","Favorite/Underdog",0.4961,102,0.4808,108,0.0153,0.0148,0.7384,0.479480519480519,2026-06-13 23:21:35.384982,1,"1Q MIN","Loss",0.7384,-0.7384,0.479480519480519,-0.479480519480519
2026-06-13,"FanDuel","MIN @ LVA","1022600098","First Team","First Points","Team","Quarter","Home/Away","Favorite/Underdog",0.4961,102,0.463,116,0.0331,0.0309,1.5429,1.00188311688312,2026-06-13 23:51:35.106129,2,"1Q MIN","Loss",0.8045,-0.8045,0.522402597402601,-0.522402597402601
2026-06-13,"Draft Kings","MIN @ LVA","1022600098","First Three by Team","First Three","Player","Team","Home/Away","Favorite/Underdog",0.1263,692,0.1053,850,0.021,0.0117,1.1733,0.592575757575758,2026-06-13 15:21:35.497955,1,"Courtney Williams","Win",1.1733,9.97305,0.592575757575758,5.03689393939394
2026-06-13,"Draft Kings","MIN @ LVA","1022600098","First Three by Team","First Three","Player","Team","Home/Away","Favorite/Underdog",0.0668,1397,0.0556,1700,0.0112,0.006,0.5952,0.300606060606061,2026-06-13 15:21:35.497955,1,"NaLyssa Smith","Loss",0.5952,-0.5952,0.300606060606061,-0.300606060606061
2026-06-13,"Draft Kings","MIN @ LVA","1022600098","First Three by Team","First Three","Player","Team","Home/Away","Favorite/Underdog",0.0604,1555,0.0435,2200,0.0169,0.0089,0.8855,0.447222222222222,2026-06-13 15:21:35.497955,1,"Natasha Howard","Loss",0.8855,-0.8855,0.447222222222222,-0.447222222222222
2026-06-14,"FanDuel","ATL @ TOR","1022600102","First Basket","First Points","Player","Game","Home/Away","Favorite/Underdog",0.1341,646,0.1,900,0.0341,0.0189,1.893,1.60423728813559,2026-06-14 18:51:36.265433,1,"Isabelle Harrison","Loss",1.893,-1.893,1.60423728813559,-1.60423728813559
2026-06-14,"FanDuel","ATL @ TOR","1022600102","First Basket","First Points","Player","Game","Home/Away","Favorite/Underdog",0.0723,1282,0.0588,1600,0.0135,0.0072,0.7184,0.608813559322034,2026-06-14 12:22:10.352787,1,"Julie Allemand","Win",0.7184,11.4944,0.608813559322034,9.74101694915254
2026-06-14,"FanDuel","ATL @ TOR","1022600102","First Basket","First Points","Player","Game","Home/Away","Favorite/Underdog",0.0723,1282,0.0556,1700,0.0168,0.0089,0.8889,0.753305084745763,2026-06-14 14:21:34.369011,5,"Julie Allemand","Win",0.1705,2.8985,0.144491525423729,2.45635593220339
2026-06-14,"Draft Kings","ATL @ TOR","1022600102","First Basket","First Points","Player","Game","Home/Away","Favorite/Underdog",0.0723,1282,0.051,1860,0.0213,0.0112,1.123,0.951694915254237,2026-06-14 18:21:31.283635,13,"Julie Allemand","Win",0.2341,4.35426,0.198389830508474,3.69005084745762
2026-06-14,"Draft Kings","ATL @ TOR","1022600102","First Basket","First Points","Player","Game","Home/Away","Favorite/Underdog",0.0753,1227,0.0505,1880,0.0248,0.0131,1.3078,1.10830508474576,2026-06-14 18:51:36.265433,14,"Julie Allemand","Win",0.1848,3.47424,0.156610169491523,2.94427118644063
2026-06-14,"FanDuel","ATL @ TOR","1022600102","First Basket by Team","First Points","Player","Team","Home/Away","Favorite/Underdog",0.2264,342,0.2128,370,0.0137,0.0087,0.8687,0.405934579439252,2026-06-14 12:51:31.484126,1,"Brittney Sykes","Loss",0.8687,-0.8687,0.405934579439252,-0.405934579439252
2026-06-14,"Draft Kings","ATL @ TOR","1022600102","First Basket by Team","First FGM","Player","Team","Home/Away","Favorite/Underdog",0.2309,333,0.2083,380,0.0226,0.0143,1.4268,0.666728971962617,2026-06-14 15:21:36.031524,2,"Brittney Sykes","Loss",0.5581,-0.5581,0.260794392523365,-0.260794392523365
2026-06-14,"FanDuel","ATL @ TOR","1022600102","First Basket by Team","First Points","Player","Team","Home/Away","Favorite/Underdog",0.2545,293,0.2,400,0.0545,0.0341,3.4063,1.59172897196262,2026-06-14 18:51:36.422793,1,"Isabelle Harrison","Loss",3.4063,-3.4063,1.59172897196262,-1.59172897196262
2026-06-14,"FanDuel","ATL @ TOR","1022600102","First Basket by Team","First Points","Player","Team","Home/Away","Favorite/Underdog",0.1505,565,0.1176,750,0.0328,0.0186,1.8603,0.869299065420561,2026-06-14 12:22:10.508703,1,"Julie Allemand","Win",1.8603,13.95225,0.869299065420561,6.51974299065421
2026-06-14,"FanDuel","ATL @ TOR","1022600102","First Basket by Team","First Points","Player","Team","Home/Away","Favorite/Underdog",0.1505,565,0.1111,800,0.0394,0.0221,2.2143,1.03471962616822,2026-06-14 14:21:34.524776,5,"Julie Allemand","Win",0.354,2.832,0.165420560747659,1.32336448598127
2026-06-14,"FanDuel","ATL @ TOR","1022600102","First Basket by Team","First Points","Player","Team","Home/Away","Favorite/Underdog",0.1738,475,0.1538,550,0.02,0.0118,1.179,0.550934579439252,2026-06-14 13:21:33.006327,1,"Naz Hillmon","Loss",1.179,-1.179,0.550934579439252,-0.550934579439252
2026-06-14,"Draft Kings","ATL @ TOR","1022600102","First Basket by Team Exact","First FGM","Player","Team Exact","Home/Away","Favorite/Underdog",0.0578,1631,0.0476,2000,0.0102,0.0053,0.5335,0.386594202898551,2026-06-14 15:21:36.207486,1,"Brittney Sykes three point field goal","Loss",0.5335,-0.5335,0.386594202898551,-0.386594202898551
2026-06-14,"Draft Kings","ATL @ TOR","1022600102","First Basket by Team Exact","First FGM","Player","Team Exact","Home/Away","Favorite/Underdog",0.0398,2413,0.0179,5500,0.0219,0.0112,1.1165,0.809057971014493,2026-06-14 18:51:36.598567,1,"Isabelle Harrison three point field goal","Loss",1.1165,-1.1165,0.809057971014493,-0.809057971014493
2026-06-14,"Draft Kings","ATL @ TOR","1022600102","First Basket by Team Exact","First FGM","Player","Team Exact","Home/Away","Favorite/Underdog",0.1188,742,0.1053,850,0.0135,0.0076,0.7571,0.548623188405797,2026-06-14 15:21:36.207486,1,"Naz Hillmon two point field goal","Loss",0.7571,-0.7571,0.548623188405797,-0.548623188405797
2026-06-14,"Draft Kings","ATL @ TOR","1022600102","First Team","First FGM","Team","Quarter","Home/Away","Favorite/Underdog",0.4893,104,0.4762,110,0.0131,0.0125,0.6273,0.407337662337662,2026-06-14 14:21:34.751189,1,"1Q TOR","Win",0.6273,0.69003,0.407337662337662,0.448071428571428
2026-06-14,"Draft Kings","ATL @ TOR","1022600102","First Team","First FGM","Team","Quarter","Home/Away","Favorite/Underdog",0.5233,-110,0.4762,110,0.0471,0.045,2.249,1.46038961038961,2026-06-14 18:51:36.65599,10,"1Q TOR","Win",1.6217,1.78387,1.05305194805195,1.15835714285714
2026-06-14,"Draft Kings","ATL @ TOR","1022600102","First Three by Team","First Three","Player","Team","Home/Away","Favorite/Underdog",0.1301,669,0.0909,1000,0.0392,0.0216,2.1565,1.08914141414141,2026-06-14 15:21:36.468585,1,"Brittney Sykes","Loss",2.1565,-2.1565,1.08914141414141,-1.08914141414141
2026-06-14,"Draft Kings","ATL @ TOR","1022600102","First Three by Team","First Three","Player","Team","Home/Away","Favorite/Underdog",0.1299,670,0.1111,800,0.0188,0.0106,1.0561,0.533383838383838,2026-06-14 15:21:36.468585,1,"Jordin Canada","Loss",1.0561,-1.0561,0.533383838383838,-0.533383838383838
2026-06-14,"BetRivers","WAS @ NYL","1022600101","First Basket","First FGM","Player","Game","Home/Away","Favorite/Underdog",0.1019,882,0.0667,1400,0.0352,0.0189,1.8866,1.59881355932203,2026-06-14 12:22:10.352787,1,"Angela Dugalic","Win",1.8866,26.4124,1.59881355932203,22.3833898305084
2026-06-14,"FanDuel","WAS @ NYL","1022600101","First Basket","First Points","Player","Game","Home/Away","Favorite/Underdog",0.0992,909,0.0588,1600,0.0403,0.0214,2.1425,1.8156779661017,2026-06-14 18:21:31.283635,13,"Angela Dugalic","Win",0.2559,4.0944,0.21686440677967,3.46983050847472
2026-06-14,"Fanatics","WAS @ NYL","1022600101","First Basket","First FGM","Player","Game","Home/Away","Favorite/Underdog",0.0678,1375,0.0476,2000,0.0202,0.0106,1.0599,0.898220338983051,2026-06-14 12:22:10.352787,1,"Georgia Amoore","Loss",1.0599,-1.0599,0.898220338983051,-0.898220338983051
2026-06-14,"FanDuel","WAS @ NYL","1022600101","First Basket Exact","First Points","Player","Exact","Home/Away","Favorite/Underdog",0.0505,1879,0.0385,2500,0.0121,0.0063,0.6271,0.935970149253731,2026-06-14 17:51:31.832059,1,"Angela Dugalic layup","Win",0.6271,15.6775,0.935970149253731,23.3992537313433
2026-06-14,"FanDuel","WAS @ NYL","1022600101","First Basket Exact","First Points","Player","Exact","Home/Away","Favorite/Underdog",0.0505,1879,0.0357,2700,0.0148,0.0077,0.7678,1.14597014925373,2026-06-14 18:21:31.529531,2,"Angela Dugalic layup","Win",0.1407,3.7989,0.209999999999999,5.66999999999997
2026-06-14,"Draft Kings","WAS @ NYL","1022600101","First Basket Type","First FGM","Game","Exact","Home/Away","Favorite/Underdog",0.2832,253,0.2667,275,0.0165,0.0113,0.563,0.43984375,2026-06-14 17:51:32.113902,1,"WAS @ NYL three point field goal","Loss",0.563,-0.563,0.43984375,-0.43984375
2026-06-14,"Fanatics","WAS @ NYL","1022600101","First Basket by Team","First FGM","Player","Team","Home/Away","Favorite/Underdog",0.2128,370,0.1667,500,0.0462,0.0277,2.7702,1.29448598130841,2026-06-14 12:22:10.508703,1,"Angela Dugalic","Win",2.7702,13.851,1.29448598130841,6.47242990654205
2026-06-14,"FanDuel","WAS @ NYL","1022600101","First Basket by Team","First Points","Player","Team","Home/Away","Favorite/Underdog",0.2119,372,0.1538,550,0.058,0.0343,3.4299,1.60275700934579,2026-06-14 15:51:35.850183,8,"Angela Dugalic","Win",0.6597,3.62835,0.30827102803738,1.69549065420559
2026-06-14,"FanDuel","WAS @ NYL","1022600101","First Basket by Team","First Points","Player","Team","Home/Away","Favorite/Underdog",0.2119,372,0.1429,600,0.069,0.0403,4.027,1.88177570093458,2026-06-14 17:51:31.742837,12,"Angela Dugalic","Win",0.5971,3.5826,0.27901869158879,1.67411214953274
2026-06-14,"FanDuel","WAS @ NYL","1022600101","First Basket by Team","First Points","Player","Team","Home/Away","Favorite/Underdog",0.2119,372,0.1333,650,0.0786,0.0453,4.5322,2.11785046728972,2026-06-14 18:21:31.44053,13,"Angela Dugalic","Win",0.505199999999999,3.2838,0.23607476635514,1.53448598130841
2026-06-14,"FanDuel","WAS @ NYL","1022600101","First Basket by Team","First Points","Player","Team","Home/Away","Favorite/Underdog",0.1399,615,0.1,900,0.0399,0.0221,2.2149,1.035,2026-06-14 12:22:10.508703,1,"Georgia Amoore","Loss",2.2149,-2.2149,1.035,-1.035
2026-06-14,"FanDuel","WAS @ NYL","1022600101","First Basket by Team","First Points","Player","Team","Home/Away","Favorite/Underdog",0.1454,588,0.1333,650,0.0121,0.007,0.6978,0.32607476635514,2026-06-14 13:51:33.249372,1,"Leonie Fiebich","Loss",0.6978,-0.6978,0.32607476635514,-0.32607476635514
2026-06-14,"Draft Kings","WAS @ NYL","1022600101","First Basket by Team","First FGM","Player","Team","Home/Away","Favorite/Underdog",0.1611,521,0.1429,600,0.0183,0.0107,1.0661,0.498177570093458,2026-06-14 18:51:36.422793,3,"Leonie Fiebich","Loss",0.3683,-0.3683,0.172102803738318,-0.172102803738318
2026-06-14,"Draft Kings","WAS @ NYL","1022600101","First Basket by Team Exact","First FGM","Player","Team Exact","Home/Away","Favorite/Underdog",0.1704,487,0.125,700,0.0454,0.0259,2.5936,1.87942028985507,2026-06-14 14:51:34.334858,1,"Angela Dugalic two point field goal","Win",2.5936,18.1552,1.87942028985507,13.1559420289855
2026-06-14,"Draft Kings","WAS @ NYL","1022600101","First Basket by Team Exact","First FGM","Player","Team Exact","Home/Away","Favorite/Underdog",0.1004,896,0.0833,1100,0.0171,0.0093,0.933,0.676086956521739,2026-06-14 14:51:34.334858,1,"Leonie Fiebich two point field goal","Loss",0.933,-0.933,0.676086956521739,-0.676086956521739
2026-06-14,"Draft Kings","WAS @ NYL","1022600101","First Basket by Team Exact","First FGM","Player","Team Exact","Home/Away","Favorite/Underdog",0.1047,855,0.0833,1100,0.0214,0.0117,1.1661,0.845,2026-06-14 18:51:36.598567,9,"Leonie Fiebich two point field goal","Loss",0.2331,-0.2331,0.168913043478261,-0.168913043478261
2026-06-14,"Draft Kings","WAS @ NYL","1022600101","First Basket by Team Exact","First FGM","Player","Team Exact","Home/Away","Favorite/Underdog",0.0911,998,0.0714,1300,0.0197,0.0106,1.0598,0.767971014492754,2026-06-14 14:51:34.334858,1,"Marine Johannes two point field goal","Loss",1.0598,-1.0598,0.767971014492754,-0.767971014492754
2026-06-14,"Draft Kings","WAS @ NYL","1022600101","First Basket by Team Exact","First FGM","Player","Team Exact","Home/Away","Favorite/Underdog",0.0369,2607,0.0244,4000,0.0126,0.0064,0.6432,0.466086956521739,2026-06-14 14:51:34.334858,1,"Shakira Austin three point field goal","Loss",0.6432,-0.6432,0.466086956521739,-0.466086956521739
2026-06-14,"FanDuel","WAS @ NYL","1022600101","First Team","First Points","Team","Quarter","Home/Away","Favorite/Underdog",0.468,114,0.4545,120,0.0135,0.0124,0.6175,0.400974025974026,2026-06-14 12:22:10.764524,1,"1Q WAS","Win",0.6175,0.741,0.400974025974026,0.481168831168831
2026-06-14,"FanDuel","WAS @ NYL","1022600101","First Team","First Points","Team","Quarter","Home/Away","Favorite/Underdog",0.4679,114,0.4505,122,0.0175,0.0159,0.7957,0.516688311688312,2026-06-14 14:51:34.392573,6,"1Q WAS","Win",0.1782,0.217404,0.115714285714286,0.141171428571429
2026-06-14,"FanDuel","WAS @ NYL","1022600101","First Team","First Points","Team","Quarter","Home/Away","Favorite/Underdog",0.4678,114,0.4237,136,0.044,0.0382,1.91,1.24025974025974,2026-06-14 18:51:36.65599,14,"1Q WAS","Win",1.1143,1.515448,0.723571428571428,0.984057142857142
2026-06-14,"Draft Kings","WAS @ NYL","1022600101","First Three by Team","First Three","Player","Team","Home/Away","Favorite/Underdog",0.2549,292,0.2439,310,0.011,0.0072,0.7247,0.366010101010101,2026-06-14 14:51:34.594569,1,"Georgia Amoore","Loss",0.7247,-0.7247,0.366010101010101,-0.366010101010101
2026-06-14,"Draft Kings","WAS @ NYL","1022600101","First Three by Team","First Three","Player","Team","Home/Away","Favorite/Underdog",0.0657,1423,0.05,1900,0.0157,0.0082,0.8242,0.416262626262626,2026-06-14 14:51:34.594569,1,"Shakira Austin","Loss",0.8242,-0.8242,0.416262626262626,-0.416262626262626
2026-06-14,"Draft Kings","WAS @ NYL","1022600101","First Three by Team","First Three","Player","Team","Home/Away","Favorite/Underdog",0.2066,384,0.1818,450,0.0248,0.0151,1.514,0.764646464646465,2026-06-14 14:51:34.594569,1,"Sonia Citron","Loss",1.514,-1.514,0.764646464646465,-0.764646464646465
2026-06-15,"BetRivers","LAS @ GSV","1022600105","First Basket","First FGM","Player","Game","Home/Away","Favorite/Underdog",0.0892,1021,0.0769,1200,0.0122,0.0066,0.6634,0.562203389830509,2026-06-15 12:22:16.158497,1,"Ariel Atkins","Loss",0.6634,-0.6634,0.562203389830509,-0.562203389830509
2026-06-15,"FanDuel","LAS @ GSV","1022600105","First Basket","First Points","Player","Game","Home/Away","Favorite/Underdog",0.0867,1054,0.0714,1300,0.0152,0.0082,0.8211,0.695847457627119,2026-06-15 12:51:34.812521,2,"Ariel Atkins","Loss",0.1577,-0.1577,0.13364406779661,-0.13364406779661
2026-06-15,"MGM","LAS @ GSV","1022600105","First Basket","First FGM","Player","Game","Home/Away","Favorite/Underdog",0.0892,1021,0.0714,1300,0.0177,0.0096,0.9553,0.809576271186441,2026-06-15 13:21:34.77686,3,"Ariel Atkins","Loss",0.1342,-0.1342,0.113728813559322,-0.113728813559322
2026-06-15,"Draft Kings","LAS @ GSV","1022600105","First Basket","First Points","Player","Game","Home/Away","Favorite/Underdog",0.0867,1053,0.0685,1360,0.0182,0.0098,0.9778,0.82864406779661,2026-06-16 01:21:33.388614,27,"Ariel Atkins","Loss",0.0225,-0.0225,0.019067796610169,-0.019067796610169
2026-06-15,"Draft Kings","LAS @ GSV","1022600105","First Basket","First Points","Player","Game","Home/Away","Favorite/Underdog",0.0867,1053,0.0633,1480,0.0234,0.0125,1.2501,1.05940677966102,2026-06-16 01:51:32.898213,28,"Ariel Atkins","Loss",0.2723,-0.2723,0.23076271186441,-0.23076271186441
2026-06-15,"FanDuel","LAS @ GSV","1022600105","First Basket","First Points","Player","Game","Home/Away","Favorite/Underdog",0.1037,865,0.0909,1000,0.0128,0.007,0.7022,0.595084745762712,2026-06-15 14:51:34.616001,1,"Cecilia Zandalasini","Loss",0.7022,-0.7022,0.595084745762712,-0.595084745762712
2026-06-15,"Draft Kings","LAS @ GSV","1022600105","First Basket","First Points","Player","Game","Home/Away","Favorite/Underdog",0.0819,1121,0.0658,1420,0.0161,0.0086,0.8635,0.731779661016949,2026-06-15 12:22:16.158497,1,"Erica Wheeler","Loss",0.8635,-0.8635,0.731779661016949,-0.731779661016949
2026-06-15,"FanDuel","LAS @ GSV","1022600105","First Basket Exact","First Points","Player","Exact","Home/Away","Favorite/Underdog",0.0328,2947,0.0217,4500,0.0111,0.0057,0.5661,0.844925373134328,2026-06-15 12:22:16.422021,1,"Cecilia Zandalasini layup","Loss",0.5661,-0.5661,0.844925373134328,-0.844925373134328
2026-06-15,"FanDuel","LAS @ GSV","1022600105","First Basket Exact","First Points","Player","Exact","Home/Away","Favorite/Underdog",0.0328,2947,0.0196,5000,0.0132,0.0067,0.6735,1.00522388059701,2026-06-15 14:51:34.867309,6,"Cecilia Zandalasini layup","Loss",0.1074,-0.1074,0.160298507462682,-0.160298507462682
2026-06-15,"FanDuel","LAS @ GSV","1022600105","First Basket by Team","First Points","Player","Team","Home/Away","Favorite/Underdog",0.1768,466,0.1667,500,0.0101,0.0061,0.6065,0.283411214953271,2026-06-15 12:22:16.329212,1,"Ariel Atkins","Loss",0.6065,-0.6065,0.283411214953271,-0.283411214953271
2026-06-15,"FanDuel","LAS @ GSV","1022600105","First Basket by Team","First Points","Player","Team","Home/Away","Favorite/Underdog",0.1768,466,0.1538,550,0.0229,0.0135,1.3549,0.633130841121495,2026-06-15 13:51:33.989948,4,"Ariel Atkins","Loss",0.7484,-0.7484,0.349719626168224,-0.349719626168224
2026-06-15,"FanDuel","LAS @ GSV","1022600105","First Basket by Team","First Points","Player","Team","Home/Away","Favorite/Underdog",0.1768,466,0.1429,600,0.0339,0.0198,1.9785,0.924532710280374,2026-06-15 20:51:34.902884,18,"Ariel Atkins","Loss",0.6236,-0.6236,0.291401869158879,-0.291401869158879
2026-06-15,"FanDuel","LAS @ GSV","1022600105","First Basket by Team","First Points","Player","Team","Home/Away","Favorite/Underdog",0.2034,392,0.1754,470,0.028,0.017,1.6967,0.79285046728972,2026-06-15 12:22:16.329212,1,"Cecilia Zandalasini","Loss",1.6967,-1.6967,0.79285046728972,-0.79285046728972
2026-06-15,"Draft Kings","LAS @ GSV","1022600105","First Basket by Team","First FGM","Player","Team","Home/Away","Favorite/Underdog",0.2071,383,0.1538,550,0.0532,0.0315,3.1462,1.47018691588785,2026-06-15 13:51:33.989948,4,"Cecilia Zandalasini","Loss",1.4495,-1.4495,0.67733644859813,-0.67733644859813
2026-06-15,"Draft Kings","LAS @ GSV","1022600105","First Basket by Team","First FGM","Player","Team","Home/Away","Favorite/Underdog",0.217,361,0.1538,550,0.0632,0.0373,3.7326,1.74420560747664,2026-06-15 13:51:33.989948,1,"Dearica Hamby","Loss",3.7326,-3.7326,1.74420560747664,-1.74420560747664
2026-06-15,"Fanatics","LAS @ GSV","1022600105","First Basket by Team","First FGM","Player","Team","Home/Away","Favorite/Underdog",0.1687,493,0.1538,550,0.0148,0.0088,0.877,0.40981308411215,2026-06-15 12:22:16.329212,1,"Erica Wheeler","Loss",0.877,-0.877,0.40981308411215,-0.40981308411215
2026-06-15,"FanDuel","LAS @ GSV","1022600105","First Basket by Team","First Points","Player","Team","Home/Away","Favorite/Underdog",0.15,566,0.1333,650,0.0167,0.0096,0.9641,0.450514018691589,2026-06-15 12:22:16.329212,1,"Kiah Stokes","Win",0.9641,6.26665,0.450514018691589,2.92834112149533
2026-06-15,"Draft Kings","LAS @ GSV","1022600105","First Basket by Team Exact","First FGM","Player","Team Exact","Home/Away","Favorite/Underdog",0.1386,622,0.0833,1100,0.0552,0.0301,3.0131,2.18340579710145,2026-06-15 13:51:34.179023,1,"Cecilia Zandalasini two point field goal","Loss",3.0131,-3.0131,2.18340579710145,-2.18340579710145
2026-06-15,"Draft Kings","LAS @ GSV","1022600105","First Basket by Team Exact","First FGM","Player","Team Exact","Home/Away","Favorite/Underdog",0.0377,2553,0.011,9000,0.0267,0.0135,1.3501,0.978333333333333,2026-06-15 13:51:34.179023,1,"Dearica Hamby three point field goal","Loss",1.3501,-1.3501,0.978333333333333,-0.978333333333333
2026-06-15,"Draft Kings","LAS @ GSV","1022600105","First Basket by Team Exact","First FGM","Player","Team Exact","Home/Away","Favorite/Underdog",0.1793,458,0.1538,550,0.0255,0.0151,1.5052,1.09072463768116,2026-06-15 13:51:34.179023,1,"Dearica Hamby two point field goal","Loss",1.5052,-1.5052,1.09072463768116,-1.09072463768116
2026-06-15,"Draft Kings","LAS @ GSV","1022600105","First Three by Team","First Three","Player","Team","Home/Away","Favorite/Underdog",0.2106,375,0.1905,425,0.0201,0.0124,1.2416,0.627070707070707,2026-06-15 13:51:34.441324,1,"Ariel Atkins","Loss",1.2416,-1.2416,0.627070707070707,-0.627070707070707
2026-06-15,"Draft Kings","LAS @ GSV","1022600105","First Three by Team","First Three","Player","Team","Home/Away","Favorite/Underdog",0.2296,335,0.1739,475,0.0557,0.0337,3.3734,1.70373737373737,2026-06-15 13:51:34.441324,1,"Cecilia Zandalasini","Loss",3.3734,-3.3734,1.70373737373737,-1.70373737373737
2026-06-15,"Draft Kings","LAS @ GSV","1022600105","First Three by Team","First Three","Player","Team","Home/Away","Favorite/Underdog",0.1087,820,0.0714,1300,0.0373,0.0201,2.007,1.01363636363636,2026-06-15 13:51:34.441324,1,"Kiah Stokes","Win",2.007,26.091,1.01363636363636,13.1772727272727
2026-06-15,"FanDuel","LVA @ DAL","1022600103","First Basket","First Points","Player","Game","Home/Away","Favorite/Underdog",0.0771,1197,0.0526,1800,0.0245,0.0129,1.2916,1.09457627118644,2026-06-15 12:22:16.158497,1,"Chelsea Gray","Loss",1.2916,-1.2916,1.09457627118644,-1.09457627118644
2026-06-15,"FanDuel","LVA @ DAL","1022600103","First Basket","First Points","Player","Game","Home/Away","Favorite/Underdog",0.0771,1197,0.05,1900,0.0271,0.0143,1.4279,1.21008474576271,2026-06-15 15:21:34.391236,7,"Chelsea Gray","Loss",0.1363,-0.1363,0.11550847457627,-0.11550847457627
2026-06-15,"FanDuel","LVA @ DAL","1022600103","First Basket Exact","First Points","Player","Exact","Home/Away","Favorite/Underdog",0.0305,3177,0.0196,5000,0.0109,0.0056,0.5564,0.83044776119403,2026-06-15 12:22:16.422021,1,"A'ja Wilson three point field goal","Loss",0.5564,-0.5564,0.83044776119403,-0.83044776119403
2026-06-15,"FanDuel","LVA @ DAL","1022600103","First Basket Exact","First Points","Player","Exact","Home/Away","Favorite/Underdog",0.0305,3176,0.0196,5000,0.0109,0.0056,0.5569,0.831194029850746,2026-06-15 15:21:34.642943,7,"A'ja Wilson three point field goal","Loss",0.000499999999999945,-0.000499999999999945,0.000746268656716009,-0.000746268656716009
2026-06-15,"Fanatics","LVA @ DAL","1022600103","First Basket by Team","First FGM","Player","Team","Home/Away","Favorite/Underdog",0.1983,404,0.1818,450,0.0165,0.0101,1.0068,0.470467289719626,2026-06-15 12:51:34.969171,1,"Arike Ogunbowale","Loss",1.0068,-1.0068,0.470467289719626,-0.470467289719626
2026-06-15,"Draft Kings","LVA @ DAL","1022600103","First Basket by Team","First FGM","Player","Team","Home/Away","Favorite/Underdog",0.1983,404,0.1739,475,0.0244,0.0148,1.4756,0.689532710280374,2026-06-15 13:51:33.989948,3,"Arike Ogunbowale","Loss",0.4688,-0.4688,0.219065420560748,-0.219065420560748
2026-06-15,"FanDuel","LVA @ DAL","1022600103","First Basket by Team","First Points","Player","Team","Home/Away","Favorite/Underdog",0.1449,590,0.0952,950,0.0497,0.0274,2.7439,1.28219626168224,2026-06-15 12:22:16.329212,1,"Chelsea Gray","Loss",2.7439,-2.7439,1.28219626168224,-1.28219626168224
2026-06-15,"FanDuel","LVA @ DAL","1022600103","First Basket by Team","First Points","Player","Team","Home/Away","Favorite/Underdog",0.1449,590,0.0909,1000,0.054,0.0297,2.9689,1.38733644859813,2026-06-15 14:51:34.775477,6,"Chelsea Gray","Loss",0.225,-0.225,0.10514018691589,-0.10514018691589
2026-06-15,"Draft Kings","LVA @ DAL","1022600103","First Basket by Team","First FGM","Player","Team","Home/Away","Favorite/Underdog",0.2012,397,0.1905,425,0.0107,0.0066,0.6622,0.309439252336449,2026-06-15 13:51:33.989948,1,"Jessica Shepard","Loss",0.6622,-0.6622,0.309439252336449,-0.309439252336449
2026-06-15,"Fanatics","LVA @ DAL","1022600103","First Basket by Team","First FGM","Player","Team","Home/Away","Favorite/Underdog",0.1301,669,0.1176,750,0.0125,0.0071,0.7065,0.330140186915888,2026-06-15 12:22:16.329212,1,"Stephanie Talbot","Loss",0.7065,-0.7065,0.330140186915888,-0.330140186915888
2026-06-15,"Fanatics","LVA @ DAL","1022600103","First Basket by Team","First FGM","Player","Team","Home/Away","Favorite/Underdog",0.1301,669,0.1111,800,0.019,0.0107,1.069,0.499532710280374,2026-06-15 12:51:34.969171,2,"Stephanie Talbot","Loss",0.3625,-0.3625,0.169392523364486,-0.169392523364486
2026-06-15,"Draft Kings","LVA @ DAL","1022600103","First Basket by Team Exact","First FGM","Player","Team Exact","Home/Away","Favorite/Underdog",0.0607,1547,0.0435,2200,0.0172,0.009,0.9002,0.65231884057971,2026-06-15 13:51:34.179023,1,"A'ja Wilson three point field goal","Loss",0.9002,-0.9002,0.65231884057971,-0.65231884057971
2026-06-15,"Draft Kings","LVA @ DAL","1022600103","First Basket by Team Exact","First FGM","Player","Team Exact","Home/Away","Favorite/Underdog",0.1389,620,0.1176,750,0.0213,0.012,1.2048,0.87304347826087,2026-06-15 13:51:34.179023,1,"Arike Ogunbowale two point field goal","Loss",1.2048,-1.2048,0.87304347826087,-0.87304347826087
2026-06-15,"Draft Kings","LVA @ DAL","1022600103","First Basket by Team Exact","First FGM","Player","Team Exact","Home/Away","Favorite/Underdog",0.0334,2896,0.011,9000,0.0224,0.0113,1.1317,0.820072463768116,2026-06-15 13:51:34.179023,1,"Jessica Shepard three point field goal","Loss",1.1317,-1.1317,0.820072463768116,-0.820072463768116
2026-06-15,"Draft Kings","LVA @ DAL","1022600103","First Basket by Team Exact","First FGM","Player","Team Exact","Home/Away","Favorite/Underdog",0.0356,2706,0.0123,8000,0.0233,0.0118,1.1794,0.85463768115942,2026-06-15 13:51:34.179023,1,"NaLyssa Smith three point field goal","Loss",1.1794,-1.1794,0.85463768115942,-0.85463768115942
2026-06-15,"Draft Kings","LVA @ DAL","1022600103","First Three by Team","First Three","Player","Team","Home/Away","Favorite/Underdog",0.088,1036,0.0714,1300,0.0166,0.0089,0.8946,0.451818181818182,2026-06-15 13:51:34.441324,1,"A'ja Wilson","Loss",0.8946,-0.8946,0.451818181818182,-0.451818181818182
2026-06-15,"Draft Kings","LVA @ DAL","1022600103","First Three by Team","First Three","Player","Team","Home/Away","Favorite/Underdog",0.088,1036,0.0667,1400,0.0214,0.0115,1.1451,0.578333333333333,2026-06-15 21:21:35.175227,16,"A'ja Wilson","Loss",0.2505,-0.2505,0.126515151515151,-0.126515151515151
2026-06-15,"FanDuel","PDX @ MIN","1022600104","First Basket","First Points","Player","Game","Home/Away","Favorite/Underdog",0.1064,840,0.0952,950,0.0111,0.0061,0.6147,0.520932203389831,2026-06-15 12:22:16.158497,1,"Courtney Williams","Loss",0.6147,-0.6147,0.520932203389831,-0.520932203389831
2026-06-15,"Draft Kings","PDX @ MIN","1022600104","First Basket","First Points","Player","Game","Home/Away","Favorite/Underdog",0.1161,761,0.0971,930,0.019,0.0105,1.054,0.893220338983051,2026-06-15 12:22:16.158497,1,"Emily Engstler","Loss",1.054,-1.054,0.893220338983051,-0.893220338983051
2026-06-15,"FanDuel","PDX @ MIN","1022600104","First Basket","First Points","Player","Game","Home/Away","Favorite/Underdog",0.1161,761,0.0952,950,0.0209,0.0115,1.1541,0.978050847457627,2026-06-15 15:21:34.391236,7,"Emily Engstler","Loss",0.1001,-0.1001,0.0848305084745761,-0.0848305084745761
2026-06-15,"FanDuel","PDX @ MIN","1022600104","First Basket","First Points","Player","Game","Home/Away","Favorite/Underdog",0.0894,1018,0.0769,1200,0.0125,0.0068,0.677,0.573728813559322,2026-06-15 12:22:16.158497,1,"Megan Gustafson","Loss",0.677,-0.677,0.573728813559322,-0.573728813559322
2026-06-15,"MGM","PDX @ MIN","1022600104","First Basket","First FGM","Player","Game","Home/Away","Favorite/Underdog",0.0945,958,0.0769,1200,0.0176,0.0095,0.9509,0.805847457627119,2026-06-15 13:21:34.77686,3,"Megan Gustafson","Loss",0.2739,-0.2739,0.232118644067797,-0.232118644067797
2026-06-15,"FanDuel","PDX @ MIN","1022600104","First Basket","First Points","Player","Game","Home/Away","Favorite/Underdog",0.0894,1018,0.0714,1300,0.018,0.0097,0.9689,0.821101694915254,2026-06-15 16:51:33.770802,10,"Megan Gustafson","Loss",0.018,-0.018,0.015254237288135,-0.015254237288135
2026-06-15,"FanDuel","PDX @ MIN","1022600104","First Basket Exact","First Points","Player","Exact","Home/Away","Favorite/Underdog",0.0299,3242,0.0196,5000,0.0103,0.0053,0.5262,0.785373134328358,2026-06-15 12:22:16.422021,1,"Courtney Williams layup","Loss",0.5262,-0.5262,0.785373134328358,-0.785373134328358
2026-06-15,"FanDuel","PDX @ MIN","1022600104","First Basket by Team","First Points","Player","Team","Home/Away","Favorite/Underdog",0.216,363,0.1724,480,0.0436,0.0263,2.6328,1.23028037383178,2026-06-15 12:22:16.329212,1,"Courtney Williams","Loss",2.6328,-2.6328,1.23028037383178,-1.23028037383178
2026-06-15,"FanDuel","PDX @ MIN","1022600104","First Basket by Team","First Points","Player","Team","Home/Away","Favorite/Underdog",0.216,363,0.1695,490,0.0465,0.028,2.7994,1.3081308411215,2026-06-15 16:21:35.437924,9,"Courtney Williams","Loss",0.1666,-0.1666,0.07785046728972,-0.07785046728972
2026-06-15,"FanDuel","PDX @ MIN","1022600104","First Basket by Team","First Points","Player","Team","Home/Away","Favorite/Underdog",0.2288,337,0.2174,360,0.0114,0.0073,0.7277,0.340046728971963,2026-06-15 16:51:33.929778,1,"Emily Engstler","Loss",0.7277,-0.7277,0.340046728971963,-0.340046728971963
2026-06-15,"FanDuel","PDX @ MIN","1022600104","First Basket by Team","First Points","Player","Team","Home/Away","Favorite/Underdog",0.1762,468,0.1538,550,0.0223,0.0132,1.3196,0.616635514018692,2026-06-15 13:21:34.933544,1,"Megan Gustafson","Loss",1.3196,-1.3196,0.616635514018692,-0.616635514018692
2026-06-15,"FanDuel","PDX @ MIN","1022600104","First Basket by Team","First Points","Player","Team","Home/Away","Favorite/Underdog",0.1762,468,0.1429,600,0.0333,0.0194,1.9437,0.908271028037383,2026-06-15 23:51:34.277541,15,"Megan Gustafson","Loss",0.6241,-0.6241,0.291635514018691,-0.291635514018691
2026-06-15,"Draft Kings","PDX @ MIN","1022600104","First Basket by Team Exact","First FGM","Player","Team Exact","Home/Away","Favorite/Underdog",0.0456,2092,0.0152,6500,0.0305,0.0155,1.5474,1.12130434782609,2026-06-15 13:51:34.179023,1,"Natasha Howard three point field goal","Loss",1.5474,-1.5474,1.12130434782609,-1.12130434782609
2026-06-15,"Draft Kings","PDX @ MIN","1022600104","First Basket by Team Exact","First FGM","Player","Team Exact","Home/Away","Favorite/Underdog",0.1009,891,0.0909,1000,0.01,0.0055,0.549,0.397826086956522,2026-06-15 13:51:34.179023,1,"Nia Coffey two point field goal","Loss",0.549,-0.549,0.397826086956522,-0.397826086956522
2026-06-15,"FanDuel","PDX @ MIN","1022600104","First Team","First Points","Team","Quarter","Home/Away","Favorite/Underdog",0.5076,-103,0.4717,112,0.0359,0.0339,1.6973,1.10214285714286,2026-06-15 12:22:16.570839,1,"1Q PDX","Win",1.6973,1.900976,1.10214285714286,1.2344
2026-06-15,"FanDuel","PDX @ MIN","1022600104","First Team","First Points","Team","Quarter","Home/Away","Favorite/Underdog",0.5076,-103,0.4673,114,0.0403,0.0378,1.8902,1.2274025974026,2026-06-15 14:21:35.892358,5,"1Q PDX","Win",0.1929,0.219906,0.12525974025974,0.142796103896104
2026-06-15,"Draft Kings","PDX @ MIN","1022600104","First Three by Team","First Three","Player","Team","Home/Away","Favorite/Underdog",0.0615,1527,0.0385,2500,0.023,0.012,1.1959,0.603989898989899,2026-06-15 13:51:34.441324,1,"Natasha Howard","Loss",1.1959,-1.1959,0.603989898989899,-0.603989898989899
2026-06-16,"MGM","TOR @ IND","1022600106","First Basket","First FGM","Player","Game","Home/Away","Favorite/Underdog",0.1115,797,0.1,900,0.0115,0.0064,0.6395,0.541949152542373,2026-06-16 12:51:31.170419,1,"Brittney Sykes","Win",0.6395,5.7555,0.541949152542373,4.87754237288136
2026-06-16,"FanDuel","TOR @ IND","1022600106","First Basket","First Points","Player","Game","Home/Away","Favorite/Underdog",0.1303,668,0.0909,1000,0.0394,0.0216,2.1649,1.83466101694915,2026-06-16 12:22:09.285595,1,"Isabelle Harrison","Loss",1.08245,-1.08245,0.917330508474575,-0.917330508474575
2026-06-16,"theScore","TOR @ IND","1022600106","First Basket","First Points","Player","Game","Home/Away","Favorite/Underdog",0.1303,668,0.0909,1000,0.0394,0.0216,2.1649,1.83466101694915,2026-06-16 12:22:09.285595,1,"Isabelle Harrison","Loss",1.08245,-1.08245,0.917330508474575,-0.917330508474575
2026-06-16,"theScore","TOR @ IND","1022600106","First Basket","First Points","Player","Game","Home/Away","Favorite/Underdog",0.1304,667,0.0909,1000,0.0394,0.0217,2.1695,1.8385593220339,2026-06-16 13:21:28.941799,3,"Isabelle Harrison","Loss",0.00460000000000038,-0.00460000000000038,0.00389830508475009,-0.00389830508475009
2026-06-16,"theScore","TOR @ IND","1022600106","First Basket","First Points","Player","Game","Home/Away","Favorite/Underdog",0.0719,1290,0.0556,1700,0.0164,0.0087,0.8675,0.735169491525424,2026-06-16 12:22:09.285595,1,"Julie Allemand","Loss",0.8675,-0.8675,0.735169491525424,-0.735169491525424
2026-06-16,"FanDuel","TOR @ IND","1022600106","First Basket","First Points","Player","Game","Home/Away","Favorite/Underdog",0.072,1289,0.0556,1700,0.0164,0.0087,0.87,0.73728813559322,2026-06-16 13:21:28.941799,3,"Julie Allemand","Loss",0.00124999999999997,-0.00124999999999997,0.00105932203389802,-0.00105932203389802
2026-06-16,"theScore","TOR @ IND","1022600106","First Basket","First Points","Player","Game","Home/Away","Favorite/Underdog",0.072,1289,0.0556,1700,0.0164,0.0087,0.87,0.73728813559322,2026-06-16 13:21:28.941799,3,"Julie Allemand","Loss",0.00124999999999997,-0.00124999999999997,0.00105932203389802,-0.00105932203389802
2026-06-16,"FanDuel","TOR @ IND","1022600106","First Basket","First Points","Player","Game","Home/Away","Favorite/Underdog",0.0719,1290,0.0526,1800,0.0193,0.0102,1.0192,0.863728813559322,2026-06-16 14:51:30.892154,6,"Julie Allemand","Loss",0.1492,-0.1492,0.126440677966102,-0.126440677966102
2026-06-16,"FanDuel","TOR @ IND","1022600106","First Basket by Team","First Points","Player","Team","Home/Away","Favorite/Underdog",0.2133,369,0.2,400,0.0133,0.0083,0.8314,0.388504672897196,2026-06-16 15:51:29.460438,1,"Caitlin Clark","Loss",0.8314,-0.8314,0.388504672897196,-0.388504672897196
2026-06-16,"FanDuel","TOR @ IND","1022600106","First Basket by Team","First Points","Player","Team","Home/Away","Favorite/Underdog",0.2133,369,0.1961,410,0.0172,0.0107,1.0713,0.500607476635514,2026-06-16 18:21:29.110838,3,"Caitlin Clark","Loss",0.2399,-0.2399,0.112102803738318,-0.112102803738318
2026-06-16,"FanDuel","TOR @ IND","1022600106","First Basket by Team","First Points","Player","Team","Home/Away","Favorite/Underdog",0.2133,369,0.1923,420,0.021,0.013,1.2997,0.607336448598131,2026-06-16 19:51:29.006517,5,"Caitlin Clark","Loss",0.2284,-0.2284,0.106728971962617,-0.106728971962617
2026-06-16,"FanDuel","TOR @ IND","1022600106","First Basket by Team","First Points","Player","Team","Home/Away","Favorite/Underdog",0.2577,288,0.2041,390,0.0536,0.0337,3.3665,1.5731308411215,2026-06-16 12:22:09.438891,1,"Isabelle Harrison","Loss",3.3665,-3.3665,1.5731308411215,-1.5731308411215
2026-06-16,"FanDuel","TOR @ IND","1022600106","First Basket by Team","First Points","Player","Team","Home/Away","Favorite/Underdog",0.2577,288,0.2,400,0.0577,0.036,3.6044,1.68429906542056,2026-06-16 13:21:29.094672,3,"Isabelle Harrison","Loss",0.2379,-0.2379,0.11116822429906,-0.11116822429906
2026-06-16,"FanDuel","TOR @ IND","1022600106","First Basket by Team","First Points","Player","Team","Home/Away","Favorite/Underdog",0.2577,288,0.1961,410,0.0616,0.0383,3.8307,1.79004672897196,2026-06-16 15:21:30.579402,7,"Isabelle Harrison","Loss",0.2263,-0.2263,0.1057476635514,-0.1057476635514
2026-06-16,"FanDuel","TOR @ IND","1022600106","First Basket by Team","First Points","Player","Team","Home/Away","Favorite/Underdog",0.1423,603,0.1176,750,0.0247,0.014,1.3969,0.652757009345794,2026-06-16 12:22:09.438891,1,"Julie Allemand","Loss",1.3969,-1.3969,0.652757009345794,-0.652757009345794
2026-06-16,"FanDuel","TOR @ IND","1022600106","First Basket by Team","First Points","Player","Team","Home/Away","Favorite/Underdog",0.1423,603,0.1111,800,0.0312,0.0175,1.7543,0.819766355140187,2026-06-16 14:51:31.04629,6,"Julie Allemand","Loss",0.3574,-0.3574,0.167009345794393,-0.167009345794393
2026-06-16,"FanDuel","TOR @ IND","1022600106","First Basket by Team","First Points","Player","Team","Home/Away","Favorite/Underdog",0.1423,603,0.1053,850,0.037,0.0207,2.0696,0.967102803738318,2026-06-16 21:51:28.906798,20,"Julie Allemand","Loss",0.3153,-0.3153,0.147336448598131,-0.147336448598131
2026-06-16,"Fanatics","TOR @ IND","1022600106","First Basket by Team","First FGM","Player","Team","Home/Away","Favorite/Underdog",0.1468,581,0.1333,650,0.0135,0.0078,0.777,0.363084112149533,2026-06-16 12:22:09.438891,1,"Lexie Hull","Loss",0.777,-0.777,0.363084112149533,-0.363084112149533
2026-06-16,"Draft Kings","TOR @ IND","1022600106","First Basket by Team Exact","First FGM","Player","Team Exact","Home/Away","Favorite/Underdog",0.0425,2253,0.0244,4000,0.0181,0.0093,0.9282,0.672608695652174,2026-06-16 14:21:29.468231,1,"Isabelle Harrison three point field goal","Loss",0.9282,-0.9282,0.672608695652174,-0.672608695652174
2026-06-16,"Draft Kings","TOR @ IND","1022600106","First Basket by Team Exact","First FGM","Player","Team Exact","Home/Away","Favorite/Underdog",0.2063,385,0.1818,450,0.0245,0.015,1.4961,1.08413043478261,2026-06-16 14:21:29.468231,1,"Isabelle Harrison two point field goal","Loss",1.4961,-1.4961,1.08413043478261,-1.08413043478261
2026-06-16,"Draft Kings","TOR @ IND","1022600106","First Basket by Team Exact","First FGM","Player","Team Exact","Home/Away","Favorite/Underdog",0.2063,385,0.1667,500,0.0396,0.0238,2.378,1.7231884057971,2026-06-16 21:51:29.210206,16,"Isabelle Harrison two point field goal","Loss",0.8819,-0.8819,0.63905797101449,-0.63905797101449
2026-06-16,"Draft Kings","TOR @ IND","1022600106","First Basket by Team Exact","First FGM","Player","Team Exact","Home/Away","Favorite/Underdog",0.094,963,0.0833,1100,0.0107,0.0058,0.5841,0.423260869565217,2026-06-16 14:21:29.468231,1,"Lexie Hull two point field goal","Loss",0.5841,-0.5841,0.423260869565217,-0.423260869565217
2026-06-16,"FanDuel","TOR @ IND","1022600106","First Team","First Points","Team","Quarter","Home/Away","Favorite/Underdog",0.5056,-102,0.4854,106,0.0201,0.0196,0.9783,0.63525974025974,2026-06-16 12:22:09.651326,1,"1Q TOR","Win",0.9783,1.036998,0.63525974025974,0.673375324675324
2026-06-16,"FanDuel","TOR @ IND","1022600106","First Team","First Points","Team","Quarter","Home/Away","Favorite/Underdog",0.5059,-102,0.4808,108,0.0251,0.0242,1.2099,0.785649350649351,2026-06-16 13:21:29.451401,3,"1Q TOR","Win",0.2316,0.250128,0.150389610389611,0.16242077922078
2026-06-16,"Draft Kings","TOR @ IND","1022600106","First Three by Team","First Three","Player","Team","Home/Away","Favorite/Underdog",0.0787,1170,0.0556,1700,0.0232,0.0123,1.2261,0.619242424242424,2026-06-16 14:21:29.72373,1,"Aliyah Boston","Loss",1.2261,-1.2261,0.619242424242424,-0.619242424242424
2026-06-16,"Draft Kings","TOR @ IND","1022600106","First Three by Team","First Three","Player","Team","Home/Away","Favorite/Underdog",0.1234,710,0.1053,850,0.0182,0.0102,1.0159,0.513080808080808,2026-06-16 14:21:29.72373,1,"Brittney Sykes","Loss",1.0159,-1.0159,0.513080808080808,-0.513080808080808
2026-06-17,"FanDuel","DAL @ GSV","1022600109","First Basket","First Points","Player","Game","Home/Away","Favorite/Underdog",0.1012,888,0.0833,1100,0.0179,0.0097,0.9742,0.825593220338983,2026-06-17 12:21:36.617918,1,"Cecilia Zandalasini","Loss",0.4871,-0.4871,0.412796610169491,-0.412796610169491
2026-06-17,"theScore","DAL @ GSV","1022600109","First Basket","First Points","Player","Game","Home/Away","Favorite/Underdog",0.1012,888,0.0833,1100,0.0179,0.0097,0.9742,0.825593220338983,2026-06-17 12:21:36.617918,1,"Cecilia Zandalasini","Loss",0.4871,-0.4871,0.412796610169491,-0.412796610169491
2026-06-17,"MGM","DAL @ GSV","1022600109","First Basket","First FGM","Player","Game","Home/Away","Favorite/Underdog",0.1023,877,0.0833,1100,0.019,0.0104,1.0361,0.878050847457627,2026-06-17 13:21:37.495546,3,"Cecilia Zandalasini","Loss",0.0619000000000001,-0.0619000000000001,0.052457627118644,-0.052457627118644
2026-06-17,"MGM","DAL @ GSV","1022600109","First Basket","First FGM","Player","Game","Home/Away","Favorite/Underdog",0.1024,877,0.0833,1100,0.0191,0.0104,1.0402,0.881525423728814,2026-06-17 14:52:23.292532,6,"Cecilia Zandalasini","Loss",0.00409999999999999,-0.00409999999999999,0.00347457627118708,-0.00347457627118708
2026-06-17,"FanDuel","DAL @ GSV","1022600109","First Basket","First Points","Player","Game","Home/Away","Favorite/Underdog",0.0779,1183,0.0667,1400,0.0113,0.006,0.6028,0.510847457627119,2026-06-17 16:51:35.26539,1,"Kiah Stokes","Loss",0.6028,-0.6028,0.510847457627119,-0.510847457627119
2026-06-17,"Draft Kings","DAL @ GSV","1022600109","First Basket","First Points","Player","Game","Home/Away","Favorite/Underdog",0.078,1182,0.0667,1400,0.0113,0.0061,0.6066,0.51406779661017,2026-06-18 00:21:34.805312,6,"Kiah Stokes","Loss",0.00380000000000003,-0.00380000000000003,0.00322033898305096,-0.00322033898305096
2026-06-17,"FanDuel","DAL @ GSV","1022600109","First Basket Exact","First Points","Player","Exact","Home/Away","Favorite/Underdog",0.0319,3032,0.0196,5000,0.0123,0.0063,0.6281,0.937462686567164,2026-06-17 12:21:36.90815,1,"Cecilia Zandalasini layup","Loss",0.6281,-0.6281,0.937462686567164,-0.937462686567164
2026-06-17,"FanDuel","DAL @ GSV","1022600109","First Basket Exact","First Points","Player","Exact","Home/Away","Favorite/Underdog",0.0325,2981,0.0196,5000,0.0128,0.0066,0.6551,0.977761194029851,2026-06-17 14:52:23.743308,6,"Cecilia Zandalasini layup","Loss",0.027,-0.027,0.0402985074626869,-0.0402985074626869
2026-06-17,"FanDuel","DAL @ GSV","1022600109","First Basket Exact","First Points","Player","Exact","Home/Away","Favorite/Underdog",0.0325,2978,0.0196,5000,0.0129,0.0066,0.6567,0.980149253731343,2026-06-18 00:21:35.081603,25,"Cecilia Zandalasini layup","Loss",0.00159999999999993,-0.00159999999999993,0.00238805970149203,-0.00238805970149203
2026-06-17,"Fanatics","DAL @ GSV","1022600109","First Basket by Team","First FGM","Player","Team","Home/Away","Favorite/Underdog",0.1987,403,0.1818,450,0.0169,0.0103,1.0317,0.482102803738318,2026-06-17 12:21:36.783426,1,"Arike Ogunbowale","Loss",1.0317,-1.0317,0.482102803738318,-0.482102803738318
2026-06-17,"Draft Kings","DAL @ GSV","1022600109","First Basket by Team","First FGM","Player","Team","Home/Away","Favorite/Underdog",0.1994,402,0.1818,450,0.0175,0.0107,1.0715,0.500700934579439,2026-06-17 14:52:23.6226,3,"Arike Ogunbowale","Loss",0.0397999999999998,-0.0397999999999998,0.018598130841121,-0.018598130841121
2026-06-17,"Draft Kings","DAL @ GSV","1022600109","First Basket by Team","First FGM","Player","Team","Home/Away","Favorite/Underdog",0.1853,440,0.1739,475,0.0114,0.0069,0.6887,0.321822429906542,2026-06-17 14:52:23.6226,1,"Azzi Fudd","Loss",0.6887,-0.6887,0.321822429906542,-0.321822429906542
2026-06-17,"FanDuel","DAL @ GSV","1022600109","First Basket by Team","First Points","Player","Team","Home/Away","Favorite/Underdog",0.2035,392,0.1667,500,0.0368,0.0221,2.2075,1.03154205607477,2026-06-17 12:21:36.783426,1,"Cecilia Zandalasini","Win",2.2075,11.0375,1.03154205607477,5.15771028037385
2026-06-17,"Draft Kings","DAL @ GSV","1022600109","First Basket by Team","First FGM","Player","Team","Home/Away","Favorite/Underdog",0.2062,385,0.1667,500,0.0395,0.0237,2.3714,1.1081308411215,2026-06-17 14:52:23.6226,6,"Cecilia Zandalasini","Win",0.1639,0.8195,0.0765887850467302,0.382943925233651
2026-06-17,"FanDuel","DAL @ GSV","1022600109","First Basket by Team","First Points","Player","Team","Home/Away","Favorite/Underdog",0.1514,561,0.1333,650,0.0181,0.0104,1.042,0.486915887850467,2026-06-17 13:21:37.661242,1,"Kiah Stokes","Loss",1.042,-1.042,0.486915887850467,-0.486915887850467
2026-06-17,"FanDuel","DAL @ GSV","1022600109","First Basket by Team","First Points","Player","Team","Home/Away","Favorite/Underdog",0.1559,541,0.1333,650,0.0226,0.013,1.3035,0.60911214953271,2026-06-17 15:21:35.68145,4,"Kiah Stokes","Loss",0.2615,-0.2615,0.122196261682243,-0.122196261682243
2026-06-17,"Draft Kings","DAL @ GSV","1022600109","First Basket by Team Exact","First FGM","Player","Team Exact","Home/Away","Favorite/Underdog",0.1382,624,0.1,900,0.0382,0.0212,2.123,1.53840579710145,2026-06-17 14:52:23.861966,1,"Arike Ogunbowale two point field goal","Loss",2.123,-2.123,1.53840579710145,-1.53840579710145
2026-06-17,"Draft Kings","DAL @ GSV","1022600109","First Basket by Team Exact","First FGM","Player","Team Exact","Home/Away","Favorite/Underdog",0.1531,553,0.1429,600,0.0102,0.006,0.5957,0.431666666666667,2026-06-17 14:52:23.861966,1,"Awak Kuier two point field goal","Win",0.5957,3.5742,0.431666666666667,2.59
2026-06-17,"Draft Kings","DAL @ GSV","1022600109","First Basket by Team Exact","First FGM","Player","Team Exact","Home/Away","Favorite/Underdog",0.1363,633,0.0909,1000,0.0454,0.025,2.4983,1.81036231884058,2026-06-17 14:52:23.861966,1,"Cecilia Zandalasini two point field goal","Win",2.4983,24.983,1.81036231884058,18.1036231884058
2026-06-17,"Draft Kings","DAL @ GSV","1022600109","First Basket by Team Exact","First FGM","Player","Team Exact","Home/Away","Favorite/Underdog",0.029,3348,0.0164,6000,0.0126,0.0064,0.641,0.464492753623188,2026-06-17 14:52:23.861966,1,"Jessica Shepard three point field goal","Loss",0.641,-0.641,0.464492753623188,-0.464492753623188
2026-06-17,"FanDuel","LVA @ PHX","1022600111","First Basket","First Points","Player","Game","Home/Away","Favorite/Underdog",0.0692,1344,0.0588,1600,0.0104,0.0055,0.5539,0.469406779661017,2026-06-17 12:21:36.617918,1,"Chelsea Gray","Loss",0.27695,-0.27695,0.234703389830509,-0.234703389830509
2026-06-17,"theScore","LVA @ PHX","1022600111","First Basket","First Points","Player","Game","Home/Away","Favorite/Underdog",0.0692,1344,0.0588,1600,0.0104,0.0055,0.5539,0.469406779661017,2026-06-17 12:21:36.617918,1,"Chelsea Gray","Loss",0.27695,-0.27695,0.234703389830509,-0.234703389830509
2026-06-17,"Fanatics","LVA @ PHX","1022600111","First Basket","First FGM","Player","Game","Home/Away","Favorite/Underdog",0.0735,1260,0.0625,1500,0.011,0.0059,0.587,0.497457627118644,2026-06-17 12:51:38.973274,2,"Chelsea Gray","Loss",0.0331,-0.0331,0.028050847457627,-0.028050847457627
2026-06-17,"MGM","LVA @ PHX","1022600111","First Basket","First FGM","Player","Game","Home/Away","Favorite/Underdog",0.0735,1260,0.0588,1600,0.0147,0.0078,0.7801,0.661101694915254,2026-06-17 13:21:37.495546,3,"Chelsea Gray","Loss",0.1931,-0.1931,0.16364406779661,-0.16364406779661
2026-06-17,"MGM","LVA @ PHX","1022600111","First Basket","First FGM","Player","Game","Home/Away","Favorite/Underdog",0.0767,1204,0.0588,1600,0.0179,0.0095,0.9488,0.804067796610169,2026-06-17 14:52:23.292532,6,"Chelsea Gray","Loss",0.1687,-0.1687,0.142966101694915,-0.142966101694915
2026-06-17,"FanDuel","LVA @ PHX","1022600111","First Basket","First Points","Player","Game","Home/Away","Favorite/Underdog",0.0869,1051,0.0625,1500,0.0244,0.013,1.3007,1.10228813559322,2026-06-17 12:21:36.617918,1,"Monique Akoa Makani","Loss",0.65035,-0.65035,0.55114406779661,-0.55114406779661
2026-06-17,"theScore","LVA @ PHX","1022600111","First Basket","First Points","Player","Game","Home/Away","Favorite/Underdog",0.0869,1051,0.0625,1500,0.0244,0.013,1.3007,1.10228813559322,2026-06-17 12:21:36.617918,1,"Monique Akoa Makani","Loss",0.65035,-0.65035,0.55114406779661,-0.55114406779661
2026-06-17,"FanDuel","LVA @ PHX","1022600111","First Basket","First Points","Player","Game","Home/Away","Favorite/Underdog",0.0869,1051,0.0588,1600,0.0281,0.0149,1.491,1.2635593220339,2026-06-17 12:51:38.973274,2,"Monique Akoa Makani","Loss",0.1903,-0.1903,0.16127118644068,-0.16127118644068
2026-06-17,"FanDuel","LVA @ PHX","1022600111","First Basket","First Points","Player","Game","Home/Away","Favorite/Underdog",0.0889,1025,0.0588,1600,0.03,0.016,1.5963,1.35279661016949,2026-06-17 14:52:23.292532,6,"Monique Akoa Makani","Loss",0.1053,-0.1053,0.0892372881355898,-0.0892372881355898
2026-06-17,"FanDuel","LVA @ PHX","1022600111","First Basket","First Points","Player","Game","Home/Away","Favorite/Underdog",0.089,1024,0.0588,1600,0.0301,0.016,1.6005,1.35635593220339,2026-06-17 16:51:35.26539,10,"Monique Akoa Makani","Loss",0.00419999999999998,-0.00419999999999998,0.00355932203390008,-0.00355932203390008
2026-06-17,"FanDuel","LVA @ PHX","1022600111","First Basket","First Points","Player","Game","Home/Away","Favorite/Underdog",0.0789,1167,0.0588,1600,0.0201,0.0107,1.0681,0.905169491525424,2026-06-17 12:21:36.617918,1,"Noemie Brochant","Loss",0.53405,-0.53405,0.452584745762712,-0.452584745762712
2026-06-17,"theScore","LVA @ PHX","1022600111","First Basket","First Points","Player","Game","Home/Away","Favorite/Underdog",0.0789,1167,0.0588,1600,0.0201,0.0107,1.0681,0.905169491525424,2026-06-17 12:21:36.617918,1,"Noemie Brochant","Loss",0.53405,-0.53405,0.452584745762712,-0.452584745762712
2026-06-17,"FanDuel","LVA @ PHX","1022600111","First Basket","First Points","Player","Game","Home/Away","Favorite/Underdog",0.0789,1167,0.0556,1700,0.0234,0.0124,1.2374,1.04864406779661,2026-06-17 12:51:38.973274,2,"Noemie Brochant","Loss",0.1693,-0.1693,0.143474576271186,-0.143474576271186
2026-06-17,"FanDuel","LVA @ PHX","1022600111","First Basket","First Points","Player","Game","Home/Away","Favorite/Underdog",0.0817,1124,0.0556,1700,0.0261,0.0138,1.3827,1.17177966101695,2026-06-17 14:52:23.292532,6,"Noemie Brochant","Loss",0.1453,-0.1453,0.12313559322034,-0.12313559322034
2026-06-17,"FanDuel","LVA @ PHX","1022600111","First Basket","First Points","Player","Game","Home/Away","Favorite/Underdog",0.0817,1123,0.0526,1800,0.0291,0.0154,1.5366,1.30220338983051,2026-06-17 16:51:35.26539,10,"Noemie Brochant","Loss",0.1539,-0.1539,0.13042372881356,-0.13042372881356
2026-06-17,"Draft Kings","LVA @ PHX","1022600111","First Basket","First Points","Player","Game","Home/Away","Favorite/Underdog",0.0615,1525,0.05,1900,0.0115,0.0061,0.6075,0.514830508474576,2026-06-17 12:21:36.617918,1,"Stephanie Talbot","Loss",0.6075,-0.6075,0.514830508474576,-0.514830508474576
2026-06-17,"Draft Kings","LVA @ PHX","1022600111","First Basket","First Points","Player","Game","Home/Away","Favorite/Underdog",0.0645,1449,0.05,1900,0.0145,0.0077,0.7654,0.64864406779661,2026-06-17 14:52:23.292532,6,"Stephanie Talbot","Loss",0.1579,-0.1579,0.133813559322034,-0.133813559322034
2026-06-17,"FanDuel","LVA @ PHX","1022600111","First Basket by Team","First Points","Player","Team","Home/Away","Favorite/Underdog",0.1447,591,0.1111,800,0.0335,0.0189,1.8868,0.881682242990654,2026-06-17 12:21:36.783426,1,"Chelsea Gray","Loss",1.8868,-1.8868,0.881682242990654,-0.881682242990654
2026-06-17,"Fanatics","LVA @ PHX","1022600111","First Basket by Team","First FGM","Player","Team","Home/Away","Favorite/Underdog",0.1579,533,0.1176,750,0.0402,0.0228,2.2803,1.06556074766355,2026-06-17 16:51:35.427812,10,"Chelsea Gray","Loss",0.3935,-0.3935,0.183878504672896,-0.183878504672896
2026-06-17,"FanDuel","LVA @ PHX","1022600111","First Basket by Team","First Points","Player","Team","Home/Away","Favorite/Underdog",0.1667,500,0.1176,750,0.049,0.0278,2.7788,1.2985046728972,2026-06-17 12:21:36.783426,1,"Monique Akoa Makani","Loss",2.7788,-2.7788,1.2985046728972,-1.2985046728972
2026-06-17,"FanDuel","LVA @ PHX","1022600111","First Basket by Team","First Points","Player","Team","Home/Away","Favorite/Underdog",0.1667,500,0.1111,800,0.0556,0.0313,3.126,1.4607476635514,2026-06-17 13:21:37.661242,3,"Monique Akoa Makani","Loss",0.3472,-0.3472,0.1622429906542,-0.1622429906542
2026-06-17,"Fanatics","LVA @ PHX","1022600111","First Basket by Team","First FGM","Player","Team","Home/Away","Favorite/Underdog",0.1758,469,0.1176,750,0.0581,0.0329,3.2945,1.53948598130841,2026-06-17 22:51:35.749981,22,"Monique Akoa Makani","Loss",0.1685,-0.1685,0.07873831775701,-0.07873831775701
2026-06-17,"FanDuel","LVA @ PHX","1022600111","First Basket by Team","First Points","Player","Team","Home/Away","Favorite/Underdog",0.1514,560,0.1111,800,0.0403,0.0227,2.267,1.05934579439252,2026-06-17 12:21:36.783426,1,"Noemie Brochant","Loss",2.267,-2.267,1.05934579439252,-1.05934579439252
2026-06-17,"FanDuel","LVA @ PHX","1022600111","First Basket by Team","First Points","Player","Team","Home/Away","Favorite/Underdog",0.1514,560,0.1053,850,0.0462,0.0258,2.579,1.20514018691589,2026-06-17 12:51:39.138974,2,"Noemie Brochant","Loss",0.312,-0.312,0.14579439252337,-0.14579439252337
2026-06-17,"FanDuel","LVA @ PHX","1022600111","First Basket by Team","First Points","Player","Team","Home/Away","Favorite/Underdog",0.1574,535,0.1111,800,0.0463,0.0261,2.6052,1.21738317757009,2026-06-17 14:52:23.6226,6,"Noemie Brochant","Loss",0.0261999999999998,-0.0261999999999998,0.0122429906542001,-0.0122429906542001
2026-06-17,"FanDuel","LVA @ PHX","1022600111","First Basket by Team","First Points","Player","Team","Home/Away","Favorite/Underdog",0.1574,535,0.1053,850,0.0522,0.0292,2.915,1.36214953271028,2026-06-17 15:51:36.024328,8,"Noemie Brochant","Loss",0.3098,-0.3098,0.14476635514019,-0.14476635514019
2026-06-17,"FanDuel","LVA @ PHX","1022600111","First Basket by Team","First Points","Player","Team","Home/Away","Favorite/Underdog",0.1574,535,0.1,900,0.0574,0.0319,3.1904,1.49084112149533,2026-06-17 20:21:36.141768,17,"Noemie Brochant","Loss",0.2754,-0.2754,0.12869158878505,-0.12869158878505
2026-06-17,"FanDuel","LVA @ PHX","1022600111","First Basket by Team","First Points","Player","Team","Home/Away","Favorite/Underdog",0.1286,678,0.1111,800,0.0174,0.0098,0.9812,0.458504672897196,2026-06-17 12:21:36.783426,1,"Stephanie Talbot","Loss",0.9812,-0.9812,0.458504672897196,-0.458504672897196
2026-06-17,"FanDuel","LVA @ PHX","1022600111","First Basket by Team","First Points","Player","Team","Home/Away","Favorite/Underdog",0.1286,678,0.1053,850,0.0233,0.013,1.3016,0.608224299065421,2026-06-17 12:51:39.138974,2,"Stephanie Talbot","Loss",0.3204,-0.3204,0.149719626168225,-0.149719626168225
2026-06-17,"Fanatics","LVA @ PHX","1022600111","First Basket by Team","First FGM","Player","Team","Home/Away","Favorite/Underdog",0.1374,628,0.1053,850,0.0321,0.0179,1.7938,0.838224299065421,2026-06-17 14:52:23.6226,6,"Stephanie Talbot","Loss",0.4922,-0.4922,0.23,-0.23
2026-06-17,"FanDuel","LVA @ PHX","1022600111","First Basket by Team","First Points","Player","Team","Home/Away","Favorite/Underdog",0.1341,646,0.1,900,0.0341,0.019,1.8962,0.88607476635514,2026-06-17 15:51:36.024328,8,"Stephanie Talbot","Loss",0.1024,-0.1024,0.0478504672897191,-0.0478504672897191
2026-06-17,"Draft Kings","LVA @ PHX","1022600111","First Basket by Team Exact","First FGM","Player","Team Exact","Home/Away","Favorite/Underdog",0.1022,878,0.0714,1300,0.0308,0.0166,1.6582,1.20159420289855,2026-06-17 14:52:23.861966,1,"Chelsea Gray two point field goal","Loss",1.6582,-1.6582,1.20159420289855,-1.20159420289855
2026-06-17,"Draft Kings","LVA @ PHX","1022600111","First Basket by Team Exact","First FGM","Player","Team Exact","Home/Away","Favorite/Underdog",0.1222,718,0.0833,1100,0.0389,0.0212,2.1193,1.53572463768116,2026-06-17 14:52:23.861966,1,"Monique Akoa Makani two point field goal","Loss",2.1193,-2.1193,1.53572463768116,-1.53572463768116
2026-06-17,"Draft Kings","LVA @ PHX","1022600111","First Basket by Team Exact","First FGM","Player","Team Exact","Home/Away","Favorite/Underdog",0.0324,2991,0.011,9000,0.0214,0.0108,1.0801,0.78268115942029,2026-06-17 14:52:23.861966,1,"NaLyssa Smith three point field goal","Loss",1.0801,-1.0801,0.78268115942029,-0.78268115942029
2026-06-17,"Draft Kings","LVA @ PHX","1022600111","First Basket by Team Exact","First FGM","Player","Team Exact","Home/Away","Favorite/Underdog",0.0302,3210,0.0123,8000,0.0179,0.009,0.9042,0.655217391304348,2026-06-17 14:52:23.861966,1,"Natasha Mack three point field goal","Loss",0.9042,-0.9042,0.655217391304348,-0.655217391304348
2026-06-17,"Draft Kings","LVA @ PHX","1022600111","First Basket by Team Exact","First FGM","Player","Team Exact","Home/Away","Favorite/Underdog",0.0848,1079,0.0714,1300,0.0134,0.0072,0.7197,0.521521739130435,2026-06-17 14:52:23.861966,1,"Stephanie Talbot two point field goal","Loss",0.7197,-0.7197,0.521521739130435,-0.521521739130435
2026-06-17,"Draft Kings","LVA @ PHX","1022600111","First Three by Team","First Three","Player","Team","Home/Away","Favorite/Underdog",0.0914,994,0.0714,1300,0.02,0.0108,1.0753,0.543080808080808,2026-06-17 14:52:24.138207,1,"A'ja Wilson","Loss",1.0753,-1.0753,0.543080808080808,-0.543080808080808
2026-06-17,"Draft Kings","LVA @ PHX","1022600111","First Three by Team","First Three","Player","Team","Home/Away","Favorite/Underdog",0.0678,1376,0.0435,2200,0.0243,0.0127,1.2692,0.641010101010101,2026-06-17 14:52:24.138207,1,"NaLyssa Smith","Loss",1.2692,-1.2692,0.641010101010101,-0.641010101010101
2026-06-17,"Draft Kings","LVA @ PHX","1022600111","First Three by Team","First Three","Player","Team","Home/Away","Favorite/Underdog",0.0626,1497,0.05,1900,0.0126,0.0066,0.6644,0.335555555555556,2026-06-17 14:52:24.138207,1,"Natasha Mack","Loss",0.6644,-0.6644,0.335555555555556,-0.335555555555556
2026-06-17,"BetRivers","MIN @ LAS","1022600110","First Basket","First FGM","Player","Game","Home/Away","Favorite/Underdog",0.0933,972,0.0769,1200,0.0163,0.0088,0.8849,0.749915254237288,2026-06-17 12:21:36.617918,1,"Ariel Atkins","Loss",0.8849,-0.8849,0.749915254237288,-0.749915254237288
2026-06-17,"FanDuel","MIN @ LAS","1022600110","First Basket","First Points","Player","Game","Home/Away","Favorite/Underdog",0.0929,976,0.0714,1300,0.0215,0.0116,1.1573,0.980762711864407,2026-06-17 13:51:36.679224,4,"Ariel Atkins","Loss",0.2724,-0.2724,0.230847457627119,-0.230847457627119
2026-06-17,"FanDuel","MIN @ LAS","1022600110","First Basket","First Points","Player","Game","Home/Away","Favorite/Underdog",0.0941,962,0.0714,1300,0.0227,0.0122,1.222,1.03559322033898,2026-06-17 21:21:34.613011,19,"Ariel Atkins","Loss",0.0647,-0.0647,0.0548305084745729,-0.0548305084745729
2026-06-17,"FanDuel","MIN @ LAS","1022600110","First Basket","First Points","Player","Game","Home/Away","Favorite/Underdog",0.1013,887,0.0909,1000,0.0104,0.0057,0.5726,0.485254237288136,2026-06-17 12:51:38.973274,1,"Courtney Williams","Loss",0.5726,-0.5726,0.485254237288136,-0.485254237288136
2026-06-17,"FanDuel","MIN @ LAS","1022600110","First Basket","First Points","Player","Game","Home/Away","Favorite/Underdog",0.1014,886,0.0909,1000,0.0105,0.0058,0.5763,0.488389830508475,2026-06-17 13:51:36.679224,2,"Courtney Williams","Loss",0.00370000000000004,-0.00370000000000004,0.00313559322033902,-0.00313559322033902
2026-06-17,"FanDuel","MIN @ LAS","1022600110","First Basket","First Points","Player","Game","Home/Away","Favorite/Underdog",0.1024,876,0.0909,1000,0.0115,0.0063,0.6331,0.536525423728814,2026-06-18 00:51:34.981838,10,"Courtney Williams","Loss",0.0568,-0.0568,0.0481355932203389,-0.0481355932203389
2026-06-17,"FanDuel","MIN @ LAS","1022600110","First Basket","First Points","Player","Game","Home/Away","Favorite/Underdog",0.1105,805,0.1,900,0.0105,0.0058,0.5837,0.494661016949153,2026-06-17 12:21:36.617918,1,"Dearica Hamby","Loss",0.29185,-0.29185,0.247330508474576,-0.247330508474576
2026-06-17,"theScore","MIN @ LAS","1022600110","First Basket","First Points","Player","Game","Home/Away","Favorite/Underdog",0.1105,805,0.1,900,0.0105,0.0058,0.5837,0.494661016949153,2026-06-17 12:21:36.617918,1,"Dearica Hamby","Loss",0.29185,-0.29185,0.247330508474576,-0.247330508474576
2026-06-17,"FanDuel","MIN @ LAS","1022600110","First Basket Exact","First Points","Player","Exact","Home/Away","Favorite/Underdog",0.03,3237,0.0196,5000,0.0104,0.0053,0.5284,0.78865671641791,2026-06-17 14:52:23.743308,1,"Ariel Atkins layup","Loss",0.5284,-0.5284,0.78865671641791,-0.78865671641791
2026-06-17,"FanDuel","MIN @ LAS","1022600110","First Basket Exact","First Points","Player","Exact","Home/Away","Favorite/Underdog",0.0302,3207,0.0196,5000,0.0106,0.0054,0.5423,0.809402985074627,2026-06-17 14:52:23.743308,1,"Courtney Williams layup","Loss",0.5423,-0.5423,0.809402985074627,-0.809402985074627
2026-06-17,"FanDuel","MIN @ LAS","1022600110","First Basket Exact","First Points","Player","Exact","Home/Away","Favorite/Underdog",0.0303,3204,0.0196,5000,0.0107,0.0054,0.5438,0.811641791044776,2026-06-18 00:21:35.081603,20,"Courtney Williams layup","Loss",0.00149999999999995,-0.00149999999999995,0.00223880597014892,-0.00223880597014892
2026-06-17,"FanDuel","MIN @ LAS","1022600110","First Basket Exact","First Points","Player","Exact","Home/Away","Favorite/Underdog",0.0306,3167,0.0196,5000,0.011,0.0056,0.5612,0.837611940298507,2026-06-18 00:51:35.257351,21,"Courtney Williams layup","Loss",0.0174000000000001,-0.0174000000000001,0.0259701492537311,-0.0259701492537311
2026-06-17,"FanDuel","MIN @ LAS","1022600110","First Basket by Team","First Points","Player","Team","Home/Away","Favorite/Underdog",0.1808,453,0.1538,550,0.027,0.0159,1.5943,0.745,2026-06-17 12:21:36.783426,1,"Ariel Atkins","Loss",1.5943,-1.5943,0.745,-0.745
2026-06-17,"Fanatics","MIN @ LAS","1022600110","First Basket by Team","First FGM","Player","Team","Home/Away","Favorite/Underdog",0.1826,447,0.1538,550,0.0288,0.017,1.702,0.795327102803738,2026-06-17 12:51:39.138974,2,"Ariel Atkins","Loss",0.1077,-0.1077,0.050327102803738,-0.050327102803738
2026-06-17,"FanDuel","MIN @ LAS","1022600110","First Basket by Team","First Points","Player","Team","Home/Away","Favorite/Underdog",0.1808,453,0.1429,600,0.038,0.0221,2.2149,1.035,2026-06-17 13:51:36.845064,4,"Ariel Atkins","Loss",0.5129,-0.5129,0.239672897196262,-0.239672897196262
2026-06-17,"Draft Kings","MIN @ LAS","1022600110","First Basket by Team","First FGM","Player","Team","Home/Away","Favorite/Underdog",0.1857,438,0.1429,600,0.0429,0.025,2.5021,1.16920560747664,2026-06-17 14:52:23.6226,6,"Ariel Atkins","Loss",0.2872,-0.2872,0.13420560747664,-0.13420560747664
2026-06-17,"FanDuel","MIN @ LAS","1022600110","First Basket by Team","First Points","Player","Team","Home/Away","Favorite/Underdog",0.2086,379,0.1818,450,0.0267,0.0163,1.6342,0.763644859813084,2026-06-17 12:21:36.783426,1,"Courtney Williams","Loss",1.6342,-1.6342,0.763644859813084,-0.763644859813084
2026-06-17,"FanDuel","MIN @ LAS","1022600110","First Basket by Team","First Points","Player","Team","Home/Away","Favorite/Underdog",0.2086,379,0.1724,480,0.0361,0.0218,2.1838,1.02046728971963,2026-06-17 12:51:39.138974,2,"Courtney Williams","Loss",0.5496,-0.5496,0.256822429906546,-0.256822429906546
2026-06-17,"FanDuel","MIN @ LAS","1022600110","First Basket by Team","First Points","Player","Team","Home/Away","Favorite/Underdog",0.2149,365,0.1923,420,0.0226,0.014,1.3994,0.65392523364486,2026-06-17 12:21:36.783426,1,"Dearica Hamby","Loss",1.3994,-1.3994,0.65392523364486,-0.65392523364486
2026-06-17,"Draft Kings","MIN @ LAS","1022600110","First Basket by Team Exact","First FGM","Player","Team Exact","Home/Away","Favorite/Underdog",0.1276,684,0.0952,950,0.0323,0.0179,1.7863,1.29442028985507,2026-06-17 14:52:23.861966,1,"Ariel Atkins two point field goal","Loss",1.7863,-1.7863,1.29442028985507,-1.29442028985507
2026-06-17,"Draft Kings","MIN @ LAS","1022600110","First Basket by Team Exact","First FGM","Player","Team Exact","Home/Away","Favorite/Underdog",0.1529,554,0.1333,650,0.0196,0.0113,1.1317,0.820072463768116,2026-06-17 14:52:23.861966,1,"Courtney Williams two point field goal","Loss",1.1317,-1.1317,0.820072463768116,-0.820072463768116
2026-06-17,"Draft Kings","MIN @ LAS","1022600110","First Basket by Team Exact","First FGM","Player","Team Exact","Home/Away","Favorite/Underdog",0.0339,2848,0.0132,7500,0.0208,0.0105,1.0517,0.762101449275362,2026-06-17 14:52:23.861966,1,"Dearica Hamby three point field goal","Loss",1.0517,-1.0517,0.762101449275362,-0.762101449275362
2026-06-17,"Draft Kings","MIN @ LAS","1022600110","First Basket by Team Exact","First FGM","Player","Team Exact","Home/Away","Favorite/Underdog",0.0396,2425,0.0179,5500,0.0217,0.0111,1.1069,0.802101449275362,2026-06-17 14:52:23.861966,1,"Natasha Howard three point field goal","Loss",1.1069,-1.1069,0.802101449275362,-0.802101449275362
2026-06-17,"Draft Kings","MIN @ LAS","1022600110","First Basket by Team Exact","First FGM","Player","Team Exact","Home/Away","Favorite/Underdog",0.1034,867,0.0909,1000,0.0125,0.0068,0.6848,0.496231884057971,2026-06-17 14:52:23.861966,1,"Nia Coffey two point field goal","Loss",0.6848,-0.6848,0.496231884057971,-0.496231884057971
2026-06-17,"Draft Kings","MIN @ LAS","1022600110","First Basket by Team Exact","First FGM","Player","Team Exact","Home/Away","Favorite/Underdog",0.1587,530,0.1429,600,0.0159,0.0093,0.9251,0.67036231884058,2026-06-18 01:21:35.690053,1,"Rae Burrell two point field goal","Win",0.9251,5.5506,0.67036231884058,4.02217391304348
2026-06-17,"Draft Kings","MIN @ LAS","1022600110","First Team","First FGM","Team","Quarter","Home/Away","Favorite/Underdog",0.5106,-104,0.4878,105,0.0228,0.0222,1.1124,0.722337662337662,2026-06-17 14:21:38.731025,1,"1Q LAS","Win",1.1124,1.16802,0.722337662337662,0.758454545454545
2026-06-17,"Draft Kings","MIN @ LAS","1022600110","First Team","First FGM","Team","Quarter","Home/Away","Favorite/Underdog",0.5107,-104,0.4878,105,0.0229,0.0223,1.117,0.725324675324675,2026-06-17 14:52:23.92222,2,"1Q LAS","Win",0.00459999999999994,0.00482999999999993,0.00298701298701309,0.00313636363636375
2026-06-17,"Draft Kings","MIN @ LAS","1022600110","First Three by Team","First Three","Player","Team","Home/Away","Favorite/Underdog",0.063,1486,0.0385,2500,0.0246,0.0128,1.2781,0.64550505050505,2026-06-17 14:52:24.138207,1,"Natasha Howard","Loss",1.2781,-1.2781,0.64550505050505,-0.64550505050505
2026-06-17,"Draft Kings","NYL @ CHI","1022600108","First Basket","First Points","Player","Game","Home/Away","Favorite/Underdog",0.0991,909,0.0877,1040,0.0114,0.0063,0.6252,0.529830508474576,2026-06-17 12:21:36.617918,1,"Skylar Diggins","Loss",0.6252,-0.6252,0.529830508474576,-0.529830508474576
2026-06-17,"Draft Kings","NYL @ CHI","1022600108","First Basket","First Points","Player","Game","Home/Away","Favorite/Underdog",0.0991,909,0.0847,1080,0.0143,0.0078,0.782,0.66271186440678,2026-06-17 14:21:38.269685,5,"Skylar Diggins","Loss",0.1568,-0.1568,0.132881355932204,-0.132881355932204
2026-06-17,"FanDuel","NYL @ CHI","1022600108","First Basket","First Points","Player","Game","Home/Away","Favorite/Underdog",0.099,911,0.0833,1100,0.0156,0.0085,0.8521,0.722118644067797,2026-06-17 14:52:23.292532,6,"Skylar Diggins","Loss",0.0700999999999999,-0.0700999999999999,0.059406779661017,-0.059406779661017
2026-06-17,"FanDuel","NYL @ CHI","1022600108","First Basket","First Points","Player","Game","Home/Away","Favorite/Underdog",0.0991,910,0.0833,1100,0.0157,0.0086,0.8573,0.726525423728814,2026-06-17 19:21:34.906501,15,"Skylar Diggins","Loss",0.00519999999999998,-0.00519999999999998,0.00440677966101699,-0.00440677966101699
2026-06-17,"FanDuel","NYL @ CHI","1022600108","First Basket","First Points","Player","Game","Home/Away","Favorite/Underdog",0.0909,1000,0.0667,1400,0.0242,0.013,1.2986,1.10050847457627,2026-06-17 23:21:36.532277,1,"Sydney Taylor","Loss",1.2986,-1.2986,1.10050847457627,-1.10050847457627
2026-06-17,"Fanatics","NYL @ CHI","1022600108","First Basket","First FGM","Player","Game","Home/Away","Favorite/Underdog",0.1005,895,0.0714,1300,0.0291,0.0157,1.5676,1.32847457627119,2026-06-17 23:51:34.60548,2,"Sydney Taylor","Loss",0.269,-0.269,0.22796610169492,-0.22796610169492
2026-06-17,"FanDuel","NYL @ CHI","1022600108","First Basket by Team","First Points","Player","Team","Home/Away","Favorite/Underdog",0.1695,490,0.1538,550,0.0157,0.0093,0.926,0.432710280373832,2026-06-17 14:21:38.437368,1,"Gabriela Jaquez","Loss",0.926,-0.926,0.432710280373832,-0.432710280373832
2026-06-17,"FanDuel","NYL @ CHI","1022600108","First Basket by Team","First Points","Player","Team","Home/Away","Favorite/Underdog",0.1718,482,0.1538,550,0.0179,0.0106,1.059,0.494859813084112,2026-06-17 14:52:23.6226,2,"Gabriela Jaquez","Loss",0.133,-0.133,0.06214953271028,-0.06214953271028
2026-06-17,"FanDuel","NYL @ CHI","1022600108","First Basket by Team","First Points","Player","Team","Home/Away","Favorite/Underdog",0.1534,552,0.1429,600,0.0105,0.0061,0.6139,0.286869158878505,2026-06-17 12:21:36.783426,1,"Leonie Fiebich","Win",0.6139,3.6834,0.286869158878505,1.72121495327103
2026-06-17,"FanDuel","NYL @ CHI","1022600108","First Basket by Team","First Points","Player","Team","Home/Away","Favorite/Underdog",0.1534,552,0.1333,650,0.02,0.0116,1.1566,0.540467289719626,2026-06-17 13:51:36.845064,4,"Leonie Fiebich","Win",0.5427,3.52755,0.253598130841121,1.64838785046729
2026-06-17,"FanDuel","NYL @ CHI","1022600108","First Basket by Team","First Points","Player","Team","Home/Away","Favorite/Underdog",0.1585,531,0.1333,650,0.0251,0.0145,1.451,0.67803738317757,2026-06-17 15:51:36.024328,8,"Leonie Fiebich","Win",0.2944,1.9136,0.137570093457944,0.894205607476636
2026-06-17,"FanDuel","NYL @ CHI","1022600108","First Basket by Team","First Points","Player","Team","Home/Away","Favorite/Underdog",0.2063,385,0.1754,470,0.0309,0.0187,1.8719,0.874719626168224,2026-06-17 12:21:36.783426,1,"Skylar Diggins","Loss",1.8719,-1.8719,0.874719626168224,-0.874719626168224
2026-06-17,"FanDuel","NYL @ CHI","1022600108","First Basket by Team","First Points","Player","Team","Home/Away","Favorite/Underdog",0.2071,383,0.1754,470,0.0316,0.0192,1.9179,0.896214953271028,2026-06-17 15:21:35.68145,7,"Skylar Diggins","Loss",0.046,-0.046,0.021495327102804,-0.021495327102804
2026-06-17,"FanDuel","NYL @ CHI","1022600108","First Basket by Team","First Points","Player","Team","Home/Away","Favorite/Underdog",0.2071,383,0.1724,480,0.0347,0.0209,2.0936,0.978317757009346,2026-06-17 22:51:35.749981,22,"Skylar Diggins","Loss",0.1757,-0.1757,0.082102803738318,-0.082102803738318
2026-06-17,"FanDuel","NYL @ CHI","1022600108","First Basket by Team","First Points","Player","Team","Home/Away","Favorite/Underdog",0.1895,428,0.1429,600,0.0467,0.0272,2.7218,1.2718691588785,2026-06-17 23:21:36.69375,1,"Sydney Taylor","Loss",2.7218,-2.7218,1.2718691588785,-1.2718691588785
2026-06-17,"Fanatics","NYL @ CHI","1022600108","First Basket by Team","First FGM","Player","Team","Home/Away","Favorite/Underdog",0.206,386,0.1429,600,0.0631,0.0368,3.6817,1.72042056074766,2026-06-17 23:51:34.768461,2,"Sydney Taylor","Loss",0.9599,-0.9599,0.44855140186916,-0.44855140186916
2026-06-17,"Draft Kings","NYL @ CHI","1022600108","First Basket by Team Exact","First FGM","Player","Team Exact","Home/Away","Favorite/Underdog",0.1079,827,0.0769,1200,0.031,0.0168,1.6794,1.21695652173913,2026-06-17 14:52:23.861966,1,"Leonie Fiebich two point field goal","Win",1.6794,20.1528,1.21695652173913,14.6034782608696
2026-06-17,"Draft Kings","NYL @ CHI","1022600108","First Basket by Team Exact","First FGM","Player","Team Exact","Home/Away","Favorite/Underdog",0.0952,950,0.0667,1400,0.0286,0.0153,1.5311,1.10949275362319,2026-06-17 14:52:23.861966,1,"Marine Johannes two point field goal","Loss",1.5311,-1.5311,1.10949275362319,-1.10949275362319
2026-06-17,"Draft Kings","NYL @ CHI","1022600108","First Basket by Team Exact","First FGM","Player","Team Exact","Home/Away","Favorite/Underdog",0.1458,586,0.125,700,0.0208,0.0119,1.1866,0.859855072463768,2026-06-17 14:21:38.665945,1,"Skylar Diggins two point field goal","Loss",1.1866,-1.1866,0.859855072463768,-0.859855072463768
2026-06-17,"Draft Kings","NYL @ CHI","1022600108","First Basket by Team Exact","First FGM","Player","Team Exact","Home/Away","Favorite/Underdog",0.1462,584,0.125,700,0.0212,0.0121,1.2131,0.879057971014493,2026-06-17 14:52:23.861966,2,"Skylar Diggins two point field goal","Loss",0.0265,-0.0265,0.019202898550725,-0.019202898550725
2026-06-17,"Draft Kings","NYL @ CHI","1022600108","First Basket by Team Exact","First FGM","Player","Team Exact","Home/Away","Favorite/Underdog",0.143,599,0.1,900,0.043,0.0239,2.3872,1.72985507246377,2026-06-17 23:51:34.999017,1,"Sydney Taylor two point field goal","Loss",2.3872,-2.3872,1.72985507246377,-1.72985507246377
2026-06-17,"FanDuel","SEA @ PDX","1022600112","First Basket","First Points","Player","Game","Home/Away","Favorite/Underdog",0.1002,898,0.0667,1400,0.0335,0.0179,1.794,1.52033898305085,2026-06-17 12:21:36.617918,1,"Jade Melbourne","Loss",0.897,-0.897,0.760169491525425,-0.760169491525425
2026-06-17,"theScore","SEA @ PDX","1022600112","First Basket","First Points","Player","Game","Home/Away","Favorite/Underdog",0.1002,898,0.0667,1400,0.0335,0.0179,1.794,1.52033898305085,2026-06-17 12:21:36.617918,1,"Jade Melbourne","Loss",0.897,-0.897,0.760169491525425,-0.760169491525425
2026-06-17,"FanDuel","SEA @ PDX","1022600112","First Basket","First Points","Player","Game","Home/Away","Favorite/Underdog",0.1027,874,0.0667,1400,0.036,0.0193,1.9285,1.63432203389831,2026-06-17 14:52:23.292532,6,"Jade Melbourne","Loss",0.06725,-0.06725,0.05699152542373,-0.05699152542373
2026-06-17,"theScore","SEA @ PDX","1022600112","First Basket","First Points","Player","Game","Home/Away","Favorite/Underdog",0.1027,874,0.0667,1400,0.036,0.0193,1.9285,1.63432203389831,2026-06-17 14:52:23.292532,6,"Jade Melbourne","Loss",0.06725,-0.06725,0.05699152542373,-0.05699152542373
2026-06-17,"FanDuel","SEA @ PDX","1022600112","First Basket","First Points","Player","Game","Home/Away","Favorite/Underdog",0.0882,1033,0.0714,1300,0.0168,0.0091,0.9051,0.767033898305085,2026-06-17 12:21:36.617918,1,"Megan Gustafson","Loss",0.45255,-0.45255,0.383516949152542,-0.383516949152542
2026-06-17,"theScore","SEA @ PDX","1022600112","First Basket","First Points","Player","Game","Home/Away","Favorite/Underdog",0.0882,1033,0.0714,1300,0.0168,0.0091,0.9051,0.767033898305085,2026-06-17 12:21:36.617918,1,"Megan Gustafson","Loss",0.45255,-0.45255,0.383516949152542,-0.383516949152542
2026-06-17,"FanDuel","SEA @ PDX","1022600112","First Basket","First Points","Player","Game","Home/Away","Favorite/Underdog",0.0882,1033,0.0714,1300,0.0168,0.0091,0.9056,0.767457627118644,2026-06-17 14:52:23.292532,6,"Megan Gustafson","Loss",0.000249999999999972,-0.000249999999999972,0.000211864406779505,-0.000211864406779505
2026-06-17,"theScore","SEA @ PDX","1022600112","First Basket","First Points","Player","Game","Home/Away","Favorite/Underdog",0.0882,1033,0.0714,1300,0.0168,0.0091,0.9056,0.767457627118644,2026-06-17 14:52:23.292532,6,"Megan Gustafson","Loss",0.000249999999999972,-0.000249999999999972,0.000211864406779505,-0.000211864406779505
2026-06-17,"FanDuel","SEA @ PDX","1022600112","First Basket","First Points","Player","Game","Home/Away","Favorite/Underdog",0.0882,1033,0.0667,1400,0.0216,0.0116,1.1561,0.979745762711864,2026-06-17 22:51:35.585263,22,"Megan Gustafson","Loss",0.2505,-0.2505,0.21228813559322,-0.21228813559322
2026-06-17,"BetRivers","SEA @ PDX","1022600112","First Basket","First FGM","Player","Game","Home/Away","Favorite/Underdog",0.0875,1043,0.0769,1200,0.0106,0.0057,0.5734,0.485932203389831,2026-06-17 14:52:23.292532,1,"Sarah Ashlee Barker","Loss",0.5734,-0.5734,0.485932203389831,-0.485932203389831
2026-06-17,"FanDuel","SEA @ PDX","1022600112","First Basket by Team","First Points","Player","Team","Home/Away","Favorite/Underdog",0.1952,412,0.125,700,0.0702,0.0401,4.0106,1.87411214953271,2026-06-17 12:21:36.783426,1,"Jade Melbourne","Loss",4.0106,-4.0106,1.87411214953271,-1.87411214953271
2026-06-17,"FanDuel","SEA @ PDX","1022600112","First Basket by Team","First Points","Player","Team","Home/Away","Favorite/Underdog",0.1995,401,0.125,700,0.0745,0.0426,4.2577,1.98957943925234,2026-06-17 14:52:23.6226,6,"Jade Melbourne","Loss",0.2471,-0.2471,0.11546728971963,-0.11546728971963
2026-06-17,"FanDuel","SEA @ PDX","1022600112","First Basket by Team","First Points","Player","Team","Home/Away","Favorite/Underdog",0.1812,452,0.1429,600,0.0384,0.0224,2.2384,1.04598130841121,2026-06-17 12:21:36.783426,1,"Megan Gustafson","Loss",2.2384,-2.2384,1.04598130841121,-1.04598130841121
2026-06-17,"FanDuel","SEA @ PDX","1022600112","First Basket by Team","First Points","Player","Team","Home/Away","Favorite/Underdog",0.1818,450,0.1429,600,0.0389,0.0227,2.2715,1.06144859813084,2026-06-17 16:21:36.903544,9,"Megan Gustafson","Loss",0.0331000000000001,-0.0331000000000001,0.01546728971963,-0.01546728971963
2026-06-17,"Draft Kings","SEA @ PDX","1022600112","First Basket by Team","First FGM","Player","Team","Home/Away","Favorite/Underdog",0.1839,444,0.1739,475,0.01,0.0061,0.6058,0.283084112149533,2026-06-17 14:52:23.6226,1,"Natisha Hiedeman","Loss",0.3029,-0.3029,0.141542056074766,-0.141542056074766
2026-06-17,"Fanatics","SEA @ PDX","1022600112","First Basket by Team","First FGM","Player","Team","Home/Away","Favorite/Underdog",0.1839,444,0.1739,475,0.01,0.0061,0.6058,0.283084112149533,2026-06-17 14:52:23.6226,1,"Natisha Hiedeman","Loss",0.3029,-0.3029,0.141542056074766,-0.141542056074766
2026-06-17,"FanDuel","SEA @ PDX","1022600112","First Basket by Team","First Points","Player","Team","Home/Away","Favorite/Underdog",0.1758,469,0.1538,550,0.022,0.013,1.2999,0.607429906542056,2026-06-17 15:21:35.68145,2,"Natisha Hiedeman","Loss",0.6941,-0.6941,0.324345794392523,-0.324345794392523
2026-06-17,"Draft Kings","SEA @ PDX","1022600112","First Basket by Team Exact","First FGM","Player","Team Exact","Home/Away","Favorite/Underdog",0.0666,1402,0.0556,1700,0.011,0.0058,0.5838,0.42304347826087,2026-06-17 14:21:38.665945,1,"Carla Leite three point field goal","Loss",0.5838,-0.5838,0.42304347826087,-0.42304347826087
2026-06-17,"Draft Kings","SEA @ PDX","1022600112","First Basket by Team Exact","First FGM","Player","Team Exact","Home/Away","Favorite/Underdog",0.0511,1858,0.0278,3500,0.0233,0.012,1.1983,0.868333333333333,2026-06-17 14:21:38.665945,1,"Dominique Malonga three point field goal","Loss",1.1983,-1.1983,0.868333333333333,-0.868333333333333
2026-06-17,"Draft Kings","SEA @ PDX","1022600112","First Basket by Team Exact","First FGM","Player","Team Exact","Home/Away","Favorite/Underdog",0.0514,1845,0.0278,3500,0.0236,0.0122,1.215,0.880434782608696,2026-06-17 14:52:23.861966,2,"Dominique Malonga three point field goal","Loss",0.0167000000000002,-0.0167000000000002,0.0121014492753631,-0.0121014492753631
2026-06-17,"Draft Kings","SEA @ PDX","1022600112","First Basket by Team Exact","First FGM","Player","Team Exact","Home/Away","Favorite/Underdog",0.1402,613,0.1053,850,0.035,0.0195,1.955,1.41666666666667,2026-06-17 14:21:38.665945,1,"Jade Melbourne two point field goal","Loss",1.955,-1.955,1.41666666666667,-1.41666666666667
2026-06-17,"Draft Kings","SEA @ PDX","1022600112","First Basket by Team Exact","First FGM","Player","Team Exact","Home/Away","Favorite/Underdog",0.144,594,0.1053,850,0.0388,0.0217,2.166,1.5695652173913,2026-06-17 14:52:23.861966,2,"Jade Melbourne two point field goal","Loss",0.211,-0.211,0.15289855072463,-0.15289855072463
2026-06-17,"Draft Kings","SEA @ PDX","1022600112","First Basket by Team Exact","First FGM","Player","Team Exact","Home/Away","Favorite/Underdog",0.058,1624,0.0476,2000,0.0104,0.0055,0.546,0.395652173913044,2026-06-17 14:21:38.665945,1,"Megan Gustafson three point field goal","Loss",0.546,-0.546,0.395652173913044,-0.395652173913044
2026-06-17,"Draft Kings","SEA @ PDX","1022600112","First Basket by Team Exact","First FGM","Player","Team Exact","Home/Away","Favorite/Underdog",0.1325,655,0.1176,750,0.0148,0.0084,0.8397,0.608478260869565,2026-06-17 14:21:38.665945,1,"Megan Gustafson two point field goal","Loss",0.8397,-0.8397,0.608478260869565,-0.608478260869565
2026-06-17,"Draft Kings","SEA @ PDX","1022600112","First Basket by Team Exact","First FGM","Player","Team Exact","Home/Away","Favorite/Underdog",0.1342,645,0.1176,750,0.0166,0.0094,0.9396,0.680869565217391,2026-06-17 14:52:23.861966,2,"Megan Gustafson two point field goal","Loss",0.0999,-0.0999,0.0723913043478259,-0.0723913043478259
2026-06-17,"Draft Kings","SEA @ PDX","1022600112","First Basket by Team Exact","First FGM","Player","Team Exact","Home/Away","Favorite/Underdog",0.126,693,0.1053,850,0.0208,0.0116,1.1609,0.841231884057971,2026-06-17 14:21:38.665945,1,"Natisha Hiedeman two point field goal","Loss",1.1609,-1.1609,0.841231884057971,-0.841231884057971
2026-06-17,"Draft Kings","SEA @ PDX","1022600112","First Basket by Team Exact","First FGM","Player","Team Exact","Home/Away","Favorite/Underdog",0.1294,673,0.1053,850,0.0241,0.0135,1.3486,0.977246376811594,2026-06-17 14:52:23.861966,2,"Natisha Hiedeman two point field goal","Loss",0.1877,-0.1877,0.136014492753623,-0.136014492753623
2026-06-17,"FanDuel","SEA @ PDX","1022600112","First Team","First Points","Team","Quarter","Home/Away","Favorite/Underdog",0.4859,106,0.4673,114,0.0186,0.0174,0.8721,0.566298701298701,2026-06-18 01:51:34.929786,1,"1Q PDX","Loss",0.8721,-0.8721,0.566298701298701,-0.566298701298701
2026-06-17,"Draft Kings","SEA @ PDX","1022600112","First Team","First FGM","Team","Quarter","Home/Away","Favorite/Underdog",0.5097,-104,0.4878,105,0.0219,0.0214,1.0694,0.694415584415584,2026-06-17 14:21:38.731025,1,"1Q SEA","Win",1.0694,1.12287,0.694415584415584,0.729136363636363
2026-06-17,"Draft Kings","SEA @ PDX","1022600112","First Team","First FGM","Team","Quarter","Home/Away","Favorite/Underdog",0.5112,-105,0.4878,105,0.0234,0.0228,1.1402,0.74038961038961,2026-06-17 14:52:23.92222,2,"1Q SEA","Win",0.0708000000000002,0.0743400000000002,0.045974025974026,0.0482727272727273
2026-06-17,"Draft Kings","SEA @ PDX","1022600112","First Three by Team","First Three","Player","Team","Home/Away","Favorite/Underdog",0.1203,731,0.0833,1100,0.037,0.0202,2.0161,1.01823232323232,2026-06-17 14:21:38.945018,1,"Jade Melbourne","Loss",2.0161,-2.0161,1.01823232323232,-1.01823232323232
2026-06-17,"Draft Kings","SEA @ PDX","1022600112","First Three by Team","First Three","Player","Team","Home/Away","Favorite/Underdog",0.1227,715,0.0833,1100,0.0394,0.0215,2.1464,1.0840404040404,2026-06-17 14:52:24.138207,2,"Jade Melbourne","Loss",0.1303,-0.1303,0.0658080808080799,-0.0658080808080799
2026-06-17,"FanDuel","WAS @ CON","1022600107","First Basket","First Points","Player","Game","Home/Away","Favorite/Underdog",0.1171,754,0.0833,1100,0.0338,0.0184,1.8427,1.56161016949153,2026-06-17 22:51:35.585263,1,"Angela Dugalic","Loss",1.8427,-1.8427,1.56161016949153,-1.56161016949153
2026-06-17,"FanDuel","WAS @ CON","1022600107","First Basket","First Points","Player","Game","Home/Away","Favorite/Underdog",0.0578,1630,0.0435,2200,0.0143,0.0075,0.7485,0.634322033898305,2026-06-17 12:21:36.617918,1,"Georgia Amoore","Loss",0.37425,-0.37425,0.317161016949152,-0.317161016949152
2026-06-17,"theScore","WAS @ CON","1022600107","First Basket","First Points","Player","Game","Home/Away","Favorite/Underdog",0.0578,1630,0.0435,2200,0.0143,0.0075,0.7485,0.634322033898305,2026-06-17 12:21:36.617918,1,"Georgia Amoore","Loss",0.37425,-0.37425,0.317161016949152,-0.317161016949152
2026-06-17,"MGM","WAS @ CON","1022600107","First Basket","First FGM","Player","Game","Home/Away","Favorite/Underdog",0.0597,1576,0.0435,2200,0.0162,0.0085,0.8456,0.716610169491525,2026-06-17 13:21:37.495546,3,"Georgia Amoore","Loss",0.0971,-0.0971,0.08228813559322,-0.08228813559322
2026-06-17,"MGM","WAS @ CON","1022600107","First Basket","First FGM","Player","Game","Home/Away","Favorite/Underdog",0.064,1463,0.0435,2200,0.0205,0.0107,1.0707,0.907372881355932,2026-06-17 14:52:23.292532,6,"Georgia Amoore","Loss",0.2251,-0.2251,0.190762711864407,-0.190762711864407
2026-06-17,"FanDuel","WAS @ CON","1022600107","First Basket","First Points","Player","Game","Home/Away","Favorite/Underdog",0.0689,1351,0.0435,2200,0.0254,0.0133,1.3298,1.12694915254237,2026-06-17 22:51:35.585263,22,"Georgia Amoore","Loss",0.2591,-0.2591,0.219576271186438,-0.219576271186438
2026-06-17,"Draft Kings","WAS @ CON","1022600107","First Basket","First Points","Player","Game","Home/Away","Favorite/Underdog",0.11,809,0.0893,1020,0.0207,0.0114,1.1353,0.962118644067797,2026-06-17 12:21:36.617918,1,"Leila Lacan","Loss",1.1353,-1.1353,0.962118644067797,-0.962118644067797
2026-06-17,"Draft Kings","WAS @ CON","1022600107","First Basket","First Points","Player","Game","Home/Away","Favorite/Underdog",0.11,809,0.0893,1020,0.0207,0.0114,1.1388,0.965084745762712,2026-06-17 13:51:36.679224,4,"Leila Lacan","Loss",0.00350000000000006,-0.00350000000000006,0.00296610169491496,-0.00296610169491496
2026-06-17,"Draft Kings","WAS @ CON","1022600107","First Basket","First Points","Player","Game","Home/Away","Favorite/Underdog",0.1112,799,0.0893,1020,0.0219,0.012,1.2033,1.01974576271186,2026-06-17 14:52:23.292532,6,"Leila Lacan","Loss",0.0645,-0.0645,0.054661016949148,-0.054661016949148
2026-06-17,"FanDuel","WAS @ CON","1022600107","First Basket","First Points","Player","Game","Home/Away","Favorite/Underdog",0.0837,1095,0.0714,1300,0.0122,0.0066,0.6588,0.558305084745763,2026-06-17 13:51:36.679224,1,"Saniya Rivers","Loss",0.6588,-0.6588,0.558305084745763,-0.558305084745763
2026-06-17,"FanDuel","WAS @ CON","1022600107","First Basket","First Points","Player","Game","Home/Away","Favorite/Underdog",0.0861,1061,0.0714,1300,0.0147,0.0079,0.7907,0.670084745762712,2026-06-17 14:52:23.292532,3,"Saniya Rivers","Loss",0.1319,-0.1319,0.111779661016949,-0.111779661016949
2026-06-17,"MGM","WAS @ CON","1022600107","First Basket","First FGM","Player","Game","Home/Away","Favorite/Underdog",0.0925,981,0.0769,1200,0.0155,0.0084,0.842,0.713559322033898,2026-06-17 22:21:37.606841,1,"Sonia Citron","Loss",0.842,-0.842,0.713559322033898,-0.713559322033898
2026-06-17,"MGM","WAS @ CON","1022600107","First Basket","First FGM","Player","Game","Home/Away","Favorite/Underdog",0.0955,947,0.0769,1200,0.0186,0.0101,1.0078,0.85406779661017,2026-06-17 22:51:35.585263,2,"Sonia Citron","Loss",0.1658,-0.1658,0.140508474576272,-0.140508474576272
2026-06-17,"FanDuel","WAS @ CON","1022600107","First Basket by Team","First Points","Player","Team","Home/Away","Favorite/Underdog",0.2635,280,0.1887,430,0.0748,0.0461,4.6096,2.15401869158879,2026-06-17 22:51:35.749981,1,"Angela Dugalic","Loss",4.6096,-4.6096,2.15401869158879,-2.15401869158879
2026-06-17,"FanDuel","WAS @ CON","1022600107","First Basket by Team","First Points","Player","Team","Home/Away","Favorite/Underdog",0.1827,447,0.1724,480,0.0103,0.0062,0.6202,0.28981308411215,2026-06-17 21:51:34.397439,1,"Diamond Miller","Loss",0.6202,-0.6202,0.28981308411215,-0.28981308411215
2026-06-17,"FanDuel","WAS @ CON","1022600107","First Basket by Team","First Points","Player","Team","Home/Away","Favorite/Underdog",0.1294,673,0.0909,1000,0.0385,0.0212,2.1183,0.989859813084112,2026-06-17 12:21:36.783426,1,"Georgia Amoore","Loss",2.1183,-2.1183,0.989859813084112,-0.989859813084112
2026-06-17,"FanDuel","WAS @ CON","1022600107","First Basket by Team","First Points","Player","Team","Home/Away","Favorite/Underdog",0.1371,629,0.0952,950,0.0419,0.0231,2.315,1.08177570093458,2026-06-17 14:52:23.6226,6,"Georgia Amoore","Loss",0.1967,-0.1967,0.0919158878504681,-0.0919158878504681
2026-06-17,"FanDuel","WAS @ CON","1022600107","First Basket by Team","First Points","Player","Team","Home/Away","Favorite/Underdog",0.1371,629,0.0909,1000,0.0462,0.0254,2.542,1.18785046728972,2026-06-17 18:21:34.432836,13,"Georgia Amoore","Loss",0.227,-0.227,0.10607476635514,-0.10607476635514
2026-06-17,"FanDuel","WAS @ CON","1022600107","First Basket by Team","First Points","Player","Team","Home/Away","Favorite/Underdog",0.155,545,0.0909,1000,0.0641,0.0353,3.5276,1.64841121495327,2026-06-17 22:51:35.749981,22,"Georgia Amoore","Loss",0.9856,-0.9856,0.46056074766355,-0.46056074766355
2026-06-17,"FanDuel","WAS @ CON","1022600107","First Basket by Team","First Points","Player","Team","Home/Away","Favorite/Underdog",0.1987,403,0.1538,550,0.0449,0.0265,2.6502,1.23841121495327,2026-06-17 12:21:36.783426,1,"Leila Lacan","Loss",2.6502,-2.6502,1.23841121495327,-1.23841121495327
2026-06-17,"FanDuel","WAS @ CON","1022600107","First Basket by Team","First Points","Player","Team","Home/Away","Favorite/Underdog",0.2002,400,0.1538,550,0.0463,0.0274,2.7368,1.2788785046729,2026-06-17 17:51:35.745785,12,"Leila Lacan","Loss",0.0866000000000002,-0.0866000000000002,0.0404672897196301,-0.0404672897196301
2026-06-17,"FanDuel","WAS @ CON","1022600107","First Basket by Team","First Points","Player","Team","Home/Away","Favorite/Underdog",0.1511,562,0.125,700,0.0261,0.0149,1.4907,0.696588785046729,2026-06-17 12:21:36.783426,1,"Saniya Rivers","Loss",1.4907,-1.4907,0.696588785046729,-0.696588785046729
2026-06-17,"FanDuel","WAS @ CON","1022600107","First Basket by Team","First Points","Player","Team","Home/Away","Favorite/Underdog",0.155,545,0.125,700,0.03,0.0171,1.7143,0.80107476635514,2026-06-17 14:52:23.6226,6,"Saniya Rivers","Loss",0.2236,-0.2236,0.104485981308411,-0.104485981308411
2026-06-17,"Draft Kings","WAS @ CON","1022600107","First Basket by Team Exact","First FGM","Player","Team Exact","Home/Away","Favorite/Underdog",0.0334,2892,0.0179,5500,0.0156,0.0079,0.7923,0.574130434782609,2026-06-17 14:21:38.665945,1,"Aaliyah Edwards three point field goal","Loss",0.7923,-0.7923,0.574130434782609,-0.574130434782609
2026-06-17,"Draft Kings","WAS @ CON","1022600107","First Basket by Team Exact","First FGM","Player","Team Exact","Home/Away","Favorite/Underdog",0.0336,2873,0.0179,5500,0.0158,0.008,0.8032,0.582028985507246,2026-06-17 14:52:23.861966,2,"Aaliyah Edwards three point field goal","Loss",0.0109,-0.0109,0.00789855072463708,-0.00789855072463708
2026-06-17,"Draft Kings","WAS @ CON","1022600107","First Basket by Team Exact","First FGM","Player","Team Exact","Home/Away","Favorite/Underdog",0.193,418,0.1538,550,0.0392,0.0231,2.3144,1.67710144927536,2026-06-17 22:51:35.988538,1,"Angela Dugalic two point field goal","Loss",2.3144,-2.3144,1.67710144927536,-1.67710144927536
2026-06-17,"Draft Kings","WAS @ CON","1022600107","First Basket by Team Exact","First FGM","Player","Team Exact","Home/Away","Favorite/Underdog",0.0357,2701,0.0123,8000,0.0234,0.0118,1.1822,0.856666666666667,2026-06-17 14:21:38.665945,1,"Brittney Griner three point field goal","Loss",1.1822,-1.1822,0.856666666666667,-0.856666666666667
2026-06-17,"Draft Kings","WAS @ CON","1022600107","First Basket by Team Exact","First FGM","Player","Team Exact","Home/Away","Favorite/Underdog",0.0374,2575,0.0123,8000,0.025,0.0127,1.2676,0.918550724637681,2026-06-17 14:52:23.861966,2,"Brittney Griner three point field goal","Loss",0.0854000000000001,-0.0854000000000001,0.0618840579710139,-0.0618840579710139
2026-06-17,"Draft Kings","WAS @ CON","1022600107","First Basket by Team Exact","First FGM","Player","Team Exact","Home/Away","Favorite/Underdog",0.1373,628,0.1176,750,0.0196,0.0111,1.1122,0.805942028985507,2026-06-17 14:21:38.665945,1,"Diamond Miller two point field goal","Loss",1.1122,-1.1122,0.805942028985507,-0.805942028985507
2026-06-17,"Draft Kings","WAS @ CON","1022600107","First Basket by Team Exact","First FGM","Player","Team Exact","Home/Away","Favorite/Underdog",0.1402,613,0.1176,750,0.0226,0.0128,1.2782,0.926231884057971,2026-06-17 14:52:23.861966,2,"Diamond Miller two point field goal","Loss",0.166,-0.166,0.120289855072464,-0.120289855072464
2026-06-17,"Draft Kings","WAS @ CON","1022600107","First Basket by Team Exact","First FGM","Player","Team Exact","Home/Away","Favorite/Underdog",0.0737,1257,0.0588,1600,0.0149,0.0079,0.7896,0.572173913043478,2026-06-17 14:52:23.861966,1,"Georgia Amoore two point field goal","Loss",0.7896,-0.7896,0.572173913043478,-0.572173913043478
2026-06-17,"Draft Kings","WAS @ CON","1022600107","First Basket by Team Exact","First FGM","Player","Team Exact","Home/Away","Favorite/Underdog",0.1356,637,0.125,700,0.0106,0.0061,0.6072,0.44,2026-06-17 14:21:38.665945,1,"Leila Lacan two point field goal","Loss",0.6072,-0.6072,0.44,-0.44
2026-06-17,"Draft Kings","WAS @ CON","1022600107","First Basket by Team Exact","First FGM","Player","Team Exact","Home/Away","Favorite/Underdog",0.1375,627,0.125,700,0.0125,0.0071,0.7135,0.517028985507246,2026-06-17 14:52:23.861966,2,"Leila Lacan two point field goal","Loss",0.1063,-0.1063,0.077028985507246,-0.077028985507246
2026-06-17,"Draft Kings","WAS @ CON","1022600107","First Basket by Team Exact","First FGM","Player","Team Exact","Home/Away","Favorite/Underdog",0.1152,768,0.1053,850,0.01,0.0056,0.5581,0.404420289855073,2026-06-17 14:52:23.861966,1,"Saniya Rivers two point field goal","Loss",0.5581,-0.5581,0.404420289855073,-0.404420289855073
2026-06-17,"Draft Kings","WAS @ CON","1022600107","First Three by Team","First Three","Player","Team","Home/Away","Favorite/Underdog",0.3064,226,0.2439,310,0.0625,0.0413,4.1344,2.08808080808081,2026-06-17 22:51:36.263242,1,"Georgia Amoore","Loss",4.1344,-4.1344,2.08808080808081,-2.08808080808081
2026-06-17,"Draft Kings","WAS @ CON","1022600107","First Three by Team","First Three","Player","Team","Home/Away","Favorite/Underdog",0.219,357,0.2,400,0.019,0.0119,1.1888,0.60040404040404,2026-06-17 14:21:38.945018,1,"Sonia Citron","Loss",1.1888,-1.1888,0.60040404040404,-0.60040404040404
2026-06-18,"Draft Kings","ATL @ IND","1022600113","First Basket","First Points","Player","Game","Home/Away","Favorite/Underdog",0.0755,1225,0.0602,1560,0.0153,0.0081,0.8114,0.687627118644068,2026-06-18 17:51:29.992122,1,"Lexie Hull","Loss",0.8114,-0.8114,0.687627118644068,-0.687627118644068
2026-06-18,"Draft Kings","ATL @ IND","1022600113","First Basket","First Points","Player","Game","Home/Away","Favorite/Underdog",0.0881,1035,0.0758,1220,0.0123,0.0067,0.6671,0.565338983050848,2026-06-18 12:22:10.691603,1,"Monique Billings","Loss",0.6671,-0.6671,0.565338983050848,-0.565338983050848
2026-06-18,"Draft Kings","ATL @ IND","1022600113","First Basket","First Points","Player","Game","Home/Away","Favorite/Underdog",0.0881,1035,0.0746,1240,0.0135,0.0073,0.7274,0.616440677966102,2026-06-18 13:21:31.060286,3,"Monique Billings","Loss",0.0603,-0.0603,0.0511016949152541,-0.0511016949152541
2026-06-18,"theScore","ATL @ IND","1022600113","First Basket","First Points","Player","Game","Home/Away","Favorite/Underdog",0.0863,1058,0.0667,1400,0.0197,0.0105,1.0538,0.893050847457627,2026-06-18 12:22:10.691603,1,"Naz Hillmon","Loss",1.0538,-1.0538,0.893050847457627,-0.893050847457627
2026-06-18,"FanDuel","ATL @ IND","1022600113","First Basket by Team","First Points","Player","Team","Home/Away","Favorite/Underdog",0.2098,377,0.1887,430,0.0211,0.013,1.3018,0.608317757009346,2026-06-18 19:21:30.71293,1,"Caitlin Clark","Loss",1.3018,-1.3018,0.608317757009346,-0.608317757009346
2026-06-18,"FanDuel","ATL @ IND","1022600113","First Basket by Team","First Points","Player","Team","Home/Away","Favorite/Underdog",0.1453,588,0.1333,650,0.012,0.0069,0.6925,0.323598130841121,2026-06-18 13:21:31.213915,1,"Lexie Hull","Win",0.6925,4.50125,0.323598130841121,2.10338785046729
2026-06-18,"FanDuel","ATL @ IND","1022600113","First Basket by Team","First Points","Player","Team","Home/Away","Favorite/Underdog",0.1453,588,0.125,700,0.0203,0.0116,1.1621,0.54303738317757,2026-06-18 14:21:31.18063,3,"Lexie Hull","Win",0.4696,3.2872,0.219439252336449,1.53607476635514
2026-06-18,"Fanatics","ATL @ IND","1022600113","First Basket by Team","First FGM","Player","Team","Home/Away","Favorite/Underdog",0.1492,570,0.125,700,0.0242,0.0138,1.3848,0.647102803738318,2026-06-18 18:21:31.091943,11,"Lexie Hull","Win",0.2227,1.5589,0.104065420560748,0.728457943925236
2026-06-18,"Fanatics","ATL @ IND","1022600113","First Basket by Team","First FGM","Player","Team","Home/Away","Favorite/Underdog",0.1492,570,0.1176,750,0.0316,0.0179,1.79,0.836448598130841,2026-06-18 18:51:30.157298,12,"Lexie Hull","Win",0.4052,3.039,0.189345794392523,1.42009345794392
2026-06-18,"FanDuel","ATL @ IND","1022600113","First Basket by Team","First Points","Player","Team","Home/Away","Favorite/Underdog",0.1696,490,0.1538,550,0.0157,0.0093,0.9303,0.434719626168224,2026-06-18 13:21:31.213915,1,"Monique Billings","Loss",0.9303,-0.9303,0.434719626168224,-0.434719626168224
2026-06-18,"FanDuel","ATL @ IND","1022600113","First Basket by Team","First Points","Player","Team","Home/Away","Favorite/Underdog",0.1696,490,0.1429,600,0.0267,0.0156,1.5594,0.728691588785047,2026-06-18 14:21:31.18063,3,"Monique Billings","Loss",0.6291,-0.6291,0.293971962616823,-0.293971962616823
2026-06-18,"FanDuel","ATL @ IND","1022600113","First Basket by Team","First Points","Player","Team","Home/Away","Favorite/Underdog",0.1797,457,0.1538,550,0.0258,0.0153,1.525,0.712616822429906,2026-06-18 12:22:10.845673,1,"Naz Hillmon","Loss",1.525,-1.525,0.712616822429906,-0.712616822429906
2026-06-18,"FanDuel","ATL @ IND","1022600113","First Basket by Team","First Points","Player","Team","Home/Away","Favorite/Underdog",0.1797,457,0.1429,600,0.0368,0.0215,2.1465,1.00303738317757,2026-06-18 14:51:31.151343,6,"Naz Hillmon","Loss",0.6215,-0.6215,0.290420560747664,-0.290420560747664
2026-06-18,"Draft Kings","ATL @ IND","1022600113","First Basket by Team Exact","First FGM","Player","Team Exact","Home/Away","Favorite/Underdog",0.0385,2499,0.0196,5000,0.0189,0.0096,0.9627,0.697608695652174,2026-06-18 12:22:11.00496,1,"Angel Reese three point field goal","Loss",0.9627,-0.9627,0.697608695652174,-0.697608695652174
2026-06-18,"Draft Kings","ATL @ IND","1022600113","First Basket by Team Exact","First FGM","Player","Team Exact","Home/Away","Favorite/Underdog",0.1174,752,0.0909,1000,0.0265,0.0146,1.4558,1.05492753623188,2026-06-18 12:22:11.00496,1,"Naz Hillmon two point field goal","Loss",1.4558,-1.4558,1.05492753623188,-1.05492753623188
2026-06-18,"Draft Kings","ATL @ IND","1022600113","First Three by Team","First Three","Player","Team","Home/Away","Favorite/Underdog",0.0775,1191,0.0556,1700,0.0219,0.0116,1.1592,0.585454545454545,2026-06-18 12:22:11.28528,1,"Aliyah Boston","Loss",1.1592,-1.1592,0.585454545454545,-0.585454545454545
2026-06-19,"theScore","MIN @ GSV","1022600116","First Basket","First Points","Player","Game","Home/Away","Favorite/Underdog",0.1105,805,0.0833,1100,0.0271,0.0148,1.4792,1.2535593220339,2026-06-19 12:22:06.707186,1,"Cecilia Zandalasini","Win",1.4792,16.2712,1.2535593220339,13.7891525423729
2026-06-19,"theScore","MIN @ GSV","1022600116","First Basket","First Points","Player","Game","Home/Away","Favorite/Underdog",0.0986,914,0.0833,1100,0.0153,0.0083,0.8344,0.707118644067797,2026-06-19 12:22:06.707186,1,"Courtney Williams","Loss",0.8344,-0.8344,0.707118644067797,-0.707118644067797
2026-06-19,"FanDuel","MIN @ GSV","1022600116","First Basket Exact","First Points","Player","Exact","Home/Away","Favorite/Underdog",0.034,2843,0.0196,5000,0.0144,0.0073,0.7331,1.09417910447761,2026-06-19 12:22:06.962824,1,"Cecilia Zandalasini layup","Loss",0.7331,-0.7331,1.09417910447761,-1.09417910447761
2026-06-19,"FanDuel","MIN @ GSV","1022600116","First Basket by Team","First Points","Player","Team","Home/Away","Favorite/Underdog",0.2135,368,0.1667,500,0.0469,0.0281,2.8115,1.31378504672897,2026-06-19 12:22:06.865536,1,"Cecilia Zandalasini","Win",2.8115,14.0575,1.31378504672897,6.56892523364485
2026-06-19,"FanDuel","MIN @ GSV","1022600116","First Basket by Team","First Points","Player","Team","Home/Away","Favorite/Underdog",0.2043,389,0.1786,460,0.0258,0.0157,1.5675,0.732476635514019,2026-06-19 12:22:06.865536,1,"Courtney Williams","Win",1.5675,7.2105,0.732476635514019,3.36939252336449
2026-06-19,"FanDuel","MIN @ GSV","1022600116","First Basket by Team","First Points","Player","Team","Home/Away","Favorite/Underdog",0.2043,389,0.1724,480,0.0319,0.0193,1.9279,0.90088785046729,2026-06-19 14:51:32.517932,6,"Courtney Williams","Win",0.3604,1.72992,0.168411214953271,0.808373831775701
2026-06-19,"FanDuel","MIN @ GSV","1022600116","First Basket by Team","First Points","Player","Team","Home/Away","Favorite/Underdog",0.1372,629,0.1176,750,0.0196,0.0111,1.1085,0.517990654205607,2026-06-20 01:51:29.619633,1,"Kiah Stokes","Loss",1.1085,-1.1085,0.517990654205607,-0.517990654205607
2026-06-19,"Draft Kings","MIN @ GSV","1022600116","First Basket by Team Exact","First FGM","Player","Team Exact","Home/Away","Favorite/Underdog",0.1412,608,0.0909,1000,0.0503,0.0277,2.7655,2.00398550724638,2026-06-19 14:21:33.355778,1,"Cecilia Zandalasini two point field goal","Win",2.7655,27.655,2.00398550724638,20.0398550724638
2026-06-19,"Draft Kings","MIN @ GSV","1022600116","First Basket by Team Exact","First FGM","Player","Team Exact","Home/Away","Favorite/Underdog",0.1535,551,0.1429,600,0.0106,0.0062,0.6206,0.449710144927536,2026-06-19 14:21:33.355778,1,"Courtney Williams two point field goal","Loss",0.6206,-0.6206,0.449710144927536,-0.449710144927536
2026-06-19,"Draft Kings","MIN @ GSV","1022600116","First Basket by Team Exact","First FGM","Player","Team Exact","Home/Away","Favorite/Underdog",0.0395,2433,0.0164,6000,0.0231,0.0117,1.1737,0.850507246376812,2026-06-19 14:21:33.355778,1,"Natasha Howard three point field goal","Loss",1.1737,-1.1737,0.850507246376812,-0.850507246376812
2026-06-19,"Draft Kings","MIN @ GSV","1022600116","First Three by Team","First Three","Player","Team","Home/Away","Favorite/Underdog",0.2189,357,0.1667,500,0.0522,0.0313,3.1332,1.58242424242424,2026-06-19 14:21:33.619947,1,"Cecilia Zandalasini","Win",3.1332,15.666,1.58242424242424,7.9121212121212
2026-06-19,"Draft Kings","MIN @ GSV","1022600116","First Three by Team","First Three","Player","Team","Home/Away","Favorite/Underdog",0.0607,1547,0.0435,2200,0.0172,0.009,0.9002,0.454646464646465,2026-06-19 14:21:33.619947,1,"Natasha Howard","Loss",0.9002,-0.9002,0.454646464646465,-0.454646464646465
2026-06-19,"Draft Kings","TOR @ CON","1022600114","First Basket","First Points","Player","Game","Home/Away","Favorite/Underdog",0.1015,885,0.0909,1000,0.0106,0.0058,0.5812,0.492542372881356,2026-06-19 12:22:06.707186,1,"Diamond Miller","Loss",0.2906,-0.2906,0.246271186440678,-0.246271186440678
2026-06-19,"FanDuel","TOR @ CON","1022600114","First Basket","First Points","Player","Game","Home/Away","Favorite/Underdog",0.1015,885,0.0909,1000,0.0106,0.0058,0.5812,0.492542372881356,2026-06-19 12:22:06.707186,1,"Diamond Miller","Loss",0.2906,-0.2906,0.246271186440678,-0.246271186440678
2026-06-19,"Draft Kings","TOR @ CON","1022600114","First Basket","First Points","Player","Game","Home/Away","Favorite/Underdog",0.1015,885,0.0893,1020,0.0122,0.0067,0.6693,0.567203389830509,2026-06-19 13:21:30.705315,3,"Diamond Miller","Loss",0.0881,-0.0881,0.074661016949153,-0.074661016949153
2026-06-19,"Draft Kings","TOR @ CON","1022600114","First Basket","First Points","Player","Game","Home/Away","Favorite/Underdog",0.1015,885,0.0847,1080,0.0167,0.0091,0.914,0.774576271186441,2026-06-19 20:21:30.348515,17,"Diamond Miller","Loss",0.2447,-0.2447,0.207372881355932,-0.207372881355932
2026-06-19,"Draft Kings","TOR @ CON","1022600114","First Basket","First Points","Player","Game","Home/Away","Favorite/Underdog",0.1015,885,0.0794,1160,0.0221,0.012,1.2009,1.01771186440678,2026-06-19 20:51:29.425088,18,"Diamond Miller","Loss",0.2869,-0.2869,0.243135593220339,-0.243135593220339
2026-06-19,"FanDuel","TOR @ CON","1022600114","First Basket","First Points","Player","Game","Home/Away","Favorite/Underdog",0.1254,697,0.0909,1000,0.0345,0.019,1.8996,1.60983050847458,2026-06-19 12:22:06.707186,1,"Isabelle Harrison","Loss",1.8996,-1.8996,1.60983050847458,-1.60983050847458
2026-06-19,"MGM","TOR @ CON","1022600114","First Basket","First FGM","Player","Game","Home/Away","Favorite/Underdog",0.0691,1348,0.0588,1600,0.0102,0.0054,0.5435,0.460593220338983,2026-06-19 13:21:30.705315,1,"Julie Allemand","Loss",0.5435,-0.5435,0.460593220338983,-0.460593220338983
2026-06-19,"Fanatics","TOR @ CON","1022600114","First Basket","First FGM","Player","Game","Home/Away","Favorite/Underdog",0.0671,1391,0.0526,1800,0.0144,0.0076,0.7616,0.645423728813559,2026-06-19 23:21:30.49983,21,"Julie Allemand","Loss",0.2181,-0.2181,0.184830508474576,-0.184830508474576
2026-06-19,"FanDuel","TOR @ CON","1022600114","First Basket","First Points","Player","Game","Home/Away","Favorite/Underdog",0.0801,1149,0.0625,1500,0.0176,0.0094,0.938,0.794915254237288,2026-06-19 22:51:29.419687,1,"Saniya Rivers","Loss",0.938,-0.938,0.794915254237288,-0.794915254237288
2026-06-19,"Draft Kings","TOR @ CON","1022600114","First Basket","First Points","Player","Game","Home/Away","Favorite/Underdog",0.0801,1148,0.0568,1660,0.0233,0.0124,1.2356,1.0471186440678,2026-06-19 23:21:30.49983,2,"Saniya Rivers","Loss",0.2976,-0.2976,0.252203389830512,-0.252203389830512
2026-06-19,"MGM","TOR @ CON","1022600114","First Basket","First FGM","Player","Game","Home/Away","Favorite/Underdog",0.0959,943,0.0833,1100,0.0125,0.0068,0.684,0.579661016949153,2026-06-19 23:21:30.49983,1,"Temi Fagbenle","Loss",0.684,-0.684,0.579661016949153,-0.579661016949153
2026-06-19,"FanDuel","TOR @ CON","1022600114","First Basket by Team","First Points","Player","Team","Home/Away","Favorite/Underdog",0.1878,433,0.1538,550,0.0339,0.02,2.0044,0.936635514018691,2026-06-19 12:22:06.865536,1,"Diamond Miller","Loss",2.0044,-2.0044,0.936635514018691,-0.936635514018691
2026-06-19,"FanDuel","TOR @ CON","1022600114","First Basket by Team","First Points","Player","Team","Home/Away","Favorite/Underdog",0.1878,433,0.1429,600,0.0449,0.0262,2.6197,1.22415887850467,2026-06-19 13:21:30.863571,3,"Diamond Miller","Loss",0.6153,-0.6153,0.287523364485979,-0.287523364485979
2026-06-19,"FanDuel","TOR @ CON","1022600114","First Basket by Team","First Points","Player","Team","Home/Away","Favorite/Underdog",0.1878,433,0.1333,650,0.0544,0.0314,3.1403,1.46742990654206,2026-06-19 22:51:29.580143,22,"Diamond Miller","Loss",0.5206,-0.5206,0.24327102803739,-0.24327102803739
2026-06-19,"FanDuel","TOR @ CON","1022600114","First Basket by Team","First Points","Player","Team","Home/Away","Favorite/Underdog",0.273,266,0.2273,340,0.0457,0.0296,2.9571,1.38182242990654,2026-06-19 12:22:06.865536,1,"Isabelle Harrison","Loss",2.9571,-2.9571,1.38182242990654,-1.38182242990654
2026-06-19,"FanDuel","TOR @ CON","1022600114","First Basket by Team","First Points","Player","Team","Home/Away","Favorite/Underdog",0.273,266,0.2222,350,0.0508,0.0326,3.2626,1.52457943925234,2026-06-19 13:21:30.863571,3,"Isabelle Harrison","Loss",0.3055,-0.3055,0.1427570093458,-0.1427570093458
2026-06-19,"FanDuel","TOR @ CON","1022600114","First Basket by Team","First Points","Player","Team","Home/Away","Favorite/Underdog",0.273,266,0.2174,360,0.0556,0.0355,3.5511,1.65939252336449,2026-06-19 16:21:29.337199,9,"Isabelle Harrison","Loss",0.2885,-0.2885,0.13481308411215,-0.13481308411215
2026-06-19,"FanDuel","TOR @ CON","1022600114","First Basket by Team","First Points","Player","Team","Home/Away","Favorite/Underdog",0.1333,650,0.1176,750,0.0157,0.0089,0.8891,0.415467289719626,2026-06-19 22:51:29.580143,1,"Julie Allemand","Loss",0.8891,-0.8891,0.415467289719626,-0.415467289719626
2026-06-19,"Fanatics","TOR @ CON","1022600114","First Basket by Team","First FGM","Player","Team","Home/Away","Favorite/Underdog",0.1424,602,0.1176,750,0.0248,0.014,1.4044,0.656261682242991,2026-06-19 23:21:30.660145,2,"Julie Allemand","Loss",0.5153,-0.5153,0.240794392523365,-0.240794392523365
2026-06-19,"FanDuel","TOR @ CON","1022600114","First Basket by Team","First Points","Player","Team","Home/Away","Favorite/Underdog",0.148,576,0.125,700,0.023,0.0132,1.3163,0.615093457943925,2026-06-19 12:22:06.865536,1,"Saniya Rivers","Loss",1.3163,-1.3163,0.615093457943925,-0.615093457943925
2026-06-19,"FanDuel","TOR @ CON","1022600114","First Basket by Team","First Points","Player","Team","Home/Away","Favorite/Underdog",0.148,576,0.1053,850,0.0428,0.0239,2.3902,1.11691588785047,2026-06-19 22:51:29.580143,22,"Saniya Rivers","Loss",1.0739,-1.0739,0.501822429906545,-0.501822429906545
2026-06-19,"Fanatics","TOR @ CON","1022600114","First Basket by Team","First FGM","Player","Team","Home/Away","Favorite/Underdog",0.1529,554,0.1053,850,0.0476,0.0266,2.6606,1.24327102803738,2026-06-19 23:21:30.660145,23,"Saniya Rivers","Loss",0.2704,-0.2704,0.12635514018691,-0.12635514018691
2026-06-19,"Draft Kings","TOR @ CON","1022600114","First Basket by Team Exact","First FGM","Player","Team Exact","Home/Away","Favorite/Underdog",0.0348,2775,0.0179,5500,0.0169,0.0086,0.8618,0.624492753623188,2026-06-19 14:21:33.355778,1,"Aaliyah Edwards three point field goal","Loss",0.8618,-0.8618,0.624492753623188,-0.624492753623188
2026-06-19,"Draft Kings","TOR @ CON","1022600114","First Basket by Team Exact","First FGM","Player","Team Exact","Home/Away","Favorite/Underdog",0.037,2604,0.011,9000,0.026,0.0131,1.3143,0.952391304347826,2026-06-19 14:21:33.355778,1,"Brittney Griner three point field goal","Loss",1.3143,-1.3143,0.952391304347826,-0.952391304347826
2026-06-19,"Draft Kings","TOR @ CON","1022600114","First Basket by Team Exact","First FGM","Player","Team Exact","Home/Away","Favorite/Underdog",0.1387,621,0.1111,800,0.0275,0.0155,1.5494,1.12275362318841,2026-06-19 14:21:33.355778,1,"Diamond Miller two point field goal","Loss",1.5494,-1.5494,1.12275362318841,-1.12275362318841
2026-06-19,"FanDuel","TOR @ CON","1022600114","First Team","First Points","Team","Quarter","Home/Away","Favorite/Underdog",0.4596,118,0.4202,138,0.0394,0.034,1.6984,1.10285714285714,2026-06-19 12:22:07.11095,1,"1Q TOR","Win",1.6984,2.343792,1.10285714285714,1.52194285714285
2026-06-19,"FanDuel","TOR @ CON","1022600114","First Team","First Points","Team","Quarter","Home/Away","Favorite/Underdog",0.4596,118,0.4167,140,0.0429,0.0368,1.8383,1.1937012987013,2026-06-19 12:51:30.487031,2,"1Q TOR","Win",0.1399,0.19586,0.0908441558441599,0.127181818181824
2026-06-19,"Draft Kings","TOR @ CON","1022600114","First Three by Team","First Three","Player","Team","Home/Away","Favorite/Underdog",0.2158,363,0.2,400,0.0158,0.0099,0.9858,0.497878787878788,2026-06-19 14:21:33.619947,1,"Julie Allemand","Loss",0.9858,-0.9858,0.497878787878788,-0.497878787878788
2026-06-19,"Draft Kings","TOR @ CON","1022600114","First Three by Team","First Three","Player","Team","Home/Away","Favorite/Underdog",0.2158,363,0.1905,425,0.0253,0.0156,1.5624,0.789090909090909,2026-06-19 22:21:36.365546,6,"Julie Allemand","Loss",0.5766,-0.5766,0.291212121212121,-0.291212121212121
2026-06-19,"FanDuel","WAS @ NYL","1022600115","First Basket","First Points","Player","Game","Home/Away","Favorite/Underdog",0.0587,1605,0.0385,2500,0.0202,0.0105,1.0507,0.890423728813559,2026-06-19 12:22:06.707186,1,"Georgia Amoore","Loss",1.0507,-1.0507,0.890423728813559,-0.890423728813559
2026-06-19,"MGM","WAS @ NYL","1022600115","First Basket","First FGM","Player","Game","Home/Away","Favorite/Underdog",0.0636,1472,0.0435,2200,0.0201,0.0105,1.0519,0.891440677966102,2026-06-19 13:21:30.705315,3,"Georgia Amoore","Loss",0.00120000000000009,-0.00120000000000009,0.00101694915254302,-0.00101694915254302
2026-06-19,"MGM","WAS @ NYL","1022600115","First Basket","First FGM","Player","Game","Home/Away","Favorite/Underdog",0.1165,759,0.0909,1000,0.0255,0.0141,1.4052,1.19084745762712,2026-06-19 13:21:30.705315,1,"Kiki Iriafen","Win",1.4052,14.052,1.19084745762712,11.9084745762712
2026-06-19,"FanDuel","WAS @ NYL","1022600115","First Basket","First Points","Player","Game","Home/Away","Favorite/Underdog",0.0855,1070,0.0714,1300,0.014,0.0076,0.7555,0.640254237288136,2026-06-19 22:51:29.419687,1,"Leonie Fiebich","Loss",0.7555,-0.7555,0.640254237288136,-0.640254237288136
2026-06-19,"FanDuel","WAS @ NYL","1022600115","First Basket","First Points","Player","Game","Home/Away","Favorite/Underdog",0.0825,1111,0.0667,1400,0.0159,0.0085,0.8507,0.720932203389831,2026-06-19 12:22:06.707186,1,"Michaela Onyenwere","Loss",0.8507,-0.8507,0.720932203389831,-0.720932203389831
2026-06-19,"MGM","WAS @ NYL","1022600115","First Basket","First FGM","Player","Game","Home/Away","Favorite/Underdog",0.0844,1085,0.0588,1600,0.0256,0.0136,1.3573,1.15025423728814,2026-06-19 13:21:30.705315,3,"Michaela Onyenwere","Loss",0.5066,-0.5066,0.429322033898309,-0.429322033898309
2026-06-19,"Draft Kings","WAS @ NYL","1022600115","First Basket Type","First FGM","Game","Exact","Home/Away","Favorite/Underdog",0.2776,260,0.2667,275,0.011,0.0075,0.3742,0.29234375,2026-06-19 13:51:30.857251,1,"WAS @ NYL three point field goal","Loss",0.3742,-0.3742,0.29234375,-0.29234375
2026-06-19,"FanDuel","WAS @ NYL","1022600115","First Basket by Team","First Points","Player","Team","Home/Away","Favorite/Underdog",0.1255,697,0.0909,1000,0.0346,0.019,1.9032,0.889345794392523,2026-06-19 12:22:06.865536,1,"Georgia Amoore","Loss",1.9032,-1.9032,0.889345794392523,-0.889345794392523
2026-06-19,"FanDuel","WAS @ NYL","1022600115","First Basket by Team","First Points","Player","Team","Home/Away","Favorite/Underdog",0.1605,523,0.125,700,0.0355,0.0203,2.0263,0.946869158878505,2026-06-19 12:22:06.865536,1,"Leonie Fiebich","Loss",2.0263,-2.0263,0.946869158878505,-0.946869158878505
2026-06-19,"FanDuel","WAS @ NYL","1022600115","First Basket by Team","First Points","Player","Team","Home/Away","Favorite/Underdog",0.1605,523,0.1176,750,0.0428,0.0243,2.4261,1.13369158878505,2026-06-19 13:51:30.47319,4,"Leonie Fiebich","Loss",0.3998,-0.3998,0.186822429906545,-0.186822429906545
2026-06-19,"FanDuel","WAS @ NYL","1022600115","First Basket by Team","First Points","Player","Team","Home/Away","Favorite/Underdog",0.1605,523,0.1053,850,0.0552,0.0308,3.0846,1.44140186915888,2026-06-19 22:51:29.580143,22,"Leonie Fiebich","Loss",0.6585,-0.6585,0.30771028037383,-0.30771028037383
2026-06-19,"FanDuel","WAS @ NYL","1022600115","First Basket by Team","First Points","Player","Team","Home/Away","Favorite/Underdog",0.1645,508,0.1429,600,0.0216,0.0126,1.2599,0.588738317757009,2026-06-19 23:21:30.660145,1,"Marine Johannes","Loss",1.2599,-1.2599,0.588738317757009,-0.588738317757009
2026-06-19,"FanDuel","WAS @ NYL","1022600115","First Basket by Team","First Points","Player","Team","Home/Away","Favorite/Underdog",0.1766,466,0.1538,550,0.0228,0.0134,1.3446,0.628317757009346,2026-06-19 13:21:30.863571,1,"Michaela Onyenwere","Loss",1.3446,-1.3446,0.628317757009346,-0.628317757009346
2026-06-19,"Draft Kings","WAS @ NYL","1022600115","First Basket by Team Exact","First FGM","Player","Team Exact","Home/Away","Favorite/Underdog",0.0704,1319,0.0556,1700,0.0149,0.0079,0.7884,0.571304347826087,2026-06-19 13:51:30.66031,1,"Georgia Amoore two point field goal","Loss",0.7884,-0.7884,0.571304347826087,-0.571304347826087
2026-06-19,"Draft Kings","WAS @ NYL","1022600115","First Basket by Team Exact","First FGM","Player","Team Exact","Home/Away","Favorite/Underdog",0.0385,2497,0.0196,5000,0.0189,0.0096,0.9636,0.698260869565217,2026-06-19 13:51:30.66031,1,"Kiki Iriafen three point field goal","Loss",0.9636,-0.9636,0.698260869565217,-0.698260869565217
2026-06-19,"Draft Kings","WAS @ NYL","1022600115","First Basket by Team Exact","First FGM","Player","Team Exact","Home/Away","Favorite/Underdog",0.1041,860,0.0769,1200,0.0272,0.0147,1.4743,1.06833333333333,2026-06-19 13:51:30.66031,1,"Leonie Fiebich two point field goal","Loss",1.4743,-1.4743,1.06833333333333,-1.06833333333333
2026-06-19,"Draft Kings","WAS @ NYL","1022600115","First Basket by Team Exact","First FGM","Player","Team Exact","Home/Away","Favorite/Underdog",0.0909,1001,0.0714,1300,0.0194,0.0105,1.0465,0.758333333333333,2026-06-19 13:51:30.66031,1,"Marine Johannes two point field goal","Loss",1.0465,-1.0465,0.758333333333333,-0.758333333333333
2026-06-19,"Draft Kings","WAS @ NYL","1022600115","First Basket by Team Exact","First FGM","Player","Team Exact","Home/Away","Favorite/Underdog",0.1263,692,0.1111,800,0.0152,0.0086,0.8561,0.62036231884058,2026-06-19 13:51:30.66031,1,"Michaela Onyenwere two point field goal","Loss",0.8561,-0.8561,0.62036231884058,-0.62036231884058
2026-06-19,"Draft Kings","WAS @ NYL","1022600115","First Basket by Team Exact","First FGM","Player","Team Exact","Home/Away","Favorite/Underdog",0.038,2529,0.0217,4500,0.0163,0.0083,0.8329,0.603550724637681,2026-06-19 13:51:30.66031,1,"Shakira Austin three point field goal","Loss",0.8329,-0.8329,0.603550724637681,-0.603550724637681
2026-06-19,"FanDuel","WAS @ NYL","1022600115","First Team","First Points","Team","Quarter","Home/Away","Favorite/Underdog",0.4674,114,0.4386,128,0.0288,0.0257,1.2835,0.833441558441558,2026-06-19 12:22:07.11095,1,"1Q WAS","Win",1.2835,1.64288,0.833441558441558,1.06680519480519
2026-06-19,"FanDuel","WAS @ NYL","1022600115","First Team","First Points","Team","Quarter","Home/Away","Favorite/Underdog",0.4674,114,0.4348,130,0.0326,0.0289,1.4435,0.937337662337662,2026-06-19 12:51:30.487031,2,"1Q WAS","Win",0.16,0.208,0.103896103896104,0.135064935064935
2026-06-19,"FanDuel","WAS @ NYL","1022600115","First Team","First Points","Team","Quarter","Home/Away","Favorite/Underdog",0.4674,114,0.4202,138,0.0473,0.0407,2.0373,1.32292207792208,2026-06-19 22:51:29.833952,22,"1Q WAS","Win",0.5938,0.819444,0.385584415584418,0.532106493506497
2026-06-20,"FanDuel","CHI @ DAL","1022600119","First Basket","First Points","Player","Game","Home/Away","Favorite/Underdog",0.0871,1048,0.0769,1200,0.0102,0.0055,0.5529,0.468559322033898,2026-06-20 12:22:38.344499,1,"Gabriela Jaquez","Loss",0.5529,-0.5529,0.468559322033898,-0.468559322033898
2026-06-20,"FanDuel","CHI @ DAL","1022600119","First Basket","First Points","Player","Game","Home/Away","Favorite/Underdog",0.1027,873,0.0714,1300,0.0313,0.0169,1.686,1.42881355932203,2026-06-20 12:22:38.344499,1,"Sydney Taylor","Loss",1.686,-1.686,1.42881355932203,-1.42881355932203
2026-06-20,"FanDuel","CHI @ DAL","1022600119","First Basket","First Points","Player","Game","Home/Away","Favorite/Underdog",0.1027,873,0.0667,1400,0.0361,0.0193,1.9325,1.63771186440678,2026-06-20 22:51:38.163283,22,"Sydney Taylor","Loss",0.2465,-0.2465,0.20889830508475,-0.20889830508475
2026-06-20,"FanDuel","CHI @ DAL","1022600119","First Basket Exact","First Points","Player","Exact","Home/Away","Favorite/Underdog",0.0301,3221,0.0196,5000,0.0105,0.0054,0.5358,0.799701492537313,2026-06-20 12:22:38.604814,1,"Azzi Fudd layup","Loss",0.5358,-0.5358,0.799701492537313,-0.799701492537313
2026-06-20,"Draft Kings","CHI @ DAL","1022600119","First Basket by Team","First FGM","Player","Team","Home/Away","Favorite/Underdog",0.1964,409,0.1739,475,0.0225,0.0136,1.3592,0.635140186915888,2026-06-20 13:21:37.053327,1,"Arike Ogunbowale","Win",1.3592,6.4562,0.635140186915888,3.01691588785047
2026-06-20,"FanDuel","CHI @ DAL","1022600119","First Basket by Team","First Points","Player","Team","Home/Away","Favorite/Underdog",0.2014,397,0.1887,430,0.0127,0.0078,0.7818,0.365327102803738,2026-06-20 12:22:38.516563,1,"Awak Kuier","Loss",0.7818,-0.7818,0.365327102803738,-0.365327102803738
2026-06-20,"Draft Kings","CHI @ DAL","1022600119","First Basket by Team","First FGM","Player","Team","Home/Away","Favorite/Underdog",0.2069,383,0.1739,475,0.033,0.02,1.9977,0.933504672897196,2026-06-20 13:21:37.053327,3,"Awak Kuier","Loss",1.2159,-1.2159,0.568177570093458,-0.568177570093458
2026-06-20,"FanDuel","CHI @ DAL","1022600119","First Basket by Team","First Points","Player","Team","Home/Away","Favorite/Underdog",0.1813,451,0.1667,500,0.0147,0.0088,0.8795,0.410981308411215,2026-06-20 12:22:38.516563,1,"Azzi Fudd","Loss",0.8795,-0.8795,0.410981308411215,-0.410981308411215
2026-06-20,"FanDuel","CHI @ DAL","1022600119","First Basket by Team","First Points","Player","Team","Home/Away","Favorite/Underdog",0.1717,482,0.1538,550,0.0178,0.0105,1.0546,0.492803738317757,2026-06-20 12:22:38.516563,1,"Gabriela Jaquez","Loss",1.0546,-1.0546,0.492803738317757,-0.492803738317757
2026-06-20,"FanDuel","CHI @ DAL","1022600119","First Basket by Team","First Points","Player","Team","Home/Away","Favorite/Underdog",0.19,426,0.1786,460,0.0114,0.0069,0.6949,0.324719626168224,2026-06-20 12:22:38.516563,1,"Skylar Diggins","Loss",0.6949,-0.6949,0.324719626168224,-0.324719626168224
2026-06-20,"FanDuel","CHI @ DAL","1022600119","First Basket by Team","First Points","Player","Team","Home/Away","Favorite/Underdog",0.19,426,0.1724,480,0.0176,0.0106,1.0617,0.496121495327103,2026-06-20 14:21:37.909805,4,"Skylar Diggins","Loss",0.3668,-0.3668,0.171401869158879,-0.171401869158879
2026-06-20,"FanDuel","CHI @ DAL","1022600119","First Basket by Team","First Points","Player","Team","Home/Away","Favorite/Underdog",0.2025,394,0.1429,600,0.0596,0.0348,3.4763,1.62443925233645,2026-06-20 12:22:38.516563,1,"Sydney Taylor","Loss",3.4763,-3.4763,1.62443925233645,-1.62443925233645
2026-06-20,"FanDuel","CHI @ DAL","1022600119","First Basket by Team","First Points","Player","Team","Home/Away","Favorite/Underdog",0.2025,394,0.1333,650,0.0691,0.0399,3.9876,1.86336448598131,2026-06-20 16:21:36.563687,9,"Sydney Taylor","Loss",0.5113,-0.5113,0.23892523364486,-0.23892523364486
2026-06-20,"Draft Kings","CHI @ DAL","1022600119","First Basket by Team Exact","First FGM","Player","Team Exact","Home/Away","Favorite/Underdog",0.1369,631,0.1176,750,0.0192,0.0109,1.0899,0.789782608695652,2026-06-20 13:21:37.239599,1,"Arike Ogunbowale two point field goal","Loss",1.0899,-1.0899,0.789782608695652,-0.789782608695652
2026-06-20,"Draft Kings","CHI @ DAL","1022600119","First Basket by Team Exact","First FGM","Player","Team Exact","Home/Away","Favorite/Underdog",0.1589,529,0.1176,750,0.0412,0.0234,2.337,1.69347826086957,2026-06-20 13:21:37.239599,1,"Awak Kuier two point field goal","Loss",2.337,-2.337,1.69347826086957,-1.69347826086957
2026-06-20,"Draft Kings","CHI @ DAL","1022600119","First Basket by Team Exact","First FGM","Player","Team Exact","Home/Away","Favorite/Underdog",0.0311,3112,0.0123,8000,0.0188,0.0095,0.9513,0.689347826086957,2026-06-20 13:21:37.239599,1,"Jessica Shepard three point field goal","Loss",0.9513,-0.9513,0.689347826086957,-0.689347826086957
2026-06-20,"Draft Kings","CHI @ DAL","1022600119","First Basket by Team Exact","First FGM","Player","Team Exact","Home/Away","Favorite/Underdog",0.1399,615,0.1053,850,0.0346,0.0193,1.9342,1.40159420289855,2026-06-20 13:21:37.239599,1,"Sydney Taylor two point field goal","Loss",1.9342,-1.9342,1.40159420289855,-1.40159420289855
2026-06-20,"Draft Kings","CHI @ DAL","1022600119","First Team","First FGM","Team","Quarter","Home/Away","Favorite/Underdog",0.4948,102,0.4762,110,0.0186,0.0177,0.8873,0.576168831168831,2026-06-20 13:21:37.297567,1,"1Q DAL","Loss",0.8873,-0.8873,0.576168831168831,-0.576168831168831
2026-06-20,"FanDuel","IND @ ATL","1022600117","First Basket","First Points","Player","Game","Home/Away","Favorite/Underdog",0.0736,1259,0.0625,1500,0.0111,0.0059,0.5919,0.501610169491525,2026-06-20 16:51:37.348295,1,"Lexie Hull","Loss",0.5919,-0.5919,0.501610169491525,-0.501610169491525
2026-06-20,"FanDuel","IND @ ATL","1022600117","First Basket","First Points","Player","Game","Home/Away","Favorite/Underdog",0.0877,1041,0.0714,1300,0.0162,0.0087,0.8737,0.740423728813559,2026-06-20 12:22:38.344499,1,"Naz Hillmon","Win",0.8737,11.3581,0.740423728813559,9.62550847457627
2026-06-20,"FanDuel","IND @ ATL","1022600117","First Basket by Team","First Points","Player","Team","Home/Away","Favorite/Underdog",0.2169,361,0.2041,390,0.0129,0.0081,0.8079,0.377523364485981,2026-06-20 12:22:38.516563,1,"Caitlin Clark","Loss",0.8079,-0.8079,0.377523364485981,-0.377523364485981
2026-06-20,"FanDuel","IND @ ATL","1022600117","First Basket by Team","First Points","Player","Team","Home/Away","Favorite/Underdog",0.2169,361,0.1961,410,0.0209,0.013,1.2977,0.606401869158879,2026-06-20 13:21:37.053327,3,"Caitlin Clark","Loss",0.4898,-0.4898,0.228878504672898,-0.228878504672898
2026-06-20,"FanDuel","IND @ ATL","1022600117","First Basket by Team","First Points","Player","Team","Home/Away","Favorite/Underdog",0.1439,595,0.125,700,0.0189,0.0108,1.0824,0.505794392523364,2026-06-20 12:22:38.516563,1,"Lexie Hull","Loss",1.0824,-1.0824,0.505794392523364,-0.505794392523364
2026-06-20,"FanDuel","IND @ ATL","1022600117","First Basket by Team","First Points","Player","Team","Home/Away","Favorite/Underdog",0.1439,595,0.1176,750,0.0263,0.0149,1.4901,0.696308411214953,2026-06-20 16:51:37.508466,10,"Lexie Hull","Loss",0.4077,-0.4077,0.190514018691589,-0.190514018691589
2026-06-20,"FanDuel","IND @ ATL","1022600117","First Basket by Team","First Points","Player","Team","Home/Away","Favorite/Underdog",0.1659,503,0.1538,550,0.012,0.0071,0.7111,0.332289719626168,2026-06-20 12:22:38.516563,1,"Monique Billings","Loss",0.7111,-0.7111,0.332289719626168,-0.332289719626168
2026-06-20,"FanDuel","IND @ ATL","1022600117","First Basket by Team","First Points","Player","Team","Home/Away","Favorite/Underdog",0.1659,503,0.1429,600,0.023,0.0134,1.343,0.627570093457944,2026-06-20 16:51:37.508466,5,"Monique Billings","Loss",0.6319,-0.6319,0.295280373831776,-0.295280373831776
2026-06-20,"FanDuel","IND @ ATL","1022600117","First Basket by Team","First Points","Player","Team","Home/Away","Favorite/Underdog",0.1794,458,0.1429,600,0.0365,0.0213,2.1297,0.99518691588785,2026-06-20 12:22:38.516563,1,"Naz Hillmon","Win",2.1297,12.7782,0.99518691588785,5.9711214953271
2026-06-20,"Draft Kings","IND @ ATL","1022600117","First Basket by Team Exact","First FGM","Player","Team Exact","Home/Away","Favorite/Underdog",0.0417,2297,0.0196,5000,0.0221,0.0113,1.1275,0.817028985507246,2026-06-20 12:51:39.08296,1,"Angel Reese three point field goal","Loss",1.1275,-1.1275,0.817028985507246,-0.817028985507246
2026-06-20,"Draft Kings","IND @ ATL","1022600117","First Basket by Team Exact","First FGM","Player","Team Exact","Home/Away","Favorite/Underdog",0.0953,949,0.0833,1100,0.012,0.0065,0.6522,0.472608695652174,2026-06-20 12:51:39.08296,1,"Lexie Hull two point field goal","Loss",0.6522,-0.6522,0.472608695652174,-0.472608695652174
2026-06-20,"Draft Kings","IND @ ATL","1022600117","First Basket by Team Exact","First FGM","Player","Team Exact","Home/Away","Favorite/Underdog",0.0344,2808,0.0244,4000,0.01,0.0051,0.5123,0.371231884057971,2026-06-20 12:51:39.08296,1,"Monique Billings three point field goal","Loss",0.5123,-0.5123,0.371231884057971,-0.371231884057971
2026-06-20,"Draft Kings","IND @ ATL","1022600117","First Three by Team","First Three","Player","Team","Home/Away","Favorite/Underdog",0.0743,1246,0.0588,1600,0.0155,0.0082,0.8217,0.415,2026-06-20 12:51:39.34487,1,"Aliyah Boston","Win",0.8217,13.1472,0.415,6.64
2026-06-20,"theScore","SEA @ PHX","1022600118","First Basket","First Points","Player","Game","Home/Away","Favorite/Underdog",0.086,1063,0.0714,1300,0.0145,0.0078,0.7832,0.663728813559322,2026-06-20 12:22:38.344499,1,"Jade Melbourne","Loss",0.7832,-0.7832,0.663728813559322,-0.663728813559322
2026-06-20,"FanDuel","SEA @ PHX","1022600118","First Basket","First Points","Player","Game","Home/Away","Favorite/Underdog",0.079,1165,0.0588,1600,0.0202,0.0107,1.0743,0.910423728813559,2026-06-20 18:51:36.610202,1,"Lexi Held","Loss",1.0743,-1.0743,0.910423728813559,-0.910423728813559
2026-06-20,"theScore","SEA @ PHX","1022600118","First Basket","First Points","Player","Game","Home/Away","Favorite/Underdog",0.0781,1180,0.0625,1500,0.0156,0.0083,0.833,0.705932203389831,2026-06-20 12:22:38.344499,1,"Noemie Brochant","Loss",0.833,-0.833,0.705932203389831,-0.705932203389831
2026-06-20,"FanDuel","SEA @ PHX","1022600118","First Basket","First Points","Player","Game","Home/Away","Favorite/Underdog",0.0735,1260,0.0556,1700,0.018,0.0095,0.9505,0.805508474576271,2026-06-20 17:51:36.707289,11,"Noemie Brochant","Loss",0.1175,-0.1175,0.09957627118644,-0.09957627118644
2026-06-20,"FanDuel","SEA @ PHX","1022600118","First Basket Exact","First Points","Player","Exact","Home/Away","Favorite/Underdog",0.0472,2020,0.0357,2700,0.0114,0.0059,0.5935,0.885820895522388,2026-06-20 17:21:37.563507,1,"Kahleah Copper other","Loss",0.5935,-0.5935,0.885820895522388,-0.885820895522388
2026-06-20,"Fanatics","SEA @ PHX","1022600118","First Basket by Team","First FGM","Player","Team","Home/Away","Favorite/Underdog",0.1751,471,0.1538,550,0.0213,0.0126,1.2569,0.587336448598131,2026-06-20 12:22:38.516563,1,"Jade Melbourne","Loss",1.2569,-1.2569,0.587336448598131,-0.587336448598131
2026-06-20,"Fanatics","SEA @ PHX","1022600118","First Basket by Team","First FGM","Player","Team","Home/Away","Favorite/Underdog",0.1751,471,0.1429,600,0.0323,0.0188,1.8818,0.879345794392523,2026-06-20 13:51:36.055658,4,"Jade Melbourne","Loss",0.6249,-0.6249,0.292009345794392,-0.292009345794392
2026-06-20,"Fanatics","SEA @ PHX","1022600118","First Basket by Team","First FGM","Player","Team","Home/Away","Favorite/Underdog",0.1751,471,0.1333,650,0.0418,0.0241,2.4106,1.12644859813084,2026-06-20 16:51:37.508466,10,"Jade Melbourne","Loss",0.5288,-0.5288,0.247102803738317,-0.247102803738317
2026-06-20,"Draft Kings","SEA @ PHX","1022600118","First Basket by Team","First FGM","Player","Team","Home/Away","Favorite/Underdog",0.2884,247,0.2667,275,0.0218,0.0148,1.4834,0.693177570093458,2026-06-20 12:51:38.898275,1,"Kahleah Copper","Loss",1.4834,-1.4834,0.693177570093458,-0.693177570093458
2026-06-20,"Draft Kings","SEA @ PHX","1022600118","First Basket by Team","First FGM","Player","Team","Home/Away","Favorite/Underdog",0.2895,245,0.2667,275,0.0228,0.0156,1.5562,0.727196261682243,2026-06-20 18:21:37.722538,9,"Kahleah Copper","Loss",0.0728,-0.0728,0.034018691588785,-0.034018691588785
2026-06-20,"FanDuel","SEA @ PHX","1022600118","First Basket by Team","First Points","Player","Team","Home/Away","Favorite/Underdog",0.1557,542,0.1176,750,0.038,0.0215,2.1544,1.00672897196262,2026-06-20 18:51:36.76791,1,"Lexi Held","Loss",2.1544,-2.1544,1.00672897196262,-1.00672897196262
2026-06-20,"FanDuel","SEA @ PHX","1022600118","First Basket by Team","First Points","Player","Team","Home/Away","Favorite/Underdog",0.1708,486,0.1538,550,0.0169,0.01,0.9998,0.467196261682243,2026-06-20 12:22:38.516563,1,"Natisha Hiedeman","Loss",0.9998,-0.9998,0.467196261682243,-0.467196261682243
2026-06-20,"FanDuel","SEA @ PHX","1022600118","First Basket by Team","First Points","Player","Team","Home/Away","Favorite/Underdog",0.1539,550,0.125,700,0.0289,0.0165,1.6497,0.77088785046729,2026-06-20 12:22:38.516563,1,"Noemie Brochant","Win",1.6497,11.5479,0.77088785046729,5.39621495327103
2026-06-20,"FanDuel","SEA @ PHX","1022600118","First Basket by Team","First Points","Player","Team","Home/Away","Favorite/Underdog",0.1448,591,0.1111,800,0.0337,0.0189,1.893,0.884579439252336,2026-06-20 17:51:36.864407,11,"Noemie Brochant","Win",0.2433,1.9464,0.113691588785046,0.909532710280367
2026-06-20,"Draft Kings","SEA @ PHX","1022600118","First Basket by Team Exact","First FGM","Player","Team Exact","Home/Away","Favorite/Underdog",0.0487,1952,0.0278,3500,0.021,0.0108,1.0779,0.781086956521739,2026-06-20 12:51:39.08296,1,"Dominique Malonga three point field goal","Loss",1.0779,-1.0779,0.781086956521739,-0.781086956521739
2026-06-20,"Draft Kings","SEA @ PHX","1022600118","First Basket by Team Exact","First FGM","Player","Team Exact","Home/Away","Favorite/Underdog",0.2122,371,0.1905,425,0.0217,0.0134,1.3416,0.972173913043478,2026-06-20 12:51:39.08296,1,"Kahleah Copper two point field goal","Loss",1.3416,-1.3416,0.972173913043478,-0.972173913043478
2026-06-20,"Draft Kings","SEA @ PHX","1022600118","First Basket by Team Exact","First FGM","Player","Team Exact","Home/Away","Favorite/Underdog",0.2131,369,0.1905,425,0.0226,0.014,1.3985,1.01340579710145,2026-06-20 18:21:37.907115,9,"Kahleah Copper two point field goal","Loss",0.0569000000000002,-0.0569000000000002,0.0412318840579721,-0.0412318840579721
2026-06-20,"Draft Kings","SEA @ PHX","1022600118","First Basket by Team Exact","First FGM","Player","Team Exact","Home/Away","Favorite/Underdog",0.1143,775,0.0909,1000,0.0234,0.0129,1.2891,0.934130434782609,2026-06-20 18:51:36.952982,1,"Lexi Held two point field goal","Loss",1.2891,-1.2891,0.934130434782609,-0.934130434782609
2026-06-20,"Draft Kings","SEA @ PHX","1022600118","First Basket by Team Exact","First FGM","Player","Team Exact","Home/Away","Favorite/Underdog",0.0315,3078,0.0179,5500,0.0136,0.0069,0.6927,0.50195652173913,2026-06-20 12:51:39.08296,1,"Natasha Mack three point field goal","Loss",0.6927,-0.6927,0.50195652173913,-0.50195652173913
2026-06-20,"Draft Kings","SEA @ PHX","1022600118","First Basket by Team Exact","First FGM","Player","Team Exact","Home/Away","Favorite/Underdog",0.0315,3071,0.0164,6000,0.0151,0.0077,0.77,0.557971014492754,2026-06-20 18:21:37.907115,9,"Natasha Mack three point field goal","Loss",0.0773,-0.0773,0.056014492753624,-0.056014492753624
2026-06-20,"Draft Kings","SEA @ PHX","1022600118","First Basket by Team Exact","First FGM","Player","Team Exact","Home/Away","Favorite/Underdog",0.0315,3071,0.011,9000,0.0206,0.0104,1.039,0.752898550724638,2026-06-20 18:51:36.952982,10,"Natasha Mack three point field goal","Loss",0.269,-0.269,0.194927536231884,-0.194927536231884
2026-06-20,"Draft Kings","SEA @ PHX","1022600118","First Basket by Team Exact","First FGM","Player","Team Exact","Home/Away","Favorite/Underdog",0.1266,690,0.1053,850,0.0214,0.0119,1.1942,0.86536231884058,2026-06-20 12:51:39.08296,1,"Natisha Hiedeman two point field goal","Loss",1.1942,-1.1942,0.86536231884058,-0.86536231884058
2026-06-20,"Draft Kings","SEA @ PHX","1022600118","First Three by Team","First Three","Player","Team","Home/Away","Favorite/Underdog",0.1351,640,0.1053,850,0.0299,0.0167,1.6681,0.842474747474747,2026-06-20 12:51:39.34487,1,"Jade Melbourne","Loss",1.6681,-1.6681,0.842474747474747,-0.842474747474747
2026-06-21,"BetRivers","GSV @ LVA","1022600120","First Basket","First FGM","Player","Game","Home/Away","Favorite/Underdog",0.1111,800,0.1,900,0.0111,0.0061,0.6149,0.521101694915254,2026-06-21 12:51:36.23753,1,"Cecilia Zandalasini","Loss",0.6149,-0.6149,0.521101694915254,-0.521101694915254
2026-06-21,"theScore","GSV @ LVA","1022600120","First Basket","First Points","Player","Game","Home/Away","Favorite/Underdog",0.1133,783,0.1,900,0.0133,0.0074,0.738,0.625423728813559,2026-06-21 13:21:36.028711,2,"Cecilia Zandalasini","Loss",0.1231,-0.1231,0.104322033898305,-0.104322033898305
2026-06-21,"FanDuel","GSV @ LVA","1022600120","First Basket","First Points","Player","Game","Home/Away","Favorite/Underdog",0.1133,783,0.0952,950,0.018,0.01,0.9973,0.845169491525424,2026-06-21 16:51:35.411011,9,"Cecilia Zandalasini","Loss",0.2593,-0.2593,0.219745762711865,-0.219745762711865
2026-06-21,"Draft Kings","GSV @ LVA","1022600120","First Basket","First Points","Player","Game","Home/Away","Favorite/Underdog",0.072,1289,0.0617,1520,0.0103,0.0055,0.5482,0.464576271186441,2026-06-21 12:22:14.112865,1,"Chelsea Gray","Loss",0.5482,-0.5482,0.464576271186441,-0.464576271186441
2026-06-21,"FanDuel","GSV @ LVA","1022600120","First Basket","First Points","Player","Game","Home/Away","Favorite/Underdog",0.0694,1340,0.0588,1600,0.0106,0.0056,0.5634,0.477457627118644,2026-06-21 12:22:14.112865,1,"Kiah Stokes","Loss",0.5634,-0.5634,0.477457627118644,-0.477457627118644
2026-06-21,"MGM","GSV @ LVA","1022600120","First Basket","First FGM","Player","Game","Home/Away","Favorite/Underdog",0.0714,1301,0.0588,1600,0.0125,0.0067,0.6657,0.564152542372881,2026-06-21 13:51:35.542815,4,"Kiah Stokes","Loss",0.1023,-0.1023,0.0866949152542371,-0.0866949152542371
2026-06-21,"FanDuel","GSV @ LVA","1022600120","First Basket","First Points","Player","Game","Home/Away","Favorite/Underdog",0.0694,1340,0.0556,1700,0.0139,0.0073,0.7345,0.622457627118644,2026-06-21 19:51:38.693868,16,"Kiah Stokes","Loss",0.0688000000000001,-0.0688000000000001,0.058305084745763,-0.058305084745763
2026-06-21,"Fanatics","GSV @ LVA","1022600120","First Basket","First FGM","Player","Game","Home/Away","Favorite/Underdog",0.0653,1431,0.0526,1800,0.0127,0.0067,0.6685,0.566525423728814,2026-06-21 12:22:14.112865,1,"Stephanie Talbot","Loss",0.6685,-0.6685,0.566525423728814,-0.566525423728814
2026-06-21,"FanDuel","GSV @ LVA","1022600120","First Basket Exact","First Points","Player","Exact","Home/Away","Favorite/Underdog",0.036,2678,0.0217,4500,0.0143,0.0073,0.7286,1.08746268656716,2026-06-21 12:22:14.359754,1,"Cecilia Zandalasini layup","Loss",0.7286,-0.7286,1.08746268656716,-1.08746268656716
2026-06-21,"FanDuel","GSV @ LVA","1022600120","First Basket Exact","First Points","Player","Exact","Home/Away","Favorite/Underdog",0.036,2678,0.0196,5000,0.0164,0.0084,0.8357,1.24731343283582,2026-06-21 16:51:35.659612,10,"Cecilia Zandalasini layup","Loss",0.1071,-0.1071,0.15985074626866,-0.15985074626866
2026-06-21,"FanDuel","GSV @ LVA","1022600120","First Basket by Team","First Points","Player","Team","Home/Away","Favorite/Underdog",0.2239,347,0.2,400,0.0239,0.015,1.4961,0.69911214953271,2026-06-21 12:22:14.265996,1,"Cecilia Zandalasini","Loss",1.4961,-1.4961,0.69911214953271,-0.69911214953271
2026-06-21,"FanDuel","GSV @ LVA","1022600120","First Basket by Team","First Points","Player","Team","Home/Away","Favorite/Underdog",0.2239,347,0.1923,420,0.0316,0.0196,1.9581,0.915,2026-06-21 16:51:35.57066,10,"Cecilia Zandalasini","Loss",0.462,-0.462,0.21588785046729,-0.21588785046729
2026-06-21,"FanDuel","GSV @ LVA","1022600120","First Basket by Team","First Points","Player","Team","Home/Away","Favorite/Underdog",0.1457,586,0.1333,650,0.0124,0.0072,0.716,0.334579439252336,2026-06-21 12:22:14.265996,1,"Chelsea Gray","Loss",0.716,-0.716,0.334579439252336,-0.334579439252336
2026-06-21,"FanDuel","GSV @ LVA","1022600120","First Basket by Team","First Points","Player","Team","Home/Away","Favorite/Underdog",0.1372,629,0.1176,750,0.0196,0.0111,1.1106,0.518971962616822,2026-06-21 12:22:14.265996,1,"Kiah Stokes","Loss",1.1106,-1.1106,0.518971962616822,-0.518971962616822
2026-06-21,"Draft Kings","GSV @ LVA","1022600120","First Basket by Team","First FGM","Player","Team","Home/Away","Favorite/Underdog",0.1425,602,0.1176,750,0.0249,0.0141,1.4097,0.658738317757009,2026-06-21 14:21:35.519506,5,"Kiah Stokes","Loss",0.2991,-0.2991,0.139766355140187,-0.139766355140187
2026-06-21,"FanDuel","GSV @ LVA","1022600120","First Basket by Team","First Points","Player","Team","Home/Away","Favorite/Underdog",0.1372,629,0.1111,800,0.0261,0.0147,1.4701,0.68696261682243,2026-06-21 14:51:35.987556,6,"Kiah Stokes","Loss",0.0604,-0.0604,0.028224299065421,-0.028224299065421
2026-06-21,"FanDuel","GSV @ LVA","1022600120","First Basket by Team","First Points","Player","Team","Home/Away","Favorite/Underdog",0.1206,729,0.1053,850,0.0154,0.0086,0.8593,0.401542056074766,2026-06-21 12:22:14.265996,1,"Stephanie Talbot","Loss",0.8593,-0.8593,0.401542056074766,-0.401542056074766
2026-06-21,"FanDuel","GSV @ LVA","1022600120","First Basket by Team","First Points","Player","Team","Home/Away","Favorite/Underdog",0.1206,729,0.1,900,0.0206,0.0115,1.1467,0.535841121495327,2026-06-21 14:21:35.519506,5,"Stephanie Talbot","Loss",0.2874,-0.2874,0.134299065420561,-0.134299065420561
2026-06-21,"Draft Kings","GSV @ LVA","1022600120","First Basket by Team Exact","First FGM","Player","Team Exact","Home/Away","Favorite/Underdog",0.1515,560,0.1053,850,0.0463,0.0259,2.5866,1.87434782608696,2026-06-21 14:21:35.706155,1,"Cecilia Zandalasini two point field goal","Loss",2.5866,-2.5866,1.87434782608696,-1.87434782608696
2026-06-21,"Draft Kings","GSV @ LVA","1022600120","First Basket by Team Exact","First FGM","Player","Team Exact","Home/Away","Favorite/Underdog",0.0995,905,0.0833,1100,0.0162,0.0088,0.884,0.640579710144928,2026-06-21 14:21:35.706155,1,"Kiah Stokes two point field goal","Loss",0.884,-0.884,0.640579710144928,-0.640579710144928
2026-06-21,"Draft Kings","GSV @ LVA","1022600120","First Basket by Team Exact","First FGM","Player","Team Exact","Home/Away","Favorite/Underdog",0.0362,2659,0.0123,8000,0.0239,0.0121,1.2097,0.876594202898551,2026-06-21 14:21:35.706155,1,"NaLyssa Smith three point field goal","Loss",1.2097,-1.2097,0.876594202898551,-0.876594202898551
2026-06-21,"Draft Kings","GSV @ LVA","1022600120","First Basket by Team Exact","First FGM","Player","Team Exact","Home/Away","Favorite/Underdog",0.0819,1121,0.0625,1500,0.0194,0.0103,1.0338,0.749130434782609,2026-06-21 14:21:35.706155,1,"Stephanie Talbot two point field goal","Loss",1.0338,-1.0338,0.749130434782609,-0.749130434782609
2026-06-21,"Draft Kings","GSV @ LVA","1022600120","First Three by Team","First Three","Player","Team","Home/Away","Favorite/Underdog",0.232,331,0.2174,360,0.0146,0.0093,0.9303,0.469848484848485,2026-06-21 14:21:35.970603,1,"Cecilia Zandalasini","Loss",0.9303,-0.9303,0.469848484848485,-0.469848484848485
2026-06-21,"Draft Kings","GSV @ LVA","1022600120","First Three by Team","First Three","Player","Team","Home/Away","Favorite/Underdog",0.1126,788,0.0833,1100,0.0293,0.016,1.5956,0.805858585858586,2026-06-21 14:21:35.970603,1,"Kiah Stokes","Loss",1.5956,-1.5956,0.805858585858586,-0.805858585858586
2026-06-21,"FanDuel","NYL @ LAS","1022600122","First Basket","First Points","Player","Game","Home/Away","Favorite/Underdog",0.0856,1068,0.0667,1400,0.019,0.0102,1.0168,0.861694915254237,2026-06-21 12:22:14.112865,1,"Ariel Atkins","Loss",1.0168,-1.0168,0.861694915254237,-0.861694915254237
2026-06-21,"BetRivers","NYL @ LAS","1022600122","First Basket","First FGM","Player","Game","Home/Away","Favorite/Underdog",0.0882,1034,0.0667,1400,0.0215,0.0115,1.1525,0.976694915254237,2026-06-21 12:51:36.23753,2,"Ariel Atkins","Loss",0.1357,-0.1357,0.115,-0.115
2026-06-21,"FanDuel","NYL @ LAS","1022600122","First Basket","First Points","Player","Game","Home/Away","Favorite/Underdog",0.0827,1110,0.0556,1700,0.0271,0.0143,1.4349,1.21601694915254,2026-06-21 12:22:14.112865,1,"Erica Wheeler","Loss",1.4349,-1.4349,1.21601694915254,-1.21601694915254
2026-06-21,"FanDuel","NYL @ LAS","1022600122","First Basket","First Points","Player","Game","Home/Away","Favorite/Underdog",0.0827,1110,0.0526,1800,0.03,0.0158,1.5848,1.34305084745763,2026-06-21 13:51:35.542815,4,"Erica Wheeler","Loss",0.1499,-0.1499,0.12703389830509,-0.12703389830509
2026-06-21,"FanDuel","NYL @ LAS","1022600122","First Basket","First Points","Player","Game","Home/Away","Favorite/Underdog",0.0827,1110,0.05,1900,0.0327,0.0172,1.7189,1.45669491525424,2026-06-21 16:21:36.166502,9,"Erica Wheeler","Loss",0.1341,-0.1341,0.11364406779661,-0.11364406779661
2026-06-21,"FanDuel","NYL @ LAS","1022600122","First Basket","First Points","Player","Game","Home/Away","Favorite/Underdog",0.0874,1045,0.0667,1400,0.0207,0.0111,1.1087,0.939576271186441,2026-06-21 12:22:14.112865,1,"Leonie Fiebich","Loss",1.1087,-1.1087,0.939576271186441,-0.939576271186441
2026-06-21,"FanDuel","NYL @ LAS","1022600122","First Basket","First Points","Player","Game","Home/Away","Favorite/Underdog",0.0874,1045,0.0625,1500,0.0249,0.0133,1.326,1.12372881355932,2026-06-21 13:21:36.028711,3,"Leonie Fiebich","Loss",0.10865,-0.10865,0.0920762711864395,-0.0920762711864395
2026-06-21,"theScore","NYL @ LAS","1022600122","First Basket","First Points","Player","Game","Home/Away","Favorite/Underdog",0.0874,1045,0.0625,1500,0.0249,0.0133,1.326,1.12372881355932,2026-06-21 13:21:36.028711,3,"Leonie Fiebich","Loss",0.10865,-0.10865,0.0920762711864395,-0.0920762711864395
2026-06-21,"FanDuel","NYL @ LAS","1022600122","First Basket","First Points","Player","Game","Home/Away","Favorite/Underdog",0.1214,724,0.1111,800,0.0103,0.0058,0.58,0.491525423728814,2026-06-21 23:51:39.583991,1,"Satou Sabally","Loss",0.58,-0.58,0.491525423728814,-0.491525423728814
2026-06-21,"FanDuel","NYL @ LAS","1022600122","First Basket by Team","First Points","Player","Team","Home/Away","Favorite/Underdog",0.1797,457,0.1429,600,0.0368,0.0215,2.1486,1.00401869158878,2026-06-21 12:22:14.265996,1,"Ariel Atkins","Loss",2.1486,-2.1486,1.00401869158878,-1.00401869158878
2026-06-21,"FanDuel","NYL @ LAS","1022600122","First Basket by Team","First Points","Player","Team","Home/Away","Favorite/Underdog",0.1734,477,0.1176,750,0.0558,0.0316,3.1607,1.47696261682243,2026-06-21 12:22:14.265996,1,"Erica Wheeler","Win",3.1607,23.70525,1.47696261682243,11.0772196261682
2026-06-21,"FanDuel","NYL @ LAS","1022600122","First Basket by Team","First Points","Player","Team","Home/Away","Favorite/Underdog",0.1734,477,0.1111,800,0.0623,0.0351,3.5051,1.63789719626168,2026-06-21 13:51:35.699862,4,"Erica Wheeler","Win",0.3444,2.7552,0.16093457943925,1.287476635514
2026-06-21,"FanDuel","NYL @ LAS","1022600122","First Basket by Team","First Points","Player","Team","Home/Away","Favorite/Underdog",0.1669,499,0.1176,750,0.0493,0.0279,2.7924,1.30485981308411,2026-06-21 12:22:14.265996,1,"Leonie Fiebich","Loss",2.7924,-2.7924,1.30485981308411,-1.30485981308411
2026-06-21,"FanDuel","NYL @ LAS","1022600122","First Basket by Team","First Points","Player","Team","Home/Away","Favorite/Underdog",0.1669,499,0.1111,800,0.0558,0.0314,3.1395,1.46705607476636,2026-06-21 20:51:39.715964,18,"Leonie Fiebich","Loss",0.3471,-0.3471,0.16219626168225,-0.16219626168225
2026-06-21,"FanDuel","NYL @ LAS","1022600122","First Basket by Team","First Points","Player","Team","Home/Away","Favorite/Underdog",0.2315,332,0.1961,410,0.0354,0.022,2.204,1.02990654205607,2026-06-21 23:51:39.739108,1,"Satou Sabally","Loss",2.204,-2.204,1.02990654205607,-1.02990654205607
2026-06-21,"Draft Kings","NYL @ LAS","1022600122","First Basket by Team Exact","First FGM","Player","Team Exact","Home/Away","Favorite/Underdog",0.128,681,0.1176,750,0.0104,0.0059,0.5888,0.426666666666667,2026-06-21 14:21:35.706155,1,"Ariel Atkins two point field goal","Loss",0.5888,-0.5888,0.426666666666667,-0.426666666666667
2026-06-21,"Draft Kings","NYL @ LAS","1022600122","First Basket by Team Exact","First FGM","Player","Team Exact","Home/Away","Favorite/Underdog",0.0378,2543,0.0152,6500,0.0227,0.0115,1.152,0.834782608695652,2026-06-21 14:21:35.706155,1,"Dearica Hamby three point field goal","Loss",1.152,-1.152,0.834782608695652,-0.834782608695652
2026-06-21,"Draft Kings","NYL @ LAS","1022600122","First Basket by Team Exact","First FGM","Player","Team Exact","Home/Away","Favorite/Underdog",0.1139,778,0.0769,1200,0.037,0.02,2.0031,1.45152173913043,2026-06-21 14:21:35.706155,1,"Erica Wheeler two point field goal","Win",2.0031,24.0372,1.45152173913043,17.4182608695652
2026-06-21,"Draft Kings","NYL @ LAS","1022600122","First Basket by Team Exact","First FGM","Player","Team Exact","Home/Away","Favorite/Underdog",0.1061,843,0.0714,1300,0.0347,0.0187,1.8658,1.35202898550725,2026-06-21 14:21:35.706155,1,"Leonie Fiebich two point field goal","Loss",1.8658,-1.8658,1.35202898550725,-1.35202898550725
2026-06-21,"Draft Kings","NYL @ LAS","1022600122","First Basket by Team Exact","First FGM","Player","Team Exact","Home/Away","Favorite/Underdog",0.1623,516,0.1333,650,0.029,0.0167,1.671,1.21086956521739,2026-06-21 23:51:39.907658,1,"Satou Sabally two point field goal","Loss",1.671,-1.671,1.21086956521739,-1.21086956521739
2026-06-21,"FanDuel","NYL @ LAS","1022600122","First Team","First Points","Team","Quarter","Home/Away","Favorite/Underdog",0.4755,110,0.463,116,0.0126,0.0117,0.5851,0.379935064935065,2026-06-21 23:51:39.970927,1,"1Q LAS","Loss",0.5851,-0.5851,0.379935064935065,-0.379935064935065
2026-06-21,"Draft Kings","WAS @ MIN","1022600121","First Basket","First Points","Player","Game","Home/Away","Favorite/Underdog",0.0682,1367,0.0575,1640,0.0107,0.0057,0.5684,0.481694915254237,2026-06-21 12:22:14.112865,1,"Georgia Amoore","Loss",0.5684,-0.5684,0.481694915254237,-0.481694915254237
2026-06-21,"Draft Kings","WAS @ MIN","1022600121","First Basket","First Points","Player","Game","Home/Away","Favorite/Underdog",0.0682,1367,0.0526,1800,0.0156,0.0082,0.821,0.695762711864407,2026-06-21 15:51:35.627039,8,"Georgia Amoore","Loss",0.2526,-0.2526,0.21406779661017,-0.21406779661017
2026-06-21,"FanDuel","WAS @ MIN","1022600121","First Basket","First Points","Player","Game","Home/Away","Favorite/Underdog",0.0919,988,0.0769,1200,0.015,0.0081,0.8123,0.688389830508475,2026-06-21 12:22:14.112865,1,"Michaela Onyenwere","Loss",0.8123,-0.8123,0.688389830508475,-0.688389830508475
2026-06-21,"Draft Kings","WAS @ MIN","1022600121","First Basket","First Points","Player","Game","Home/Away","Favorite/Underdog",0.0919,988,0.0758,1220,0.0162,0.0087,0.8743,0.740932203389831,2026-06-21 13:51:35.542815,4,"Michaela Onyenwere","Loss",0.0619999999999999,-0.0619999999999999,0.052542372881356,-0.052542372881356
2026-06-21,"FanDuel","WAS @ MIN","1022600121","First Basket by Team","First Points","Player","Team","Home/Away","Favorite/Underdog",0.2084,380,0.1852,440,0.0233,0.0143,1.4268,0.666728971962617,2026-06-21 12:22:14.265996,1,"Courtney Williams","Win",1.4268,6.27792,0.666728971962617,2.93360747663552
2026-06-21,"FanDuel","WAS @ MIN","1022600121","First Basket by Team","First Points","Player","Team","Home/Away","Favorite/Underdog",0.2084,380,0.1786,460,0.0299,0.0182,1.8178,0.849439252336449,2026-06-21 14:21:35.519506,5,"Courtney Williams","Win",0.391,1.7986,0.182710280373832,0.840467289719627
2026-06-21,"FanDuel","WAS @ MIN","1022600121","First Basket by Team","First Points","Player","Team","Home/Away","Favorite/Underdog",0.2084,380,0.1724,480,0.036,0.0218,2.1763,1.01696261682243,2026-06-21 15:21:35.46316,7,"Courtney Williams","Win",0.3585,1.7208,0.167523364485981,0.804112149532708
2026-06-21,"FanDuel","WAS @ MIN","1022600121","First Basket by Team","First Points","Player","Team","Home/Away","Favorite/Underdog",0.2084,380,0.1695,490,0.0389,0.0234,2.3446,1.09560747663551,2026-06-21 16:21:36.326516,9,"Courtney Williams","Win",0.1683,0.82467,0.07864485981308,0.385359813084092
2026-06-21,"Fanatics","WAS @ MIN","1022600121","First Basket by Team","First FGM","Player","Team","Home/Away","Favorite/Underdog",0.1334,650,0.1176,750,0.0158,0.0089,0.8933,0.417429906542056,2026-06-21 12:22:14.265996,1,"Georgia Amoore","Win",0.8933,6.69975,0.417429906542056,3.13072429906542
2026-06-21,"Fanatics","WAS @ MIN","1022600121","First Basket by Team","First FGM","Player","Team","Home/Away","Favorite/Underdog",0.1334,650,0.1111,800,0.0223,0.0125,1.2544,0.586168224299065,2026-06-21 20:21:39.170516,7,"Georgia Amoore","Win",0.3611,2.8888,0.168738317757009,1.34990654205607
2026-06-21,"FanDuel","WAS @ MIN","1022600121","First Basket by Team","First Points","Player","Team","Home/Away","Favorite/Underdog",0.1762,468,0.1538,550,0.0223,0.0132,1.3201,0.616869158878505,2026-06-21 12:22:14.265996,1,"Michaela Onyenwere","Loss",1.3201,-1.3201,0.616869158878505,-0.616869158878505
2026-06-21,"FanDuel","WAS @ MIN","1022600121","First Basket by Team","First Points","Player","Team","Home/Away","Favorite/Underdog",0.1762,468,0.1429,600,0.0333,0.0194,1.9442,0.908504672897196,2026-06-21 16:21:36.326516,9,"Michaela Onyenwere","Loss",0.6241,-0.6241,0.291635514018691,-0.291635514018691
2026-06-21,"Draft Kings","WAS @ MIN","1022600121","First Basket by Team Exact","First FGM","Player","Team Exact","Home/Away","Favorite/Underdog",0.1544,548,0.1429,600,0.0115,0.0067,0.673,0.48768115942029,2026-06-21 19:51:39.043499,1,"Courtney Williams two point field goal","Loss",0.673,-0.673,0.48768115942029,-0.48768115942029
2026-06-21,"Draft Kings","WAS @ MIN","1022600121","First Basket by Team Exact","First FGM","Player","Team Exact","Home/Away","Favorite/Underdog",0.0438,2183,0.0196,5000,0.0242,0.0123,1.2337,0.893985507246377,2026-06-21 14:21:35.706155,1,"Kiki Iriafen three point field goal","Loss",1.2337,-1.2337,0.893985507246377,-0.893985507246377
2026-06-21,"Draft Kings","WAS @ MIN","1022600121","First Basket by Team Exact","First FGM","Player","Team Exact","Home/Away","Favorite/Underdog",0.1234,710,0.1053,850,0.0182,0.0102,1.0157,0.736014492753623,2026-06-21 14:21:35.706155,1,"Michaela Onyenwere two point field goal","Loss",1.0157,-1.0157,0.736014492753623,-0.736014492753623
2026-06-21,"Draft Kings","WAS @ MIN","1022600121","First Basket by Team Exact","First FGM","Player","Team Exact","Home/Away","Favorite/Underdog",0.0438,2181,0.0099,10000,0.0339,0.0171,1.7136,1.24173913043478,2026-06-21 14:21:35.706155,1,"Natasha Howard three point field goal","Loss",1.7136,-1.7136,1.24173913043478,-1.24173913043478
2026-06-21,"Draft Kings","WAS @ MIN","1022600121","First Basket by Team Exact","First FGM","Player","Team Exact","Home/Away","Favorite/Underdog",0.0427,2241,0.0217,4500,0.021,0.0107,1.0725,0.777173913043478,2026-06-21 14:21:35.706155,1,"Shakira Austin three point field goal","Loss",1.0725,-1.0725,0.777173913043478,-0.777173913043478
2026-06-21,"Draft Kings","WAS @ MIN","1022600121","First Three by Team","First Three","Player","Team","Home/Away","Favorite/Underdog",0.0592,1589,0.0435,2200,0.0157,0.0082,0.8218,0.415050505050505,2026-06-21 14:21:35.970603,1,"Natasha Howard","Loss",0.8218,-0.8218,0.415050505050505,-0.415050505050505
2026-06-22,"FanDuel","CHI @ CON","1022600123","First Basket","First Points","Player","Game","Home/Away","Favorite/Underdog",0.1031,870,0.0909,1000,0.0122,0.0067,0.6713,0.568898305084746,2026-06-22 12:51:38.777215,1,"Diamond Miller","Loss",0.6713,-0.6713,0.568898305084746,-0.568898305084746
2026-06-22,"FanDuel","CHI @ CON","1022600123","First Basket","First Points","Player","Game","Home/Away","Favorite/Underdog",0.1032,869,0.0909,1000,0.0123,0.0068,0.6776,0.574237288135593,2026-06-22 13:21:40.837135,2,"Diamond Miller","Loss",0.00629999999999997,-0.00629999999999997,0.00533898305084701,-0.00533898305084701
2026-06-22,"BetRivers","CHI @ CON","1022600123","First Basket","First FGM","Player","Game","Home/Away","Favorite/Underdog",0.107,835,0.0909,1000,0.0161,0.0089,0.8853,0.750254237288136,2026-06-22 22:51:39.31286,3,"Diamond Miller","Loss",0.2077,-0.2077,0.176016949152543,-0.176016949152543
2026-06-22,"FanDuel","CHI @ CON","1022600123","First Basket","First Points","Player","Game","Home/Away","Favorite/Underdog",0.0776,1188,0.0667,1400,0.011,0.0059,0.5881,0.498389830508475,2026-06-22 15:51:38.940724,1,"Gabriela Jaquez","Loss",0.5881,-0.5881,0.498389830508475,-0.498389830508475
2026-06-22,"FanDuel","CHI @ CON","1022600123","First Basket","First Points","Player","Game","Home/Away","Favorite/Underdog",0.0778,1186,0.0667,1400,0.0111,0.0059,0.5938,0.503220338983051,2026-06-22 21:21:41.037096,4,"Gabriela Jaquez","Loss",0.00570000000000004,-0.00570000000000004,0.00483050847457595,-0.00483050847457595
2026-06-22,"FanDuel","CHI @ CON","1022600123","First Basket","First Points","Player","Game","Home/Away","Favorite/Underdog",0.0769,1201,0.05,1900,0.0269,0.0141,1.4134,1.19779661016949,2026-06-22 22:21:38.356519,5,"Gabriela Jaquez","Loss",0.8196,-0.8196,0.694576271186439,-0.694576271186439
2026-06-22,"FanDuel","CHI @ CON","1022600123","First Basket","First Points","Player","Game","Home/Away","Favorite/Underdog",0.0769,1200,0.0476,2000,0.0293,0.0154,1.5386,1.30389830508475,2026-06-22 22:51:39.31286,6,"Gabriela Jaquez","Loss",0.1252,-0.1252,0.10610169491526,-0.10610169491526
2026-06-22,"FanDuel","CHI @ CON","1022600123","First Basket","First Points","Player","Game","Home/Away","Favorite/Underdog",0.0829,1106,0.0714,1300,0.0115,0.0062,0.6203,0.525677966101695,2026-06-22 22:21:38.356519,1,"Skylar Diggins","Loss",0.6203,-0.6203,0.525677966101695,-0.525677966101695
2026-06-22,"FanDuel","CHI @ CON","1022600123","First Basket","First Points","Player","Game","Home/Away","Favorite/Underdog",0.083,1104,0.0667,1400,0.0164,0.0088,0.8763,0.742627118644068,2026-06-22 22:51:39.31286,2,"Skylar Diggins","Loss",0.256,-0.256,0.216949152542373,-0.216949152542373
2026-06-22,"FanDuel","CHI @ CON","1022600123","First Basket","First Points","Player","Game","Home/Away","Favorite/Underdog",0.0912,996,0.0625,1500,0.0287,0.0153,1.5321,1.29838983050847,2026-06-22 12:22:20.451198,1,"Sydney Taylor","Loss",1.5321,-1.5321,1.29838983050847,-1.29838983050847
2026-06-22,"FanDuel","CHI @ CON","1022600123","First Basket","First Points","Player","Game","Home/Away","Favorite/Underdog",0.0902,1009,0.0556,1700,0.0346,0.0183,1.8328,1.55322033898305,2026-06-22 22:21:38.356519,21,"Sydney Taylor","Loss",0.3007,-0.3007,0.25483050847458,-0.25483050847458
2026-06-22,"FanDuel","CHI @ CON","1022600123","First Basket","First Points","Player","Game","Home/Away","Favorite/Underdog",0.0903,1008,0.0556,1700,0.0347,0.0184,1.8372,1.55694915254237,2026-06-22 22:51:39.31286,22,"Sydney Taylor","Loss",0.00439999999999996,-0.00439999999999996,0.00372881355932009,-0.00372881355932009
2026-06-22,"FanDuel","CHI @ CON","1022600123","First Basket by Team","First Points","Player","Team","Home/Away","Favorite/Underdog",0.1442,593,0.1176,750,0.0266,0.0151,1.5066,0.704018691588785,2026-06-22 22:51:39.47648,1,"Charlisse Leger-Walker","Loss",1.5066,-1.5066,0.704018691588785,-0.704018691588785
2026-06-22,"FanDuel","CHI @ CON","1022600123","First Basket by Team","First Points","Player","Team","Home/Away","Favorite/Underdog",0.1876,433,0.1667,500,0.0209,0.0125,1.2535,0.585747663551402,2026-06-22 12:22:20.612033,1,"Diamond Miller","Loss",1.2535,-1.2535,0.585747663551402,-0.585747663551402
2026-06-22,"Draft Kings","CHI @ CON","1022600123","First Basket by Team","First FGM","Player","Team","Home/Away","Favorite/Underdog",0.188,432,0.1667,500,0.0214,0.0128,1.2821,0.59911214953271,2026-06-22 14:21:39.814234,5,"Diamond Miller","Loss",0.0286,-0.0286,0.013364485981308,-0.013364485981308
2026-06-22,"FanDuel","CHI @ CON","1022600123","First Basket by Team","First Points","Player","Team","Home/Away","Favorite/Underdog",0.1999,400,0.1695,490,0.0305,0.0183,1.8336,0.856822429906542,2026-06-22 22:51:39.47648,21,"Diamond Miller","Loss",0.5515,-0.5515,0.257710280373832,-0.257710280373832
2026-06-22,"FanDuel","CHI @ CON","1022600123","First Basket by Team","First Points","Player","Team","Home/Away","Favorite/Underdog",0.1727,479,0.1429,600,0.0298,0.0174,1.7405,0.813317757009346,2026-06-22 15:51:39.099957,1,"Gabriela Jaquez","Loss",1.7405,-1.7405,0.813317757009346,-0.813317757009346
2026-06-22,"FanDuel","CHI @ CON","1022600123","First Basket by Team","First Points","Player","Team","Home/Away","Favorite/Underdog",0.1727,479,0.1111,800,0.0616,0.0346,3.464,1.61869158878505,2026-06-22 22:21:38.519211,14,"Gabriela Jaquez","Loss",1.7235,-1.7235,0.805373831775704,-0.805373831775704
2026-06-22,"FanDuel","CHI @ CON","1022600123","First Basket by Team","First Points","Player","Team","Home/Away","Favorite/Underdog",0.1727,479,0.1053,850,0.0674,0.0377,3.7682,1.76084112149533,2026-06-22 22:51:39.47648,15,"Gabriela Jaquez","Loss",0.3042,-0.3042,0.14214953271028,-0.14214953271028
2026-06-22,"FanDuel","CHI @ CON","1022600123","First Basket by Team","First Points","Player","Team","Home/Away","Favorite/Underdog",0.1864,437,0.1754,470,0.0109,0.0066,0.6638,0.31018691588785,2026-06-22 12:22:20.612033,1,"Skylar Diggins","Loss",0.6638,-0.6638,0.31018691588785,-0.31018691588785
2026-06-22,"FanDuel","CHI @ CON","1022600123","First Basket by Team","First Points","Player","Team","Home/Away","Favorite/Underdog",0.1864,437,0.1695,490,0.0169,0.0102,1.0171,0.475280373831776,2026-06-22 17:21:40.634194,6,"Skylar Diggins","Loss",0.3533,-0.3533,0.165093457943926,-0.165093457943926
2026-06-22,"FanDuel","CHI @ CON","1022600123","First Basket by Team","First Points","Player","Team","Home/Away","Favorite/Underdog",0.1864,437,0.1538,550,0.0325,0.0192,1.9228,0.898504672897196,2026-06-22 22:21:38.519211,9,"Skylar Diggins","Loss",0.9057,-0.9057,0.42322429906542,-0.42322429906542
2026-06-22,"FanDuel","CHI @ CON","1022600123","First Basket by Team","First Points","Player","Team","Home/Away","Favorite/Underdog",0.2026,394,0.1333,650,0.0693,0.04,3.9976,1.86803738317757,2026-06-22 12:22:20.612033,1,"Sydney Taylor","Win",3.9976,25.9844,1.86803738317757,12.1422429906542
2026-06-22,"FanDuel","CHI @ CON","1022600123","First Basket by Team","First Points","Player","Team","Home/Away","Favorite/Underdog",0.2026,394,0.1176,750,0.085,0.0482,4.8154,2.25018691588785,2026-06-22 22:21:38.519211,21,"Sydney Taylor","Win",0.8178,6.1335,0.38214953271028,2.8661214953271
2026-06-22,"Draft Kings","CHI @ CON","1022600123","First Basket by Team Exact","First FGM","Player","Team Exact","Home/Away","Favorite/Underdog",0.042,2280,0.0123,8000,0.0297,0.015,1.5018,1.08826086956522,2026-06-22 14:21:40.015773,1,"Brittney Griner three point field goal","Loss",1.5018,-1.5018,1.08826086956522,-1.08826086956522
2026-06-22,"Draft Kings","CHI @ CON","1022600123","First Basket by Team Exact","First FGM","Player","Team Exact","Home/Away","Favorite/Underdog",0.0438,2184,0.0123,8000,0.0314,0.0159,1.5917,1.15340579710145,2026-06-22 22:51:39.681096,17,"Brittney Griner three point field goal","Loss",0.0898999999999999,-0.0898999999999999,0.0651449275362299,-0.0651449275362299
2026-06-22,"Draft Kings","CHI @ CON","1022600123","First Basket by Team Exact","First FGM","Player","Team Exact","Home/Away","Favorite/Underdog",0.1384,622,0.1176,750,0.0208,0.0118,1.1776,0.853333333333333,2026-06-22 14:21:40.015773,1,"Diamond Miller two point field goal","Loss",1.1776,-1.1776,0.853333333333333,-0.853333333333333
2026-06-22,"Draft Kings","CHI @ CON","1022600123","First Basket by Team Exact","First FGM","Player","Team Exact","Home/Away","Favorite/Underdog",0.1353,639,0.125,700,0.0103,0.0059,0.5871,0.425434782608696,2026-06-22 14:21:40.015773,1,"Skylar Diggins two point field goal","Loss",0.5871,-0.5871,0.425434782608696,-0.425434782608696
2026-06-22,"Draft Kings","CHI @ CON","1022600123","First Basket by Team Exact","First FGM","Player","Team Exact","Home/Away","Favorite/Underdog",0.1406,611,0.0909,1000,0.0497,0.0273,2.7309,1.97891304347826,2026-06-22 14:21:40.015773,1,"Sydney Taylor two point field goal","Loss",2.7309,-2.7309,1.97891304347826,-1.97891304347826
2026-06-22,"Draft Kings","CHI @ CON","1022600123","First Three by Team","First Three","Player","Team","Home/Away","Favorite/Underdog",0.0733,1264,0.0588,1600,0.0145,0.0077,0.7689,0.388333333333333,2026-06-22 22:51:39.948838,1,"Brittney Griner","Loss",0.7689,-0.7689,0.388333333333333,-0.388333333333333
2026-06-22,"FanDuel","DAL @ SEA","1022600126","First Basket","First Points","Player","Game","Home/Away","Favorite/Underdog",0.1014,886,0.0909,1000,0.0105,0.0058,0.5757,0.487881355932203,2026-06-22 12:22:20.451198,1,"Awak Kuier","Loss",0.5757,-0.5757,0.487881355932203,-0.487881355932203
2026-06-22,"MGM","DAL @ SEA","1022600126","First Basket","First FGM","Player","Game","Home/Away","Favorite/Underdog",0.1032,869,0.0909,1000,0.0123,0.0068,0.6764,0.573220338983051,2026-06-22 12:51:38.777215,2,"Awak Kuier","Loss",0.1007,-0.1007,0.085338983050848,-0.085338983050848
2026-06-22,"Draft Kings","DAL @ SEA","1022600126","First Basket","First Points","Player","Game","Home/Away","Favorite/Underdog",0.0917,991,0.0758,1220,0.0159,0.0086,0.86,0.728813559322034,2026-06-22 12:22:20.451198,1,"Azzi Fudd","Loss",0.86,-0.86,0.728813559322034,-0.728813559322034
2026-06-22,"FanDuel","DAL @ SEA","1022600126","First Basket","First Points","Player","Game","Home/Away","Favorite/Underdog",0.0878,1039,0.0714,1300,0.0164,0.0088,0.8816,0.747118644067797,2026-06-23 01:51:40.617101,1,"Natisha Hiedeman","Loss",0.8816,-0.8816,0.747118644067797,-0.747118644067797
2026-06-22,"FanDuel","DAL @ SEA","1022600126","First Basket Exact","First Points","Player","Exact","Home/Away","Favorite/Underdog",0.0306,3171,0.0196,5000,0.011,0.0056,0.559,0.834328358208955,2026-06-22 12:22:20.71252,1,"Azzi Fudd layup","Loss",0.559,-0.559,0.834328358208955,-0.834328358208955
2026-06-22,"Draft Kings","DAL @ SEA","1022600126","First Basket by Team","First FGM","Player","Team","Home/Away","Favorite/Underdog",0.1949,413,0.1739,475,0.021,0.0127,1.271,0.59392523364486,2026-06-22 14:51:41.112936,1,"Arike Ogunbowale","Loss",1.271,-1.271,0.59392523364486,-0.59392523364486
2026-06-22,"FanDuel","DAL @ SEA","1022600126","First Basket by Team","First Points","Player","Team","Home/Away","Favorite/Underdog",0.2033,392,0.1887,430,0.0146,0.009,0.8985,0.419859813084112,2026-06-22 12:22:20.612033,1,"Awak Kuier","Loss",0.8985,-0.8985,0.419859813084112,-0.419859813084112
2026-06-22,"FanDuel","DAL @ SEA","1022600126","First Basket by Team","First Points","Player","Team","Home/Away","Favorite/Underdog",0.2033,392,0.1852,440,0.0181,0.0111,1.1091,0.518271028037383,2026-06-22 16:51:39.379273,9,"Awak Kuier","Loss",0.2106,-0.2106,0.098411214953271,-0.098411214953271
2026-06-22,"Fanatics","DAL @ SEA","1022600126","First Basket by Team","First FGM","Player","Team","Home/Away","Favorite/Underdog",0.2083,380,0.1818,450,0.0264,0.0162,1.6161,0.75518691588785,2026-06-22 22:51:39.47648,19,"Awak Kuier","Loss",0.507,-0.507,0.236915887850467,-0.236915887850467
2026-06-22,"FanDuel","DAL @ SEA","1022600126","First Basket by Team","First Points","Player","Team","Home/Away","Favorite/Underdog",0.1838,444,0.1695,490,0.0143,0.0086,0.8594,0.401588785046729,2026-06-22 12:22:20.612033,1,"Azzi Fudd","Loss",0.8594,-0.8594,0.401588785046729,-0.401588785046729
2026-06-22,"FanDuel","DAL @ SEA","1022600126","First Basket by Team","First Points","Player","Team","Home/Away","Favorite/Underdog",0.1838,444,0.1667,500,0.0171,0.0103,1.026,0.479439252336449,2026-06-22 13:21:40.992864,3,"Azzi Fudd","Loss",0.1666,-0.1666,0.07785046728972,-0.07785046728972
2026-06-22,"Fanatics","DAL @ SEA","1022600126","First Basket by Team","First FGM","Player","Team","Home/Away","Favorite/Underdog",0.1567,538,0.1429,600,0.0138,0.008,0.8048,0.37607476635514,2026-06-23 01:51:40.772449,1,"Katie Lou Samuelson","Loss",0.8048,-0.8048,0.37607476635514,-0.37607476635514
2026-06-22,"FanDuel","DAL @ SEA","1022600126","First Basket by Team","First Points","Player","Team","Home/Away","Favorite/Underdog",0.1682,495,0.1538,550,0.0143,0.0085,0.847,0.395794392523364,2026-06-22 12:22:20.612033,1,"Natisha Hiedeman","Loss",0.847,-0.847,0.395794392523364,-0.395794392523364
2026-06-22,"FanDuel","DAL @ SEA","1022600126","First Basket by Team","First Points","Player","Team","Home/Away","Favorite/Underdog",0.1744,473,0.1429,600,0.0316,0.0184,1.8411,0.860327102803738,2026-06-23 01:51:40.772449,27,"Natisha Hiedeman","Loss",0.9941,-0.9941,0.464532710280374,-0.464532710280374
2026-06-22,"Draft Kings","DAL @ SEA","1022600126","First Basket by Team Exact","First FGM","Player","Team Exact","Home/Away","Favorite/Underdog",0.1368,631,0.1111,800,0.0257,0.0145,1.4456,1.04753623188406,2026-06-22 14:51:41.318548,1,"Arike Ogunbowale two point field goal","Loss",1.4456,-1.4456,1.04753623188406,-1.04753623188406
2026-06-22,"Draft Kings","DAL @ SEA","1022600126","First Basket by Team Exact","First FGM","Player","Team Exact","Home/Away","Favorite/Underdog",0.1585,531,0.1429,600,0.0156,0.0091,0.9111,0.660217391304348,2026-06-22 14:51:41.318548,1,"Awak Kuier two point field goal","Loss",0.9111,-0.9111,0.660217391304348,-0.660217391304348
2026-06-22,"Draft Kings","DAL @ SEA","1022600126","First Basket by Team Exact","First FGM","Player","Team Exact","Home/Away","Favorite/Underdog",0.1212,725,0.1111,800,0.0101,0.0057,0.5694,0.412608695652174,2026-06-22 14:51:41.318548,1,"Azzi Fudd two point field goal","Loss",0.5694,-0.5694,0.412608695652174,-0.412608695652174
2026-06-22,"Draft Kings","DAL @ SEA","1022600126","First Basket by Team Exact","First FGM","Player","Team Exact","Home/Away","Favorite/Underdog",0.0556,1697,0.0278,3500,0.0279,0.0143,1.4326,1.03811594202899,2026-06-22 14:51:41.318548,1,"Dominique Malonga three point field goal","Loss",1.4326,-1.4326,1.03811594202899,-1.03811594202899
2026-06-22,"Draft Kings","DAL @ SEA","1022600126","First Basket by Team Exact","First FGM","Player","Team Exact","Home/Away","Favorite/Underdog",0.0557,1695,0.0278,3500,0.0279,0.0144,1.4364,1.04086956521739,2026-06-23 00:21:40.750953,20,"Dominique Malonga three point field goal","Loss",0.0037999999999998,-0.0037999999999998,0.0027536231884,-0.0027536231884
2026-06-22,"Draft Kings","DAL @ SEA","1022600126","First Basket by Team Exact","First FGM","Player","Team Exact","Home/Away","Favorite/Underdog",0.0566,1668,0.0278,3500,0.0288,0.0148,1.4811,1.07326086956522,2026-06-23 01:51:40.961561,23,"Dominique Malonga three point field goal","Loss",0.0447000000000002,-0.0447000000000002,0.0323913043478299,-0.0323913043478299
2026-06-22,"Draft Kings","DAL @ SEA","1022600126","First Basket by Team Exact","First FGM","Player","Team Exact","Home/Away","Favorite/Underdog",0.0342,2821,0.0141,7000,0.0202,0.0102,1.0219,0.740507246376812,2026-06-22 14:51:41.318548,1,"Jessica Shepard three point field goal","Loss",1.0219,-1.0219,0.740507246376812,-0.740507246376812
2026-06-22,"Draft Kings","DAL @ SEA","1022600126","First Basket by Team Exact","First FGM","Player","Team Exact","Home/Away","Favorite/Underdog",0.0978,922,0.0625,1500,0.0353,0.0188,1.8835,1.36485507246377,2026-06-23 01:51:40.961561,1,"Katie Lou Samuelson two point field goal","Loss",1.8835,-1.8835,1.36485507246377,-1.36485507246377
2026-06-22,"Draft Kings","DAL @ SEA","1022600126","First Basket by Team Exact","First FGM","Player","Team Exact","Home/Away","Favorite/Underdog",0.1277,683,0.1,900,0.0277,0.0154,1.5411,1.11673913043478,2026-06-22 14:51:41.318548,1,"Natisha Hiedeman two point field goal","Loss",1.5411,-1.5411,1.11673913043478,-1.11673913043478
2026-06-22,"Draft Kings","DAL @ SEA","1022600126","First Three by Team","First Three","Player","Team","Home/Away","Favorite/Underdog",0.2416,314,0.1739,475,0.0677,0.041,4.0987,2.07005050505051,2026-06-23 01:51:41.22992,1,"Katie Lou Samuelson","Loss",4.0987,-4.0987,2.07005050505051,-2.07005050505051
2026-06-22,"FanDuel","PHX @ IND","1022600125","First Basket","First Points","Player","Game","Home/Away","Favorite/Underdog",0.0718,1294,0.0556,1700,0.0162,0.0086,0.8577,0.726864406779661,2026-06-22 12:22:20.451198,1,"Lexie Hull","Win",0.8577,14.5809,0.726864406779661,12.3566949152542
2026-06-22,"MGM","PHX @ IND","1022600125","First Basket","First FGM","Player","Game","Home/Away","Favorite/Underdog",0.0736,1258,0.0556,1700,0.0181,0.0096,0.9563,0.810423728813559,2026-06-22 12:51:38.777215,2,"Lexie Hull","Win",0.0986,1.6762,0.0835593220338979,1.42050847457626
2026-06-22,"FanDuel","PHX @ IND","1022600125","First Basket","First Points","Player","Game","Home/Away","Favorite/Underdog",0.0718,1292,0.0526,1800,0.0192,0.0101,1.014,0.859322033898305,2026-06-22 15:51:38.940724,8,"Lexie Hull","Win",0.0577,1.0386,0.048898305084746,0.880169491525428
2026-06-22,"FanDuel","PHX @ IND","1022600125","First Basket","First Points","Player","Game","Home/Away","Favorite/Underdog",0.0718,1292,0.05,1900,0.0218,0.0115,1.1497,0.974322033898305,2026-06-22 16:21:40.190135,9,"Lexie Hull","Win",0.1357,2.5783,0.115,2.185
2026-06-22,"FanDuel","PHX @ IND","1022600125","First Basket","First Points","Player","Game","Home/Away","Favorite/Underdog",0.0718,1292,0.0476,2000,0.0242,0.0127,1.2719,1.0778813559322,2026-06-22 17:51:38.360126,12,"Lexie Hull","Win",0.1222,2.444,0.103559322033895,2.0711864406779
2026-06-22,"Fanatics","PHX @ IND","1022600125","First Basket","First FGM","Player","Game","Home/Away","Favorite/Underdog",0.084,1090,0.0667,1400,0.0174,0.0093,0.9299,0.788050847457627,2026-06-22 12:22:20.451198,1,"Noemie Brochant","Loss",0.9299,-0.9299,0.788050847457627,-0.788050847457627
2026-06-22,"FanDuel","PHX @ IND","1022600125","First Basket by Team","First Points","Player","Team","Home/Away","Favorite/Underdog",0.1713,484,0.1538,550,0.0174,0.0103,1.0292,0.480934579439252,2026-06-22 23:51:39.142749,1,"Lexi Held","Loss",1.0292,-1.0292,0.480934579439252,-0.480934579439252
2026-06-22,"FanDuel","PHX @ IND","1022600125","First Basket by Team","First Points","Player","Team","Home/Away","Favorite/Underdog",0.1433,598,0.1111,800,0.0322,0.0181,1.8086,0.845140186915888,2026-06-22 12:22:20.612033,1,"Lexie Hull","Win",1.8086,14.4688,0.845140186915888,6.7611214953271
2026-06-22,"FanDuel","PHX @ IND","1022600125","First Basket by Team","First Points","Player","Team","Home/Away","Favorite/Underdog",0.1433,598,0.1053,850,0.038,0.0212,2.1235,0.992289719626168,2026-06-22 12:51:38.933269,2,"Lexie Hull","Win",0.3149,2.67665,0.14714953271028,1.25077102803738
2026-06-22,"FanDuel","PHX @ IND","1022600125","First Basket by Team","First Points","Player","Team","Home/Away","Favorite/Underdog",0.1433,598,0.1,900,0.0433,0.024,2.4035,1.1231308411215,2026-06-22 15:51:39.099957,8,"Lexie Hull","Win",0.28,2.52,0.130841121495332,1.17757009345799
2026-06-22,"FanDuel","PHX @ IND","1022600125","First Basket by Team","First Points","Player","Team","Home/Away","Favorite/Underdog",0.1433,598,0.0952,950,0.048,0.0265,2.654,1.24018691588785,2026-06-22 16:51:39.379273,10,"Lexie Hull","Win",0.2505,2.37975,0.11705607476635,1.11203271028033
2026-06-22,"FanDuel","PHX @ IND","1022600125","First Basket by Team","First Points","Player","Team","Home/Away","Favorite/Underdog",0.1433,598,0.0909,1000,0.0524,0.0288,2.8795,1.34556074766355,2026-06-22 17:51:38.523607,12,"Lexie Hull","Win",0.2255,2.255,0.1053738317757,1.053738317757
2026-06-22,"FanDuel","PHX @ IND","1022600125","First Basket by Team","First Points","Player","Team","Home/Away","Favorite/Underdog",0.1683,494,0.1538,550,0.0144,0.0085,0.8515,0.397897196261682,2026-06-22 12:22:20.612033,1,"Monique Billings","Loss",0.8515,-0.8515,0.397897196261682,-0.397897196261682
2026-06-22,"FanDuel","PHX @ IND","1022600125","First Basket by Team","First Points","Player","Team","Home/Away","Favorite/Underdog",0.1858,438,0.1538,550,0.032,0.0189,1.8909,0.883598130841121,2026-06-22 22:21:38.519211,1,"Natasha Mack","Loss",1.8909,-1.8909,0.883598130841121,-0.883598130841121
2026-06-22,"Fanatics","PHX @ IND","1022600125","First Basket by Team","First FGM","Player","Team","Home/Away","Favorite/Underdog",0.1674,498,0.125,700,0.0424,0.0242,2.4202,1.13093457943925,2026-06-22 12:22:20.612033,1,"Noemie Brochant","Loss",2.4202,-2.4202,1.13093457943925,-1.13093457943925
2026-06-22,"Draft Kings","PHX @ IND","1022600125","First Basket by Team Exact","First FGM","Player","Team Exact","Home/Away","Favorite/Underdog",0.0998,902,0.0667,1400,0.0332,0.0178,1.7766,1.28739130434783,2026-06-22 14:51:41.318548,1,"Lexie Hull two point field goal","Loss",1.7766,-1.7766,1.28739130434783,-1.28739130434783
2026-06-22,"Draft Kings","PHX @ IND","1022600125","First Basket by Team Exact","First FGM","Player","Team Exact","Home/Away","Favorite/Underdog",0.0353,2734,0.0244,4000,0.0109,0.0056,0.5587,0.404855072463768,2026-06-22 14:51:41.318548,1,"Monique Billings three point field goal","Loss",0.5587,-0.5587,0.404855072463768,-0.404855072463768
2026-06-22,"Draft Kings","PHX @ IND","1022600125","First Basket by Team Exact","First FGM","Player","Team Exact","Home/Away","Favorite/Underdog",0.0342,2826,0.0123,8000,0.0218,0.0111,1.1054,0.801014492753623,2026-06-22 14:51:41.318548,1,"Natasha Mack three point field goal","Loss",1.1054,-1.1054,0.801014492753623,-0.801014492753623
2026-06-22,"Draft Kings","PHX @ IND","1022600125","First Three by Team","First Three","Player","Team","Home/Away","Favorite/Underdog",0.0667,1399,0.0526,1800,0.0141,0.0074,0.7424,0.374949494949495,2026-06-22 14:51:41.587165,1,"Natasha Mack","Loss",0.7424,-0.7424,0.374949494949495,-0.374949494949495
2026-06-22,"FanDuel","TOR @ ATL","1022600124","First Basket","First Points","Player","Game","Home/Away","Favorite/Underdog",0.1337,648,0.1053,850,0.0284,0.0159,1.5877,1.34550847457627,2026-06-22 12:22:20.451198,1,"Isabelle Harrison","Loss",1.5877,-1.5877,1.34550847457627,-1.34550847457627
2026-06-22,"FanDuel","TOR @ ATL","1022600124","First Basket","First Points","Player","Game","Home/Away","Favorite/Underdog",0.1337,648,0.1,900,0.0337,0.0187,1.8708,1.58542372881356,2026-06-22 14:51:40.953875,6,"Isabelle Harrison","Loss",0.2831,-0.2831,0.23991525423729,-0.23991525423729
2026-06-22,"FanDuel","TOR @ ATL","1022600124","First Basket","First Points","Player","Game","Home/Away","Favorite/Underdog",0.0714,1301,0.0476,2000,0.0238,0.0125,1.2476,1.05728813559322,2026-06-22 12:22:20.451198,1,"Julie Allemand","Loss",1.2476,-1.2476,1.05728813559322,-1.05728813559322
2026-06-22,"MGM","TOR @ ATL","1022600124","First Basket","First FGM","Player","Game","Home/Away","Favorite/Underdog",0.0774,1193,0.0476,2000,0.0297,0.0156,1.5615,1.32330508474576,2026-06-22 12:51:38.777215,2,"Julie Allemand","Loss",0.3139,-0.3139,0.26601694915254,-0.26601694915254
2026-06-22,"Draft Kings","TOR @ ATL","1022600124","First Basket","First Points","Player","Game","Home/Away","Favorite/Underdog",0.1167,757,0.0847,1080,0.032,0.0175,1.7481,1.4814406779661,2026-06-22 23:21:40.101433,1,"Nyara Sabally","Loss",1.7481,-1.7481,1.4814406779661,-1.4814406779661
2026-06-22,"FanDuel","TOR @ ATL","1022600124","First Basket Exact","First Points","Player","Exact","Home/Away","Favorite/Underdog",0.0362,2660,0.0244,4000,0.0118,0.0061,0.607,0.905970149253731,2026-06-22 19:51:40.257699,1,"Marina Mabrey layup","Loss",0.607,-0.607,0.905970149253731,-0.905970149253731
2026-06-22,"FanDuel","TOR @ ATL","1022600124","First Basket by Team","First Points","Player","Team","Home/Away","Favorite/Underdog",0.249,302,0.2222,350,0.0268,0.0172,1.7204,0.80392523364486,2026-06-22 23:21:40.257022,1,"Isabelle Harrison","Loss",1.7204,-1.7204,0.80392523364486,-0.80392523364486
2026-06-22,"FanDuel","TOR @ ATL","1022600124","First Basket by Team","First Points","Player","Team","Home/Away","Favorite/Underdog",0.1376,627,0.1176,750,0.0199,0.0113,1.1301,0.528084112149533,2026-06-22 12:22:20.612033,1,"Julie Allemand","Win",1.1301,8.47575,0.528084112149533,3.9606308411215
2026-06-22,"FanDuel","TOR @ ATL","1022600124","First Basket by Team","First Points","Player","Team","Home/Away","Favorite/Underdog",0.1376,627,0.1111,800,0.0265,0.0149,1.4894,0.695981308411215,2026-06-22 22:51:39.47648,22,"Julie Allemand","Win",0.3593,2.8744,0.167897196261682,1.34317757009346
2026-06-22,"FanDuel","TOR @ ATL","1022600124","First Basket by Team","First Points","Player","Team","Home/Away","Favorite/Underdog",0.1873,434,0.1429,600,0.0444,0.0259,2.5914,1.21093457943925,2026-06-22 12:22:20.612033,1,"Naz Hillmon","Loss",2.5914,-2.5914,1.21093457943925,-1.21093457943925
2026-06-22,"Fanatics","TOR @ ATL","1022600124","First Basket by Team","First FGM","Player","Team","Home/Away","Favorite/Underdog",0.2099,376,0.1818,450,0.0281,0.0172,1.7184,0.802990654205607,2026-06-22 23:21:40.257022,1,"Nyara Sabally","Loss",1.7184,-1.7184,0.802990654205607,-0.802990654205607
2026-06-22,"Draft Kings","TOR @ ATL","1022600124","First Basket by Team Exact","First FGM","Player","Team Exact","Home/Away","Favorite/Underdog",0.0461,2067,0.0196,5000,0.0265,0.0135,1.3533,0.980652173913043,2026-06-22 14:21:40.015773,1,"Angel Reese three point field goal","Loss",1.3533,-1.3533,0.980652173913043,-0.980652173913043
2026-06-22,"Draft Kings","TOR @ ATL","1022600124","First Basket by Team Exact","First FGM","Player","Team Exact","Home/Away","Favorite/Underdog",0.0931,974,0.0769,1200,0.0162,0.0088,0.8787,0.636739130434783,2026-06-22 14:51:41.318548,1,"Julie Allemand two point field goal","Loss",0.8787,-0.8787,0.636739130434783,-0.636739130434783
2026-06-22,"Draft Kings","TOR @ ATL","1022600124","First Basket by Team Exact","First FGM","Player","Team Exact","Home/Away","Favorite/Underdog",0.1243,705,0.1111,800,0.0132,0.0074,0.7405,0.536594202898551,2026-06-22 14:21:40.015773,1,"Naz Hillmon two point field goal","Loss",0.7405,-0.7405,0.536594202898551,-0.536594202898551
2026-06-22,"FanDuel","TOR @ ATL","1022600124","First Team","First Points","Team","Quarter","Home/Away","Favorite/Underdog",0.5188,-108,0.4237,136,0.0951,0.0825,4.1248,2.67844155844156,2026-06-22 12:22:20.866468,1,"1Q TOR","Loss",4.1248,-4.1248,2.67844155844156,-2.67844155844156
2026-06-22,"FanDuel","TOR @ ATL","1022600124","First Team","First Points","Team","Quarter","Home/Away","Favorite/Underdog",0.5182,-108,0.4202,138,0.098,0.0845,4.2262,2.74428571428571,2026-06-22 16:21:40.617792,9,"1Q TOR","Loss",0.101400000000001,-0.101400000000001,0.0658441558441503,-0.0658441558441503
2026-06-22,"Draft Kings","TOR @ ATL","1022600124","First Three by Team","First Three","Player","Team","Home/Away","Favorite/Underdog",0.2123,371,0.1818,450,0.0305,0.0186,1.8646,0.941717171717172,2026-06-22 14:21:40.281085,1,"Allisha Gray","Loss",1.8646,-1.8646,0.941717171717172,-0.941717171717172
2026-06-23,"MGM","NYL @ LVA","1022600127","First Basket","First FGM","Player","Game","Home/Away","Favorite/Underdog",0.0719,1290,0.0588,1600,0.0131,0.007,0.6956,0.589491525423729,2026-06-23 13:21:32.279596,1,"Chelsea Gray","Loss",0.6956,-0.6956,0.589491525423729,-0.589491525423729
2026-06-23,"FanDuel","NYL @ LVA","1022600127","First Basket","First Points","Player","Game","Home/Away","Favorite/Underdog",0.0768,1202,0.0667,1400,0.0101,0.0054,0.5423,0.459576271186441,2026-06-23 13:21:32.279596,1,"Leonie Fiebich","Loss",0.5423,-0.5423,0.459576271186441,-0.459576271186441
2026-06-23,"FanDuel","NYL @ LVA","1022600127","First Basket","First Points","Player","Game","Home/Away","Favorite/Underdog",0.0768,1202,0.0625,1500,0.0143,0.0076,0.7622,0.64593220338983,2026-06-24 01:54:31.964926,13,"Leonie Fiebich","Loss",0.2199,-0.2199,0.186355932203389,-0.186355932203389
2026-06-23,"Draft Kings","NYL @ LVA","1022600127","First Basket","First Points","Player","Game","Home/Away","Favorite/Underdog",0.1228,714,0.0952,950,0.0275,0.0152,1.5224,1.29016949152542,2026-06-23 12:22:15.576774,1,"Satou Sabally","Loss",1.5224,-1.5224,1.29016949152542,-1.29016949152542
2026-06-23,"Draft Kings","NYL @ LVA","1022600127","First Basket by Team","First FGM","Player","Team","Home/Away","Favorite/Underdog",0.2228,349,0.2,400,0.0228,0.0142,1.4235,0.66518691588785,2026-06-23 14:21:32.769888,1,"Breanna Stewart","Win",1.4235,5.694,0.66518691588785,2.6607476635514
2026-06-23,"FanDuel","NYL @ LVA","1022600127","First Basket by Team","First Points","Player","Team","Home/Away","Favorite/Underdog",0.1385,622,0.1111,800,0.0273,0.0154,1.5379,0.718644859813084,2026-06-23 12:22:15.7331,1,"Chelsea Gray","Loss",1.5379,-1.5379,0.718644859813084,-0.718644859813084
2026-06-23,"FanDuel","NYL @ LVA","1022600127","First Basket by Team","First Points","Player","Team","Home/Away","Favorite/Underdog",0.144,594,0.1333,650,0.0107,0.0061,0.6147,0.287242990654206,2026-06-23 12:22:15.7331,1,"Leonie Fiebich","Loss",0.6147,-0.6147,0.287242990654206,-0.287242990654206
2026-06-23,"FanDuel","NYL @ LVA","1022600127","First Basket by Team","First Points","Player","Team","Home/Away","Favorite/Underdog",0.144,594,0.125,700,0.019,0.0109,1.0851,0.507056074766355,2026-06-23 12:51:31.795515,2,"Leonie Fiebich","Loss",0.4704,-0.4704,0.219813084112149,-0.219813084112149
2026-06-23,"FanDuel","NYL @ LVA","1022600127","First Basket by Team","First Points","Player","Team","Home/Away","Favorite/Underdog",0.144,594,0.1176,750,0.0263,0.0149,1.4927,0.697523364485981,2026-06-23 23:24:31.997806,21,"Leonie Fiebich","Loss",0.4076,-0.4076,0.190467289719626,-0.190467289719626
2026-06-23,"FanDuel","NYL @ LVA","1022600127","First Basket by Team","First Points","Player","Team","Home/Away","Favorite/Underdog",0.144,594,0.1111,800,0.0329,0.0185,1.8494,0.864205607476635,2026-06-24 01:54:32.11922,26,"Leonie Fiebich","Loss",0.3567,-0.3567,0.166682242990654,-0.166682242990654
2026-06-23,"FanDuel","NYL @ LVA","1022600127","First Basket by Team","First Points","Player","Team","Home/Away","Favorite/Underdog",0.2302,334,0.2,400,0.0302,0.0189,1.8898,0.883084112149533,2026-06-23 12:22:15.7331,1,"Satou Sabally","Loss",1.8898,-1.8898,0.883084112149533,-0.883084112149533
2026-06-23,"FanDuel","NYL @ LVA","1022600127","First Basket by Team","First Points","Player","Team","Home/Away","Favorite/Underdog",0.2302,334,0.1852,440,0.0451,0.0276,2.7645,1.29182242990654,2026-06-23 12:51:31.795515,2,"Satou Sabally","Loss",0.8747,-0.8747,0.408738317757007,-0.408738317757007
2026-06-23,"FanDuel","NYL @ LVA","1022600127","First Basket by Team","First Points","Player","Team","Home/Away","Favorite/Underdog",0.1273,685,0.1,900,0.0273,0.0152,1.5185,0.709579439252336,2026-06-23 12:22:15.7331,1,"Stephanie Talbot","Loss",1.5185,-1.5185,0.709579439252336,-0.709579439252336
2026-06-23,"Draft Kings","NYL @ LVA","1022600127","First Basket by Team Exact","First FGM","Player","Team Exact","Home/Away","Favorite/Underdog",0.056,1686,0.0345,2800,0.0215,0.0111,1.1146,0.80768115942029,2026-06-23 14:21:32.924234,1,"A'ja Wilson three point field goal","Loss",1.1146,-1.1146,0.80768115942029,-0.80768115942029
2026-06-23,"Draft Kings","NYL @ LVA","1022600127","First Basket by Team Exact","First FGM","Player","Team Exact","Home/Away","Favorite/Underdog",0.051,1862,0.0345,2800,0.0165,0.0085,0.8534,0.618405797101449,2026-06-23 14:21:32.924234,1,"Breanna Stewart three point field goal","Win",0.8534,23.8952,0.618405797101449,17.3153623188406
2026-06-23,"Draft Kings","NYL @ LVA","1022600127","First Basket by Team Exact","First FGM","Player","Team Exact","Home/Away","Favorite/Underdog",0.0998,902,0.0833,1100,0.0165,0.009,0.8978,0.650579710144928,2026-06-23 14:51:31.822821,1,"Chelsea Gray two point field goal","Loss",0.8978,-0.8978,0.650579710144928,-0.650579710144928
2026-06-23,"Draft Kings","NYL @ LVA","1022600127","First Basket by Team Exact","First FGM","Player","Team Exact","Home/Away","Favorite/Underdog",0.1038,863,0.0769,1200,0.0269,0.0146,1.4559,1.055,2026-06-23 14:51:31.822821,1,"Leonie Fiebich two point field goal","Loss",1.4559,-1.4559,1.055,-1.055
2026-06-23,"Draft Kings","NYL @ LVA","1022600127","First Basket by Team Exact","First FGM","Player","Team Exact","Home/Away","Favorite/Underdog",0.0342,2823,0.0132,7500,0.0211,0.0107,1.0668,0.77304347826087,2026-06-23 14:21:32.924234,1,"NaLyssa Smith three point field goal","Loss",1.0668,-1.0668,0.77304347826087,-0.77304347826087
2026-06-23,"Draft Kings","NYL @ LVA","1022600127","First Basket by Team Exact","First FGM","Player","Team Exact","Home/Away","Favorite/Underdog",0.0342,2823,0.0123,8000,0.0219,0.0111,1.107,0.802173913043478,2026-06-23 15:21:32.467488,3,"NaLyssa Smith three point field goal","Loss",0.0402,-0.0402,0.0291304347826079,-0.0291304347826079
2026-06-23,"Draft Kings","NYL @ LVA","1022600127","First Basket by Team Exact","First FGM","Player","Team Exact","Home/Away","Favorite/Underdog",0.1602,524,0.1333,650,0.0268,0.0155,1.5487,1.12224637681159,2026-06-23 14:51:31.822821,1,"Satou Sabally two point field goal","Loss",1.5487,-1.5487,1.12224637681159,-1.12224637681159
2026-06-23,"Draft Kings","NYL @ LVA","1022600127","First Basket by Team Exact","First FGM","Player","Team Exact","Home/Away","Favorite/Underdog",0.0855,1070,0.0714,1300,0.0141,0.0076,0.758,0.549275362318841,2026-06-23 14:51:31.822821,1,"Stephanie Talbot two point field goal","Loss",0.758,-0.758,0.549275362318841,-0.549275362318841
2026-06-24,"FanDuel","ATL @ GSV","1022600131","First Basket","First Points","Player","Game","Home/Away","Favorite/Underdog",0.0759,1218,0.0588,1600,0.017,0.009,0.9046,0.766610169491525,2026-06-24 12:25:12.480391,1,"Kiah Stokes","Loss",0.4523,-0.4523,0.383305084745763,-0.383305084745763
2026-06-24,"theScore","ATL @ GSV","1022600131","First Basket","First Points","Player","Game","Home/Away","Favorite/Underdog",0.0759,1218,0.0588,1600,0.017,0.009,0.9046,0.766610169491525,2026-06-24 12:25:12.480391,1,"Kiah Stokes","Loss",0.4523,-0.4523,0.383305084745763,-0.383305084745763
2026-06-24,"FanDuel","ATL @ GSV","1022600131","First Basket","First Points","Player","Game","Home/Away","Favorite/Underdog",0.0759,1218,0.0556,1700,0.0203,0.0107,1.0745,0.910593220338983,2026-06-24 12:54:36.941157,2,"Kiah Stokes","Loss",0.1699,-0.1699,0.143983050847458,-0.143983050847458
2026-06-24,"FanDuel","ATL @ GSV","1022600131","First Basket","First Points","Player","Game","Home/Away","Favorite/Underdog",0.0874,1045,0.0769,1200,0.0104,0.0057,0.5653,0.47906779661017,2026-06-24 12:25:12.480391,1,"Naz Hillmon","Loss",0.28265,-0.28265,0.239533898305085,-0.239533898305085
2026-06-24,"theScore","ATL @ GSV","1022600131","First Basket","First Points","Player","Game","Home/Away","Favorite/Underdog",0.0874,1045,0.0769,1200,0.0104,0.0057,0.5653,0.47906779661017,2026-06-24 12:25:12.480391,1,"Naz Hillmon","Loss",0.28265,-0.28265,0.239533898305085,-0.239533898305085
2026-06-24,"FanDuel","ATL @ GSV","1022600131","First Basket Exact","First Points","Player","Exact","Home/Away","Favorite/Underdog",0.0322,3004,0.0196,5000,0.0126,0.0064,0.643,0.959701492537313,2026-06-24 14:24:38.144543,1,"Cecilia Zandalasini layup","Loss",0.643,-0.643,0.959701492537313,-0.959701492537313
2026-06-24,"FanDuel","ATL @ GSV","1022600131","First Basket Exact","First Points","Player","Exact","Home/Away","Favorite/Underdog",0.0322,3002,0.0196,5000,0.0126,0.0064,0.6441,0.96134328358209,2026-06-24 16:54:42.335982,6,"Cecilia Zandalasini layup","Loss",0.00109999999999999,-0.00109999999999999,0.00164179104477702,-0.00164179104477702
2026-06-24,"Fanatics","ATL @ GSV","1022600131","First Basket by Team","First FGM","Player","Team","Home/Away","Favorite/Underdog",0.2185,358,0.2,400,0.0185,0.0116,1.1593,0.541728971962617,2026-06-24 12:25:12.642522,1,"Cecilia Zandalasini","Loss",1.1593,-1.1593,0.541728971962617,-0.541728971962617
2026-06-24,"FanDuel","ATL @ GSV","1022600131","First Basket by Team","First Points","Player","Team","Home/Away","Favorite/Underdog",0.1723,481,0.1538,550,0.0184,0.0109,1.0875,0.508177570093458,2026-06-24 18:54:43.453995,1,"Jordin Canada","Loss",1.0875,-1.0875,0.508177570093458,-0.508177570093458
2026-06-24,"FanDuel","ATL @ GSV","1022600131","First Basket by Team","First Points","Player","Team","Home/Away","Favorite/Underdog",0.1519,558,0.1176,750,0.0342,0.0194,1.9397,0.906401869158878,2026-06-24 12:25:12.642522,1,"Kiah Stokes","Loss",1.9397,-1.9397,0.906401869158878,-0.906401869158878
2026-06-24,"FanDuel","ATL @ GSV","1022600131","First Basket by Team","First Points","Player","Team","Home/Away","Favorite/Underdog",0.1519,558,0.1111,800,0.0408,0.0229,2.2931,1.07154205607477,2026-06-24 18:24:42.248685,13,"Kiah Stokes","Loss",0.3534,-0.3534,0.165140186915892,-0.165140186915892
2026-06-24,"FanDuel","ATL @ GSV","1022600131","First Basket by Team","First Points","Player","Team","Home/Away","Favorite/Underdog",0.1745,473,0.1429,600,0.0317,0.0185,1.847,0.863084112149533,2026-06-24 12:25:12.642522,1,"Naz Hillmon","Loss",1.847,-1.847,0.863084112149533,-0.863084112149533
2026-06-24,"Draft Kings","ATL @ GSV","1022600131","First Basket by Team Exact","First FGM","Player","Team Exact","Home/Away","Favorite/Underdog",0.0414,2314,0.0196,5000,0.0218,0.0111,1.1128,0.806376811594203,2026-06-24 14:54:37.539943,1,"Angel Reese three point field goal","Loss",1.1128,-1.1128,0.806376811594203,-0.806376811594203
2026-06-24,"Draft Kings","ATL @ GSV","1022600131","First Basket by Team Exact","First FGM","Player","Team Exact","Home/Away","Favorite/Underdog",0.1472,579,0.1111,800,0.0361,0.0203,2.0319,1.47239130434783,2026-06-24 14:54:37.539943,1,"Cecilia Zandalasini two point field goal","Loss",2.0319,-2.0319,1.47239130434783,-1.47239130434783
2026-06-24,"Draft Kings","ATL @ GSV","1022600131","First Basket by Team Exact","First FGM","Player","Team Exact","Home/Away","Favorite/Underdog",0.1017,883,0.0909,1000,0.0108,0.0059,0.5923,0.429202898550725,2026-06-24 14:54:37.539943,1,"Kiah Stokes two point field goal","Loss",0.5923,-0.5923,0.429202898550725,-0.429202898550725
2026-06-24,"Draft Kings","ATL @ GSV","1022600131","First Basket by Team Exact","First FGM","Player","Team Exact","Home/Away","Favorite/Underdog",0.1361,635,0.1176,750,0.0185,0.0105,1.0455,0.757608695652174,2026-06-24 14:54:37.539943,1,"Veronica Burton two point field goal","Loss",1.0455,-1.0455,0.757608695652174,-0.757608695652174
2026-06-24,"Draft Kings","ATL @ GSV","1022600131","First Three by Team","First Three","Player","Team","Home/Away","Favorite/Underdog",0.1179,748,0.0833,1100,0.0346,0.0189,1.887,0.953030303030303,2026-06-24 14:54:37.809472,1,"Kiah Stokes","Loss",1.887,-1.887,0.953030303030303,-0.953030303030303
2026-06-24,"FanDuel","MIN @ WAS","1022600129","First Basket","First Points","Player","Game","Home/Away","Favorite/Underdog",0.0724,1281,0.0588,1600,0.0136,0.0072,0.7208,0.610847457627119,2026-06-24 14:54:37.169645,1,"Georgia Amoore","Loss",0.7208,-0.7208,0.610847457627119,-0.610847457627119
2026-06-24,"FanDuel","MIN @ WAS","1022600129","First Basket","First Points","Player","Game","Home/Away","Favorite/Underdog",0.0724,1280,0.0588,1600,0.0136,0.0072,0.7233,0.612966101694915,2026-06-24 15:54:42.188142,3,"Georgia Amoore","Loss",0.00250000000000006,-0.00250000000000006,0.00211864406779605,-0.00211864406779605
2026-06-24,"FanDuel","MIN @ WAS","1022600129","First Basket by Team","First Points","Player","Team","Home/Away","Favorite/Underdog",0.2053,387,0.1724,480,0.0329,0.0199,1.986,0.92803738317757,2026-06-24 12:25:12.642522,1,"Courtney Williams","Loss",1.986,-1.986,0.92803738317757,-0.92803738317757
2026-06-24,"FanDuel","MIN @ WAS","1022600129","First Basket by Team","First Points","Player","Team","Home/Away","Favorite/Underdog",0.2053,387,0.1695,490,0.0358,0.0215,2.155,1.00700934579439,2026-06-24 14:24:38.043543,5,"Courtney Williams","Loss",0.169,-0.169,0.07897196261682,-0.07897196261682
2026-06-24,"FanDuel","MIN @ WAS","1022600129","First Basket by Team","First Points","Player","Team","Home/Away","Favorite/Underdog",0.1375,627,0.125,700,0.0125,0.0072,0.715,0.33411214953271,2026-06-24 12:25:12.642522,1,"Georgia Amoore","Loss",0.715,-0.715,0.33411214953271,-0.33411214953271
2026-06-24,"FanDuel","MIN @ WAS","1022600129","First Basket by Team","First Points","Player","Team","Home/Away","Favorite/Underdog",0.1375,627,0.1176,750,0.0199,0.0113,1.1257,0.526028037383177,2026-06-24 12:54:37.103872,2,"Georgia Amoore","Loss",0.4107,-0.4107,0.191915887850467,-0.191915887850467
2026-06-24,"FanDuel","MIN @ WAS","1022600129","First Basket by Team","First Points","Player","Team","Home/Away","Favorite/Underdog",0.1375,627,0.1053,850,0.0322,0.018,1.8022,0.84214953271028,2026-06-24 22:54:42.133396,22,"Georgia Amoore","Loss",0.6765,-0.6765,0.316121495327103,-0.316121495327103
2026-06-24,"Draft Kings","MIN @ WAS","1022600129","First Basket by Team Exact","First FGM","Player","Team Exact","Home/Away","Favorite/Underdog",0.0395,2433,0.0179,5500,0.0216,0.011,1.1006,0.797536231884058,2026-06-24 15:24:37.9038,1,"Kiki Iriafen three point field goal","Loss",1.1006,-1.1006,0.797536231884058,-0.797536231884058
2026-06-24,"Draft Kings","MIN @ WAS","1022600129","First Basket by Team Exact","First FGM","Player","Team Exact","Home/Away","Favorite/Underdog",0.0393,2442,0.011,9000,0.0284,0.0143,1.4334,1.03869565217391,2026-06-24 15:24:37.9038,1,"Natasha Howard three point field goal","Loss",1.4334,-1.4334,1.03869565217391,-1.03869565217391
2026-06-24,"Draft Kings","MIN @ WAS","1022600129","First Basket by Team Exact","First FGM","Player","Team Exact","Home/Away","Favorite/Underdog",0.0381,2527,0.0196,5000,0.0185,0.0094,0.9411,0.681956521739131,2026-06-24 15:24:37.9038,1,"Shakira Austin three point field goal","Loss",0.9411,-0.9411,0.681956521739131,-0.681956521739131
2026-06-24,"Draft Kings","MIN @ WAS","1022600129","First Three by Team","First Three","Player","Team","Home/Away","Favorite/Underdog",0.082,1120,0.0714,1300,0.0106,0.0057,0.5684,0.287070707070707,2026-06-24 15:24:38.17551,1,"Kiki Iriafen","Loss",0.5684,-0.5684,0.287070707070707,-0.287070707070707
2026-06-24,"Draft Kings","MIN @ WAS","1022600129","First Three by Team","First Three","Player","Team","Home/Away","Favorite/Underdog",0.0596,1579,0.0385,2500,0.0211,0.011,1.097,0.554040404040404,2026-06-24 15:24:38.17551,1,"Natasha Howard","Loss",1.097,-1.097,0.554040404040404,-0.554040404040404
2026-06-24,"Draft Kings","PDX @ CHI","1022600130","First Basket","First Points","Player","Game","Home/Away","Favorite/Underdog",0.0861,1061,0.0595,1580,0.0266,0.0141,1.4129,1.19737288135593,2026-06-24 12:25:12.480391,1,"Gabriela Jaquez","Loss",1.4129,-1.4129,1.19737288135593,-1.19737288135593
2026-06-24,"FanDuel","PDX @ CHI","1022600130","First Basket","First Points","Player","Game","Home/Away","Favorite/Underdog",0.0861,1061,0.0588,1600,0.0273,0.0145,1.4491,1.22805084745763,2026-06-24 19:54:42.250185,16,"Gabriela Jaquez","Loss",0.0362,-0.0362,0.0306779661017,-0.0306779661017
2026-06-24,"FanDuel","PDX @ CHI","1022600130","First Basket","First Points","Player","Game","Home/Away","Favorite/Underdog",0.0862,1061,0.0588,1600,0.0273,0.0145,1.452,1.23050847457627,2026-06-24 21:54:42.145817,20,"Gabriela Jaquez","Loss",0.0028999999999999,-0.0028999999999999,0.00245762711864006,-0.00245762711864006
2026-06-24,"FanDuel","PDX @ CHI","1022600130","First Basket","First Points","Player","Game","Home/Away","Favorite/Underdog",0.0861,1061,0.0556,1700,0.0305,0.0162,1.617,1.37033898305085,2026-06-24 23:24:42.098491,23,"Gabriela Jaquez","Loss",0.165,-0.165,0.13983050847458,-0.13983050847458
2026-06-24,"Draft Kings","PDX @ CHI","1022600130","First Basket","First Points","Player","Game","Home/Away","Favorite/Underdog",0.0862,1060,0.0649,1440,0.0213,0.0114,1.1365,0.963135593220339,2026-06-24 12:25:12.480391,1,"Megan Gustafson","Win",1.1365,16.3656,0.963135593220339,13.8691525423729
2026-06-24,"MGM","PDX @ CHI","1022600130","First Basket","First FGM","Player","Game","Home/Away","Favorite/Underdog",0.0915,993,0.0667,1400,0.0248,0.0133,1.3281,1.12550847457627,2026-06-24 16:24:42.528219,9,"Megan Gustafson","Win",0.1916,2.6824,0.162372881355931,2.27322033898303
2026-06-24,"Draft Kings","PDX @ CHI","1022600130","First Basket","First Points","Player","Game","Home/Away","Favorite/Underdog",0.0862,1060,0.0588,1600,0.0274,0.0145,1.4537,1.23194915254237,2026-06-24 22:54:41.967462,22,"Megan Gustafson","Win",0.1256,2.0096,0.1064406779661,1.7030508474576
2026-06-24,"Draft Kings","PDX @ CHI","1022600130","First Basket","First Points","Player","Game","Home/Away","Favorite/Underdog",0.0862,1060,0.0562,1680,0.03,0.0159,1.5897,1.34720338983051,2026-06-24 23:24:42.098491,23,"Megan Gustafson","Win",0.136,2.2848,0.11525423728814,1.93627118644075
2026-06-24,"FanDuel","PDX @ CHI","1022600130","First Basket","First Points","Player","Game","Home/Away","Favorite/Underdog",0.0823,1115,0.0714,1300,0.0109,0.0059,0.5873,0.49771186440678,2026-06-24 17:24:42.181091,1,"Sarah Ashlee Barker","Loss",0.5873,-0.5873,0.49771186440678,-0.49771186440678
2026-06-24,"FanDuel","PDX @ CHI","1022600130","First Basket","First Points","Player","Game","Home/Away","Favorite/Underdog",0.1023,878,0.0909,1000,0.0114,0.0063,0.626,0.530508474576271,2026-06-24 12:25:12.480391,1,"Skylar Diggins","Loss",0.313,-0.313,0.265254237288136,-0.265254237288136
2026-06-24,"theScore","PDX @ CHI","1022600130","First Basket","First Points","Player","Game","Home/Away","Favorite/Underdog",0.1023,878,0.0909,1000,0.0114,0.0063,0.626,0.530508474576271,2026-06-24 12:25:12.480391,1,"Skylar Diggins","Loss",0.313,-0.313,0.265254237288136,-0.265254237288136
2026-06-24,"FanDuel","PDX @ CHI","1022600130","First Basket","First Points","Player","Game","Home/Away","Favorite/Underdog",0.1023,878,0.0833,1100,0.019,0.0103,1.034,0.876271186440678,2026-06-24 12:54:36.941157,2,"Skylar Diggins","Loss",0.408,-0.408,0.345762711864407,-0.345762711864407
2026-06-24,"FanDuel","PDX @ CHI","1022600130","First Basket","First Points","Player","Game","Home/Away","Favorite/Underdog",0.1024,877,0.0833,1100,0.019,0.0104,1.0376,0.879322033898305,2026-06-24 20:24:42.664723,17,"Skylar Diggins","Loss",0.00360000000000005,-0.00360000000000005,0.00305084745762696,-0.00305084745762696
2026-06-24,"BetRivers","PDX @ CHI","1022600130","First Basket","First FGM","Player","Game","Home/Away","Favorite/Underdog",0.1033,868,0.0769,1200,0.0264,0.0143,1.429,1.21101694915254,2026-06-24 12:25:12.480391,1,"Sydney Taylor","Loss",1.429,-1.429,1.21101694915254,-1.21101694915254
2026-06-24,"Fanatics","PDX @ CHI","1022600130","First Basket by Team","First FGM","Player","Team","Home/Away","Favorite/Underdog",0.167,499,0.1,900,0.067,0.0372,3.722,1.7392523364486,2026-06-24 12:25:12.642522,1,"Gabriela Jaquez","Win",3.722,33.498,1.7392523364486,15.6532710280374
2026-06-24,"FanDuel","PDX @ CHI","1022600130","First Basket by Team","First Points","Player","Team","Home/Away","Favorite/Underdog",0.1832,446,0.1429,600,0.0404,0.0235,2.3545,1.10023364485981,2026-06-24 12:25:12.642522,1,"Megan Gustafson","Win",2.3545,14.127,1.10023364485981,6.60140186915886
2026-06-24,"FanDuel","PDX @ CHI","1022600130","First Basket by Team","First Points","Player","Team","Home/Away","Favorite/Underdog",0.1932,418,0.1538,550,0.0393,0.0232,2.3225,1.08528037383178,2026-06-24 12:25:12.642522,1,"Skylar Diggins","Loss",2.3225,-2.3225,1.08528037383178,-1.08528037383178
2026-06-24,"FanDuel","PDX @ CHI","1022600130","First Basket by Team","First Points","Player","Team","Home/Away","Favorite/Underdog",0.1932,418,0.1429,600,0.0503,0.0293,2.9338,1.37093457943925,2026-06-24 12:54:37.103872,2,"Skylar Diggins","Loss",0.6113,-0.6113,0.28565420560747,-0.28565420560747
2026-06-24,"FanDuel","PDX @ CHI","1022600130","First Basket by Team","First Points","Player","Team","Home/Away","Favorite/Underdog",0.1932,418,0.1333,650,0.0598,0.0345,3.451,1.61261682242991,2026-06-24 22:54:42.133396,22,"Skylar Diggins","Loss",0.5172,-0.5172,0.24168224299066,-0.24168224299066
2026-06-24,"FanDuel","PDX @ CHI","1022600130","First Basket by Team","First Points","Player","Team","Home/Away","Favorite/Underdog",0.1907,425,0.1333,650,0.0573,0.0331,3.307,1.54532710280374,2026-06-24 12:25:12.642522,1,"Sydney Taylor","Win",3.307,21.4955,1.54532710280374,10.0446261682243
2026-06-24,"Draft Kings","PDX @ CHI","1022600130","First Basket by Team Exact","First FGM","Player","Team Exact","Home/Away","Favorite/Underdog",0.1247,702,0.0714,1300,0.0533,0.0287,2.87,2.07971014492754,2026-06-24 14:54:37.539943,1,"Gabriela Jaquez two point field goal","Win",2.87,37.31,2.07971014492754,27.036231884058
2026-06-24,"Draft Kings","PDX @ CHI","1022600130","First Basket by Team Exact","First FGM","Player","Team Exact","Home/Away","Favorite/Underdog",0.1333,650,0.1111,800,0.0222,0.0125,1.2497,0.905579710144928,2026-06-24 14:54:37.539943,1,"Skylar Diggins two point field goal","Loss",1.2497,-1.2497,0.905579710144928,-0.905579710144928
2026-06-24,"Draft Kings","PDX @ CHI","1022600130","First Basket by Team Exact","First FGM","Player","Team Exact","Home/Away","Favorite/Underdog",0.083,1105,0.0667,1400,0.0163,0.0087,0.8735,0.632971014492754,2026-06-24 14:54:37.539943,1,"Sydney Taylor three point field goal","Loss",0.8735,-0.8735,0.632971014492754,-0.632971014492754
2026-06-24,"Draft Kings","PDX @ CHI","1022600130","First Basket by Team Exact","First FGM","Player","Team Exact","Home/Away","Favorite/Underdog",0.116,762,0.0909,1000,0.0251,0.0138,1.3794,0.999565217391304,2026-06-24 14:54:37.539943,1,"Sydney Taylor two point field goal","Loss",1.3794,-1.3794,0.999565217391304,-0.999565217391304
2026-06-24,"FanDuel","PDX @ CHI","1022600130","First Team","First Points","Team","Quarter","Home/Away","Favorite/Underdog",0.4704,113,0.4587,118,0.0117,0.0108,0.5401,0.350714285714286,2026-06-24 12:54:37.349025,1,"1Q PDX","Win",0.5401,0.637318,0.350714285714286,0.413842857142857
2026-06-24,"FanDuel","PDX @ CHI","1022600130","First Team","First Points","Team","Quarter","Home/Away","Favorite/Underdog",0.4704,113,0.4545,120,0.0159,0.0145,0.7271,0.472142857142857,2026-06-24 16:54:42.501288,9,"1Q PDX","Win",0.187,0.2244,0.121428571428571,0.145714285714285
2026-06-24,"Draft Kings","PDX @ CHI","1022600130","First Three by Team","First Three","Player","Team","Home/Away","Favorite/Underdog",0.2226,349,0.2083,380,0.0143,0.009,0.901,0.455050505050505,2026-06-24 14:54:37.809472,1,"Bridget Carleton","Loss",0.901,-0.901,0.455050505050505,-0.455050505050505
2026-06-24,"Draft Kings","PDX @ CHI","1022600130","First Three by Team","First Three","Player","Team","Home/Away","Favorite/Underdog",0.2905,244,0.25,300,0.0405,0.027,2.6968,1.3620202020202,2026-06-24 14:54:37.809472,1,"Sydney Taylor","Win",2.6968,8.0904,1.3620202020202,4.0860606060606
2026-06-24,"theScore","PHX @ IND","1022600128","First Basket","First Points","Player","Game","Home/Away","Favorite/Underdog",0.0745,1242,0.0625,1500,0.012,0.0064,0.6396,0.542033898305085,2026-06-24 15:54:42.188142,1,"Lexie Hull","Loss",0.6396,-0.6396,0.542033898305085,-0.542033898305085
2026-06-24,"BetRivers","PHX @ IND","1022600128","First Basket","First FGM","Player","Game","Home/Away","Favorite/Underdog",0.0884,1031,0.0769,1200,0.0115,0.0062,0.6232,0.528135593220339,2026-06-24 15:54:42.188142,1,"Monique Billings","Loss",0.6232,-0.6232,0.528135593220339,-0.528135593220339
2026-06-24,"FanDuel","PHX @ IND","1022600128","First Basket","First Points","Player","Game","Home/Away","Favorite/Underdog",0.0881,1035,0.0625,1500,0.0256,0.0136,1.365,1.15677966101695,2026-06-24 22:24:42.870408,14,"Monique Billings","Loss",0.7418,-0.7418,0.628644067796611,-0.628644067796611
2026-06-24,"Draft Kings","PHX @ IND","1022600128","First Basket by Team","First FGM","Player","Team","Home/Away","Favorite/Underdog",0.1706,486,0.1429,600,0.0278,0.0162,1.6203,0.75714953271028,2026-06-24 14:54:37.334502,1,"Lexi Held","Loss",1.6203,-1.6203,0.75714953271028,-0.75714953271028
2026-06-24,"FanDuel","PHX @ IND","1022600128","First Basket by Team","First Points","Player","Team","Home/Away","Favorite/Underdog",0.1407,611,0.1176,750,0.0231,0.0131,1.3073,0.61088785046729,2026-06-24 12:25:12.642522,1,"Lexie Hull","Loss",1.3073,-1.3073,0.61088785046729,-0.61088785046729
2026-06-24,"FanDuel","PHX @ IND","1022600128","First Basket by Team","First Points","Player","Team","Home/Away","Favorite/Underdog",0.1407,611,0.1111,800,0.0296,0.0167,1.6653,0.778177570093458,2026-06-24 13:24:38.687978,3,"Lexie Hull","Loss",0.358,-0.358,0.167289719626168,-0.167289719626168
2026-06-24,"FanDuel","PHX @ IND","1022600128","First Basket by Team","First Points","Player","Team","Home/Away","Favorite/Underdog",0.1664,501,0.1429,600,0.0236,0.0137,1.3739,0.642009345794392,2026-06-24 12:25:12.642522,1,"Monique Billings","Loss",1.3739,-1.3739,0.642009345794392,-0.642009345794392
2026-06-24,"FanDuel","PHX @ IND","1022600128","First Basket by Team","First Points","Player","Team","Home/Away","Favorite/Underdog",0.1664,501,0.1176,750,0.0488,0.0276,2.7632,1.29121495327103,2026-06-24 22:24:43.036207,21,"Monique Billings","Loss",1.3893,-1.3893,0.649205607476638,-0.649205607476638
2026-06-24,"FanDuel","PHX @ IND","1022600128","First Basket by Team","First Points","Player","Team","Home/Away","Favorite/Underdog",0.1664,501,0.1111,800,0.0553,0.0311,3.1105,1.4535046728972,2026-06-24 23:24:42.264538,23,"Monique Billings","Loss",0.3473,-0.3473,0.16228971962617,-0.16228971962617
2026-06-24,"Draft Kings","PHX @ IND","1022600128","First Basket by Team Exact","First FGM","Player","Team Exact","Home/Away","Favorite/Underdog",0.1173,752,0.0952,950,0.0221,0.0122,1.221,0.884782608695652,2026-06-24 14:54:37.539943,1,"Lexi Held two point field goal","Loss",1.221,-1.221,0.884782608695652,-0.884782608695652
2026-06-24,"Draft Kings","PHX @ IND","1022600128","First Basket by Team Exact","First FGM","Player","Team Exact","Home/Away","Favorite/Underdog",0.0906,1004,0.0714,1300,0.0191,0.0103,1.0299,0.746304347826087,2026-06-24 14:54:37.539943,1,"Lexie Hull two point field goal","Loss",1.0299,-1.0299,0.746304347826087,-0.746304347826087
2026-06-25,"Fanatics","DAL @ LVA","1022600133","First Basket","First FGM","Player","Game","Home/Away","Favorite/Underdog",0.0961,941,0.0833,1100,0.0127,0.0069,0.6947,0.588728813559322,2026-06-25 15:59:43.794794,1,"Arike Ogunbowale","Loss",0.6947,-0.6947,0.588728813559322,-0.588728813559322
2026-06-25,"Draft Kings","DAL @ LVA","1022600133","First Basket","First Points","Player","Game","Home/Away","Favorite/Underdog",0.0902,1008,0.0769,1200,0.0133,0.0072,0.7204,0.610508474576271,2026-06-25 19:59:34.641126,3,"Arike Ogunbowale","Loss",0.0257000000000001,-0.0257000000000001,0.0217796610169489,-0.0217796610169489
2026-06-25,"Draft Kings","DAL @ LVA","1022600133","First Basket","First Points","Player","Game","Home/Away","Favorite/Underdog",0.0902,1008,0.0758,1220,0.0145,0.0078,0.7826,0.663220338983051,2026-06-25 20:59:51.851548,5,"Arike Ogunbowale","Loss",0.0621999999999999,-0.0621999999999999,0.05271186440678,-0.05271186440678
2026-06-25,"Draft Kings","DAL @ LVA","1022600133","First Basket","First Points","Player","Game","Home/Away","Favorite/Underdog",0.0902,1008,0.0746,1240,0.0156,0.0084,0.8427,0.714152542372881,2026-06-26 00:24:09.021788,11,"Arike Ogunbowale","Loss",0.0601,-0.0601,0.05093220338983,-0.05093220338983
2026-06-25,"Draft Kings","DAL @ LVA","1022600133","First Basket","First Points","Player","Game","Home/Away","Favorite/Underdog",0.0902,1008,0.0735,1260,0.0167,0.009,0.9009,0.763474576271187,2026-06-26 01:54:17.321547,14,"Arike Ogunbowale","Loss",0.0582,-0.0582,0.049322033898306,-0.049322033898306
2026-06-25,"Draft Kings","DAL @ LVA","1022600133","First Basket","First Points","Player","Game","Home/Away","Favorite/Underdog",0.109,818,0.0758,1220,0.0332,0.018,1.7975,1.52330508474576,2026-06-25 12:25:18.719941,1,"Awak Kuier","Loss",1.7975,-1.7975,1.52330508474576,-1.52330508474576
2026-06-25,"Draft Kings","DAL @ LVA","1022600133","First Basket","First Points","Player","Game","Home/Away","Favorite/Underdog",0.0919,989,0.0806,1140,0.0112,0.0061,0.6104,0.51728813559322,2026-06-25 21:55:53.221278,1,"Azzi Fudd","Win",0.6104,6.95856,0.51728813559322,5.89708474576271
2026-06-25,"Draft Kings","DAL @ LVA","1022600133","First Basket","First Points","Player","Game","Home/Away","Favorite/Underdog",0.0919,989,0.0794,1160,0.0125,0.0068,0.679,0.575423728813559,2026-06-26 00:24:09.021788,5,"Azzi Fudd","Win",0.0686,0.79576,0.058135593220339,0.674372881355933
2026-06-25,"Draft Kings","DAL @ LVA","1022600133","First Basket","First Points","Player","Game","Home/Away","Favorite/Underdog",0.0919,989,0.0781,1180,0.0137,0.0075,0.7454,0.631694915254237,2026-06-26 01:54:17.321547,8,"Azzi Fudd","Win",0.0663999999999999,0.783519999999999,0.0562711864406781,0.664000000000001
2026-06-25,"FanDuel","DAL @ LVA","1022600133","First Basket","First Points","Player","Game","Home/Away","Favorite/Underdog",0.059,1594,0.0476,2000,0.0114,0.006,0.5995,0.508050847457627,2026-06-25 12:25:18.719941,1,"Stephanie Talbot","Loss",0.5995,-0.5995,0.508050847457627,-0.508050847457627
2026-06-25,"MGM","DAL @ LVA","1022600133","First Basket","First FGM","Player","Game","Home/Away","Favorite/Underdog",0.066,1416,0.0476,2000,0.0184,0.0096,0.9636,0.816610169491525,2026-06-25 14:24:39.741408,5,"Stephanie Talbot","Loss",0.3641,-0.3641,0.308559322033898,-0.308559322033898
2026-06-25,"FanDuel","DAL @ LVA","1022600133","First Basket Exact","First Points","Player","Exact","Home/Away","Favorite/Underdog",0.0311,3113,0.0196,5000,0.0115,0.0059,0.5875,0.876865671641791,2026-06-25 12:25:18.967896,1,"Azzi Fudd layup","Loss",0.5875,-0.5875,0.876865671641791,-0.876865671641791
2026-06-25,"Draft Kings","DAL @ LVA","1022600133","First Basket by Team","First FGM","Player","Team","Home/Away","Favorite/Underdog",0.1878,433,0.1739,475,0.0139,0.0084,0.8398,0.392429906542056,2026-06-25 14:24:39.902964,1,"Arike Ogunbowale","Loss",0.8398,-0.8398,0.392429906542056,-0.392429906542056
2026-06-25,"Fanatics","DAL @ LVA","1022600133","First Basket by Team","First FGM","Player","Team","Home/Away","Favorite/Underdog",0.1878,433,0.1667,500,0.0211,0.0127,1.2673,0.592196261682243,2026-06-25 20:59:51.933618,12,"Arike Ogunbowale","Loss",0.4275,-0.4275,0.199766355140187,-0.199766355140187
2026-06-25,"Fanatics","DAL @ LVA","1022600133","First Basket by Team","First FGM","Player","Team","Home/Away","Favorite/Underdog",0.2111,374,0.1667,500,0.0445,0.0267,2.6685,1.24696261682243,2026-06-25 12:25:18.876764,1,"Awak Kuier","Loss",2.6685,-2.6685,1.24696261682243,-1.24696261682243
2026-06-25,"Fanatics","DAL @ LVA","1022600133","First Basket by Team","First FGM","Player","Team","Home/Away","Favorite/Underdog",0.2111,374,0.1538,550,0.0573,0.0339,3.3856,1.58205607476636,2026-06-25 14:24:39.902964,5,"Awak Kuier","Loss",0.7171,-0.7171,0.33509345794393,-0.33509345794393
2026-06-25,"FanDuel","DAL @ LVA","1022600133","First Basket by Team","First Points","Player","Team","Home/Away","Favorite/Underdog",0.1773,464,0.1667,500,0.0106,0.0064,0.6362,0.297289719626168,2026-06-25 12:25:18.876764,1,"Azzi Fudd","Win",0.6362,3.181,0.297289719626168,1.48644859813084
2026-06-25,"FanDuel","DAL @ LVA","1022600133","First Basket by Team","First Points","Player","Team","Home/Away","Favorite/Underdog",0.1773,464,0.1538,550,0.0234,0.0138,1.3841,0.64677570093458,2026-06-25 19:30:00.212921,12,"Azzi Fudd","Win",0.7479,4.11345,0.349485981308412,1.92217289719627
2026-06-25,"Fanatics","DAL @ LVA","1022600133","First Basket by Team","First FGM","Player","Team","Home/Away","Favorite/Underdog",0.1502,566,0.1333,650,0.0169,0.0097,0.9747,0.455467289719626,2026-06-25 13:54:39.618709,1,"Chelsea Gray","Loss",0.9747,-0.9747,0.455467289719626,-0.455467289719626
2026-06-25,"Draft Kings","DAL @ LVA","1022600133","First Basket by Team","First FGM","Player","Team","Home/Away","Favorite/Underdog",0.1502,566,0.125,700,0.0252,0.0144,1.4416,0.673644859813084,2026-06-25 21:28:59.085043,14,"Chelsea Gray","Loss",0.4669,-0.4669,0.218177570093458,-0.218177570093458
2026-06-25,"Fanatics","DAL @ LVA","1022600133","First Basket by Team","First FGM","Player","Team","Home/Away","Favorite/Underdog",0.1351,640,0.1111,800,0.024,0.0135,1.3481,0.629953271028037,2026-06-25 12:25:18.876764,1,"Stephanie Talbot","Loss",1.3481,-1.3481,0.629953271028037,-0.629953271028037
2026-06-25,"FanDuel","DAL @ LVA","1022600133","First Basket by Team","First Points","Player","Team","Home/Away","Favorite/Underdog",0.1225,716,0.0909,1000,0.0316,0.0174,1.7401,0.813130841121495,2026-06-25 19:30:00.212921,13,"Stephanie Talbot","Loss",0.392,-0.392,0.183177570093458,-0.183177570093458
2026-06-25,"Draft Kings","DAL @ LVA","1022600133","First Basket by Team Exact","First FGM","Player","Team Exact","Home/Away","Favorite/Underdog",0.1288,676,0.1,900,0.0288,0.016,1.5995,1.15905797101449,2026-06-25 14:24:40.094866,1,"Arike Ogunbowale two point field goal","Loss",1.5995,-1.5995,1.15905797101449,-1.15905797101449
2026-06-25,"Draft Kings","DAL @ LVA","1022600133","First Basket by Team Exact","First FGM","Player","Team Exact","Home/Away","Favorite/Underdog",0.1628,514,0.1429,600,0.02,0.0117,1.1654,0.844492753623188,2026-06-25 21:28:59.171898,1,"Awak Kuier two point field goal","Loss",1.1654,-1.1654,0.844492753623188,-0.844492753623188
2026-06-25,"Draft Kings","DAL @ LVA","1022600133","First Basket by Team Exact","First FGM","Player","Team Exact","Home/Away","Favorite/Underdog",0.0948,955,0.0769,1200,0.0179,0.0097,0.9685,0.701811594202899,2026-06-25 14:24:40.094866,1,"Chelsea Gray two point field goal","Loss",0.9685,-0.9685,0.701811594202899,-0.701811594202899
2026-06-25,"Draft Kings","DAL @ LVA","1022600133","First Basket by Team Exact","First FGM","Player","Team Exact","Home/Away","Favorite/Underdog",0.0232,4210,0.0076,13000,0.0156,0.0078,0.7845,0.568478260869565,2026-06-25 14:24:40.094866,1,"NaLyssa Smith three point field goal","Loss",0.7845,-0.7845,0.568478260869565,-0.568478260869565
2026-06-25,"Draft Kings","DAL @ LVA","1022600133","First Basket by Team Exact","First FGM","Player","Team Exact","Home/Away","Favorite/Underdog",0.0811,1133,0.0667,1400,0.0144,0.0077,0.7722,0.559565217391304,2026-06-25 14:24:40.094866,1,"Stephanie Talbot two point field goal","Loss",0.7722,-0.7722,0.559565217391304,-0.559565217391304
2026-06-25,"FanDuel","LAS @ TOR","1022600132","First Basket","First Points","Player","Game","Home/Away","Favorite/Underdog",0.1228,715,0.1111,800,0.0117,0.0066,0.656,0.555932203389831,2026-06-25 12:25:18.719941,1,"Isabelle Harrison","Loss",0.656,-0.656,0.555932203389831,-0.555932203389831
2026-06-25,"MGM","LAS @ TOR","1022600132","First Basket","First FGM","Player","Game","Home/Away","Favorite/Underdog",0.069,1348,0.0556,1700,0.0135,0.0071,0.7144,0.605423728813559,2026-06-25 14:24:39.741408,1,"Julie Allemand","Loss",0.7144,-0.7144,0.605423728813559,-0.605423728813559
2026-06-25,"FanDuel","LAS @ TOR","1022600132","First Basket","First Points","Player","Game","Home/Away","Favorite/Underdog",0.1183,745,0.1,900,0.0183,0.0102,1.0166,0.861525423728814,2026-06-25 12:25:18.719941,1,"Rae Burrell","Loss",1.0166,-1.0166,0.861525423728814,-0.861525423728814
2026-06-25,"FanDuel","LAS @ TOR","1022600132","First Basket Exact","First Points","Player","Exact","Home/Away","Favorite/Underdog",0.0306,3171,0.0196,5000,0.011,0.0056,0.5589,0.834179104477612,2026-06-25 12:25:18.967896,1,"Ariel Atkins layup","Loss",0.5589,-0.5589,0.834179104477612,-0.834179104477612
2026-06-25,"FanDuel","LAS @ TOR","1022600132","First Basket by Team","First Points","Player","Team","Home/Away","Favorite/Underdog",0.2597,285,0.2381,320,0.0216,0.0142,1.4179,0.662570093457944,2026-06-25 12:25:18.876764,1,"Isabelle Harrison","Loss",1.4179,-1.4179,0.662570093457944,-0.662570093457944
2026-06-25,"FanDuel","LAS @ TOR","1022600132","First Basket by Team","First Points","Player","Team","Home/Away","Favorite/Underdog",0.2597,285,0.2326,330,0.0271,0.0177,1.7684,0.826355140186916,2026-06-25 17:53:33.431753,9,"Isabelle Harrison","Loss",0.3505,-0.3505,0.163785046728972,-0.163785046728972
2026-06-25,"FanDuel","LAS @ TOR","1022600132","First Basket by Team","First Points","Player","Team","Home/Away","Favorite/Underdog",0.1306,665,0.1176,750,0.013,0.0074,0.7363,0.344065420560748,2026-06-25 12:25:18.876764,1,"Julie Allemand","Loss",0.7363,-0.7363,0.344065420560748,-0.344065420560748
2026-06-25,"Draft Kings","LAS @ TOR","1022600132","First Basket by Team","First FGM","Player","Team","Home/Away","Favorite/Underdog",0.1431,599,0.125,700,0.0181,0.0103,1.0327,0.482570093457944,2026-06-25 13:54:39.618709,4,"Julie Allemand","Loss",0.2964,-0.2964,0.138504672897196,-0.138504672897196
2026-06-25,"FanDuel","LAS @ TOR","1022600132","First Basket by Team","First Points","Player","Team","Home/Away","Favorite/Underdog",0.2244,346,0.1852,440,0.0392,0.024,2.4045,1.12359813084112,2026-06-25 12:25:18.876764,1,"Rae Burrell","Loss",2.4045,-2.4045,1.12359813084112,-1.12359813084112
2026-06-25,"Draft Kings","LAS @ TOR","1022600132","First Basket by Team Exact","First FGM","Player","Team Exact","Home/Away","Favorite/Underdog",0.1206,729,0.0952,950,0.0253,0.014,1.4,1.01449275362319,2026-06-25 13:54:39.800987,1,"Ariel Atkins two point field goal","Loss",1.4,-1.4,1.01449275362319,-1.01449275362319
2026-06-25,"Draft Kings","LAS @ TOR","1022600132","First Basket by Team Exact","First FGM","Player","Team Exact","Home/Away","Favorite/Underdog",0.0337,2868,0.0179,5500,0.0158,0.0081,0.8061,0.584130434782609,2026-06-25 13:54:39.800987,1,"Dearica Hamby three point field goal","Loss",0.8061,-0.8061,0.584130434782609,-0.584130434782609
2026-06-25,"Draft Kings","LAS @ TOR","1022600132","First Basket by Team Exact","First FGM","Player","Team Exact","Home/Away","Favorite/Underdog",0.1663,501,0.125,700,0.0413,0.0236,2.3596,1.70985507246377,2026-06-25 13:54:39.800987,1,"Rae Burrell two point field goal","Loss",2.3596,-2.3596,1.70985507246377,-1.70985507246377
2026-06-25,"Fanatics","NYL @ SEA","1022600134","First Basket","First FGM","Player","Game","Home/Away","Favorite/Underdog",0.1024,877,0.0769,1200,0.0254,0.0138,1.3776,1.16745762711864,2026-06-26 01:54:17.321547,1,"Betnijah Laney-Hamilton","Loss",1.3776,-1.3776,1.16745762711864,-1.16745762711864
2026-06-25,"Draft Kings","NYL @ SEA","1022600134","First Basket","First Points","Player","Game","Home/Away","Favorite/Underdog",0.1663,501,0.1536,551,0.0127,0.0075,0.7478,0.633728813559322,2026-06-25 12:25:18.719941,1,"Dominique Malonga","Loss",0.7478,-0.7478,0.633728813559322,-0.633728813559322
2026-06-25,"Fanatics","NYL @ SEA","1022600134","First Basket","First FGM","Player","Game","Home/Away","Favorite/Underdog",0.0823,1115,0.0714,1300,0.0109,0.0059,0.585,0.495762711864407,2026-06-25 17:25:31.361441,1,"Jade Melbourne","Loss",0.585,-0.585,0.495762711864407,-0.495762711864407
2026-06-25,"FanDuel","NYL @ SEA","1022600134","First Basket","First Points","Player","Game","Home/Away","Favorite/Underdog",0.0821,1118,0.0714,1300,0.0107,0.0057,0.5735,0.486016949152542,2026-06-25 12:25:18.719941,1,"Leonie Fiebich","Win",0.5735,7.4555,0.486016949152542,6.31822033898305
2026-06-25,"MGM","NYL @ SEA","1022600134","First Basket","First FGM","Player","Game","Home/Away","Favorite/Underdog",0.0803,1145,0.0667,1400,0.0136,0.0073,0.7299,0.618559322033898,2026-06-25 19:30:00.123713,13,"Leonie Fiebich","Win",0.1564,2.1896,0.132542372881356,1.85559322033898
2026-06-25,"FanDuel","NYL @ SEA","1022600134","First Basket","First Points","Player","Game","Home/Away","Favorite/Underdog",0.0821,1118,0.0667,1400,0.0154,0.0083,0.8257,0.699745762711864,2026-06-25 20:59:51.851548,16,"Leonie Fiebich","Win",0.0958,1.3412,0.081186440677966,1.13661016949152
2026-06-25,"FanDuel","NYL @ SEA","1022600134","First Basket","First Points","Player","Game","Home/Away","Favorite/Underdog",0.0967,934,0.0667,1400,0.03,0.0161,1.6092,1.36372881355932,2026-06-25 22:26:17.154594,19,"Leonie Fiebich","Win",0.7835,10.969,0.663983050847456,9.29576271186438
2026-06-25,"Draft Kings","NYL @ SEA","1022600134","First Basket Type","First FGM","Game","Exact","Home/Away","Favorite/Underdog",0.3182,214,0.3077,225,0.0105,0.0076,0.379,0.29609375,2026-06-25 22:26:17.705161,1,"NYL @ SEA three point field goal","Win",0.379,0.85275,0.29609375,0.6662109375
2026-06-25,"Fanatics","NYL @ SEA","1022600134","First Basket by Team","First FGM","Player","Team","Home/Away","Favorite/Underdog",0.2003,399,0.1429,600,0.0574,0.0335,3.3493,1.56509345794393,2026-06-26 01:54:17.479912,1,"Betnijah Laney-Hamilton","Loss",3.3493,-3.3493,1.56509345794393,-1.56509345794393
2026-06-25,"Fanatics","NYL @ SEA","1022600134","First Basket by Team","First FGM","Player","Team","Home/Away","Favorite/Underdog",0.1685,493,0.1538,550,0.0147,0.0087,0.8673,0.405280373831776,2026-06-25 19:30:00.212921,1,"Jade Melbourne","Loss",0.8673,-0.8673,0.405280373831776,-0.405280373831776
2026-06-25,"FanDuel","NYL @ SEA","1022600134","First Basket by Team","First Points","Player","Team","Home/Away","Favorite/Underdog",0.1678,496,0.1429,600,0.0249,0.0145,1.4529,0.67892523364486,2026-06-26 01:54:17.479912,5,"Jade Melbourne","Loss",0.5856,-0.5856,0.273644859813084,-0.273644859813084
2026-06-25,"FanDuel","NYL @ SEA","1022600134","First Basket by Team","First Points","Player","Team","Home/Away","Favorite/Underdog",0.1581,532,0.125,700,0.0331,0.0189,1.8917,0.883971962616822,2026-06-25 12:25:18.876764,1,"Leonie Fiebich","Win",1.8917,13.2419,0.883971962616822,6.18780373831775
2026-06-25,"FanDuel","NYL @ SEA","1022600134","First Basket by Team","First Points","Player","Team","Home/Away","Favorite/Underdog",0.1865,436,0.1333,650,0.0531,0.0307,3.0658,1.43261682242991,2026-06-25 22:26:17.316157,19,"Leonie Fiebich","Win",1.1741,7.63165,0.548644859813088,3.56619158878507
2026-06-25,"Draft Kings","NYL @ SEA","1022600134","First Basket by Team Exact","First FGM","Player","Team Exact","Home/Away","Favorite/Underdog",0.047,2030,0.0323,3000,0.0147,0.0076,0.7592,0.550144927536232,2026-06-25 14:24:40.094866,1,"Dominique Malonga three point field goal","Loss",0.7592,-0.7592,0.550144927536232,-0.550144927536232
2026-06-25,"Draft Kings","NYL @ SEA","1022600134","First Basket by Team Exact","First FGM","Player","Team Exact","Home/Away","Favorite/Underdog",0.1001,899,0.0714,1300,0.0287,0.0154,1.5447,1.11934782608696,2026-06-25 14:24:40.094866,1,"Leonie Fiebich two point field goal","Loss",1.5447,-1.5447,1.11934782608696,-1.11934782608696
2026-06-25,"Draft Kings","NYL @ SEA","1022600134","First Basket by Team Exact","First FGM","Player","Team Exact","Home/Away","Favorite/Underdog",0.117,755,0.0714,1300,0.0455,0.0245,2.4523,1.77702898550725,2026-06-25 22:26:17.506314,15,"Leonie Fiebich two point field goal","Loss",0.9076,-0.9076,0.65768115942029,-0.65768115942029
2026-06-25,"Draft Kings","NYL @ SEA","1022600134","First Basket by Team Exact","First FGM","Player","Team Exact","Home/Away","Favorite/Underdog",0.122,720,0.0952,950,0.0268,0.0148,1.4786,1.07144927536232,2026-06-25 14:24:40.094866,1,"Natisha Hiedeman two point field goal","Win",1.4786,14.0467,1.07144927536232,10.178768115942
2026-06-25,"Draft Kings","NYL @ SEA","1022600134","First Three by Team","First Three","Player","Team","Home/Away","Favorite/Underdog",0.2155,364,0.1667,500,0.0489,0.0293,2.9313,1.48045454545455,2026-06-25 14:24:40.367543,1,"Sabrina Ionescu","Loss",2.9313,-2.9313,1.48045454545455,-1.48045454545455
2026-06-26,"FanDuel","ATL @ GSV","1022600137","First Basket","First Points","Player","Game","Home/Away","Favorite/Underdog",0.1055,848,0.0909,1000,0.0146,0.008,0.8017,0.679406779661017,2026-06-26 12:27:30.458815,1,"Allisha Gray","Loss",0.8017,-0.8017,0.679406779661017,-0.679406779661017
2026-06-26,"FanDuel","ATL @ GSV","1022600137","First Basket","First Points","Player","Game","Home/Away","Favorite/Underdog",0.1056,847,0.0909,1000,0.0147,0.0081,0.8069,0.683813559322034,2026-06-26 14:53:32.756575,5,"Allisha Gray","Loss",0.00519999999999998,-0.00519999999999998,0.00440677966101699,-0.00440677966101699
2026-06-26,"MGM","ATL @ GSV","1022600137","First Basket","First FGM","Player","Game","Home/Away","Favorite/Underdog",0.0725,1280,0.0588,1600,0.0136,0.0072,0.7239,0.613474576271187,2026-06-26 14:23:32.043658,1,"Kiah Stokes","Win",0.7239,11.5824,0.613474576271187,9.81559322033899
2026-06-26,"Draft Kings","ATL @ GSV","1022600137","First Basket","First Points","Player","Game","Home/Away","Favorite/Underdog",0.0874,1045,0.0625,1500,0.0249,0.0133,1.3255,1.12330508474576,2026-06-26 12:27:30.458815,1,"Naz Hillmon","Loss",1.3255,-1.3255,1.12330508474576,-1.12330508474576
2026-06-26,"FanDuel","ATL @ GSV","1022600137","First Basket","First Points","Player","Game","Home/Away","Favorite/Underdog",0.0874,1044,0.0625,1500,0.0249,0.0133,1.3296,1.12677966101695,2026-06-26 12:53:42.069464,2,"Naz Hillmon","Loss",0.00409999999999999,-0.00409999999999999,0.00347457627119008,-0.00347457627119008
2026-06-26,"FanDuel","ATL @ GSV","1022600137","First Basket","First Points","Player","Game","Home/Away","Favorite/Underdog",0.0874,1044,0.0588,1600,0.0286,0.0152,1.5197,1.2878813559322,2026-06-27 00:23:32.112839,25,"Naz Hillmon","Loss",0.1901,-0.1901,0.16110169491525,-0.16110169491525
2026-06-26,"FanDuel","ATL @ GSV","1022600137","First Basket Exact","First Points","Player","Exact","Home/Away","Favorite/Underdog",0.034,2838,0.0196,5000,0.0144,0.0074,0.7358,1.09820895522388,2026-06-26 12:27:30.711288,1,"Cecilia Zandalasini layup","Loss",0.7358,-0.7358,1.09820895522388,-1.09820895522388
2026-06-26,"FanDuel","ATL @ GSV","1022600137","First Basket by Team","First Points","Player","Team","Home/Away","Favorite/Underdog",0.2086,379,0.1754,470,0.0332,0.0201,2.0102,0.939345794392523,2026-06-26 12:27:30.619003,1,"Allisha Gray","Loss",2.0102,-2.0102,0.939345794392523,-0.939345794392523
2026-06-26,"Draft Kings","ATL @ GSV","1022600137","First Basket by Team","First FGM","Player","Team","Home/Away","Favorite/Underdog",0.1893,428,0.1538,550,0.0355,0.021,2.097,0.979906542056075,2026-06-26 13:53:32.164596,4,"Allisha Gray","Win",0.0867999999999998,0.477399999999999,0.040560747663552,0.223084112149536
2026-06-26,"FanDuel","ATL @ GSV","1022600137","First Basket by Team","First Points","Player","Team","Home/Away","Favorite/Underdog",0.2086,379,0.1724,480,0.0362,0.0219,2.1856,1.02130841121495,2026-06-26 15:53:32.98932,8,"Allisha Gray","Loss",0.0886,-0.0886,0.041401869158875,-0.041401869158875
2026-06-26,"Draft Kings","ATL @ GSV","1022600137","First Basket by Team","First FGM","Player","Team","Home/Away","Favorite/Underdog",0.2835,253,0.25,300,0.0335,0.0223,2.2329,1.04341121495327,2026-06-26 13:53:32.164596,1,"Angel Reese","Loss",2.2329,-2.2329,1.04341121495327,-1.04341121495327
2026-06-26,"FanDuel","ATL @ GSV","1022600137","First Basket by Team","First Points","Player","Team","Home/Away","Favorite/Underdog",0.2211,352,0.2,400,0.0211,0.0132,1.3181,0.615934579439252,2026-06-26 12:27:30.619003,1,"Cecilia Zandalasini","Loss",1.3181,-1.3181,0.615934579439252,-0.615934579439252
2026-06-26,"FanDuel","ATL @ GSV","1022600137","First Basket by Team","First Points","Player","Team","Home/Away","Favorite/Underdog",0.1347,642,0.1176,750,0.0171,0.0097,0.9678,0.452242990654206,2026-06-26 12:27:30.619003,1,"Kiah Stokes","Win",0.9678,7.2585,0.452242990654206,3.39182242990654
2026-06-26,"Fanatics","ATL @ GSV","1022600137","First Basket by Team","First FGM","Player","Team","Home/Away","Favorite/Underdog",0.146,585,0.125,700,0.021,0.012,1.2026,0.56196261682243,2026-06-26 12:53:42.224804,2,"Kiah Stokes","Win",0.2348,1.6436,0.109719626168224,0.768037383177568
2026-06-26,"Fanatics","ATL @ GSV","1022600137","First Basket by Team","First FGM","Player","Team","Home/Away","Favorite/Underdog",0.1646,507,0.1176,750,0.047,0.0266,2.6617,1.24378504672897,2026-06-26 12:27:30.619003,1,"Naz Hillmon","Loss",2.6617,-2.6617,1.24378504672897,-1.24378504672897
2026-06-26,"FanDuel","ATL @ GSV","1022600137","First Basket by Team","First Points","Player","Team","Home/Away","Favorite/Underdog",0.1727,479,0.125,700,0.0477,0.0273,2.7276,1.27457943925234,2026-06-26 12:53:42.224804,2,"Naz Hillmon","Loss",0.0658999999999996,-0.0658999999999996,0.03079439252337,-0.03079439252337
2026-06-26,"FanDuel","ATL @ GSV","1022600137","First Basket by Team","First Points","Player","Team","Home/Away","Favorite/Underdog",0.1727,479,0.1111,800,0.0616,0.0347,3.4662,1.61971962616822,2026-06-26 20:23:32.483124,17,"Naz Hillmon","Loss",0.7386,-0.7386,0.34514018691588,-0.34514018691588
2026-06-26,"Draft Kings","ATL @ GSV","1022600137","First Basket by Team Exact","First FGM","Player","Team Exact","Home/Away","Favorite/Underdog",0.1306,666,0.1111,800,0.0195,0.011,1.0955,0.793840579710145,2026-06-26 13:53:32.355881,1,"Allisha Gray two point field goal","Loss",1.0955,-1.0955,0.793840579710145,-0.793840579710145
2026-06-26,"Draft Kings","ATL @ GSV","1022600137","First Basket by Team Exact","First FGM","Player","Team Exact","Home/Away","Favorite/Underdog",0.0443,2157,0.0152,6500,0.0292,0.0148,1.4801,1.07253623188406,2026-06-26 13:53:32.355881,1,"Angel Reese three point field goal","Loss",1.4801,-1.4801,1.07253623188406,-1.07253623188406
2026-06-26,"Draft Kings","ATL @ GSV","1022600137","First Basket by Team Exact","First FGM","Player","Team Exact","Home/Away","Favorite/Underdog",0.1466,582,0.1053,850,0.0413,0.0231,2.3106,1.67434782608696,2026-06-26 13:53:32.355881,1,"Cecilia Zandalasini two point field goal","Loss",2.3106,-2.3106,1.67434782608696,-1.67434782608696
2026-06-26,"Draft Kings","ATL @ GSV","1022600137","First Three by Team","First Three","Player","Team","Home/Away","Favorite/Underdog",0.2204,354,0.1538,550,0.0666,0.0393,3.9336,1.98666666666667,2026-06-26 13:53:32.618344,1,"Cecilia Zandalasini","Loss",3.9336,-3.9336,1.98666666666667,-1.98666666666667
2026-06-26,"Draft Kings","ATL @ GSV","1022600137","First Three by Team","First Three","Player","Team","Home/Away","Favorite/Underdog",0.12,734,0.0714,1300,0.0485,0.0261,2.6129,1.31964646464646,2026-06-26 13:53:32.618344,1,"Kiah Stokes","Win",2.6129,33.9677,1.31964646464646,17.155404040404
2026-06-26,"FanDuel","PDX @ CHI","1022600136","First Basket","First Points","Player","Game","Home/Away","Favorite/Underdog",0.0968,933,0.0588,1600,0.0379,0.0202,2.0159,1.70838983050847,2026-06-26 12:27:30.458815,1,"Gabriela Jaquez","Loss",2.0159,-2.0159,1.70838983050847,-1.70838983050847
2026-06-26,"Draft Kings","PDX @ CHI","1022600136","First Basket","First Points","Player","Game","Home/Away","Favorite/Underdog",0.0968,933,0.0588,1600,0.038,0.0202,2.0174,1.70966101694915,2026-06-26 17:23:41.374723,11,"Gabriela Jaquez","Loss",0.00150000000000006,-0.00150000000000006,0.00127118644068003,-0.00127118644068003
2026-06-26,"FanDuel","PDX @ CHI","1022600136","First Basket","First Points","Player","Game","Home/Away","Favorite/Underdog",0.0968,933,0.0556,1700,0.0412,0.0218,2.182,1.84915254237288,2026-06-26 19:53:31.898282,16,"Gabriela Jaquez","Loss",0.1646,-0.1646,0.13949152542373,-0.13949152542373
2026-06-26,"Draft Kings","PDX @ CHI","1022600136","First Basket","First Points","Player","Game","Home/Away","Favorite/Underdog",0.0964,937,0.0633,1480,0.0331,0.0177,1.7688,1.49898305084746,2026-06-26 12:27:30.458815,1,"Megan Gustafson","Win",1.7688,26.17824,1.49898305084746,22.1849491525424
2026-06-26,"FanDuel","PDX @ CHI","1022600136","First Basket","First Points","Player","Game","Home/Away","Favorite/Underdog",0.0964,937,0.0588,1600,0.0376,0.02,1.9977,1.69296610169492,2026-06-26 14:53:32.756575,6,"Megan Gustafson","Win",0.2289,3.6624,0.19398305084746,3.10372881355936
2026-06-26,"BetRivers","PDX @ CHI","1022600136","First Basket","First FGM","Player","Game","Home/Away","Favorite/Underdog",0.0893,1019,0.0769,1200,0.0124,0.0067,0.6721,0.569576271186441,2026-06-26 12:27:30.458815,1,"Sarah Ashlee Barker","Loss",0.6721,-0.6721,0.569576271186441,-0.569576271186441
2026-06-26,"FanDuel","PDX @ CHI","1022600136","First Basket","First Points","Player","Game","Home/Away","Favorite/Underdog",0.0849,1077,0.0714,1300,0.0135,0.0073,0.728,0.616949152542373,2026-06-26 14:23:32.043658,5,"Sarah Ashlee Barker","Loss",0.0558999999999999,-0.0558999999999999,0.047372881355932,-0.047372881355932
2026-06-26,"Draft Kings","PDX @ CHI","1022600136","First Basket","First Points","Player","Game","Home/Away","Favorite/Underdog",0.0979,922,0.0833,1100,0.0145,0.0079,0.7935,0.672457627118644,2026-06-26 12:27:30.458815,1,"Skylar Diggins","Loss",0.39675,-0.39675,0.336228813559322,-0.336228813559322
2026-06-26,"FanDuel","PDX @ CHI","1022600136","First Basket","First Points","Player","Game","Home/Away","Favorite/Underdog",0.0979,922,0.0833,1100,0.0145,0.0079,0.7935,0.672457627118644,2026-06-26 12:27:30.458815,1,"Skylar Diggins","Loss",0.39675,-0.39675,0.336228813559322,-0.336228813559322
2026-06-26,"theScore","PDX @ CHI","1022600136","First Basket","First Points","Player","Game","Home/Away","Favorite/Underdog",0.0979,922,0.0769,1200,0.021,0.0114,1.1352,0.962033898305085,2026-06-26 14:53:32.756575,6,"Skylar Diggins","Loss",0.3417,-0.3417,0.289576271186441,-0.289576271186441
2026-06-26,"FanDuel","PDX @ CHI","1022600136","First Basket","First Points","Player","Game","Home/Away","Favorite/Underdog",0.0979,921,0.0769,1200,0.021,0.0114,1.1367,0.963305084745763,2026-06-26 17:23:41.374723,11,"Skylar Diggins","Loss",0.000750000000000028,-0.000750000000000028,0.000635593220339015,-0.000635593220339015
2026-06-26,"theScore","PDX @ CHI","1022600136","First Basket","First Points","Player","Game","Home/Away","Favorite/Underdog",0.0979,921,0.0769,1200,0.021,0.0114,1.1367,0.963305084745763,2026-06-26 17:23:41.374723,11,"Skylar Diggins","Loss",0.000750000000000028,-0.000750000000000028,0.000635593220339015,-0.000635593220339015
2026-06-26,"theScore","PDX @ CHI","1022600136","First Basket","First Points","Player","Game","Home/Away","Favorite/Underdog",0.0979,921,0.0769,1200,0.021,0.0114,1.1383,0.964661016949153,2026-06-26 23:24:17.066516,23,"Skylar Diggins","Loss",0.00160000000000005,-0.00160000000000005,0.00135593220338992,-0.00135593220338992
2026-06-26,"FanDuel","PDX @ CHI","1022600136","First Basket Exact","First Points","Player","Exact","Home/Away","Favorite/Underdog",0.0415,2310,0.0294,3300,0.0121,0.0062,0.622,0.928358208955224,2026-06-26 20:23:32.577539,1,"Gabriela Jaquez layup","Loss",0.622,-0.622,0.928358208955224,-0.928358208955224
2026-06-26,"Draft Kings","PDX @ CHI","1022600136","First Basket Type","First FGM","Game","Exact","Home/Away","Favorite/Underdog",0.2742,265,0.2632,280,0.0111,0.0075,0.3762,0.29390625,2026-06-26 13:23:33.326989,1,"PDX @ CHI three point field goal","Win",0.3762,1.05336,0.29390625,0.8229375
2026-06-26,"FanDuel","PDX @ CHI","1022600136","First Basket by Team","First Points","Player","Team","Home/Away","Favorite/Underdog",0.1838,444,0.1,900,0.0838,0.0466,4.6564,2.17588785046729,2026-06-26 12:27:30.619003,1,"Gabriela Jaquez","Win",4.6564,41.9076,2.17588785046729,19.5829906542056
2026-06-26,"FanDuel","PDX @ CHI","1022600136","First Basket by Team","First Points","Player","Team","Home/Away","Favorite/Underdog",0.2036,391,0.1429,600,0.0608,0.0355,3.5451,1.65658878504673,2026-06-26 12:27:30.619003,1,"Megan Gustafson","Win",3.5451,21.2706,1.65658878504673,9.93953271028038
2026-06-26,"FanDuel","PDX @ CHI","1022600136","First Basket by Team","First Points","Player","Team","Home/Away","Favorite/Underdog",0.2036,391,0.1333,650,0.0703,0.0406,4.0556,1.89514018691589,2026-06-26 14:53:32.914215,6,"Megan Gustafson","Win",0.5105,3.31825,0.23855140186916,1.55058411214954
2026-06-26,"FanDuel","PDX @ CHI","1022600136","First Basket by Team","First Points","Player","Team","Home/Away","Favorite/Underdog",0.1794,457,0.1667,500,0.0127,0.0076,0.7632,0.356635514018692,2026-06-26 14:53:32.914215,1,"Sarah Ashlee Barker","Loss",0.7632,-0.7632,0.356635514018692,-0.356635514018692
2026-06-26,"FanDuel","PDX @ CHI","1022600136","First Basket by Team","First Points","Player","Team","Home/Away","Favorite/Underdog",0.1859,438,0.1333,650,0.0526,0.0303,3.0341,1.41780373831776,2026-06-26 12:27:30.619003,1,"Skylar Diggins","Loss",3.0341,-3.0341,1.41780373831776,-1.41780373831776
2026-06-26,"Fanatics","PDX @ CHI","1022600136","First Basket by Team","First FGM","Player","Team","Home/Away","Favorite/Underdog",0.1882,431,0.1667,500,0.0215,0.0129,1.2899,0.602757009345794,2026-06-26 12:27:30.619003,1,"Sydney Taylor","Loss",1.2899,-1.2899,0.602757009345794,-0.602757009345794
2026-06-26,"Draft Kings","PDX @ CHI","1022600136","First Basket by Team Exact","First FGM","Player","Team Exact","Home/Away","Favorite/Underdog",0.0445,2149,0.0345,2800,0.01,0.0052,0.5171,0.374710144927536,2026-06-26 13:53:32.355881,1,"Gabriela Jaquez three point field goal","Loss",0.5171,-0.5171,0.374710144927536,-0.374710144927536
2026-06-26,"Draft Kings","PDX @ CHI","1022600136","First Basket by Team Exact","First FGM","Player","Team Exact","Home/Away","Favorite/Underdog",0.1339,647,0.0909,1000,0.043,0.0237,2.3662,1.71463768115942,2026-06-26 13:53:32.355881,1,"Gabriela Jaquez two point field goal","Loss",2.3662,-2.3662,1.71463768115942,-1.71463768115942
2026-06-26,"Draft Kings","PDX @ CHI","1022600136","First Basket by Team Exact","First FGM","Player","Team Exact","Home/Away","Favorite/Underdog",0.063,1488,0.0435,2200,0.0195,0.0102,1.0187,0.738188405797101,2026-06-26 13:53:32.355881,1,"Megan Gustafson three point field goal","Win",1.0187,22.4114,0.738188405797101,16.2401449275362
2026-06-26,"Draft Kings","PDX @ CHI","1022600136","First Basket by Team Exact","First FGM","Player","Team Exact","Home/Away","Favorite/Underdog",0.1305,666,0.1053,850,0.0253,0.0141,1.4123,1.02340579710145,2026-06-26 13:53:32.355881,1,"Megan Gustafson two point field goal","Loss",1.4123,-1.4123,1.02340579710145,-1.02340579710145
2026-06-26,"FanDuel","PDX @ CHI","1022600136","First Team","First Points","Team","Quarter","Home/Away","Favorite/Underdog",0.4735,111,0.4505,122,0.0231,0.021,1.0505,0.682142857142857,2026-06-26 12:27:30.861994,1,"1Q PDX","Win",1.0505,1.28161,0.682142857142857,0.832214285714285
2026-06-26,"FanDuel","PDX @ CHI","1022600136","First Team","First Points","Team","Quarter","Home/Away","Favorite/Underdog",0.4734,111,0.4444,125,0.0289,0.0261,1.3027,0.845909090909091,2026-06-26 22:23:32.290293,21,"1Q PDX","Win",0.2522,0.31525,0.163766233766234,0.204707792207793
2026-06-26,"Draft Kings","PDX @ CHI","1022600136","First Three by Team","First Three","Player","Team","Home/Away","Favorite/Underdog",0.2219,351,0.1905,425,0.0314,0.0194,1.9393,0.979444444444444,2026-06-26 13:53:32.618344,1,"Bridget Carleton","Loss",1.9393,-1.9393,0.979444444444444,-0.979444444444444
2026-06-26,"Draft Kings","PDX @ CHI","1022600136","First Three by Team","First Three","Player","Team","Home/Away","Favorite/Underdog",0.2979,236,0.25,300,0.0479,0.0319,3.1937,1.6129797979798,2026-06-26 13:53:32.618344,1,"Sydney Taylor","Win",3.1937,9.5811,1.6129797979798,4.8389393939394
2026-06-26,"FanDuel","WAS @ CON","1022600135","First Basket","First Points","Player","Game","Home/Away","Favorite/Underdog",0.079,1165,0.0625,1500,0.0165,0.0088,0.8824,0.747796610169492,2026-06-26 12:27:30.458815,1,"Charlisse Leger-Walker","Loss",0.8824,-0.8824,0.747796610169492,-0.747796610169492
2026-06-26,"MGM","WAS @ CON","1022600135","First Basket","First FGM","Player","Game","Home/Away","Favorite/Underdog",0.0823,1114,0.0625,1500,0.0198,0.0106,1.0582,0.896779661016949,2026-06-26 13:53:32.001854,4,"Charlisse Leger-Walker","Loss",0.1758,-0.1758,0.148983050847457,-0.148983050847457
2026-06-26,"FanDuel","WAS @ CON","1022600135","First Basket","First Points","Player","Game","Home/Away","Favorite/Underdog",0.1075,830,0.0952,950,0.0123,0.0068,0.679,0.575423728813559,2026-06-26 13:53:32.001854,1,"Diamond Miller","Loss",0.679,-0.679,0.575423728813559,-0.575423728813559
2026-06-26,"Draft Kings","WAS @ CON","1022600135","First Basket","First Points","Player","Game","Home/Away","Favorite/Underdog",0.1075,830,0.0943,960,0.0132,0.0073,0.7279,0.616864406779661,2026-06-26 15:53:32.831029,4,"Diamond Miller","Loss",0.0488999999999999,-0.0488999999999999,0.0414406779661021,-0.0414406779661021
2026-06-26,"Draft Kings","WAS @ CON","1022600135","First Basket","First Points","Player","Game","Home/Away","Favorite/Underdog",0.1076,830,0.0943,960,0.0132,0.0073,0.7295,0.618220338983051,2026-06-26 17:23:41.374723,7,"Diamond Miller","Loss",0.00160000000000005,-0.00160000000000005,0.00135593220338992,-0.00135593220338992
2026-06-26,"Fanatics","WAS @ CON","1022600135","First Basket","First FGM","Player","Game","Home/Away","Favorite/Underdog",0.1057,846,0.0909,1000,0.0148,0.0081,0.8131,0.68906779661017,2026-06-26 17:53:39.649384,8,"Diamond Miller","Loss",0.0836,-0.0836,0.0708474576271191,-0.0708474576271191
2026-06-26,"FanDuel","WAS @ CON","1022600135","First Basket","First Points","Player","Game","Home/Away","Favorite/Underdog",0.0587,1603,0.0476,2000,0.0111,0.0058,0.5828,0.493898305084746,2026-06-26 12:27:30.458815,1,"Georgia Amoore","Loss",0.5828,-0.5828,0.493898305084746,-0.493898305084746
2026-06-26,"MGM","WAS @ CON","1022600135","First Basket","First FGM","Player","Game","Home/Away","Favorite/Underdog",0.0653,1431,0.0476,2000,0.0177,0.0093,0.9299,0.788050847457627,2026-06-26 13:53:32.001854,4,"Georgia Amoore","Loss",0.3471,-0.3471,0.294152542372881,-0.294152542372881
2026-06-26,"FanDuel","WAS @ CON","1022600135","First Basket","First Points","Player","Game","Home/Away","Favorite/Underdog",0.0772,1195,0.0667,1400,0.0105,0.0056,0.5641,0.478050847457627,2026-06-26 21:23:32.071962,1,"Michaela Onyenwere","Loss",0.5641,-0.5641,0.478050847457627,-0.478050847457627
2026-06-26,"FanDuel","WAS @ CON","1022600135","First Basket by Team","First Points","Player","Team","Home/Away","Favorite/Underdog",0.1428,600,0.1111,800,0.0317,0.0178,1.7805,0.832009345794392,2026-06-26 12:27:30.619003,1,"Charlisse Leger-Walker","Loss",1.7805,-1.7805,0.832009345794392,-0.832009345794392
2026-06-26,"Draft Kings","WAS @ CON","1022600135","First Basket by Team","First FGM","Player","Team","Home/Away","Favorite/Underdog",0.1534,552,0.1176,750,0.0357,0.0202,2.0242,0.94588785046729,2026-06-26 13:53:32.164596,4,"Charlisse Leger-Walker","Loss",0.2437,-0.2437,0.113878504672898,-0.113878504672898
2026-06-26,"FanDuel","WAS @ CON","1022600135","First Basket by Team","First Points","Player","Team","Home/Away","Favorite/Underdog",0.1942,415,0.1667,500,0.0275,0.0165,1.6521,0.772009345794392,2026-06-26 12:27:30.619003,1,"Diamond Miller","Loss",1.6521,-1.6521,0.772009345794392,-0.772009345794392
2026-06-26,"Draft Kings","WAS @ CON","1022600135","First Basket by Team","First FGM","Player","Team","Home/Away","Favorite/Underdog",0.1969,408,0.1538,550,0.043,0.0254,2.5417,1.18771028037383,2026-06-26 13:53:32.164596,4,"Diamond Miller","Loss",0.8896,-0.8896,0.415700934579438,-0.415700934579438
2026-06-26,"FanDuel","WAS @ CON","1022600135","First Basket by Team","First Points","Player","Team","Home/Away","Favorite/Underdog",0.1316,660,0.1053,850,0.0263,0.0147,1.4697,0.686775700934579,2026-06-26 12:27:30.619003,1,"Georgia Amoore","Loss",1.4697,-1.4697,0.686775700934579,-0.686775700934579
2026-06-26,"FanDuel","WAS @ CON","1022600135","First Basket by Team","First Points","Player","Team","Home/Away","Favorite/Underdog",0.207,383,0.1961,410,0.0109,0.0068,0.6781,0.316869158878505,2026-06-26 15:53:32.98932,1,"Leila Lacan","Loss",0.6781,-0.6781,0.316869158878505,-0.316869158878505
2026-06-26,"FanDuel","WAS @ CON","1022600135","First Basket by Team","First Points","Player","Team","Home/Away","Favorite/Underdog",0.207,383,0.1923,420,0.0147,0.0091,0.9084,0.424485981308411,2026-06-26 23:24:17.228724,6,"Leila Lacan","Loss",0.2303,-0.2303,0.107616822429906,-0.107616822429906
2026-06-26,"FanDuel","WAS @ CON","1022600135","First Basket by Team","First Points","Player","Team","Home/Away","Favorite/Underdog",0.173,478,0.1538,550,0.0192,0.0113,1.1329,0.529392523364486,2026-06-26 21:23:32.221437,1,"Michaela Onyenwere","Loss",1.1329,-1.1329,0.529392523364486,-0.529392523364486
2026-06-26,"FanDuel","WAS @ CON","1022600135","First Basket by Team","First Points","Player","Team","Home/Away","Favorite/Underdog",0.177,465,0.1667,500,0.0104,0.0062,0.622,0.290654205607477,2026-06-26 12:27:30.619003,1,"Sonia Citron","Loss",0.622,-0.622,0.290654205607477,-0.290654205607477
2026-06-26,"Draft Kings","WAS @ CON","1022600135","First Basket by Team","First FGM","Player","Team","Home/Away","Favorite/Underdog",0.1802,455,0.1667,500,0.0135,0.0081,0.8105,0.378738317757009,2026-06-26 13:53:32.164596,4,"Sonia Citron","Loss",0.1885,-0.1885,0.088084112149532,-0.088084112149532
2026-06-26,"Draft Kings","WAS @ CON","1022600135","First Basket by Team Exact","First FGM","Player","Team Exact","Home/Away","Favorite/Underdog",0.0393,2446,0.0123,8000,0.0269,0.0136,1.3633,0.987898550724638,2026-06-26 13:53:32.355881,1,"Brittney Griner three point field goal","Loss",1.3633,-1.3633,0.987898550724638,-0.987898550724638
2026-06-26,"Draft Kings","WAS @ CON","1022600135","First Basket by Team Exact","First FGM","Player","Team Exact","Home/Away","Favorite/Underdog",0.1078,828,0.0909,1000,0.0169,0.0093,0.9297,0.673695652173913,2026-06-26 13:53:32.355881,1,"Charlisse Leger-Walker two point field goal","Loss",0.9297,-0.9297,0.673695652173913,-0.673695652173913
2026-06-26,"Draft Kings","WAS @ CON","1022600135","First Basket by Team Exact","First FGM","Player","Team Exact","Home/Away","Favorite/Underdog",0.1438,595,0.1111,800,0.0327,0.0184,1.8409,1.33398550724638,2026-06-26 13:53:32.355881,1,"Diamond Miller two point field goal","Loss",1.8409,-1.8409,1.33398550724638,-1.33398550724638
2026-06-26,"Draft Kings","WAS @ CON","1022600135","First Basket by Team Exact","First FGM","Player","Team Exact","Home/Away","Favorite/Underdog",0.0408,2350,0.0196,5000,0.0212,0.0108,1.0819,0.783985507246377,2026-06-26 13:53:32.355881,1,"Kiki Iriafen three point field goal","Loss",1.0819,-1.0819,0.783985507246377,-0.783985507246377
2026-06-26,"Draft Kings","WAS @ CON","1022600135","First Basket by Team Exact","First FGM","Player","Team Exact","Home/Away","Favorite/Underdog",0.0423,2262,0.0196,5000,0.0227,0.0116,1.1595,0.840217391304348,2026-06-26 13:53:32.355881,1,"Shakira Austin three point field goal","Loss",1.1595,-1.1595,0.840217391304348,-0.840217391304348
2026-06-26,"Draft Kings","WAS @ CON","1022600135","First Basket by Team Exact","First FGM","Player","Team Exact","Home/Away","Favorite/Underdog",0.1302,668,0.1176,750,0.0125,0.0071,0.7098,0.514347826086957,2026-06-26 13:53:32.355881,1,"Sonia Citron two point field goal","Loss",0.7098,-0.7098,0.514347826086957,-0.514347826086957
2026-06-26,"Draft Kings","WAS @ CON","1022600135","First Three by Team","First Three","Player","Team","Home/Away","Favorite/Underdog",0.0751,1231,0.0526,1800,0.0225,0.0119,1.1881,0.600050505050505,2026-06-26 13:53:32.618344,1,"Brittney Griner","Loss",1.1881,-1.1881,0.600050505050505,-0.600050505050505
