"game_date","game","play","site","prop"
2025-10-22,"CLE @ NYK","De'Andre Hunter","dk","First Basket by Team"
2025-10-22,"CLE @ NYK","De'Andre Hunter","fd","First Basket by Team"
2025-10-22,"LAC @ UTA","John Collins","dk","First Basket by Team"
2025-10-22,"SAS @ DAL","D'Angelo Russell","fd","First Basket by Team"
2025-10-22,"MIN @ POR","Mike Conley","fd","First Basket by Team"
2025-10-22,"LAC @ UTA","Taylor Hendricks","br","First Basket by Team"
2025-10-22,"LAC @ UTA","Taylor Hendricks","dk","First Basket by Team"
2025-10-24,"CLE @ BKN","De'Andre Hunter","fd","First Basket by Team"
2025-10-24,"BOS @ NYK","Ariel Hukporti","fd","First Basket by Team"
2025-10-24,"ATL @ ORL","Zaccharie Risacher","dk","First Basket by Team"
2025-10-24,"CLE @ BKN","De'Andre Hunter","dk","First Basket by Team"
2025-10-24,"ATL @ ORL","Zaccharie Risacher","fd","First Basket by Team"
2025-10-24,"BOS @ NYK","Ariel Hukporti","br","First Basket by Team"
2025-10-24,"BOS @ NYK","Ariel Hukporti","dk","First Basket by Team"
2025-10-24,"SAS @ NOP","Yves Missi","br","First Basket by Team"
2025-10-24,"SAS @ NOP","Yves Missi","dk","First Basket by Team"
2025-10-24,"UTA @ SAC","Malik Monk","fd","First Basket by Team"
2025-10-24,"SAS @ NOP","Derik Queen","br","First Basket by Team"
2025-10-24,"SAS @ NOP","Derik Queen","dk","First Basket by Team"
2025-10-25,"IND @ MEM","Isaiah Jackson","fd","First Basket by Team"
2025-10-25,"CHA @ PHI","Kon Knueppel","mgm","First Basket by Team"
2025-10-25,"IND @ MEM","Isaiah Jackson","dk","First Basket by Team"
2025-10-26,"BOS @ DET","Sam Hauser","fd","First Basket by Team"
2025-10-26,"POR @ LAC","Bradley Beal","fd","First Basket by Team"
2025-10-26,"POR @ LAC","Bradley Beal","br","First Basket by Team"
2025-10-26,"POR @ LAC","Bradley Beal","dk","First Basket by Team"
2025-10-27,"POR @ LAL","Marcus Smart","fd","First Basket by Team"
2025-10-27,"BKN @ HOU","Steven Adams","br","First Basket by Team"
2025-10-27,"BKN @ HOU","Steven Adams","dk","First Basket by Team"
2025-10-27,"OKC @ DAL","Dereck Lively II","fd","First Basket by Team"
2025-10-28,"NYK @ MIL","Ariel Hukporti","fd","First Basket by Team"
2025-10-28,"NYK @ MIL","Ariel Hukporti","hrb","First Basket by Team"
2025-10-28,"NYK @ MIL","Ariel Hukporti","dk","First Basket by Team"
2025-10-28,"NYK @ MIL","Ariel Hukporti","mgm","First Basket by Team"
2025-10-29,"NOP @ DEN","Yves Missi","fd","First Basket by Team"
2025-10-29,"HOU @ TOR","Sandro Mamukelashvili","br","First Basket by Team"
2025-10-29,"HOU @ TOR","Sandro Mamukelashvili","fd","First Basket by Team"
2025-10-29,"IND @ DAL","Jay Huff","dk","First Basket by Team"
2025-10-29,"NOP @ DEN","Yves Missi","dk","First Basket by Team"
2025-10-30,"WAS @ OKC","Bub Carrington","hrb","First Basket by Team"
2025-10-30,"ORL @ CHA","Tyus Jones","dk","First Basket by Team"
2025-10-31,"BOS @ PHI","Justin Edwards","fd","First Basket by Team"
2025-10-31,"TOR @ CLE","Jarrett Allen","fd","First Basket by Team"
2025-10-31,"BOS @ PHI","Justin Edwards","br","First Basket by Team"
2025-10-31,"BOS @ PHI","Justin Edwards","dk","First Basket by Team"
2025-10-31,"TOR @ CLE","Larry Nance Jr.","fd","First Basket by Team"
2025-11-01,"SAC @ MIL","Russell Westbrook","fd","First Basket by Team"
2025-11-01,"GSW @ IND","Quinten Post","fd","First Basket by Team"
2025-11-01,"GSW @ IND","Quinten Post","dk","First Basket by Team"
2025-11-02,"MIA @ LAL","Deandre Ayton","fd","First Basket by Team"
2025-11-02,"PHI @ BKN","Ben Saraf","br","First Basket by Team"
2025-11-02,"MIA @ LAL","Deandre Ayton","br","First Basket by Team"
2025-11-02,"MIA @ LAL","Deandre Ayton","dk","First Basket by Team"
2025-11-02,"PHI @ BKN","Ben Saraf","dk","First Basket by Team"
2025-11-03,"WAS @ NYK","Khris Middleton","fd","First Basket by Team"
2025-11-03,"WAS @ NYK","Khris Middleton","dk","First Basket by Team"
2025-11-03,"LAL @ POR","Jarred Vanderbilt","fd","First Basket by Team"
2025-11-04,"CHA @ NOP","Yves Missi","br","First Basket by Team"
2025-11-04,"CHA @ NOP","Yves Missi","dk","First Basket by Team"
2025-11-04,"CHA @ NOP","Yves Missi","fd","First Basket by Team"
2025-11-04,"OKC @ LAC","Bradley Beal","fd","First Basket by Team"
2025-11-04,"OKC @ LAC","Bradley Beal","br","First Basket by Team"
2025-11-04,"OKC @ LAC","Bradley Beal","dk","First Basket by Team"
2025-11-05,"BKN @ IND","Tyrese Martin","fd","First Basket by Team"
2025-11-05,"NOP @ DAL","Yves Missi","dk","First Basket by Team"
2025-11-05,"GSW @ SAC","Draymond Green","hrb","First Basket by Team"
2025-11-05,"GSW @ SAC","Keon Ellis","br","First Basket by Team"
2025-11-05,"GSW @ SAC","Keon Ellis","fd","First Basket by Team"
2025-11-06,"LAC @ PHX","Ryan Dunn","br","First Basket by Team"
2025-11-06,"LAC @ PHX","Ryan Dunn","dk","First Basket by Team"
2025-11-07,"GSW @ DEN","Quinten Post","fd","First Basket by Team"
2025-11-07,"CLE @ WAS","Kyshawn George","br","First Basket by Team"
2025-11-07,"GSW @ DEN","Quinten Post","dk","First Basket by Team"
2025-11-07,"CLE @ WAS","Justin Champagnie","fd","First Basket by Team"
2025-11-07,"CHA @ MIA","Collin Sexton","dk","First Basket by Team"
2025-11-07,"DET @ BKN","Tyrese Martin","br","First Basket by Team"
2025-11-07,"DET @ BKN","Tyrese Martin","dk","First Basket by Team"
2025-11-07,"DET @ BKN","Tyrese Martin","fd","First Basket by Team"
2025-11-07,"CLE @ WAS","Kyshawn George","dk","First Basket by Team"
2025-11-07,"DET @ BKN","Tyrese Martin","mgm","First Basket by Team"
2025-11-07,"UTA @ MIN","Taylor Hendricks","fd","First Basket by Team"
2025-11-07,"CLE @ WAS","Justin Champagnie","br","First Basket by Team"
2025-11-07,"CLE @ WAS","Justin Champagnie","dk","First Basket by Team"
2025-11-08,"TOR @ PHI","Jabari Walker","br","First Basket by Team"
2025-11-08,"TOR @ PHI","Jabari Walker","dk","First Basket by Team"
2025-11-08,"LAL @ ATL","Nickeil Alexander-Walker","fd","First Basket by Team"
2025-11-08,"CHI @ CLE","Darius Garland","dk","First Basket by Team"
2025-11-08,"LAL @ ATL","Nickeil Alexander-Walker","br","First Basket by Team"
2025-11-08,"LAL @ ATL","Nickeil Alexander-Walker","dk","First Basket by Team"
2025-11-08,"TOR @ PHI","Jabari Walker","hrb","First Basket by Team"
2025-11-08,"PHX @ LAC","Nicolas Batum","ftics","First Basket by Team"
2025-11-08,"IND @ DEN","Bruce Brown","fd","First Basket by Team"
2025-11-10,"MIN @ UTA","Isaiah Collier","fd","First Basket by Team"
2025-11-10,"MIN @ UTA","Isaiah Collier","br","First Basket by Team"
2025-11-10,"MIN @ UTA","Isaiah Collier","dk","First Basket by Team"
2025-11-10,"MIN @ UTA","Isaiah Collier","ftics","First Basket by Team"
2025-11-10,"MIL @ DAL","D'Angelo Russell","fd","First Basket by Team"
2025-11-10,"NOP @ PHX","Ryan Dunn","ftics","First Basket by Team"
2025-11-11,"BOS @ PHI","Joel Embiid","ftics","First Basket by Team"
2025-11-11,"IND @ UTA","Isaiah Jackson","fd","First Basket by Team"
2025-11-11,"MEM @ NYK","Mitchell Robinson","fd","First Basket by Team"
2025-11-11,"MEM @ NYK","Mitchell Robinson","br","First Basket by Team"
2025-11-11,"IND @ UTA","Isaiah Collier","ftics","First Basket by Team"
2025-11-11,"IND @ UTA","Isaiah Jackson","ftics","First Basket by Team"
2025-11-12,"MEM @ BOS","Josh Minott","ftics","First Basket by Team"
2025-11-12,"MEM @ BOS","Josh Minott","fd","First Basket by Team"
2025-11-12,"GSW @ SAS","Quinten Post","fd","First Basket by Team"
2025-11-12,"CHI @ DET","Josh Giddey","fd","First Basket by Team"
2025-11-12,"MEM @ BOS","Josh Minott","br","First Basket by Team"
2025-11-12,"MEM @ BOS","Josh Minott","dk","First Basket by Team"
2025-11-12,"GSW @ SAS","Quinten Post","ftics","First Basket by Team"
2025-11-12,"GSW @ SAS","Quinten Post","dk","First Basket by Team"
2025-11-12,"CHI @ DET","Jalen Duren","fd","First Basket by Team"
2025-11-12,"LAL @ OKC","Luguentz Dort","br","First Basket by Team"
2025-11-12,"LAL @ OKC","Luguentz Dort","dk","First Basket by Team"
2025-11-13,"TOR @ CLE","Darius Garland","fd","First Basket by Team"
2025-11-13,"TOR @ CLE","Darius Garland","hrb","First Basket by Team"
2025-11-13,"TOR @ CLE","Darius Garland","br","First Basket by Team"
2025-11-13,"TOR @ CLE","Darius Garland","dk","First Basket by Team"
2025-11-13,"IND @ PHX","Mark Williams","ftics","First Basket by Team"
2025-11-14,"BKN @ ORL","Jonathan Isaac","ftics","First Basket by Team"
2025-11-14,"BKN @ ORL","Jonathan Isaac","br","First Basket by Team"
2025-11-14,"BKN @ ORL","Jonathan Isaac","dk","First Basket by Team"
2025-11-14,"PHI @ DET","Isaiah Stewart","br","First Basket by Team"
2025-11-14,"PHI @ DET","Isaiah Stewart","dk","First Basket by Team"
2025-11-14,"PHI @ DET","Isaiah Stewart","ftics","First Basket by Team"
2025-11-14,"PHI @ DET","Isaiah Stewart","mgm","First Basket by Team"
2025-11-15,"MEM @ CLE","Kentavious Caldwell-Pope","ftics","First Basket by Team"
2025-11-15,"MEM @ CLE","Kentavious Caldwell-Pope","fd","First Basket by Team"
2025-11-15,"TOR @ IND","Isaiah Jackson","ftics","First Basket by Team"
2025-11-15,"TOR @ IND","Isaiah Jackson","fd","First Basket by Team"
2025-11-15,"LAL @ MIL","Marcus Smart","ftics","First Basket by Team"
2025-11-15,"LAL @ MIL","Marcus Smart","mgm","First Basket by Team"
2025-11-15,"MEM @ CLE","Kentavious Caldwell-Pope","dk","First Basket by Team"
2025-11-15,"LAL @ MIL","Marcus Smart","fd","First Basket by Team"
2025-11-15,"TOR @ IND","Isaiah Jackson","br","First Basket by Team"
2025-11-15,"TOR @ IND","Isaiah Jackson","dk","First Basket by Team"
2025-11-15,"LAL @ MIL","Marcus Smart","dk","First Basket by Team"
2025-11-15,"MEM @ CLE","Jock Landale","fd","First Basket by Team"
2025-11-15,"LAL @ MIL","Jarred Vanderbilt","ftics","First Basket by Team"
2025-11-15,"LAL @ MIL","Jarred Vanderbilt","fd","First Basket by Team"
2025-11-16,"SAC @ SAS","Precious Achiuwa","fd","First Basket by Team"
2025-11-16,"SAC @ SAS","Precious Achiuwa","dk","First Basket by Team"
2025-11-16,"GSW @ NOP","Kevon Looney","br","First Basket by Team"
2025-11-16,"SAC @ SAS","Precious Achiuwa","ftics","First Basket by Team"
2025-11-16,"CHI @ UTA","Coby White","fd","First Basket by Team"
2025-11-16,"CHI @ UTA","Coby White","ftics","First Basket by Team"
2025-11-17,"DAL @ MIN","Daniel Gafford","ftics","First Basket by Team"
2025-11-17,"IND @ DET","Jeremiah Robinson-Earl","hrb","First Basket by Team"
2025-11-17,"IND @ DET","Tony Bradley","dk","First Basket by Team"
2025-11-17,"CHI @ DEN","Tim Hardaway Jr.","br","First Basket by Team"
2025-11-17,"DAL @ MIN","Daniel Gafford","dk","First Basket by Team"
2025-11-17,"IND @ DET","Tony Bradley","mgm","First Basket by Team"
2025-11-17,"IND @ DET","Tony Bradley","ftics","First Basket by Team"
2025-11-18,"DET @ ATL","Ausar Thompson","fd","First Basket by Team"
2025-11-18,"MEM @ SAS","Cam Spencer","ftics","First Basket by Team"
2025-11-18,"DET @ ATL","Ausar Thompson","ftics","First Basket by Team"
2025-11-18,"DET @ ATL","Ausar Thompson","hrb","First Basket by Team"
2025-11-19,"CHI @ POR","Coby White","fd","First Basket by Team"
2025-11-19,"NYK @ DAL","Cooper Flagg","fd","First Basket by Team"
2025-11-19,"NYK @ DAL","Cooper Flagg","ftics","First Basket by Team"
2025-11-19,"NYK @ DAL","Cooper Flagg","hrb","First Basket by Team"
2025-11-19,"CHI @ POR","Coby White","dk","First Basket by Team"
2025-11-19,"CHI @ POR","Jrue Holiday","ftics","First Basket by Team"
2025-11-19,"GSW @ MIA","Quinten Post","fd","First Basket by Team"
2025-11-19,"GSW @ MIA","Quinten Post","ftics","First Basket by Team"
2025-11-19,"CHI @ POR","Kris Murray","hrb","First Basket by Team"
2025-11-20,"PHI @ MIL","Joel Embiid","fd","First Basket by Team"
2025-11-20,"PHI @ MIL","Joel Embiid","mgm","First Basket by Team"
2025-11-20,"PHI @ MIL","Joel Embiid","ftics","First Basket by Team"
2025-11-20,"PHI @ MIL","Dominick Barlow","dk","First Basket by Team"
2025-11-21,"IND @ CLE","Jarrett Allen","fd","First Basket by Team"
2025-11-21,"MIA @ CHI","Simone Fontecchio","dk","First Basket by Team"
2025-11-21,"DEN @ HOU","Josh Okogie","br","First Basket by Team"
2025-11-22,"WAS @ CHI","Tre Johnson","fd","First Basket by Team"
2025-11-22,"WAS @ CHI","Isaac Okoro","ftics","First Basket by Team"
2025-11-23,"CHA @ ATL","Ryan Kalkbrenner","fd","First Basket by Team"
2025-11-23,"CHA @ ATL","LaMelo Ball","fd","First Basket by Team"
2025-11-23,"ORL @ BOS","Goga Bitadze","dk","First Basket by Team"
2025-11-23,"ORL @ BOS","Goga Bitadze","ftics","First Basket by Team"
2025-11-24,"CLE @ TOR","Jarrett Allen","fd","First Basket by Team"
2025-11-24,"POR @ MIL","Bobby Portis","fd","First Basket by Team"
2025-11-24,"HOU @ PHX","Mark Williams","fd","First Basket by Team"
2025-11-24,"UTA @ GSW","Will Richard","hrb","First Basket by Team"
2025-11-24,"NYK @ BKN","Mitchell Robinson","fd","First Basket by Team"
2025-11-24,"POR @ MIL","Bobby Portis","ftics","First Basket by Team"
2025-11-24,"HOU @ PHX","Steven Adams","ftics","First Basket by Team"
2025-11-24,"HOU @ PHX","Mark Williams","ftics","First Basket by Team"
2025-11-24,"HOU @ PHX","Steven Adams","dk","First Basket by Team"
2025-11-24,"POR @ MIL","Bobby Portis","br","First Basket by Team"
2025-11-24,"NYK @ BKN","Mitchell Robinson","mgm","First Basket by Team"
2025-11-24,"HOU @ PHX","Mark Williams","br","First Basket by Team"
2025-11-24,"HOU @ PHX","Mark Williams","dk","First Basket by Team"
2025-11-24,"CLE @ TOR","Dean Wade","ftics","First Basket by Team"
2025-11-24,"UTA @ GSW","Will Richard","ftics","First Basket by Team"
2025-11-24,"UTA @ GSW","Will Richard","br","First Basket by Team"
2025-11-24,"UTA @ GSW","Will Richard","dk","First Basket by Team"
2025-11-24,"UTA @ GSW","Will Richard","fd","First Basket by Team"
2025-11-25,"ORL @ PHI","Joel Embiid","fd","First Basket by Team"
2025-11-25,"ORL @ PHI","Joel Embiid","ftics","First Basket by Team"
2025-11-26,"IND @ TOR","Ben Sheppard","ftics","First Basket by Team"
2025-11-26,"NYK @ CHA","Mitchell Robinson","mgm","First Basket by Team"
2025-11-26,"MIL @ MIA","Pelle Larsson","mgm","First Basket by Team"
2025-11-26,"PHX @ SAC","Jordan Goodwin","dk","First Basket by Team"
2025-11-26,"MIL @ MIA","Pelle Larsson","ftics","First Basket by Team"
2025-11-28,"WAS @ IND","Isaiah Jackson","fd","First Basket by Team"
2025-11-28,"PHX @ OKC","Isaiah Hartenstein","fd","First Basket by Team"
2025-11-28,"WAS @ IND","Isaiah Jackson","mgm","First Basket by Team"
2025-11-28,"PHI @ BKN","Justin Edwards","dk","First Basket by Team"
2025-11-28,"PHX @ OKC","Isaiah Hartenstein","br","First Basket by Team"
2025-11-28,"PHX @ OKC","Isaiah Hartenstein","dk","First Basket by Team"
2025-11-28,"WAS @ IND","Isaiah Jackson","br","First Basket by Team"
2025-11-28,"WAS @ IND","Isaiah Jackson","dk","First Basket by Team"
2025-11-28,"PHI @ BKN","Justin Edwards","fd","First Basket by Team"
2025-11-28,"WAS @ IND","Isaiah Jackson","ftics","First Basket by Team"
2025-11-28,"PHX @ OKC","Isaiah Hartenstein","ftics","First Basket by Team"
2025-11-28,"WAS @ IND","T.J. McConnell","ftics","First Basket by Team"
2025-11-29,"BKN @ MIL","Egor Dëmin","fd","First Basket by Team"
2025-11-29,"BKN @ MIL","Egor Dëmin","hrb","First Basket by Team"
2025-11-29,"BKN @ MIL","Egor Dëmin","dk","First Basket by Team"
2025-11-29,"BKN @ MIL","Kyle Kuzma","br","First Basket by Team"
2025-11-29,"BKN @ MIL","Kyle Kuzma","dk","First Basket by Team"
2025-11-29,"BKN @ MIL","Kyle Kuzma","ftics","First Basket by Team"
2025-11-29,"NOP @ GSW","Will Richard","br","First Basket by Team"
2025-11-29,"NOP @ GSW","Will Richard","dk","First Basket by Team"
2025-11-29,"BKN @ MIL","Egor Dëmin","ftics","First Basket by Team"
2025-11-29,"BKN @ MIL","Egor Dëmin","mgm","First Basket by Team"
2025-11-29,"BKN @ MIL","Kyle Kuzma","mgm","First Basket by Team"
2025-11-29,"DAL @ LAC","P.J. Washington","ftics","First Basket by Team"
2025-11-29,"CHI @ IND","Jarace Walker","ftics","First Basket by Team"
2025-11-29,"DAL @ LAC","Moussa Cisse","dk","First Basket by Team"
2025-11-29,"DAL @ LAC","Moussa Cisse","hrb","First Basket by Team"
2025-11-29,"CHI @ IND","Jarace Walker","fd","First Basket by Team"
2025-11-29,"DEN @ PHX","Nick Richards","fd","First Basket by Team"
2025-11-29,"DEN @ PHX","Collin Gillespie","ftics","First Basket by Team"
2025-11-30,"BOS @ CLE","Neemias Queta","ftics","First Basket by Team"
2025-11-30,"BOS @ CLE","Neemias Queta","fd","First Basket by Team"
2025-11-30,"OKC @ POR","Donovan Clingan","ftics","First Basket by Team"
2025-11-30,"ATL @ PHI","Andre Drummond","ftics","First Basket by Team"
2025-11-30,"ATL @ PHI","Andre Drummond","mgm","First Basket by Team"
2025-11-30,"OKC @ POR","Donovan Clingan","hrb","First Basket by Team"
2025-11-30,"BOS @ CLE","Neemias Queta","dk","First Basket by Team"
2025-11-30,"ATL @ PHI","Andre Drummond","br","First Basket by Team"
2025-11-30,"ATL @ PHI","Andre Drummond","dk","First Basket by Team"
2025-11-30,"OKC @ POR","Donovan Clingan","br","First Basket by Team"
2025-11-30,"BOS @ CLE","Luka Garza","ftics","First Basket by Team"
2025-11-30,"OKC @ POR","Robert Williams III","fd","First Basket by Team"
2025-11-30,"OKC @ POR","Robert Williams III","hrb","First Basket by Team"
2025-12-01,"CLE @ IND","Ben Sheppard","br","First Basket by Team"
2025-12-01,"CLE @ IND","Ben Sheppard","dk","First Basket by Team"
2025-12-02,"OKC @ GSW","Quinten Post","fd","First Basket by Team"
2025-12-02,"OKC @ GSW","Quinten Post","br","First Basket by Team"
2025-12-02,"OKC @ GSW","Quinten Post","dk","First Basket by Team"
2025-12-03,"DEN @ IND","Jarace Walker","fd","First Basket by Team"
2025-12-03,"CHA @ NYK","Ryan Kalkbrenner","fd","First Basket by Team"
2025-12-03,"CHA @ NYK","Ryan Kalkbrenner","dk","First Basket by Team"
2025-12-04,"UTA @ BKN","Jusuf Nurkić","fd","First Basket by Team"
2025-12-04,"UTA @ BKN","Jusuf Nurkić","hrb","First Basket by Team"
2025-12-04,"UTA @ BKN","Jusuf Nurkić","dk","First Basket by Team"
2025-12-04,"GSW @ PHI","Jimmy Butler III","fd","First Basket by Team"
2025-12-04,"BOS @ WAS","Justin Champagnie","br","First Basket by Team"
2025-12-04,"BOS @ WAS","Justin Champagnie","dk","First Basket by Team"
2025-12-05,"POR @ DET","Donovan Clingan","fd","First Basket by Team"
2025-12-05,"IND @ CHI","Jarace Walker","fd","First Basket by Team"
2025-12-05,"PHI @ MIL","Kyle Kuzma","fd","First Basket by Team"
2025-12-05,"DAL @ OKC","Ajay Mitchell","fd","First Basket by Team"
2025-12-05,"SAS @ CLE","Luke Kornet","fd","First Basket by Team"
2025-12-05,"POR @ DET","Donovan Clingan","dk","First Basket by Team"
2025-12-05,"DAL @ OKC","Ajay Mitchell","br","First Basket by Team"
2025-12-05,"DAL @ OKC","Ajay Mitchell","dk","First Basket by Team"
2025-12-05,"SAS @ CLE","Dean Wade","br","First Basket by Team"
2025-12-05,"POR @ DET","Donovan Clingan","mgm","First Basket by Team"
2025-12-05,"IND @ CHI","Jarace Walker","dk","First Basket by Team"
2025-12-05,"PHI @ MIL","Kyle Kuzma","br","First Basket by Team"
2025-12-05,"PHI @ MIL","Kyle Kuzma","dk","First Basket by Team"
2025-12-05,"SAS @ CLE","Kelly Olynyk","fd","First Basket by Team"
2025-12-05,"SAS @ CLE","Dean Wade","dk","First Basket by Team"
2025-12-05,"SAS @ CLE","Kelly Olynyk","hrb","First Basket by Team"
2025-12-06,"SAC @ MIA","Drew Eubanks","fd","First Basket by Team"
2025-12-06,"SAC @ MIA","Drew Eubanks","hrb","First Basket by Team"
2025-12-06,"SAC @ MIA","Drew Eubanks","dk","First Basket by Team"
2025-12-06,"SAC @ MIA","Davion Mitchell","br","First Basket by Team"
2025-12-06,"MIL @ DET","Tobias Harris","fd","First Basket by Team"
2025-12-07,"POR @ MEM","Donovan Clingan","fd","First Basket by Team"
2025-12-07,"POR @ MEM","Donovan Clingan","dk","First Basket by Team"
2025-12-07,"POR @ MEM","Yang Hansen","fd","First Basket by Team"
2025-12-09,"MIA @ ORL","Tristan da Silva","br","First Basket by Team"
2025-12-09,"MIA @ ORL","Tristan da Silva","dk","First Basket by Team"
2025-12-09,"MIA @ ORL","Tristan da Silva","fd","First Basket by Team"
2025-12-09,"NYK @ TOR","Ja'Kobe Walter","fd","First Basket by Team"
2025-12-11,"POR @ NOP","Sidy Cissoko","hrb","First Basket by Team"
2025-12-12,"UTA @ MEM","Jock Landale","fd","First Basket by Team"
2025-12-12,"MIN @ GSW","Will Richard","fd","First Basket by Team"
2025-12-12,"UTA @ MEM","Jock Landale","mgm","First Basket by Team"
2025-12-12,"UTA @ MEM","Jock Landale","br","First Basket by Team"
2025-12-12,"UTA @ MEM","Jock Landale","dk","First Basket by Team"
2025-12-12,"MIN @ GSW","Will Richard","br","First Basket by Team"
2025-12-14,"CHA @ CLE","KJ Simpson","dk","First Basket by Team"
2025-12-17,"MEM @ MIN","Ja Morant","mgm","First Basket by Team"
2025-12-17,"MEM @ MIN","Vince Williams Jr.","dk","First Basket by Team"
2025-12-18,"ORL @ DEN","Peyton Watson","fd","First Basket by Team"
2025-12-18,"SAC @ POR","Nique Clifford","fd","First Basket by Team"
2025-12-18,"ORL @ DEN","Peyton Watson","mgm","First Basket by Team"
2025-12-18,"ORL @ DEN","Peyton Watson","dk","First Basket by Team"
2025-12-18,"LAL @ UTA","Brice Sensabaugh","dk","First Basket by Team"
2025-12-18,"ORL @ DEN","Tristan da Silva","fd","First Basket by Team"
2025-12-18,"NYK @ IND","Josh Hart","dk","First Basket by Team"
2025-12-18,"TOR @ MIL","Kyle Kuzma","fd","First Basket by Team"
2025-12-18,"TOR @ MIL","Bobby Portis","fd","First Basket by Team"
2025-12-18,"ORL @ DEN","Jett Howard","dk","First Basket by Team"
2025-12-18,"ORL @ DEN","Jett Howard","fd","First Basket by Team"
2025-12-18,"ORL @ DEN","Peyton Watson","br","First Basket by Team"
2025-12-18,"SAC @ POR","Nique Clifford","hrb","First Basket by Team"
2025-12-19,"MIA @ BOS","Andrew Wiggins","hrb","First Basket by Team"
2025-12-20,"HOU @ DEN","Peyton Watson","fd","First Basket by Team"
2025-12-20,"HOU @ DEN","Peyton Watson","mgm","First Basket by Team"
2025-12-20,"HOU @ DEN","Peyton Watson","dk","First Basket by Team"
2025-12-20,"POR @ SAC","Sidy Cissoko","dk","First Basket by Team"
2025-12-21,"SAS @ WAS","Marvin Bagley III","fd","First Basket by Team"
2025-12-22,"IND @ BOS","Quenton Jackson","hrb","First Basket by Team"
2025-12-23,"MEM @ UTA","Jusuf Nurkić","fd","First Basket by Team"
2025-12-23,"MEM @ UTA","Jusuf Nurkić","br","First Basket by Team"
2025-12-23,"MEM @ UTA","Jusuf Nurkić","dk","First Basket by Team"
2025-12-23,"NYK @ MIN","Mohamed Diawara","dk","First Basket by Team"
2025-12-23,"MEM @ UTA","Jock Landale","fd","First Basket by Team"
2025-12-23,"MEM @ UTA","Taylor Hendricks","fd","First Basket by Team"
2025-12-25,"HOU @ LAL","Josh Okogie","fd","First Basket by Team"
2025-12-27,"DAL @ SAC","Nique Clifford","fd","First Basket by Team"
2025-12-27,"PHX @ NOP","Mark Williams","fd","First Basket by Team"
2025-12-27,"MIL @ CHI","Kyle Kuzma","fd","First Basket by Team"
2025-12-27,"MIL @ CHI","Bobby Portis","fd","First Basket by Team"
2025-12-27,"CLE @ HOU","Alperen Sengun","fd","First Basket by Team"
2025-12-27,"CLE @ HOU","Alperen Sengun","hrb","First Basket by Team"
2025-12-27,"DAL @ SAC","Nique Clifford","mgm","First Basket by Team"
2025-12-27,"PHX @ NOP","Mark Williams","dk","First Basket by Team"
2025-12-27,"PHX @ NOP","Herbert Jones","br","First Basket by Team"
2025-12-27,"PHX @ NOP","Herbert Jones","dk","First Basket by Team"
2025-12-27,"UTA @ SAS","Luke Kornet","br","First Basket by Team"
2025-12-27,"NYK @ ATL","Mitchell Robinson","dk","First Basket by Team"
2025-12-28,"GSW @ TOR","Sandro Mamukelashvili","fd","First Basket by Team"
2025-12-29,"NYK @ NOP","Bryce McGowens","hrb","First Basket by Team"
2025-12-29,"IND @ HOU","Alperen Sengun","fd","First Basket by Team"
2025-12-29,"CLE @ SAS","Sam Merrill","fd","First Basket by Team"
2025-12-29,"PHX @ WAS","Justin Champagnie","dk","First Basket by Team"
2025-12-29,"IND @ HOU","Alperen Sengun","hrb","First Basket by Team"
2025-12-29,"DAL @ POR","Kris Murray","hrb","First Basket by Team"
2025-12-31,"POR @ OKC","Kris Murray","hrb","First Basket by Team"
2025-12-31,"DEN @ TOR","Sandro Mamukelashvili","fd","First Basket by Team"
2025-12-31,"GSW @ CHA","Tidjane Salaün","hrb","First Basket by Team"
2025-12-31,"NOP @ CHI","Ayo Dosunmu","fd","First Basket by Team"
2026-01-01,"HOU @ BKN","Terance Mann","hrb","First Basket by Team"
2026-01-01,"HOU @ BKN","Cam Thomas","br","First Basket by Team"
2026-01-01,"HOU @ BKN","Cam Thomas","dk","First Basket by Team"
2026-01-01,"HOU @ BKN","Cam Thomas","fd","First Basket by Team"
2026-01-02,"BKN @ WAS","Nic Claxton","hrb","First Basket by Team"
2026-01-02,"ATL @ NYK","Mohamed Diawara","fd","First Basket by Team"
2026-01-02,"ATL @ NYK","Mohamed Diawara","hrb","First Basket by Team"
2026-01-02,"ATL @ NYK","Mohamed Diawara","mgm","First Basket by Team"
2026-01-02,"POR @ NOP","Derik Queen","br","First Basket by Team"
2026-01-02,"OKC @ GSW","Al Horford","fd","First Basket by Team"
2026-01-02,"OKC @ GSW","Al Horford","br","First Basket by Team"
2026-01-03,"UTA @ GSW","Jusuf Nurkić","fd","First Basket by Team"
2026-01-03,"UTA @ GSW","Jusuf Nurkić","dk","First Basket by Team"
2026-01-03,"POR @ SAS","Victor Wembanyama","hrb","First Basket by Team"
2026-01-03,"BOS @ LAC","Ivica Zubac","hrb","First Basket by Team"
2026-01-03,"ATL @ TOR","Sandro Mamukelashvili","hrb","First Basket by Team"
2026-01-03,"UTA @ GSW","Kyle Filipowski","dk","First Basket by Team"
2026-01-03,"UTA @ GSW","Kyle Filipowski","fd","First Basket by Team"
2026-01-04,"MEM @ LAL","Christian Koloko","dk","First Basket by Team"
2026-01-04,"DET @ CLE","Dean Wade","mgm","First Basket by Team"
2026-01-04,"MEM @ LAL","Ja Morant","mgm","First Basket by Team"
2026-01-04,"MEM @ LAL","Christian Koloko","hrb","First Basket by Team"
2026-01-06,"CLE @ IND","Micah Potter","br","First Basket by Team"
2026-01-06,"CLE @ IND","Micah Potter","dk","First Basket by Team"
2026-01-07,"NOP @ ATL","Herbert Jones","fd","First Basket by Team"
2026-01-07,"LAC @ NYK","Mitchell Robinson","dk","First Basket by Team"
2026-01-07,"PHX @ MEM","Ja Morant","hrb","First Basket by Team"
2026-01-07,"PHX @ MEM","Cedric Coward","dk","First Basket by Team"
2026-01-08,"MIA @ CHI","Davion Mitchell","fd","First Basket by Team"
2026-01-08,"DAL @ UTA","Svi Mykhailiuk","fd","First Basket by Team"
2026-01-08,"IND @ CHA","LaMelo Ball","fd","First Basket by Team"
2026-01-08,"DAL @ UTA","Jusuf Nurkić","br","First Basket by Team"
2026-01-08,"DAL @ UTA","Jusuf Nurkić","dk","First Basket by Team"
2026-01-08,"MIA @ CHI","Davion Mitchell","hrb","First Basket by Team"
2026-01-08,"MIA @ CHI","Coby White","hrb","First Basket by Team"
2026-01-08,"DAL @ UTA","Kyle Filipowski","fd","First Basket by Team"
2026-01-09,"LAC @ BKN","Ziaire Williams","fd","First Basket by Team"
2026-01-09,"ATL @ DEN","Zaccharie Risacher","fd","First Basket by Team"
2026-01-09,"SAC @ GSW","Precious Achiuwa","fd","First Basket by Team"
2026-01-10,"CHA @ UTA","Jusuf Nurkić","fd","First Basket by Team"
2026-01-10,"CHA @ UTA","Jusuf Nurkić","br","First Basket by Team"
2026-01-10,"CHA @ UTA","Jusuf Nurkić","dk","First Basket by Team"
2026-01-10,"CHA @ UTA","Ryan Kalkbrenner","hrb","First Basket by Team"
2026-01-10,"SAS @ BOS","Sam Hauser","fd","First Basket by Team"
2026-01-10,"CHA @ UTA","Kyle Filipowski","br","First Basket by Team"
2026-01-10,"CHA @ UTA","Kyle Filipowski","dk","First Basket by Team"
2026-01-11,"HOU @ SAC","Keon Ellis","fd","First Basket by Team"
2026-01-11,"PHI @ TOR","Paul George","mgm","First Basket by Team"
2026-01-11,"MIL @ DEN","DaRon Holmes II","fd","First Basket by Team"
2026-01-11,"HOU @ SAC","Keon Ellis","br","First Basket by Team"
2026-01-11,"HOU @ SAC","Keon Ellis","dk","First Basket by Team"
2026-01-11,"NYK @ POR","Miles McBride","fd","First Basket by Team"
2026-01-12,"BKN @ DAL","Ryan Nembhard","br","First Basket by Team"
2026-01-12,"BKN @ DAL","Ryan Nembhard","dk","First Basket by Team"
2026-01-12,"UTA @ CLE","Brice Sensabaugh","fd","First Basket by Team"
2026-01-12,"PHI @ TOR","Ochai Agbaji","fd","First Basket by Team"
2026-01-12,"PHI @ TOR","Ochai Agbaji","br","First Basket by Team"
2026-01-12,"PHI @ TOR","Ochai Agbaji","dk","First Basket by Team"
2026-01-12,"BKN @ DAL","Daniel Gafford","fd","First Basket by Team"
2026-01-13,"CHI @ HOU","Aaron Holiday","fd","First Basket by Team"
2026-01-13,"CHI @ HOU","Ayo Dosunmu","fd","First Basket by Team"
2026-01-13,"ATL @ LAL","Zaccharie Risacher","hrb","First Basket by Team"
2026-01-13,"SAS @ OKC","Luguentz Dort","fd","First Basket by Team"
2026-01-13,"ATL @ LAL","Zaccharie Risacher","fd","First Basket by Team"
2026-01-14,"UTA @ CHI","Jusuf Nurkić","fd","First Basket by Team"
2026-01-14,"BKN @ NOP","Herbert Jones","hrb","First Basket by Team"
2026-01-14,"UTA @ CHI","Jusuf Nurkić","dk","First Basket by Team"
2026-01-15,"OKC @ HOU","Cason Wallace","fd","First Basket by Team"
2026-01-15,"BOS @ MIA","Dru Smith","br","First Basket by Team"
2026-01-15,"OKC @ HOU","Cason Wallace","dk","First Basket by Team"
2026-01-15,"UTA @ DAL","Jusuf Nurkić","dk","First Basket by Team"
2026-01-15,"UTA @ DAL","Jusuf Nurkić","fd","First Basket by Team"
2026-01-15,"ATL @ POR","Caleb Love","br","First Basket by Team"
2026-01-16,"MIN @ HOU","Tari Eason","br","First Basket by Team"
2026-01-16,"MIN @ HOU","Tari Eason","dk","First Basket by Team"
2026-01-17,"CHA @ GSW","Jimmy Butler III","fd","First Basket by Team"
2026-01-17,"BOS @ ATL","Dyson Daniels","hrb","First Basket by Team"
2026-01-17,"OKC @ MIA","Aaron Wiggins","hrb","First Basket by Team"
2026-01-17,"BOS @ ATL","Dyson Daniels","fd","First Basket by Team"
2026-01-17,"CHA @ GSW","Jimmy Butler III","br","First Basket by Team"
2026-01-17,"CHA @ GSW","Jimmy Butler III","dk","First Basket by Team"
2026-01-18,"BKN @ CHI","Tyrese Martin","fd","First Basket by Team"
2026-01-18,"BKN @ CHI","Tre Jones","hrb","First Basket by Team"
2026-01-18,"NOP @ HOU","Tari Eason","br","First Basket by Team"
2026-01-18,"NOP @ HOU","Tari Eason","fd","First Basket by Team"
2026-01-19,"DAL @ NYK","Brandon Williams","fd","First Basket by Team"
2026-01-19,"OKC @ CLE","Craig Porter Jr.","mgm","First Basket by Team"
2026-01-19,"IND @ PHI","Paul George","mgm","First Basket by Team"
2026-01-19,"OKC @ CLE","Cason Wallace","dk","First Basket by Team"
2026-01-19,"OKC @ CLE","Cason Wallace","hrb","First Basket by Team"
2026-01-19,"OKC @ CLE","Craig Porter Jr.","hrb","First Basket by Team"
2026-01-19,"MIA @ GSW","Draymond Green","br","First Basket by Team"
2026-01-19,"MIA @ GSW","Draymond Green","dk","First Basket by Team"
2026-01-19,"UTA @ SAS","Isaiah Collier","fd","First Basket by Team"
2026-01-19,"MIL @ ATL","Vít Krejčí","fd","First Basket by Team"
2026-01-19,"MIA @ GSW","Draymond Green","fd","First Basket by Team"
2026-01-20,"TOR @ GSW","Ochai Agbaji","fd","First Basket by Team"
2026-01-20,"TOR @ GSW","Will Richard","fd","First Basket by Team"
2026-01-21,"OKC @ MIL","Jaylin Williams","fd","First Basket by Team"
2026-01-21,"OKC @ MIL","Jaylin Williams","dk","First Basket by Team"
2026-01-21,"TOR @ SAC","Gradey Dick","dk","First Basket by Team"
2026-01-22,"MIA @ POR","Davion Mitchell","fd","First Basket by Team"
2026-01-22,"MIA @ POR","Davion Mitchell","hrb","First Basket by Team"
2026-01-23,"IND @ OKC","Jaylin Williams","br","First Basket by Team"
2026-01-23,"IND @ OKC","Jaylin Williams","dk","First Basket by Team"
2026-01-23,"TOR @ POR","Collin Murray-Boyles","mgm","First Basket by Team"
2026-01-23,"DEN @ MIL","Jonas Valančiūnas","hrb","First Basket by Team"
2026-01-23,"NOP @ MEM","John Konchar","hrb","First Basket by Team"
2026-01-23,"IND @ OKC","Jaylin Williams","fd","First Basket by Team"
2026-01-23,"DEN @ MIL","Jonas Valančiūnas","dk","First Basket by Team"
2026-01-24,"GSW @ MIN","Draymond Green","fd","First Basket by Team"
2026-01-24,"BOS @ CHI","Neemias Queta","fd","First Basket by Team"
2026-01-24,"MIA @ UTA","Davion Mitchell","fd","First Basket by Team"
2026-01-24,"MIA @ UTA","Kyle Filipowski","fd","First Basket by Team"
2026-01-24,"BOS @ CHI","Neemias Queta","dk","First Basket by Team"
2026-01-24,"MIA @ UTA","Davion Mitchell","dk","First Basket by Team"
2026-01-25,"DEN @ MEM","Jonas Valančiūnas","fd","First Basket by Team"
2026-01-25,"DEN @ MEM","Jock Landale","fd","First Basket by Team"
2026-01-25,"DAL @ MIL","Gary Harris","hrb","First Basket by Team"
2026-01-25,"DAL @ MIL","Kyle Kuzma","fd","First Basket by Team"
2026-01-25,"TOR @ OKC","Aaron Wiggins","fd","First Basket by Team"
2026-01-25,"BKN @ LAC","Danny Wolf","fd","First Basket by Team"
2026-01-25,"BKN @ LAC","Danny Wolf","hrb","First Basket by Team"
2026-01-25,"DEN @ MEM","Jaylen Wells","fd","First Basket by Team"
2026-01-25,"DEN @ MEM","Jonas Valančiūnas","mgm","First Basket by Team"
2026-01-25,"DAL @ MIL","Kyle Kuzma","mgm","First Basket by Team"
2026-01-25,"BKN @ LAC","Danny Wolf","dk","First Basket by Team"
2026-01-25,"DAL @ MIL","Kyle Kuzma","br","First Basket by Team"
2026-01-25,"DAL @ MIL","Kyle Kuzma","dk","First Basket by Team"
2026-01-25,"DEN @ MEM","Jalen Pickett","mgm","First Basket by Team"
2026-01-25,"DAL @ MIL","Dwight Powell","dk","First Basket by Team"
2026-01-25,"DAL @ MIL","Dwight Powell","mgm","First Basket by Team"
2026-01-25,"DAL @ MIL","Caleb Martin","hrb","First Basket by Team"
2026-01-26,"GSW @ MIN","Draymond Green","fd","First Basket by Team"
2026-01-26,"GSW @ MIN","Draymond Green","dk","First Basket by Team"
2026-01-26,"LAL @ CHI","Josh Giddey","fd","First Basket by Team"
2026-01-27,"NOP @ OKC","Cason Wallace","hrb","First Basket by Team"
2026-01-27,"NOP @ OKC","Cason Wallace","br","First Basket by Team"
2026-01-27,"NOP @ OKC","Cason Wallace","dk","First Basket by Team"
2026-01-27,"LAC @ UTA","Kyle Filipowski","fd","First Basket by Team"
2026-01-27,"NOP @ OKC","Cason Wallace","fd","First Basket by Team"
2026-01-27,"LAC @ UTA","Kyle Filipowski","hrb","First Basket by Team"
2026-01-28,"MIN @ DAL","Cooper Flagg","fd","First Basket by Team"
2026-01-28,"MIN @ DAL","Dwight Powell","mgm","First Basket by Team"
2026-01-28,"MIN @ DAL","Dwight Powell","br","First Basket by Team"
2026-01-28,"LAL @ CLE","Craig Porter Jr.","hrb","First Basket by Team"
2026-01-28,"MIN @ DAL","Brandon Williams","fd","First Basket by Team"
2026-01-28,"MIN @ DAL","Dwight Powell","dk","First Basket by Team"
2026-01-29,"HOU @ ATL","Tari Eason","fd","First Basket by Team"
2026-01-29,"OKC @ MIN","Isaiah Hartenstein","fd","First Basket by Team"
2026-01-29,"OKC @ MIN","Isaiah Hartenstein","dk","First Basket by Team"
2026-01-30,"BKN @ UTA","Noah Clowney","fd","First Basket by Team"
2026-01-31,"ATL @ IND","Christian Koloko","dk","First Basket by Team"
2026-02-01,"OKC @ DEN","Aaron Wiggins","fd","First Basket by Team"
2026-02-02,"HOU @ IND","Jarace Walker","fd","First Basket by Team"
2026-02-03,"ATL @ MIA","Mouhamed Gueye","fd","First Basket by Team"
2026-02-03,"ATL @ MIA","Mouhamed Gueye","dk","First Basket by Team"
2026-02-03,"LAL @ BKN","Terance Mann","hrb","First Basket by Team"
2026-02-03,"ATL @ MIA","Mouhamed Gueye","hrb","First Basket by Team"
2026-02-03,"ATL @ MIA","Nikola Jović","fd","First Basket by Team"
2026-02-04,"DEN @ NYK","Jalen Pickett","fd","First Basket by Team"
2026-02-04,"OKC @ SAS","Isaiah Hartenstein","fd","First Basket by Team"
2026-02-04,"DEN @ NYK","Jalen Pickett","dk","First Basket by Team"
2026-02-04,"DEN @ NYK","Jalen Pickett","mgm","First Basket by Team"
2026-02-04,"OKC @ SAS","Isaiah Hartenstein","dk","First Basket by Team"
2026-02-04,"CLE @ LAC","Ivica Zubac","mgm","First Basket by Team"
2026-02-04,"DEN @ NYK","Jalen Pickett","hrb","First Basket by Team"
2026-02-04,"BOS @ HOU","Jordan Walsh","fd","First Basket by Team"
2026-02-05,"CHA @ HOU","Tari Eason","fd","First Basket by Team"
2026-02-05,"UTA @ ATL","Onyeka Okongwu","br","First Basket by Team"
2026-02-05,"UTA @ ATL","Onyeka Okongwu","dk","First Basket by Team"
2026-02-05,"CHA @ HOU","Tari Eason","br","First Basket by Team"
2026-02-05,"CHA @ HOU","Tari Eason","dk","First Basket by Team"
2026-02-05,"UTA @ ATL","Onyeka Okongwu","fd","First Basket by Team"
2026-02-05,"CHI @ TOR","Ayo Dosunmu","fd","First Basket by Team"
2026-02-05,"CHI @ TOR","Patrick Williams","dk","First Basket by Team"
2026-02-06,"IND @ MIL","Bobby Portis","fd","First Basket by Team"
2026-02-06,"LAC @ SAC","Kobe Sanders","dk","First Basket by Team"
2026-02-06,"MIA @ BOS","Baylor Scheierman","fd","First Basket by Team"
2026-02-07,"UTA @ ORL","Cody Williams","fd","First Basket by Team"
2026-02-07,"GSW @ LAL","Deandre Ayton","fd","First Basket by Team"
2026-02-07,"CLE @ SAC","Dean Wade","mgm","First Basket by Team"
2026-02-07,"GSW @ LAL","Deandre Ayton","br","First Basket by Team"
2026-02-07,"GSW @ LAL","Deandre Ayton","dk","First Basket by Team"
2026-02-07,"MEM @ POR","Jaylen Wells","fd","First Basket by Team"
2026-02-07,"CLE @ SAC","Dylan Cardwell","br","First Basket by Team"
2026-02-07,"CLE @ SAC","Dylan Cardwell","dk","First Basket by Team"
2026-02-09,"SAC @ NOP","Domantas Sabonis","fd","First Basket by Team"
2026-02-09,"PHI @ POR","Dominick Barlow","fd","First Basket by Team"
2026-02-09,"UTA @ MIA","Pelle Larsson","br","First Basket by Team"
2026-02-09,"PHI @ POR","Dominick Barlow","dk","First Basket by Team"
2026-02-09,"CHI @ BKN","Jalen Smith","dk","First Basket by Team"
2026-02-09,"SAC @ NOP","Domantas Sabonis","dk","First Basket by Team"
2026-02-09,"UTA @ MIA","Pelle Larsson","fd","First Basket by Team"
2026-02-09,"MIL @ ORL","Franz Wagner","fd","First Basket by Team"
2026-02-09,"ATL @ MIN","Jock Landale","dk","First Basket by Team"
2026-02-10,"IND @ NYK","Ivica Zubac","mgm","First Basket by Team"
2026-02-10,"IND @ NYK","Jarace Walker","dk","First Basket by Team"
2026-02-10,"SAS @ LAL","Marcus Smart","mgm","First Basket by Team"
2026-02-10,"SAS @ LAL","Deandre Ayton","br","First Basket by Team"
2026-02-10,"SAS @ LAL","Deandre Ayton","dk","First Basket by Team"
2026-02-10,"SAS @ LAL","Deandre Ayton","fd","First Basket by Team"
2026-02-10,"SAS @ LAL","Jarred Vanderbilt","fd","First Basket by Team"
2026-02-10,"SAS @ LAL","Jarred Vanderbilt","br","First Basket by Team"
2026-02-10,"SAS @ LAL","Jarred Vanderbilt","dk","First Basket by Team"
2026-02-11,"NYK @ PHI","Andre Drummond","br","First Basket by Team"
2026-02-11,"NYK @ PHI","Andre Drummond","dk","First Basket by Team"
2026-02-12,"DAL @ LAL","Tyus Jones","fd","First Basket by Team"
2026-02-12,"MIL @ OKC","Jaylin Williams","dk","First Basket by Team"
2026-02-12,"MIL @ OKC","Jaylin Williams","fd","First Basket by Team"
2026-02-19,"ATL @ PHI","Adem Bona","mgm","First Basket by Team"
2026-02-19,"PHX @ SAS","Grayson Allen","hrb","First Basket by Team"
2026-02-20,"MIA @ ATL","Tyler Herro","hrb","First Basket by Team"
2026-02-20,"UTA @ MEM","Kyle Anderson","mgm","First Basket by Team"
2026-02-20,"DEN @ POR","Spencer Jones","mgm","First Basket by Team"
2026-02-20,"UTA @ MEM","Kyle Anderson","dk","First Basket by Team"
2026-02-20,"CLE @ CHA","Grant Williams","fd","First Basket by Team"
2026-02-20,"CLE @ CHA","Jaylon Tyson","hrb","First Basket by Team"
2026-02-21,"MEM @ MIA","Davion Mitchell","dk","First Basket by Team"
2026-02-21,"MEM @ MIA","Kyle Anderson","hrb","First Basket by Team"
2026-02-22,"PHI @ MIN","Naz Reid","fd","First Basket by Team"
2026-02-22,"PHI @ MIN","Naz Reid","br","First Basket by Team"
2026-02-22,"PHI @ MIN","Naz Reid","dk","First Basket by Team"
2026-02-22,"CHA @ WAS","Tristan Vukcevic","br","First Basket by Team"
2026-02-22,"CHA @ WAS","Tristan Vukcevic","dk","First Basket by Team"
2026-02-24,"GSW @ NOP","Derik Queen","fd","First Basket by Team"
2026-02-25,"GSW @ MEM","Pat Spencer","hrb","First Basket by Team"
2026-02-25,"GSW @ MEM","Draymond Green","hrb","First Basket by Team"
2026-02-25,"OKC @ DET","Kenrich Williams","fd","First Basket by Team"
2026-02-25,"GSW @ MEM","Draymond Green","fd","First Basket by Team"
2026-02-26,"MIN @ LAC","Kobe Sanders","br","First Basket by Team"
2026-02-26,"MIN @ LAC","Kobe Sanders","dk","First Basket by Team"
2026-02-26,"WAS @ ATL","Mouhamed Gueye","dk","First Basket by Team"
2026-02-26,"POR @ CHI","Robert Williams III","fd","First Basket by Team"
2026-02-27,"CLE @ DET","Dean Wade","mgm","First Basket by Team"
2026-02-27,"MEM @ DAL","Tyus Jones","dk","First Basket by Team"
2026-02-28,"POR @ CHA","Scoot Henderson","fd","First Basket by Team"
2026-02-28,"NOP @ UTA","Derik Queen","dk","First Basket by Team"
2026-02-28,"NOP @ UTA","Derik Queen","fd","First Basket by Team"
2026-03-01,"CLE @ BKN","Nic Claxton","fd","First Basket by Team"
2026-03-02,"HOU @ WAS","Tristan Vukcevic","fd","First Basket by Team"
2026-03-02,"HOU @ WAS","Tristan Vukcevic","br","First Basket by Team"
2026-03-02,"HOU @ WAS","Tristan Vukcevic","dk","First Basket by Team"
2026-03-02,"DEN @ UTA","Spencer Jones","mgm","First Basket by Team"
2026-03-02,"LAC @ GSW","John Collins","dk","First Basket by Team"
2026-03-03,"NOP @ LAL","DeAndre Jordan","fd","First Basket by Team"
2026-03-03,"NOP @ LAL","DeAndre Jordan","dk","First Basket by Team"
2026-03-03,"MEM @ MIN","Cedric Coward","dk","First Basket by Team"
2026-03-03,"DET @ CLE","Dean Wade","mgm","First Basket by Team"
2026-03-04,"UTA @ PHI","Andre Drummond","fd","First Basket by Team"
2026-03-04,"POR @ MEM","Scotty Pippen Jr.","fd","First Basket by Team"
2026-03-04,"UTA @ PHI","Andre Drummond","br","First Basket by Team"
2026-03-04,"UTA @ PHI","Andre Drummond","dk","First Basket by Team"
2026-03-04,"UTA @ PHI","Andre Drummond","mgm","First Basket by Team"
2026-03-05,"NOP @ SAC","DeAndre Jordan","fd","First Basket by Team"
2026-03-05,"NOP @ SAC","DeAndre Jordan","dk","First Basket by Team"
2026-03-06,"POR @ HOU","Kris Murray","mgm","First Basket by Team"
2026-03-07,"UTA @ MIL","John Konchar","mgm","First Basket by Team"
2026-03-07,"LAC @ MEM","Kobe Sanders","dk","First Basket by Team"
2026-03-08,"DET @ MIA","Daniss Jenkins","fd","First Basket by Team"
2026-03-08,"CHI @ SAC","DeMar DeRozan","fd","First Basket by Team"
2026-03-08,"DET @ MIA","Daniss Jenkins","dk","First Basket by Team"
2026-03-08,"CHI @ SAC","DeMar DeRozan","br","First Basket by Team"
2026-03-08,"CHI @ SAC","DeMar DeRozan","dk","First Basket by Team"
2026-03-08,"ORL @ MIL","Bobby Portis","fd","First Basket by Team"
2026-03-08,"CHI @ SAC","Jalen Smith","fd","First Basket by Team"
2026-03-09,"GSW @ UTA","Pat Spencer","fd","First Basket by Team"
2026-03-10,"DAL @ ATL","Khris Middleton","fd","First Basket by Team"
2026-03-10,"DAL @ ATL","Khris Middleton","dk","First Basket by Team"
2026-03-11,"NYK @ UTA","John Konchar","hrb","First Basket by Team"
2026-03-12,"PHI @ DET","Andre Drummond","fd","First Basket by Team"
2026-03-12,"PHI @ DET","Andre Drummond","dk","First Basket by Team"
2026-03-13,"MIN @ GSW","Will Richard","fd","First Basket by Team"
2026-03-13,"NYK @ IND","Josh Hart","fd","First Basket by Team"
2026-03-13,"NYK @ IND","Josh Hart","dk","First Basket by Team"
2026-03-13,"NYK @ IND","Obi Toppin","fd","First Basket by Team"
2026-03-14,"MIL @ ATL","Ousmane Dieng","fd","First Basket by Team"
2026-03-14,"SAC @ LAC","John Collins","fd","First Basket by Team"
2026-03-15,"MIN @ OKC","Cason Wallace","fd","First Basket by Team"
2026-03-15,"GSW @ NYK","Gary Payton II","fd","First Basket by Team"
2026-03-15,"DAL @ CLE","Marvin Bagley III","fd","First Basket by Team"
2026-03-15,"IND @ MIL","Ousmane Dieng","dk","First Basket by Team"
2026-03-15,"UTA @ SAC","Oscar Tshiebwe","dk","First Basket by Team"
2026-03-15,"MIN @ OKC","Cason Wallace","mgm","First Basket by Team"
2026-03-15,"IND @ MIL","Ousmane Dieng","fd","First Basket by Team"
2026-03-16,"GSW @ WAS","Tristan Vukcevic","fd","First Basket by Team"
2026-03-16,"POR @ BKN","Josh Minott","fd","First Basket by Team"
2026-03-16,"DAL @ NOP","Dejounte Murray","fd","First Basket by Team"
2026-03-16,"LAL @ HOU","Alperen Sengun","mgm","First Basket by Team"
2026-03-16,"GSW @ WAS","Tristan Vukcevic","br","First Basket by Team"
2026-03-16,"GSW @ WAS","Tristan Vukcevic","dk","First Basket by Team"
2026-03-16,"DAL @ NOP","Dejounte Murray","br","First Basket by Team"
2026-03-16,"DAL @ NOP","Dejounte Murray","dk","First Basket by Team"
2026-03-16,"MEM @ CHI","Cam Spencer","dk","First Basket by Team"
2026-03-17,"CLE @ MIL","Ousmane Dieng","fd","First Basket by Team"
2026-03-18,"POR @ IND","Kobe Brown","fd","First Basket by Team"
2026-03-18,"POR @ IND","Kobe Brown","br","First Basket by Team"
2026-03-18,"POR @ IND","Kobe Brown","dk","First Basket by Team"
2026-03-19,"CLE @ CHI","Jalen Smith","dk","First Basket by Team"
2026-03-19,"MIL @ UTA","Taurean Prince","dk","First Basket by Team"
2026-03-19,"PHX @ SAS","Stephon Castle","br","First Basket by Team"
2026-03-19,"PHX @ SAS","Stephon Castle","dk","First Basket by Team"
2026-03-19,"LAC @ NOP","Kobe Sanders","dk","First Basket by Team"
2026-03-20,"BOS @ MEM","Walter Clayton Jr.","br","First Basket by Team"
2026-03-20,"BOS @ MEM","Walter Clayton Jr.","dk","First Basket by Team"
2026-03-21,"GSW @ ATL","Jonathan Kuminga","br","First Basket by Team"
2026-03-21,"GSW @ ATL","Jonathan Kuminga","dk","First Basket by Team"
2026-03-21,"GSW @ ATL","Jonathan Kuminga","fd","First Basket by Team"
2026-03-22,"BKN @ SAC","Josh Minott","fd","First Basket by Team"
2026-03-22,"BKN @ SAC","Josh Minott","dk","First Basket by Team"
2026-03-23,"HOU @ CHI","Collin Sexton","fd","First Basket by Team"
2026-03-23,"MIL @ LAC","Kyle Kuzma","fd","First Basket by Team"
2026-03-23,"LAL @ DET","Marcus Smart","dk","First Basket by Team"
2026-03-23,"OKC @ PHI","Trendon Watford","br","First Basket by Team"
2026-03-23,"OKC @ PHI","Trendon Watford","dk","First Basket by Team"
2026-03-23,"MEM @ ATL","Javon Small","dk","First Basket by Team"
2026-03-23,"MIL @ LAC","Kyle Kuzma","dk","First Basket by Team"
2026-03-23,"TOR @ UTA","Cody Williams","mgm","First Basket by Team"
2026-03-24,"SAC @ CHA","Killian Hayes","dk","First Basket by Team"
2026-03-24,"SAC @ CHA","Daeqwon Plowden","dk","First Basket by Team"
2026-03-25,"CHI @ PHI","Collin Sexton","fd","First Basket by Team"
2026-03-25,"MIA @ CLE","Pelle Larsson","dk","First Basket by Team"
2026-03-25,"SAS @ MEM","Walter Clayton Jr.","dk","First Basket by Team"
2026-03-25,"WAS @ UTA","Jamir Watkins","dk","First Basket by Team"
2026-03-25,"WAS @ UTA","Tristan Vukcevic","dk","First Basket by Team"
2026-03-25,"WAS @ UTA","Tristan Vukcevic","fd","First Basket by Team"
2026-03-25,"BKN @ GSW","Josh Minott","dk","First Basket by Team"
2026-03-25,"BKN @ GSW","Josh Minott","fd","First Basket by Team"
2026-03-25,"DAL @ DEN","Aaron Gordon","fd","First Basket by Team"
2026-03-25,"HOU @ MIN","Bones Hyland","fd","First Basket by Team"
2026-03-25,"DAL @ DEN","Peyton Watson","fd","First Basket by Team"
2026-03-27,"NOP @ TOR","DeAndre Jordan","fd","First Basket by Team"
2026-03-27,"NOP @ TOR","DeAndre Jordan","dk","First Basket by Team"
2026-03-28,"SAC @ ATL","Dyson Daniels","fd","First Basket by Team"
2026-03-28,"DET @ MIN","Ayo Dosunmu","br","First Basket by Team"
2026-03-28,"DET @ MIN","Ayo Dosunmu","dk","First Basket by Team"
2026-03-28,"DET @ MIN","Kyle Anderson","fd","First Basket by Team"
2026-03-29,"LAC @ MIL","Kyle Kuzma","dk","First Basket by Team"
2026-03-29,"BOS @ CHA","Jaylen Brown","dk","First Basket by Team"
2026-03-29,"MIA @ IND","Kobe Brown","fd","First Basket by Team"
2026-03-29,"GSW @ DEN","Aaron Gordon","dk","First Basket by Team"
2026-03-29,"GSW @ DEN","Spencer Jones","br","First Basket by Team"
2026-03-29,"GSW @ DEN","Spencer Jones","dk","First Basket by Team"
2026-03-30,"CHI @ SAS","Nick Richards","fd","First Basket by Team"
2026-03-30,"PHX @ MEM","Walter Clayton Jr.","fd","First Basket by Team"
2026-03-30,"PHX @ MEM","Walter Clayton Jr.","br","First Basket by Team"
2026-03-30,"PHX @ MEM","Walter Clayton Jr.","dk","First Basket by Team"
2026-03-30,"CHI @ SAS","Nick Richards","dk","First Basket by Team"
2026-03-30,"CLE @ UTA","Elijah Harkless","dk","First Basket by Team"
2026-04-01,"IND @ CHI","Nick Richards","fd","First Basket by Team"
2026-04-03,"CHI @ NYK","Nick Richards","fd","First Basket by Team"
2026-04-03,"CHI @ NYK","Nick Richards","dk","First Basket by Team"
2026-04-03,"TOR @ MEM","Jamal Shead","fd","First Basket by Team"
2026-04-03,"NOP @ SAC","Jeremiah Fears","fd","First Basket by Team"
2026-04-05,"IND @ CLE","Obi Toppin","fd","First Basket by Team"
2026-04-05,"WAS @ BKN","Will Riley","fd","First Basket by Team"
2026-04-06,"CLE @ MEM","Walter Clayton Jr.","hrb","First Basket by Team"
2026-04-07,"CHI @ WAS","Tristan Vukcevic","fd","First Basket by Team"
2026-04-07,"CHI @ WAS","Tristan Vukcevic","dk","First Basket by Team"
2026-04-07,"MIN @ IND","Micah Potter","hrb","First Basket by Team"
2026-04-07,"CHI @ WAS","Will Riley","hrb","First Basket by Team"
2026-04-07,"MIA @ TOR","Norman Powell","hrb","First Basket by Team"
2026-04-07,"DAL @ LAC","Marvin Bagley III","hrb","First Basket by Team"
2026-04-07,"UTA @ NOP","Yves Missi","dk","First Basket by Team"
2026-04-07,"OKC @ LAL","Jarred Vanderbilt","dk","First Basket by Team"
2026-04-07,"UTA @ NOP","Yves Missi","fd","First Basket by Team"
2026-04-07,"SAC @ GSW","Will Richard","hrb","First Basket by Team"
2026-04-08,"DAL @ PHX","Mark Williams","dk","First Basket by Team"
2026-04-08,"MIN @ ORL","Bones Hyland","fd","First Basket by Team"
2026-04-08,"MIN @ ORL","Bones Hyland","dk","First Basket by Team"
2026-04-08,"DAL @ PHX","Oso Ighodaro","dk","First Basket by Team"
2026-04-09,"LAL @ GSW","Marcus Smart","fd","First Basket by Team"
2026-04-09,"LAL @ GSW","Gui Santos","fd","First Basket by Team"
2026-04-09,"LAL @ GSW","Marcus Smart","dk","First Basket by Team"
2026-04-09,"LAL @ GSW","Gui Santos","dk","First Basket by Team"
2026-04-10,"OKC @ DEN","Christian Braun","fd","First Basket by Team"
2026-04-10,"DAL @ SAS","Stephon Castle","dk","First Basket by Team"
2026-04-10,"PHX @ LAL","Marcus Smart","fd","First Basket by Team"
2026-04-10,"MIA @ WAS","Davion Mitchell","fd","First Basket by Team"
2026-04-10,"MIA @ WAS","Pelle Larsson","fd","First Basket by Team"
2026-04-10,"MIN @ HOU","Naz Reid","dk","First Basket by Team"
2026-04-15,"GSW @ LAC","De'Anthony Melton","hrb","First Basket by Team"
2026-04-17,"GSW @ PHX","Mark Williams","dk","First Basket by Team"
2026-04-17,"GSW @ PHX","Mark Williams","fd","First Basket by Team"
2026-04-19,"PHX @ OKC","Mark Williams","dk","First Basket by Team"
2026-04-19,"PHX @ OKC","Mark Williams","fd","First Basket by Team"
2026-04-22,"PHX @ OKC","Mark Williams","dk","First Basket by Team"
2026-04-22,"PHX @ OKC","Mark Williams","fd","First Basket by Team"
2026-04-26,"BOS @ PHI","Adem Bona","fd","First Basket by Team"
2026-04-29,"TOR @ CLE","Dean Wade","fd","First Basket by Team"
2026-04-30,"DEN @ MIN","Aaron Gordon","fd","First Basket by Team"
2026-05-02,"PHI @ BOS","Neemias Queta","fd","First Basket by Team"
2026-05-17,"CLE @ DET","Dean Wade","dk","First Basket by Team"
2026-05-17,"CLE @ DET","Dean Wade","fd","First Basket by Team"
2026-05-17,"CLE @ DET","Dean Wade","mgm","First Basket by Team"
2026-05-24,"OKC @ SAS","Jalen Williams","dk","First Basket by Team"
2026-05-24,"OKC @ SAS","Jalen Williams","fd","First Basket by Team"
2026-05-25,"NYK @ CLE","Dean Wade","dk","First Basket by Team"
2026-05-25,"NYK @ CLE","Dean Wade","fd","First Basket by Team"
2026-05-26,"SAS @ OKC","Jalen Williams","fd","First Basket by Team"
2026-05-26,"SAS @ OKC","Cason Wallace","fd","First Basket by Team"
2026-05-28,"OKC @ SAS","Jalen Williams","fd","First Basket by Team"
2026-05-28,"OKC @ SAS","Jalen Williams","dk","First Basket by Team"
2026-05-30,"SAS @ OKC","Jared McCain","hrb","First Basket by Team"
2025-10-22,"LAC @ UTA","John Collins","dk","First Basket by Team Exact"
2025-10-22,"MIN @ POR","Mike Conley","dk","First Basket by Team Exact"
2025-10-22,"LAC @ UTA","Taylor Hendricks","dk","First Basket by Team Exact"
2025-10-24,"BOS @ NYK","Ariel Hukporti","dk","First Basket by Team Exact"
2025-10-24,"SAS @ NOP","Yves Missi","dk","First Basket by Team Exact"
2025-10-25,"IND @ MEM","Isaiah Jackson","dk","First Basket by Team Exact"
2025-10-26,"POR @ LAC","Bradley Beal","dk","First Basket by Team Exact"
2025-10-27,"BKN @ HOU","Steven Adams","dk","First Basket by Team Exact"
2025-10-28,"NYK @ MIL","Ariel Hukporti","dk","First Basket by Team Exact"
2025-10-29,"IND @ DAL","Jay Huff","dk","First Basket by Team Exact"
2025-10-29,"NOP @ DEN","Yves Missi","dk","First Basket by Team Exact"
2025-10-31,"BOS @ PHI","Justin Edwards","dk","First Basket by Team Exact"
2025-11-01,"GSW @ IND","Quinten Post","dk","First Basket by Team Exact"
2025-11-03,"WAS @ NYK","Khris Middleton","dk","First Basket by Team Exact"
2025-11-04,"CHA @ NOP","Yves Missi","dk","First Basket by Team Exact"
2025-11-04,"OKC @ LAC","Bradley Beal","dk","First Basket by Team Exact"
2025-11-05,"BKN @ IND","Tyrese Martin","dk","First Basket by Team Exact"
2025-11-05,"NOP @ DAL","Yves Missi","dk","First Basket by Team Exact"
2025-11-07,"GSW @ DEN","Quinten Post","dk","First Basket by Team Exact"
2025-11-07,"CHA @ MIA","Collin Sexton","dk","First Basket by Team Exact"
2025-11-07,"DET @ BKN","Tyrese Martin","dk","First Basket by Team Exact"
2025-11-08,"CHI @ CLE","Darius Garland","dk","First Basket by Team Exact"
2025-11-10,"MIN @ UTA","Isaiah Collier","dk","First Basket by Team Exact"
2025-11-11,"MEM @ NYK","Mitchell Robinson","dk","First Basket by Team Exact"
2025-11-11,"IND @ UTA","Isaiah Jackson","dk","First Basket by Team Exact"
2025-11-12,"MEM @ BOS","Josh Minott","dk","First Basket by Team Exact"
2025-11-12,"GSW @ SAS","Quinten Post","dk","First Basket by Team Exact"
2025-11-13,"TOR @ CLE","Darius Garland","dk","First Basket by Team Exact"
2025-11-14,"BKN @ ORL","Jonathan Isaac","dk","First Basket by Team Exact"
2025-11-14,"PHI @ DET","Isaiah Stewart","dk","First Basket by Team Exact"
2025-11-15,"MEM @ CLE","Kentavious Caldwell-Pope","dk","First Basket by Team Exact"
2025-11-15,"TOR @ IND","Isaiah Jackson","dk","First Basket by Team Exact"
2025-11-15,"LAL @ MIL","Marcus Smart","dk","First Basket by Team Exact"
2025-11-16,"SAC @ SAS","Precious Achiuwa","dk","First Basket by Team Exact"
2025-11-17,"DAL @ MIN","Daniel Gafford","dk","First Basket by Team Exact"
2025-11-18,"MEM @ SAS","Cam Spencer","dk","First Basket by Team Exact"
2025-11-19,"NYK @ DAL","Cooper Flagg","dk","First Basket by Team Exact"
2025-11-19,"GSW @ MIA","Quinten Post","dk","First Basket by Team Exact"
2025-11-22,"ATL @ NOP","Herbert Jones","dk","First Basket by Team Exact"
2025-11-24,"HOU @ PHX","Steven Adams","dk","First Basket by Team Exact"
2025-11-24,"HOU @ PHX","Mark Williams","dk","First Basket by Team Exact"
2025-11-26,"NYK @ CHA","Mitchell Robinson","dk","First Basket by Team Exact"
2025-11-28,"PHX @ OKC","Isaiah Hartenstein","dk","First Basket by Team Exact"
2025-11-28,"WAS @ IND","Isaiah Jackson","dk","First Basket by Team Exact"
2025-11-29,"BKN @ MIL","Kyle Kuzma","dk","First Basket by Team Exact"
2025-11-29,"BKN @ MIL","Egor Dëmin","dk","First Basket by Team Exact"
2025-11-29,"DAL @ LAC","Moussa Cisse","dk","First Basket by Team Exact"
2025-11-30,"BOS @ CLE","Neemias Queta","dk","First Basket by Team Exact"
2025-11-30,"OKC @ POR","Donovan Clingan","dk","First Basket by Team Exact"
2025-12-02,"OKC @ GSW","Quinten Post","dk","First Basket by Team Exact"
2025-12-03,"CHA @ NYK","Ryan Kalkbrenner","dk","First Basket by Team Exact"
2025-12-04,"UTA @ BKN","Jusuf Nurkić","dk","First Basket by Team Exact"
2025-12-05,"SAS @ CLE","Luke Kornet","dk","First Basket by Team Exact"
2025-12-05,"SAS @ CLE","Kelly Olynyk","dk","First Basket by Team Exact"
2025-12-06,"SAC @ MIA","Drew Eubanks","dk","First Basket by Team Exact"
2025-12-06,"GSW @ CLE","Draymond Green","dk","First Basket by Team Exact"
2025-12-09,"MIA @ ORL","Tristan da Silva","dk","First Basket by Team Exact"
2025-12-12,"UTA @ MEM","Jock Landale","dk","First Basket by Team Exact"
2025-12-14,"CHA @ CLE","KJ Simpson","dk","First Basket by Team Exact"
2025-12-18,"ORL @ DEN","Peyton Watson","dk","First Basket by Team Exact"
2025-12-18,"LAL @ UTA","Brice Sensabaugh","dk","First Basket by Team Exact"
2025-12-20,"HOU @ DEN","Peyton Watson","dk","First Basket by Team Exact"
2025-12-20,"POR @ SAC","Sidy Cissoko","dk","First Basket by Team Exact"
2025-12-22,"IND @ BOS","Quenton Jackson","dk","First Basket by Team Exact"
2025-12-23,"MEM @ UTA","Jusuf Nurkić","dk","First Basket by Team Exact"
2025-12-23,"NYK @ MIN","Mohamed Diawara","dk","First Basket by Team Exact"
2025-12-27,"PHX @ NOP","Mark Williams","dk","First Basket by Team Exact"
2025-12-27,"NYK @ ATL","Mitchell Robinson","dk","First Basket by Team Exact"
2025-12-28,"GSW @ TOR","Sandro Mamukelashvili","dk","First Basket by Team Exact"
2025-12-29,"ATL @ OKC","Asa Newell","dk","First Basket by Team Exact"
2025-12-29,"PHX @ WAS","Justin Champagnie","dk","First Basket by Team Exact"
2026-01-01,"HOU @ BKN","Cam Thomas","dk","First Basket by Team Exact"
2026-01-03,"UTA @ GSW","Jusuf Nurkić","dk","First Basket by Team Exact"
2026-01-04,"DET @ CLE","Dean Wade","dk","First Basket by Team Exact"
2026-01-06,"CLE @ IND","Micah Potter","dk","First Basket by Team Exact"
2026-01-07,"LAC @ NYK","Mitchell Robinson","dk","First Basket by Team Exact"
2026-01-10,"CHA @ UTA","Jusuf Nurkić","dk","First Basket by Team Exact"
2026-01-11,"HOU @ SAC","Keon Ellis","dk","First Basket by Team Exact"
2026-01-13,"SAS @ OKC","Luguentz Dort","dk","First Basket by Team Exact"
2026-01-14,"UTA @ CHI","Jusuf Nurkić","dk","First Basket by Team Exact"
2026-01-15,"OKC @ HOU","Cason Wallace","dk","First Basket by Team Exact"
2026-01-15,"UTA @ DAL","Jusuf Nurkić","dk","First Basket by Team Exact"
2026-01-16,"MIN @ HOU","Tari Eason","dk","First Basket by Team Exact"
2026-01-17,"CHA @ GSW","Jimmy Butler III","dk","First Basket by Team Exact"
2026-01-18,"NOP @ HOU","Tari Eason","dk","First Basket by Team Exact"
2026-01-19,"MIA @ GSW","Draymond Green","dk","First Basket by Team Exact"
2026-01-19,"OKC @ CLE","Craig Porter Jr.","dk","First Basket by Team Exact"
2026-01-20,"SAS @ HOU","Tari Eason","dk","First Basket by Team Exact"
2026-01-21,"OKC @ MIL","Jaylin Williams","dk","First Basket by Team Exact"
2026-01-21,"TOR @ SAC","Gradey Dick","dk","First Basket by Team Exact"
2026-01-23,"DEN @ MIL","Peyton Watson","dk","First Basket by Team Exact"
2026-01-24,"GSW @ MIN","Draymond Green","dk","First Basket by Team Exact"
2026-01-24,"BOS @ CHI","Neemias Queta","dk","First Basket by Team Exact"
2026-01-25,"DEN @ MEM","Cam Spencer","dk","First Basket by Team Exact"
2026-01-25,"DAL @ MIL","Kyle Kuzma","dk","First Basket by Team Exact"
2026-01-25,"BKN @ LAC","Danny Wolf","dk","First Basket by Team Exact"
2026-01-29,"OKC @ MIN","Isaiah Hartenstein","dk","First Basket by Team Exact"
2026-01-29,"HOU @ ATL","Mouhamed Gueye","dk","First Basket by Team Exact"
2026-01-31,"ATL @ IND","Christian Koloko","dk","First Basket by Team Exact"
2026-02-03,"DEN @ DET","Spencer Jones","dk","First Basket by Team Exact"
2026-02-03,"ATL @ MIA","Mouhamed Gueye","dk","First Basket by Team Exact"
2026-02-03,"PHI @ GSW","Pat Spencer","dk","First Basket by Team Exact"
2026-02-04,"OKC @ SAS","Luguentz Dort","dk","First Basket by Team Exact"
2026-02-05,"CHA @ HOU","Tari Eason","dk","First Basket by Team Exact"
2026-02-05,"CHI @ TOR","Patrick Williams","dk","First Basket by Team Exact"
2026-02-06,"LAC @ SAC","Kobe Sanders","dk","First Basket by Team Exact"
2026-02-07,"GSW @ LAL","Deandre Ayton","dk","First Basket by Team Exact"
2026-02-07,"CLE @ SAC","Dylan Cardwell","dk","First Basket by Team Exact"
2026-02-09,"PHI @ POR","Dominick Barlow","dk","First Basket by Team Exact"
2026-02-09,"CHI @ BKN","Jalen Smith","dk","First Basket by Team Exact"
2026-02-09,"SAC @ NOP","Domantas Sabonis","dk","First Basket by Team Exact"
2026-02-09,"ATL @ MIN","Jock Landale","dk","First Basket by Team Exact"
2026-02-10,"IND @ NYK","Jarace Walker","dk","First Basket by Team Exact"
2026-02-11,"IND @ BKN","Andrew Nembhard","dk","First Basket by Team Exact"
2026-02-11,"NYK @ PHI","Andre Drummond","dk","First Basket by Team Exact"
2026-02-12,"DAL @ LAL","Deandre Ayton","dk","First Basket by Team Exact"
2026-02-20,"IND @ WAS","Andrew Nembhard","dk","First Basket by Team Exact"
2026-02-21,"MEM @ MIA","Davion Mitchell","dk","First Basket by Team Exact"
2026-02-22,"DAL @ IND","Tyus Jones","dk","First Basket by Team Exact"
2026-02-22,"CHA @ WAS","Tristan Vukcevic","dk","First Basket by Team Exact"
2026-02-26,"CHA @ IND","Kam Jones","dk","First Basket by Team Exact"
2026-02-27,"MEM @ DAL","Tyus Jones","dk","First Basket by Team Exact"
2026-03-02,"HOU @ WAS","Tristan Vukcevic","dk","First Basket by Team Exact"
2026-03-03,"NOP @ LAL","DeAndre Jordan","dk","First Basket by Team Exact"
2026-03-04,"UTA @ PHI","Andre Drummond","dk","First Basket by Team Exact"
2026-03-05,"NOP @ SAC","DeAndre Jordan","dk","First Basket by Team Exact"
2026-03-08,"DET @ MIA","Daniss Jenkins","dk","First Basket by Team Exact"
2026-03-08,"CHI @ SAC","DeMar DeRozan","dk","First Basket by Team Exact"
2026-03-08,"ORL @ MIL","Kyle Kuzma","dk","First Basket by Team Exact"
2026-03-12,"PHI @ DET","Andre Drummond","dk","First Basket by Team Exact"
2026-03-14,"MIL @ ATL","Ousmane Dieng","dk","First Basket by Team Exact"
2026-03-15,"IND @ MIL","Ousmane Dieng","dk","First Basket by Team Exact"
2026-03-15,"UTA @ SAC","Oscar Tshiebwe","dk","First Basket by Team Exact"
2026-03-16,"GSW @ WAS","Tristan Vukcevic","dk","First Basket by Team Exact"
2026-03-16,"DAL @ NOP","Dejounte Murray","dk","First Basket by Team Exact"
2026-03-16,"MEM @ CHI","Cam Spencer","dk","First Basket by Team Exact"
2026-03-17,"CLE @ MIL","Ousmane Dieng","dk","First Basket by Team Exact"
2026-03-18,"POR @ IND","Kobe Brown","dk","First Basket by Team Exact"
2026-03-19,"PHI @ SAC","Nique Clifford","dk","First Basket by Team Exact"
2026-03-19,"MIL @ UTA","Taurean Prince","dk","First Basket by Team Exact"
2026-03-19,"LAC @ NOP","Kobe Sanders","dk","First Basket by Team Exact"
2026-03-20,"BOS @ MEM","Walter Clayton Jr.","dk","First Basket by Team Exact"
2026-03-21,"IND @ SAS","Stephon Castle","dk","First Basket by Team Exact"
2026-03-21,"GSW @ ATL","Jonathan Kuminga","dk","First Basket by Team Exact"
2026-03-22,"WAS @ NYK","Alex Sarr","dk","First Basket by Team Exact"
2026-03-23,"LAL @ DET","Marcus Smart","dk","First Basket by Team Exact"
2026-03-23,"OKC @ PHI","Trendon Watford","dk","First Basket by Team Exact"
2026-03-24,"SAC @ CHA","Killian Hayes","dk","First Basket by Team Exact"
2026-03-24,"SAC @ CHA","Daeqwon Plowden","dk","First Basket by Team Exact"
2026-03-24,"ORL @ CLE","Jevon Carter","dk","First Basket by Team Exact"
2026-03-25,"MIA @ CLE","Pelle Larsson","dk","First Basket by Team Exact"
2026-03-25,"BKN @ GSW","Josh Minott","dk","First Basket by Team Exact"
2026-03-25,"MIL @ POR","Myles Turner","dk","First Basket by Team Exact"
2026-03-25,"MIL @ POR","Kyle Kuzma","dk","First Basket by Team Exact"
2026-03-25,"WAS @ UTA","Jamir Watkins","dk","First Basket by Team Exact"
2026-03-27,"ATL @ BOS","Jaylen Brown","dk","First Basket by Team Exact"
2026-03-27,"NOP @ TOR","DeAndre Jordan","dk","First Basket by Team Exact"
2026-03-28,"DET @ MIN","Ayo Dosunmu","dk","First Basket by Team Exact"
2026-03-29,"BOS @ CHA","Jaylen Brown","dk","First Basket by Team Exact"
2026-03-29,"GSW @ DEN","Spencer Jones","dk","First Basket by Team Exact"
2026-03-30,"PHX @ MEM","Walter Clayton Jr.","dk","First Basket by Team Exact"
2026-03-30,"CHI @ SAS","Nick Richards","dk","First Basket by Team Exact"
2026-04-03,"CHI @ NYK","Nick Richards","dk","First Basket by Team Exact"
2026-04-07,"CHI @ WAS","Tristan Vukcevic","dk","First Basket by Team Exact"
2026-04-07,"MIN @ IND","Micah Potter","dk","First Basket by Team Exact"
2026-04-07,"UTA @ NOP","Yves Missi","dk","First Basket by Team Exact"
2026-04-07,"OKC @ LAL","Jarred Vanderbilt","dk","First Basket by Team Exact"
2026-04-08,"DAL @ PHX","Mark Williams","dk","First Basket by Team Exact"
2026-04-08,"MIN @ ORL","Bones Hyland","dk","First Basket by Team Exact"
2026-04-08,"DAL @ PHX","Oso Ighodaro","dk","First Basket by Team Exact"
2026-04-09,"LAL @ GSW","Marcus Smart","dk","First Basket by Team Exact"
2026-04-09,"LAL @ GSW","Gui Santos","dk","First Basket by Team Exact"
2026-04-10,"DAL @ SAS","Stephon Castle","dk","First Basket by Team Exact"
2026-04-17,"GSW @ PHX","Mark Williams","dk","First Basket by Team Exact"
2026-04-19,"PHX @ OKC","Mark Williams","dk","First Basket by Team Exact"
2026-04-22,"PHX @ OKC","Mark Williams","dk","First Basket by Team Exact"
2026-04-22,"PHX @ OKC","Jordan Goodwin","dk","First Basket by Team Exact"
2026-04-23,"CLE @ TOR","Jamal Shead","dk","First Basket by Team Exact"
2026-04-27,"MIN @ DEN","Aaron Gordon","dk","First Basket by Team Exact"
2026-05-02,"PHI @ BOS","Sam Hauser","dk","First Basket by Team Exact"
2026-05-03,"TOR @ CLE","Brandon Ingram","dk","First Basket by Team Exact"
2026-05-17,"CLE @ DET","Dean Wade","dk","First Basket by Team Exact"
2025-10-22,"CLE @ NYK","De'Andre Hunter","fd","First Basket Exact"
2025-10-22,"MIN @ POR","Mike Conley","dk","First Basket Exact"
2025-10-22,"CLE @ NYK","De'Andre Hunter","dk","First Basket Exact"
2025-10-24,"BOS @ NYK","Ariel Hukporti","dk","First Basket Exact"
2025-10-27,"OKC @ DAL","Dereck Lively II","fd","First Basket Exact"
2025-10-28,"NYK @ MIL","Ariel Hukporti","dk","First Basket Exact"
2025-10-29,"NOP @ DEN","Yves Missi","dk","First Basket Exact"
2025-10-29,"IND @ DAL","Jay Huff","hrb","First Basket Exact"
2025-10-29,"MEM @ PHX","Oso Ighodaro","dk","First Basket Exact"
2025-10-31,"BOS @ PHI","Justin Edwards","dk","First Basket Exact"
2025-11-01,"SAC @ MIL","Russell Westbrook","fd","First Basket Exact"
2025-11-03,"MIA @ LAC","Kel'el Ware","hrb","First Basket Exact"
2025-11-03,"WAS @ NYK","Khris Middleton","dk","First Basket Exact"
2025-11-04,"OKC @ LAC","Bradley Beal","dk","First Basket Exact"
2025-11-05,"BKN @ IND","Tyrese Martin","dk","First Basket Exact"
2025-11-06,"LAC @ PHX","Ryan Dunn","dk","First Basket Exact"
2025-11-07,"GSW @ DEN","Quinten Post","dk","First Basket Exact"
2025-11-10,"MIN @ UTA","Isaiah Collier","dk","First Basket Exact"
2025-11-11,"BOS @ PHI","Joel Embiid","dk","First Basket Exact"
2025-11-11,"IND @ UTA","Isaiah Jackson","dk","First Basket Exact"
2025-11-13,"TOR @ CLE","Darius Garland","dk","First Basket Exact"
2025-11-14,"BKN @ ORL","Jonathan Isaac","dk","First Basket Exact"
2025-11-15,"LAL @ MIL","Marcus Smart","dk","First Basket Exact"
2025-11-15,"LAL @ MIL","Jarred Vanderbilt","dk","First Basket Exact"
2025-11-16,"GSW @ NOP","Zion Williamson","dk","First Basket Exact"
2025-10-21,"HOU @ OKC","Alex Caruso","ftics","First Three"
2025-10-22,"CLE @ NYK","De'Andre Hunter","ftics","First Three"
2025-10-22,"CLE @ NYK","Guerschon Yabusele","ftics","First Three"
2025-10-22,"PHI @ BOS","Quentin Grimes","ftics","First Three"
2025-10-22,"PHI @ BOS","Anfernee Simons","ftics","First Three"
2025-10-22,"LAC @ UTA","Brice Sensabaugh","ftics","First Three"
2025-10-22,"LAC @ UTA","Taylor Hendricks","ftics","First Three"
2025-10-22,"SAS @ DAL","D'Angelo Russell","ftics","First Three"
2025-10-22,"MIN @ POR","Mike Conley","ftics","First Three"
2025-10-22,"CLE @ NYK","Jordan Clarkson","ftics","First Three"
2025-10-22,"LAC @ UTA","Taylor Hendricks","br","First Three"
2025-10-22,"SAC @ PHX","Keon Ellis","ftics","First Three"
2025-10-22,"CLE @ NYK","Dean Wade","ftics","First Three"
2025-10-23,"OKC @ IND","Cason Wallace","ftics","First Three"
2025-10-23,"OKC @ IND","Ajay Mitchell","ftics","First Three"
2025-10-24,"UTA @ SAC","Malik Monk","ftics","First Three"
2025-10-26,"LAL @ SAC","Isaac Jones","br","First Three"
2025-10-26,"LAL @ SAC","Isaac Jones","dk","First Three"
2025-10-29,"IND @ DAL","Jay Huff","br","First Three"
2025-10-29,"IND @ DAL","Jay Huff","dk","First Three"
2025-10-31,"BOS @ PHI","Justin Edwards","br","First Three"
2025-10-31,"BOS @ PHI","Justin Edwards","csr","First Three"
2025-11-01,"MIN @ CHA","Sion James","br","First Three"
2025-11-01,"MIN @ CHA","Sion James","dk","First Three"
2025-11-04,"OKC @ LAC","Bogdan Bogdanović","br","First Three"
2025-11-05,"GSW @ SAC","Domantas Sabonis","br","First Three"
2025-11-05,"GSW @ SAC","Keon Ellis","br","First Three"
2025-11-05,"GSW @ SAC","Keon Ellis","dk","First Three"
2025-11-07,"UTA @ MIN","Taylor Hendricks","br","First Three"
2025-11-07,"UTA @ MIN","Taylor Hendricks","dk","First Three"
2025-11-08,"TOR @ PHI","Jabari Walker","br","First Three"
2025-11-08,"TOR @ PHI","Jabari Walker","dk","First Three"
2025-11-12,"MEM @ BOS","Josh Minott","br","First Three"
2025-11-14,"BKN @ ORL","Jonathan Isaac","br","First Three"
2025-11-14,"BKN @ ORL","Jonathan Isaac","dk","First Three"
2025-11-14,"PHI @ DET","Isaiah Stewart","dk","First Three"
2025-11-14,"PHI @ DET","Isaiah Stewart","br","First Three"
2025-11-14,"SAC @ MIN","Dennis Schröder","br","First Three"
2025-11-14,"SAC @ MIN","Dennis Schröder","dk","First Three"
2025-11-14,"LAC @ DAL","P.J. Washington","br","First Three"
2025-11-14,"LAC @ DAL","P.J. Washington","dk","First Three"
2025-11-14,"LAC @ DAL","Anthony Davis","br","First Three"
2025-11-16,"SAC @ SAS","Precious Achiuwa","dk","First Three"
2025-11-16,"SAC @ SAS","Precious Achiuwa","br","First Three"
2025-11-17,"LAC @ PHI","Bogdan Bogdanović","br","First Three"
2025-11-18,"DET @ ATL","Tobias Harris","br","First Three"
2025-11-19,"SAC @ OKC","Keon Ellis","dk","First Three"
2025-11-19,"WAS @ MIN","Jaylen Clark","dk","First Three"
2025-11-19,"SAC @ OKC","Keon Ellis","br","First Three"
2025-11-19,"NYK @ DAL","Naji Marshall","dk","First Three"
2025-11-20,"PHI @ MIL","Dominick Barlow","br","First Three"
2025-11-20,"SAC @ MEM","Keegan Murray","br","First Three"
2025-11-24,"CLE @ TOR","Gradey Dick","dk","First Three"
2025-11-24,"CLE @ TOR","Gradey Dick","br","First Three"
2025-11-24,"CLE @ TOR","Gradey Dick","csr","First Three"
2025-11-28,"DAL @ LAL","Brandon Williams","br","First Three"
2025-11-28,"DAL @ LAL","Brandon Williams","dk","First Three"
2025-11-30,"NOP @ LAL","Jake LaRavia","br","First Three"
2025-12-01,"DAL @ DEN","P.J. Washington","dk","First Three"
2025-12-06,"ATL @ WAS","Jamir Watkins","dk","First Three"
2025-12-06,"GSW @ CLE","Draymond Green","dk","First Three"
2025-12-06,"MIL @ DET","Tobias Harris","dk","First Three"
2025-12-06,"MIL @ DET","Tobias Harris","br","First Three"
2025-12-09,"NYK @ TOR","Ja'Kobe Walter","br","First Three"
2025-12-09,"NYK @ TOR","Ja'Kobe Walter","dk","First Three"
2025-12-09,"NYK @ TOR","Ja'Kobe Walter","csr","First Three"
2025-12-17,"MEM @ MIN","Ja Morant","csr","First Three"
2025-12-19,"MIA @ BOS","Davion Mitchell","dk","First Three"
2025-12-23,"MEM @ UTA","Jock Landale","dk","First Three"
2025-12-25,"HOU @ LAL","Josh Okogie","csr","First Three"
2025-12-27,"DAL @ SAC","Naji Marshall","dk","First Three"
2025-12-29,"ORL @ TOR","RJ Barrett","br","First Three"
2025-12-29,"ORL @ TOR","RJ Barrett","dk","First Three"
2025-12-29,"NYK @ NOP","Bryce McGowens","br","First Three"
2025-12-29,"NYK @ NOP","Bryce McGowens","dk","First Three"
2025-12-29,"PHX @ WAS","Justin Champagnie","br","First Three"
2025-12-29,"PHX @ WAS","Justin Champagnie","dk","First Three"
2026-01-03,"UTA @ GSW","Taylor Hendricks","dk","First Three"
2026-01-03,"BOS @ LAC","Jordan Walsh","csr","First Three"
2026-01-03,"BOS @ LAC","Jordan Walsh","br","First Three"
2026-01-03,"BOS @ LAC","Jordan Walsh","dk","First Three"
2026-01-04,"NOP @ MIA","Bryce McGowens","br","First Three"
2026-01-04,"NOP @ MIA","Bryce McGowens","dk","First Three"
2026-01-08,"MIA @ CHI","Isaac Okoro","csr","First Three"
2026-01-09,"SAC @ GSW","Precious Achiuwa","dk","First Three"
2026-01-10,"MIN @ CLE","Craig Porter Jr.","br","First Three"
2026-01-10,"MIN @ CLE","Craig Porter Jr.","dk","First Three"
2026-01-13,"SAS @ OKC","Luguentz Dort","dk","First Three"
2026-01-23,"NOP @ MEM","Jeremiah Fears","dk","First Three"
2026-01-24,"GSW @ MIN","Gui Santos","dk","First Three"
2026-01-24,"GSW @ MIN","Gui Santos","csr","First Three"
2026-01-25,"DEN @ MEM","Spencer Jones","dk","First Three"
2026-01-25,"DAL @ MIL","Caleb Martin","dk","First Three"
2026-01-26,"MEM @ HOU","Josh Okogie","dk","First Three"
2026-01-27,"MIL @ PHI","Gary Harris","dk","First Three"
2026-01-27,"MIL @ PHI","Gary Harris","csr","First Three"
2026-01-29,"BKN @ DEN","Drake Powell","dk","First Three"
2026-01-30,"SAC @ BOS","Russell Westbrook","dk","First Three"
2026-01-30,"BKN @ UTA","Drake Powell","dk","First Three"
2026-02-03,"PHI @ GSW","Pat Spencer","dk","First Three"
2026-02-05,"WAS @ DET","Tobias Harris","dk","First Three"
2026-02-11,"ATL @ CHA","Sion James","dk","First Three"
2026-02-20,"UTA @ MEM","Kyle Anderson","dk","First Three"
2026-02-22,"CHA @ WAS","Tristan Vukcevic","dk","First Three"
2026-02-24,"GSW @ NOP","Derik Queen","dk","First Three"
2026-02-25,"GSW @ MEM","Pat Spencer","dk","First Three"
2026-02-25,"GSW @ MEM","Kyle Anderson","dk","First Three"
2026-02-28,"NOP @ UTA","Derik Queen","dk","First Three"
2026-03-07,"LAC @ MEM","Kobe Sanders","dk","First Three"
2026-03-09,"GSW @ UTA","Pat Spencer","dk","First Three"
2026-03-11,"CHA @ SAC","Russell Westbrook","dk","First Three"
2026-03-11,"CHA @ SAC","Russell Westbrook","csr","First Three"
2026-03-12,"PHI @ DET","Andre Drummond","dk","First Three"
2026-03-13,"CLE @ DAL","P.J. Washington","dk","First Three"
2026-03-13,"CHI @ LAC","Guerschon Yabusele","dk","First Three"
2026-03-13,"CLE @ DAL","P.J. Washington","csr","First Three"
2026-03-13,"CLE @ DAL","Khris Middleton","dk","First Three"
2026-03-15,"UTA @ SAC","Russell Westbrook","dk","First Three"
2026-03-15,"DAL @ CLE","Marvin Bagley III","dk","First Three"
2026-03-17,"CLE @ MIL","Myles Turner","dk","First Three"
2026-03-17,"CLE @ MIL","Myles Turner","csr","First Three"
2026-03-18,"OKC @ BKN","Luguentz Dort","dk","First Three"
2026-03-18,"POR @ IND","Kobe Brown","dk","First Three"
2026-03-21,"OKC @ WAS","Luguentz Dort","dk","First Three"
2026-03-21,"GSW @ ATL","Will Richard","dk","First Three"
2026-03-24,"SAC @ CHA","Daeqwon Plowden","dk","First Three"
2026-03-25,"SAS @ MEM","Walter Clayton Jr.","csr","First Three"
2026-03-25,"TOR @ LAC","Immanuel Quickley","dk","First Three"
2026-03-25,"BKN @ GSW","Josh Minott","csr","First Three"
2026-03-27,"NOP @ TOR","Jamal Shead","dk","First Three"
2026-03-30,"MIN @ DAL","Naji Marshall","dk","First Three"
2026-03-31,"DAL @ MIL","P.J. Washington","dk","First Three"
2026-04-08,"DAL @ PHX","Naji Marshall","dk","First Three"
2026-04-10,"OKC @ DEN","Christian Braun","dk","First Three"
2026-04-10,"MEM @ UTA","John Konchar","dk","First Three"
2026-04-20,"TOR @ CLE","Immanuel Quickley","dk","First Three"
2026-04-23,"CLE @ TOR","Immanuel Quickley","csr","First Three"
2026-04-23,"CLE @ TOR","Immanuel Quickley","dk","First Three"
2026-04-24,"LAL @ HOU","Josh Okogie","mgm","First Three"
2026-04-25,"OKC @ PHX","Jordan Goodwin","mgm","First Three"
2026-04-29,"TOR @ CLE","Dean Wade","mgm","First Three"
2026-05-02,"PHI @ BOS","Sam Hauser","mgm","First Three"
2026-05-25,"NYK @ CLE","Dean Wade","dk","First Three"
2026-05-25,"NYK @ CLE","Dean Wade","mgm","First Three"
2026-05-25,"NYK @ CLE","Dean Wade","csr","First Three"
2025-10-22,"LAC @ UTA","Taylor Hendricks","br","First Three by Team"
2025-10-22,"LAC @ UTA","Taylor Hendricks","dk","First Three by Team"
2025-10-26,"POR @ LAC","Bradley Beal","dk","First Three by Team"
2025-10-26,"LAL @ SAC","Isaac Jones","br","First Three by Team"
2025-10-26,"LAL @ SAC","Isaac Jones","dk","First Three by Team"
2025-10-27,"MEM @ GSW","Quinten Post","dk","First Three by Team"
2025-10-29,"IND @ DAL","Jay Huff","br","First Three by Team"
2025-10-29,"IND @ DAL","Jay Huff","dk","First Three by Team"
2025-10-31,"BOS @ PHI","Justin Edwards","br","First Three by Team"
2025-10-31,"BOS @ PHI","Justin Edwards","dk","First Three by Team"
2025-11-01,"MIN @ CHA","Sion James","br","First Three by Team"
2025-11-03,"DET @ MEM","Tobias Harris","br","First Three by Team"
2025-11-03,"DET @ MEM","Tobias Harris","dk","First Three by Team"
2025-11-04,"OKC @ LAC","Bogdan Bogdanović","dk","First Three by Team"
2025-11-07,"OKC @ SAC","Domantas Sabonis","br","First Three by Team"
2025-11-07,"UTA @ MIN","Taylor Hendricks","br","First Three by Team"
2025-11-07,"UTA @ MIN","Taylor Hendricks","dk","First Three by Team"
2025-11-08,"TOR @ PHI","Jabari Walker","br","First Three by Team"
2025-11-08,"TOR @ PHI","Jabari Walker","dk","First Three by Team"
2025-11-11,"IND @ UTA","Jarace Walker","br","First Three by Team"
2025-11-11,"IND @ UTA","Jarace Walker","dk","First Three by Team"
2025-11-12,"MEM @ BOS","Josh Minott","br","First Three by Team"
2025-11-12,"MEM @ BOS","Josh Minott","dk","First Three by Team"
2025-11-14,"BKN @ ORL","Jonathan Isaac","br","First Three by Team"
2025-11-14,"BKN @ ORL","Jonathan Isaac","dk","First Three by Team"
2025-11-14,"PHI @ DET","Isaiah Stewart","br","First Three by Team"
2025-11-14,"PHI @ DET","Isaiah Stewart","dk","First Three by Team"
2025-11-14,"CHA @ MIL","Collin Sexton","br","First Three by Team"
2025-11-14,"CHA @ MIL","Collin Sexton","dk","First Three by Team"
2025-11-14,"LAC @ DAL","P.J. Washington","dk","First Three by Team"
2025-11-14,"LAC @ DAL","Anthony Davis","dk","First Three by Team"
2025-11-14,"SAC @ MIN","Dennis Schröder","br","First Three by Team"
2025-11-14,"LAC @ DAL","P.J. Washington","br","First Three by Team"
2025-11-14,"LAC @ DAL","Anthony Davis","br","First Three by Team"
2025-11-14,"SAC @ MIN","Dennis Schröder","dk","First Three by Team"
2025-11-15,"LAL @ MIL","Jarred Vanderbilt","dk","First Three by Team"
2025-11-16,"SAC @ SAS","Precious Achiuwa","dk","First Three by Team"
2025-11-16,"SAC @ SAS","Precious Achiuwa","br","First Three by Team"
2025-11-17,"IND @ DET","Tony Bradley","dk","First Three by Team"
2025-11-17,"LAC @ PHI","Bogdan Bogdanović","dk","First Three by Team"
2025-11-18,"DET @ ATL","Ausar Thompson","dk","First Three by Team"
2025-11-19,"SAC @ OKC","Keon Ellis","br","First Three by Team"
2025-11-19,"SAC @ OKC","Keon Ellis","dk","First Three by Team"
2025-11-19,"WAS @ MIN","Jaylen Clark","dk","First Three by Team"
2025-11-19,"WAS @ MIN","Jaylen Clark","br","First Three by Team"
2025-11-20,"PHI @ MIL","Dominick Barlow","dk","First Three by Team"
2025-11-20,"SAC @ MEM","Keegan Murray","dk","First Three by Team"
2025-11-20,"PHI @ MIL","Dominick Barlow","br","First Three by Team"
2025-11-23,"SAS @ PHX","Ryan Dunn","br","First Three by Team"
2025-11-23,"SAS @ PHX","Ryan Dunn","dk","First Three by Team"
2025-11-24,"UTA @ GSW","Will Richard","dk","First Three by Team"
2025-11-26,"IND @ TOR","Ja'Kobe Walter","dk","First Three by Team"
2025-11-26,"IND @ TOR","Ja'Kobe Walter","br","First Three by Team"
2025-11-28,"DAL @ LAL","Brandon Williams","dk","First Three by Team"
2025-11-28,"MIL @ NYK","Kyle Kuzma","br","First Three by Team"
2025-11-28,"CHI @ CHA","Ayo Dosunmu","br","First Three by Team"
2025-11-28,"CHI @ CHA","Ayo Dosunmu","dk","First Three by Team"
2025-11-30,"NOP @ LAL","Jake LaRavia","dk","First Three by Team"
2025-11-30,"OKC @ POR","Robert Williams III","dk","First Three by Team"
2025-11-30,"OKC @ POR","Robert Williams III","br","First Three by Team"
2025-12-01,"DAL @ DEN","P.J. Washington","br","First Three by Team"
2025-12-01,"DAL @ DEN","P.J. Washington","dk","First Three by Team"
2025-12-01,"CHA @ BKN","Terance Mann","br","First Three by Team"
2025-12-01,"CHA @ BKN","Terance Mann","dk","First Three by Team"
2025-12-03,"DEN @ IND","Jarace Walker","br","First Three by Team"
2025-12-03,"DEN @ IND","Jarace Walker","dk","First Three by Team"
2025-12-05,"SAS @ CLE","Kelly Olynyk","dk","First Three by Team"
2025-12-05,"IND @ CHI","Jarace Walker","br","First Three by Team"
2025-12-06,"ATL @ WAS","Jamir Watkins","dk","First Three by Team"
2025-12-06,"SAC @ MIA","Davion Mitchell","br","First Three by Team"
2025-12-06,"ATL @ WAS","Jamir Watkins","br","First Three by Team"
2025-12-06,"GSW @ CLE","Draymond Green","dk","First Three by Team"
2025-12-06,"MIL @ DET","Tobias Harris","br","First Three by Team"
2025-12-06,"MIL @ DET","Tobias Harris","dk","First Three by Team"
2025-12-06,"SAC @ MIA","Davion Mitchell","dk","First Three by Team"
2025-12-09,"NYK @ TOR","Ja'Kobe Walter","dk","First Three by Team"
2025-12-17,"MEM @ MIN","Vince Williams Jr.","br","First Three by Team"
2025-12-17,"MEM @ MIN","Vince Williams Jr.","dk","First Three by Team"
2025-12-18,"WAS @ SAS","Justin Champagnie","dk","First Three by Team"
2025-12-18,"NYK @ IND","Ethan Thompson","dk","First Three by Team"
2025-12-18,"NYK @ IND","Ethan Thompson","br","First Three by Team"
2025-12-19,"MIA @ BOS","Davion Mitchell","dk","First Three by Team"
2025-12-22,"IND @ BOS","Jordan Walsh","dk","First Three by Team"
2025-12-23,"MEM @ UTA","Jusuf Nurkić","br","First Three by Team"
2025-12-23,"MEM @ UTA","Jusuf Nurkić","dk","First Three by Team"
2025-12-23,"MEM @ UTA","Jock Landale","br","First Three by Team"
2025-12-23,"MEM @ UTA","Jock Landale","dk","First Three by Team"
2025-12-27,"MIL @ CHI","Kyle Kuzma","br","First Three by Team"
2025-12-27,"MIL @ CHI","Kyle Kuzma","dk","First Three by Team"
2025-12-27,"DAL @ SAC","Naji Marshall","br","First Three by Team"
2025-12-27,"DAL @ SAC","Naji Marshall","dk","First Three by Team"
2025-12-29,"ORL @ TOR","RJ Barrett","dk","First Three by Team"
2025-12-29,"NYK @ NOP","Bryce McGowens","dk","First Three by Team"
2025-12-29,"PHX @ WAS","Justin Champagnie","dk","First Three by Team"
2026-01-01,"HOU @ BKN","Terance Mann","br","First Three by Team"
2026-01-01,"HOU @ BKN","Terance Mann","dk","First Three by Team"
2026-01-03,"UTA @ GSW","Taylor Hendricks","br","First Three by Team"
2026-01-03,"UTA @ GSW","Taylor Hendricks","dk","First Three by Team"
2026-01-03,"BOS @ LAC","Jordan Walsh","br","First Three by Team"
2026-01-03,"BOS @ LAC","Jordan Walsh","dk","First Three by Team"
2026-01-04,"IND @ ORL","Tyus Jones","br","First Three by Team"
2026-01-04,"IND @ ORL","Tyus Jones","dk","First Three by Team"
2026-01-04,"NOP @ MIA","Bryce McGowens","dk","First Three by Team"
2026-01-04,"MEM @ LAL","Christian Koloko","dk","First Three by Team"
2026-01-06,"CLE @ IND","Micah Potter","dk","First Three by Team"
2026-01-07,"ORL @ BKN","Terance Mann","dk","First Three by Team"
2026-01-07,"NOP @ ATL","Kristaps Porziņģis","dk","First Three by Team"
2026-01-07,"NOP @ ATL","Kristaps Porziņģis","br","First Three by Team"
2026-01-08,"DAL @ UTA","Svi Mykhailiuk","br","First Three by Team"
2026-01-08,"DAL @ UTA","Svi Mykhailiuk","dk","First Three by Team"
2026-01-09,"SAC @ GSW","Precious Achiuwa","dk","First Three by Team"
2026-01-10,"MIN @ CLE","Craig Porter Jr.","dk","First Three by Team"
2026-01-10,"LAC @ DET","Isaiah Stewart","br","First Three by Team"
2026-01-11,"MIL @ DEN","DaRon Holmes II","br","First Three by Team"
2026-01-11,"MIL @ DEN","DaRon Holmes II","dk","First Three by Team"
2026-01-12,"PHI @ TOR","Ochai Agbaji","dk","First Three by Team"
2026-01-14,"DEN @ DAL","Christian Braun","dk","First Three by Team"
2026-01-14,"BKN @ NOP","Terance Mann","br","First Three by Team"
2026-01-14,"BKN @ NOP","Terance Mann","dk","First Three by Team"
2026-01-17,"WAS @ DEN","Justin Champagnie","br","First Three by Team"
2026-01-17,"WAS @ DEN","Justin Champagnie","dk","First Three by Team"
2026-01-17,"LAL @ POR","Deandre Ayton","dk","First Three by Team"
2026-01-19,"OKC @ CLE","Craig Porter Jr.","dk","First Three by Team"
2026-01-20,"TOR @ GSW","Ochai Agbaji","dk","First Three by Team"
2026-01-23,"NOP @ MEM","Jeremiah Fears","dk","First Three by Team"
2026-01-24,"GSW @ MIN","Gui Santos","dk","First Three by Team"
2026-01-24,"MIA @ UTA","Kyle Filipowski","br","First Three by Team"
2026-01-24,"MIA @ UTA","Kyle Filipowski","dk","First Three by Team"
2026-01-24,"WAS @ CHA","Justin Champagnie","br","First Three by Team"
2026-01-24,"WAS @ CHA","Justin Champagnie","dk","First Three by Team"
2026-01-25,"DAL @ MIL","Caleb Martin","br","First Three by Team"
2026-01-25,"DAL @ MIL","Caleb Martin","dk","First Three by Team"
2026-01-25,"DAL @ MIL","Dwight Powell","br","First Three by Team"
2026-01-25,"DAL @ MIL","Dwight Powell","dk","First Three by Team"
2026-01-26,"MEM @ HOU","Josh Okogie","br","First Three by Team"
2026-01-26,"MEM @ HOU","Josh Okogie","dk","First Three by Team"
2026-01-27,"LAC @ UTA","Kyle Filipowski","dk","First Three by Team"
2026-01-27,"MIL @ PHI","Gary Harris","br","First Three by Team"
2026-01-27,"MIL @ PHI","Gary Harris","dk","First Three by Team"
2026-01-28,"MIN @ DAL","Dwight Powell","dk","First Three by Team"
2026-01-29,"BKN @ DEN","Drake Powell","dk","First Three by Team"
2026-01-29,"HOU @ ATL","Mouhamed Gueye","dk","First Three by Team"
2026-01-30,"SAC @ BOS","Domantas Sabonis","dk","First Three by Team"
2026-01-30,"BKN @ UTA","Drake Powell","br","First Three by Team"
2026-01-30,"BKN @ UTA","Drake Powell","dk","First Three by Team"
2026-02-03,"ATL @ MIA","Mouhamed Gueye","dk","First Three by Team"
2026-02-03,"PHI @ GSW","Pat Spencer","dk","First Three by Team"
2026-02-04,"OKC @ SAS","Isaiah Hartenstein","dk","First Three by Team"
2026-02-04,"BOS @ HOU","Jordan Walsh","dk","First Three by Team"
2026-02-06,"LAC @ SAC","Kobe Sanders","dk","First Three by Team"
2026-02-06,"NYK @ DET","OG Anunoby","dk","First Three by Team"
2026-02-07,"CLE @ SAC","Dean Wade","dk","First Three by Team"
2026-02-07,"GSW @ LAL","Deandre Ayton","dk","First Three by Team"
2026-02-10,"SAS @ LAL","Deandre Ayton","dk","First Three by Team"
2026-02-11,"ATL @ CHA","Sion James","dk","First Three by Team"
2026-02-11,"IND @ BKN","Nic Claxton","dk","First Three by Team"
2026-02-11,"MEM @ DEN","Spencer Jones","dk","First Three by Team"
2026-02-11,"WAS @ CLE","Anthony Gill","dk","First Three by Team"
2026-02-12,"DAL @ LAL","Deandre Ayton","dk","First Three by Team"
2026-02-20,"UTA @ MEM","Kyle Anderson","dk","First Three by Team"
2026-02-20,"CLE @ CHA","Grant Williams","br","First Three by Team"
2026-02-20,"CLE @ CHA","Grant Williams","dk","First Three by Team"
2026-02-20,"UTA @ MEM","Kyle Anderson","br","First Three by Team"
2026-02-21,"PHI @ NOP","Bryce McGowens","dk","First Three by Team"
2026-02-21,"MEM @ MIA","GG Jackson","br","First Three by Team"
2026-02-22,"TOR @ MIL","Collin Murray-Boyles","dk","First Three by Team"
2026-02-22,"CHA @ WAS","Tristan Vukcevic","br","First Three by Team"
2026-02-23,"SAC @ MEM","Taylor Hendricks","br","First Three by Team"
2026-02-23,"SAC @ MEM","Taylor Hendricks","dk","First Three by Team"
2026-02-24,"GSW @ NOP","Derik Queen","dk","First Three by Team"
2026-02-25,"OKC @ DET","Chet Holmgren","br","First Three by Team"
2026-02-25,"OKC @ DET","Chet Holmgren","dk","First Three by Team"
2026-02-25,"GSW @ MEM","Kyle Anderson","dk","First Three by Team"
2026-02-25,"CLE @ MIL","James Harden","br","First Three by Team"
2026-02-25,"CLE @ MIL","James Harden","dk","First Three by Team"
2026-02-26,"MIN @ LAC","Kobe Sanders","dk","First Three by Team"
2026-02-26,"WAS @ ATL","Mouhamed Gueye","dk","First Three by Team"
2026-02-28,"NOP @ UTA","John Konchar","br","First Three by Team"
2026-02-28,"NOP @ UTA","John Konchar","dk","First Three by Team"
2026-02-28,"NOP @ UTA","Derik Queen","dk","First Three by Team"
2026-03-02,"HOU @ WAS","Tristan Vukcevic","br","First Three by Team"
2026-03-02,"HOU @ WAS","Tristan Vukcevic","dk","First Three by Team"
2026-03-02,"DEN @ UTA","Blake Hinson","br","First Three by Team"
2026-03-02,"DEN @ UTA","Blake Hinson","dk","First Three by Team"
2026-03-02,"HOU @ WAS","Anthony Gill","dk","First Three by Team"
2026-03-03,"WAS @ ORL","Anthony Gill","br","First Three by Team"
2026-03-03,"WAS @ ORL","Anthony Gill","dk","First Three by Team"
2026-03-05,"UTA @ WAS","Anthony Gill","dk","First Three by Team"
2026-03-05,"UTA @ WAS","Anthony Gill","br","First Three by Team"
2026-03-07,"UTA @ MIL","John Konchar","dk","First Three by Team"
2026-03-10,"MEM @ PHI","Scotty Pippen Jr.","dk","First Three by Team"
2026-03-11,"NYK @ UTA","John Konchar","dk","First Three by Team"
2026-03-12,"BKN @ ATL","Dyson Daniels","br","First Three by Team"
2026-03-12,"BKN @ ATL","Dyson Daniels","dk","First Three by Team"
2026-03-12,"PHI @ DET","Andre Drummond","dk","First Three by Team"
2026-03-12,"DAL @ MEM","Taylor Hendricks","br","First Three by Team"
2026-03-12,"DAL @ MEM","Taylor Hendricks","dk","First Three by Team"
2026-03-13,"CHI @ LAC","Isaac Okoro","dk","First Three by Team"
2026-03-13,"MEM @ DET","Tobias Harris","br","First Three by Team"
2026-03-15,"IND @ MIL","Ousmane Dieng","br","First Three by Team"
2026-03-15,"IND @ MIL","Ousmane Dieng","dk","First Three by Team"
2026-03-15,"DAL @ CLE","Marvin Bagley III","br","First Three by Team"
2026-03-15,"DAL @ CLE","Marvin Bagley III","dk","First Three by Team"
2026-03-16,"GSW @ WAS","Tristan Vukcevic","dk","First Three by Team"
2026-03-18,"POR @ IND","Kobe Brown","dk","First Three by Team"
2026-03-19,"DET @ WAS","Justin Champagnie","br","First Three by Team"
2026-03-19,"DET @ WAS","Justin Champagnie","dk","First Three by Team"
2026-03-21,"PHI @ UTA","John Konchar","br","First Three by Team"
2026-03-21,"PHI @ UTA","John Konchar","dk","First Three by Team"
2026-03-22,"WAS @ NYK","Alex Sarr","dk","First Three by Team"
2026-03-22,"WAS @ NYK","Justin Champagnie","dk","First Three by Team"
2026-03-25,"MIA @ CLE","Dean Wade","br","First Three by Team"
2026-03-25,"MIA @ CLE","Dean Wade","dk","First Three by Team"
2026-03-25,"WAS @ UTA","Tristan Vukcevic","br","First Three by Team"
2026-03-25,"WAS @ UTA","Tristan Vukcevic","dk","First Three by Team"
2026-03-31,"CLE @ LAL","Marcus Smart","dk","First Three by Team"
2026-04-01,"SAS @ GSW","Pat Spencer","dk","First Three by Team"
2026-04-07,"CHI @ WAS","Tristan Vukcevic","dk","First Three by Team"
2026-04-07,"SAC @ GSW","Will Richard","dk","First Three by Team"
2026-04-07,"SAC @ GSW","DeMar DeRozan","dk","First Three by Team"
2026-04-08,"MEM @ DEN","Rayan Rupert","dk","First Three by Team"
2026-04-08,"DAL @ PHX","Dwight Powell","dk","First Three by Team"
2026-04-22,"PHX @ OKC","Jordan Goodwin","dk","First Three by Team"
2026-04-29,"TOR @ CLE","Dean Wade","dk","First Three by Team"
2026-05-03,"TOR @ CLE","Max Strus","dk","First Three by Team"
2026-05-17,"CLE @ DET","Dean Wade","dk","First Three by Team"
2026-05-25,"NYK @ CLE","Dean Wade","dk","First Three by Team"
2025-11-08,"TOR @ PHI","Jabari Walker","b365","First Assist"
2025-11-09,"DET @ PHI","Adem Bona","b365","First Assist"
2025-11-10,"NOP @ PHX","Yves Missi","b365","First Assist"
2025-11-11,"MEM @ NYK","Mitchell Robinson","b365","First Assist"
2025-11-11,"IND @ UTA","Isaiah Jackson","b365","First Assist"
2025-11-14,"BKN @ ORL","Jonathan Isaac","b365","First Assist"
2025-11-17,"IND @ DET","Jeremiah Robinson-Earl","b365","First Assist"
2025-11-17,"IND @ DET","Tony Bradley","b365","First Assist"
2025-11-17,"DAL @ MIN","Daniel Gafford","b365","First Assist"
2025-11-18,"DET @ ATL","Zaccharie Risacher","b365","First Assist"
2025-11-19,"DEN @ NOP","Aaron Gordon","b365","First Assist"
2025-11-19,"NYK @ DAL","Daniel Gafford","b365","First Assist"
2025-11-24,"DAL @ MIA","Andrew Wiggins","b365","First Assist"
2025-11-24,"NYK @ BKN","Mitchell Robinson","b365","First Assist"
2025-11-26,"NYK @ CHA","Mitchell Robinson","b365","First Assist"
2025-11-28,"WAS @ IND","Isaiah Jackson","b365","First Assist"
2025-11-29,"DAL @ LAC","Daniel Gafford","b365","First Assist"
2025-11-29,"BKN @ MIL","Gary Trent Jr.","b365","First Assist"
2025-11-29,"DAL @ LAC","Moussa Cisse","b365","First Assist"
2025-11-29,"DEN @ PHX","Mark Williams","b365","First Assist"
2025-11-30,"HOU @ UTA","Steven Adams","b365","First Assist"
2025-11-30,"ATL @ PHI","Andre Drummond","b365","First Assist"
2025-12-01,"ATL @ DET","Duncan Robinson","b365","First Assist"
2025-12-01,"CLE @ IND","Nae'Qwan Tomlin","b365","First Assist"
2025-12-03,"DEN @ IND","Jarace Walker","b365","First Assist"
2025-12-05,"IND @ CHI","Jarace Walker","b365","First Assist"
2025-12-06,"GSW @ CLE","Moses Moody","b365","First Assist"
2025-12-08,"SAC @ IND","Garrison Mathews","b365","First Assist"
2026-01-21,"DET @ NOP","Cade Cunningham","dk","First Assist"
2026-01-21,"ATL @ MEM","Santi Aldama","dk","First Assist"
2026-01-22,"GSW @ DAL","P.J. Washington","dk","First Assist"
2026-01-22,"GSW @ DAL","Daniel Gafford","dk","First Assist"
2026-01-24,"LAL @ DAL","Daniel Gafford","dk","First Assist"
2026-01-25,"DEN @ MEM","Jonas Valančiūnas","dk","First Assist"
2026-01-26,"GSW @ MIN","Anthony Edwards","dk","First Assist"
2026-01-26,"MEM @ HOU","Josh Okogie","dk","First Assist"
2026-01-29,"MIA @ CHI","Josh Giddey","dk","First Assist"
2026-01-31,"CHI @ MIA","Jaime Jaquez Jr.","dk","First Assist"
2026-02-01,"SAC @ WAS","Russell Westbrook","dk","First Assist"
2026-02-01,"SAC @ WAS","Domantas Sabonis","dk","First Assist"
2026-02-03,"UTA @ IND","Andrew Nembhard","dk","First Assist"
2026-02-03,"UTA @ IND","Jusuf Nurkić","dk","First Assist"
2026-02-05,"SAS @ DAL","Stephon Castle","dk","First Assist"
2026-02-05,"UTA @ ATL","Jusuf Nurkić","dk","First Assist"
2026-02-09,"CHI @ BKN","Jalen Smith","dk","First Assist"
2026-02-21,"MEM @ MIA","GG Jackson","dk","First Assist"
2026-02-23,"SAC @ MEM","Taylor Hendricks","b365","First Assist"
2026-02-26,"WAS @ ATL","Jalen Johnson","dk","First Assist"
2026-02-26,"WAS @ ATL","Kyshawn George","dk","First Assist"
2026-02-26,"SAC @ DAL","Russell Westbrook","dk","First Assist"
2026-02-26,"MIN @ LAC","John Collins","b365","First Assist"
2026-02-27,"MEM @ DAL","Tyus Jones","dk","First Assist"
2026-03-02,"LAC @ GSW","Darius Garland","dk","First Assist"
2026-03-02,"BOS @ MIL","Jaylen Brown","dk","First Assist"
2026-03-04,"ATL @ MIL","Kevin Porter Jr.","dk","First Assist"
2026-03-04,"UTA @ PHI","Andre Drummond","b365","First Assist"
2026-03-06,"IND @ LAL","LeBron James","dk","First Assist"
2026-03-06,"DAL @ BOS","Daniel Gafford","b365","First Assist"
2026-03-08,"ORL @ MIL","Giannis Antetokounmpo","dk","First Assist"
2026-03-09,"GSW @ UTA","Pat Spencer","dk","First Assist"
2026-03-10,"PHX @ MIL","AJ Green","dk","First Assist"
2026-03-12,"DAL @ MEM","Cam Spencer","dk","First Assist"
2026-03-12,"PHI @ DET","Adem Bona","b365","First Assist"
2026-03-12,"PHI @ DET","Andre Drummond","b365","First Assist"
2026-03-13,"CLE @ DAL","Khris Middleton","dk","First Assist"
2026-03-15,"DAL @ CLE","Marvin Bagley III","dk","First Assist"
2026-03-15,"UTA @ SAC","Russell Westbrook","dk","First Assist"
2026-03-15,"DAL @ CLE","Marvin Bagley III","b365","First Assist"
2026-03-18,"ATL @ DAL","Daniel Gafford","b365","First Assist"
2026-03-21,"PHI @ UTA","John Konchar","dk","First Assist"
2026-03-23,"OKC @ PHI","Trendon Watford","dk","First Assist"
2026-03-23,"TOR @ UTA","Immanuel Quickley","dk","First Assist"
2026-03-23,"MEM @ ATL","Javon Small","b365","First Assist"
2026-03-23,"MIL @ LAC","John Collins","b365","First Assist"
2026-03-24,"SAC @ CHA","Daeqwon Plowden","b365","First Assist"
2026-03-27,"NOP @ TOR","DeAndre Jordan","dk","First Assist"
2026-03-27,"NOP @ TOR","Jamal Shead","dk","First Assist"
2026-03-28,"CHI @ MEM","Taylor Hendricks","b365","First Assist"
2026-03-30,"DET @ OKC","Isaiah Hartenstein","b365","First Assist"
2026-03-31,"NYK @ HOU","Reed Sheppard","dk","First Assist"
2026-03-31,"DAL @ MIL","P.J. Washington","b365","First Assist"
2026-04-01,"NYK @ MEM","Jalen Brunson","dk","First Assist"
2026-04-01,"IND @ CHI","Kam Jones","dk","First Assist"
2026-04-02,"PHX @ CHA","Mark Williams","b365","First Assist"
2026-04-03,"IND @ CHA","Moussa Diabaté","dk","First Assist"
2026-04-03,"MIN @ PHI","Adem Bona","b365","First Assist"
2026-04-08,"DAL @ PHX","Mark Williams","b365","First Assist"
2026-04-09,"PHI @ HOU","Andre Drummond","b365","First Assist"
2026-04-10,"BKN @ MIL","Noah Clowney","b365","First Assist"
2026-04-10,"OKC @ DEN","Nikola Jokić","dk","First Assist"
2026-04-10,"MEM @ UTA","John Konchar","dk","First Assist"
2026-04-12,"MEM @ HOU","Lucas Williamson","b365","First Assist"
2026-04-12,"MEM @ HOU","Olivier-Maxence Prosper","b365","First Assist"
2026-04-19,"PHX @ OKC","Mark Williams","b365","First Assist"
2026-04-23,"CLE @ TOR","Immanuel Quickley","dk","First Assist"
2026-04-24,"LAL @ HOU","Josh Okogie","dk","First Assist"
2026-04-26,"BOS @ PHI","Adem Bona","b365","First Assist"
2026-05-02,"PHI @ BOS","Jayson Tatum","mgm","First Assist"
2026-05-02,"PHI @ BOS","Sam Hauser","b365","First Assist"
2026-05-02,"PHI @ BOS","Neemias Queta","b365","First Assist"
2026-05-04,"MIN @ SAS","Anthony Edwards","dk","First Assist"
2026-04-23,"CLE @ TOR","Immanuel Quickley","dk","First Block"
2025-11-19,"SAC @ OKC","Keon Ellis","b365","First Rebound"
2025-11-20,"PHI @ MIL","Gary Trent Jr.","b365","First Rebound"
2025-11-22,"WAS @ CHI","Tre Johnson","b365","First Rebound"
2025-11-29,"BKN @ MIL","Gary Trent Jr.","b365","First Rebound"
2025-11-30,"NOP @ LAL","Micah Peavy","b365","First Rebound"
2025-12-06,"GSW @ CLE","Moses Moody","b365","First Rebound"
2026-01-22,"HOU @ PHI","Dominick Barlow","dk","First Rebound"
2026-01-22,"GSW @ DAL","P.J. Washington","dk","First Rebound"
2026-01-23,"DEN @ MIL","Jonas Valančiūnas","dk","First Rebound"
2026-01-24,"GSW @ MIN","Moses Moody","dk","First Rebound"
2026-01-25,"DAL @ MIL","AJ Green","dk","First Rebound"
2026-01-27,"LAC @ UTA","Kyle Filipowski","dk","First Rebound"
2026-01-29,"OKC @ MIN","Isaiah Hartenstein","dk","First Rebound"
2026-01-31,"MIN @ MEM","Cam Spencer","dk","First Rebound"
2026-02-03,"UTA @ IND","Aaron Nesmith","dk","First Rebound"
2026-02-06,"IND @ MIL","Bobby Portis","dk","First Rebound"
2026-02-06,"NYK @ DET","Karl-Anthony Towns","dk","First Rebound"
2026-02-07,"MEM @ POR","Santi Aldama","dk","First Rebound"
2026-02-09,"SAC @ NOP","Domantas Sabonis","dk","First Rebound"
2026-02-09,"ATL @ MIN","Jock Landale","dk","First Rebound"
2026-02-10,"IND @ NYK","Ivica Zubac","dk","First Rebound"
2026-02-10,"SAS @ LAL","Deandre Ayton","dk","First Rebound"
2026-02-11,"CHI @ BOS","Jaden Ivey","dk","First Rebound"
2026-02-12,"MIL @ OKC","Isaiah Hartenstein","dk","First Rebound"
2026-02-20,"CLE @ CHA","Jaylon Tyson","dk","First Rebound"
2026-02-22,"DAL @ IND","Ben Sheppard","dk","First Rebound"
2026-02-24,"CHA @ CHI","Jalen Smith","dk","First Rebound"
2026-02-26,"WAS @ ATL","Jalen Johnson","dk","First Rebound"
2026-03-01,"MEM @ IND","Andrew Nembhard","b365","First Rebound"
2026-03-03,"OKC @ CHI","Jaylin Williams","dk","First Rebound"
2026-03-05,"NOP @ SAC","DeAndre Jordan","dk","First Rebound"
2026-03-05,"UTA @ WAS","Will Riley","dk","First Rebound"
2026-03-07,"UTA @ MIL","AJ Green","b365","First Rebound"
2026-03-08,"ORL @ MIL","Anthony Black","b365","First Rebound"
2026-03-09,"GSW @ UTA","Pat Spencer","dk","First Rebound"
2026-03-10,"WAS @ MIA","Leaky Black","dk","First Rebound"
2026-03-10,"TOR @ HOU","Jakob Poeltl","dk","First Rebound"
2026-03-13,"MEM @ DET","Jaylen Wells","b365","First Rebound"
2026-03-13,"CHI @ LAC","Guerschon Yabusele","dk","First Rebound"
2026-03-14,"MIL @ ATL","Giannis Antetokounmpo","dk","First Rebound"
2026-03-17,"CLE @ MIL","Ousmane Dieng","dk","First Rebound"
2026-03-18,"OKC @ BKN","Michael Porter Jr.","dk","First Rebound"
2026-03-19,"LAC @ NOP","Darius Garland","b365","First Rebound"
2026-03-19,"MIL @ UTA","Taurean Prince","b365","First Rebound"
2026-03-21,"PHI @ UTA","John Konchar","dk","First Rebound"
2026-03-21,"OKC @ WAS","Sharife Cooper","dk","First Rebound"
2026-03-22,"WAS @ NYK","Alex Sarr","dk","First Rebound"
2026-03-23,"TOR @ UTA","Brandon Ingram","dk","First Rebound"
2026-03-23,"MEM @ ATL","Javon Small","dk","First Rebound"
2026-03-25,"BKN @ GSW","Josh Minott","dk","First Rebound"
2026-03-28,"SAC @ ATL","Dyson Daniels","dk","First Rebound"
2026-03-30,"WAS @ LAL","Alex Sarr","dk","First Rebound"
2026-03-31,"TOR @ DET","Jamal Shead","b365","First Rebound"
2026-04-01,"NYK @ MEM","Jalen Brunson","dk","First Rebound"
2026-04-01,"MIL @ HOU","Ryan Rollins","dk","First Rebound"
2026-04-02,"PHX @ CHA","Mark Williams","b365","First Rebound"
2026-04-03,"UTA @ HOU","Oscar Tshiebwe","dk","First Rebound"
2026-04-03,"BOS @ MIL","Ryan Rollins","dk","First Rebound"
2026-04-03,"CHI @ NYK","Karl-Anthony Towns","dk","First Rebound"
2026-04-05,"PHX @ CHI","Nick Richards","dk","First Rebound"
2026-04-05,"PHX @ CHI","Collin Gillespie","dk","First Rebound"
2026-04-07,"CHI @ WAS","Tre Johnson","dk","First Rebound"
2026-04-08,"ATL @ CLE","Max Strus","dk","First Rebound"
2026-04-09,"CHI @ WAS","Tre Johnson","b365","First Rebound"
2026-04-09,"CHI @ WAS","Bilal Coulibaly","b365","First Rebound"
2026-04-10,"TOR @ NYK","RJ Barrett","dk","First Rebound"
2026-04-10,"MEM @ UTA","Javon Small","dk","First Rebound"
2026-04-10,"MEM @ UTA","John Konchar","dk","First Rebound"
2026-04-25,"OKC @ PHX","Jordan Goodwin","mgm","First Rebound"
2026-04-24,"LAL @ HOU","Josh Okogie","mgm","First Steal"
2025-10-22,"SAC @ PHX","Mark Williams (vs Drew Eubanks)","mgm","Win Tipoff"
2025-10-22,"CLE @ NYK","Jarrett Allen (vs Karl-Anthony Towns)","mgm","Win Tipoff"
2025-10-24,"BOS @ NYK","Neemias Queta (vs Ariel Hukporti)","mgm","Win Tipoff"
2025-10-24,"GSW @ POR","Draymond Green (vs Donovan Clingan)","mgm","Win Tipoff"
2025-10-28,"NYK @ MIL","Myles Turner (vs Ariel Hukporti)","mgm","Win Tipoff"
2025-10-29,"HOU @ TOR","Alperen Sengun (vs Sandro Mamukelashvili)","mgm","Win Tipoff"
2025-10-31,"TOR @ CLE","Jarrett Allen (vs Collin Murray-Boyles)","mgm","Win Tipoff"
2025-11-01,"GSW @ IND","Quinten Post (vs Isaiah Jackson)","mgm","Win Tipoff"
2025-11-04,"CHA @ NOP","Yves Missi (vs Ryan Kalkbrenner)","mgm","Win Tipoff"
2025-11-05,"GSW @ SAC","Quinten Post (vs Domantas Sabonis)","mgm","Win Tipoff"
2025-11-11,"MEM @ NYK","Mitchell Robinson (vs Jaren Jackson Jr.)","mgm","Win Tipoff"
2025-11-12,"CHI @ DET","Nikola Vučević (vs Jalen Duren)","mgm","Win Tipoff"
2025-11-12,"GSW @ SAS","Quinten Post (vs Victor Wembanyama)","mgm","Win Tipoff"
2025-11-14,"PHI @ DET","Andre Drummond (vs Jalen Duren)","mgm","Win Tipoff"
2025-11-16,"GSW @ NOP","Kevon Looney (vs Draymond Green)","mgm","Win Tipoff"
2025-11-19,"WAS @ MIN","Rudy Gobert (vs Alex Sarr)","mgm","Win Tipoff"
2025-11-21,"IND @ CLE","Jarrett Allen (vs Isaiah Jackson)","mgm","Win Tipoff"
2025-11-24,"CLE @ TOR","Jarrett Allen (vs Jakob Poeltl)","mgm","Win Tipoff"
2025-12-02,"OKC @ GSW","Quinten Post (vs Chet Holmgren)","mgm","Win Tipoff"
2025-12-03,"CHA @ NYK","Karl-Anthony Towns (vs Ryan Kalkbrenner)","mgm","Win Tipoff"
2025-12-04,"LAL @ TOR","Deandre Ayton (vs Sandro Mamukelashvili)","mgm","Win Tipoff"
2025-12-07,"ORL @ NYK","Karl-Anthony Towns (vs Wendell Carter Jr.)","mgm","Win Tipoff"
2025-12-14,"GSW @ POR","Draymond Green (vs Donovan Clingan)","mgm","Win Tipoff"
2025-12-29,"GSW @ BKN","Quinten Post (vs Nic Claxton)","mgm","Win Tipoff"
2026-01-04,"DET @ CLE","Jarrett Allen (vs Isaiah Stewart)","mgm","Win Tipoff"
2026-01-07,"NOP @ ATL","Onyeka Okongwu (vs Derik Queen)","mgm","Win Tipoff"
2026-01-10,"CHA @ UTA","Jusuf Nurkić (vs Ryan Kalkbrenner)","mgm","Win Tipoff"
2026-01-11,"SAS @ MIN","Rudy Gobert (vs Luke Kornet)","mgm","Win Tipoff"
2026-01-14,"UTA @ CHI","Nikola Vučević (vs Jusuf Nurkić)","mgm","Win Tipoff"
2026-01-17,"CHA @ GSW","Quinten Post (vs Moussa Diabaté)","mgm","Win Tipoff"
2026-01-17,"MIN @ SAS","Rudy Gobert (vs Victor Wembanyama)","mgm","Win Tipoff"
2026-01-18,"CHA @ DEN","Aaron Gordon (vs Moussa Diabaté)","mgm","Win Tipoff"
2026-01-23,"IND @ OKC","Jay Huff (vs Chet Holmgren)","mgm","Win Tipoff"
2026-01-23,"DEN @ MIL","Aaron Gordon (vs Myles Turner)","mgm","Win Tipoff"
2026-02-05,"UTA @ ATL","Onyeka Okongwu (vs Jusuf Nurkić)","mgm","Win Tipoff"
2026-02-06,"LAC @ SAC","Brook Lopez (vs Domantas Sabonis)","mgm","Win Tipoff"
2026-02-07,"CLE @ SAC","Jarrett Allen (vs Domantas Sabonis)","mgm","Win Tipoff"
2026-02-09,"UTA @ MIA","Bam Adebayo (vs Jusuf Nurkić)","mgm","Win Tipoff"
2026-02-25,"OKC @ DET","Chet Holmgren (vs Jalen Duren)","mgm","Win Tipoff"
2026-03-07,"GSW @ OKC","Al Horford (vs Chet Holmgren)","mgm","Win Tipoff"
2026-03-12,"PHI @ DET","Andre Drummond (vs Jalen Duren)","mgm","Win Tipoff"
2026-03-13,"NOP @ HOU","Zion Williamson (vs Alperen Sengun)","mgm","Win Tipoff"
2026-03-29,"WAS @ POR","Donovan Clingan (vs Tristan Vukcevic)","mgm","Win Tipoff"
2026-03-30,"CHI @ SAS","Nick Richards (vs Victor Wembanyama)","mgm","Win Tipoff"
2026-04-02,"SAS @ LAC","Brook Lopez (vs Victor Wembanyama)","mgm","Win Tipoff"
2026-04-03,"IND @ CHA","Jay Huff (vs Moussa Diabaté)","mgm","Win Tipoff"
2026-04-03,"MIN @ PHI","Rudy Gobert (vs Adem Bona)","mgm","Win Tipoff"
2026-04-08,"MIN @ ORL","Rudy Gobert (vs Wendell Carter Jr.)","mgm","Win Tipoff"
2025-11-02,"ATL @ CLE","Jarrett Allen (vs Kristaps Porziņģis)","mgm","Win Tipoff"
2025-11-07,"GSW @ DEN","Quinten Post (vs Nikola Jokić)","mgm","Win Tipoff"
2025-11-11,"BOS @ PHI","Joel Embiid (vs Neemias Queta)","mgm","Win Tipoff"
2025-11-17,"DAL @ MIN","Rudy Gobert (vs Daniel Gafford)","mgm","Win Tipoff"
2025-11-20,"SAC @ MEM","Zach Edey (vs Domantas Sabonis)","mgm","Win Tipoff"
2025-11-29,"DAL @ LAC","Ivica Zubac (vs Daniel Gafford)","mgm","Win Tipoff"
2025-11-30,"ATL @ PHI","Andre Drummond (vs Onyeka Okongwu)","mgm","Win Tipoff"
2025-11-30,"TOR @ NYK","Jakob Poeltl (vs Karl-Anthony Towns)","mgm","Win Tipoff"
2025-12-07,"POR @ MEM","Zach Edey (vs Donovan Clingan)","mgm","Win Tipoff"
2025-12-23,"MEM @ UTA","Jaren Jackson Jr. (vs Jusuf Nurkić)","mgm","Win Tipoff"
2026-01-04,"NOP @ MIA","Kel'el Ware (vs Derik Queen)","mgm","Win Tipoff"
2026-01-11,"MIL @ DEN","Myles Turner (vs DaRon Holmes II)","mgm","Win Tipoff"
2026-01-13,"MIN @ MIL","Naz Reid (vs Myles Turner)","mgm","Win Tipoff"
2026-01-16,"WAS @ SAC","Alex Sarr (vs Domantas Sabonis)","mgm","Win Tipoff"
2026-01-27,"LAC @ UTA","Kyle Filipowski (vs Ivica Zubac)","mgm","Win Tipoff"
2026-01-28,"MIN @ DAL","Rudy Gobert (vs Dwight Powell)","mgm","Win Tipoff"
2026-02-01,"SAC @ WAS","Alex Sarr (vs Domantas Sabonis)","mgm","Win Tipoff"
2026-02-03,"ATL @ MIA","Bam Adebayo (vs Mouhamed Gueye)","mgm","Win Tipoff"
2026-02-04,"OKC @ SAS","Chet Holmgren (vs Victor Wembanyama)","mgm","Win Tipoff"
2026-02-07,"WAS @ BKN","Alex Sarr (vs Nic Claxton)","mgm","Win Tipoff"
2026-02-11,"LAC @ HOU","Brook Lopez (vs Alperen Sengun)","mgm","Win Tipoff"
2026-03-02,"LAC @ GSW","Brook Lopez (vs Draymond Green)","mgm","Win Tipoff"
2026-03-06,"IND @ LAL","Jay Huff (vs Deandre Ayton)","mgm","Win Tipoff"
2026-03-09,"GSW @ UTA","Kyle Filipowski (vs Draymond Green)","mgm","Win Tipoff"
2026-03-13,"CHI @ LAC","Brook Lopez (vs Matas Buzelis)","mgm","Win Tipoff"
2026-03-23,"IND @ ORL","Jay Huff (vs Wendell Carter Jr.)","mgm","Win Tipoff"
2026-03-25,"LAL @ IND","Jay Huff (vs Deandre Ayton)","mgm","Win Tipoff"
2026-03-30,"WAS @ LAL","Alex Sarr (vs Deandre Ayton)","mgm","Win Tipoff"
2026-04-01,"PHI @ WAS","Alex Sarr (vs Adem Bona)","mgm","Win Tipoff"
2026-04-01,"DEN @ UTA","Kyle Filipowski (vs Nikola Jokić)","mgm","Win Tipoff"
